{"type": "FeatureCollection", "features": [{"type": "Feature", "id": "iho.56", "geometry": {"type": "MultiPolygon", "coordinates": [[[[21.72510476, 57.57596147], [21.75277912, 57.60644559], [21.78045349, 57.63692971], [21.80812785, 57.66741384], [21.83580222, 57.69789796], [21.86347658, 57.72838209], [21.89115095, 57.75886621], [21.91882531, 57.78935033], [21.94649968, 57.81983446], [21.97417405, 57.85031858], [22.00184841, 57.88080271], [22.02952278, 57.91128683], [22.04075015, 57.91650856], [22.04798615, 57.91668642], [22.0499804, 57.91765046], [22.05378151, 57.91570246], [22.05517864, 57.91480863], [22.05567145, 57.91384435], [22.05318666, 57.9069252], [22.05343676, 57.90687132], [22.05542743, 57.90714133], [22.05586576, 57.90748346], [22.06205153, 57.91526437], [22.06875134, 57.91866612], [22.07319975, 57.92448342], [22.07370091, 57.92482412], [22.081622, 57.92753565], [22.08236516, 57.92767096], [22.09147525, 57.92783845], [22.09640884, 57.93005395], [22.1081984, 57.94121265], [22.11071396, 57.94294083], [22.12455714, 57.94874132], [22.1287173, 57.95413864], [22.14190805, 57.95829737], [22.14532852, 57.96185303], [22.1484375, 57.96289063], [22.1484375, 57.96316957], [22.15297866, 57.96546555], [22.15566087, 57.96592653], [22.17291486, 57.96606874], [22.17929125, 57.96892667], [22.18458915, 57.97419083], [22.19489455, 57.97791648], [22.19673622, 57.98052752], [22.20092118, 57.98174334], [22.20123196, 57.98926628], [22.18681455, 58.00495183], [22.18563712, 58.0078125], [22.18580413, 58.0078125], [22.18533325, 58.01126611], [22.18695557, 58.01430452], [22.19377053, 58.02135694], [22.19854355, 58.02471042], [22.1988523, 58.02507222], [22.20437765, 58.03394365], [22.21115184, 58.04000044], [22.22667992, 58.04979396], [22.2271775, 58.05019045], [22.22861636, 58.05253077], [22.22879803, 58.05304587], [22.22782481, 58.05778825], [22.2211374, 58.06414866], [22.22054136, 58.06748545], [22.22448802, 58.06735873], [22.22744441, 58.07184672], [22.23431754, 58.07408285], [22.22981644, 58.07550752], [22.22485042, 58.07087636], [22.22386241, 58.07313633], [22.22974277, 58.07982504], [22.24366915, 58.08419967], [22.24789298, 58.08921135], [22.24489403, 58.09271574], [22.24743593, 58.10364974], [22.25439155, 58.11091304], [22.25383866, 58.11602032], [22.25698137, 58.12404442], [22.26572955, 58.13043284], [22.25946414, 58.13520932], [22.25943255, 58.13853145], [22.25489545, 58.14331853], [22.2551825, 58.14688802], [22.25113392, 58.15011525], [22.25686645, 58.16114151], [22.2563827, 58.17530966], [22.26369524, 58.18359375], [22.26333058, 58.18359375], [22.26975453, 58.18878722], [22.30184221, 58.20480382], [22.32896721, 58.21349931], [22.34488523, 58.21614218], [22.34826005, 58.21760166], [22.37097275, 58.21815944], [22.3762958, 58.22035384], [22.37753093, 58.22035921], [22.38507354, 58.21836555], [22.39113247, 58.21810365], [22.39540982, 58.21300936], [22.39602566, 58.21299124], [22.39662278, 58.21440995], [22.39475787, 58.21604395], [22.39697826, 58.21637046], [22.39645076, 58.21777356], [22.39692354, 58.21786475], [22.41205025, 58.21620655], [22.40491784, 58.21857655], [22.40721774, 58.219823], [22.41977763, 58.21519423], [22.42214406, 58.21635795], [22.42662084, 58.21625495], [22.43291724, 58.21968782], [22.43609154, 58.21916687], [22.4398849, 58.22089756], [22.44375062, 58.21775723], [22.44166851, 58.22161055], [22.44647682, 58.22398424], [22.45190453, 58.22914934], [22.45044255, 58.23086822], [22.45444346, 58.23311174], [22.45353043, 58.23659301], [22.455567, 58.23893702], [22.45805895, 58.23956931], [22.46002722, 58.24266946], [22.46698296, 58.24485004], [22.46978557, 58.2439059], [22.47365332, 58.24753475], [22.47163534, 58.24281406], [22.47426975, 58.2449975], [22.47679222, 58.24467301], [22.47432601, 58.24310923], [22.4757272, 58.24154556], [22.47292471, 58.23788702], [22.47603154, 58.23711514], [22.48250961, 58.23998165], [22.48508096, 58.23843527], [22.48380232, 58.23647356], [22.49207175, 58.23490214], [22.49101913, 58.23077285], [22.49628055, 58.22908235], [22.49158776, 58.22105086], [22.49711525, 58.21861041], [22.5, 58.21958697], [22.50473356, 58.21912301], [22.50471675, 58.21781492], [22.50221896, 58.21695793], [22.50533676, 58.21306884], [22.50763655, 58.21274006], [22.50592005, 58.21735251], [22.50838971, 58.21718121], [22.50858545, 58.21973836], [22.51717627, 58.22656035], [22.52303708, 58.24218476], [22.52773714, 58.24697137], [22.52716625, 58.24921632], [22.53681302, 58.25141156], [22.53987885, 58.24816191], [22.54347408, 58.24864542], [22.54476404, 58.25076807], [22.54705632, 58.2474817], [22.54160392, 58.23923981], [22.53875482, 58.24205101], [22.53666174, 58.24068367], [22.54002452, 58.23573875], [22.54523838, 58.23508871], [22.54504943, 58.23236442], [22.54839444, 58.22923911], [22.54611087, 58.22396362], [22.54716384, 58.22068071], [22.55336273, 58.22567284], [22.55596387, 58.22489893], [22.55572653, 58.22053885], [22.55869555, 58.22109687], [22.57247925, 58.22725987], [22.57982242, 58.23384285], [22.58674026, 58.23462427], [22.59355164, 58.23024726], [22.59316182, 58.22541034], [22.58862782, 58.22192407], [22.59738958, 58.22250724], [22.61611831, 58.23234081], [22.61224675, 58.24790454], [22.62089455, 58.25218105], [22.61393714, 58.2523725], [22.62151635, 58.25390506], [22.6243155, 58.25255227], [22.63174784, 58.25170374], [22.6417886, 58.25183916], [22.64372861, 58.24893045], [22.64627135, 58.24845636], [22.6458708, 58.24590707], [22.65339518, 58.24654901], [22.65212274, 58.2449491], [22.64480412, 58.24474704], [22.64413226, 58.24372935], [22.64748144, 58.24099743], [22.65176165, 58.24021864], [22.65097904, 58.23818076], [22.64699638, 58.23698342], [22.64358985, 58.23966777], [22.63967848, 58.23984301], [22.63613796, 58.23673642], [22.63807702, 58.23020506], [22.64580095, 58.22561455], [22.64560711, 58.22072232], [22.64898574, 58.22143126], [22.65336132, 58.22961426], [22.65307546, 58.23423731], [22.65541697, 58.23550725], [22.66222095, 58.23617804], [22.66034007, 58.23171723], [22.65696895, 58.23094344], [22.65452123, 58.22792423], [22.65714371, 58.22785521], [22.65965152, 58.23065865], [22.66297042, 58.23115945], [22.66700661, 58.22688854], [22.67876518, 58.22393966], [22.68031931, 58.21782362], [22.68657541, 58.2165364], [22.68921936, 58.21437812], [22.69769311, 58.21710491], [22.69785905, 58.21503413], [22.7106899, 58.21123028], [22.71070611, 58.21304476], [22.71753776, 58.21184933], [22.72712421, 58.21488011], [22.73120785, 58.21447051], [22.73629224, 58.21786654], [22.74105644, 58.21848238], [22.74723172, 58.22209144], [22.74527741, 58.22556412], [22.74640524, 58.22842455], [22.74144936, 58.23258352], [22.74032283, 58.24093115], [22.73319054, 58.24067211], [22.72878385, 58.24235475], [22.72740996, 58.24507916], [22.71941304, 58.24869823], [22.71755397, 58.25176108], [22.70167577, 58.26170743], [22.69868767, 58.26889026], [22.70392227, 58.27383566], [22.71398115, 58.27815735], [22.73275495, 58.28016305], [22.73698723, 58.27976751], [22.7430793, 58.27823055], [22.75658345, 58.27099156], [22.77393198, 58.27059531], [22.77609515, 58.27168834], [22.79438686, 58.27200246], [22.79906416, 58.27049005], [22.80676234, 58.27017045], [22.81172705, 58.26543832], [22.81949043, 58.26283693], [22.81940424, 58.26075315], [22.82102001, 58.26030874], [22.82605052, 58.26498115], [22.82519507, 58.2668637], [22.82685137, 58.26812077], [22.8372426, 58.26586437], [22.82886577, 58.2688508], [22.82733762, 58.27160704], [22.82875204, 58.27269435], [22.82584262, 58.27363944], [22.83123577, 58.27799797], [22.82683516, 58.28115237], [22.83182681, 58.29236603], [22.83238816, 58.29271531], [22.83814502, 58.29289925], [22.84280682, 58.29613996], [22.84505641, 58.29689133], [22.8515625, 58.29827011], [22.85479915, 58.29877973], [22.86229706, 58.29887593], [22.86778915, 58.30120873], [22.87485731, 58.30192554], [22.87596261, 58.30324757], [22.88738954, 58.30067742], [22.88928854, 58.29885948], [22.8969686, 58.30067956], [22.90090466, 58.29833615], [22.90633905, 58.30015826], [22.91196716, 58.29968464], [22.91800976, 58.30245531], [22.92658174, 58.30221522], [22.92258775, 58.30495405], [22.92401516, 58.30628657], [22.92209482, 58.30768251], [22.92398298, 58.31018305], [22.92276907, 58.31596053], [22.92705822, 58.31774664], [22.93368113, 58.31619966], [22.93803656, 58.31871164], [22.93576622, 58.32826114], [22.93759668, 58.32917762], [22.94082773, 58.32764626], [22.94301498, 58.32786906], [22.94269085, 58.33305526], [22.93905187, 58.33529258], [22.94585836, 58.33718622], [22.94633615, 58.34695876], [22.94818926, 58.34793532], [22.96318042, 58.34718394], [22.9701128, 58.34864175], [22.97063315, 58.34941232], [22.96552122, 58.35616565], [22.96798956, 58.35867834], [22.96804404, 58.359375], [22.96804082, 58.359375], [22.96718121, 58.36073065], [22.96594095, 58.36120617], [22.94917858, 58.36443961], [22.94710696, 58.36522591], [22.94656396, 58.36590326], [22.94659925, 58.36838055], [22.94931626, 58.37085438], [22.94800925, 58.37393224], [22.95663714, 58.38023341], [22.95429122, 58.38384128], [22.95715535, 58.38345695], [22.95987284, 58.38486195], [22.96720576, 58.38555312], [22.96789253, 58.37981975], [22.97901916, 58.37454796], [22.97661853, 58.37332964], [22.97804213, 58.37120652], [22.97060466, 58.36925423], [22.98145616, 58.37018204], [22.98617375, 58.36476076], [22.99811745, 58.36024952], [23.00252855, 58.36057258], [23.00580323, 58.359375], [23.0083338, 58.35951793], [23.01601946, 58.36108685], [23.01644087, 58.36124325], [23.01520956, 58.36294854], [23.01989424, 58.36554182], [23.02275884, 58.36469364], [23.01968813, 58.36127818], [23.02882135, 58.36195826], [23.03611934, 58.359375], [23.03927755, 58.35789478], [23.0411098, 58.359375], [23.0414381, 58.359375], [23.04191792, 58.36086047], [23.03433394, 58.36440814], [23.03402627, 58.3646239], [23.03353894, 58.36640251], [23.03363705, 58.36703217], [23.03968144, 58.36691272], [23.04222953, 58.36937022], [23.04248107, 58.36986208], [23.04097426, 58.37102556], [23.04366434, 58.3770951], [23.03656912, 58.37837315], [23.03614712, 58.37858725], [23.03570867, 58.37954271], [23.03568625, 58.38405693], [23.03601635, 58.38483524], [23.03709996, 58.38539553], [23.04110706, 58.38507688], [23.04153705, 58.39030015], [23.04190171, 58.39059234], [23.04436326, 58.39174104], [23.05139184, 58.39174211], [23.05343282, 58.39341855], [23.05581296, 58.39236665], [23.05864334, 58.39283371], [23.0607779, 58.39119291], [23.05989134, 58.39270878], [23.06072545, 58.39334095], [23.06175196, 58.39367425], [23.06663907, 58.39408457], [23.06901932, 58.39337564], [23.07215488, 58.38908875], [23.07016814, 58.38701594], [23.06685233, 58.38835013], [23.06594563, 58.38825798], [23.06475675, 58.38631487], [23.05719876, 58.38762903], [23.05442047, 58.38586247], [23.04640186, 58.3859086], [23.05238295, 58.38339996], [23.05241787, 58.38206065], [23.04681671, 58.38230157], [23.04673362, 58.38202524], [23.04847395, 58.38010383], [23.04915225, 58.37949264], [23.05394733, 58.37811482], [23.05517316, 58.37784255], [23.05626154, 58.37793326], [23.05761361, 58.38015974], [23.06194544, 58.38079691], [23.06052291, 58.38268685], [23.06625712, 58.38297153], [23.06770325, 58.38431203], [23.06941354, 58.38376832], [23.06885874, 58.38167715], [23.0698719, 58.38126695], [23.07935202, 58.37991405], [23.08203876, 58.37825036], [23.0827347, 58.37811172], [23.08864033, 58.37868857], [23.08959711, 58.37892962], [23.08788431, 58.38018036], [23.09000051, 58.38068152], [23.09449673, 58.38658047], [23.09186626, 58.38767111], [23.09261227, 58.38942754], [23.08747852, 58.39025581], [23.09384906, 58.39605415], [23.09164536, 58.39972305], [23.09122527, 58.40004826], [23.08936596, 58.40034151], [23.08712566, 58.39958346], [23.09023798, 58.39744365], [23.08575845, 58.39436293], [23.08404565, 58.38994217], [23.08629811, 58.38915718], [23.08617485, 58.38834167], [23.08566511, 58.38782811], [23.07873201, 58.38685894], [23.08207512, 58.38936186], [23.08159125, 58.39318383], [23.08390903, 58.39383042], [23.07447195, 58.39392245], [23.07400262, 58.3952949], [23.07818568, 58.39798975], [23.07179058, 58.40031075], [23.07605076, 58.40103495], [23.06714487, 58.40220761], [23.06700754, 58.40302205], [23.07179177, 58.41587985], [23.07717764, 58.41439354], [23.08055711, 58.41672826], [23.08682954, 58.41562986], [23.08997595, 58.41636145], [23.08992553, 58.41688812], [23.08517015, 58.42047942], [23.08070946, 58.42054915], [23.07624042, 58.41705477], [23.07307947, 58.41749978], [23.07367301, 58.41955304], [23.07259107, 58.41831136], [23.07190931, 58.41806865], [23.07033503, 58.41830528], [23.06971145, 58.41895914], [23.07327461, 58.42084503], [23.07339275, 58.42397118], [23.07525611, 58.42545235], [23.07612968, 58.42589271], [23.08284855, 58.42556763], [23.08642495, 58.42688251], [23.09131157, 58.42361808], [23.0998646, 58.42757988], [23.10416055, 58.42552984], [23.10423231, 58.42674375], [23.10773468, 58.42677975], [23.11056495, 58.42253995], [23.10192084, 58.41782093], [23.10588098, 58.41445947], [23.11131692, 58.41241038], [23.11163306, 58.41252017], [23.1121937, 58.41499341], [23.11625314, 58.41530561], [23.12149966, 58.41859651], [23.12840676, 58.41948104], [23.11918795, 58.42216837], [23.13181984, 58.42677927], [23.13146961, 58.42845786], [23.1275171, 58.43002141], [23.12850785, 58.43195462], [23.14243257, 58.43151557], [23.13364768, 58.43552232], [23.13422751, 58.43933463], [23.13173521, 58.43966246], [23.1310724, 58.43953133], [23.12562871, 58.43762696], [23.12386107, 58.43776262], [23.12153113, 58.43870175], [23.12124336, 58.43911755], [23.12235928, 58.44094622], [23.1311177, 58.44276297], [23.14138556, 58.43892562], [23.14453125, 58.44166672], [23.15412056, 58.44178546], [23.15522301, 58.4399302], [23.15317738, 58.43587565], [23.15699863, 58.43195391], [23.16106927, 58.43119431], [23.16024494, 58.44175017], [23.15088391, 58.44624603], [23.1441735, 58.44802213], [23.14847982, 58.45019805], [23.14102936, 58.45211136], [23.14725566, 58.45537031], [23.13982904, 58.45952463], [23.14254344, 58.4606986], [23.14970446, 58.46095276], [23.14527321, 58.46295595], [23.15252638, 58.46613216], [23.1536448, 58.47094977], [23.15835226, 58.47688043], [23.16426492, 58.47443867], [23.1640383, 58.47167134], [23.16835177, 58.46958351], [23.16676247, 58.46537566], [23.16096663, 58.46238184], [23.16342855, 58.46156228], [23.16954684, 58.46248734], [23.17206073, 58.45452404], [23.17067528, 58.45129406], [23.17093205, 58.45111763], [23.17616892, 58.45051277], [23.17867255, 58.44895244], [23.18820334, 58.45504904], [23.19377995, 58.45610857], [23.19854116, 58.45550477], [23.20107532, 58.45347917], [23.20093584, 58.45235205], [23.20066142, 58.45175064], [23.19748116, 58.45129716], [23.19768715, 58.44810927], [23.19579875, 58.44714952], [23.19873381, 58.44258845], [23.19786286, 58.43998885], [23.19860196, 58.43890953], [23.19971073, 58.43868256], [23.20229435, 58.43903291], [23.203125, 58.43973207], [23.203125, 58.44056904], [23.20585752, 58.44294965], [23.20809281, 58.44422007], [23.21051991, 58.4439007], [23.20985258, 58.44156933], [23.21530175, 58.43485534], [23.21476841, 58.43266904], [23.21784103, 58.43108404], [23.22143412, 58.43100476], [23.22692883, 58.43428707], [23.23046446, 58.43182254], [23.23460162, 58.4314692], [23.23281646, 58.42886555], [23.23784077, 58.43017995], [23.2469573, 58.4274255], [23.25413466, 58.42828476], [23.25939512, 58.43420625], [23.25928462, 58.43473518], [23.25629783, 58.4375993], [23.24781954, 58.44020426], [23.24801743, 58.44100797], [23.25240135, 58.44023883], [23.25232804, 58.44135654], [23.24618423, 58.44240618], [23.24494684, 58.44016302], [23.24115014, 58.43950975], [23.24007225, 58.44394958], [23.23296225, 58.44376385], [23.23265982, 58.44652987], [23.22017252, 58.45061874], [23.22126544, 58.45632327], [23.22476602, 58.45827341], [23.22861862, 58.45674193], [23.22994065, 58.45458245], [23.23048341, 58.45459592], [23.23452353, 58.457762], [23.23615742, 58.45846605], [23.23841012, 58.45869184], [23.24001813, 58.45856845], [23.24378622, 58.45641136], [23.25434935, 58.45783484], [23.26338124, 58.45582795], [23.26476276, 58.45514882], [23.26520705, 58.45334923], [23.26127458, 58.45179606], [23.26023436, 58.45022201], [23.26096797, 58.45002496], [23.26322222, 58.45041835], [23.27191567, 58.45503724], [23.27442646, 58.45231128], [23.27962637, 58.45076716], [23.2812674, 58.44826376], [23.28460574, 58.4476068], [23.28857434, 58.45080686], [23.29460073, 58.45108294], [23.29538584, 58.45524275], [23.30476725, 58.45806932], [23.30431426, 58.45353842], [23.29945958, 58.45084584], [23.30303657, 58.44727695], [23.30103314, 58.44624805], [23.3024075, 58.44214976], [23.29654574, 58.44100785], [23.29631913, 58.44071102], [23.29633856, 58.43654644], [23.29939401, 58.42817485], [23.30480623, 58.42993224], [23.30889535, 58.42927837], [23.30917621, 58.42953825], [23.31103694, 58.43432212], [23.31141758, 58.44521511], [23.31775677, 58.44721174], [23.32430744, 58.44625783], [23.32420528, 58.45237446], [23.32670236, 58.45374584], [23.31898797, 58.45909786], [23.3032999, 58.46081007], [23.30212355, 58.46348321], [23.30464625, 58.46739793], [23.30051637, 58.46725345], [23.29966676, 58.46793783], [23.29956865, 58.46896505], [23.30179036, 58.47138786], [23.29960823, 58.47304344], [23.30177188, 58.47702026], [23.30154145, 58.47725284], [23.2946496, 58.47670376], [23.29532945, 58.47464216], [23.28665566, 58.47761095], [23.28597367, 58.47886145], [23.28926814, 58.48030734], [23.29058266, 58.48227537], [23.29035163, 58.48323727], [23.28944504, 58.48381305], [23.28689563, 58.48458695], [23.27864325, 58.48424614], [23.27327561, 58.48560023], [23.27247655, 58.48586404], [23.27135754, 58.48728406], [23.27243078, 58.4898802], [23.27159655, 58.4903295], [23.26808143, 58.49129856], [23.25921774, 58.49182272], [23.25465274, 58.49466217], [23.25395715, 58.49479485], [23.23939896, 58.49488795], [23.23185241, 58.49750602], [23.21874476, 58.49882615], [23.21482432, 58.50231421], [23.21039653, 58.50373745], [23.20952487, 58.5065366], [23.20450306, 58.50625694], [23.20398974, 58.50788796], [23.203125, 58.5078125], [23.203125, 58.50809145], [23.20125175, 58.50804305], [23.19817901, 58.51076984], [23.19121647, 58.50898147], [23.18044937, 58.50921476], [23.17993546, 58.50934112], [23.17911673, 58.51055527], [23.18340898, 58.51308203], [23.17971492, 58.51390207], [23.17762816, 58.51377761], [23.17379916, 58.51319945], [23.17149293, 58.51169014], [23.16794085, 58.51348126], [23.16646755, 58.51328135], [23.16540372, 58.51248121], [23.16587198, 58.51149404], [23.16900647, 58.51031792], [23.15839314, 58.50847507], [23.15764642, 58.5087167], [23.15820563, 58.50986636], [23.15480137, 58.51110852], [23.15850258, 58.51296747], [23.15415561, 58.51445961], [23.15005016, 58.51370525], [23.14996958, 58.51594293], [23.14543796, 58.51838911], [23.14152348, 58.51895726], [23.13094533, 58.52954233], [23.12887835, 58.52607357], [23.13222003, 58.52332652], [23.12801802, 58.52263582], [23.12765145, 58.52276051], [23.12631273, 58.52869093], [23.11943197, 58.53121305], [23.1194787, 58.53193033], [23.12198591, 58.53255475], [23.12760901, 58.53044343], [23.12815726, 58.53074765], [23.12963355, 58.53243685], [23.12768126, 58.53354037], [23.12968314, 58.53412342], [23.12972772, 58.53515625], [23.1293931, 58.53515625], [23.12807095, 58.53744864], [23.12866485, 58.53958714], [23.12906826, 58.53966582], [23.13558614, 58.53739953], [23.13627446, 58.53777182], [23.13641405, 58.53844035], [23.12682664, 58.54432881], [23.12669194, 58.54634452], [23.12868321, 58.54702342], [23.13207841, 58.54496241], [23.13449013, 58.54512024], [23.14061117, 58.55058992], [23.14470506, 58.5514847], [23.14403236, 58.5529505], [23.14639592, 58.55357564], [23.15020704, 58.55233884], [23.15001225, 58.55755794], [23.16445816, 58.56778193], [23.16682386, 58.56858885], [23.16795504, 58.56868124], [23.17748547, 58.56260347], [23.17621386, 58.55831921], [23.17680037, 58.55735087], [23.18286693, 58.55088568], [23.18885076, 58.54836547], [23.19385707, 58.54382527], [23.19605005, 58.54372954], [23.19643486, 58.54640436], [23.19901872, 58.54795384], [23.19979, 58.54796958], [23.203125, 58.54547977], [23.20654476, 58.54239762], [23.21484745, 58.54297972], [23.21089005, 58.54020643], [23.21030664, 58.53747904], [23.21524215, 58.53781056], [23.21666968, 58.54053271], [23.21861827, 58.54054987], [23.21938241, 58.5384047], [23.21727586, 58.536134], [23.21748531, 58.53515625], [23.21887004, 58.52546453], [23.22021484, 58.52477205], [23.22367406, 58.52521574], [23.22705471, 58.52404821], [23.23016655, 58.52779233], [23.23225176, 58.52841902], [23.23282325, 58.52804065], [23.23240936, 58.52320302], [23.22947764, 58.52294612], [23.23209643, 58.52100945], [23.22790086, 58.51970422], [23.22828937, 58.51905465], [23.23055875, 58.51875472], [23.23424685, 58.51915586], [23.23577285, 58.52225018], [23.24127412, 58.5236907], [23.24177778, 58.52883875], [23.23982132, 58.53045404], [23.24537742, 58.53236234], [23.24461043, 58.53515625], [23.24479961, 58.53515625], [23.24430525, 58.53722286], [23.24894547, 58.53925645], [23.25441682, 58.53515625], [23.25471592, 58.53515625], [23.25481665, 58.53503001], [23.24724126, 58.53183472], [23.25135708, 58.53072405], [23.24999201, 58.52822554], [23.2511307, 58.52265096], [23.25434828, 58.51959467], [23.25909627, 58.51898432], [23.26169884, 58.52208066], [23.26635981, 58.52253318], [23.26869655, 58.5282104], [23.2730602, 58.52981627], [23.27327967, 58.53023315], [23.27205718, 58.53257954], [23.26801252, 58.53515625], [23.26777387, 58.53515625], [23.26754606, 58.53530025], [23.27016127, 58.53791368], [23.26965594, 58.53806734], [23.26579177, 58.53666675], [23.26485896, 58.53674316], [23.25369537, 58.53935885], [23.25340474, 58.53957522], [23.25241935, 58.54222393], [23.25476444, 58.54646385], [23.25514472, 58.54675531], [23.26233196, 58.54939735], [23.27773035, 58.54748213], [23.28294897, 58.54339373], [23.28184736, 58.54100394], [23.28618753, 58.53986681], [23.28770924, 58.53881812], [23.28851485, 58.53790152], [23.28792644, 58.53600812], [23.28967977, 58.53515625], [23.29035068, 58.53515625], [23.29251325, 58.5343523], [23.29354203, 58.53515625], [23.29341996, 58.53515625], [23.29496944, 58.53892934], [23.29438937, 58.54291368], [23.29467988, 58.54360545], [23.29779875, 58.54664385], [23.30101013, 58.54620016], [23.30543232, 58.54451573], [23.30213141, 58.53787124], [23.30250275, 58.53515625], [23.30258358, 58.53515625], [23.30503154, 58.53244925], [23.31156921, 58.53462994], [23.31162524, 58.53515625], [23.31081104, 58.53584635], [23.31088352, 58.53653204], [23.31510925, 58.53756774], [23.31438684, 58.5388298], [23.32003474, 58.54689217], [23.32034075, 58.55191791], [23.32128215, 58.55350685], [23.32193112, 58.55370045], [23.32348502, 58.55351436], [23.32468021, 58.55237627], [23.32480514, 58.54724216], [23.32748353, 58.54738092], [23.32928443, 58.54919136], [23.33153987, 58.54809773], [23.33107674, 58.54588616], [23.33549666, 58.53855073], [23.33343184, 58.53515625], [23.33347535, 58.53470075], [23.33632255, 58.53301764], [23.33683693, 58.53282237], [23.34001327, 58.53459573], [23.34500575, 58.53451383], [23.34985697, 58.53211272], [23.35294247, 58.53295565], [23.3631165, 58.53249538], [23.36352622, 58.53222394], [23.36121655, 58.52114165], [23.35148144, 58.51590872], [23.35403633, 58.51193702], [23.35126626, 58.50901961], [23.35898936, 58.50973082], [23.36314142, 58.50731635], [23.37881374, 58.51053023], [23.38003612, 58.51053238], [23.38642192, 58.50861502], [23.39155912, 58.51155806], [23.3850733, 58.51431155], [23.38169241, 58.51744366], [23.37328291, 58.5154978], [23.3728075, 58.51556134], [23.37237406, 58.5163815], [23.3753829, 58.52176964], [23.37553525, 58.52273011], [23.37348342, 58.52478194], [23.37638974, 58.53080118], [23.37710106, 58.53167081], [23.38449085, 58.53515625], [23.38478422, 58.53515625], [23.38644314, 58.53585303], [23.39739704, 58.53828585], [23.39967024, 58.53947306], [23.40556407, 58.54648733], [23.40601957, 58.55063927], [23.40422571, 58.55301511], [23.40358984, 58.55366015], [23.39794254, 58.55557752], [23.39302182, 58.55928493], [23.39431846, 58.56102335], [23.39220357, 58.56294835], [23.39339471, 58.57124746], [23.39194071, 58.57204115], [23.39703023, 58.57346487], [23.39098632, 58.57380652], [23.36958456, 58.59130275], [23.35977411, 58.59747398], [23.35458672, 58.60730755], [23.34812725, 58.60836184], [23.34589696, 58.61062944], [23.34891856, 58.61208296], [23.34466863, 58.61396778], [23.34471166, 58.61760604], [23.35367095, 58.62245166], [23.35869694, 58.62290204], [23.36105847, 58.62369561], [23.36195195, 58.62481606], [23.36335564, 58.62829554], [23.36327386, 58.63602853], [23.35908103, 58.64076543], [23.35690057, 58.64273965], [23.34556842, 58.64765334], [23.33496094, 58.6497035], [23.32205641, 58.6502403], [23.30265665, 58.65595674], [23.29401875, 58.65580785], [23.28705442, 58.66099155], [23.24613345, 58.67073035], [23.24131691, 58.67075276], [23.23489714, 58.67418742], [23.21774542, 58.67696464], [23.20730603, 58.67935634], [23.203125, 58.68080354], [23.20119202, 58.68219233], [23.19695413, 58.6823858], [23.19177473, 58.6836822], [23.17836952, 58.67875516], [23.17247927, 58.6789515], [23.17034841, 58.67737114], [23.16120148, 58.67582858], [23.15596831, 58.67774773], [23.15424335, 58.68091166], [23.14322448, 58.67628014], [23.14688206, 58.67534864], [23.14107025, 58.67227626], [23.1401031, 58.66476941], [23.13531935, 58.66147637], [23.13940835, 58.65566731], [23.13579011, 58.65331876], [23.14150906, 58.6479001], [23.13764751, 58.64551043], [23.13995087, 58.64285088], [23.13886964, 58.64048815], [23.14589858, 58.63537586], [23.14741993, 58.63243616], [23.14637744, 58.62766635], [23.14270914, 58.62520611], [23.13340294, 58.62186718], [23.12346184, 58.62086213], [23.10029125, 58.62689388], [23.09482396, 58.62692678], [23.09231317, 58.62482166], [23.08287108, 58.6221472], [23.07843852, 58.61925447], [23.06638944, 58.62011552], [23.06679785, 58.61859918], [23.07061231, 58.6178236], [23.07759285, 58.61335278], [23.07750893, 58.61035073], [23.07209611, 58.60559785], [23.06884384, 58.59994471], [23.07484174, 58.59711087], [23.07542968, 58.59249425], [23.08418536, 58.58659005], [23.09789824, 58.58386886], [23.09820044, 58.5820508], [23.10332263, 58.58300924], [23.11471486, 58.57986641], [23.12428474, 58.57451355], [23.12959278, 58.57372475], [23.13449025, 58.57362497], [23.13765526, 58.57518184], [23.14746344, 58.57468343], [23.15008152, 58.57577443], [23.14644146, 58.57658732], [23.14658904, 58.57796705], [23.14392757, 58.57883334], [23.14563823, 58.57919622], [23.15331244, 58.57680035], [23.16301763, 58.57034683], [23.1636126, 58.56900513], [23.13660777, 58.55030525], [23.12624073, 58.55566967], [23.107481, 58.55875957], [23.09913921, 58.55613935], [23.09647417, 58.55656886], [23.08667135, 58.56117904], [23.09136593, 58.56207216], [23.09128284, 58.56317365], [23.07806802, 58.56139421], [23.07149816, 58.56225181], [23.06722891, 58.56427884], [23.06713736, 58.56578922], [23.06094825, 58.56622303], [23.06188715, 58.56905794], [23.05920446, 58.57297385], [23.05210447, 58.57349896], [23.04865634, 58.57570171], [23.04248583, 58.57702577], [23.03229213, 58.57683265], [23.02669966, 58.58470047], [23.01585257, 58.59232652], [22.99674904, 58.59930027], [22.97578466, 58.60323656], [22.971385, 58.60731876], [22.95884097, 58.60865796], [22.95676672, 58.6106317], [22.95901215, 58.61303794], [22.95657706, 58.61436844], [22.94281054, 58.61685765], [22.91650903, 58.61445928], [22.89887965, 58.61542881], [22.89270925, 58.62049258], [22.87481964, 58.62549841], [22.87183106, 58.62294745], [22.8515625, 58.61662936], [22.84808946, 58.61554325], [22.83967555, 58.61613703], [22.79947674, 58.62536287], [22.79657185, 58.62362742], [22.78655255, 58.62152517], [22.77274704, 58.61156404], [22.77370191, 58.60248995], [22.77259564, 58.60018074], [22.7631675, 58.58892906], [22.76249206, 58.58473372], [22.75307918, 58.57524705], [22.74653077, 58.57407105], [22.74553406, 58.57405925], [22.73901761, 58.57656658], [22.72986913, 58.57763398], [22.72795296, 58.57942355], [22.71942782, 58.58131182], [22.71980882, 58.58463716], [22.71485245, 58.58633745], [22.71471012, 58.59003115], [22.7200067, 58.59233093], [22.70978236, 58.59350061], [22.70893466, 58.59584355], [22.70308304, 58.59798765], [22.69531977, 58.59816992], [22.69333422, 58.60077667], [22.68631017, 58.59880412], [22.68473983, 58.59726834], [22.68511915, 58.59555125], [22.6911242, 58.59473813], [22.69132531, 58.59052944], [22.68270636, 58.59034681], [22.6819452, 58.58884346], [22.68634617, 58.58666945], [22.68030155, 58.58448923], [22.67397392, 58.5800817], [22.65191174, 58.57793045], [22.64062715, 58.57861185], [22.63913941, 58.57889378], [22.62796116, 58.58168173], [22.62350762, 58.58443332], [22.60811174, 58.60101628], [22.59271586, 58.61759925], [22.57552004, 58.63360703], [22.56938243, 58.63641846], [22.56563594, 58.63721559], [22.57552223, 58.66276234], [22.58540852, 58.68830908], [22.58578551, 58.68834054], [22.59542453, 58.69192827], [22.60409653, 58.69147897], [22.62237525, 58.69384074], [22.63980842, 58.69230998], [22.6445173, 58.69443727], [22.64997792, 58.69454956], [22.66207612, 58.69824445], [22.66621792, 58.69727135], [22.66650605, 58.69741261], [22.67100465, 58.71093285], [22.67148066, 58.7109375], [22.67637432, 58.71500456], [22.67640924, 58.71748197], [22.68162751, 58.72228885], [22.68112695, 58.72506714], [22.69084954, 58.73313618], [22.70038736, 58.74620545], [22.71429348, 58.75863075], [22.71535695, 58.76417601], [22.72801125, 58.77105558], [22.728109, 58.77355361], [22.72283244, 58.77479947], [22.71220565, 58.77467787], [22.70869505, 58.77602208], [22.71109915, 58.77735615], [22.71085691, 58.78003764], [22.71403718, 58.78384995], [22.72120047, 58.78426611], [22.72564363, 58.78858745], [22.72102964, 58.79009783], [22.72122705, 58.79610455], [22.72697771, 58.79922056], [22.72964263, 58.79830897], [22.73498666, 58.79924071], [22.73334324, 58.80622041], [22.73394406, 58.80643213], [22.7439872, 58.80228841], [22.75792754, 58.79130042], [22.75882924, 58.79092801], [22.76096761, 58.79101753], [22.76353955, 58.79384232], [22.76930153, 58.79168725], [22.77074277, 58.78883398], [22.77363944, 58.78797615], [22.77270377, 58.78704906], [22.78003311, 58.78216565], [22.77863324, 58.78038573], [22.78903031, 58.77819633], [22.78914034, 58.77263534], [22.79598951, 58.77316403], [22.79852986, 58.77122927], [22.80020034, 58.77333617], [22.80349815, 58.77377307], [22.80791295, 58.77215505], [22.80779016, 58.77418232], [22.80517316, 58.77436435], [22.80610621, 58.77556407], [22.80866778, 58.77676225], [22.8148663, 58.77675104], [22.81005895, 58.76957464], [22.80528116, 58.76972246], [22.80751264, 58.7679857], [22.81084895, 58.76773691], [22.80900955, 58.76524651], [22.80824614, 58.76457393], [22.80361176, 58.76204455], [22.79476178, 58.75989914], [22.79492295, 58.75932777], [22.79569495, 58.75926185], [22.80254257, 58.76062608], [22.82065928, 58.76819754], [22.81933141, 58.77334726], [22.83339953, 58.78544354], [22.83737075, 58.78536916], [22.83725297, 58.78247726], [22.84328258, 58.78072715], [22.84647501, 58.78017151], [22.8515625, 58.78125], [22.8515625, 58.78208697], [22.84537244, 58.78448927], [22.84523916, 58.78495026], [22.84661925, 58.78764236], [22.84714484, 58.78813636], [22.85078824, 58.78933692], [22.85159445, 58.78933692], [22.85321414, 58.7902987], [22.85732424, 58.78984976], [22.85996318, 58.79152358], [22.86136258, 58.7902081], [22.86574173, 58.79088867], [22.86682451, 58.79034865], [22.86488032, 58.78705871], [22.86519384, 58.78688133], [22.86963153, 58.78808832], [22.86975777, 58.78770781], [22.86727166, 58.78464532], [22.87339222, 58.78491557], [22.87410116, 58.78520966], [22.87457895, 58.78661871], [22.87203562, 58.79139984], [22.87220132, 58.7919594], [22.87605858, 58.79339921], [22.87208533, 58.79534161], [22.87227333, 58.79563427], [22.87450087, 58.7959764], [22.88035917, 58.7944473], [22.88081765, 58.79475546], [22.8801285, 58.79677665], [22.87991273, 58.79700875], [22.87694216, 58.79710305], [22.87611485, 58.79876328], [22.87273526, 58.79711056], [22.86871874, 58.79830241], [22.87284565, 58.79919171], [22.86516583, 58.80371034], [22.86570644, 58.80928516], [22.87786722, 58.81659818], [22.88708377, 58.81822574], [22.88910782, 58.82048416], [22.88405526, 58.82233727], [22.87679756, 58.82061422], [22.8744719, 58.82272375], [22.89005935, 58.82547951], [22.89700735, 58.82849491], [22.90367711, 58.82977665], [22.90520906, 58.82816184], [22.90438366, 58.82310855], [22.90668285, 58.82023704], [22.91838086, 58.82100666], [22.92081034, 58.83540261], [22.91916823, 58.83742034], [22.91143787, 58.83884811], [22.9101901, 58.84154105], [22.91384411, 58.84552515], [22.91969705, 58.84633636], [22.92005396, 58.84662187], [22.92209256, 58.85147035], [22.92488086, 58.85291517], [22.92753685, 58.85343874], [22.92906225, 58.85321546], [22.93484128, 58.85075295], [22.93086255, 58.84760106], [22.92718852, 58.84680724], [22.92602336, 58.84419918], [22.92794454, 58.83802438], [22.92643154, 58.83621252], [22.9309653, 58.83127475], [22.95612454, 58.82586765], [22.95596981, 58.83023155], [22.95134497, 58.83547056], [22.94357586, 58.83997965], [22.94300747, 58.84819305], [22.94809103, 58.84654605], [22.95393991, 58.84656501], [22.96091604, 58.84874535], [22.97231615, 58.84845722], [22.98457301, 58.84509206], [22.99787796, 58.83769107], [23.00232077, 58.83729637], [23.00795615, 58.83954144], [23.01418746, 58.84533644], [23.01971746, 58.84616947], [23.02142215, 58.84551573], [23.01987064, 58.84125471], [23.02404225, 58.83891416], [23.02377462, 58.82758582], [23.02597415, 58.82515705], [23.02985275, 58.82405734], [23.03401518, 58.82655013], [23.05096066, 58.82898664], [23.05387366, 58.83105957], [23.05783427, 58.83120012], [23.06511736, 58.83709717], [23.06846654, 58.83709061], [23.06917346, 58.83781064], [23.06916738, 58.83821762], [23.04627323, 58.85818636], [23.04588103, 58.86015761], [23.05078602, 58.86090755], [23.04827261, 58.86395085], [23.05085862, 58.86720324], [23.04311264, 58.86669803], [23.03864455, 58.87116635], [23.03247583, 58.87273741], [23.02942467, 58.87652492], [23.02612555, 58.87631691], [23.02454126, 58.87744415], [23.02216232, 58.88165236], [23.02618217, 58.88196325], [23.02891791, 58.88320422], [23.02990568, 58.88433886], [23.02841878, 58.88671875], [23.02764583, 58.8867141], [23.02265203, 58.89079392], [23.02372396, 58.89525735], [23.02132487, 58.89802372], [23.02098227, 58.89831567], [23.00107205, 58.90946984], [23.0008558, 58.91167855], [22.99771297, 58.91390824], [22.99714315, 58.91419208], [22.98779643, 58.91419041], [22.97440886, 58.91743553], [22.97207928, 58.91866493], [22.97107387, 58.91974056], [22.96706605, 58.92636502], [22.9503777, 58.93840957], [22.94114923, 58.94213653], [22.94283283, 58.94770718], [22.93879271, 58.94963706], [22.93938112, 58.95276105], [22.95180702, 58.9539237], [22.9548527, 58.95080996], [22.95718265, 58.95154822], [22.95500457, 58.95410955], [22.95579386, 58.95784736], [22.9375143, 58.96447957], [22.9338485, 58.97026968], [22.9297266, 58.97148395], [22.93955815, 58.98009574], [22.94011235, 58.98281407], [22.9362092, 58.98287523], [22.91861105, 58.97544646], [22.91518521, 58.9753139], [22.90883374, 58.97628808], [22.90318096, 58.97877932], [22.90427077, 58.98319781], [22.90191495, 58.9833343], [22.90002775, 58.97937286], [22.89287794, 58.98544395], [22.89052308, 58.98452687], [22.89411986, 58.97974575], [22.88919163, 58.97723782], [22.88843036, 58.97511113], [22.88801825, 58.97517455], [22.88118541, 58.98121941], [22.88069093, 58.98148155], [22.87400746, 58.98261166], [22.87379384, 58.98884034], [22.86242604, 58.99430084], [22.86123967, 58.99649274], [22.8515625, 58.99804676], [22.84912443, 58.99872136], [22.84228647, 59.00232804], [22.8381139, 59.00213432], [22.83507311, 59.00116682], [22.83468676, 59.00059617], [22.83424652, 58.99912596], [22.83653092, 58.99599993], [22.83390546, 58.99463892], [22.82144594, 58.99880457], [22.81942046, 59.00053465], [22.81531405, 58.99783492], [22.80340254, 58.99814892], [22.79131925, 59.00087631], [22.78669548, 58.99953973], [22.78117073, 59.00231767], [22.76331985, 59.00462985], [22.75525296, 59.0067209], [22.75121641, 59.00916195], [22.74349296, 59.00662065], [22.73333657, 59.00538135], [22.72007358, 59.00597775], [22.71345556, 59.00719023], [22.70740676, 59.00911927], [22.69933283, 59.01352692], [22.69301724, 59.01931846], [22.69260144, 59.01993215], [22.69251728, 59.02159286], [22.69535565, 59.02470481], [22.69230103, 59.02603078], [22.69114566, 59.03666973], [22.68478096, 59.04572904], [22.68432307, 59.05249226], [22.68738461, 59.0625], [22.68717444, 59.0625], [22.68723714, 59.06266224], [22.69427192, 59.06817853], [22.69873011, 59.06769061], [22.70181131, 59.06552625], [22.70389342, 59.06642854], [22.70377135, 59.06696701], [22.69894373, 59.06897533], [22.69550204, 59.07282662], [22.67337346, 59.07954502], [22.65985012, 59.08599508], [22.65647733, 59.08685768], [22.65096927, 59.0867542], [22.64850426, 59.08540416], [22.62338495, 59.08094037], [22.61513984, 59.08098495], [22.60196805, 59.08853734], [22.59297764, 59.08823764], [22.58791983, 59.08912957], [22.58733217, 59.09155106], [22.63132809, 59.09742105], [22.67532401, 59.10329104], [22.71931992, 59.10916102], [22.76331584, 59.11503101], [22.80731176, 59.120901], [22.85130767, 59.12677099], [22.89530359, 59.13264098], [22.93929951, 59.13851097], [22.98329542, 59.14438096], [23.02729134, 59.15025095], [23.07128726, 59.15612094], [23.11528317, 59.16199093], [23.15927909, 59.16786092], [23.203275, 59.17373091], [23.24727092, 59.1796009], [23.29126684, 59.18547089], [23.33526275, 59.19134088], [23.37925867, 59.19721087], [23.42325459, 59.20308086], [23.4672505, 59.20895085], [23.51124642, 59.21482084], [23.51115143, 59.21466243], [23.50549424, 59.20956278], [23.50072563, 59.20865333], [23.49148917, 59.20958042], [23.48855627, 59.20824897], [23.48592496, 59.19155025], [23.48703158, 59.18266594], [23.48999584, 59.17677271], [23.49454093, 59.17261493], [23.50725508, 59.16927075], [23.51385713, 59.16218185], [23.51305246, 59.15937531], [23.51656544, 59.15261352], [23.51605058, 59.14323544], [23.51995242, 59.13753247], [23.52735662, 59.13494265], [23.52941, 59.13285446], [23.52930665, 59.1289103], [23.52568114, 59.12483346], [23.52544284, 59.11593413], [23.5296787, 59.11197877], [23.52978826, 59.10756993], [23.54160774, 59.09470534], [23.54160726, 59.09165907], [23.53537774, 59.08811426], [23.53207803, 59.08910215], [23.52976048, 59.09168732], [23.52638924, 59.09123135], [23.51249361, 59.09631431], [23.50663972, 59.09505784], [23.50466955, 59.08968616], [23.49729586, 59.0853883], [23.48581433, 59.08219683], [23.48662806, 59.07665813], [23.48153913, 59.07657373], [23.47791874, 59.07310271], [23.47196805, 59.07313216], [23.46379566, 59.07502615], [23.44592786, 59.0742588], [23.43540394, 59.07743442], [23.43167186, 59.07176578], [23.4316982, 59.06576586], [23.42881942, 59.0625], [23.42885935, 59.0625], [23.43420255, 59.05532002], [23.43420255, 59.05179632], [23.42954242, 59.04609072], [23.43147266, 59.04374588], [23.42781401, 59.04207587], [23.42733335, 59.04041576], [23.434062, 59.03853476], [23.44246864, 59.03842807], [23.44307125, 59.03821981], [23.44600952, 59.03531766], [23.44707978, 59.03356016], [23.44565463, 59.03167021], [23.44984913, 59.02917874], [23.44237852, 59.02683532], [23.44192183, 59.02344596], [23.44497335, 59.02055001], [23.44483614, 59.02012885], [23.44361103, 59.01985073], [23.42273223, 59.02346444], [23.41234636, 59.02916193], [23.40941095, 59.02899885], [23.4038012, 59.02558994], [23.40945208, 59.02161193], [23.41298652, 59.014521], [23.41865385, 59.00906897], [23.42654514, 59.00569272], [23.42694461, 59.00377047], [23.42377806, 59.00255156], [23.42889512, 59.00080645], [23.42981994, 58.99844742], [23.4338752, 58.99595141], [23.44027925, 58.99355102], [23.43858004, 58.99204803], [23.44155943, 58.99049854], [23.44665301, 58.99032807], [23.44250846, 58.98897874], [23.45093274, 58.98726738], [23.45457745, 58.98413503], [23.46566296, 58.98121095], [23.46661377, 58.98004746], [23.47564447, 58.97848725], [23.47961152, 58.97649491], [23.49995112, 58.98064804], [23.50364995, 58.98301244], [23.50660014, 58.98245931], [23.50936461, 58.98332012], [23.52153945, 58.97575557], [23.53269207, 58.97229481], [23.53857565, 58.9717375], [23.53974128, 58.97381258], [23.54498518, 58.97246587], [23.54649258, 58.96862507], [23.54400194, 58.96713555], [23.54620707, 58.96322715], [23.54704916, 58.96300471], [23.55134284, 58.96350956], [23.55231166, 58.96380734], [23.55331957, 58.96577382], [23.5546875, 58.96568084], [23.55708802, 58.96560895], [23.55984247, 58.9677577], [23.57116103, 58.96896875], [23.5733211, 58.96948624], [23.57444096, 58.97026825], [23.57469881, 58.97077405], [23.57464135, 58.97127497], [23.57202125, 58.97135305], [23.57557797, 58.97473991], [23.57547486, 58.97680187], [23.57236814, 58.97649753], [23.57188547, 58.97796452], [23.56927025, 58.97860455], [23.56887662, 58.9825325], [23.57237005, 58.98961318], [23.57186222, 59.00063467], [23.56867111, 59.00426567], [23.57196856, 59.00627792], [23.57378674, 59.00695682], [23.58370161, 59.00681555], [23.58128452, 59.00423825], [23.58325684, 59.00093555], [23.58550477, 58.99819207], [23.59047651, 58.99623823], [23.59117174, 58.99610317], [23.59475708, 58.99778914], [23.59584725, 59.00138462], [23.59641266, 59.00165832], [23.59776211, 59.00153244], [23.60010707, 59.00012386], [23.60156953, 58.99805486], [23.60384333, 58.99076283], [23.61025393, 58.98867023], [23.61900032, 58.97848225], [23.61940777, 58.97826541], [23.62105024, 58.97799075], [23.62498474, 58.97772777], [23.62595296, 58.97826207], [23.62758136, 58.98037171], [23.62781715, 58.98158217], [23.62590373, 58.98422623], [23.62364376, 58.98488247], [23.62672901, 58.98582447], [23.62756157, 58.98771536], [23.6274451, 58.98827136], [23.62665606, 58.9885354], [23.62172091, 58.98820806], [23.62044334, 58.99104142], [23.61656356, 58.99149644], [23.61679137, 58.99344313], [23.61223626, 58.99665427], [23.61730623, 58.99682212], [23.61143994, 59.00242031], [23.61471093, 59.00536585], [23.61517584, 59.00555062], [23.6275599, 59.00149524], [23.6360321, 58.99736547], [23.63891005, 58.99277437], [23.64408183, 58.99261367], [23.64464128, 58.99482906], [23.64960206, 58.99428165], [23.64882755, 58.99180365], [23.64511538, 58.99144614], [23.64590192, 58.99016643], [23.65216172, 58.98854816], [23.65127277, 58.98705995], [23.65479016, 58.98504722], [23.66379201, 58.98355734], [23.66032565, 58.98197424], [23.66004622, 58.98006797], [23.66409576, 58.97647631], [23.66262341, 58.97493541], [23.66414166, 58.9726969], [23.65587902, 58.97268546], [23.65258515, 58.97067964], [23.65331936, 58.96905375], [23.65878904, 58.96657646], [23.65670311, 58.96228755], [23.65590096, 58.96209455], [23.64080584, 58.96376765], [23.64074886, 58.96620595], [23.63659167, 58.96975172], [23.62920725, 58.97471333], [23.62258327, 58.97530985], [23.62201691, 58.97710991], [23.61865604, 58.97697604], [23.61761427, 58.97508526], [23.60364795, 58.97516334], [23.60222006, 58.97209024], [23.5943166, 58.97288513], [23.58693445, 58.97653806], [23.58402681, 58.97478604], [23.58415925, 58.97445464], [23.58552456, 58.97312045], [23.59677362, 58.96883607], [23.59891343, 58.96605516], [23.59892547, 58.96048391], [23.58742023, 58.95689821], [23.58920062, 58.95135713], [23.58682942, 58.95055234], [23.58399391, 58.95013571], [23.58298326, 58.95020914], [23.57535505, 58.9518007], [23.56138313, 58.94906175], [23.55800211, 58.94629896], [23.5546875, 58.94670761], [23.55143166, 58.94663286], [23.55153274, 58.94970715], [23.54699433, 58.94763613], [23.54461455, 58.95002306], [23.53765523, 58.95061386], [23.52480245, 58.96042311], [23.52044022, 58.96096826], [23.51828826, 58.96242094], [23.51670492, 58.96257234], [23.51479387, 58.96200347], [23.514889, 58.96149182], [23.51533306, 58.96093655], [23.52224875, 58.95724165], [23.52274585, 58.95544684], [23.51891816, 58.95616913], [23.51247776, 58.95984745], [23.50835121, 58.95940244], [23.51197875, 58.95881176], [23.52471471, 58.95161247], [23.5254848, 58.95395064], [23.53139746, 58.95075333], [23.5313096, 58.94934428], [23.52618635, 58.94996226], [23.52451837, 58.94885242], [23.52568007, 58.94619191], [23.53031421, 58.94367743], [23.52917111, 58.94086635], [23.52232242, 58.94067323], [23.5141263, 58.94311106], [23.50635815, 58.94265735], [23.50536644, 58.94067347], [23.48687816, 58.93644905], [23.48143101, 58.93341064], [23.47664285, 58.93290102], [23.46357357, 58.93502033], [23.45320547, 58.94380915], [23.45152128, 58.94369447], [23.45138574, 58.94103551], [23.44746578, 58.9418807], [23.4422096, 58.94021654], [23.4317373, 58.94233871], [23.42752397, 58.94222772], [23.42724097, 58.94206965], [23.42720616, 58.93967772], [23.43536925, 58.93617177], [23.42900598, 58.93715787], [23.42626905, 58.93387985], [23.42852843, 58.93018985], [23.43194294, 58.92949474], [23.42957747, 58.92855906], [23.43203485, 58.92619932], [23.43203378, 58.92143142], [23.42197335, 58.91189373], [23.42178452, 58.91146505], [23.42300665, 58.91007507], [23.42693126, 58.90872681], [23.42385018, 58.90696228], [23.42298758, 58.90487576], [23.42329037, 58.90440607], [23.42622173, 58.90310132], [23.43570304, 58.90152144], [23.43732572, 58.89926267], [23.44263017, 58.90373886], [23.44750202, 58.90370882], [23.4540168, 58.90246642], [23.45499015, 58.90171885], [23.45623946, 58.89936852], [23.45609164, 58.89862025], [23.45201015, 58.88722634], [23.4518193, 58.88707876], [23.44946182, 58.88744843], [23.44369376, 58.891505], [23.44035506, 58.89102411], [23.44169736, 58.88798857], [23.44344044, 58.88671875], [23.44341314, 58.88671875], [23.44624615, 58.88432312], [23.4586215, 58.88110554], [23.46415436, 58.87874746], [23.46529877, 58.87675047], [23.47398686, 58.87343037], [23.48465455, 58.86260426], [23.48356473, 58.8555963], [23.48718607, 58.85254395], [23.49083006, 58.85414386], [23.4995296, 58.84408915], [23.50813913, 58.84544837], [23.520226, 58.83830893], [23.52771926, 58.82977796], [23.52678895, 58.82796311], [23.52967346, 58.82466125], [23.52641046, 58.82277167], [23.52666235, 58.81962812], [23.52415705, 58.81870985], [23.53204763, 58.8157109], [23.53311682, 58.81415761], [23.5307579, 58.81291735], [23.53449285, 58.80954945], [23.53451061, 58.80930924], [23.53097904, 58.80967677], [23.52656138, 58.80610895], [23.51572311, 58.80391753], [23.51139712, 58.80493677], [23.50343621, 58.80469072], [23.50066972, 58.80974996], [23.49046946, 58.80912185], [23.48695517, 58.81068635], [23.48755467, 58.81411636], [23.49144578, 58.81511342], [23.49155557, 58.81725121], [23.48259997, 58.82211196], [23.48019373, 58.82137156], [23.47905803, 58.81748545], [23.48391664, 58.81606507], [23.48002708, 58.81229401], [23.4800359, 58.80927503], [23.48199272, 58.80663705], [23.49127162, 58.80148971], [23.48175836, 58.79831326], [23.47429311, 58.79961348], [23.47429061, 58.79407954], [23.46977973, 58.79252088], [23.47234166, 58.79187453], [23.47324872, 58.78944862], [23.46412754, 58.78875923], [23.45806682, 58.79154468], [23.45218134, 58.7911967], [23.45410705, 58.78892303], [23.45441091, 58.78146374], [23.45539951, 58.78098726], [23.45668316, 58.7823441], [23.46107936, 58.78006542], [23.45518255, 58.7704612], [23.44891703, 58.76732886], [23.44307172, 58.76611567], [23.44467723, 58.7638638], [23.45393062, 58.76409125], [23.4587748, 58.76864445], [23.46356964, 58.77043617], [23.47049582, 58.77155757], [23.47800052, 58.77088773], [23.49066317, 58.77430654], [23.49584508, 58.77378166], [23.50605345, 58.77647722], [23.51788425, 58.77701926], [23.53569984, 58.77404344], [23.54928076, 58.76874185], [23.5546875, 58.76925206], [23.5546875, 58.76953125], [23.57183611, 58.77381217], [23.57490242, 58.77524686], [23.5813688, 58.78178215], [23.58936131, 58.78239536], [23.60379016, 58.78591168], [23.61032474, 58.78627217], [23.62285388, 58.78618503], [23.6420294, 58.7848922], [23.64407396, 58.78268504], [23.63234961, 58.78329361], [23.64012074, 58.78183722], [23.65225446, 58.78192127], [23.66018295, 58.77799773], [23.69053125, 58.77680194], [23.69250405, 58.77862954], [23.70703673, 58.78182065], [23.71896327, 58.78719652], [23.71985865, 58.7847532], [23.71707726, 58.7828114], [23.72393525, 58.77998722], [23.72341466, 58.77766907], [23.72675383, 58.77736366], [23.72928476, 58.77895701], [23.7345016, 58.77929032], [23.73395801, 58.78267145], [23.73882735, 58.7826457], [23.74407256, 58.77997446], [23.74438083, 58.77940273], [23.74477732, 58.77746022], [23.74427867, 58.77718484], [23.74062955, 58.77733755], [23.74017465, 58.77580786], [23.73583913, 58.77530158], [23.73615098, 58.77381015], [23.74382114, 58.77060056], [23.74123287, 58.76900256], [23.7410773, 58.77026331], [23.73936534, 58.77029598], [23.73756683, 58.76656401], [23.74203575, 58.76486587], [23.73882091, 58.76311314], [23.73480666, 58.76277196], [23.73942447, 58.75913131], [23.73555064, 58.75854743], [23.73332381, 58.75586522], [23.7310338, 58.75832021], [23.72374785, 58.75781453], [23.72450602, 58.7565577], [23.71924627, 58.75490355], [23.7200824, 58.75190353], [23.70956135, 58.75262761], [23.70687902, 58.75017405], [23.71105385, 58.74934876], [23.70546055, 58.74380457], [23.70431161, 58.74550581], [23.69562125, 58.74887907], [23.69541204, 58.74636376], [23.68619096, 58.74474323], [23.68444014, 58.74485624], [23.68474865, 58.74646044], [23.67755747, 58.74869204], [23.6752038, 58.74825478], [23.67553866, 58.74710393], [23.67106748, 58.74451733], [23.66792285, 58.74391544], [23.65702224, 58.74656606], [23.65481412, 58.74401307], [23.65599906, 58.74160147], [23.65103245, 58.73643553], [23.66295254, 58.73396075], [23.65708446, 58.73063076], [23.64732206, 58.73206484], [23.64572704, 58.73463237], [23.64201474, 58.73587096], [23.63561285, 58.73228025], [23.62075937, 58.73406124], [23.61678875, 58.73054874], [23.60557795, 58.72968996], [23.59958518, 58.72680664], [23.57853734, 58.72704637], [23.57800961, 58.72867203], [23.56193686, 58.7318356], [23.5546875, 58.73577011], [23.54863834, 58.7382673], [23.54724455, 58.73860562], [23.53730333, 58.74016845], [23.53607106, 58.74017286], [23.52904427, 58.73822916], [23.5239979, 58.73824656], [23.52309763, 58.73724556], [23.52431154, 58.73558855], [23.52932525, 58.73490775], [23.53645504, 58.73240316], [23.53667498, 58.73199415], [23.52974033, 58.72573423], [23.53584313, 58.72354317], [23.53862226, 58.72064674], [23.54628527, 58.72133422], [23.5546875, 58.71791291], [23.5546875, 58.71763384], [23.5546875, 58.71679676], [23.5546875, 58.71595967], [23.55925667, 58.71623886], [23.56973851, 58.71212912], [23.57135165, 58.7109375], [23.57178473, 58.7109375], [23.57256782, 58.70826435], [23.56674194, 58.70457196], [23.56399345, 58.70372677], [23.56138206, 58.70347285], [23.5546875, 58.70396197], [23.55028605, 58.70248306], [23.54938853, 58.70235085], [23.53113985, 58.70030916], [23.52974665, 58.70039976], [23.52103806, 58.70333135], [23.51370394, 58.70814145], [23.51213515, 58.70626533], [23.50987303, 58.70614445], [23.51128972, 58.70361912], [23.50971031, 58.70165324], [23.51556373, 58.6979146], [23.51661325, 58.69529438], [23.51506031, 58.69278574], [23.49063635, 58.68902504], [23.49746168, 58.68763947], [23.49655545, 58.68426716], [23.50279784, 58.68185651], [23.49783647, 58.67526674], [23.50814176, 58.67273402], [23.50945866, 58.67108417], [23.50087857, 58.65456617], [23.50931537, 58.64715242], [23.50989068, 58.64427495], [23.50434732, 58.64077234], [23.50916505, 58.63755631], [23.51186848, 58.62860203], [23.52403402, 58.61532867], [23.52815425, 58.61471081], [23.52957594, 58.61230457], [23.52922368, 58.60749805], [23.52649546, 58.60366738], [23.52736831, 58.60152483], [23.52443933, 58.59681988], [23.52480876, 58.59628403], [23.52839577, 58.59609306], [23.53256965, 58.59928226], [23.53782213, 58.59734344], [23.54264116, 58.59104431], [23.5432024, 58.59090674], [23.54528761, 58.59251857], [23.55168414, 58.59318376], [23.55286181, 58.59171724], [23.5546875, 58.59179676], [23.5546875, 58.59514511], [23.55656397, 58.59517086], [23.55844927, 58.59307635], [23.55870402, 58.59300828], [23.56282425, 58.59363258], [23.56366885, 58.59310555], [23.56231308, 58.59054303], [23.56421077, 58.5885303], [23.56186557, 58.58719492], [23.56760442, 58.58286595], [23.56758118, 58.58263612], [23.56157267, 58.58120954], [23.55966175, 58.58425665], [23.5546875, 58.5859375], [23.55392694, 58.58594453], [23.53486836, 58.59201765], [23.52895522, 58.59287214], [23.52768433, 58.58890605], [23.52370298, 58.58826673], [23.52310264, 58.58443332], [23.51948643, 58.5810945], [23.5210849, 58.57429504], [23.51111174, 58.57411945], [23.50887012, 58.57614982], [23.50776064, 58.57287943], [23.50214255, 58.57140315], [23.50029087, 58.56968057], [23.50003695, 58.56660485], [23.50333095, 58.56288457], [23.50783014, 58.56188595], [23.51027906, 58.55975354], [23.51815283, 58.56249523], [23.51574504, 58.56370175], [23.52145791, 58.56479943], [23.53096426, 58.56542778], [23.53775835, 58.55997002], [23.53897035, 58.56136334], [23.54611504, 58.56285357], [23.54467714, 58.56097746], [23.54755175, 58.55822372], [23.54648697, 58.55249953], [23.55221486, 58.55216575], [23.5546875, 58.55329227], [23.5546875, 58.55357134], [23.55515611, 58.55369115], [23.55839336, 58.55928266], [23.5546875, 58.56166291], [23.55434895, 58.5617187], [23.55420661, 58.5618304], [23.55417085, 58.56199765], [23.55442035, 58.56222093], [23.5546875, 58.56222093], [23.55667484, 58.56465876], [23.55625212, 58.56568611], [23.5546875, 58.56584823], [23.55074096, 58.56532514], [23.55045795, 58.56545615], [23.54737341, 58.56732476], [23.54971015, 58.56848657], [23.54888344, 58.5694015], [23.55388606, 58.57170761], [23.5546875, 58.57170761], [23.5546875, 58.57198656], [23.55782115, 58.57245505], [23.5546875, 58.57393956], [23.55786955, 58.574386], [23.55808413, 58.57742333], [23.559165, 58.57830334], [23.56247473, 58.57973886], [23.56711173, 58.58116114], [23.56778765, 58.58130205], [23.57823932, 58.58069575], [23.57945764, 58.580742], [23.58124244, 58.58183968], [23.58233976, 58.58155966], [23.58343077, 58.58077443], [23.58325422, 58.58039784], [23.57838047, 58.57396674], [23.57525766, 58.57393956], [23.57117248, 58.57149196], [23.57349455, 58.56748664], [23.56783235, 58.56410503], [23.56705821, 58.56260824], [23.56708992, 58.56209564], [23.56809735, 58.56043482], [23.5683645, 58.56029141], [23.57144141, 58.55957794], [23.57302487, 58.5594964], [23.5749495, 58.55981946], [23.57541692, 58.56016421], [23.57366061, 58.56129074], [23.57358158, 58.56174052], [23.57492185, 58.56212342], [23.57954526, 58.56036997], [23.58262825, 58.55735254], [23.57927954, 58.55343497], [23.57920861, 58.55036342], [23.57531643, 58.54704285], [23.57522404, 58.54517055], [23.57603252, 58.54453206], [23.57830095, 58.54485726], [23.58419037, 58.5489639], [23.58488154, 58.54903305], [23.59544897, 58.54636455], [23.59870827, 58.54725981], [23.60373986, 58.54309785], [23.60290027, 58.54127216], [23.60591221, 58.54018307], [23.60293841, 58.53694952], [23.60384214, 58.53515625], [23.60597932, 58.53515625], [23.60597932, 58.53529572], [23.60865056, 58.53515625], [23.60971916, 58.53515625], [23.60957837, 58.53529501], [23.6116631, 58.53547406], [23.61339974, 58.53713381], [23.61625338, 58.53646207], [23.61719942, 58.53515625], [23.61797941, 58.53515625], [23.62124705, 58.53156292], [23.62625051, 58.53109753], [23.63017106, 58.52852786], [23.62755287, 58.52776217], [23.62836194, 58.52445853], [23.63744712, 58.52222276], [23.64118445, 58.51845312], [23.64328241, 58.51789832], [23.64372742, 58.51788056], [23.64475524, 58.52033258], [23.65365982, 58.51893425], [23.65159595, 58.51577842], [23.65157497, 58.51543987], [23.65280235, 58.51382112], [23.65378845, 58.51371968], [23.6593436, 58.51408851], [23.66414666, 58.51621306], [23.66521657, 58.51810777], [23.66287935, 58.52104616], [23.66566134, 58.52638745], [23.66936552, 58.52595401], [23.67442822, 58.53014624], [23.67621374, 58.53008664], [23.67642593, 58.52639043], [23.6740787, 58.52320397], [23.67584217, 58.52261794], [23.68230581, 58.52451694], [23.68097556, 58.52154005], [23.6859014, 58.51901495], [23.68408942, 58.51676905], [23.68090177, 58.51599443], [23.68235874, 58.51328695], [23.67989981, 58.51018965], [23.68222773, 58.50726664], [23.67859757, 58.5054394], [23.67982817, 58.50434291], [23.6826992, 58.50432885], [23.68563402, 58.50739276], [23.68848491, 58.50718975], [23.69244742, 58.49908423], [23.68559301, 58.49904346], [23.68251836, 58.49377835], [23.68194532, 58.49121785], [23.68699634, 58.49114895], [23.69044244, 58.48963666], [23.6912055, 58.48344564], [23.68829751, 58.47861421], [23.68427622, 58.47584248], [23.68473971, 58.47308207], [23.68260705, 58.47084022], [23.68200827, 58.46271515], [23.68522906, 58.4613167], [23.68480814, 58.45314646], [23.68042076, 58.4509747], [23.68368936, 58.44591236], [23.68268812, 58.44485724], [23.67855537, 58.44486618], [23.68027377, 58.44135594], [23.68339872, 58.43987155], [23.68339562, 58.43678606], [23.67673433, 58.43206966], [23.68526375, 58.4310503], [23.69200814, 58.42639744], [23.68993354, 58.42333674], [23.69424582, 58.41727447], [23.7001729, 58.41631198], [23.70640564, 58.41083455], [23.70878375, 58.40751946], [23.70826733, 58.40470731], [23.71505547, 58.39840162], [23.71705127, 58.38598192], [23.73435044, 58.37368214], [23.73591435, 58.37027764], [23.73157132, 58.36593354], [23.73180175, 58.36566675], [23.73928285, 58.36553133], [23.74369454, 58.36180115], [23.74349928, 58.359375], [23.7442348, 58.359375], [23.74828827, 58.35342872], [23.74498844, 58.35109925], [23.73858392, 58.35088575], [23.73734426, 58.34974897], [23.74580836, 58.34364545], [23.74583304, 58.34170115], [23.75134885, 58.33743811], [23.76478934, 58.33380234], [23.76673865, 58.33750486], [23.76330256, 58.34332716], [23.77338052, 58.34692848], [23.77159381, 58.34224641], [23.77757275, 58.33973801], [23.77938175, 58.33659637], [23.78383934, 58.33471048], [23.78558814, 58.33134258], [23.79175115, 58.32870567], [23.79251421, 58.32877767], [23.79308856, 58.33578873], [23.79485571, 58.33607924], [23.78398645, 58.33749652], [23.78278577, 58.34349442], [23.78047216, 58.3471508], [23.77682698, 58.34908748], [23.76585138, 58.34663105], [23.76469076, 58.35238075], [23.76864636, 58.3513484], [23.76867855, 58.35494947], [23.77312386, 58.35474634], [23.78145945, 58.34885895], [23.78531945, 58.34890807], [23.78758836, 58.3477385], [23.78860605, 58.34643948], [23.78657603, 58.34556866], [23.78996265, 58.34369326], [23.79358935, 58.34295034], [23.79628468, 58.34392834], [23.7994107, 58.34636295], [23.79478538, 58.34822238], [23.79761136, 58.34905624], [23.80887568, 58.34216166], [23.81511283, 58.33996391], [23.82347631, 58.33880174], [23.82672691, 58.33989346], [23.8205142, 58.34627855], [23.82211304, 58.34909546], [23.82791591, 58.35058975], [23.82608831, 58.35665965], [23.83318424, 58.359375], [23.83285272, 58.35951436], [23.83487368, 58.35962605], [23.83551204, 58.359375], [23.83794928, 58.359375], [23.84236872, 58.35796416], [23.84268415, 58.35772574], [23.84873223, 58.35081351], [23.85168028, 58.34971225], [23.85815573, 58.34285235], [23.85593283, 58.34159434], [23.86031735, 58.34038913], [23.86416388, 58.33731413], [23.86666226, 58.33231533], [23.87715685, 58.32246256], [23.88774502, 58.32138503], [23.89336956, 58.31759095], [23.89379215, 58.31741643], [23.90430105, 58.31426275], [23.90625, 58.31417406], [23.90690827, 58.31462872], [23.90952623, 58.32752764], [23.91136372, 58.33003438], [23.91253531, 58.33038545], [23.91504574, 58.33002496], [23.93396115, 58.32364917], [23.93703902, 58.31975436], [23.93736672, 58.31948411], [23.94052005, 58.32465124], [23.94176555, 58.325441], [23.94388044, 58.32624245], [23.95059025, 58.32693565], [23.95149386, 58.32681882], [23.95689964, 58.32556236], [23.95751536, 58.32516336], [23.96666026, 58.31434703], [23.96960163, 58.3140949], [23.97331846, 58.31576216], [23.97387135, 58.30966055], [23.97662234, 58.30527472], [23.97862506, 58.30633545], [23.98059106, 58.30526137], [23.98079002, 58.30560637], [23.98127913, 58.30969465], [23.98115754, 58.31063616], [23.97677434, 58.31449735], [23.97696817, 58.3148576], [23.97953677, 58.31605578], [23.98011434, 58.31605387], [23.98285127, 58.31519008], [23.98351276, 58.31451094], [23.9834131, 58.31417334], [23.98090494, 58.31312692], [23.98585475, 58.31114042], [23.9952867, 58.30377507], [23.99442995, 58.30162084], [24.00006795, 58.29692161], [24.00277615, 58.29807115], [24.00118911, 58.30075633], [24.00457823, 58.30404663], [24.00055063, 58.30789792], [24.00106823, 58.3199923], [24.01088476, 58.31928158], [24.01303828, 58.31561816], [24.01685154, 58.31385446], [24.01915312, 58.30747485], [24.02426755, 58.30177593], [24.02641892, 58.30077493], [24.02964735, 58.30223072], [24.03472495, 58.30093885], [24.03917825, 58.29517734], [24.04104197, 58.29479086], [24.04422414, 58.28321683], [24.04839802, 58.28382242], [24.05079222, 58.28246176], [24.05196691, 58.27638555], [24.05896401, 58.27423096], [24.05953765, 58.26841152], [24.0664072, 58.25914586], [24.07328176, 58.2539556], [24.07329535, 58.2516824], [24.08190715, 58.24962378], [24.08245742, 58.24782467], [24.09511685, 58.24587643], [24.11133742, 58.23987627], [24.11379886, 58.23730457], [24.11357892, 58.23228025], [24.11845803, 58.23189855], [24.12156236, 58.23283064], [24.12028825, 58.23929346], [24.1219331, 58.24176276], [24.12518036, 58.24185908], [24.12559748, 58.24406862], [24.13274181, 58.24546957], [24.1365602, 58.24448752], [24.13816321, 58.25039065], [24.14709568, 58.25196326], [24.15260351, 58.25530708], [24.16136217, 58.25659704], [24.16008353, 58.26074493], [24.16882443, 58.2637223], [24.17178094, 58.26997912], [24.17486262, 58.26940894], [24.17811406, 58.26457787], [24.17859137, 58.26439238], [24.1815958, 58.26522148], [24.18262744, 58.26521826], [24.18436527, 58.26451755], [24.19068384, 58.26845336], [24.20505226, 58.26598394], [24.21000695, 58.26994884], [24.21739292, 58.27067876], [24.22302008, 58.26926816], [24.23276365, 58.27331376], [24.23494422, 58.27370715], [24.25056136, 58.27377927], [24.25754774, 58.27622771], [24.2578125, 58.27622771], [24.26532471, 58.27596593], [24.26572156, 58.27608144], [24.26641798, 58.27716625], [24.26828218, 58.27958047], [24.26536071, 58.28522158], [24.26952636, 58.29085863], [24.27972186, 58.29720294], [24.27693355, 58.30010104], [24.2843585, 58.31826925], [24.28933144, 58.32278144], [24.29175365, 58.32854176], [24.28971577, 58.33603466], [24.29079044, 58.35020733], [24.2932564, 58.35643685], [24.29222751, 58.359375], [24.29185176, 58.359375], [24.29243994, 58.36338234], [24.29527533, 58.3682245], [24.30198407, 58.37560475], [24.30373514, 58.37724996], [24.30795276, 58.37896621], [24.31981611, 58.38148427], [24.32602704, 58.38260484], [24.34228075, 58.38446915], [24.38067824, 58.3857187], [24.41907573, 58.38696826], [24.43762803, 58.38537955], [24.44620061, 58.3836199], [24.46334255, 58.37862706], [24.46909988, 58.37517464], [24.47072291, 58.37502146], [24.47335136, 58.37569582], [24.47361958, 58.37590766], [24.47728515, 58.38323677], [24.48442614, 58.38847303], [24.50571871, 58.39114332], [24.51662052, 58.39020932], [24.52450395, 58.38835645], [24.52652037, 58.38774705], [24.53837407, 58.38200331], [24.5442059, 58.38024926], [24.56106424, 58.37699521], [24.56339705, 58.37539363], [24.56310201, 58.36739647], [24.56700981, 58.36500692], [24.56869698, 58.36454284], [24.57565761, 58.36364245], [24.57784712, 58.36371386], [24.58521581, 58.36506915], [24.609375, 58.38030136], [24.609375, 58.38058031], [24.61189091, 58.38249207], [24.61294913, 58.38313961], [24.61640501, 58.38250494], [24.61678565, 58.38226092], [24.61570477, 58.38076401], [24.609375, 58.37806904], [24.609375, 58.37779021], [24.60784948, 58.37733352], [24.59966326, 58.37060833], [24.5889281, 58.36528134], [24.58389604, 58.36321843], [24.58247662, 58.36275518], [24.57553101, 58.3620249], [24.5665791, 58.36332893], [24.56158495, 58.36542141], [24.55943584, 58.36850905], [24.55961216, 58.37460875], [24.55640352, 58.37663603], [24.54248214, 58.37797415], [24.52147222, 58.38683772], [24.51220834, 58.3886708], [24.50286555, 58.38909113], [24.488361, 58.38668084], [24.4823333, 58.38353884], [24.48194301, 58.38312614], [24.47893035, 58.37789702], [24.47985387, 58.37671626], [24.48201072, 58.37605762], [24.50967026, 58.37018871], [24.51230514, 58.36948884], [24.53863704, 58.359375], [24.53895664, 58.359375], [24.55376995, 58.35329986], [24.55457425, 58.35277915], [24.56283367, 58.34254456], [24.57486761, 58.33252323], [24.57851005, 58.32830954], [24.58144844, 58.32359087], [24.58496428, 58.31479764], [24.58647573, 58.30731821], [24.58609247, 58.30403542], [24.58142197, 58.29702461], [24.57866621, 58.29422426], [24.56795406, 58.28986573], [24.56510246, 58.28666115], [24.56442213, 58.2862972], [24.56026852, 58.28556585], [24.55752766, 58.2816056], [24.54871213, 58.27989864], [24.54711723, 58.27711213], [24.54009235, 58.27560926], [24.52903116, 58.26963484], [24.51553595, 58.26866984], [24.51510632, 58.26849925], [24.51769304, 58.26693034], [24.50981021, 58.26221764], [24.50006974, 58.26000977], [24.49279416, 58.2574383], [24.49069822, 58.25511944], [24.48513281, 58.25385976], [24.48493564, 58.25374115], [24.48469043, 58.24793971], [24.47881842, 58.24700058], [24.47088885, 58.24747705], [24.46971846, 58.24663424], [24.46935904, 58.24567628], [24.46928084, 58.24495375], [24.47932541, 58.24060094], [24.48118818, 58.23479354], [24.47971201, 58.23006082], [24.47564733, 58.22647715], [24.47582006, 58.21833634], [24.46666944, 58.21523643], [24.46335566, 58.21154141], [24.4629426, 58.20810735], [24.45683944, 58.20600212], [24.45935261, 58.20507145], [24.45723975, 58.20244312], [24.46423531, 58.19754946], [24.46612537, 58.19403911], [24.46265352, 58.19004464], [24.46041536, 58.18968785], [24.45847845, 58.18359375], [24.45885575, 58.18359375], [24.45886958, 58.18316793], [24.45259583, 58.17619097], [24.45254564, 58.17331088], [24.45492387, 58.17315555], [24.46047843, 58.17543566], [24.46497035, 58.17432272], [24.46886992, 58.16894555], [24.46701956, 58.16230786], [24.47955167, 58.15240645], [24.47438145, 58.14020157], [24.48298705, 58.13138425], [24.48206377, 58.12993217], [24.47784781, 58.12994003], [24.47441125, 58.12797022], [24.47796881, 58.12532496], [24.47493446, 58.12343764], [24.47886682, 58.11927664], [24.4788686, 58.11622035], [24.47311854, 58.10831451], [24.46987724, 58.10665584], [24.46592414, 58.10710943], [24.46353853, 58.10584462], [24.45566726, 58.10567522], [24.46554232, 58.10364521], [24.46693587, 58.10062242], [24.46934056, 58.09974825], [24.46778834, 58.09754658], [24.47163784, 58.09587955], [24.46918893, 58.09294772], [24.4786998, 58.08997536], [24.47484004, 58.08825314], [24.47735822, 58.08556592], [24.48127162, 58.0849123], [24.47733974, 58.08287311], [24.48126745, 58.0768311], [24.48087025, 58.07422507], [24.47792852, 58.07380772], [24.47879016, 58.0699445], [24.46895063, 58.0490036], [24.4620769, 58.04417896], [24.46121752, 58.03901827], [24.45733237, 58.03636146], [24.44685364, 58.02333367], [24.44564283, 58.01553667], [24.44232166, 58.00991976], [24.43909514, 58.0078125], [24.4380275, 58.00671923], [24.43925285, 58.00339305], [24.43187058, 58.00257373], [24.42617691, 57.99890864], [24.42028856, 57.99767315], [24.40554917, 57.97810543], [24.40358257, 57.96792734], [24.39789534, 57.95630801], [24.39075386, 57.95208585], [24.38654375, 57.92504752], [24.38349116, 57.92045271], [24.37894511, 57.91950345], [24.37724865, 57.91172326], [24.37245381, 57.90948558], [24.37077522, 57.90352225], [24.36558294, 57.90030777], [24.36344624, 57.89685798], [24.35873592, 57.89495885], [24.35933936, 57.88846886], [24.35726905, 57.88355327], [24.34959304, 57.87657726], [24.35250854, 57.87267613], [24.35204554, 57.87059081], [24.34346592, 57.86346006], [24.34679747, 57.85548794], [24.34667301, 57.85503805], [24.33514488, 57.83650255], [24.33692706, 57.83203125], [24.33657503, 57.83203125], [24.33468723, 57.82964551], [24.33646226, 57.82833433], [24.33627355, 57.82797384], [24.33296215, 57.82765853], [24.33271945, 57.82719612], [24.33240271, 57.82357287], [24.33256137, 57.81993604], [24.3332473, 57.81697953], [24.34361184, 57.79669488], [24.34721255, 57.79277158], [24.34443724, 57.78913307], [24.34738958, 57.78466332], [24.34836721, 57.75685465], [24.36476636, 57.75338697], [24.37788463, 57.75286424], [24.38136315, 57.75092697], [24.37973726, 57.75055075], [24.37695456, 57.75196564], [24.36276555, 57.75219977], [24.35733295, 57.75471115], [24.35079157, 57.75527585], [24.34922051, 57.75339615], [24.34461725, 57.75218952], [24.34452832, 57.75182045], [24.34631431, 57.74676037], [24.34342301, 57.73946857], [24.34525466, 57.73405397], [24.34325075, 57.73230314], [24.34205627, 57.72306275], [24.34236991, 57.70165205], [24.34554136, 57.69704151], [24.35421324, 57.69137931], [24.35508132, 57.69017613], [24.35932708, 57.67944574], [24.36375475, 57.67507172], [24.36946082, 57.65625], [24.37038815, 57.65475523], [24.37051296, 57.65221465], [24.36751413, 57.64799845], [24.37051463, 57.64495862], [24.37488103, 57.63386822], [24.38008475, 57.62951911], [24.38747334, 57.61648345], [24.38626385, 57.61143494], [24.3821758, 57.61061394], [24.3810271, 57.60781693], [24.37218034, 57.60062695], [24.37196386, 57.59138978], [24.36929536, 57.58891106], [24.36844206, 57.58389163], [24.36446261, 57.5814445], [24.36388254, 57.57625115], [24.36890686, 57.56059325], [24.36598563, 57.54905903], [24.36131907, 57.54144204], [24.37167108, 57.53310466], [24.38064563, 57.51273251], [24.37970495, 57.50495875], [24.38168323, 57.49231815], [24.37960994, 57.49085653], [24.38127875, 57.48711467], [24.38128078, 57.48652101], [24.37945533, 57.48142922], [24.38016236, 57.48046875], [24.38178682, 57.47188997], [24.38586402, 57.46493351], [24.38498771, 57.44964981], [24.38815308, 57.43591774], [24.39257932, 57.42489421], [24.39363944, 57.41453922], [24.39817107, 57.40578771], [24.39977956, 57.39829803], [24.3997941, 57.39784265], [24.39895368, 57.38490498], [24.4017024, 57.36312687], [24.40045261, 57.35598326], [24.40333891, 57.34997845], [24.40529621, 57.34135783], [24.40530443, 57.34081984], [24.40389323, 57.33797705], [24.40495563, 57.32020032], [24.40302968, 57.31744361], [24.40867186, 57.31161225], [24.40878844, 57.31121135], [24.40686667, 57.3046875], [24.40652156, 57.30172586], [24.40795255, 57.29347575], [24.40853286, 57.29199755], [24.41246617, 57.28718734], [24.41143835, 57.26636183], [24.40535164, 57.25308704], [24.39052558, 57.23365176], [24.36724114, 57.21387184], [24.34905934, 57.20070827], [24.34047842, 57.1970129], [24.33976567, 57.19636905], [24.32981944, 57.18885505], [24.31348503, 57.17999303], [24.30827975, 57.17749917], [24.27126825, 57.16270292], [24.26934958, 57.16163266], [24.2680608, 57.16039145], [24.26810455, 57.15846372], [24.26838136, 57.15825546], [24.28021514, 57.15133083], [24.27877355, 57.15088534], [24.26742864, 57.15693653], [24.25933671, 57.15641987], [24.2578125, 57.15625], [24.24576795, 57.14612865], [24.23150921, 57.13578033], [24.22029185, 57.12890625], [24.219944, 57.12890625], [24.19795477, 57.11666596], [24.18885815, 57.11222374], [24.16763163, 57.10356045], [24.1464051, 57.09489715], [24.13217914, 57.08959305], [24.11032856, 57.08231115], [24.10362816, 57.08059847], [24.09907877, 57.07822776], [24.08779538, 57.07545483], [24.06930244, 57.07136404], [24.04102194, 57.06689656], [24.03168464, 57.06440043], [24.03155005, 57.06389296], [24.03922307, 57.06022275], [24.05173421, 57.05689144], [24.05987525, 57.05229366], [24.05862462, 57.05164683], [24.05423045, 57.05371237], [24.05387104, 57.05346334], [24.05504882, 57.05226421], [24.06660378, 57.04638004], [24.06668067, 57.04633677], [24.07353938, 57.04720604], [24.075019, 57.04636121], [24.07220805, 57.04471171], [24.07746005, 57.04503345], [24.07450116, 57.03992391], [24.07753885, 57.03763056], [24.08286285, 57.03666496], [24.08160567, 57.03573954], [24.07894385, 57.03650415], [24.08167982, 57.03457296], [24.08624053, 57.03158975], [24.09233987, 57.02947152], [24.09360588, 57.02914524], [24.09846473, 57.02890003], [24.10326874, 57.02676773], [24.11575937, 57.02447426], [24.11892891, 57.02712965], [24.12070322, 57.02636528], [24.11900282, 57.02415252], [24.12425172, 57.02797472], [24.12247741, 57.0323199], [24.12543452, 57.03252101], [24.13083124, 57.03067017], [24.12270343, 57.02351105], [24.11318004, 57.02158356], [24.11599076, 57.01906073], [24.11792195, 57.00896263], [24.11644185, 57.00736642], [24.11231685, 57.00650454], [24.11332035, 57.01638746], [24.1101917, 57.02284503], [24.10246181, 57.0245378], [24.10082984, 57.02070034], [24.10255885, 57.01623535], [24.10505438, 57.01557505], [24.10092711, 57.01496696], [24.09706044, 57.01924396], [24.0989958, 57.02007616], [24.0983175, 57.02202451], [24.09432566, 57.02314675], [24.09107375, 57.02781367], [24.09321713, 57.02773333], [24.08929992, 57.02877927], [24.09306931, 57.02411234], [24.09545791, 57.0164113], [24.09430707, 57.01463282], [24.09618211, 57.00580621], [24.09404123, 56.99055207], [24.10106921, 56.99113381], [24.1076163, 56.99511838], [24.11346877, 56.9950242], [24.11230135, 56.99115348], [24.10773063, 56.99108672], [24.09767425, 56.98857915], [24.09675443, 56.98548722], [24.09273374, 56.98419666], [24.09022892, 56.96491575], [24.09172607, 56.96209431], [24.0962131, 56.96089256], [24.09660673, 56.96022737], [24.09680343, 56.95735204], [24.09400904, 56.96063507], [24.09271085, 56.96001291], [24.09871042, 56.95045614], [24.10136771, 56.94780338], [24.10570955, 56.94469214], [24.10730255, 56.94398403], [24.13153994, 56.93497002], [24.13640535, 56.93166375], [24.13723433, 56.93236232], [24.13495934, 56.93345785], [24.13716281, 56.93379736], [24.14483595, 56.93192995], [24.14960325, 56.92824745], [24.15121245, 56.92954636], [24.15343761, 56.9268105], [24.16027451, 56.9239645], [24.16191006, 56.92169774], [24.16075385, 56.92103851], [24.15480864, 56.92279124], [24.15497458, 56.92435575], [24.15233135, 56.92581534], [24.14845657, 56.92648995], [24.14854646, 56.92820132], [24.13906002, 56.93043184], [24.17702174, 56.90722108], [24.19087923, 56.90138054], [24.19541061, 56.89322734], [24.19719195, 56.89106667], [24.20198464, 56.88682532], [24.20873725, 56.88264322], [24.24149346, 56.87313712], [24.25863707, 56.86384106], [24.26034486, 56.86231697], [24.26206505, 56.85948277], [24.27265644, 56.85357845], [24.27317071, 56.85296047], [24.27256155, 56.85256875], [24.27194583, 56.85221493], [24.26999211, 56.85126543], [24.26892185, 56.85153294], [24.24106836, 56.86687887], [24.23370063, 56.86805403], [24.22803652, 56.87147903], [24.20824802, 56.87752795], [24.20665455, 56.87783205], [24.20252395, 56.87751424], [24.19653416, 56.87241197], [24.19375265, 56.86795115], [24.19396222, 56.86760747], [24.20095205, 56.86250341], [24.20919538, 56.8604542], [24.22124207, 56.85344017], [24.22372627, 56.84813476], [24.23208845, 56.84479403], [24.23340797, 56.83895195], [24.23767936, 56.83340025], [24.24833715, 56.8334558], [24.25919056, 56.83512855], [24.26502895, 56.83425868], [24.265486, 56.83390427], [24.24831462, 56.83155465], [24.23975265, 56.83151257], [24.23355484, 56.83351862], [24.23255956, 56.83419061], [24.22486103, 56.84596884], [24.21669281, 56.84827864], [24.21622455, 56.84849966], [24.20835102, 56.85290837], [24.19033682, 56.86489916], [24.1886003, 56.86672831], [24.18815136, 56.87053466], [24.18876731, 56.87174106], [24.19714916, 56.87780595], [24.19827712, 56.87923634], [24.19831908, 56.88084316], [24.19711232, 56.88358915], [24.1968652, 56.88384795], [24.18230224, 56.89750755], [24.17276955, 56.90184784], [24.16374755, 56.90429974], [24.16323686, 56.90468013], [24.14700246, 56.91853523], [24.14191937, 56.9175781], [24.10929525, 56.93315697], [24.10893404, 56.92679644], [24.10708594, 56.92593813], [24.10665274, 56.93278313], [24.09247553, 56.94840431], [24.09585857, 56.94400537], [24.09035111, 56.94700944], [24.08732188, 56.94280374], [24.08531547, 56.94381225], [24.08582687, 56.94561481], [24.09137297, 56.94941282], [24.0898385, 56.95173025], [24.08653307, 56.95142984], [24.08232796, 56.96873534], [24.07833326, 56.96934295], [24.08466923, 56.97198665], [24.08675373, 56.97823107], [24.08665192, 56.98939097], [24.08502662, 56.98979342], [24.0879817, 57.00540376], [24.08731675, 57.00797868], [24.08140647, 57.00636935], [24.07970727, 57.00769722], [24.08362293, 57.00890422], [24.08080244, 57.01538157], [24.08434892, 57.01365173], [24.08553088, 57.00906515], [24.08737803, 57.00894427], [24.08670974, 57.01727271], [24.08552694, 57.0208534], [24.08227444, 57.02676773], [24.07694876, 57.03113234], [24.073071, 57.03327525], [24.07128274, 57.03282225], [24.07046378, 57.03031504], [24.06973183, 57.03024864], [24.06505501, 57.03304315], [24.06235814, 57.03140521], [24.06194735, 57.03030276], [24.06251907, 57.02881658], [24.06771398, 57.02542281], [24.07432091, 57.02516818], [24.07389104, 57.02410102], [24.07156634, 57.02397466], [24.07248771, 57.02118695], [24.07170916, 57.01994836], [24.07083571, 57.01945627], [24.06875896, 57.01953387], [24.06864405, 57.01970792], [24.06878924, 57.02348852], [24.05967808, 57.02984965], [24.06379652, 57.03523815], [24.06196475, 57.03832757], [24.06164205, 57.03836584], [24.0587939, 57.03743315], [24.04631865, 57.0387938], [24.04470122, 57.03880537], [24.03761685, 57.03843427], [24.03665733, 57.03824401], [24.03333986, 57.03702438], [24.03089511, 57.03449237], [24.03613961, 57.03474987], [24.03649461, 57.03459966], [24.03574526, 57.03374135], [24.02303874, 57.02433085], [24.00803542, 57.02061796], [24.00632775, 57.01907444], [23.9979825, 57.01733136], [23.98530185, 57.01246512], [23.98000348, 57.00840104], [23.97473085, 57.00013435], [23.97434545, 56.99978077], [23.96899486, 56.99669003], [23.96274054, 56.99528515], [23.95908046, 56.99528587], [23.94605923, 56.99629617], [23.93962693, 56.99575865], [23.93860185, 56.98696673], [23.93277955, 56.98232603], [23.93120766, 56.98171067], [23.91617453, 56.97826624], [23.90625, 56.97851562], [23.90625, 56.97879457], [23.88705945, 56.97988105], [23.87934685, 56.97799206], [23.86851108, 56.97420931], [23.86511052, 56.97079611], [23.85728264, 56.96766257], [23.84816372, 56.96431363], [23.83435333, 56.95965683], [23.83355951, 56.95951438], [23.83264363, 56.95935035], [23.81897926, 56.95492697], [23.81587327, 56.95427132], [23.81138766, 56.95430624], [23.81013453, 56.95431602], [23.80449295, 56.95664716], [23.80060685, 56.95960236], [23.79829896, 56.96242297], [23.79857338, 56.96260691], [23.80098104, 56.96303225], [23.80351996, 56.96033967], [23.80515623, 56.96010935], [23.80582023, 56.96025085], [23.80808234, 56.96261644], [23.80707705, 56.96505106], [23.80406713, 56.96706164], [23.80334055, 56.96732235], [23.79440701, 56.96924925], [23.78592002, 56.96985853], [23.77855396, 56.96865916], [23.77761138, 56.9680407], [23.77741396, 56.96749055], [23.77869535, 56.96243894], [23.77891636, 56.96220112], [23.78737152, 56.95724153], [23.78650367, 56.953125], [23.78652775, 56.95215714], [23.78171575, 56.94896925], [23.77320182, 56.94743395], [23.74886215, 56.94700515], [23.74095774, 56.9415096], [23.73922956, 56.94078743], [23.73289263, 56.93952572], [23.72746182, 56.93892515], [23.71409166, 56.93897486], [23.69929588, 56.94002485], [23.69682205, 56.93579805], [23.68684864, 56.93072414], [23.68487716, 56.92808378], [23.68326175, 56.93077672], [23.65821195, 56.92977452], [23.64430904, 56.93135691], [23.64046466, 56.93916321], [23.62973165, 56.94135344], [23.62671268, 56.94160867], [23.62575758, 56.94139171], [23.61942685, 56.93730295], [23.61828566, 56.93634915], [23.61474025, 56.9296875], [23.61433411, 56.92919242], [23.60974097, 56.92707336], [23.60934556, 56.92511785], [23.61251688, 56.92218351], [23.62162614, 56.91963327], [23.62793982, 56.91620696], [23.63262725, 56.89619517], [23.62720895, 56.89168632], [23.62157953, 56.88729465], [23.61814356, 56.88570321], [23.60648417, 56.88235927], [23.60424292, 56.8786664], [23.60424232, 56.87777972], [23.60711217, 56.87173915], [23.60711324, 56.86571455], [23.60553324, 56.86284983], [23.60401595, 56.86144721], [23.59461856, 56.85534561], [23.58984804, 56.85036814], [23.57904541, 56.84710598], [23.57265615, 56.84264314], [23.57959974, 56.82480204], [23.58106208, 56.81440914], [23.60383511, 56.80480278], [23.59975874, 56.80457985], [23.59469855, 56.80566955], [23.59307563, 56.8061341], [23.58606517, 56.81023896], [23.58052278, 56.81137764], [23.5784831, 56.81294703], [23.57767308, 56.81435585], [23.57654262, 56.82344294], [23.57003152, 56.83914948], [23.56908345, 56.84345114], [23.56954074, 56.84489775], [23.57019472, 56.84592116], [23.57472456, 56.84828675], [23.58732176, 56.85178053], [23.60201144, 56.86332774], [23.60303497, 56.87179065], [23.59961581, 56.87673581], [23.59928071, 56.87792981], [23.59979594, 56.88144076], [23.60334516, 56.88329804], [23.60701287, 56.88531172], [23.61568522, 56.88591325], [23.61853075, 56.88731337], [23.62645125, 56.89347208], [23.62883246, 56.89700925], [23.62947178, 56.89888787], [23.62902081, 56.90376711], [23.62535918, 56.91453385], [23.62235856, 56.91729295], [23.62000847, 56.91847944], [23.61119521, 56.92041004], [23.60451221, 56.92449117], [23.60368824, 56.92499435], [23.60412574, 56.92700767], [23.60652924, 56.92959857], [23.61014533, 56.93126571], [23.61282563, 56.93509865], [23.61945772, 56.94067025], [23.62534845, 56.94261706], [23.62665284, 56.94274616], [23.64043581, 56.94071674], [23.64142442, 56.94032955], [23.64490485, 56.93747211], [23.64524448, 56.93691397], [23.64543104, 56.93343735], [23.64587665, 56.93296027], [23.64888692, 56.93214631], [23.65063381, 56.93186915], [23.65991735, 56.93145382], [23.68008268, 56.93222678], [23.6894325, 56.93501568], [23.69295907, 56.93953085], [23.69864404, 56.94193471], [23.72031677, 56.94057643], [23.73228002, 56.94133866], [23.73328245, 56.94146037], [23.74022043, 56.9456979], [23.74859715, 56.94837463], [23.77356601, 56.94928062], [23.77497303, 56.94944382], [23.78109825, 56.95120811], [23.78294826, 56.953125], [23.78292155, 56.953125], [23.78337705, 56.95638967], [23.77756762, 56.95769095], [23.77708876, 56.95799172], [23.77563524, 56.95988536], [23.77427626, 56.96253264], [23.77427757, 56.96632361], [23.77632093, 56.96885157], [23.78168643, 56.97047746], [23.78538585, 56.97095346], [23.79435945, 56.97089636], [23.80569696, 56.96844137], [23.80794585, 56.96722686], [23.81011724, 56.96317828], [23.81072724, 56.95707071], [23.81395602, 56.95624554], [23.81515121, 56.95639241], [23.84683275, 56.96643424], [23.85573494, 56.96989405], [23.86992574, 56.97801495], [23.87885261, 56.9813596], [23.87954974, 56.98153901], [23.89077806, 56.98380983], [23.89900041, 56.98402154], [23.90625, 56.98130584], [23.90855265, 56.98102665], [23.91938114, 56.98152125], [23.92028725, 56.98165286], [23.92593455, 56.98302853], [23.9310919, 56.98512971], [23.93143773, 56.98554385], [23.9308598, 56.99899316], [23.92217505, 56.99197936], [23.91567588, 56.99133027], [23.91773403, 56.99374974], [23.92228341, 56.99251056], [23.92878246, 57.00130284], [23.93248475, 57.00368547], [23.93275654, 57.00427592], [23.93228102, 57.00563025], [23.93051565, 57.00608253], [23.92531633, 57.00608253], [23.90625, 56.99988663], [23.87917256, 56.99304163], [23.85743415, 56.98814392], [23.83442742, 56.98371828], [23.81142068, 56.97929263], [23.77222824, 56.97232962], [23.75394225, 56.96967423], [23.74171185, 56.96808088], [23.70978296, 56.96489453], [23.69257367, 56.96353734], [23.65988708, 56.96229815], [23.62721384, 56.96381426], [23.61342955, 56.96601141], [23.59641194, 56.97177064], [23.56841743, 56.97454226], [23.56172943, 56.97550333], [23.55765414, 56.97669744], [23.5546875, 56.97795761], [23.5546875, 56.97823656], [23.55384946, 56.97826302], [23.54644203, 56.98300707], [23.54063702, 56.98684442], [23.53553796, 56.98934555], [23.52893972, 56.99138021], [23.52343524, 56.99535966], [23.51972008, 56.99864972], [23.51937306, 56.9989748], [23.51367116, 57.01089632], [23.48929441, 57.03420973], [23.48227692, 57.03627217], [23.46048272, 57.03518581], [23.44901395, 57.03515625], [23.43440366, 57.03602266], [23.41433775, 57.03773427], [23.41187656, 57.03801346], [23.37893653, 57.04299808], [23.36142647, 57.04634643], [23.33029115, 57.05499601], [23.31033361, 57.06194186], [23.28577018, 57.07310271], [23.26464975, 57.08564854], [23.25940216, 57.08941805], [23.25048757, 57.09813595], [23.23884475, 57.10642302], [23.23854291, 57.10672045], [23.23644185, 57.11161625], [23.23485255, 57.12151217], [23.23624694, 57.12740493], [23.23587596, 57.12890625], [23.2355057, 57.12890625], [23.23127723, 57.13516092], [23.23042023, 57.13783395], [23.23036587, 57.14104354], [23.23280287, 57.14964235], [23.23189414, 57.15863013], [23.23430908, 57.16072404], [23.23851848, 57.16116035], [23.23945725, 57.16222942], [23.23239148, 57.16214704], [23.23249745, 57.16514683], [23.21277344, 57.1879307], [23.203125, 57.20563614], [23.203125, 57.20703125], [23.20224655, 57.20827663], [23.1872704, 57.22215486], [23.17884445, 57.23387587], [23.17857695, 57.23435164], [23.17588401, 57.24958146], [23.17964721, 57.26214075], [23.16874421, 57.27329707], [23.16342545, 57.29565692], [23.16090298, 57.30184925], [23.15840864, 57.3046875], [23.158728, 57.3046875], [23.15752757, 57.30557954], [23.15091217, 57.31287074], [23.14584851, 57.31679797], [23.14206994, 57.31899726], [23.13769221, 57.32523155], [23.13484335, 57.32612193], [23.13473594, 57.32484603], [23.13452828, 57.32494855], [23.13249373, 57.32775152], [23.13221705, 57.32826042], [23.13303304, 57.33128405], [23.13322425, 57.33144474], [23.13659883, 57.33175898], [23.13857841, 57.33320868], [23.13045537, 57.33495915], [23.13494945, 57.33605027], [23.13197803, 57.33873045], [23.12755036, 57.33907366], [23.12745261, 57.34343517], [23.13090456, 57.34110415], [23.12935674, 57.34951496], [23.12693894, 57.34857786], [23.12684703, 57.34991217], [23.12834597, 57.35325694], [23.13257754, 57.35617816], [23.1323595, 57.36010635], [23.12275147, 57.36635685], [23.12190843, 57.36672533], [23.09931886, 57.36582196], [23.08867276, 57.36684144], [23.06727207, 57.37282443], [23.03715217, 57.37837756], [23.03150678, 57.3797971], [23.02750075, 57.38115227], [23.02238417, 57.38526475], [23.01882541, 57.38636208], [23.01455605, 57.39091563], [23.01243901, 57.39247167], [23.00818884, 57.39447975], [23.00097871, 57.39627266], [22.98798466, 57.39967811], [22.97788084, 57.40395772], [22.94580495, 57.41375327], [22.93848515, 57.41723633], [22.91563714, 57.43041515], [22.90681243, 57.44476056], [22.88716471, 57.45772421], [22.87059236, 57.47495425], [22.86033857, 57.48046875], [22.8590368, 57.48085284], [22.8515625, 57.48577011], [22.8515625, 57.48632813], [22.85077536, 57.48630297], [22.84635878, 57.49170625], [22.82522941, 57.49811232], [22.80983305, 57.5080018], [22.80714667, 57.50806212], [22.80169415, 57.50996864], [22.77277446, 57.52132165], [22.74687266, 57.52869093], [22.72346473, 57.53746712], [22.71024811, 57.54381263], [22.69632101, 57.54874623], [22.66446805, 57.56559396], [22.64973044, 57.57501686], [22.62743294, 57.59107506], [22.61920595, 57.5982517], [22.61018133, 57.60702634], [22.60167384, 57.61708605], [22.58669496, 57.63922465], [22.57997143, 57.65625], [22.58032727, 57.65625], [22.57621181, 57.66736758], [22.57473874, 57.67653847], [22.57374215, 57.68523931], [22.57458973, 57.69740498], [22.57621181, 57.70954955], [22.57727635, 57.71287084], [22.58542037, 57.73114753], [22.60683215, 57.7572751], [22.60672188, 57.75824213], [22.60473895, 57.75882733], [22.59328568, 57.75862002], [22.58163857, 57.75746655], [22.56937134, 57.75579131], [22.5556457, 57.7535603], [22.55411232, 57.75328124], [22.52705616, 57.74717629], [22.5, 57.74107134], [22.49973774, 57.74104095], [22.47756934, 57.735461], [22.45540094, 57.72988105], [22.42060009, 57.71964672], [22.38579923, 57.7094124], [22.35099837, 57.69917807], [22.31619751, 57.68894374], [22.29379833, 57.68355656], [22.25125837, 57.67147136], [22.20871842, 57.65938616], [22.19567585, 57.65648866], [22.19361615, 57.65625], [22.1579082, 57.64729023], [22.1484375, 57.64369404], [22.13493097, 57.63821864], [22.12896645, 57.63789976], [22.09493005, 57.6277892], [22.06089365, 57.61767864], [22.0287044, 57.60982144], [22.00639474, 57.60542154], [21.99763107, 57.60400093], [21.98217511, 57.60218751], [21.96477723, 57.60051107], [21.94461417, 57.59933031], [21.93838275, 57.59905136], [21.90777707, 57.59876251], [21.8771714, 57.59847367], [21.84656572, 57.59818482], [21.82172036, 57.59345627], [21.796875, 57.58872771], [21.796875, 57.58844864], [21.76850808, 57.58422941], [21.74014115, 57.58001018], [21.72510476, 57.57596147]], [[23.99642706, 57.03736603], [23.98204291, 57.02786374], [23.96485841, 57.01984847], [23.93918121, 57.01198328], [23.93679821, 57.01092124], [23.93582332, 57.00743973], [23.93463182, 56.99976861], [23.93766475, 56.99670005], [23.94454765, 56.99731874], [23.94608116, 56.99849105], [23.95885885, 56.99806166], [23.96862948, 57.00062037], [23.96955693, 57.00098574], [23.97187471, 57.00261831], [23.97574031, 57.01001167], [23.98417544, 57.01525426], [23.99299181, 57.01876235], [24.00263905, 57.02096581], [24.00980413, 57.02722836], [24.01546586, 57.02406216], [24.02431095, 57.02981472], [24.02672768, 57.02925134], [24.02852297, 57.03557324], [24.03129005, 57.03758228], [24.03907096, 57.03972077], [24.04375458, 57.04341877], [24.04391241, 57.04389095], [24.04025161, 57.05130994], [24.03610897, 57.05054545], [24.03107893, 57.05436754], [24.03455555, 57.04909694], [24.03226244, 57.04937875], [24.02893364, 57.05255711], [24.03033924, 57.04857397], [24.02693653, 57.04813135], [24.02560484, 57.04986155], [24.0202049, 57.05030405], [24.01983511, 57.05139041], [24.02590084, 57.05537343], [24.02871168, 57.0537641], [24.02715826, 57.05666077], [24.02101862, 57.06036234], [24.01998305, 57.05987954], [24.02101862, 57.05907476], [24.01842952, 57.05497098], [24.00593984, 57.04447174], [23.99642706, 57.03736603]], [[24.04052412, 57.03950834], [24.05815852, 57.03880918], [24.05994594, 57.03967965], [24.06088996, 57.0397228], [24.05667365, 57.04350472], [24.04313648, 57.05094767], [24.04523683, 57.04370797], [24.04052412, 57.03950834]], [[24.11223757, 56.93407047], [24.12106407, 56.93065143], [24.13766766, 56.92149198], [24.14352965, 56.92003632], [24.1419028, 56.92260957], [24.13221657, 56.92799485], [24.12863803, 56.9295001], [24.11392188, 56.93689883], [24.10140276, 56.94131255], [24.11223757, 56.93407047]], [[23.2323209, 57.82541394], [23.23152745, 57.82571948], [23.22783315, 57.82284093], [23.22255981, 57.82200253], [23.21696425, 57.81611395], [23.22088075, 57.81360412], [23.22102785, 57.81127512], [23.21268141, 57.80790245], [23.21180975, 57.80344665], [23.21628797, 57.79980791], [23.21445155, 57.79892075], [23.21870005, 57.79617596], [23.21967816, 57.79372203], [23.21599281, 57.79041052], [23.21645963, 57.78833103], [23.22556615, 57.78828204], [23.22732043, 57.78592873], [23.23005354, 57.78763294], [23.23746586, 57.78911388], [23.23933661, 57.78552556], [23.24429345, 57.78627396], [23.24905813, 57.7820909], [23.25474405, 57.78296804], [23.25875914, 57.78057647], [23.26549137, 57.78228402], [23.27131116, 57.77999234], [23.27000797, 57.78420496], [23.27317035, 57.78845775], [23.27393734, 57.79862654], [23.27097595, 57.80534565], [23.26150942, 57.81175327], [23.25571275, 57.81455958], [23.24928713, 57.81752217], [23.23457515, 57.82168496], [23.23316884, 57.82293296], [23.2323209, 57.82541394]], [[22.0432235, 57.89673495], [22.04291522, 57.89682996], [22.04274035, 57.89625573], [22.04323101, 57.89481223], [22.03918886, 57.89043236], [22.03922951, 57.88902903], [22.04022241, 57.88908303], [22.04097605, 57.88940573], [22.04513633, 57.89502835], [22.0432235, 57.89673495]], [[22.56303525, 58.0957545], [22.56010056, 58.09834683], [22.55582774, 58.10180914], [22.55479467, 58.10176921], [22.5538218, 58.09978068], [22.55498087, 58.09809184], [22.55816138, 58.09811521], [22.56303525, 58.0957545]], [[23.97034335, 58.09641302], [23.97114205, 58.09632647], [23.97816098, 58.10089004], [23.99172318, 58.10078573], [23.99710882, 58.10994101], [24.00088251, 58.11038494], [24.00758076, 58.11560583], [24.01120508, 58.1150279], [24.01020372, 58.11821771], [24.00689983, 58.1207571], [24.01439643, 58.12771404], [24.01051343, 58.13295257], [24.01025832, 58.13637996], [24.01502025, 58.13968515], [24.01970744, 58.1402688], [24.02305377, 58.14204395], [24.02009845, 58.14164805], [24.01654482, 58.14261258], [24.01631927, 58.14282095], [24.01716483, 58.14529002], [24.01531434, 58.14685285], [24.01554, 58.14770472], [24.02096176, 58.15173638], [24.02082646, 58.1520859], [24.01449406, 58.15319931], [24.01402891, 58.1535933], [24.00918126, 58.15641165], [24.00688946, 58.15674722], [24.00484395, 58.1568433], [23.99070311, 58.15432632], [23.98062193, 58.15348983], [23.97361946, 58.15425456], [23.97271538, 58.15413702], [23.95994532, 58.14892232], [23.96354032, 58.14754248], [23.96011567, 58.1446712], [23.96240854, 58.14120173], [23.95707405, 58.13161588], [23.95817065, 58.12954187], [23.95405936, 58.12299275], [23.95330095, 58.1175853], [23.95998275, 58.10822177], [23.96465695, 58.10472512], [23.96488535, 58.09946454], [23.96849716, 58.09861612], [23.97034335, 58.09641302]], [[22.51078892, 58.12393975], [22.51043797, 58.12408853], [22.50944495, 58.12379146], [22.50860655, 58.11628282], [22.50919676, 58.11643493], [22.51356947, 58.12261736], [22.51078892, 58.12393975]], [[22.50479877, 58.12316573], [22.50409055, 58.12490082], [22.51336515, 58.13013494], [22.51890337, 58.13528538], [22.53415358, 58.14292967], [22.53735316, 58.14692438], [22.53731716, 58.15063274], [22.53387153, 58.15050566], [22.53202331, 58.1517688], [22.52704656, 58.15080166], [22.52366054, 58.15436602], [22.52505326, 58.16087306], [22.52772248, 58.16250765], [22.52367985, 58.16254234], [22.52076113, 58.16100216], [22.51915061, 58.16191387], [22.52450776, 58.16733623], [22.52035081, 58.16584027], [22.51496565, 58.16556168], [22.51560998, 58.17126954], [22.51816344, 58.17400956], [22.51302624, 58.17233515], [22.51063192, 58.17540765], [22.50370085, 58.17528641], [22.50335526, 58.17536235], [22.50245762, 58.17677343], [22.5, 58.17633915], [22.49514961, 58.17204261], [22.49490702, 58.17156541], [22.49598086, 58.17013991], [22.49920297, 58.17245901], [22.5, 58.17243302], [22.5, 58.17215395], [22.50245404, 58.17220283], [22.50251424, 58.17151785], [22.5, 58.17047977], [22.49851334, 58.16985273], [22.49854195, 58.16644382], [22.49200797, 58.15420973], [22.49174261, 58.15387464], [22.47746503, 58.1400845], [22.47900164, 58.13950241], [22.48453164, 58.14226341], [22.48697472, 58.14269531], [22.48897302, 58.14258564], [22.48999774, 58.14211726], [22.49039352, 58.14165902], [22.48863995, 58.13856542], [22.49226415, 58.13715625], [22.49383545, 58.13395727], [22.5, 58.13225436], [22.5, 58.13169634], [22.5015347, 58.1311475], [22.5015347, 58.1286993], [22.5, 58.12806904], [22.5, 58.12751114], [22.50398076, 58.12778056], [22.5041337, 58.12729561], [22.50131404, 58.12125516], [22.50479877, 58.12316573]], [[22.47389817, 58.13908446], [22.47670186, 58.14548945], [22.47982836, 58.14749265], [22.47700608, 58.15194345], [22.47717214, 58.15246308], [22.48147464, 58.15443635], [22.48084343, 58.15465188], [22.48016155, 58.15478015], [22.47637236, 58.15332031], [22.47382545, 58.15049624], [22.46675444, 58.14093971], [22.46456647, 58.13739157], [22.46434808, 58.13697875], [22.4636085, 58.13163507], [22.46458471, 58.13110065], [22.46505976, 58.13176978], [22.46976101, 58.13793111], [22.47389817, 58.13908446]], [[24.19882643, 58.17542672], [24.19808245, 58.17454445], [24.19405472, 58.17027664], [24.19658387, 58.16963875], [24.20114148, 58.17262733], [24.20515954, 58.17793918], [24.20492804, 58.17879546], [24.20441246, 58.17896855], [24.20063424, 58.17907286], [24.19723844, 58.17995095], [24.19882643, 58.17542672]], [[23.95962966, 58.17406154], [23.95923376, 58.17428756], [23.95501864, 58.17212117], [23.95850122, 58.16906941], [23.95881712, 58.16916215], [23.95962966, 58.17406154]], [[22.78704166, 58.16275501], [22.78513741, 58.16244388], [22.78592718, 58.16170275], [22.79132187, 58.16097987], [22.78992617, 58.16186392], [22.78704166, 58.16275501]], [[22.81010985, 58.15468335], [22.81293452, 58.15270054], [22.81331837, 58.15297556], [22.80979371, 58.15723658], [22.80922306, 58.15742266], [22.80846214, 58.15696502], [22.81010985, 58.15468335]], [[22.55294478, 58.14863265], [22.54674065, 58.14634717], [22.54217565, 58.14688683], [22.53971708, 58.14516985], [22.53546774, 58.13344204], [22.53870797, 58.13806856], [22.53940618, 58.13833666], [22.54456151, 58.13838363], [22.54873824, 58.14123845], [22.5529772, 58.14069664], [22.55333436, 58.14099813], [22.55246353, 58.14332795], [22.54906416, 58.14362228], [22.54899323, 58.14406097], [22.54985297, 58.1463201], [22.55294478, 58.14863265]], [[22.58566725, 58.19298744], [22.58505857, 58.19316161], [22.58428812, 58.19271457], [22.58366263, 58.1922096], [22.58300364, 58.19165635], [22.58283734, 58.19120097], [22.58324015, 58.1909219], [22.58388031, 58.19092333], [22.58455884, 58.19120824], [22.58523071, 58.19167483], [22.58589876, 58.1922307], [22.58606255, 58.19268167], [22.58566725, 58.19298744]], [[22.59397101, 58.19600105], [22.59424412, 58.19880021], [22.59857345, 58.20158052], [22.59999394, 58.2037034], [22.59982336, 58.20423901], [22.59470832, 58.20769083], [22.59076524, 58.20848274], [22.58897614, 58.21066535], [22.58713281, 58.21187365], [22.58331275, 58.21271133], [22.58209705, 58.21280992], [22.57519281, 58.21209884], [22.57299125, 58.2138108], [22.56679595, 58.20741546], [22.57430243, 58.20331824], [22.57881355, 58.20592856], [22.58076274, 58.20592701], [22.58092296, 58.20581317], [22.57604122, 58.20264685], [22.57592034, 58.19784284], [22.57634294, 58.1973685], [22.57797301, 58.19702518], [22.58765078, 58.19794154], [22.58812535, 58.19780552], [22.58873725, 58.19690311], [22.58666742, 58.19448507], [22.59342158, 58.19570315], [22.59397101, 58.19600105]], [[24.09995246, 58.20378613], [24.10637951, 58.20370686], [24.10788012, 58.20536685], [24.10911834, 58.20571017], [24.11891592, 58.20651495], [24.11957955, 58.20666015], [24.12474537, 58.20881867], [24.12525284, 58.20915556], [24.12637615, 58.21087575], [24.13171947, 58.21506894], [24.13627398, 58.22290206], [24.13988376, 58.22390521], [24.13999951, 58.2287786], [24.14655352, 58.23261392], [24.146559, 58.23278534], [24.14383876, 58.23387528], [24.13857174, 58.23133302], [24.13322115, 58.22727334], [24.13302183, 58.2240895], [24.12992764, 58.2223618], [24.1245985, 58.22231615], [24.11915922, 58.21966946], [24.11688614, 58.21257055], [24.10977364, 58.21082234], [24.10787642, 58.21330285], [24.10500956, 58.21271336], [24.09980202, 58.20693862], [24.09995246, 58.20378613]], [[24.11743808, 58.23087466], [24.11672235, 58.23099828], [24.11511695, 58.23034024], [24.1154232, 58.22982037], [24.11821926, 58.22819626], [24.11835802, 58.22843242], [24.11743808, 58.23087466]], [[24.12960875, 58.20591116], [24.12527633, 58.20277536], [24.12515616, 58.20240581], [24.12658346, 58.20239866], [24.12828171, 58.20314026], [24.12960875, 58.20591116]], [[23.91120684, 58.19652617], [23.91363573, 58.19645715], [23.91469336, 58.19722605], [23.91254234, 58.20036984], [23.90875328, 58.20091724], [23.91079354, 58.19685495], [23.91120684, 58.19652617]], [[24.00682545, 58.28015912], [24.00845003, 58.28359103], [24.00344145, 58.28663278], [24.00318825, 58.28708136], [24.00345576, 58.28816998], [24.00381482, 58.28820574], [24.00490594, 58.28709614], [24.00522852, 58.28723133], [24.00574482, 58.28796816], [24.00556862, 58.28850937], [24.00322235, 58.28917193], [24.00116742, 58.28673112], [24.00138497, 58.28596544], [24.00270355, 58.28273034], [24.00611567, 58.28022516], [24.00682545, 58.28015912]], [[22.92156291, 58.29864645], [22.91663742, 58.29879212], [22.91869366, 58.29845285], [22.92156291, 58.29864645]], [[22.94463742, 58.31077921], [22.94089842, 58.31367934], [22.94068182, 58.31181216], [22.94328761, 58.31042075], [22.94455373, 58.31039238], [22.94463742, 58.31077921]], [[23.80239534, 58.33879805], [23.80193853, 58.33919394], [23.79535055, 58.34050214], [23.79404116, 58.33992696], [23.79353452, 58.3388952], [23.80371428, 58.33386171], [23.80709446, 58.3338412], [23.80720735, 58.33597231], [23.80225313, 58.33736432], [23.80239534, 58.33879805]], [[23.07368612, 58.4069128], [23.07211852, 58.40710914], [23.07181633, 58.40696895], [23.07100618, 58.40296698], [23.07203138, 58.4030323], [23.07272387, 58.4033401], [23.07432532, 58.40662122], [23.07368612, 58.4069128]], [[23.07941282, 58.41145754], [23.07454121, 58.41316235], [23.07365322, 58.41326332], [23.07174182, 58.40944445], [23.07789981, 58.40890217], [23.07595992, 58.40827096], [23.07721114, 58.40776205], [23.08259833, 58.40803254], [23.08368862, 58.40846062], [23.08529365, 58.41084182], [23.08472526, 58.41127348], [23.07941282, 58.41145754]], [[23.16995025, 58.41453946], [23.16621375, 58.41550541], [23.16601765, 58.4153496], [23.16415977, 58.41376913], [23.16869366, 58.41281557], [23.16995025, 58.41453946]], [[23.29121172, 58.42812824], [23.29177642, 58.43181574], [23.28081846, 58.42756772], [23.28134835, 58.42630923], [23.27713835, 58.42425597], [23.27451062, 58.42452574], [23.27245915, 58.42566562], [23.27152073, 58.43202567], [23.26975465, 58.42788911], [23.27050912, 58.42456031], [23.27245545, 58.42146063], [23.27736485, 58.4205538], [23.28320706, 58.4213469], [23.28787506, 58.42417932], [23.29129374, 58.42741156], [23.29121172, 58.42812824]], [[23.66712081, 58.44040954], [23.66631675, 58.44111705], [23.66461051, 58.44043136], [23.66328168, 58.43862867], [23.66328716, 58.43805063], [23.6657629, 58.43669295], [23.66657198, 58.43677306], [23.6678977, 58.43838286], [23.6678977, 58.43908298], [23.66712081, 58.44040954]], [[23.66469026, 58.44326127], [23.66814423, 58.44529498], [23.67284822, 58.45003152], [23.66003084, 58.44541073], [23.65795708, 58.44376206], [23.65811718, 58.44346488], [23.66410112, 58.44312215], [23.66469026, 58.44326127]], [[23.65800416, 58.44996083], [23.65766835, 58.45020294], [23.65493846, 58.44947255], [23.65475023, 58.44922554], [23.6562947, 58.44743586], [23.65670586, 58.44727886], [23.66136026, 58.44717038], [23.65800416, 58.44996083]], [[23.67890024, 58.45616162], [23.67764163, 58.45623505], [23.67260027, 58.45355296], [23.67201793, 58.45243657], [23.67457414, 58.45233333], [23.67901194, 58.45361364], [23.67953014, 58.45390105], [23.6804862, 58.45494723], [23.67961025, 58.45601702], [23.67890024, 58.45616162]], [[23.66443825, 58.46565235], [23.66404295, 58.46574497], [23.64988673, 58.45969164], [23.64895976, 58.45958197], [23.64058328, 58.46202397], [23.63153458, 58.46213233], [23.63088918, 58.46087503], [23.63133144, 58.45880771], [23.63293564, 58.45767403], [23.63944375, 58.45766902], [23.64898384, 58.45817745], [23.66016996, 58.45970714], [23.66489351, 58.46356368], [23.66522646, 58.4640516], [23.66443825, 58.46565235]], [[23.36957955, 58.48821068], [23.36846626, 58.48830926], [23.36623955, 58.48727024], [23.36964726, 58.48658085], [23.37252164, 58.48427475], [23.37574053, 58.48425317], [23.3764801, 58.48451245], [23.37692356, 58.48559546], [23.37152517, 58.48779821], [23.36957955, 58.48821068]], [[23.60010195, 58.53515625], [23.60204244, 58.53799212], [23.60176825, 58.54011321], [23.60109997, 58.54015124], [23.59623206, 58.53812182], [23.59599185, 58.53763926], [23.59749401, 58.53559995], [23.59849918, 58.53515625], [23.60010195, 58.53515625]], [[23.58190417, 58.53851604], [23.57969666, 58.54085505], [23.57777405, 58.54092205], [23.57363331, 58.54216981], [23.57346582, 58.54205155], [23.5725342, 58.54061008], [23.57211733, 58.53757191], [23.57232988, 58.53708172], [23.57512975, 58.53585172], [23.58190417, 58.53851604]], [[23.43465781, 58.54191542], [23.44193315, 58.54240537], [23.44477522, 58.54441297], [23.44497025, 58.5455507], [23.4443624, 58.54591763], [23.43926275, 58.54561925], [23.43709087, 58.54602921], [23.43505096, 58.54824066], [23.43266916, 58.54857433], [23.42626596, 58.54602146], [23.42456591, 58.54312897], [23.42176735, 58.54243398], [23.42119098, 58.53870416], [23.42217576, 58.53866351], [23.42829001, 58.53919125], [23.43252182, 58.53794432], [23.43465781, 58.54191542]], [[23.52628195, 58.55115104], [23.52788365, 58.55387843], [23.52454293, 58.55528212], [23.52092254, 58.56011808], [23.51855874, 58.56064916], [23.51597524, 58.55908823], [23.51768315, 58.55346501], [23.51616144, 58.55069613], [23.51981246, 58.54918432], [23.52158475, 58.54928923], [23.52407253, 58.54979634], [23.52628195, 58.55115104]], [[23.5103234, 58.59197474], [23.51005387, 58.59675372], [23.50962961, 58.59689534], [23.50516427, 58.5958811], [23.50164974, 58.59104145], [23.51010132, 58.59180701], [23.5103234, 58.59197474]], [[23.438519, 58.63790202], [23.43663466, 58.63955224], [23.43216145, 58.63787985], [23.42581654, 58.63910794], [23.41357815, 58.63585913], [23.41557026, 58.6314429], [23.42129815, 58.63019133], [23.42558754, 58.62706172], [23.43404007, 58.62421465], [23.44128382, 58.62729693], [23.44469845, 58.63091516], [23.438519, 58.63790202]], [[23.41165328, 58.68773556], [23.41008341, 58.68784392], [23.40497041, 58.68494236], [23.40115583, 58.68098712], [23.40145373, 58.67842364], [23.40209293, 58.67811477], [23.40384841, 58.6781975], [23.40528405, 58.67895865], [23.40456223, 58.68064058], [23.40864336, 58.68465745], [23.41300476, 58.68657303], [23.41252768, 58.68751192], [23.41165328, 58.68773556]], [[23.20009935, 58.68551815], [23.19669616, 58.68631244], [23.19509721, 58.68623674], [23.20121646, 58.68363166], [23.20107985, 58.68392026], [23.20039487, 58.68536735], [23.20009935, 58.68551815]], [[23.13954532, 58.73836756], [23.14236856, 58.74259675], [23.14158905, 58.74284565], [23.13684332, 58.74294794], [23.13246608, 58.74363625], [23.12377298, 58.73981655], [23.13449574, 58.73978364], [23.13900256, 58.73825073], [23.13954532, 58.73836756]], [[23.09905231, 58.74315214], [23.09816837, 58.74410534], [23.09736824, 58.74414957], [23.09484374, 58.74236643], [23.09427392, 58.74248111], [23.08953953, 58.74507201], [23.08916283, 58.74483812], [23.08916283, 58.74400115], [23.09652305, 58.73981321], [23.10041475, 58.74042976], [23.09905231, 58.74315214]], [[23.63716805, 58.73528576], [23.63892055, 58.73525631], [23.63930821, 58.73558462], [23.63740575, 58.73810613], [23.63709641, 58.73826647], [23.63360465, 58.73850441], [23.63320792, 58.73829114], [23.63621116, 58.73582745], [23.63716805, 58.73528576]], [[23.09898114, 58.74892116], [23.09716713, 58.75490475], [23.08765972, 58.75464332], [23.09353125, 58.75343263], [23.09639823, 58.74957275], [23.09898114, 58.74892116]], [[23.16568482, 58.75187671], [23.17696857, 58.75089216], [23.17811096, 58.7508955], [23.18015325, 58.75174272], [23.18048406, 58.75212908], [23.17919195, 58.75342321], [23.17782974, 58.75381732], [23.17288244, 58.75394034], [23.16523016, 58.75506055], [23.16350234, 58.75376177], [23.16568482, 58.75187671]], [[23.68034244, 58.75238216], [23.68723035, 58.75096786], [23.68588197, 58.75250602], [23.68324971, 58.75346923], [23.68034244, 58.75238216]], [[23.33292246, 58.75559795], [23.34196675, 58.76007438], [23.34944916, 58.76006305], [23.34962726, 58.76026297], [23.34647787, 58.76158202], [23.34285724, 58.76739311], [23.34206307, 58.76766324], [23.34184492, 58.76276207], [23.3408159, 58.76176512], [23.33903766, 58.76016641], [23.32919645, 58.75546277], [23.33292246, 58.75559795]], [[23.08113503, 58.76697493], [23.08046746, 58.7670567], [23.07567644, 58.76635992], [23.07445467, 58.76591551], [23.07440412, 58.76524246], [23.07954407, 58.76190543], [23.08239448, 58.76149344], [23.0838865, 58.76165795], [23.08530891, 58.76277256], [23.08427525, 58.76584804], [23.08381307, 58.76614261], [23.08113503, 58.76697493]], [[23.04774415, 58.76703215], [23.05038714, 58.76973164], [23.05038893, 58.76989806], [23.04719996, 58.77188695], [23.05176318, 58.77198684], [23.05137718, 58.77591038], [23.05491865, 58.77718794], [23.05516088, 58.77972841], [23.05472136, 58.78023612], [23.04955184, 58.78278506], [23.04331505, 58.78381884], [23.04146385, 58.78157842], [23.04463041, 58.7776525], [23.03627527, 58.77658224], [23.0429008, 58.77384996], [23.03943324, 58.77249742], [23.04439652, 58.77273774], [23.04353321, 58.77132642], [23.04768157, 58.76937425], [23.04627275, 58.76770246], [23.04701841, 58.76711726], [23.04774415, 58.76703215]], [[22.88520777, 58.77754712], [22.88372314, 58.77867174], [22.88240588, 58.7754513], [22.88357961, 58.77525485], [22.88509345, 58.77644944], [22.88520777, 58.77754712]], [[22.88306344, 58.78362727], [22.88419366, 58.78501427], [22.88146687, 58.78865016], [22.87743294, 58.78665948], [22.87574923, 58.78284872], [22.86733317, 58.78192806], [22.86718488, 58.78041577], [22.86748266, 58.77989745], [22.86978924, 58.77933025], [22.87400675, 58.78132343], [22.88070941, 58.78210831], [22.88466942, 58.77935004], [22.88854372, 58.7788676], [22.88641596, 58.78217113], [22.88306344, 58.78362727]], [[23.67185605, 58.76321185], [23.67484474, 58.76293242], [23.67586875, 58.76315355], [23.67657125, 58.76586616], [23.67659676, 58.76624978], [23.67406487, 58.76767981], [23.67418277, 58.77090394], [23.66820681, 58.77288687], [23.67102623, 58.77491653], [23.66979253, 58.77577114], [23.66660976, 58.77626908], [23.66312647, 58.77493012], [23.663679, 58.77306473], [23.65685022, 58.77205884], [23.65852785, 58.76545155], [23.65917075, 58.76487184], [23.66045618, 58.76461315], [23.66370881, 58.76552606], [23.67185605, 58.76321185]], [[23.00992787, 58.78894413], [23.00909436, 58.79224002], [23.01213336, 58.79491115], [23.01024652, 58.79666257], [23.01170087, 58.8007946], [23.01198685, 58.80371285], [22.99967766, 58.80406094], [22.99941945, 58.80439651], [22.99723363, 58.80727136], [22.99469423, 58.80806375], [22.99145365, 58.81432343], [22.98686802, 58.81698811], [22.98064184, 58.81334662], [22.98423147, 58.80955112], [22.98341095, 58.80843282], [22.99661326, 58.80215764], [23.00235736, 58.80195987], [23.00325477, 58.79626143], [23.00629306, 58.79372561], [23.00624681, 58.78919995], [23.00859725, 58.78884256], [23.00950861, 58.78882074], [23.00992787, 58.78894413]], [[22.87757432, 58.79065621], [22.87541747, 58.79190636], [22.87420118, 58.79129767], [22.87817216, 58.78903305], [22.88265681, 58.79055715], [22.87757432, 58.79065621]], [[22.89617646, 58.81326795], [22.89499497, 58.81336546], [22.89406514, 58.81303835], [22.89358354, 58.81101704], [22.90020752, 58.80583942], [22.90287793, 58.80531037], [22.90109324, 58.80854166], [22.90292954, 58.81004107], [22.90245295, 58.81057215], [22.90064955, 58.81220055], [22.89617646, 58.81326795]], [[23.06253397, 58.80906296], [23.06362951, 58.80867982], [23.06640971, 58.80868983], [23.06722605, 58.80894947], [23.07584786, 58.81764746], [23.07728004, 58.82094204], [23.07512605, 58.82535326], [23.06896126, 58.82866704], [23.06270516, 58.82955825], [23.06184816, 58.82398641], [23.06802905, 58.82159007], [23.06912601, 58.81985772], [23.06822026, 58.81778741], [23.06395507, 58.81610072], [23.06185794, 58.81143165], [23.06180716, 58.81048906], [23.06253397, 58.80906296]], [[22.97844815, 58.82404375], [22.97298133, 58.82508504], [22.96935105, 58.82425225], [22.97489607, 58.82349014], [22.97762632, 58.82156956], [22.97844815, 58.82404375]], [[22.96419847, 58.82402206], [22.96148562, 58.82497787], [22.95983982, 58.82462728], [22.96419847, 58.82402206]], [[23.11896646, 58.82612705], [23.12271607, 58.82539165], [23.124529, 58.82549453], [23.12641525, 58.82709217], [23.12689972, 58.82722223], [23.13346076, 58.82785678], [23.13506055, 58.82824004], [23.13721383, 58.82989311], [23.14165807, 58.83020675], [23.14216185, 58.83054745], [23.14227235, 58.83223355], [23.14106774, 58.83392024], [23.14004123, 58.83414781], [23.13070715, 58.83367205], [23.12792313, 58.83491576], [23.12493086, 58.83902764], [23.12375891, 58.83943212], [23.11907625, 58.83991647], [23.11385036, 58.83794105], [23.11291623, 58.83521795], [23.11316848, 58.83432043], [23.11694896, 58.82854056], [23.11490786, 58.8279891], [23.11896646, 58.82612705]], [[23.38986504, 58.83632696], [23.40205133, 58.83284986], [23.40233088, 58.83267701], [23.4016242, 58.83132505], [23.40509951, 58.82784677], [23.40545535, 58.82784486], [23.40725732, 58.83459163], [23.40625966, 58.83780122], [23.40842783, 58.8399384], [23.40475583, 58.83986545], [23.40289974, 58.8372637], [23.40055501, 58.83719444], [23.3951894, 58.84287286], [23.38808978, 58.83942735], [23.38951933, 58.84249461], [23.38670754, 58.84967673], [23.37563837, 58.84830332], [23.37470341, 58.84733295], [23.37800574, 58.84384155], [23.38404071, 58.84197223], [23.38986504, 58.83632696]], [[23.35660112, 58.84873641], [23.35577571, 58.84894204], [23.35291386, 58.84874511], [23.35259736, 58.84852695], [23.35216081, 58.84713554], [23.35266471, 58.84685016], [23.35402465, 58.84695315], [23.35660112, 58.84873641]], [[23.42523885, 58.83474445], [23.42703247, 58.83458436], [23.42767704, 58.83501375], [23.42653453, 58.83712196], [23.42470992, 58.83550107], [23.42523885, 58.83474445]], [[23.43916392, 58.83346164], [23.43382788, 58.83008385], [23.43455207, 58.82799017], [23.43104756, 58.82727015], [23.43715274, 58.82492554], [23.44033384, 58.81845474], [23.44527113, 58.81575322], [23.44961274, 58.81532204], [23.4503659, 58.81253612], [23.45804596, 58.81071603], [23.45892131, 58.81062174], [23.46077955, 58.81108737], [23.46257734, 58.81355226], [23.47645497, 58.81477535], [23.47835863, 58.82242], [23.47593534, 58.82366073], [23.4672991, 58.82385707], [23.45335484, 58.83116472], [23.44679725, 58.83252645], [23.44549167, 58.83355045], [23.44492662, 58.83396125], [23.4397341, 58.83365822], [23.43916392, 58.83346164]], [[23.44118786, 58.81038904], [23.4361521, 58.81197011], [23.43673837, 58.80923367], [23.44151747, 58.80818355], [23.44630575, 58.80373085], [23.44713855, 58.8049401], [23.44687557, 58.80540442], [23.44410968, 58.80873704], [23.44118786, 58.81038904]], [[23.14174294, 58.80504096], [23.13808048, 58.80510604], [23.13808048, 58.80454802], [23.14169145, 58.80266821], [23.14258707, 58.80283594], [23.14392388, 58.80387676], [23.14372015, 58.80464005], [23.14174294, 58.80504096]], [[23.47035253, 58.80282164], [23.46930921, 58.80117595], [23.4697957, 58.80061722], [23.47173715, 58.80078483], [23.47291827, 58.80142117], [23.47326851, 58.80259562], [23.47264648, 58.80300975], [23.47110391, 58.80331504], [23.47035253, 58.80282164]], [[23.44506121, 58.80183303], [23.44310963, 58.80220497], [23.44152176, 58.80153525], [23.44133127, 58.80045486], [23.4420104, 58.80001342], [23.44552255, 58.79966331], [23.44603932, 58.79979372], [23.44552004, 58.80138624], [23.44506121, 58.80183303]], [[23.37479544, 58.82762432], [23.37235165, 58.83096135], [23.37117982, 58.82855594], [23.37328112, 58.82689631], [23.37468195, 58.82676625], [23.37479544, 58.82762432]], [[23.42051804, 58.83228922], [23.41336107, 58.83269322], [23.41968703, 58.83068514], [23.42058015, 58.83080697], [23.42051804, 58.83228922]], [[23.06790864, 58.89748836], [23.07175994, 58.89851117], [23.06889355, 58.90146661], [23.06566107, 58.90213513], [23.06196785, 58.90237343], [23.05827415, 58.9017601], [23.05934894, 58.89995813], [23.06077313, 58.89881814], [23.06523311, 58.89747465], [23.06790864, 58.89748836]], [[23.03287232, 58.90028906], [23.03686237, 58.90572774], [23.04519665, 58.90920198], [23.03889728, 58.92115903], [23.02788365, 58.92522323], [23.01419616, 58.92680657], [23.00574231, 58.93219864], [23.00142205, 58.93219864], [23.00109494, 58.93211913], [23.00417256, 58.92721605], [23.01118755, 58.92505515], [23.01181316, 58.91954625], [23.00937462, 58.91457927], [23.00963771, 58.91393316], [23.01443255, 58.9097352], [23.02727151, 58.90077317], [23.02997255, 58.89998674], [23.03219426, 58.89989996], [23.03287232, 58.90028906]], [[23.3849653, 58.93254507], [23.38678145, 58.93195045], [23.38718963, 58.93206894], [23.38841665, 58.94840956], [23.39150536, 58.95248115], [23.39019334, 58.95451593], [23.38860357, 58.95493495], [23.38406265, 58.95539534], [23.38269866, 58.95445395], [23.37938201, 58.95142436], [23.37977397, 58.94852293], [23.38282442, 58.94607794], [23.38215745, 58.94089961], [23.37955153, 58.93847287], [23.38321602, 58.93629384], [23.3849653, 58.93254507]], [[23.27612805, 58.94801104], [23.27456725, 58.94825351], [23.27407181, 58.94795406], [23.27480364, 58.94628525], [23.27379262, 58.94519115], [23.27270544, 58.94508016], [23.26981342, 58.94592845], [23.25761247, 58.94881415], [23.25990248, 58.94405007], [23.26531994, 58.94571555], [23.26675284, 58.94568741], [23.26878023, 58.94527924], [23.27828908, 58.94253862], [23.27930296, 58.94202721], [23.28414834, 58.93721342], [23.28836763, 58.93678772], [23.29206216, 58.93853784], [23.29218376, 58.93875265], [23.28867102, 58.94386053], [23.28580785, 58.94433582], [23.28404808, 58.94624376], [23.27612805, 58.94801104]], [[22.97393668, 58.94880104], [22.97659326, 58.94963086], [22.97671604, 58.94992876], [22.97362328, 58.95187306], [22.97373354, 58.95436251], [22.9702661, 58.95512605], [22.96935034, 58.95132875], [22.96996665, 58.9507364], [22.97118294, 58.94899178], [22.97230303, 58.94877374], [22.97393668, 58.94880104]], [[23.24327958, 58.96072292], [23.24468243, 58.95476484], [23.24527764, 58.9548316], [23.24614775, 58.95681274], [23.24624205, 58.95962477], [23.24609327, 58.96003985], [23.24327958, 58.96072292]], [[23.25666916, 58.95875156], [23.26114512, 58.95708561], [23.26183474, 58.95720577], [23.25496995, 58.96466494], [23.25666916, 58.95875156]], [[23.19037974, 58.95992315], [23.18652225, 58.972669], [23.18853295, 58.97514558], [23.1942594, 58.97255576], [23.19625807, 58.97122705], [23.19833195, 58.96780396], [23.203125, 58.96568084], [23.203125, 58.96540165], [23.20373535, 58.96481836], [23.20879495, 58.96458054], [23.21143055, 58.96795392], [23.21495616, 58.96603453], [23.21636117, 58.96243715], [23.21862662, 58.96214557], [23.21958888, 58.96239305], [23.22088027, 58.96359205], [23.22101176, 58.96661067], [23.21483636, 58.96970284], [23.21452773, 58.97018623], [23.21541035, 58.97755504], [23.21082842, 58.98227012], [23.21214282, 58.98428392], [23.21553898, 58.98517025], [23.21680641, 58.98525476], [23.2205379, 58.98441291], [23.22442925, 58.98175824], [23.23369181, 58.98178124], [23.24586475, 58.97984731], [23.24700892, 58.9780091], [23.25962877, 58.97365224], [23.26763535, 58.96641064], [23.28045833, 58.95920265], [23.30792844, 58.95431447], [23.3089509, 58.95431495], [23.31136775, 58.95483947], [23.31108618, 58.95601261], [23.29903793, 58.95761883], [23.28922105, 58.96018994], [23.28635216, 58.96219277], [23.28534532, 58.96380794], [23.28554368, 58.96422505], [23.28831542, 58.96623015], [23.28830731, 58.96678805], [23.28542638, 58.97215855], [23.28664827, 58.97292864], [23.28742194, 58.97323477], [23.29785132, 58.97104311], [23.29679132, 58.97415912], [23.30157375, 58.9750663], [23.30338538, 58.97283781], [23.30115652, 58.97137046], [23.30483484, 58.97106183], [23.31031024, 58.97308397], [23.31402028, 58.97212732], [23.31699181, 58.97343588], [23.32227266, 58.97261524], [23.32440913, 58.97082281], [23.32478261, 58.97385168], [23.33013237, 58.97618365], [23.32604694, 58.97905374], [23.32767093, 58.98017597], [23.33957088, 58.98010266], [23.34871495, 58.98258686], [23.35072315, 58.98198462], [23.35258555, 58.97667444], [23.35512996, 58.97485733], [23.35346377, 58.97308338], [23.35858846, 58.97269988], [23.35567117, 58.97971475], [23.36047041, 58.97706842], [23.37133145, 58.97348583], [23.37349915, 58.97352874], [23.37532687, 58.97393715], [23.37585366, 58.97448754], [23.3762151, 58.97804213], [23.38282275, 58.98340082], [23.38383615, 58.98629153], [23.38653314, 58.98705983], [23.38821006, 58.99127674], [23.38778853, 58.99257636], [23.38096607, 58.99887645], [23.36382353, 59.00739026], [23.36345267, 59.01142406], [23.36600065, 59.01439166], [23.35969341, 59.01611531], [23.35639274, 59.02087605], [23.34716976, 59.02207637], [23.34291208, 59.02856553], [23.32808423, 59.03631485], [23.32809055, 59.03271365], [23.32606971, 59.03238487], [23.3244009, 59.03338385], [23.32184064, 59.03273737], [23.31971335, 59.03669631], [23.31687355, 59.03583992], [23.31717265, 59.03364253], [23.32073343, 59.03277564], [23.32172275, 59.02778876], [23.31667185, 59.02690434], [23.31064892, 59.02802587], [23.30783463, 59.03394556], [23.30534506, 59.03522956], [23.29500651, 59.03127718], [23.29208672, 59.02460003], [23.28850043, 59.02252996], [23.28352022, 59.02391815], [23.27882564, 59.02785552], [23.27469444, 59.02022254], [23.26845861, 59.01926327], [23.26769567, 59.02307916], [23.26380777, 59.02450037], [23.25746286, 59.02973735], [23.25018585, 59.02972257], [23.25204647, 59.03466594], [23.24723125, 59.03677833], [23.23161066, 59.03772783], [23.23399687, 59.03856897], [23.22755754, 59.0399425], [23.22561932, 59.03918946], [23.22540414, 59.03683782], [23.22250485, 59.03606141], [23.20717466, 59.03903306], [23.203125, 59.0390625], [23.20122015, 59.03893733], [23.19543874, 59.04111505], [23.19381738, 59.04559803], [23.18864131, 59.05428076], [23.18821275, 59.04725814], [23.19036531, 59.04390895], [23.18554294, 59.04569495], [23.17966473, 59.04588747], [23.17260695, 59.04881644], [23.16325736, 59.05004322], [23.15877914, 59.04795384], [23.15608454, 59.04064381], [23.15062368, 59.0389291], [23.14233875, 59.0368607], [23.13683355, 59.03691292], [23.12938464, 59.03980744], [23.12603915, 59.03237474], [23.11734247, 59.03041601], [23.1150434, 59.02688015], [23.1177417, 59.02497196], [23.12069225, 59.00944185], [23.12570965, 59.00742066], [23.13204682, 59.00198841], [23.14148915, 59.00105524], [23.14574957, 58.99205565], [23.1544646, 58.98788524], [23.15897667, 58.98409796], [23.16957641, 58.98229635], [23.16979075, 58.98200107], [23.17045105, 58.97661197], [23.16466486, 58.97602606], [23.16109133, 58.97977102], [23.15840685, 58.98012447], [23.15022492, 58.97558212], [23.15912378, 58.96589351], [23.15851963, 58.96339035], [23.16694546, 58.95981872], [23.16857743, 58.95935893], [23.17274177, 58.96016502], [23.17488396, 58.95940542], [23.17505872, 58.96468222], [23.17740774, 58.96651387], [23.18228686, 58.96650684], [23.18508863, 58.96558106], [23.18564844, 58.96515656], [23.19037974, 58.95992315]], [[23.08332205, 58.97782242], [23.08166313, 58.97829986], [23.0774368, 58.97531664], [23.07995987, 58.97234273], [23.07946157, 58.97106802], [23.07812512, 58.97046363], [23.08638108, 58.96635902], [23.08768785, 58.9691956], [23.07981551, 58.97495687], [23.08332205, 58.97782242]], [[22.98856556, 58.97933304], [22.99529386, 58.98376632], [22.99254715, 58.98624384], [22.99187505, 58.98645425], [22.98909736, 58.98513711], [22.98691535, 58.98227656], [22.98687375, 58.97983301], [22.9877727, 58.97931314], [22.98856556, 58.97933304]], [[22.88715565, 58.98620164], [22.88704145, 58.98651016], [22.88359547, 58.98682272], [22.88072753, 58.98396194], [22.88111722, 58.98364878], [22.88644052, 58.98538041], [22.88715565, 58.98620164]], [[22.99522746, 58.98704696], [23.00045013, 58.98466432], [23.00402725, 58.97989786], [23.00431526, 58.98005342], [23.00703311, 58.98287225], [23.00719512, 58.98738384], [23.00265491, 58.98802745], [22.99522746, 58.98704696]], [[23.29355896, 59.04266417], [23.29125786, 59.03952897], [23.29196775, 59.03783715], [23.29280055, 59.03753376], [23.29568255, 59.03718233], [23.29886246, 59.0378021], [23.30058706, 59.03888154], [23.30128336, 59.03900301], [23.30601788, 59.0388571], [23.30645406, 59.03915763], [23.30728245, 59.04069042], [23.30640793, 59.04162896], [23.30392241, 59.04272628], [23.2983886, 59.04352713], [23.29355896, 59.04266417]], [[23.33012414, 59.03894031], [23.33097875, 59.03794587], [23.33159995, 59.0380882], [23.33233833, 59.0384593], [23.33376098, 59.04134953], [23.33352911, 59.04156733], [23.33148754, 59.0418756], [23.33007181, 59.04141676], [23.32963991, 59.04036605], [23.33012414, 59.03894031]], [[23.42730212, 59.03737736], [23.43272996, 59.03489721], [23.43638051, 59.03471863], [23.43627071, 59.03719115], [23.43442571, 59.03790045], [23.42730212, 59.03737736]], [[23.38428795, 59.01095355], [23.38506794, 59.01070225], [23.38701081, 59.01079857], [23.38999355, 59.01201224], [23.38988507, 59.01237297], [23.38467526, 59.01359451], [23.38445997, 59.01504028], [23.38206792, 59.01537132], [23.37984157, 59.01416755], [23.37955892, 59.01367354], [23.38428795, 59.01095355]], [[23.40982342, 59.0107218], [23.41748214, 59.00708377], [23.42066956, 59.00351441], [23.42145455, 59.00543821], [23.42104626, 59.00580382], [23.41172874, 59.01192796], [23.41087735, 59.01202285], [23.40982342, 59.0107218]], [[23.58171725, 58.96565306], [23.58242464, 58.96219873], [23.58777428, 58.9631263], [23.59179103, 58.96243894], [23.59271455, 58.96319985], [23.59268463, 58.96419573], [23.59123146, 58.96491992], [23.58171725, 58.96565306]], [[23.56924164, 58.96129572], [23.56325972, 58.96263754], [23.56233394, 58.96093535], [23.56426632, 58.95862663], [23.56069136, 58.95447874], [23.56153774, 58.95352077], [23.56871295, 58.95357418], [23.56595755, 58.95674992], [23.56750286, 58.95778167], [23.57229102, 58.95801687], [23.57174671, 58.95861733], [23.56924164, 58.96129572]], [[23.57023442, 58.9655838], [23.56968164, 58.96587503], [23.56530845, 58.96629381], [23.56734467, 58.96473765], [23.57020998, 58.96407998], [23.57084823, 58.96429861], [23.57023442, 58.9655838]], [[23.11164677, 58.91242993], [23.11443758, 58.91187835], [23.11557984, 58.91207147], [23.11935353, 58.91489887], [23.11343932, 58.91548395], [23.11073196, 58.91419005], [23.11135328, 58.91271806], [23.11164677, 58.91242993]], [[23.34451914, 58.90544081], [23.3516767, 58.89861906], [23.35311925, 58.89804184], [23.3526535, 58.90193248], [23.35469162, 58.90305221], [23.34451914, 58.90544081]], [[23.52722955, 59.12919343], [23.52347207, 59.13247836], [23.51802111, 59.130795], [23.52020001, 59.12838232], [23.52649212, 59.12838078], [23.52722955, 59.12919343]], [[23.12585068, 58.65443015], [23.1274693, 58.65431273], [23.12817884, 58.65445507], [23.13071883, 58.65758693], [23.13023257, 58.65774655], [23.12513185, 58.65693212], [23.12585068, 58.65443015]], [[23.02340245, 58.62645566], [23.03991485, 58.62587047], [23.04225707, 58.62883115], [23.03488088, 58.63295186], [23.03167987, 58.63913596], [23.03315187, 58.6440438], [23.02797186, 58.64401054], [23.02453327, 58.64583194], [23.02210164, 58.64577687], [23.01974905, 58.64653218], [23.01834226, 58.64571023], [23.01622832, 58.64544284], [23.01581514, 58.64489234], [23.00854492, 58.63177288], [23.01266825, 58.62903082], [23.02340245, 58.62645566]], [[23.04239654, 58.62635243], [23.04081547, 58.62455356], [23.04190183, 58.6236124], [23.04270041, 58.62362623], [23.04598272, 58.62726235], [23.04596615, 58.62772524], [23.04446554, 58.62815487], [23.04239654, 58.62635243]], [[23.04749346, 58.62418222], [23.04773724, 58.62153876], [23.05182612, 58.62387586], [23.05205596, 58.62042296], [23.05657625, 58.61904252], [23.05977976, 58.61903214], [23.06497896, 58.62147236], [23.05731642, 58.62395453], [23.05372941, 58.62568152], [23.04981875, 58.62615502], [23.04749346, 58.62418222]], [[23.06028295, 58.61686981], [23.05997884, 58.61672485], [23.05964386, 58.61590505], [23.06206346, 58.61433685], [23.0625869, 58.61412024], [23.06744838, 58.61305821], [23.06852913, 58.61306226], [23.07137942, 58.61358976], [23.07151091, 58.61374354], [23.06714916, 58.61738014], [23.06365562, 58.61777723], [23.06028295, 58.61686981]], [[23.27142274, 58.52433372], [23.27005231, 58.52468491], [23.26959085, 58.52435243], [23.26964617, 58.52260864], [23.27594018, 58.5205127], [23.27142274, 58.52433372]], [[23.2793051, 58.54062366], [23.27846575, 58.54091096], [23.27529657, 58.54055405], [23.27478516, 58.53980887], [23.27502406, 58.53965056], [23.28210115, 58.53806281], [23.2793051, 58.54062366]], [[23.26394093, 58.53977334], [23.26776695, 58.54084885], [23.26428664, 58.54065394], [23.26385045, 58.54077208], [23.26146925, 58.5419358], [23.26081467, 58.54168701], [23.26038218, 58.54081786], [23.26218104, 58.53989363], [23.26394093, 58.53977334]], [[23.14216924, 58.54124343], [23.13991582, 58.54187965], [23.13634956, 58.54063368], [23.13745582, 58.54044175], [23.14203143, 58.54040575], [23.14204144, 58.54046726], [23.14216924, 58.54124343]], [[23.27386296, 58.43755353], [23.27044392, 58.43911433], [23.27006388, 58.43915415], [23.26901984, 58.43864906], [23.26921236, 58.43806672], [23.27187252, 58.43470204], [23.27265978, 58.4347074], [23.27386296, 58.43755353]], [[23.27938366, 58.43974733], [23.28127885, 58.43870854], [23.28380466, 58.43872893], [23.28240883, 58.44083142], [23.27938366, 58.43974733]], [[23.27873576, 58.44330633], [23.27791226, 58.44340575], [23.27686465, 58.44245791], [23.27738047, 58.44166243], [23.27845061, 58.44132316], [23.28094506, 58.44149363], [23.28175771, 58.441751], [23.28204358, 58.44222558], [23.27873576, 58.44330633]], [[23.25796795, 58.45337975], [23.25726116, 58.45343983], [23.25373948, 58.45160055], [23.2549566, 58.45050526], [23.25684023, 58.450652], [23.25841177, 58.45215011], [23.25880265, 58.45270467], [23.25796795, 58.45337975]], [[23.16795874, 58.43345785], [23.16645956, 58.43433154], [23.1643759, 58.43325067], [23.16441453, 58.43278706], [23.16570616, 58.43137515], [23.16673255, 58.43149173], [23.16787672, 58.43250763], [23.16795874, 58.43345785]], [[23.16810358, 58.44333124], [23.1674242, 58.44342577], [23.16601205, 58.44186926], [23.16673517, 58.44026434], [23.17222416, 58.43989801], [23.16812778, 58.44174588], [23.16810358, 58.44333124]], [[23.16015017, 58.45979345], [23.15954745, 58.45981205], [23.15522766, 58.45270336], [23.15650988, 58.45125997], [23.15927315, 58.45129287], [23.16119945, 58.45242035], [23.16015017, 58.45979345]], [[23.15826845, 58.46493888], [23.15825343, 58.46619821], [23.15529513, 58.46579754], [23.15504193, 58.46551704], [23.15516496, 58.46433544], [23.15671921, 58.46444797], [23.15826845, 58.46493888]], [[23.09982097, 58.42027545], [23.0987848, 58.42157745], [23.09387243, 58.41989613], [23.09377718, 58.41970015], [23.09722543, 58.41896212], [23.09982097, 58.42027545]], [[22.96429038, 58.36719668], [22.96346724, 58.36741197], [22.95963311, 58.36697066], [22.9586668, 58.36596215], [22.96033692, 58.36585784], [22.9639219, 58.36667097], [22.96429038, 58.36719668]], [[22.95903444, 58.36735964], [22.96073496, 58.36787677], [22.95470524, 58.36757815], [22.95903444, 58.36735964]], [[22.58235204, 58.21401012], [22.58912981, 58.21816337], [22.59501147, 58.21936858], [22.59500396, 58.22064924], [22.59291673, 58.22079766], [22.58927584, 58.22099495], [22.57795966, 58.21727967], [22.57920766, 58.21451092], [22.57978284, 58.21409714], [22.58235204, 58.21401012]], [[22.51945496, 58.22421133], [22.51883507, 58.22441316], [22.51465964, 58.22221613], [22.51444745, 58.22173023], [22.51627684, 58.22164893], [22.51909661, 58.22257662], [22.51981473, 58.22305584], [22.51945496, 58.22421133]], [[22.46849334, 58.23535812], [22.46780407, 58.23648024], [22.46326756, 58.23488283], [22.46174884, 58.23366904], [22.4605453, 58.23166037], [22.46318412, 58.23147702], [22.46434867, 58.23196065], [22.46849334, 58.23535812]]]]}, "geometry_name": "the_geom", "properties": {"name": "Gulf of Riga", "id": "1c", "longitude": 23.38102817126, "latitude": 57.93519159804, "min_x": 21.72510475582, "min_y": 56.80457985408, "max_x": 24.61678564584, "max_y": 59.21482083532, "area": 18692, "mrgid": 2409}}], "totalFeatures": 1, "numberMatched": 1, "numberReturned": 1, "timeStamp": "2026-08-12T16:56:07.592Z", "crs": {"type": "name", "properties": {"name": "urn:ogc:def:crs:EPSG::4326"}}}