{"type":"FeatureCollection","features":[{"type":"Feature","id":"iho.78","geometry":{"type":"MultiPolygon","coordinates":[[[[3.18116347,41.87484552],[3.18822369,41.8625948],[3.18789744,41.86287165],[3.18720794,41.86309481],[3.18637705,41.86276603],[3.18526804,41.86269164],[3.18469036,41.86254203],[3.18459475,41.86229825],[3.18476164,41.86200953],[3.18512881,41.86175227],[3.18597627,41.86162531],[3.18728721,41.86171806],[3.18818033,41.86205804],[3.18830813,41.86244828],[3.23305123,41.78481119],[3.27779433,41.70717409],[3.32253743,41.62953699],[3.36728053,41.55189989],[3.41202363,41.47426279],[3.45676672,41.39662569],[3.50150982,41.3189886],[3.54625292,41.2413515],[3.59099602,41.1637144],[3.63573912,41.0860773],[3.68048222,41.0084402],[3.72522532,40.9308031],[3.76996842,40.85316601],[3.81471152,40.77552891],[3.85945462,40.69789181],[3.90419772,40.62025471],[3.94894082,40.54261761],[3.99368392,40.46498051],[4.03842702,40.38734342],[4.08317012,40.30970632],[4.12791322,40.23206922],[4.17265632,40.15443212],[4.21739942,40.07679502],[4.26214252,39.99915792],[4.25880432,39.99923861],[4.25890994,39.99710047],[4.25469017,39.99811983],[4.25392616,39.99968505],[4.25382841,40],[4.25385356,40],[4.25352502,40.00042617],[4.25047564,40.00240695],[4.24510813,40.00027895],[4.23926306,40.00107014],[4.2374984,40],[4.23600948,39.99893475],[4.23022306,39.99953985],[4.22919416,39.99779355],[4.22409534,39.99886584],[4.22048211,39.99693131],[4.22050226,39.99953735],[4.21875,39.99944186],[4.21804547,40],[4.21838641,40],[4.21820462,40.00027895],[4.21875,40.00027895],[4.22048438,40.00123775],[4.22076976,40.00159574],[4.21875,40.00334823],[4.21875,40.00362706],[4.21795106,40.00401461],[4.21008897,40.00289691],[4.21047092,40.00503862],[4.21332717,40.00615931],[4.21321416,40.00691545],[4.21291685,40.00766873],[4.21122122,40.00765896],[4.21031153,40.01148593],[4.20830572,40.01336265],[4.20563674,40.00973594],[4.20819974,40.00712693],[4.20665097,40.00574315],[4.20384634,40.00954187],[4.20148468,40.00855947],[4.20101511,40.00813353],[4.20050681,40.00504565],[4.20264745,40],[4.20739555,39.99427211],[4.20884883,39.99373448],[4.20910251,39.99310148],[4.20899141,39.99202597],[4.20770252,39.98944747],[4.20557058,39.98869526],[4.20438826,39.98942184],[4.20566177,39.99037385],[4.20554233,39.99504852],[4.20155597,39.99695897],[4.20123994,40],[4.19881642,40.0040524],[4.20252621,40.01395833],[4.19768894,40.01152194],[4.20236754,40.01618195],[4.20267355,40.02205265],[4.2020334,40.02289104],[4.20047307,40.0212177],[4.19873214,40.02165747],[4.19753766,40.02506626],[4.19432962,40.02433634],[4.19669485,40.03068805],[4.19401646,40.03356826],[4.19110441,40.03510082],[4.19066596,40.03510475],[4.18607521,40.03244781],[4.18717933,40.03037322],[4.18247104,40.02542984],[4.18535781,40.02321231],[4.18361366,40.02182591],[4.18072903,40.02229655],[4.18195796,40.02370262],[4.18070185,40.02607334],[4.17487526,40.02461934],[4.16934776,40.02715802],[4.16864097,40.02911675],[4.17323267,40.03328872],[4.17152345,40.03616846],[4.16989052,40.03619361],[4.16940916,40.03403366],[4.16776836,40.03633952],[4.16529655,40.03601456],[4.16446352,40.03708804],[4.16344714,40.03641283],[4.16385484,40.03320003],[4.16117036,40.03215384],[4.16093445,40.0323981],[4.16069138,40.03553426],[4.16081548,40.03594851],[4.1632874,40.03990304],[4.16323555,40.04055238],[4.16028178,40.04267704],[4.16664326,40.04336703],[4.16623163,40.04632795],[4.16352117,40.04762435],[4.16704702,40.05051065],[4.16500533,40.05235624],[4.16506743,40.05623925],[4.17058921,40.05672204],[4.1732614,40.0604285],[4.17295921,40.06093836],[4.16812301,40.06119025],[4.15898156,40.06448245],[4.15470195,40.06791282],[4.15360403,40.06817603],[4.15195072,40.06821835],[4.14613605,40.06628764],[4.14259291,40.06752133],[4.14184821,40.07015038],[4.13974226,40.06824315],[4.13641465,40.06746244],[4.13712776,40.06018126],[4.14091527,40.05670595],[4.14115405,40.05480325],[4.13930714,40.05349004],[4.14198136,40.04920924],[4.13993716,40.04157364],[4.14056516,40.03511751],[4.13785315,40.03206861],[4.13718903,40.03471565],[4.13572776,40.03567982],[4.13433993,40.03516495],[4.13000751,40.03155994],[4.13295162,40.02892411],[4.12736511,40.02635467],[4.12693417,40.02657914],[4.12104917,40.03269148],[4.1208657,40.03669775],[4.12344146,40.03734183],[4.12794852,40.04933155],[4.13362575,40.05716705],[4.13443303,40.06274354],[4.13097394,40.06499255],[4.13111424,40.06349015],[4.12951374,40.06356287],[4.12927604,40.06208825],[4.12618542,40.06271565],[4.12492955,40.05489457],[4.11273921,40.05546713],[4.10980415,40.05426192],[4.10671592,40.04776621],[4.10768223,40.04583311],[4.10666966,40.04418385],[4.1047914,40.04428565],[4.09973586,40.05008352],[4.10090697,40.05405426],[4.0990417,40.05484021],[4.09870732,40.05836523],[4.09659457,40.05722475],[4.09537518,40.05750835],[4.09454286,40.05827665],[4.09352255,40.06159902],[4.09366286,40.06240666],[4.09691763,40.06542921],[4.09691048,40.06910551],[4.09333682,40.07093716],[4.09502423,40.07393301],[4.09370756,40.07458603],[4.09489882,40.0759747],[4.09741497,40.07716525],[4.09732091,40.078125],[4.09694302,40.078125],[4.09500122,40.08023465],[4.09965122,40.08350623],[4.09983754,40.08439815],[4.09833884,40.08632815],[4.09811115,40.08634913],[4.09500444,40.08460891],[4.09508896,40.08846772],[4.09366608,40.0890429],[4.09076262,40.08953464],[4.08529937,40.08787835],[4.08207023,40.09062564],[4.08093596,40.09094846],[4.08023155,40.09064674],[4.08135855,40.08826792],[4.08937597,40.08247364],[4.08963108,40.08200216],[4.0896492,40.078125],[4.08975315,40.07742023],[4.08683348,40.07475066],[4.089082,40.06888986],[4.08429074,40.07538855],[4.08301544,40.06904757],[4.07937706,40.06759036],[4.07851446,40.07111847],[4.07517266,40.06712461],[4.07509363,40.06259096],[4.07726073,40.06215775],[4.07573044,40.06153321],[4.07577372,40.05952585],[4.07378447,40.05892015],[4.07202601,40.06024492],[4.06904554,40.05811262],[4.06751585,40.05844724],[4.06698406,40.05694091],[4.06404006,40.05955744],[4.06236994,40.05863035],[4.05879903,40.05984902],[4.05410135,40.05716693],[4.05411255,40.05084515],[4.0508877,40.05316126],[4.04912567,40.05225384],[4.04640567,40.05646718],[4.0432806,40.05479574],[4.04147923,40.05561101],[4.04059064,40.05710554],[4.04414821,40.05788434],[4.04136944,40.05848265],[4.03614521,40.06425846],[4.03200901,40.06549525],[4.02717376,40.06562543],[4.0266844,40.06430435],[4.02905774,40.06380975],[4.02904296,40.06233764],[4.02699983,40.06262445],[4.02253485,40.06012523],[4.01790714,40.05969036],[4.01550257,40.05836535],[4.01567876,40.05639291],[4.00854528,40.05932581],[3.99469757,40.05853784],[3.98792291,40.05675566],[3.98611534,40.05245495],[3.97910333,40.05089211],[3.97549725,40.05366921],[3.97351432,40.05250704],[3.96868932,40.05325663],[3.96754467,40.05669785],[3.95972228,40.06132376],[3.95375276,40.05867994],[3.95063615,40.05880284],[3.94895136,40.05715215],[3.94226182,40.05613565],[3.94159746,40.05849135],[3.93808544,40.06174171],[3.93241835,40.062433],[3.92867267,40.06066692],[3.93067157,40.05812585],[3.92804086,40.05869257],[3.92589021,40.05658126],[3.92006385,40.05622911],[3.92095172,40.0514307],[3.92338455,40.04986572],[3.92261756,40.04755092],[3.92076015,40.04679501],[3.91795766,40.04839218],[3.91525304,40.04807675],[3.91612005,40.05086875],[3.91300857,40.05060971],[3.90989435,40.04835856],[3.90463364,40.05708826],[3.89845216,40.05965042],[3.89679694,40.05821776],[3.89480901,40.05883741],[3.89015865,40.05697095],[3.88656831,40.05852103],[3.88221455,40.05793285],[3.88374925,40.05511391],[3.88312125,40.05387831],[3.88151193,40.05560875],[3.87665236,40.05286717],[3.87282395,40.05328417],[3.8671875,40.05747771],[3.86612177,40.05533075],[3.86277056,40.05403245],[3.85218525,40.05520833],[3.83938444,40.05298305],[3.83676863,40.04976642],[3.82820916,40.05364597],[3.82774007,40.05350673],[3.82174945,40.05021083],[3.82129538,40.04964554],[3.82017577,40.04546285],[3.81784427,40.04385471],[3.81760383,40.04317403],[3.81789613,40.03997648],[3.81558871,40.04001474],[3.81328905,40.0383594],[3.81479871,40.03702176],[3.81290364,40.03465486],[3.81229043,40.03415966],[3.80714166,40.03378177],[3.80560625,40.03140056],[3.81006765,40.02860868],[3.80965137,40.02668953],[3.80280745,40.02518368],[3.80112445,40.02120185],[3.79399812,40.02041936],[3.79199231,40.01914465],[3.79089737,40.01501477],[3.79392385,40.01292241],[3.79544532,40.00891161],[3.79329717,40.00378215],[3.79659486,40.00240231],[3.79459131,40],[3.80084837,39.99697292],[3.80766034,39.99933565],[3.81318927,39.99476314],[3.82478213,39.99632645],[3.82948637,39.99340856],[3.82969236,39.99288225],[3.82952833,39.99203992],[3.82761025,39.99238062],[3.82985127,39.98259115],[3.83127666,39.97937632],[3.83366954,39.98008764],[3.82978225,39.97305095],[3.82974803,39.96919262],[3.83230662,39.96633255],[3.83406866,39.96072042],[3.82447195,39.95221984],[3.82603943,39.94603443],[3.82299292,39.94323385],[3.82454324,39.94040215],[3.82175148,39.93704963],[3.82001913,39.92805743],[3.82057226,39.92534566],[3.82355845,39.921682],[3.82519865,39.92295015],[3.82963216,39.92284083],[3.83213675,39.92465413],[3.83692372,39.92458057],[3.83984005,39.92253137],[3.84223962,39.92549145],[3.84773815,39.92240393],[3.85283625,39.92247105],[3.8537364,39.92109394],[3.85685241,39.92239416],[3.85907924,39.92107785],[3.8671875,39.92131686],[3.87094045,39.92237067],[3.87548077,39.92166793],[3.88150847,39.92245007],[3.88408434,39.92158067],[3.88543415,39.92296851],[3.89097154,39.9238801],[3.89193773,39.92686665],[3.89653635,39.92689276],[3.89604557,39.92286587],[3.89877963,39.92164195],[3.90274894,39.92517996],[3.90685475,39.92363346],[3.91172564,39.92497361],[3.91396785,39.92703807],[3.91467917,39.93159902],[3.91784203,39.92881465],[3.92311013,39.93165624],[3.93134415,39.93126357],[3.93676376,39.93418884],[3.93711853,39.93815231],[3.93924463,39.93544376],[3.94567347,39.93337834],[3.94852114,39.93300605],[3.95034337,39.93461597],[3.95365202,39.93487573],[3.95466125,39.93634772],[3.95997918,39.93775487],[3.96093965,39.93614256],[3.95810902,39.93478227],[3.96182013,39.93167365],[3.96966982,39.93153214],[3.97233224,39.93365276],[3.97352052,39.93136072],[3.98130906,39.92888534],[3.98662615,39.92905128],[3.98974431,39.93073094],[3.98961675,39.92733455],[3.99828851,39.92439318],[4.00235713,39.92431045],[4.00500476,39.92189276],[4.006971,39.92100024],[4.01098442,39.92004085],[4.01366508,39.91971791],[4.01458037,39.91980946],[4.02046847,39.92164278],[4.02629006,39.92007387],[4.03074455,39.91749001],[4.02981436,39.91540801],[4.03178096,39.91729915],[4.03458214,39.91675115],[4.03660035,39.91468906],[4.04294515,39.9133321],[4.04430425,39.91033316],[4.04472172,39.91006815],[4.04952812,39.90883267],[4.053846,39.90614891],[4.05437136,39.90760434],[4.05487037,39.90762925],[4.05676794,39.90714526],[4.06277776,39.90474915],[4.06641841,39.90234375],[4.06673264,39.90234375],[4.07601714,39.89810276],[4.07871902,39.8958019],[4.07839227,39.89323938],[4.07908404,39.89169955],[4.0799216,39.89092827],[4.08073223,39.89066005],[4.08179343,39.89119065],[4.08618283,39.88537025],[4.0901612,39.88263702],[4.09065664,39.8823868],[4.09494746,39.88127816],[4.09914565,39.87689567],[4.10644877,39.87382245],[4.10864127,39.87395692],[4.11336994,39.87085545],[4.1176784,39.86916494],[4.12491333,39.86741054],[4.12970293,39.86674321],[4.13012123,39.86683583],[4.13181615,39.86837661],[4.13122404,39.87073112],[4.13225555,39.87104106],[4.13238895,39.86399102],[4.1362946,39.86393535],[4.14360595,39.86131692],[4.15794003,39.8545773],[4.16347516,39.84963095],[4.16886365,39.84877217],[4.17327225,39.84405518],[4.17822504,39.84209263],[4.1829282,39.83827734],[4.18829358,39.83665276],[4.19634128,39.83200037],[4.19947708,39.83235013],[4.20513356,39.82932436],[4.20532846,39.82624388],[4.20792055,39.82462287],[4.20837367,39.82442021],[4.21030271,39.82508135],[4.21002436,39.82769203],[4.21018636,39.82799435],[4.21177387,39.8285526],[4.21383345,39.82825971],[4.21422005,39.82806396],[4.21455824,39.82545126],[4.21576762,39.82769012],[4.21875,39.82617176],[4.21961331,39.82679355],[4.22299826,39.82465982],[4.21997046,39.82157946],[4.22219348,39.82131207],[4.22272384,39.82330322],[4.22503972,39.82355797],[4.2243793,39.82140052],[4.22731233,39.82100916],[4.22862744,39.82198143],[4.23048115,39.82110763],[4.23193204,39.81846344],[4.23647904,39.81626225],[4.23738337,39.81387067],[4.23967505,39.8130908],[4.2422682,39.81264925],[4.24023604,39.81607688],[4.24205625,39.81514585],[4.24352801,39.81603074],[4.24462247,39.81350386],[4.24653435,39.81488585],[4.24850345,39.81366467],[4.26092982,39.81161451],[4.2620697,39.80966628],[4.27249265,39.80894566],[4.28069806,39.81032777],[4.28153706,39.81149185],[4.28047335,39.81388664],[4.28832078,39.81507862],[4.28844478,39.81522966],[4.29021513,39.80261948],[4.29010165,39.80259752],[4.28993011,39.80287802],[4.28907073,39.80395544],[4.28719437,39.80097771],[4.282763,39.80183578],[4.28164434,39.80071294],[4.28580304,39.79905429],[4.20854003,39.76098404],[4.13127702,39.72291378],[4.05401401,39.68484352],[3.976751,39.64677327],[3.89948799,39.60870301],[3.82222498,39.57063275],[3.74496197,39.5325625],[3.66769896,39.49449224],[3.59043595,39.45642198],[3.51317294,39.41835173],[3.43590993,39.38028147],[3.35864692,39.34221121],[3.28138391,39.30414096],[3.2041209,39.2660707],[3.12685789,39.22800044],[3.04959489,39.18993019],[2.97233188,39.15185993],[2.97352982,39.15411556],[2.97659945,39.15669274],[2.97656906,39.15733671],[2.97487366,39.15801334],[2.97032595,39.15837657],[2.97043633,39.16083515],[2.96882975,39.16077948],[2.96684492,39.16263986],[2.96608877,39.16187453],[2.9628731,39.16222143],[2.96219695,39.16247058],[2.95915091,39.16513002],[2.95726156,39.16383851],[2.95646143,39.16384816],[2.95169675,39.165784],[2.94734025,39.16442394],[2.94632185,39.16348386],[2.94619525,39.16080403],[2.94645667,39.16013253],[2.94842684,39.15901673],[2.94851994,39.15864325],[2.94760644,39.15683794],[2.95025182,39.15549016],[2.94867885,39.15363264],[2.95067823,39.15078795],[2.95031404,39.15003943],[2.94960094,39.14957643],[2.94574487,39.15035272],[2.94263697,39.14904022],[2.93922925,39.15473652],[2.93734395,39.15619338],[2.93561494,39.15690863],[2.93500245,39.15700388],[2.93072557,39.15607655],[2.92856252,39.15437985],[2.93037021,39.15303791],[2.92967796,39.15121245],[2.93463266,39.15011108],[2.93508744,39.1496073],[2.93703973,39.14487696],[2.93706441,39.14419246],[2.93690217,39.14383495],[2.93318534,39.14445615],[2.93262446,39.14433897],[2.93081737,39.14276505],[2.93023467,39.14635897],[2.92674625,39.14641821],[2.923527,39.15724015],[2.91711926,39.16108894],[2.91691852,39.15748584],[2.92061615,39.15188706],[2.91706836,39.15211904],[2.91943514,39.14892685],[2.91356337,39.14417374],[2.91380835,39.14135575],[2.91593385,39.13780475],[2.92107677,39.13882995],[2.925264,39.13798654],[2.92454505,39.13646996],[2.92211974,39.13595605],[2.92472112,39.13465405],[2.92473125,39.13157046],[2.91970944,39.12965631],[2.92012143,39.12828267],[2.92277896,39.12744343],[2.83833195,39.09761111],[2.75388493,39.06777878],[2.66943791,39.03794646],[2.58499089,39.00811413],[2.50054387,38.9782818],[2.41609685,38.94844948],[2.33164983,38.91861715],[2.24720281,38.88878483],[2.16275579,38.8589525],[2.07830878,38.82912017],[1.99386176,38.79928785],[1.90941474,38.76945552],[1.82496772,38.7396232],[1.7405207,38.70979087],[1.65607368,38.67995855],[1.57162666,38.65012622],[1.57414925,38.65215945],[1.57599497,38.65749252],[1.58540785,38.66182923],[1.58552361,38.66216624],[1.58468175,38.67059374],[1.58238781,38.671875],[1.58203125,38.671875],[1.582708,38.67703676],[1.57796538,38.68434787],[1.57264233,38.68611824],[1.57230127,38.68648791],[1.57007301,38.68951273],[1.57090175,38.69150114],[1.56401718,38.69217622],[1.56094074,38.69184434],[1.55454004,38.68842685],[1.55198205,38.68544281],[1.53710175,38.67869484],[1.53782058,38.67817771],[1.53441036,38.67659175],[1.53159738,38.67340255],[1.53121448,38.67328894],[1.53008628,38.67345774],[1.51235664,38.67998803],[1.50628436,38.68306518],[1.49414063,38.69050944],[1.47990215,38.70241713],[1.4784528,38.70607114],[1.48087943,38.70703983],[1.47942805,38.71266854],[1.47713256,38.71383071],[1.47129846,38.72074962],[1.47337496,38.72837496],[1.46445966,38.72329426],[1.45672667,38.72679186],[1.45632493,38.72576845],[1.4583714,38.72576892],[1.45797765,38.72383881],[1.45485795,38.72728705],[1.45786965,38.72780764],[1.45283771,38.73158407],[1.45065105,38.73039997],[1.44751131,38.73299563],[1.43886745,38.74706197],[1.43614995,38.76715827],[1.43193245,38.78419566],[1.42836344,38.79054415],[1.42511952,38.79311633],[1.42656326,38.79364777],[1.4241991,38.79737127],[1.42353153,38.79888582],[1.42271781,38.79928374],[1.42099023,38.79916418],[1.42094326,38.79878056],[1.42312217,38.79726183],[1.42142665,38.79730678],[1.41879845,38.79499245],[1.42226815,38.79092205],[1.42032683,38.79058266],[1.41669512,38.78474057],[1.41914952,38.77818453],[1.42387962,38.78017175],[1.42521358,38.78224373],[1.42609763,38.78209162],[1.42929673,38.77994406],[1.43289876,38.77277744],[1.43130076,38.77106345],[1.43472075,38.76442444],[1.43476272,38.75705814],[1.43462467,38.75619602],[1.43235207,38.75442743],[1.42987883,38.75512981],[1.43042421,38.75276744],[1.43256855,38.75267661],[1.43286932,38.7524265],[1.43300641,38.75173748],[1.43290126,38.7506448],[1.43223786,38.74969006],[1.43061626,38.75145805],[1.43116724,38.74536276],[1.43083525,38.7435286],[1.42938685,38.74035525],[1.42792153,38.73814726],[1.42173243,38.73324835],[1.41765666,38.73361695],[1.41493082,38.73566651],[1.41300034,38.73223746],[1.40625,38.72851563],[1.40625,38.72823656],[1.40535665,38.72795761],[1.40216935,38.72796536],[1.40032673,38.72884655],[1.39876163,38.72998846],[1.39869165,38.73328805],[1.39651477,38.73530984],[1.3920542,38.72660601],[1.38681734,38.72395921],[1.38676596,38.72183335],[1.38018203,38.71993351],[1.38001263,38.7194643],[1.38001812,38.71715724],[1.38688624,38.71159375],[1.38940406,38.69919264],[1.38817561,38.69392574],[1.3810904,38.69315505],[1.38000631,38.69102764],[1.38588512,38.671875],[1.38592625,38.671875],[1.38797295,38.66578805],[1.38797295,38.66539752],[1.38316655,38.64772153],[1.38331083,38.64731111],[1.2971847,38.65918497],[1.21105856,38.67105884],[1.12493243,38.68293271],[1.03880629,38.69480657],[0.95268016,38.70668044],[0.86655402,38.7185543],[0.78042789,38.73042817],[0.69430176,38.74230203],[0.60817562,38.7541759],[0.52204949,38.76604976],[0.43592335,38.77792363],[0.34979722,38.7897975],[0.26367109,38.80167136],[0.17754495,38.81354523],[0.17684853,38.81368053],[0.17622805,38.81382716],[0.17568374,38.81395805],[0.17524874,38.81409395],[0.17487693,38.81422067],[0.17449403,38.81439495],[0.17405164,38.81465745],[0.17359507,38.81504178],[0.17323911,38.81536555],[0.17273247,38.81554425],[0.17189813,38.81562316],[0.16986251,38.81690681],[0.16948426,38.81708968],[0.16916811,38.81734586],[0.16876185,38.81777906],[0.16835141,38.81796491],[0.16768622,38.81820834],[0.16688371,38.81840706],[0.1661005,38.81859052],[0.16529834,38.81878936],[0.16463327,38.81903303],[0.16422105,38.81921935],[0.16379821,38.81965172],[0.16348493,38.81990051],[0.16317058,38.82006943],[0.16296673,38.82022786],[0.16286182,38.82042396],[0.16132236,38.82153344],[0.16094446,38.82184672],[0.16054785,38.8224616],[0.16008365,38.82338285],[0.15944386,38.82416725],[0.15883243,38.82455456],[0.15818834,38.82475233],[0.15741825,38.82500994],[0.156762,38.82551277],[0.15640783,38.82613134],[0.15619302,38.82666612],[0.15594983,38.82711971],[0.15551508,38.82746375],[0.15497327,38.82771695],[0.15454435,38.82799542],[0.15397143,38.82835865],[0.15346265,38.82826006],[0.15288997,38.82799101],[0.15238476,38.82775056],[0.15186775,38.82762504],[0.15125346,38.82775915],[0.15067816,38.82818842],[0.15031397,38.82869744],[0.15003252,38.82915044],[0.15001786,38.82934904],[0.14978814,38.82973254],[0.14960754,38.83015466],[0.14943814,38.83057773],[0.14930391,38.83099675],[0.14914525,38.83133876],[0.14886892,38.83157945],[0.14822006,38.83171797],[0.14724183,38.83180714],[0.14660466,38.83193803],[0.14636266,38.83212435],[0.14625764,38.83231556],[0.14284468,38.83231223],[0.14192534,38.83250666],[0.14093232,38.83272445],[0.14027786,38.83305454],[0.13999271,38.83341706],[0.13971305,38.83367407],[0.13913572,38.83388174],[0.13820088,38.83412766],[0.13701725,38.83432066],[0.13590825,38.83447206],[0.13493228,38.83458555],[0.13441443,38.83472443],[0.13422883,38.83490431],[0.13404334,38.83508873],[0.13368261,38.83530593],[0.13319981,38.83555055],[0.13280666,38.83558321],[0.13257694,38.83526397],[0.13243485,38.83467531],[0.13228166,38.83417296],[0.13213456,38.83381903],[0.13195062,38.83352685],[0.13169742,38.83324134],[0.13125551,38.83298326],[0.13066638,38.83280766],[0.12969506,38.83225906],[0.12835872,38.8324666],[0.12728214,38.83272445],[0.1263895,38.83292282],[0.12559915,38.83307254],[0.12485135,38.83318555],[0.12439835,38.83334136],[0.12413096,38.83357644],[0.12380731,38.83383715],[0.12342954,38.83408725],[0.12305701,38.83444905],[0.12270868,38.83494103],[0.12226808,38.83549237],[0.12223685,38.83798516],[0.12248003,38.83846843],[0.12265074,38.83898854],[0.12273025,38.83942282],[0.12264144,38.83980596],[0.12247252,38.84019554],[0.12226725,38.84053504],[0.12211132,38.84082603],[0.12203634,38.84109795],[0.12208486,38.84137595],[0.12208748,38.84168518],[0.12198055,38.84204507],[0.12182045,38.8424021],[0.12150455,38.84257925],[0.12094521,38.84250486],[0.12025535,38.84225297],[0.11957932,38.84202945],[0.11899364,38.84186244],[0.11836147,38.84167254],[0.11908257,38.84139812],[0.11949933,38.84106827],[0.11960447,38.84064436],[0.11946654,38.8402369],[0.11938572,38.83965611],[0.11984885,38.83941591],[0.12020898,38.83922863],[0.12039232,38.83899236],[0.12035477,38.83868992],[0.12008822,38.83849323],[0.11969674,38.83847535],[0.11926425,38.83880365],[0.11907697,38.83896351],[0.11879063,38.83907938],[0.11846173,38.83919895],[0.11817038,38.83931506],[0.11793697,38.83950305],[0.11764216,38.83980191],[0.11717653,38.84010375],[0.11670935,38.84024441],[0.11625385,38.84038341],[0.11570466,38.84062386],[0.11506677,38.84097886],[0.11460292,38.84125793],[0.11435127,38.84153604],[0.11414981,38.84189761],[0.11383414,38.84222221],[0.11345911,38.84243357],[0.11288178,38.84280431],[0.11302614,38.84326351],[0.11316466,38.84368372],[0.11315525,38.84409177],[0.11297011,38.84446585],[0.11272597,38.84485531],[0.11253905,38.84526753],[0.11261523,38.84553826],[0.11293483,38.84537017],[0.11314094,38.84520125],[0.11344492,38.84507167],[0.11379194,38.8449434],[0.11409545,38.84483123],[0.11428654,38.84468281],[0.11438346,38.84448135],[0.11673546,38.84243727],[0.11687136,38.84222746],[0.11718321,38.84212744],[0.11773312,38.84221435],[0.11833441,38.84244537],[0.11894286,38.84281862],[0.11866868,38.84331977],[0.11851525,38.84364617],[0.11862445,38.84403157],[0.11919558,38.84439278],[0.11996114,38.84450984],[0.12056172,38.84439933],[0.12098086,38.84421575],[0.12156081,38.84407151],[0.12179351,38.84445262],[0.12217522,38.84519982],[0.12284791,38.84595716],[0.12358725,38.84648836],[0.12431824,38.84691465],[0.12491214,38.84721625],[0.1254338,38.84750402],[0.12540495,38.84765625],[0.12578845,38.84765625],[0.12585032,38.84842384],[0.12554431,38.84844136],[0.12513626,38.8483361],[0.12464857,38.84810662],[0.12424064,38.84792125],[0.12399662,38.84765625],[0.12397575,38.84765625],[0.12380922,38.84737575],[0.12294102,38.84679735],[0.122334,38.84641516],[0.12197292,38.84612346],[0.12176943,38.84589744],[0.12147927,38.84573221],[0.12095344,38.84554005],[0.12029052,38.84523082],[0.11702275,38.84517264],[0.11669254,38.84533072],[0.11632061,38.84546494],[0.11580241,38.84566236],[0.11502886,38.84600008],[0.11412644,38.84649754],[0.11341357,38.84689796],[0.11283624,38.84724915],[0.11290014,38.84765625],[0.11300874,38.84776795],[0.11315787,38.84819734],[0.11309278,38.84864116],[0.11276674,38.848948],[0.11234581,38.848948],[0.11196876,38.84864116],[0.11170816,38.84819734],[0.11146307,38.84776795],[0.11145353,38.84765625],[0.11039925,38.84765625],[0.11045647,38.84751272],[0.11007488,38.84739721],[0.10962713,38.84728301],[0.1092,38.84717643],[0.10875106,38.84717643],[0.10814238,38.84728301],[0.10736954,38.84739721],[0.10670924,38.84751272],[0.10682642,38.84765625],[0.10464454,38.84765625],[0.1042186,38.84789503],[0.103567,38.84799206],[0.10293937,38.84813035],[0.10235977,38.84831297],[0.10190177,38.84860325],[0.10156846,38.84897053],[0.1012516,38.84937084],[0.1010164,38.84972513],[0.10075855,38.85007465],[0.10035014,38.85050976],[0.09972095,38.85099876],[0.09916055,38.85131824],[0.09868825,38.85154545],[0.09815288,38.85181165],[0.09750974,38.85217607],[0.09695137,38.85244644],[0.09645665,38.85262895],[0.0959599,38.85275924],[0.09552455,38.85289526],[0.09512305,38.85302567],[0.09467852,38.85317206],[0.09417725,38.85330737],[0.09372675,38.85344386],[0.09332788,38.85354507],[0.09309471,38.8537569],[0.09261382,38.85385633],[0.09194672,38.8540107],[0.09105217,38.85421371],[0.09027433,38.85447574],[0.08974683,38.85469341],[0.08935165,38.85490394],[0.08590496,38.85494101],[0.08544171,38.85511816],[0.08483803,38.85525846],[0.08396614,38.85539782],[0.08274031,38.8555274],[0.08145654,38.85569072],[0.08003926,38.85589576],[0.07872283,38.85615778],[0.07758176,38.85636318],[0.07687056,38.85652721],[0.07647216,38.85665655],[0.07616556,38.85679197],[0.07577908,38.85692143],[0.07514405,38.85708535],[0.07420766,38.85729075],[0.07324505,38.85755265],[0.07237124,38.85775793],[0.07163537,38.85792232],[0.07096183,38.85805392],[0.07044995,38.85819435],[0.07001841,38.85832703],[0.06949854,38.85847378],[0.06883764,38.85860884],[0.06820047,38.85874534],[0.06756425,38.85884655],[0.06712675,38.85906672],[0.06657195,38.85916805],[0.06612194,38.85930395],[0.06575406,38.85943663],[0.06541455,38.85957861],[0.06505394,38.85970914],[0.06460631,38.85986912],[0.06401563,38.86007225],[0.0633136,38.86035275],[0.06247616,38.86062694],[0.06140268,38.86090314],[0.0601902,38.86110401],[0.05933654,38.86128283],[0.05877495,38.86148345],[0.05828917,38.86174035],[0.05787277,38.86194336],[0.05750752,38.86210716],[0.05716586,38.86223686],[0.05683553,38.86237264],[0.05648851,38.86250174],[0.05603504,38.86266422],[0.05533135,38.86286616],[0.05429697,38.86312616],[0.05303681,38.863343],[0.05196142,38.86355305],[0.05157256,38.8635236],[0.05041575,38.86337686],[0.04918337,38.86327171],[0.04846191,38.86312485],[0.04819512,38.86284006],[0.0480715,38.86235356],[0.04798293,38.86171424],[0.04782903,38.86120272],[0.04748964,38.86084294],[0.04669511,38.86058021],[0.04549515,38.86041331],[0.0443989,38.86027086],[0.04343915,38.86013615],[0.04268157,38.85996425],[0.03803074,38.85983515],[0.03682935,38.85973275],[0.03539002,38.85979962],[0.03415167,38.86005115],[0.03318655,38.86033595],[0.03250158,38.86062765],[0.03205502,38.86083531],[0.03170657,38.86099505],[0.03132248,38.86112177],[0.03079915,38.86125577],[0.03014874,38.86138284],[0.02958727,38.86154234],[0.02909064,38.86174595],[0.02856886,38.86202741],[0.02805495,38.86230183],[0.02754104,38.86257708],[0.02705455,38.86277318],[0.02648175,38.86294234],[0.02574265,38.86313856],[0.02500844,38.86343384],[0.02432871,38.86378038],[0.02365148,38.86418033],[0.02312446,38.86445606],[0.02272785,38.864627],[0.02237904,38.86472225],[0.02208054,38.86490595],[0.02199554,38.86495805],[0.02144146,38.86507034],[0.02093625,38.86513865],[0.02038026,38.86499703],[0.01974761,38.86464834],[0.01925123,38.86436033],[0.01886511,38.86415684],[0.01836944,38.86401474],[0.01747966,38.8639065],[0.01621628,38.86390722],[0.01524365,38.86401463],[0.01459157,38.8641479],[0.01403737,38.86433172],[0.01328993,38.86460805],[0.01223934,38.86502576],[0.01105535,38.8654443],[0.01008177,38.86586106],[0.00946188,38.86613321],[0.00900626,38.86630726],[0.00854051,38.86643243],[0.0080384,38.86656654],[0.00736785,38.86669374],[0.00638318,38.86683345],[0.00512075,38.86696553],[0.00420165,38.86712885],[0.00356817,38.86733091],[0.00290585,38.86759055],[0.00217915,38.86780715],[0.00153625,38.86801743],[0,38.86802447],[0,38.86830354],[-6.0E-8,38.86830354],[-0.00046253,38.86833215],[-0.00106716,38.86850345],[-0.00176501,38.86864388],[-0.00248897,38.86880755],[-0.00333691,38.86901093],[-0.00428462,38.86927211],[-0.00529051,38.86947715],[-0.00620568,38.86964035],[-0.00708175,38.86976731],[-0.00775611,38.86989892],[-0.00830448,38.87003016],[-0.00886261,38.87022138],[-0.00967681,38.87049985],[-0.01086295,38.87084198],[-0.0121721,38.87099481],[-0.01309085,38.87099302],[-0.01373863,38.87102771],[-0.01430464,38.8711071],[-0.01464486,38.8712635],[-0.01481116,38.87152386],[-0.01494992,38.87186575],[-0.0151,38.87221706],[-0.0153805,38.87244606],[-0.0158298,38.87258744],[-0.01630998,38.87274385],[-0.01672852,38.87285435],[-0.01740456,38.87316084],[-0.01794446,38.87334895],[-0.01823127,38.87351346],[-0.01836026,38.87375665],[-0.01850987,38.87410486],[-0.0188055,38.87452495],[-0.01945424,38.87488973],[-0.02038515,38.87515712],[-0.02116835,38.87539852],[-0.02162755,38.87556612],[-0.02188385,38.87576926],[-0.02217424,38.87613606],[-0.02261782,38.87664294],[-0.02301395,38.87708664],[-0.02345526,38.87743926],[-0.02404213,38.87776291],[-0.02480197,38.87813234],[-0.02552342,38.87838316],[-0.02609706,38.87854266],[-0.02654433,38.87869155],[-0.02681696,38.87899017],[-0.02705514,38.87946618],[-0.02747166,38.87987375],[-0.02804446,38.88012505],[-0.02956557,38.88113844],[-0.02992404,38.88113844],[-0.03243804,38.88306701],[-0.03280675,38.88316011],[-0.03345513,38.88338971],[-0.03379083,38.88380432],[-0.03393233,38.88414454],[-0.03405321,38.88449705],[-0.03424191,38.88472652],[-0.03460801,38.88485622],[-0.03522694,38.88497448],[-0.03603971,38.88508594],[-0.03670943,38.88524365],[-0.03725874,38.88549626],[-0.03779733,38.8859272],[-0.03828335,38.88644814],[-0.03877401,38.88698912],[-0.03909087,38.88736355],[-0.03933227,38.88755095],[-0.03962457,38.8876518],[-0.03995538,38.88775837],[-0.04025006,38.88786256],[-0.04045212,38.88801622],[-0.04060924,38.88824534],[-0.04081237,38.88851392],[-0.04082775,38.8887943],[-0.04138303,38.88912284],[-0.04199398,38.88952124],[-0.04264796,38.89010465],[-0.04312754,38.89066994],[-0.0435698,38.89108348],[-0.04405677,38.89140546],[-0.04454112,38.8917855],[-0.04484224,38.8921411],[-0.04505324,38.89244866],[-0.04532445,38.89273775],[-0.04587054,38.89302325],[-0.04665363,38.89332771],[-0.04737961,38.89375281],[-0.04794157,38.89420974],[-0.04855692,38.89462161],[-0.0491662,38.89487088],[-0.04965794,38.89504004],[-0.05005956,38.89520931],[-0.05038226,38.89546454],[-0.0505892,38.89576232],[-0.05079865,38.89608514],[-0.05113006,38.89645672],[-0.05172324,38.89684474],[-0.0524466,38.89712775],[-0.05262661,38.89721584],[-0.05272472,38.89741862],[-0.05291605,38.89756715],[-0.05321682,38.89767492],[-0.05355275,38.89778912],[-0.05384147,38.89789832],[-0.05406356,38.89808095],[-0.05434895,38.89839947],[-0.05484736,38.89879405],[-0.05546618,38.89911556],[-0.05621874,38.89940917],[-0.05699706,38.89967573],[-0.05753732,38.90002704],[-0.05780125,38.90044212],[-0.05798554,38.90081513],[-0.05822492,38.90113771],[-0.05865812,38.90140593],[-0.05920064,38.90158176],[-0.05966234,38.90172005],[-0.05998111,38.90183067],[-0.06015432,38.90197074],[-0.06026077,38.90214407],[-0.06044591,38.90229905],[-0.06077957,38.90246308],[-0.06122136,38.902704],[-0.06154418,38.90322733],[-0.06207001,38.90359926],[-0.06238055,38.90369225],[-0.06303108,38.90412557],[-0.06431997,38.90498388],[-0.06471276,38.90525293],[-0.06511176,38.9057821],[-0.06552494,38.90659654],[-0.06599963,38.90740001],[-0.06631851,38.90794945],[-0.06655586,38.90820575],[-0.06716394,38.90842295],[-0.06754673,38.90854001],[-0.06802487,38.90870106],[-0.06862307,38.90890372],[-0.06921756,38.90915763],[-0.06969595,38.90935695],[-0.07011914,38.90955126],[-0.07058155,38.90980887],[-0.07104921,38.91017735],[-0.07134211,38.91047883],[-0.07157326,38.91065407],[-0.07188392,38.91083217],[-0.07229197,38.91121471],[-0.0727818,38.91183805],[-0.07332921,38.91254187],[-0.07358706,38.91303015],[-0.07369852,38.91332924],[-0.07405615,38.91324997],[-0.07436287,38.91369987],[-0.07462454,38.91408205],[-0.07500541,38.91429353],[-0.07552326,38.91438878],[-0.07587945,38.91451061],[-0.07607484,38.91474438],[-0.07629406,38.91512597],[-0.07663357,38.91567302],[-0.07710791,38.91626692],[-0.07744396,38.91671455],[-0.0776571,38.91702056],[-0.07785165,38.91723311],[-0.07823765,38.91737473],[-0.07885158,38.91752124],[-0.07936811,38.91777241],[-0.07965386,38.91811144],[-0.07985425,38.91855955],[-0.08007085,38.91909516],[-0.08040607,38.91950893],[-0.08079433,38.91975105],[-0.08234501,38.92093575],[-0.08247447,38.92112923],[-0.08274865,38.92126358],[-0.08319795,38.92136264],[-0.08368623,38.92152143],[-0.08419144,38.92181695],[-0.08467305,38.92233682],[-0.08497095,38.92288363],[-0.08520901,38.92321145],[-0.08551741,38.92340875],[-0.0858711,38.92367744],[-0.08619773,38.92405856],[-0.08653116,38.92453063],[-0.08676517,38.92495286],[-0.08697641,38.92519164],[-0.09107113,38.92825747],[-0.09116066,38.92846668],[-0.09151912,38.92874575],[-0.09178793,38.9288156],[-0.09353495,38.93010604],[-0.09349644,38.93322384],[-0.09386015,38.93330205],[-0.09425211,38.93328702],[-0.09456587,38.93311107],[-0.09489954,38.93276954],[-0.09537244,38.93239415],[-0.09601855,38.93233705],[-0.09616756,38.93258142],[-0.09631777,38.93287575],[-0.0964334,38.9331758],[-0.09801447,38.93443084],[-0.09873128,38.93443084],[-0.10057723,38.93589854],[-0.10112214,38.93649352],[-0.10177791,38.93713891],[-0.10221386,38.93762672],[-0.10241187,38.93796587],[-0.10239565,38.93824017],[-0.10238493,38.93856955],[-0.10301185,38.93841291],[-0.10353124,38.93848085],[-0.10367942,38.93875325],[-0.10384893,38.93917716],[-0.10401285,38.93969762],[-0.10418463,38.94012773],[-0.10432351,38.94047332],[-0.10448384,38.94081366],[-0.10475731,38.94114316],[-0.10539961,38.94134188],[-0.10637736,38.94144213],[-0.10705078,38.94159055],[-0.10741723,38.94189262],[-0.10772085,38.9423598],[-0.10793793,38.94290543],[-0.10822821,38.9432199],[-0.10822821,38.94349885],[-0.10998702,38.94487536],[-0.11010361,38.94517624],[-0.11025834,38.94551337],[-0.11041796,38.94589782],[-0.11066866,38.9462949],[-0.11110592,38.94679713],[-0.11177993,38.94745004],[-0.11240184,38.94807065],[-0.11300302,38.94867516],[-0.11351705,38.94925535],[-0.1140331,38.94987643],[-0.11445451,38.95042264],[-0.11493278,38.95079064],[-0.11551201,38.95099282],[-0.11808431,38.95291877],[-0.11804223,38.95330024],[-0.11831093,38.9538027],[-0.11888146,38.95441353],[-0.11930895,38.95484447],[-0.11963046,38.95508051],[-0.12003565,38.95531225],[-0.12051916,38.95568156],[-0.12090802,38.95604813],[-0.12126517,38.95632041],[-0.12157094,38.95649874],[-0.12184894,38.95678055],[-0.12226558,38.95732415],[-0.12287545,38.95800352],[-0.12330747,38.95852721],[-0.12358165,38.95894325],[-0.12383366,38.95941305],[-0.12420094,38.95997524],[-0.12462926,38.96061814],[-0.1251142,38.96127415],[-0.12544096,38.96176624],[-0.12572134,38.96204257],[-0.12611997,38.96227992],[-0.126598,38.96264267],[-0.12696385,38.96303403],[-0.12743473,38.96340108],[-0.12768805,38.96346962],[-0.12789786,38.96362567],[-0.12812984,38.96391714],[-0.12846351,38.96431696],[-0.1288017,38.96475577],[-0.12918997,38.96527421],[-0.12960374,38.96587586],[-0.13013518,38.96651292],[-0.13073194,38.96710718],[-0.13158536,38.96769786],[-0.13265038,38.96821594],[-0.13386464,38.96872067],[-0.13489032,38.96904194],[-0.13542616,38.96931541],[-0.1357069,38.96971238],[-0.13606822,38.97020996],[-0.13657343,38.9707787],[-0.13722456,38.97142231],[-0.13766873,38.97196805],[-0.13792396,38.97251213],[-0.13808274,38.97313178],[-0.13824904,38.97361004],[-0.1384232,38.97394121],[-0.13864875,38.97421467],[-0.13872993,38.97446644],[-0.13892305,38.97482526],[-0.1390779,38.97516513],[-0.13931203,38.97541225],[-0.13971734,38.97566807],[-0.14021945,38.97605264],[-0.14062691,38.97643232],[-0.14100552,38.97671783],[-0.14131975,38.97687936],[-0.14152265,38.97703612],[-0.14166081,38.9772799],[-0.14181042,38.97760975],[-0.14195538,38.97795665],[-0.1421715,38.97819722],[-0.14248896,38.97838521],[-0.14281034,38.97862375],[-0.14302325,38.97884166],[-0.14323246,38.97899055],[-0.14353824,38.97918367],[-0.14394116,38.97963858],[-0.14444935,38.98040497],[-0.14510405,38.98127496],[-0.14560795,38.98194754],[-0.14602602,38.98234224],[-0.14641225,38.98253572],[-0.14651871,38.98260164],[-0.14663553,38.98303711],[-0.14684224,38.98341966],[-0.14717674,38.98379874],[-0.14769495,38.98418343],[-0.1482017,38.98447657],[-0.14859247,38.98476291],[-0.14883125,38.98506475],[-0.14901686,38.98541474],[-0.14917064,38.98584485],[-0.14933693,38.98632681],[-0.14949846,38.98685098],[-0.14972925,38.98730433],[-0.1500833,38.98775935],[-0.15059447,38.98828936],[-0.15103495,38.98877728],[-0.15140116,38.98919725],[-0.15163302,38.98948336],[-0.15185535,38.98964322],[-0.1521728,38.98978567],[-0.15254748,38.99004602],[-0.15284467,38.99038363],[-0.15289485,38.99044037],[-0.15319657,38.99099195],[-0.15323222,38.99163043],[-0.15300286,38.99223006],[-0.15250015,38.99194956],[-0.15214026,38.99184406],[-0.15175033,38.99167776],[-0.15129077,38.99145997],[-0.15078592,38.99121285],[-0.15039742,38.99112105],[-0.15009367,38.99143255],[-0.14847696,38.99267614],[-0.14819694,38.99279463],[-0.14804912,38.99303556],[-0.14813817,38.99340534],[-0.14846635,38.99370635],[-0.14887333,38.99379265],[-0.14927042,38.99376023],[-0.14992762,38.99387145],[-0.15026236,38.99429095],[-0.15041304,38.99463451],[-0.15055096,38.99499154],[-0.15074265,38.99523115],[-0.15102601,38.99537265],[-0.15137255,38.99547315],[-0.15178847,38.99546397],[-0.15233576,38.99534523],[-0.15299594,38.99520314],[-0.15353751,38.99504817],[-0.15394497,38.99490905],[-0.15429771,38.99476135],[-0.15464365,38.99462676],[-0.15499568,38.9944911],[-0.15535188,38.99439025],[-0.15578032,38.99417043],[-0.15633345,38.99407065],[-0.15678275,38.99393463],[-0.15715396,38.99379504],[-0.15750825,38.99363291],[-0.15789616,38.99347687],[-0.15834916,38.99334621],[-0.15880907,38.99336958],[-0.15907967,38.99363232],[-0.15910542,38.99405384],[-0.15892684,38.99435496],[-0.1586163,38.99451661],[-0.15825164,38.99464846],[-0.15785551,38.99476981],[-0.15739906,38.99491024],[-0.15688825,38.99504375],[-0.15643787,38.99518895],[-0.15606141,38.99532104],[-0.15572906,38.9954617],[-0.15541601,38.99559426],[-0.15505743,38.99575996],[-0.15447974,38.99596477],[-0.15345895,38.99621773],[-0.15211475,38.99639726],[-0.15100074,38.99653113],[-0.15129662,38.99684966],[-0.15172458,38.99709022],[-0.15204036,38.99725401],[-0.15240824,38.99758351],[-0.15284956,38.99772823],[-0.15357065,38.99784625],[-0.15419507,38.99798226],[-0.15472054,38.99811196],[-0.15534496,38.99824846],[-0.15606666,38.9983654],[-0.15651131,38.99850452],[-0.15688658,38.99881637],[-0.15717661,38.99902594],[-0.15751493,38.99943852],[-0.15782511,38.9999845],[-0.15819836,39.00041735],[-0.15860045,39.00069892],[-0.15897298,39.00098217],[-0.15928555,39.00127852],[-0.15963566,39.00153577],[-0.15995121,39.00171626],[-0.16014886,39.00194454],[-0.16024816,39.00229073],[-0.16114414,39.00314307],[-0.16168046,39.00373805],[-0.16232526,39.00438035],[-0.16276073,39.00485885],[-0.16301155,39.00518405],[-0.1631639,39.00546563],[-0.16331184,39.00578356],[-0.16346061,39.00615585],[-0.16370726,39.00654876],[-0.16414917,39.00707185],[-0.16483605,39.00780726],[-0.16546643,39.00857437],[-0.16602671,39.00928473],[-0.16637051,39.00983298],[-0.16658092,39.01020014],[-0.16673255,39.0104779],[-0.16692388,39.01075637],[-0.16718006,39.01109612],[-0.16753936,39.01150787],[-0.16788673,39.01192236],[-0.16822886,39.01231825],[-0.16847587,39.01264584],[-0.16874194,39.01298034],[-0.16917145,39.01349354],[-0.16983676,39.01428592],[-0.17045236,39.01516306],[-0.17105007,39.01597655],[-0.17157543,39.01668572],[-0.17214155,39.01732504],[-0.17265964,39.01787734],[-0.17316783,39.0183953],[-0.17350101,39.01880956],[-0.17376137,39.01921797],[-0.17409694,39.01976907],[-0.17460823,39.0204457],[-0.17512274,39.02108467],[-0.17566204,39.02156734],[-0.17606401,39.02183557],[-0.17627084,39.02206206],[-0.17638111,39.02233517],[-0.17656207,39.02254868],[-0.17689276,39.02272844],[-0.17733288,39.02296782],[-0.17739391,39.0234375],[-0.17739725,39.0234375],[-0.17768955,39.02387571],[-0.17806315,39.02430236],[-0.17854714,39.02481353],[-0.17889786,39.02523315],[-0.17913055,39.02554691],[-0.17929077,39.02581155],[-0.17945278,39.02606678],[-0.17961371,39.02635086],[-0.17984903,39.02673423],[-0.18020534,39.02728725],[-0.18069303,39.02794075],[-0.18104923,39.02851844],[-0.18128598,39.02897716],[-0.18145347,39.02938282],[-0.18162727,39.02971387],[-0.18178821,39.02998781],[-0.18195975,39.03024411],[-0.18211818,39.03054094],[-0.18233645,39.03098238],[-0.18268144,39.03164673],[-0.18323445,39.03242171],[-0.18385363,39.03320158],[-0.18454981,39.0339545],[-0.1850841,39.03456664],[-0.18548656,39.03480566],[-0.18574154,39.03483546],[-0.18600905,39.03502226],[-0.1864295,39.03557706],[-0.18704546,39.03662276],[-0.18748605,39.03783631],[-0.18777263,39.03869414],[-0.18802917,39.03929186],[-0.18834805,39.03980327],[-0.1886034,39.04025161],[-0.18881345,39.0405941],[-0.18898416,39.04086363],[-0.18916452,39.04112303],[-0.18932796,39.04146338],[-0.18950105,39.04201305],[-0.18966544,39.04277205],[-0.18989646,39.04344225],[-0.19025087,39.04405642],[-0.19076216,39.04464805],[-0.19120061,39.04512894],[-0.19156325,39.04553068],[-0.19179714,39.04586935],[-0.19204915,39.04626608],[-0.1925081,39.04688096],[-0.19331718,39.04771686],[-0.19366872,39.04842794],[-0.19435751,39.04916775],[-0.19491458,39.04989696],[-0.19548404,39.05068016],[-0.19600368,39.05147135],[-0.19652307,39.052145],[-0.19686711,39.05263007],[-0.19709063,39.053074],[-0.19725215,39.05356705],[-0.19742608,39.05396926],[-0.19759333,39.05427241],[-0.1977787,39.05454206],[-0.19794846,39.05484867],[-0.19812953,39.05526125],[-0.19829941,39.05577052],[-0.19851124,39.05620956],[-0.19877553,39.05659473],[-0.19911194,39.05698431],[-0.19937301,39.05734146],[-0.19957852,39.05769682],[-0.19974542,39.05807436],[-0.19994974,39.05842543],[-0.20020771,39.05881763],[-0.20053887,39.05936313],[-0.20080495,39.06004715],[-0.20175695,39.06103682],[-0.20187974,39.06185925],[-0.20209956,39.06261313],[-0.20245445,39.06344104],[-0.20296895,39.06423497],[-0.20341468,39.06487644],[-0.20379543,39.06536162],[-0.20405114,39.06572914],[-0.20427477,39.06610036],[-0.20453012,39.06655395],[-0.20485985,39.06700921],[-0.20512176,39.06736767],[-0.20533276,39.06765986],[-0.20550001,39.06796777],[-0.20567405,39.06837285],[-0.20583785,39.06886923],[-0.20604205,39.06930101],[-0.20630074,39.06972277],[-0.20665658,39.07026255],[-0.20700955,39.07088625],[-0.20739424,39.07144535],[-0.20774341,39.07196724],[-0.20809674,39.07264411],[-0.20836926,39.07346916],[-0.2086302,39.07418776],[-0.20874405,39.07434487],[-0.20917034,39.07509446],[-0.20944941,39.07581115],[-0.20965242,39.07629812],[-0.20981181,39.07659841],[-0.20998263,39.07684362],[-0.21014595,39.07716787],[-0.21035087,39.07773077],[-0.21061277,39.07857335],[-0.21097493,39.07940805],[-0.21133077,39.08016992],[-0.21169257,39.08085525],[-0.21195388,39.08148885],[-0.21215928,39.08204675],[-0.21232593,39.08259165],[-0.21250582,39.08306682],[-0.21267521,39.08352673],[-0.21286154,39.08400607],[-0.21303415,39.08451843],[-0.21322131,39.08492935],[-0.21339524,39.08527935],[-0.21358478,39.08569264],[-0.21375835,39.08619344],[-0.21393371,39.0866152],[-0.21406364,39.08695722],[-0.21429014,39.08726084],[-0.21469152,39.08827436],[-0.21518016,39.08916366],[-0.21552825,39.08984506],[-0.21575987,39.09026861],[-0.21592557,39.09056091],[-0.21610034,39.09087932],[-0.21626723,39.09133327],[-0.21645284,39.09196246],[-0.21662295,39.09274483],[-0.21680272,39.09336901],[-0.21696651,39.09381986],[-0.2171663,39.09415793],[-0.21742547,39.0945276],[-0.2178117,39.09508371],[-0.21825302,39.09585178],[-0.21874857,39.09672356],[-0.21908462,39.09753728],[-0.21934986,39.09815681],[-0.2197144,39.09874713],[-0.22031915,39.09941304],[-0.22049975,39.10249102],[-0.22076917,39.10279822],[-0.22104514,39.10320795],[-0.22137403,39.10381246],[-0.22163176,39.10451043],[-0.22186434,39.10504031],[-0.22211623,39.1054393],[-0.22242844,39.10580754],[-0.22268117,39.10612905],[-0.22296667,39.10646904],[-0.22341192,39.10696125],[-0.22404373,39.10764194],[-0.22448862,39.10828853],[-0.22474861,39.10890114],[-0.22490966,39.10961807],[-0.22507167,39.11037481],[-0.22523212,39.11116445],[-0.22544181,39.11173773],[-0.22570646,39.11215055],[-0.22604442,39.1125313],[-0.22631025,39.11286116],[-0.22652495,39.11315072],[-0.22669578,39.11342633],[-0.22686458,39.11370122],[-0.22698987,39.11397767],[-0.22767174,39.11453676],[-0.22770965,39.11842167],[-0.22793865,39.11880684],[-0.22812235,39.11920631],[-0.22830784,39.11954594],[-0.22847784,39.11982608],[-0.22866416,39.12009382],[-0.22883785,39.12042308],[-0.22902322,39.12091553],[-0.22918308,39.12156308],[-0.22933912,39.12210548],[-0.2294836,39.12249422],[-0.22974944,39.12275446],[-0.23025608,39.12308323],[-0.23089814,39.12363458],[-0.23132265,39.12418342],[-0.23156011,39.12458491],[-0.23170245,39.12488866],[-0.23187804,39.12517023],[-0.23216188,39.12545562],[-0.23267925,39.12570822],[-0.23329532,39.12587452],[-0.23370194,39.12604785],[-0.23396564,39.12629092],[-0.23428905,39.12654722],[-0.23465645,39.12673116],[-0.23578441,39.12744987],[-0.23621225,39.12764192],[-0.23654068,39.12791252],[-0.23623943,39.12832224],[-0.23570323,39.12832856],[-0.23534751,39.12820911],[-0.23517573,39.12801683],[-0.23492014,39.12778151],[-0.23435616,39.12741935],[-0.23352802,39.12695313],[-0.23284435,39.126809],[-0.23244536,39.12712026],[-0.23238432,39.12773812],[-0.23257112,39.12849545],[-0.2328639,39.12937653],[-0.23322213,39.13012171],[-0.23349297,39.13069296],[-0.23370481,39.13119006],[-0.23387265,39.13169897],[-0.23405123,39.13210452],[-0.23421741,39.13241363],[-0.23440218,39.13268662],[-0.23458636,39.13295603],[-0.23481584,39.13322866],[-0.23489273,39.13404608],[-0.23510885,39.1344223],[-0.23528194,39.134817],[-0.23548472,39.13517821],[-0.23576057,39.13554776],[-0.23618472,39.13597715],[-0.23639607,39.13913774],[-0.23682106,39.13955772],[-0.23709655,39.13991284],[-0.23729372,39.14026463],[-0.2374531,39.14070416],[-0.23765576,39.14127028],[-0.23791647,39.14198756],[-0.23825336,39.14265561],[-0.23851776,39.14324772],[-0.23872924,39.14388704],[-0.23889816,39.14464414],[-0.23907936,39.14525712],[-0.23925436,39.14575064],[-0.23945415,39.14622664],[-0.23963845,39.14677107],[-0.23978817,39.14731252],[-0.23978293,39.14785731],[-0.23961926,39.14833581],[-0.23942447,39.14883757],[-0.23926151,39.1494621],[-0.23925722,39.15021133],[-0.23940945,39.15076375],[-0.23959446,39.15112937],[-0.239784,39.15147066],[-0.23986721,39.15171373],[-0.23992264,39.15187585],[-0.2402029,39.15236735],[-0.24033225,39.15332282],[-0.24050605,39.15404415],[-0.24067688,39.15461063],[-0.24086523,39.15500796],[-0.2410506,39.15530133],[-0.24128008,39.15556335],[-0.24127972,39.17059135],[-0.24104977,39.17096841],[-0.24086571,39.17137837],[-0.24068141,39.17178702],[-0.24051797,39.17222321],[-0.240345,39.17269683],[-0.24017775,39.17325306],[-0.23994136,39.17384684],[-0.23958766,39.17454815],[-0.23910844,39.17525983],[-0.23876464,39.17583632],[-0.23852158,39.17629004],[-0.23827076,39.17675006],[-0.23787105,39.17725623],[-0.23734093,39.17784774],[-0.23669136,39.1785624],[-0.23626661,39.17916918],[-0.23601222,39.17958474],[-0.23574412,39.17989552],[-0.23524058,39.18014908],[-0.23455298,39.18032241],[-0.23391795,39.18047154],[-0.23331785,39.1806004],[-0.23267984,39.18073261],[-0.23190355,39.18083191],[-0.23028982,39.17962146],[-0.22970808,39.17980373],[-0.22925651,39.18007886],[-0.22893333,39.18039405],[-0.22857726,39.18069065],[-0.22820795,39.18094444],[-0.22789347,39.18123174],[-0.22762907,39.18147576],[-0.22712886,39.18154824],[-0.22621131,39.18138266],[-0.22514081,39.18112946],[-0.2240417,39.18120623],[-0.22284257,39.18154645],[-0.22170305,39.18156338],[-0.22084522,39.18115163],[-0.22042334,39.18073571],[-0.220155,39.18055665],[-0.21977818,39.18068016],[-0.21931815,39.18105304],[-0.21899331,39.18146098],[-0.21874595,39.18187583],[-0.21849334,39.18234706],[-0.21817005,39.18280804],[-0.21789658,39.18317616],[-0.21762764,39.18348408],[-0.21756875,39.18370295],[-0.21703672,39.1842941],[-0.21655416,39.18494451],[-0.216102,39.18567812],[-0.21597958,39.18639362],[-0.21617484,39.18701196],[-0.2202903,39.18691397],[-0.22065306,39.187397],[-0.22097683,39.18764591],[-0.22129035,39.18781233],[-0.22151446,39.18797874],[-0.221735,39.1882081],[-0.22208285,39.18846762],[-0.22249091,39.18873978],[-0.22285664,39.18916082],[-0.22309935,39.18970871],[-0.22329307,39.19020617],[-0.22345662,39.19063318],[-0.22363675,39.19097435],[-0.22380698,39.19130087],[-0.22399378,39.19171524],[-0.22416663,39.19222188],[-0.22435355,39.19264162],[-0.22452605,39.19295943],[-0.22471285,39.1932348],[-0.2248857,39.19350398],[-0.22507226,39.19377613],[-0.22524226,39.19404805],[-0.22542214,39.19432056],[-0.22558653,39.19461167],[-0.22578526,39.19496465],[-0.22603726,39.19540811],[-0.22640645,39.19589162],[-0.22683406,39.19643962],[-0.22737837,39.19719875],[-0.22793865,39.19813037],[-0.22863603,39.19908595],[-0.22873175,39.19921875],[-0.22876966,39.19933844],[-0.22898996,39.19969988],[-0.22916806,39.20009387],[-0.22937298,39.20045137],[-0.22963238,39.20085514],[-0.22999406,39.20140982],[-0.23035085,39.20205963],[-0.23071384,39.20261252],[-0.23097611,39.20299411],[-0.23118198,39.20328116],[-0.23134911,39.20356572],[-0.23152947,39.20390606],[-0.2316997,39.20429826],[-0.23188674,39.20464671],[-0.23206031,39.20494127],[-0.23224723,39.20521617],[-0.23241711,39.20550644],[-0.23259795,39.20584476],[-0.23276806,39.20622826],[-0.23298037,39.20659363],[-0.2332468,39.20700121],[-0.23358762,39.20753527],[-0.23385394,39.20811236],[-0.23405516,39.20855606],[-0.23418415,39.20889747],[-0.23481846,39.20938241],[-0.23494434,39.20968926],[-0.23511386,39.21003473],[-0.23528576,39.21042287],[-0.23550045,39.2107892],[-0.23576367,39.21117485],[-0.23609614,39.21163273],[-0.23635817,39.21208811],[-0.23659468,39.2124722],[-0.23685384,39.21285617],[-0.23717964,39.21331203],[-0.23743868,39.21376955],[-0.23767471,39.21415281],[-0.23793411,39.21451294],[-0.23826015,39.21489537],[-0.23851955,39.21525574],[-0.23875582,39.21563911],[-0.23901546,39.21609676],[-0.23934126,39.21655214],[-0.23959696,39.21693444],[-0.23982406,39.21731424],[-0.24007475,39.21776783],[-0.24042225,39.21824086],[-0.24079382,39.21868408],[-0.24126172,39.21914661],[-0.24134922,39.2196964],[-0.24161947,39.22000587],[-0.24189591,39.22037566],[-0.24222505,39.22083485],[-0.24248302,39.22129333],[-0.24271822,39.22167707],[-0.24298,39.22205901],[-0.243312,39.22251677],[-0.24357402,39.22299612],[-0.24378586,39.22343433],[-0.24395645,39.22384715],[-0.24413705,39.22419035],[-0.24430406,39.22447956],[-0.2444849,39.22474921],[-0.24465525,39.22502065],[-0.24486721,39.22531414],[-0.24512911,39.22565711],[-0.24546075,39.22604644],[-0.24572265,39.22641385],[-0.24596024,39.22680044],[-0.24622357,39.22725928],[-0.24655831,39.22771585],[-0.24682152,39.22809744],[-0.24702215,39.22846711],[-0.24715126,39.22889161],[-0.24768591,39.22930968],[-0.24813795,39.22949743],[-0.2482866,39.22978282],[-0.24845922,39.23027206],[-0.24862814,39.23092747],[-0.24881518,39.23149133],[-0.24898613,39.23193443],[-0.24916756,39.23226905],[-0.24933791,39.23258841],[-0.2495501,39.23301744],[-0.24981511,39.23359024],[-0.2501533,39.23412478],[-0.25041854,39.23453367],[-0.25063026,39.23489952],[-0.25079763,39.23528051],[-0.25097191,39.23561096],[-0.25113595,39.23589194],[-0.25134134,39.23617876],[-0.25160336,39.23656094],[-0.25196481,39.23711622],[-0.25231791,39.23776984],[-0.25267851,39.23832715],[-0.25295484,39.23871708],[-0.25321782,39.23901963],[-0.25333095,39.239591],[-0.25375831,39.24001575],[-0.25403786,39.24035871],[-0.25424194,39.24064791],[-0.25440455,39.24095976],[-0.25458276,39.24137366],[-0.25475252,39.24187815],[-0.25493956,39.24229276],[-0.25511301,39.24261975],[-0.25530052,39.24295926],[-0.25547337,39.24337924],[-0.25566077,39.24386513],[-0.25583375,39.2444154],[-0.25602174,39.2449069],[-0.25619507,39.24533725],[-0.25638151,39.24568045],[-0.2565484,39.24596357],[-0.25672257,39.24622345],[-0.25688696,39.24648547],[-0.25711787,39.2467941],[-0.25747216,39.24723113],[-0.25798476,39.24783051],[-0.25843072,39.24843585],[-0.25881457,39.24895],[-0.25907826,39.24936438],[-0.25931132,39.24968505],[-0.25944173,39.25024796],[-0.25961745,39.2506603],[-0.25979173,39.25101101],[-0.25998223,39.25148463],[-0.26015675,39.2521553],[-0.26034403,39.25285256],[-0.26051402,39.25355124],[-0.26069427,39.25409985],[-0.26086152,39.2545495],[-0.26106787,39.25496805],[-0.26133037,39.25545025],[-0.26169217,39.25599122],[-0.26204288,39.25654805],[-0.26239336,39.25708795],[-0.26265001,39.25760126],[-0.26290584,39.25814056],[-0.26325703,39.25880051],[-0.26373887,39.25944364],[-0.2640928,39.25991595],[-0.26432812,39.26029801],[-0.26449287,39.26067972],[-0.26466668,39.26101613],[-0.26484477,39.26130915],[-0.26507247,39.26158595],[-0.26514947,39.26183641],[-0.2653712,39.26221085],[-0.26555276,39.26260436],[-0.2657634,39.2629683],[-0.26602244,39.26335216],[-0.26635301,39.26381123],[-0.26661468,39.26427114],[-0.26685202,39.26465774],[-0.26711416,39.2650249],[-0.26744604,39.26541376],[-0.26770794,39.26575744],[-0.26791954,39.26605344],[-0.26808977,39.26632905],[-0.26827145,39.26659906],[-0.26844156,39.26686704],[-0.26862812,39.26714134],[-0.26879835,39.26745605],[-0.26897895,39.26786792],[-0.2691462,39.26836646],[-0.26935244,39.26879787],[-0.26961446,39.26922142],[-0.26997638,39.26976967],[-0.27033031,39.2704097],[-0.27068865,39.27097273],[-0.27095377,39.27141881],[-0.27118671,39.27154934],[-0.27131581,39.27192271],[-0.27151728,39.27243805],[-0.27178407,39.27312613],[-0.27212524,39.27372634],[-0.27238917,39.27416551],[-0.27259397,39.27459002],[-0.27275252,39.27509046],[-0.27293825,39.27556646],[-0.27318573,39.2760601],[-0.27358592,39.27662861],[-0.27412272,39.27736032],[-0.27483726,39.27832413],[-0.27546215,39.27938557],[-0.27600145,39.28037024],[-0.27632141,39.28113675],[-0.27655566,39.28151691],[-0.27684188,39.28164983],[-0.27716816,39.28173566],[-0.27746356,39.28184116],[-0.27769053,39.28207827],[-0.27792597,39.2824949],[-0.27824402,39.28295696],[-0.27851796,39.28333676],[-0.27878904,39.28365386],[-0.27890337,39.28506815],[-0.27931428,39.28548408],[-0.27958834,39.28582716],[-0.27984142,39.28615403],[-0.28018236,39.28657961],[-0.28065014,39.28714371],[-0.28099847,39.28769016],[-0.28128505,39.28818655],[-0.28163433,39.28875697],[-0.28210342,39.28939235],[-0.28244531,39.28992927],[-0.28269362,39.29032075],[-0.28294778,39.29069495],[-0.28332376,39.29118037],[-0.28376722,39.29176533],[-0.28427923,39.29235375],[-0.28463113,39.29283774],[-0.2848562,39.29335082],[-0.28501594,39.29399955],[-0.28520906,39.29463935],[-0.28545976,39.29529941],[-0.28580284,39.29591501],[-0.2861315,39.29642618],[-0.28650713,39.29677427],[-0.28690195,39.29696858],[-0.28810525,39.29800987],[-0.28823328,39.29938448],[-0.28846002,39.30058217],[-0.28881633,39.30182028],[-0.28930235,39.30286348],[-0.28965485,39.30360186],[-0.28990388,39.30404806],[-0.29013717,39.30434394],[-0.29045427,39.30456436],[-0.29076624,39.30470645],[-0.29103124,39.30490041],[-0.29136622,39.30526674],[-0.29183686,39.30576885],[-0.29218781,39.30618942],[-0.29242456,39.30650032],[-0.292593,39.30677557],[-0.29276836,39.30710292],[-0.29293537,39.30756116],[-0.29312158,39.30819106],[-0.29329455,39.30899525],[-0.29348087,39.30970025],[-0.29365122,39.31028557],[-0.29383731,39.31069684],[-0.29402161,39.31099474],[-0.29425144,39.31125724],[-0.29432714,39.31148064],[-0.29456055,39.31197011],[-0.29474831,39.31248927],[-0.29493058,39.31289446],[-0.29507291,39.31319404],[-0.29519165,39.31347907],[-0.29530561,39.31385326],[-0.29555166,39.31438518],[-0.29579174,39.31498802],[-0.29600692,39.31550086],[-0.29618323,39.31593251],[-0.29636741,39.31626892],[-0.29653776,39.31654561],[-0.29672432,39.31681287],[-0.29689705,39.31712556],[-0.29708445,39.31754565],[-0.29725754,39.31805694],[-0.29744482,39.31847167],[-0.29761755,39.31877506],[-0.29780507,39.31904316],[-0.29797935,39.31936932],[-0.29816973,39.31985426],[-0.29834378,39.32047951],[-0.29851973,39.32097995],[-0.29865015,39.32135606],[-0.2989341,39.32150078],[-0.29906452,39.32187676],[-0.29924035,39.32237732],[-0.29941452,39.32300341],[-0.29960465,39.32349098],[-0.29977906,39.32382095],[-0.29996657,39.32408655],[-0.30013943,39.32436085],[-0.30032647,39.32470024],[-0.30049944,39.32513297],[-0.30068684,39.32562435],[-0.30085957,39.32615101],[-0.30104685,39.32656372],[-0.30121994,39.32688618],[-0.30140722,39.3272258],[-0.30157995,39.32764995],[-0.30176735,39.32813621],[-0.30194044,39.32866156],[-0.30212784,39.32907474],[-0.30230045,39.32939756],[-0.30248642,39.3297348],[-0.30265641,39.33015311],[-0.30284226,39.33063436],[-0.30302668,39.3311758],[-0.30325663,39.33166516],[-0.30333281,39.33187222],[-0.30356252,39.33224952],[-0.30374694,39.33263981],[-0.30393302,39.33298016],[-0.30410302,39.33331001],[-0.30428874,39.33372664],[-0.30446136,39.33425283],[-0.30464876,39.33473885],[-0.30482185,39.33516264],[-0.30500925,39.33550215],[-0.30518222,39.3358252],[-0.30536938,39.33623815],[-0.30554235,39.33676326],[-0.30572975,39.33724964],[-0.3059026,39.33767354],[-0.30608976,39.33801317],[-0.30626273,39.33833575],[-0.30645001,39.33874834],[-0.30662274,39.33927441],[-0.30681026,39.33976507],[-0.30698454,39.34019935],[-0.30717492,39.34054601],[-0.30734897,39.34083498],[-0.30752492,39.34110677],[-0.30765522,39.34137762],[-0.30793917,39.34174061],[-0.30806971,39.34235632],[-0.30824554,39.34285176],[-0.3084197,39.34326422],[-0.30860984,39.34359527],[-0.30878425,39.34391534],[-0.30897176,39.34432805],[-0.30914462,39.34485507],[-0.30933166,39.34534681],[-0.30950463,39.34577966],[-0.30969203,39.34611881],[-0.30986476,39.34639311],[-0.31005216,39.34665895],[-0.31022513,39.34699047],[-0.31041241,39.34748185],[-0.31058514,39.34810972],[-0.31077266,39.34859574],[-0.31094563,39.34891832],[-0.31113303,39.34918428],[-0.31130564,39.34950674],[-0.31149161,39.34999216],[-0.3116616,39.35061991],[-0.31184745,39.35111356],[-0.31203187,39.35145235],[-0.31226182,39.35172856],[-0.31233788,39.35190594],[-0.31256771,39.35250056],[-0.31275213,39.35316515],[-0.31293821,39.35371935],[-0.31310821,39.35416293],[-0.31329405,39.35449648],[-0.31346655,39.35476506],[-0.31365395,39.35502672],[-0.31382716,39.35535336],[-0.31401444,39.35584283],[-0.31418741,39.35649025],[-0.31437457,39.35704768],[-0.31454754,39.35748661],[-0.31473494,39.35782182],[-0.31490767,39.35815907],[-0.31509495,39.35864115],[-0.31526804,39.35928226],[-0.31545532,39.35983753],[-0.31562805,39.36027634],[-0.31581545,39.36061203],[-0.31598842,39.3609488],[-0.31617558,39.36142814],[-0.31634855,39.36206603],[-0.31653595,39.36262441],[-0.3167088,39.36309063],[-0.31689596,39.36349452],[-0.31706905,39.36389518],[-0.31725633,39.36429942],[-0.31742907,39.36478555],[-0.31761646,39.36541545],[-0.31778944,39.36616945],[-0.31797671,39.36671793],[-0.31814957,39.36706865],[-0.31833684,39.36739707],[-0.31850982,39.36784506],[-0.31869721,39.36846697],[-0.31886995,39.36924577],[-0.31905735,39.36987853],[-0.31923032,39.3703649],[-0.31941748,39.3707664],[-0.31959057,39.37114191],[-0.31977797,39.37146974],[-0.31995058,39.37183356],[-0.32013655,39.37239075],[-0.32030654,39.37314832],[-0.32049263,39.37377846],[-0.32067692,39.37425804],[-0.32090676,39.37463844],[-0.3209449,39.375],[-0.32115042,39.37547052],[-0.32133508,39.37592566],[-0.32152164,39.37648284],[-0.32169187,39.37714124],[-0.32187808,39.37769055],[-0.32205105,39.37813854],[-0.32223904,39.37854075],[-0.32241225,39.37901401],[-0.32260013,39.37963891],[-0.32277334,39.38041568],[-0.32296097,39.38103795],[-0.3231343,39.38148642],[-0.32332206,39.38181508],[-0.32349515,39.38216591],[-0.3236829,39.38271451],[-0.32385612,39.38346875],[-0.32404375,39.38409924],[-0.32421684,39.38458586],[-0.32440484,39.38498783],[-0.32457948,39.38537908],[-0.32476997,39.38576543],[-0.32494474,39.38622856],[-0.32512081,39.38687205],[-0.32525146,39.38778877],[-0.32553613,39.38833201],[-0.32566667,39.38892221],[-0.32584286,39.38941097],[-0.32601738,39.38990736],[-0.32620811,39.39052737],[-0.32638276,39.39129305],[-0.32657075,39.39190781],[-0.32674384,39.39237034],[-0.32693136,39.39276874],[-0.32710457,39.39325523],[-0.32729244,39.39394414],[-0.32746565,39.39482975],[-0.32765341,39.39552677],[-0.32782662,39.3960464],[-0.32801425,39.39651275],[-0.32818747,39.39701474],[-0.32837534,39.39747834],[-0.32854855,39.39799166],[-0.32873642,39.39868391],[-0.32890928,39.3995856],[-0.32909572,39.40035081],[-0.32926595,39.40098727],[-0.32945251,39.40153241],[-0.32963717,39.40206897],[-0.32986736,39.40253913],[-0.32994378,39.40438163],[-0.33017397,39.40484786],[-0.33035874,39.40537941],[-0.33054531,39.40592217],[-0.33071566,39.40657878],[-0.33090174,39.40741801],[-0.33107483,39.40844083],[-0.33126271,39.40920401],[-0.33143604,39.40971267],[-0.33162367,39.41010117],[-0.331797,39.41050076],[-0.33198476,39.41096294],[-0.33215797,39.41157281],[-0.33234584,39.4123342],[-0.33251894,39.41325033],[-0.33270514,39.41400945],[-0.33287537,39.41467416],[-0.33267915,39.41750765],[-0.33245003,39.42025137],[-0.33157146,39.42175615],[-0.33088386,39.42261183],[-0.33623481,39.42462194],[-0.33668745,39.42481661],[-0.33721805,39.42508841],[-0.33775866,39.42536104],[-0.33829153,39.42564166],[-0.33873558,39.42584515],[-0.33911276,39.42600513],[-0.33949327,39.42613471],[-0.33993995,39.42627466],[-0.34044886,39.4264065],[-0.34089816,39.42655075],[-0.34127545,39.42668247],[-0.34162545,39.4268229],[-0.34200191,39.42695463],[-0.34247077,39.42711925],[-0.3430593,39.42732537],[-0.34364903,39.42758954],[-0.34416378,39.42779565],[-0.34473813,39.42795181],[-0.34548485,39.42805171],[-0.34591174,39.42821884],[-0.34654474,39.42853057],[-0.34721768,39.42891026],[-0.34774744,39.42918086],[-0.34814501,39.42936111],[-0.34851635,39.42948937],[-0.34895253,39.42962384],[-0.34947991,39.42975104],[-0.35001981,39.42989433],[-0.35056424,39.43003738],[-0.35106087,39.43021596],[-0.3515625,39.43024552],[-0.35214365,39.43060684],[-0.35283792,39.43093705],[-0.35344827,39.43115103],[-0.35390878,39.43130434],[-0.35428083,39.43142796],[-0.35465503,39.43158555],[-0.3550992,39.43178833],[-0.35560846,39.43205011],[-0.35606146,39.43225575],[-0.35644436,39.43242002],[-0.35679316,39.43254936],[-0.35713613,39.43268478],[-0.35750937,39.43281424],[-0.35798192,39.43297815],[-0.35860586,39.43318355],[-0.35929811,39.43344581],[-0.35994232,39.43365133],[-0.36048806,39.43381572],[-0.36100256,39.43394601],[-0.3615185,39.43408167],[-0.36219776,39.43420684],[-0.36320806,39.43435621],[-0.36451185,39.43453908],[-0.36542285,39.43481004],[-0.36589491,39.43511677],[-0.36483145,39.43557644],[-0.36369526,39.43547535],[-0.36295855,39.43533885],[-0.36247516,39.43520367],[-0.36196208,39.43505692],[-0.36133885,39.43492424],[-0.36081743,39.43478382],[-0.36039305,39.43465221],[-0.35992813,39.43448794],[-0.35932267,39.43428254],[-0.35863745,39.43402064],[-0.35795951,39.43381524],[-0.35729992,39.43365133],[-0.35662341,39.43352187],[-0.35609603,39.43338644],[-0.35569835,39.4332571],[-0.35532451,39.43309295],[-0.35489035,39.43288791],[-0.35438812,39.43262684],[-0.35391426,39.43242371],[-0.35343993,39.43226004],[-0.35292411,39.43211961],[-0.35243511,39.4319483],[-0.3515625,39.43164063],[-0.35096383,39.43155825],[-0.35040712,39.43122804],[-0.34992886,39.43101394],[-0.34946656,39.43086076],[-0.34897172,39.43073702],[-0.34850681,39.43057942],[-0.34801245,39.43037653],[-0.34741437,39.43011534],[-0.34679425,39.42991197],[-0.34623551,39.42975211],[-0.34571195,39.42962217],[-0.34525216,39.42946315],[-0.34477377,39.42926276],[-0.34418786,39.42900622],[-0.34354341,39.42880285],[-0.34285843,39.42861915],[-0.34208095,39.42841613],[-0.34139287,39.42815912],[-0.34089935,39.42795634],[-0.34052563,39.42779231],[-0.34018803,39.42765915],[-0.33984637,39.42751646],[-0.33947146,39.42738402],[-0.33901525,39.42724824],[-0.33845544,39.42714703],[-0.3379848,39.42694902],[-0.33731914,39.42674255],[-0.33673334,39.42648435],[-0.33623791,39.42628062],[-0.33563375,39.42611456],[-0.33472693,39.42598164],[-0.33351946,39.42553282],[-0.33168614,39.42500174],[-0.33046365,39.42570984],[-0.32992911,39.42718506],[-0.33005011,39.42893398],[-0.33008182,39.4295454],[-0.33034921,39.42992878],[-0.33160973,39.42984045],[-0.33202994,39.42969275],[-0.33210623,39.43134511],[-0.33164775,39.43116796],[-0.32931793,39.43034196],[-0.32931793,39.42753911],[-0.32885945,39.42745054],[-0.31457376,39.42278886],[-0.31312227,39.42243481],[-0.31212926,39.42270041],[-0.30857694,39.42975175],[-0.30861521,39.43066645],[-0.30930257,39.43166971],[-0.31377816,39.43516731],[-0.31411171,39.43478096],[-0.31227767,39.43342924],[-0.31444514,39.43021047],[-0.32958531,39.43456113],[-0.32954705,39.43491507],[-0.32997251,39.43537724],[-0.32962,39.43589306],[-0.32910645,39.43647623],[-0.32759976,39.43919325],[-0.3271414,39.43934083],[-0.32611001,39.4391638],[-0.32026505,39.43754101],[-0.31846964,39.44087505],[-0.31908095,39.44116998],[-0.31915724,39.44146514],[-0.31816411,39.44361877],[-0.31869876,39.44385493],[-0.32427633,39.44556606],[-0.32484925,39.44580221],[-0.32465851,39.44743156],[-0.32481468,39.447878],[-0.3250035,39.44898605],[-0.32519805,39.44955456],[-0.32429504,39.44955456],[-0.32222044,39.44875658],[-0.32044673,39.44829941],[-0.32012713,39.44950104],[-0.32325304,39.45084214],[-0.32555926,39.45173264],[-0.32544816,39.45327747],[-0.3225584,39.45304155],[-0.3225584,39.45422173],[-0.32582307,39.45513356],[-0.32607067,39.4556967],[-0.32469058,39.45694053],[-0.32318366,39.45829856],[-0.3226974,39.45827723],[-0.31422281,39.44671154],[-0.31352794,39.44665778],[-0.31331956,39.44789171],[-0.31373966,39.44852841],[-0.31344485,39.45074546],[-0.31220818,39.45046663],[-0.30867481,39.45040214],[-0.30785978,39.44977987],[-0.30810988,39.44920063],[-0.30902696,39.44900751],[-0.31194425,39.44289195],[-0.31219435,39.44237697],[-0.31077743,39.44192636],[-0.30919361,39.44128275],[-0.30802655,39.44508076],[-0.30419231,39.44508076],[-0.30427563,39.43510294],[-0.30169153,39.43523157],[-0.30144155,39.44862115],[-0.30219173,39.44920063],[-0.30569255,39.45055234],[-0.30777645,39.45106745],[-0.31102741,39.45105672],[-0.31191897,39.45207751],[-0.31211031,39.45222151],[-0.31240594,39.45238686],[-0.31720972,39.45947885],[-0.31818223,39.45990801],[-0.31943238,39.46028352],[-0.32040501,39.46049798],[-0.32207215,39.46033704],[-0.32373917,39.45958614],[-0.32603145,39.45738673],[-0.32686508,39.45642114],[-0.32742095,39.45599186],[-0.32804596,39.45620644],[-0.32943535,39.45727944],[-0.32998407,39.45844901],[-0.33089411,39.45953238],[-0.33040786,39.46033704],[-0.32957423,39.46114182],[-0.32860184,39.46162462],[-0.32693458,39.46178555],[-0.32540643,39.46167815],[-0.3246423,39.46146357],[-0.32408655,39.46044445],[-0.32338464,39.46121693],[-0.32276666,39.46146357],[-0.32137752,39.46151733],[-0.31901574,39.46151733],[-0.31811273,39.46151733],[-0.31714022,39.46226835],[-0.32067275,39.46296251],[-0.32134294,39.46290553],[-0.32236981,39.47063685],[-0.32286978,39.47952032],[-0.32309711,39.49467111],[-0.32311165,39.49563706],[-0.32313538,39.49722874],[-0.3229537,39.49825501],[-0.32272553,39.49916375],[-0.32267785,39.50202918],[-0.32264543,39.50397205],[-0.32241845,39.50454175],[-0.32224321,39.50518632],[-0.32207537,39.50577545],[-0.32191336,39.50642777],[-0.32165217,39.50731575],[-0.32120252,39.50860465],[-0.32056141,39.50992572],[-0.32011116,39.51098776],[-0.31984925,39.51163876],[-0.31968725,39.51211596],[-0.31952405,39.51268828],[-0.31936252,39.51354241],[-0.31915295,39.51459873],[-0.31889296,39.51587641],[-0.31856585,39.51695502],[-0.31830585,39.51781523],[-0.31804335,39.51854706],[-0.3176887,39.51936746],[-0.31720495,39.52020001],[-0.31684875,39.52091956],[-0.31660855,39.52149677],[-0.31643915,39.52205574],[-0.31627584,39.52260876],[-0.31615424,39.52323616],[-0.31551564,39.52384758],[-0.31539047,39.52411592],[-0.31519568,39.52440715],[-0.31493437,39.52477252],[-0.31457472,39.52525163],[-0.31422126,39.5257802],[-0.31383824,39.52627695],[-0.3134855,39.52672863],[-0.31310368,39.52722502],[-0.31275737,39.52776885],[-0.312415,39.52830565],[-0.31217003,39.52876985],[-0.31193256,39.52914965],[-0.31158865,39.52958524],[-0.31103134,39.53021264],[-0.31040275,39.5309931],[-0.30971873,39.53186512],[-0.30927682,39.53259933],[-0.30900145,39.53308451],[-0.30875075,39.53347683],[-0.30843353,39.53392172],[-0.30817962,39.53437185],[-0.30796933,39.53473604],[-0.3077867,39.53503227],[-0.3075639,39.53530502],[-0.3073858,39.53592515],[-0.3067342,39.53652465],[-0.30626798,39.53703701],[-0.30584502,39.53757322],[-0.30541921,39.53819585],[-0.30494118,39.53884745],[-0.30462396,39.53933477],[-0.30438387,39.53957665],[-0.30408156,39.53972638],[-0.30368876,39.54000986],[-0.30317915,39.54053581],[-0.30248153,39.54134357],[-0.30186021,39.54222286],[-0.30129802,39.54302645],[-0.30090213,39.54373002],[-0.29930305,39.54503143],[-0.29903674,39.54541481],[-0.29867744,39.54583311],[-0.2983253,39.54624414],[-0.29797053,39.5466454],[-0.29771972,39.54699755],[-0.29750657,39.54736495],[-0.29725575,39.54784036],[-0.29685187,39.5484302],[-0.29631937,39.54912531],[-0.29565895,39.54983997],[-0.29519093,39.55035293],[-0.29489374,39.55078125],[-0.29513884,39.55078125],[-0.29460406,39.55138505],[-0.29432654,39.55177486],[-0.29412782,39.5522058],[-0.29396713,39.55270934],[-0.29376388,39.55314171],[-0.29350448,39.55352521],[-0.29317045,39.55392087],[-0.29290223,39.55429244],[-0.29085815,39.55592716],[-0.29073215,39.55620074],[-0.29050934,39.55651307],[-0.29015708,39.55692804],[-0.28966212,39.55745053],[-0.28925574,39.55794024],[-0.28776276,39.55911386],[-0.28737104,39.55921495],[-0.28689897,39.55937052],[-0.28628922,39.55957127],[-0.2856127,39.55982065],[-0.28494,39.56001008],[-0.2842226,39.56020224],[-0.28332925,39.56050861],[-0.28243876,39.56104112],[-0.28177845,39.56168056],[-0.28127921,39.56244564],[-0.28113544,39.56318581],[-0.2812922,39.56368041],[-0.28151035,39.56409335],[-0.28161454,39.56476605],[-0.28135645,39.56583595],[-0.28077233,39.56686795],[-0.28032327,39.56755626],[-0.2799834,39.56799614],[-0.27954114,39.56848335],[-0.27886927,39.56918705],[-0.27824855,39.56995594],[-0.27768815,39.57072878],[-0.27732074,39.57141244],[-0.27703106,39.57194734],[-0.27697766,39.57209015],[-0.27650702,39.57287133],[-0.27613056,39.57366157],[-0.27577555,39.57426691],[-0.27552092,39.57464576],[-0.27531803,39.57492161],[-0.27515364,39.57523561],[-0.27497816,39.57570505],[-0.27480996,39.5763154],[-0.27459705,39.5768224],[-0.27433085,39.57728732],[-0.27399123,39.57787931],[-0.27372515,39.57854044],[-0.27351212,39.57903004],[-0.27334106,39.57945013],[-0.27315915,39.58006847],[-0.27298796,39.58094835],[-0.2728008,39.58171201],[-0.27263033,39.58232701],[-0.27245104,39.58279741],[-0.27228761,39.58323514],[-0.27208257,39.58371925],[-0.27180195,39.58432281],[-0.27137303,39.58495831],[-0.27122915,39.58887184],[-0.27099836,39.58913672],[-0.27081323,39.58939552],[-0.27062643,39.58966458],[-0.27045572,39.59001672],[-0.27026904,39.59057522],[-0.27009571,39.59132826],[-0.26990747,39.59194565],[-0.26973367,39.59242737],[-0.26954556,39.59289432],[-0.26937211,39.59351206],[-0.26918387,39.5943408],[-0.26901042,39.59538102],[-0.26882231,39.59621787],[-0.26864874,39.59686983],[-0.26846063,39.59740984],[-0.26828694,39.59794092],[-0.26809895,39.59840941],[-0.26792562,39.59886491],[-0.26773715,39.59934294],[-0.26756215,39.59987235],[-0.26737106,39.60034704],[-0.26719618,39.60080326],[-0.26701975,39.60129666],[-0.26688886,39.60190046],[-0.26660347,39.60236466],[-0.26647258,39.60294127],[-0.26629615,39.60336053],[-0.26612115,39.60367715],[-0.26593018,39.60401225],[-0.26575494,39.60443544],[-0.26556575,39.60492456],[-0.26539171,39.60545576],[-0.26520562,39.60586965],[-0.26504123,39.60616565],[-0.26487172,39.60641706],[-0.26470625,39.60671365],[-0.26444376,39.60718632],[-0.26399612,39.60792792],[-0.26336002,39.60876215],[-0.26291156,39.60939944],[-0.26262295,39.60981858],[-0.26236725,39.61020875],[-0.26205385,39.61071801],[-0.26180923,39.61127472],[-0.26159775,39.61171031],[-0.26136017,39.61209583],[-0.26097465,39.61259222],[-0.26041043,39.61327565],[-0.25954378,39.61414325],[-0.25918436,39.61462188],[-0.25851822,39.6152333],[-0.25805581,39.61572111],[-0.25770223,39.61612666],[-0.25746644,39.61647534],[-0.25720131,39.61688626],[-0.25676215,39.61748743],[-0.25610304,39.61820102],[-0.25556791,39.61877716],[-0.2551651,39.61921704],[-0.25491106,39.61954916],[-0.25466704,39.61987174],[-0.2543298,39.62030554],[-0.25387311,39.62086737],[-0.25354862,39.62134123],[-0.25326836,39.62162006],[-0.25286162,39.62186515],[-0.25232935,39.62226522],[-0.25181508,39.62276351],[-0.25129378,39.623299],[-0.25094664,39.62371421],[-0.25069582,39.62403846],[-0.25044346,39.62439215],[-0.25012314,39.62485576],[-0.24986422,39.62538588],[-0.24743891,39.62741256],[-0.24734771,39.62759614],[-0.2471863,39.62771547],[-0.24695826,39.62780476],[-0.24668634,39.62800991],[-0.24625874,39.62845635],[-0.24564743,39.62907481],[-0.24523115,39.62952244],[-0.24496281,39.62973475],[-0.24430728,39.62997687],[-0.24384916,39.63016427],[-0.24334455,39.63040674],[-0.24295437,39.63059032],[-0.24270582,39.6307826],[-0.24247944,39.63107443],[-0.24218464,39.63144445],[-0.24194157,39.63178706],[-0.24166596,39.63213801],[-0.24122107,39.63262701],[-0.24053276,39.63329256],[-0.23990142,39.63392663],[-0.23934817,39.63448811],[-0.23902881,39.63487065],[-0.23883915,39.63511801],[-0.23851526,39.63504362],[-0.23814166,39.63544524],[-0.23775613,39.63585484],[-0.23722541,39.63626683],[-0.23663485,39.63658881],[-0.23599517,39.63687181],[-0.23539555,39.63706756],[-0.23492563,39.63722265],[-0.23452032,39.63735092],[-0.23407662,39.63749051],[-0.23357582,39.63762033],[-0.23313224,39.63775992],[-0.23275185,39.63788974],[-0.23237348,39.63804984],[-0.23192573,39.63825393],[-0.23138452,39.63853467],[-0.23083305,39.63880634],[-0.23031068,39.63907313],[-0.22993803,39.63925862],[-0.22971594,39.63944101],[-0.22948706,39.63968825],[-0.2290709,39.63995016],[-0.22853982,39.64013922],[-0.22806382,39.64028513],[-0.22764957,39.64038098],[-0.22610796,39.64163625],[-0.22601724,39.6418339],[-0.22583592,39.64197791],[-0.22553825,39.64209068],[-0.22515631,39.6422435],[-0.22469986,39.64244544],[-0.22419548,39.64270782],[-0.2237457,39.64291501],[-0.22329748,39.64308214],[-0.22271657,39.64321494],[-0.22188401,39.64334607],[-0.22069204,39.64344347],[-0.21894395,39.64465117],[-0.21857595,39.64506245],[-0.21804702,39.64547491],[-0.21748126,39.64579725],[-0.21693885,39.64608097],[-0.21650124,39.64627576],[-0.21612334,39.64642394],[-0.21568108,39.64653492],[-0.2150439,39.64665914],[-0.21427953,39.64683378],[-0.21382105,39.64719546],[-0.21374226,39.64772296],[-0.21392477,39.64808094],[-0.21425676,39.64825606],[-0.21466625,39.64840555],[-0.21514332,39.64859176],[-0.21564937,39.64883685],[-0.21601963,39.64901996],[-0.21621037,39.64917183],[-0.2163583,39.64933181],[-0.21671355,39.64950931],[-0.21738195,39.64982605],[-0.21806157,39.65039885],[-0.21825325,39.65104067],[-0.21799624,39.65166354],[-0.21769905,39.65192544],[-0.2174685,39.65220451],[-0.21728313,39.65248275],[-0.21709538,39.65275943],[-0.21692264,39.65303493],[-0.21673465,39.65331554],[-0.21656835,39.65361965],[-0.21640813,39.65396571],[-0.21628416,39.65431845],[-0.21609962,39.65455866],[-0.21573007,39.65470076],[-0.21507323,39.65477955],[-0.2141571,39.65469432],[-0.21336162,39.65445638],[-0.21283162,39.65426385],[-0.21245337,39.65416563],[-0.21210885,39.65415275],[-0.21174645,39.65407824],[-0.21136546,39.65391731],[-0.21101665,39.65364635],[-0.21076405,39.65333974],[-0.21051717,39.65303636],[-0.21046531,39.65034687],[-0.21023405,39.64976573],[-0.21004856,39.64906144],[-0.20986211,39.64831793],[-0.20969427,39.64750016],[-0.20951545,39.64674366],[-0.20934975,39.64589953],[-0.20914376,39.64488721],[-0.20887434,39.64373624],[-0.20848465,39.64311194],[-0.20814323,39.64318824],[-0.20806015,39.64367414],[-0.20819795,39.64436388],[-0.20838821,39.64521015],[-0.20859528,39.64598227],[-0.20878875,39.64669824],[-0.20902145,39.647282],[-0.20909154,39.64986885],[-0.20932543,39.65046132],[-0.20952034,39.65119004],[-0.20972741,39.65197063],[-0.20991015,39.65277565],[-0.2099123,39.6534667],[-0.20953834,39.65336072],[-0.20899522,39.65307355],[-0.20843124,39.65277553],[-0.20788407,39.65248287],[-0.20743096,39.65227747],[-0.20705116,39.65211856],[-0.20669568,39.65199006],[-0.20634067,39.65185022],[-0.20598125,39.65171814],[-0.20562053,39.65157402],[-0.20526457,39.65144396],[-0.20491815,39.65130854],[-0.20457161,39.65118146],[-0.20417273,39.65100563],[-0.20361507,39.65073907],[-0.20284736,39.65034962],[-0.20204127,39.64998555],[-0.20126104,39.64959025],[-0.20082486,39.64946926],[-0.20027983,39.64915204],[-0.19989431,39.64895153],[-0.19969475,39.64878976],[-0.1995846,39.64861786],[-0.19941378,39.64847612],[-0.19912911,39.64835906],[-0.19876993,39.64822292],[-0.19836366,39.64809346],[-0.19791055,39.64795864],[-0.19747245,39.64784455],[-0.19721508,39.64770556],[-0.19708323,39.64752686],[-0.19685125,39.64733005],[-0.19634247,39.64705586],[-0.19559014,39.64670145],[-0.19462645,39.64663196],[-0.19477546,39.64715373],[-0.19494236,39.64739287],[-0.19520116,39.64758778],[-0.19567835,39.64783776],[-0.19634807,39.6482023],[-0.19699156,39.64850664],[-0.19741797,39.64867985],[-0.19786811,39.64876115],[-0.19813812,39.64890063],[-0.19827962,39.6490823],[-0.1984632,39.64923346],[-0.19875777,39.64935076],[-0.19910347,39.64947736],[-0.19940424,39.64959335],[-0.19959235,39.64974225],[-0.19989383,39.65007067],[-0.20053041,39.65031755],[-0.20089531,39.65044451],[-0.20128214,39.65060425],[-0.20173574,39.65080786],[-0.20227396,39.65108955],[-0.20282054,39.65136647],[-0.20335805,39.65164745],[-0.20380616,39.65184796],[-0.20417905,39.65200055],[-0.20452738,39.65212214],[-0.20490027,39.65227485],[-0.20535457,39.65248895],[-0.2059139,39.65281951],[-0.20659041,39.65286398],[-0.20721436,39.65313876],[-0.20801985,39.6535027],[-0.20891643,39.65399385],[-0.20956624,39.65433621],[-0.20999444,39.65453696],[-0.21036565,39.65466535],[-0.21079683,39.65479827],[-0.21129894,39.6549263],[-0.21175444,39.65506113],[-0.21215916,39.65516257],[-0.21417975,39.65675461],[-0.21405506,39.65733635],[-0.21383333,39.65780234],[-0.21347904,39.65825701],[-0.21297264,39.65877175],[-0.21254206,39.65919805],[-0.21215403,39.65948856],[-0.21184301,39.65965104],[-0.21163213,39.65981567],[-0.21142387,39.66005266],[-0.21109343,39.66029835],[-0.21070445,39.66046131],[-0.21030605,39.66061103],[-0.20990968,39.66086304],[-0.20955896,39.66141212],[-0.20932424,39.66219544],[-0.20913684,39.66283953],[-0.20897961,39.66331005],[-0.20878541,39.66365838],[-0.20853317,39.66399395],[-0.20816135,39.66440034],[-0.20773041,39.66488945],[-0.20718193,39.66551328],[-0.20661747,39.66620696],[-0.20591533,39.66695583],[-0.20581841,39.66770828],[-0.20551801,39.66836703],[-0.20515776,39.66918135],[-0.20466721,39.66997576],[-0.20422244,39.6705749],[-0.20372045,39.67094612],[-0.20316124,39.67117524],[-0.20268703,39.67144001],[-0.20260942,39.67151117],[-0.20232701,39.67177057],[-0.20197177,39.67216194],[-0.20170796,39.67261112],[-0.20153475,39.67326593],[-0.20153046,39.67412877],[-0.20169055,39.67476904],[-0.20193803,39.67515862],[-0.2023102,39.67542374],[-0.20275414,39.67562985],[-0.20324266,39.67587817],[-0.20326972,39.67871094],[-0.20290804,39.67899001],[-0.20290804,39.68289626],[-0.20254624,39.68317521],[-0.202443,39.68582594],[-0.20223618,39.68610477],[-0.20213294,39.68666291],[-0.20192623,39.68694186],[-0.20178473,39.68986547],[-0.20155394,39.69013655],[-0.20136881,39.69042444],[-0.20118201,39.69076622],[-0.2010113,39.69119203],[-0.20082462,39.6916815],[-0.20065117,39.69224966],[-0.20046306,39.69279993],[-0.20028925,39.69332135],[-0.20010126,39.6937232],[-0.19992757,39.69412255],[-0.19973946,39.69474757],[-0.19956601,39.69561911],[-0.19937777,39.69631731],[-0.19920433,39.69679725],[-0.19901621,39.69712365],[-0.19884264,39.69741786],[-0.19865465,39.6978178],[-0.1984812,39.69839954],[-0.19829285,39.69909775],[-0.19811773,39.69986534],[-0.19792664,39.70040917],[-0.19775176,39.70079875],[-0.19757533,39.70128465],[-0.19744444,39.70199442],[-0.19719684,39.70275152],[-0.19695497,39.70394301],[-0.19661677,39.70463216],[-0.19629431,39.70495594],[-0.19607723,39.70536661],[-0.19592595,39.70602095],[-0.19575608,39.70655715],[-0.19558895,39.70690537],[-0.19540095,39.70717061],[-0.19522643,39.7074573],[-0.19503772,39.70786345],[-0.19486368,39.70843244],[-0.19467521,39.70906913],[-0.19450104,39.70973742],[-0.19431424,39.71022081],[-0.19414675,39.71053255],[-0.19397128,39.71078145],[-0.19380343,39.7110697],[-0.19356525,39.71151865],[-0.19320667,39.71221185],[-0.19271564,39.71301115],[-0.19235706,39.71370554],[-0.19211972,39.71415722],[-0.19195485,39.71444654],[-0.19178545,39.71468592],[-0.19162071,39.71496177],[-0.19140828,39.71538484],[-0.19114137,39.71605992],[-0.19080281,39.71694803],[-0.19054282,39.71792495],[-0.19034207,39.71862805],[-0.19017696,39.71913302],[-0.18994522,39.71963966],[-0.18958986,39.72032535],[-0.18909967,39.72110891],[-0.18874121,39.72179544],[-0.18850267,39.72224772],[-0.1883347,39.72254705],[-0.18815923,39.72280562],[-0.18799174,39.72308874],[-0.18780494,39.72343373],[-0.18763065,39.72382915],[-0.18733883,39.72439146],[-0.18708181,39.72475624],[-0.18691111,39.72503042],[-0.18672442,39.72530687],[-0.18653917,39.72558534],[-0.1863085,39.72586465],[-0.18627024,39.7265625],[-0.18575835,39.7265625],[-0.18565035,39.72729647],[-0.18522215,39.72772503],[-0.18494701,39.72811151],[-0.18475366,39.72853303],[-0.18459511,39.72902608],[-0.18436551,39.72947621],[-0.18401194,39.72996998],[-0.18352735,39.73061228],[-0.18317616,39.73124635],[-0.18292427,39.73170972],[-0.18266845,39.73210835],[-0.18229103,39.73259985],[-0.18184805,39.73319304],[-0.18133831,39.73378575],[-0.18098402,39.73422158],[-0.18072593,39.73455226],[-0.18046761,39.73489153],[-0.18014038,39.73527491],[-0.17987967,39.73562014],[-0.17966676,39.73591793],[-0.17949343,39.73619533],[-0.17930758,39.73646987],[-0.17913496,39.73674667],[-0.17895865,39.73702514],[-0.17882705,39.73730445],[-0.17855954,39.73766565],[-0.17846036,39.73800886],[-0.17826033,39.73823225],[-0.17793465,39.73840892],[-0.1775614,39.73867917],[-0.17721987,39.73903668],[-0.17686605,39.7394402],[-0.17660534,39.73980975],[-0.17639804,39.74017727],[-0.17623174,39.74058735],[-0.17605662,39.74099827],[-0.17589116,39.74140632],[-0.17568421,39.74176824],[-0.17541981,39.74213076],[-0.17505336,39.74254155],[-0.17469251,39.74295998],[-0.17432666,39.74337804],[-0.17406797,39.74373102],[-0.17387974,39.74401212],[-0.17374051,39.74422121],[-0.17354655,39.74435985],[-0.17324197,39.74452424],[-0.17286336,39.74487543],[-0.17241061,39.74544203],[-0.1717571,39.74615335],[-0.17150188,39.74681306],[-0.1710726,39.74734867],[-0.17079413,39.74784064],[-0.17059433,39.74826825],[-0.17043293,39.74867284],[-0.17022944,39.74903226],[-0.16997194,39.74939013],[-0.16964412,39.74977171],[-0.16938221,39.75011277],[-0.16911817,39.75044727],[-0.16876423,39.75086415],[-0.16828454,39.75136685],[-0.16793287,39.75178373],[-0.16767621,39.75212026],[-0.16742384,39.75246882],[-0.16708911,39.75286198],[-0.16675806,39.75321686],[-0.16636455,39.75350487],[-0.16595054,39.75374997],[-0.16559172,39.75409508],[-0.16535485,39.75454366],[-0.16338277,39.75626886],[-0.16297996,39.75690913],[-0.16243482,39.75754285],[-0.16189706,39.75810885],[-0.16135955,39.75864375],[-0.16100943,39.75906575],[-0.16078985,39.75943506],[-0.16063571,39.75983477],[-0.16044986,39.76025462],[-0.16020381,39.76072502],[-0.15983236,39.76121128],[-0.15938771,39.76170838],[-0.15879464,39.76229215],[-0.15816236,39.76293683],[-0.15748155,39.76365864],[-0.15704703,39.76424432],[-0.15678418,39.76464498],[-0.15654051,39.76503074],[-0.15617585,39.76558316],[-0.15573561,39.76631522],[-0.15519631,39.76707637],[-0.15474975,39.76772213],[-0.15436673,39.76821911],[-0.15409422,39.76857471],[-0.15398502,39.76905763],[-0.15324175,39.76920092],[-0.15232694,39.76947165],[-0.15157044,39.76999235],[-0.15117335,39.77059615],[-0.15096223,39.77104974],[-0.15081656,39.77136505],[-0.15064847,39.77163291],[-0.15048075,39.77191865],[-0.15029156,39.77226365],[-0.15011573,39.77265835],[-0.14992762,39.77300596],[-0.14975953,39.7732954],[-0.14958346,39.77356064],[-0.14941502,39.77384937],[-0.14917624,39.77423346],[-0.1488167,39.77476644],[-0.14832437,39.77534831],[-0.14796495,39.77580857],[-0.14772594,39.77619541],[-0.14755595,39.77658212],[-0.14737713,39.77692044],[-0.14720786,39.77721357],[-0.14703202,39.77748954],[-0.14690006,39.77776265],[-0.14664817,39.77811027],[-0.14641511,39.77854991],[-0.14608896,39.77886772],[-0.14577067,39.77905822],[-0.14550245,39.77931905],[-0.14516544,39.77979016],[-0.14469135,39.78035724],[-0.14433825,39.78081727],[-0.14409971,39.78120697],[-0.14392996,39.78161454],[-0.14375305,39.78202248],[-0.14358461,39.78242767],[-0.14339733,39.78277075],[-0.14322531,39.78307593],[-0.14304316,39.78340721],[-0.14287734,39.78379571],[-0.14267671,39.78421724],[-0.14242053,39.78475356],[-0.14204204,39.78546607],[-0.14160085,39.78632545],[-0.14105213,39.78709853],[-0.14053953,39.78766012],[-0.13999367,39.78807068],[-0.13951516,39.78831613],[-0.13910222,39.78851342],[-0.13883734,39.78849328],[-0.13826883,39.78871572],[-0.13762248,39.78898275],[-0.13703275,39.78936315],[-0.13668144,39.78972197],[-0.13646674,39.79002786],[-0.13631582,39.79034245],[-0.13615465,39.79074693],[-0.13599277,39.79124403],[-0.13575912,39.79169202],[-0.13540638,39.79215956],[-0.13491225,39.79275143],[-0.13450634,39.79338121],[-0.13249195,39.79509175],[-0.13222265,39.79563034],[-0.13188815,39.79610455],[-0.13163006,39.79645991],[-0.13143086,39.79673433],[-0.13127124,39.79698563],[-0.13105166,39.79728174],[-0.13070357,39.79773343],[-0.1301676,39.79842305],[-0.12962484,39.79921794],[-0.12905824,39.79992294],[-0.12861764,39.80043101],[-0.12825167,39.80083573],[-0.12800181,39.80122137],[-0.12775266,39.8017565],[-0.12740767,39.80251515],[-0.12693572,39.80322146],[-0.12658715,39.80368304],[-0.12630427,39.80402374],[-0.12595332,39.80446315],[-0.12545013,39.80512035],[-0.12500775,39.80583978],[-0.12462056,39.80641592],[-0.12434447,39.80680442],[-0.12408781,39.80710101],[-0.12404251,39.80817735],[-0.12381113,39.80844915],[-0.12362516,39.80871832],[-0.12343764,39.80899346],[-0.12326622,39.80931163],[-0.12307954,39.80973291],[-0.12290871,39.81024265],[-0.12272584,39.81065714],[-0.12255406,39.81096828],[-0.12234044,39.81126034],[-0.12207627,39.81161797],[-0.12174344,39.81207228],[-0.12148535,39.81252563],[-0.12125862,39.81289828],[-0.12099922,39.81327307],[-0.12061512,39.81377184],[-0.12017226,39.81441724],[-0.11967361,39.81515014],[-0.11933815,39.81576741],[-0.11907566,39.81610572],[-0.11876261,39.81630266],[-0.11844611,39.81653965],[-0.11822951,39.81677318],[-0.11802375,39.81692696],[-0.11776817,39.81700706],[-0.11679876,39.81776142],[-0.1167469,39.81796074],[-0.11653948,39.81819987],[-0.11648774,39.81839907],[-0.11462176,39.81999362],[-0.11457014,39.82019293],[-0.11436272,39.82043195],[-0.11431086,39.82063127],[-0.11217475,39.82243514],[-0.11190605,39.82297301],[-0.11157095,39.82344723],[-0.11131024,39.82380557],[-0.11110437,39.82409012],[-0.11093903,39.82435536],[-0.11073744,39.8246417],[-0.11047637,39.82498741],[-0.11011136,39.82540262],[-0.10975134,39.82582474],[-0.10938621,39.82623947],[-0.10912502,39.82658553],[-0.10892332,39.82687461],[-0.10875726,39.82714725],[-0.10855162,39.82743931],[-0.10829353,39.82778251],[-0.10796607,39.82816768],[-0.10770667,39.82851303],[-0.10744834,39.82885003],[-0.1070981,39.82927442],[-0.10660136,39.82979775],[-0.10617685,39.83023894],[-0.10578513,39.83053946],[-0.10544693,39.83069241],[-0.10517383,39.83079255],[-0.10525393,39.83103955],[-0.10496342,39.83115268],[-0.10461783,39.83130991],[-0.1042732,39.83157182],[-0.10402966,39.83187222],[-0.10384202,39.83216727],[-0.1037184,39.83245444],[-0.10183775,39.83374774],[-0.10161865,39.83405435],[-0.10137916,39.83457685],[-0.10106087,39.83510137],[-0.10080421,39.8355304],[-0.10057116,39.83598125],[-0.10030901,39.83654237],[-0.09994924,39.83708382],[-0.09959257,39.83757424],[-0.09922755,39.83812547],[-0.09896314,39.83871686],[-0.09875596,39.83921695],[-0.09859061,39.83963883],[-0.09841466,39.83997333],[-0.09824574,39.84027803],[-0.09803307,39.84064007],[-0.09777164,39.84109664],[-0.09744346,39.84154737],[-0.09718573,39.84190047],[-0.09693193,39.84222245],[-0.09658825,39.84266222],[-0.09608805,39.84331512],[-0.09561801,39.84405565],[-0.09510493,39.84476233],[-0.09495032,39.84532773],[-0.09452963,39.84575105],[-0.09425414,39.84611893],[-0.09402931,39.84649801],[-0.09377515,39.84695744],[-0.09341907,39.84743774],[-0.09306598,39.84787416],[-0.09270668,39.84828246],[-0.09244466,39.84862268],[-0.0922122,39.84892797],[-0.09195328,39.84926295],[-0.09162581,39.84964943],[-0.09136796,39.85004115],[-0.09114182,39.85049605],[-0.09089732,39.85102415],[-0.09055865,39.85141838],[-0.09023571,39.85161698],[-0.09001851,39.85177124],[-0.08986676,39.85198474],[-0.08969605,39.85224915],[-0.08952701,39.85253215],[-0.08933556,39.85281611],[-0.08915913,39.85309732],[-0.08898127,39.85337663],[-0.08884966,39.85365534],[-0.08859122,39.85396337],[-0.08832037,39.85450375],[-0.08798683,39.85498154],[-0.08773816,39.85534132],[-0.08742547,39.85582554],[-0.08714998,39.85603011],[-0.08656776,39.85635126],[-0.08576357,39.85682333],[-0.08518314,39.85715353],[-0.08491635,39.85736334],[-0.08480036,39.85753918],[-0.08464515,39.85766375],[-0.08440661,39.8577342],[-0.08267522,39.85906112],[-0.0825845,39.85927033],[-0.08222175,39.8595494],[-0.08194947,39.85961914],[-0.08032215,39.86087286],[-0.07984495,39.8614012],[-0.07919717,39.86193144],[-0.07856083,39.86226106],[-0.07784355,39.86239517],[-0.07695496,39.86230552],[-0.07618356,39.86204302],[-0.07557821,39.86180782],[-0.07490325,39.86166286],[-0.07408202,39.86170506],[-0.07348275,39.86194992],[-0.07320142,39.86228895],[-0.07301915,39.86268747],[-0.07273591,39.86312187],[-0.07211626,39.86344194],[-0.07123351,39.86352885],[-0.0704751,39.86343813],[-0.06994104,39.86325395],[-0.06925738,39.86296356],[-0.06712532,39.86150217],[-0.06679726,39.86131132],[-0.06579793,39.86113417],[-0.06541347,39.86131132],[-0.0653367,39.86166525],[-0.0653367,39.86237335],[-0.06506753,39.86302245],[-0.06479835,39.86370111],[-0.06418335,39.86473381],[-0.06360686,39.86564827],[-0.06306875,39.86668098],[-0.06249213,39.86789072],[-0.06206918,39.86839235],[-0.06141567,39.86898243],[-0.06045473,39.86954296],[-0.06022406,39.87016261],[-0.06014717,39.87075257],[-0.05991662,39.87157881],[-0.05794311,39.87307],[-0.05770123,39.87325156],[-0.05759954,39.87343621],[-0.05751264,39.87361336],[-0.05697954,39.87374258],[-0.05623615,39.87421155],[-0.05575788,39.87448156],[-0.0554378,39.87480783],[-0.05522764,39.87497306],[-0.05482602,39.87521315],[-0.05434883,39.87557995],[-0.05403507,39.87588942],[-0.05379164,39.87607145],[-0.05348754,39.87622666],[-0.05312371,39.87650704],[-0.05271351,39.87694061],[-0.0521605,39.87751293],[-0.0515666,39.87809515],[-0.05085206,39.87864482],[-0.05018532,39.8790313],[-0.04825366,39.88044083],[-0.04825366,39.8807199],[-0.04623377,39.88219857],[-0.04575312,39.88243592],[-0.04542935,39.88280106],[-0.04491413,39.88334024],[-0.04437828,39.88390756],[-0.04378593,39.88450134],[-0.04325068,39.88505936],[-0.04273295,39.88559592],[-0.04239702,39.88600862],[-0.04214072,39.88634384],[-0.04181802,39.8866986],[-0.04131615,39.8870759],[-0.04081583,39.88737226],[-0.04040384,39.88768041],[-0.04007781,39.88803721],[-0.03972375,39.88844717],[-0.03938365,39.88886404],[-0.03898156,39.88931644],[-0.03854525,39.88980865],[-0.03803337,39.89034498],[-0.03761804,39.89078045],[-0.03719926,39.89109862],[-0.03672504,39.8913362],[-0.03619945,39.89158654],[-0.03572345,39.89181852],[-0.0353024,39.89212966],[-0.03488874,39.89257646],[-0.03439474,39.89318252],[-0.03400397,39.89382887],[-0.03247786,39.89498818],[-0.03208387,39.89519286],[-0.03168523,39.89556503],[-0.03126931,39.89611435],[-0.03076971,39.89672387],[-0.03037465,39.89725232],[-0.0288434,39.8984375],[-0.02848053,39.8984375],[-0.02594078,39.90039063],[-0.02557802,39.90039063],[-0.02329242,39.90207386],[-0.02307475,39.90209246],[-0.02285695,39.90234375],[-0.02181363,39.90234375],[-0.02159154,39.90258825],[-0.02129996,39.90269542],[-0.02096725,39.90283465],[-0.02054524,39.90297008],[-0.01988936,39.90310824],[-0.01892543,39.90321076],[-0.01690555,39.90457594],[-0.01617825,39.90457594],[-0.01431215,39.90593386],[-0.01405656,39.90601683],[-0.01387787,39.90615857],[-0.01375234,39.90634131],[-0.01357365,39.90648305],[-0.0133183,39.90656614],[-0.01169348,39.90772176],[-0.01156843,39.9080621],[-0.01147675,39.90825367],[-0.01134562,39.90852821],[-0.01099002,39.90918624],[-0.01048076,39.90985346],[-0.01004624,39.91033018],[-0.00965035,39.91062093],[-0.00932908,39.91076934],[-0.00912297,39.91091442],[-0.00897706,39.91113198],[-0.00880897,39.9113996],[-0.00864673,39.91167915],[-0.00847006,39.91195345],[-0.00829995,39.91222966],[-0.0080595,39.91254747],[-0.00769818,39.91297042],[-0.00720465,39.91348767],[-0.00684762,39.91391635],[-0.00662053,39.91422904],[-0.00647175,39.91444981],[-0.00629234,39.91458011],[-0.00606716,39.91466665],[-0.00587595,39.91480577],[-0.00571012,39.91502964],[-0.00549555,39.91529763],[-0.00541377,39.91641223],[-0.00518286,39.91667652],[-0.00499988,39.91699696],[-0.00481832,39.91747665],[-0.00464976,39.91815686],[-0.00443888,39.91887927],[-0.00417614,39.91965318],[-0.00383747,39.92032373],[-0.00355518,39.92084217],[-0.00328124,39.92124474],[-0.00323355,39.92369175],[-0.00300157,39.92396033],[-0.0028156,39.92422461],[-0.00262785,39.92449784],[-0.00245607,39.92483413],[-0.00226855,39.92532218],[-0.00209415,39.92594183],[-0.00190484,39.92643034],[-0.00173044,39.92680585],[-0.00154293,39.92722082],[-0.00137126,39.92771864],[-0.00118363,39.92813325],[-0.00099754,39.92845035],[-0.00076544,39.92872775],[-0.00063014,39.93187296],[-0.00038767,39.93224514],[-6.0E-8,39.93247768],[0,39.93247771],[0.0008651,39.93284345],[0.00136006,39.93312383],[0.0016433,39.93355966],[0.00157905,39.93425405],[0.00131488,39.93515158],[0.00130081,39.93611157],[0.00169611,39.93673921],[0.00228596,39.93715513],[0.00273037,39.93781698],[0.00283265,39.93881381],[0.00268316,39.93972075],[0.00258315,39.94674516],[0.00281525,39.94731462],[0.00300145,39.94802463],[0.0031898,39.94883752],[0.00336182,39.94983697],[0.00354815,39.95087695],[0.00371623,39.95204926],[0.00389266,39.95315444],[0.00406182,39.95421386],[0.00438952,39.95503545],[0.0050261,39.95663154],[0.00530601,39.95650291],[0.00463414,39.95405674],[0.00536203,39.95302665],[0.00513804,39.95173931],[0.00754535,39.95122433],[0.00687361,39.94972217],[0.00513804,39.95010853],[0.00480223,39.94963646],[0.01000857,39.94856346],[0.01073635,39.94856346],[0.01124024,39.94886386],[0.01219213,39.9514389],[0.02036583,39.94972217],[0.02187741,39.95259762],[0.02154136,39.95276916],[0.01991785,39.95023716],[0.00575376,39.95341301],[0.00519395,39.95452881],[0.00586593,39.95663154],[0.0054841,39.95705116],[0.00609398,39.95826805],[0.00627375,39.95859766],[0.00650334,39.95886874],[0.00658345,39.96160817],[0.00681424,39.9619801],[0.00699735,39.96238315],[0.00717902,39.96279085],[0.00734818,39.96325874],[0.00756121,39.96383655],[0.00782681,39.96454406],[0.00816166,39.96514106],[0.00841844,39.96555734],[0.00863326,39.96593273],[0.00886357,39.96638835],[0.00922585,39.96688676],[0.00975776,39.9673568],[0.01065171,39.96774232],[0.01167202,39.96787214],[0.01226342,39.9677695],[0.0126456,39.96740174],[0.01290345,39.96728015],[0.01323175,39.96715653],[0.01358736,39.96703982],[0.01491392,39.96655452],[0.01719058,39.96572161],[0.0223248,39.96738732],[0.02213585,39.96767688],[0.01731646,39.96625257],[0.0151118,39.9669286],[0.01274943,39.96799076],[0.01404083,39.96972883],[0.01949,39.96750796],[0.01989937,39.96828043],[0.0170331,39.96984947],[0.01668656,39.97124958],[0.01542675,39.97163594],[0.01766312,39.97424304],[0.02043486,39.97293937],[0.0209074,39.97182906],[0.02065527,39.97149098],[0.02015138,39.97033227],[0.01996243,39.96977711],[0.02150583,39.96907711],[0.02177584,39.96931696],[0.02261293,39.96954978],[0.02299285,39.96996033],[0.02323771,39.97034442],[0.02355385,39.97071505],[0.02406335,39.97097015],[0.0248363,39.97023666],[0.02827454,39.96697426],[0.02637064,39.96027935],[0.03006637,39.95959282],[0.0327543,39.96894825],[0.03174627,39.96920586],[0.02950645,39.97160912],[0.02816248,39.97272491],[0.02872252,39.97512805],[0.02590454,39.97726655],[0.02506268,39.97751594],[0.0237993,39.97777712],[0.02303922,39.97835362],[0.02290118,39.97929251],[0.02308714,39.9800539],[0.02331805,39.98055601],[0.02354026,39.98088956],[0.02372324,39.98121274],[0.02391112,39.98168266],[0.02408326,39.98231482],[0.02427125,39.98287415],[0.02444565,39.98336494],[0.02463496,39.98383856],[0.02480924,39.98432672],[0.02499676,39.98471975],[0.02516854,39.98512936],[0.02535617,39.98580921],[0.02554226,39.98680866],[0.02577424,39.98771346],[0.02585113,39.98784626],[0.02608323,39.98811936],[0.02626944,39.988433],[0.02645731,39.98885262],[0.02662861,39.98938441],[0.02681458,39.98987734],[0.026986,39.99031174],[0.02717376,39.99065805],[0.02735996,39.99094665],[0.02759206,39.99121737],[0.02766895,39.99451613],[0.02790093,39.99500227],[0.02808702,39.99551976],[0.02827466,39.99593282],[0.02844644,39.99626505],[0.02863395,39.99661005],[0.02880812,39.99699354],[0.0289973,39.99732542],[0.02917194,39.99759281],[0.02936172,39.99785221],[0.02953756,39.99823415],[0.02972734,39.9989382],[0.02989697,39.99996138],[0.02990472,40],[0.03006732,40.00080693],[0.0302093,40.00139296],[0.03180742,40.00167131],[0.03196597,40.00225568],[0.03209591,40.00273395],[0.03186345,40.00330198],[0.03195477,40.00367868],[0.03208637,40.00408602],[0.03226376,40.00465572],[0.03243983,40.00538635],[0.03263187,40.00593305],[0.03280807,40.00630701],[0.03299713,40.0067085],[0.03316891,40.00727046],[0.03335166,40.00795507],[0.03352165,40.00874531],[0.03372943,40.00939572],[0.03398538,40.00998116],[0.03432655,40.01059425],[0.03465438,40.01116574],[0.03505623,40.01147127],[0.03554344,40.01150465],[0.03609383,40.01161253],[0.03659153,40.01207912],[0.03703904,40.01286352],[0.03752935,40.01360953],[0.03786683,40.01410222],[0.03810334,40.01442885],[0.03833365,40.01470864],[0.03867364,40.01495647],[0.03906465,40.01512504],[0.03982472,40.01551616],[0.04022443,40.01575363],[0.04057705,40.01616538],[0.04081535,40.01671422],[0.04101038,40.01721203],[0.04117656,40.01763511],[0.04135966,40.01797235],[0.04153252,40.01831341],[0.04172146,40.01879478],[0.04189634,40.01943123],[0.04208565,40.01998413],[0.04226017,40.02044272],[0.04244924,40.02085185],[0.04262376,40.02131057],[0.04281282,40.02186382],[0.04298735,40.02250004],[0.04317641,40.02297974],[0.04335105,40.02331614],[0.04354024,40.02364934],[0.0437144,40.02408326],[0.04390204,40.0246371],[0.04407346,40.02530074],[0.04426134,40.02586007],[0.04444754,40.02631557],[0.0446794,40.02669346],[0.04475617,40.02687681],[0.04498816,40.02725804],[0.04517424,40.02771795],[0.04536212,40.02827883],[0.04553366,40.02892435],[0.04572165,40.02941406],[0.04589605,40.02974653],[0.04608464,40.03001654],[0.04625607,40.03027785],[0.04643917,40.03054285],[0.04661131,40.03081405],[0.04682505,40.03111064],[0.04708946,40.03147817],[0.04742384,40.03193796],[0.04768527,40.03239584],[0.04791856,40.03277755],[0.04818034,40.03316057],[0.0485394,40.03363585],[0.04889345,40.03416264],[0.04925466,40.03465402],[0.04952228,40.03506875],[0.05120444,40.03644037],[0.05130506,40.03663278],[0.05150592,40.03678715],[0.05182886,40.03695703],[0.05219138,40.03723025],[0.05251491,40.03754663],[0.05287397,40.03782213],[0.05318928,40.03799546],[0.05338323,40.03814912],[0.05350184,40.03831935],[0.05367672,40.03845751],[0.05396354,40.03857017],[0.05433846,40.03872013],[0.0547986,40.03891873],[0.05533922,40.03919494],[0.05588496,40.03946757],[0.05644441,40.03976357],[0.05698633,40.04003584],[0.05754185,40.04033077],[0.05808103,40.04060054],[0.05862164,40.04087257],[0.05911684,40.04107451],[0.06232846,40.04347861],[0.06284165,40.04368114],[0.06335652,40.04392874],[0.06373191,40.04411185],[0.06392193,40.04426885],[0.06402767,40.04443955],[0.06424713,40.04461646],[0.06471813,40.04487085],[0.06539798,40.04525411],[0.06604481,40.04559743],[0.06663334,40.04591775],[0.06716228,40.04619145],[0.0676887,40.04646361],[0.06822014,40.04665947],[0.06887245,40.04680884],[0.0696156,40.04692185],[0.07006967,40.04706061],[0.0702666,40.04723155],[0.07045782,40.04738462],[0.07075822,40.04755235],[0.07108915,40.04781365],[0.07133055,40.04811621],[0.07336295,40.04982066],[0.07345545,40.05002022],[0.07369447,40.05020881],[0.0741806,40.05046487],[0.07484484,40.05082715],[0.07540953,40.05109406],[0.07584786,40.05128312],[0.07623386,40.05146253],[0.07656753,40.05172348],[0.07679045,40.05202317],[0.07865918,40.05350065],[0.07930911,40.05380797],[0.07998335,40.05417824],[0.08045435,40.05443501],[0.08068228,40.05462134],[0.08079624,40.05479741],[0.08095837,40.05492652],[0.08120322,40.05500054],[0.08298635,40.05632496],[0.08357215,40.05654025],[0.0842874,40.05676925],[0.08503938,40.05683756],[0.08559883,40.05673945],[0.08598757,40.05659485],[0.08632481,40.05643535],[0.08673465,40.05629516],[0.08735836,40.05614805],[0.08821487,40.05601001],[0.08903813,40.05585575],[0.08983254,40.05571795],[0.09055972,40.05561221],[0.09125841,40.05562174],[0.09178853,40.055709],[0.09217835,40.05570877],[0.09252322,40.05558193],[0.09290171,40.05542696],[0.09338701,40.05533075],[0.09399235,40.05546224],[0.09454465,40.05583763],[0.09492493,40.05618966],[0.09545696,40.05633152],[0.09640372,40.05616355],[0.09754086,40.05570352],[0.09939325,40.05555236],[0.09989536,40.05573463],[0.10044515,40.05588377],[0.10098612,40.05603266],[0.10150075,40.05614555],[0.10190594,40.05620635],[0.10226154,40.05618298],[0.10278916,40.05619645],[0.1038146,40.05624688],[0.10533023,40.05618715],[0.10652268,40.05604315],[0.10725474,40.05603182],[0.10778487,40.05612493],[0.10818768,40.05626798],[0.10847986,40.05639875],[0.10865796,40.05655265],[0.10878086,40.05672967],[0.10895824,40.05686605],[0.10918915,40.05696547],[0.10937142,40.05710471],[0.10947883,40.05730164],[0.11117387,40.05874813],[0.11141944,40.05905128],[0.11175895,40.05931187],[0.11207211,40.05947471],[0.11225677,40.05961514],[0.11236656,40.05977488],[0.11258543,40.05994594],[0.11306763,40.06021893],[0.11381376,40.06068885],[0.11758077,40.06085575],[0.1179198,40.06103694],[0.11833882,40.06118095],[0.11899126,40.06131601],[0.11995363,40.06141365],[0.12279963,40.06361544],[0.12292695,40.06412065],[0.12320733,40.06441212],[0.12368691,40.06454694],[0.12424374,40.06467044],[0.1248188,40.0648365],[0.12529278,40.06511486],[0.12564707,40.06546915],[0.12599218,40.06586266],[0.12624574,40.06625962],[0.12643945,40.06677926],[0.12656593,40.06751478],[0.12849617,40.06916893],[0.12891161,40.06925905],[0.12936115,40.0693835],[0.12980151,40.06952345],[0.13008201,40.06974637],[0.13026595,40.07004166],[0.13053286,40.07025182],[0.13087273,40.07036984],[0.1310389,40.07049465],[0.13104236,40.07065487],[0.13117945,40.07082868],[0.13156164,40.07109487],[0.13204706,40.07153892],[0.13237214,40.07197034],[0.13260114,40.07221484],[0.13281858,40.07233214],[0.13300586,40.07247925],[0.13321865,40.07271671],[0.13355756,40.07297254],[0.13395154,40.07315052],[0.13435245,40.0733006],[0.13475001,40.07347965],[0.13510096,40.07380402],[0.13533664,40.07428467],[0.13553095,40.07492006],[0.13570845,40.07571018],[0.13593173,40.07641006],[0.13597143,40.078125],[0.13566506,40.078125],[0.13578653,40.08001626],[0.13647294,40.08065534],[0.13701212,40.08117914],[0.13755393,40.08159161],[0.13804567,40.08182395],[0.13850331,40.08195615],[0.13893354,40.08205116],[0.13926816,40.08224154],[0.13968122,40.08263397],[0.14034665,40.08317351],[0.14104223,40.08361912],[0.14171445,40.08394194],[0.14226174,40.08395433],[0.14256024,40.08347046],[0.14268613,40.08248425],[0.14466655,40.08068037],[0.14496732,40.08102572],[0.14519501,40.08129168],[0.14550054,40.08145237],[0.1459738,40.08155382],[0.14648914,40.08165657],[0.14695585,40.08175302],[0.14728916,40.08193505],[0.14766085,40.08231115],[0.14826095,40.08288527],[0.14864433,40.08556807],[0.14899981,40.08601463],[0.14897835,40.08638346],[0.14847541,40.08667135],[0.14772451,40.08689261],[0.14713311,40.08715117],[0.14682341,40.08744204],[0.14668143,40.08778632],[0.14671016,40.08824742],[0.14682591,40.08887255],[0.14682937,40.08968425],[0.14672685,40.09044647],[0.14672005,40.09116554],[0.14685965,40.09177184],[0.14703965,40.09238064],[0.14724135,40.09306347],[0.14742255,40.09390795],[0.14761341,40.09473968],[0.14778793,40.09553802],[0.14797735,40.09608054],[0.14815354,40.09646785],[0.14834607,40.09693432],[0.14852262,40.09755361],[0.14870048,40.09811842],[0.14883256,40.09864473],[0.14902353,40.0986855],[0.14927733,40.09878957],[0.14945817,40.09906173],[0.14960015,40.0995965],[0.14981961,40.10033393],[0.15017462,40.10126543],[0.15069413,40.10207713],[0.15114367,40.10262477],[0.15152347,40.10303175],[0.15177751,40.10338974],[0.15202367,40.10384393],[0.15237308,40.10448074],[0.15288556,40.10513365],[0.15333748,40.10565412],[0.15373015,40.10614252],[0.15399313,40.10671175],[0.15419555,40.10749471],[0.15436184,40.10848558],[0.15454388,40.10918474],[0.15471601,40.10957301],[0.15490413,40.10983658],[0.15507662,40.11008644],[0.15526521,40.11035144],[0.15545201,40.11062777],[0.15568471,40.11090815],[0.15589774,40.11197567],[0.15653014,40.11329925],[0.1569097,40.11457682],[0.15713441,40.11535335],[0.15729165,40.11572576],[0.15746427,40.11596644],[0.15763307,40.11624551],[0.15782225,40.11665142],[0.1579982,40.11716104],[0.15818834,40.11757958],[0.15836358,40.11788905],[0.15855324,40.11816001],[0.15872824,40.11846817],[0.1589179,40.11888528],[0.15909302,40.11939585],[0.15928245,40.11981297],[0.15945744,40.12012124],[0.15964711,40.12039185],[0.15982211,40.12069964],[0.16001201,40.12111664],[0.16018856,40.12162817],[0.16038096,40.12205052],[0.16055727,40.12236893],[0.16073537,40.12264335],[0.16086745,40.12290907],[0.16115487,40.12314165],[0.16128695,40.12348545],[0.16146505,40.12391233],[0.16164136,40.12442195],[0.161834,40.12483644],[0.16201043,40.12514365],[0.16220033,40.12541401],[0.16237533,40.12572217],[0.16256475,40.12613916],[0.16273987,40.12665045],[0.16292977,40.12707043],[0.16310513,40.12738395],[0.16329408,40.12765646],[0.16346622,40.12794185],[0.16364956,40.12827814],[0.16382205,40.12866163],[0.16403651,40.12902725],[0.16430175,40.12943256],[0.1646378,40.1299597],[0.16490281,40.13052654],[0.16514087,40.13097775],[0.16540205,40.13139594],[0.16573536,40.13191736],[0.16601515,40.13250124],[0.16628885,40.13301551],[0.16640461,40.13326502],[0.16682887,40.13368893],[0.16710913,40.13407803],[0.16734052,40.13452804],[0.16759551,40.13509452],[0.16792226,40.13561797],[0.16818452,40.13604021],[0.16842461,40.13649118],[0.16869056,40.13705432],[0.16902626,40.13757885],[0.16928852,40.13799965],[0.16949666,40.13842678],[0.16966641,40.13891685],[0.16987455,40.13934386],[0.17013657,40.1397649],[0.17047215,40.14028931],[0.1707381,40.14085233],[0.17097783,40.1413033],[0.17124033,40.14172554],[0.17156994,40.14225006],[0.17183244,40.14281905],[0.17207098,40.14327157],[0.17233348,40.1436547],[0.1726644,40.14404631],[0.17292964,40.14441454],[0.17316234,40.14470077],[0.1734277,40.1452285],[0.17375851,40.14569592],[0.17402101,40.14607382],[0.17425954,40.14645135],[0.17452204,40.14690244],[0.17485178,40.14735544],[0.17511416,40.14773917],[0.175354,40.14812374],[0.17561984,40.14857984],[0.17595542,40.14903736],[0.17621756,40.14942074],[0.17642558,40.14978075],[0.17659545,40.15016305],[0.17680371,40.15052295],[0.17706585,40.15090704],[0.17740142,40.15136707],[0.17766762,40.15182745],[0.1779077,40.15221167],[0.17816985,40.15257156],[0.17849672,40.15295136],[0.17875147,40.15330553],[0.17898285,40.15368295],[0.17926323,40.15415478],[0.1796875,40.15468597],[0.17983127,40.15495086],[0.18006444,40.15544117],[0.18025124,40.15596294],[0.18043911,40.15637255],[0.18060803,40.15667248],[0.18078995,40.15693617],[0.18096185,40.15724087],[0.18117666,40.15767264],[0.18144512,40.15824604],[0.18178725,40.15878046],[0.18205547,40.15920866],[0.18227053,40.15964568],[0.18244266,40.16014564],[0.18262625,40.16055286],[0.18279862,40.16085732],[0.18298793,40.16112733],[0.18316138,40.16143501],[0.18334484,40.16185141],[0.18350911,40.16236484],[0.18369925,40.16279602],[0.18393505,40.16313326],[0.18430972,40.16341841],[0.18479085,40.16366148],[0.18533337,40.16391993],[0.18584454,40.16411686],[0.18658555,40.16456044],[0.18684435,40.16466105],[0.18703127,40.16486824],[0.18717265,40.16519856],[0.18736005,40.16555107],[0.18761897,40.16596246],[0.18801224,40.16654205],[0.18846548,40.16726363],[0.18897855,40.16792965],[0.18932545,40.16837764],[0.18956435,40.16868734],[0.18980932,40.16900516],[0.19020104,40.16943157],[0.19073486,40.17000461],[0.19145155,40.17076313],[0.19208455,40.17151928],[0.19266105,40.17217016],[0.19307816,40.17261541],[0.19344306,40.17288351],[0.19374895,40.1730231],[0.19399977,40.17320132],[0.19432545,40.17355502],[0.19480205,40.17406726],[0.19520032,40.17456353],[0.19796586,40.17674041],[0.19809568,40.17701697],[0.19832575,40.17733526],[0.19868684,40.17775631],[0.19917762,40.17826796],[0.19952858,40.17869151],[0.19976985,40.17901886],[0.20000386,40.1793133],[0.20037627,40.17959106],[0.200863,40.17983186],[0.20138371,40.18008113],[0.20176744,40.18027771],[0.20198405,40.18052161],[0.20217717,40.18087876],[0.20254695,40.18124413],[0.20314014,40.18159163],[0.20394671,40.18199694],[0.2047497,40.18233526],[0.20540822,40.18262911],[0.20587826,40.18282747],[0.20624793,40.18298125],[0.20661843,40.18310642],[0.20706105,40.18324494],[0.20758152,40.18338585],[0.20808375,40.18356335],[0.20836794,40.18352115],[0.20886648,40.18338621],[0.2094444,40.18337262],[0.21009636,40.18348706],[0.21081305,40.18367112],[0.21137345,40.1839627],[0.2117486,40.18434906],[0.21208346,40.18483865],[0.21232486,40.18538213],[0.21575117,40.18801308],[0.21600771,40.18809414],[0.21621537,40.18825281],[0.21643686,40.1885004],[0.21676254,40.18875444],[0.21708024,40.18892884],[0.21731246,40.18910635],[0.21753657,40.18934727],[0.21785903,40.18959391],[0.21817422,40.18976521],[0.21840656,40.18994272],[0.21863401,40.19018614],[0.21896303,40.19043767],[0.21928024,40.19061196],[0.21948433,40.19077277],[0.21961296,40.19094956],[0.21978915,40.19108415],[0.22004235,40.19116235],[0.22378886,40.19388187],[0.22403884,40.19395947],[0.22420836,40.19409382],[0.22432852,40.19427311],[0.22453928,40.19444335],[0.22492504,40.19463217],[0.22542906,40.19487965],[0.22589004,40.19507766],[0.22630584,40.19525683],[0.22676063,40.19545865],[0.22729647,40.19573486],[0.22784054,40.19600678],[0.22837222,40.19628215],[0.22881496,40.19648075],[0.22921503,40.19665504],[0.22968924,40.19685352],[0.23031807,40.19712937],[0.2310189,40.19740367],[0.23165405,40.19768465],[0.23213458,40.19788766],[0.23251557,40.19804645],[0.23286808,40.19817364],[0.23322284,40.1983124],[0.23358393,40.19845295],[0.23394811,40.19863045],[0.23467875,40.19866073],[0.23504365,40.19893956],[0.23831677,40.19885063],[0.23867416,40.19879377],[0.23905504,40.19887114],[0.23950434,40.19906127],[0.24004436,40.19935036],[0.24062061,40.19963396],[0.24125361,40.19991755],[0.24185395,40.20012093],[0.24232245,40.20028031],[0.24271941,40.20040953],[0.24315894,40.20054865],[0.24370646,40.20067811],[0.24432921,40.20081794],[0.24502635,40.20095015],[0.24567926,40.20111465],[0.24639761,40.20131993],[0.24727106,40.20158184],[0.24824095,40.20178711],[0.24907327,40.20195162],[0.24980843,40.20208311],[0.25041842,40.20222223],[0.25104964,40.20235145],[0.25184703,40.20249522],[0.25285935,40.20263815],[0.2537657,40.20281637],[0.2546463,40.20283258],[0.25534677,40.20305467],[0.25614691,40.20332682],[0.25683486,40.20372534],[0.25727415,40.20411325],[0.25765097,40.20441175],[0.25802255,40.20459545],[0.26030946,40.20636833],[0.26044226,40.20656598],[0.26071763,40.20671022],[0.26115942,40.20682323],[0.26162696,40.20697534],[0.26213312,40.20717478],[0.26275647,40.20743322],[0.26345336,40.20764065],[0.26506317,40.20872962],[0.26533306,40.20921636],[0.26567006,40.20990276],[0.26593506,40.21079135],[0.26614904,40.21165431],[0.26632154,40.21247101],[0.26650524,40.21301234],[0.26667738,40.21332836],[0.26686585,40.21358073],[0.26703811,40.21391296],[0.26722157,40.21445727],[0.26739395,40.21518326],[0.26760876,40.21574926],[0.2678771,40.21621156],[0.26821947,40.21680224],[0.26848805,40.21757972],[0.26870275,40.218436],[0.26887226,40.21934557],[0.26904905,40.21996307],[0.26921475,40.22033715],[0.26941943,40.22068226],[0.26967621,40.22111726],[0.27003431,40.22158587],[0.27041376,40.2220304],[0.27088845,40.22249484],[0.27107024,40.22339785],[0.27150595,40.22383046],[0.27179575,40.22420192],[0.27201235,40.22455537],[0.27217257,40.22491872],[0.27228582,40.22523725],[0.27227223,40.22559714],[0.27225053,40.22620952],[0.27252471,40.22717953],[0.27304006,40.22817564],[0.27321792,40.22892547],[0.27306271,40.22945428],[0.27304804,40.22987747],[0.27329695,40.23032868],[0.27356947,40.23081255],[0.27381778,40.23132336],[0.27402186,40.23190355],[0.27418506,40.23244357],[0.27416885,40.23286116],[0.27389824,40.23297834],[0.27348006,40.23300087],[0.27322245,40.23349452],[0.27327454,40.23450005],[0.27360582,40.23527741],[0.27403331,40.23570263],[0.27443016,40.23577011],[0.27479494,40.23577011],[0.27641213,40.237028],[0.27657366,40.23732245],[0.27673686,40.23760664],[0.2767421,40.23783767],[0.27648735,40.23794568],[0.27601492,40.23790455],[0.27551818,40.23780417],[0.27506947,40.23785746],[0.27473664,40.23815632],[0.27466798,40.23858154],[0.27485848,40.23898935],[0.27522707,40.2393856],[0.27574885,40.23975766],[0.27615237,40.23998547],[0.27630353,40.24015987],[0.27629364,40.24037576],[0.27635097,40.24063003],[0.27647996,40.24090302],[0.27670896,40.24121475],[0.27706754,40.24163043],[0.27760291,40.24217224],[0.27813506,40.24272597],[0.27870417,40.24329615],[0.27922165,40.24382854],[0.27982092,40.24438822],[0.28135705,40.24443006],[0.28174758,40.2446264],[0.28213501,40.2448256],[0.28246915,40.24508452],[0.28268623,40.24532604],[0.28291178,40.24549735],[0.28322911,40.24566245],[0.28356385,40.24591875],[0.28380465,40.24621773],[0.28590631,40.24773574],[0.28691661,40.24782467],[0.28767824,40.24795902],[0.28827345,40.24813735],[0.28872335,40.24842608],[0.28906608,40.24881387],[0.2894181,40.24928784],[0.28967416,40.24976003],[0.28981233,40.25017285],[0.28975201,40.25059617],[0.28947043,40.25102961],[0.2887665,40.25129986],[0.28770757,40.25150764],[0.28704345,40.25191796],[0.28703415,40.25254965],[0.28771913,40.2529999],[0.28892314,40.25326705],[0.28991783,40.25350297],[0.29047644,40.25366044],[0.29078436,40.25378013],[0.29065895,40.25390625],[0.29126334,40.25390625],[0.29126334,40.25404572],[0.29448044,40.25657237],[0.29471946,40.25687134],[0.29504621,40.25712717],[0.29534411,40.25729275],[0.29555357,40.25746536],[0.29582751,40.25770974],[0.29642606,40.25797033],[0.29732716,40.25815892],[0.29825318,40.25831401],[0.29921556,40.25844383],[0.30012083,40.25858462],[0.30106914,40.25871551],[0.30197334,40.25885618],[0.30288303,40.25898385],[0.30362225,40.25913155],[0.30422163,40.25930834],[0.30464661,40.25957215],[0.30489028,40.25989032],[0.30510092,40.26027334],[0.30534756,40.2607398],[0.30566573,40.26119494],[0.30591488,40.26155245],[0.30616617,40.26187635],[0.30654395,40.26229525],[0.30716956,40.26286995],[0.30744958,40.26356685],[0.30788386,40.26399696],[0.30816805,40.26438916],[0.30837464,40.26482415],[0.30853498,40.26532793],[0.30870366,40.26573825],[0.30886281,40.26605344],[0.30907786,40.26635563],[0.30940235,40.26671124],[0.3099159,40.26710308],[0.31047511,40.26742208],[0.31107521,40.26774228],[0.31176794,40.26807785],[0.31266284,40.26848042],[0.31360102,40.26881754],[0.31436777,40.26912713],[0.31495845,40.26939523],[0.3155086,40.26968622],[0.31604123,40.26995683],[0.31657755,40.27023256],[0.31703937,40.27043057],[0.31742096,40.2705785],[0.31771886,40.27068925],[0.31790137,40.27083302],[0.31799305,40.27103102],[0.31808198,40.27114546],[0.31858826,40.27135217],[0.31914485,40.27162945],[0.31969571,40.27189624],[0.32021511,40.27215695],[0.3205899,40.27233815],[0.32083583,40.27253532],[0.3211354,40.27285135],[0.32164991,40.27324784],[0.32223201,40.2735759],[0.32278597,40.27385616],[0.32317126,40.27403486],[0.32335842,40.27418447],[0.32346106,40.27435458],[0.32368886,40.27453566],[0.32419503,40.27478635],[0.32493305,40.27513182],[0.32557595,40.27537811],[0.32597446,40.27560365],[0.32632327,40.27596474],[0.32678545,40.27647221],[0.32716656,40.27696264],[0.3291682,40.27855265],[0.32956541,40.27904785],[0.33006787,40.27957952],[0.33048701,40.28000343],[0.3308928,40.28029704],[0.33130193,40.28051031],[0.33171225,40.28081095],[0.33213913,40.28128326],[0.33264053,40.28194821],[0.33299363,40.28260303],[0.33322763,40.28304684],[0.333395,40.28332615],[0.33357346,40.28357625],[0.33374953,40.28397465],[0.33395135,40.28474021],[0.33413327,40.28582132],[0.33427286,40.28659105],[0.33425927,40.28705633],[0.33413696,40.28752482],[0.33411956,40.28813004],[0.33427453,40.28868723],[0.33453715,40.28921866],[0.33490825,40.28976154],[0.33529484,40.29031575],[0.33577275,40.29087424],[0.3358041,40.29110646],[0.33613706,40.29147065],[0.33658385,40.29191935],[0.3372364,40.29242063],[0.33780444,40.29274416],[0.33823323,40.29293215],[0.33862245,40.29305565],[0.33906555,40.29318655],[0.33957064,40.29331434],[0.34002495,40.29345846],[0.34044075,40.29359305],[0.34089422,40.29373872],[0.34140027,40.29387283],[0.34185338,40.29401791],[0.34226823,40.29415166],[0.34272122,40.29429674],[0.34322715,40.29443073],[0.34368014,40.29457581],[0.34409547,40.2947098],[0.3445518,40.29485512],[0.34506404,40.29498935],[0.34551942,40.29513454],[0.34590852,40.29526722],[0.34627044,40.29540718],[0.34663212,40.29553282],[0.34700692,40.29567873],[0.34739745,40.29586053],[0.34777594,40.29614925],[0.34810412,40.29651618],[0.34844172,40.29691696],[0.34869683,40.29726875],[0.34895611,40.29760695],[0.34931028,40.29802155],[0.34979367,40.29850757],[0.35015047,40.29888237],[0.35041535,40.29917622],[0.3506757,40.29961658],[0.35100055,40.30052352],[0.35126173,40.30197167],[0.35137975,40.30245531],[0.3515625,40.30245531],[0.3515625,40.30273426],[0.35172045,40.30266964],[0.35189557,40.302899],[0.35213113,40.30324876],[0.35246241,40.30377495],[0.35273027,40.30437505],[0.35294604,40.30488646],[0.35311687,40.30533636],[0.35329974,40.30574584],[0.35348356,40.30615365],[0.35371554,40.30652893],[0.3538717,40.31072152],[0.35458207,40.31147754],[0.35514951,40.31217885],[0.35569024,40.31279826],[0.35609972,40.31323552],[0.35646605,40.31350398],[0.35677135,40.31364501],[0.35701644,40.31382596],[0.35734212,40.31419015],[0.35785568,40.31472528],[0.35837293,40.31523657],[0.35891116,40.31564355],[0.35932171,40.31586826],[0.35960066,40.31606984],[0.35992372,40.31642115],[0.36039364,40.31692743],[0.36078763,40.31741941],[0.36321831,40.31933415],[0.36335051,40.31959975],[0.36352885,40.31987405],[0.36370564,40.32019234],[0.36389863,40.32061434],[0.36407554,40.32112741],[0.36426604,40.32154918],[0.36444163,40.32186568],[0.36463141,40.32213521],[0.36480451,40.32239413],[0.3649888,40.32266414],[0.36515832,40.32298565],[0.36536097,40.32342136],[0.3656075,40.32395077],[0.36594856,40.32435012],[0.36627102,40.32455564],[0.36650431,40.32472456],[0.36673164,40.32495713],[0.36706042,40.32520342],[0.36737537,40.32537425],[0.3675729,40.32552886],[0.36769533,40.32569957],[0.36788821,40.32585013],[0.36822832,40.32601213],[0.36867762,40.32625234],[0.36870146,40.32657385],[0.36899376,40.32669413],[0.36933625,40.32685912],[0.36966515,40.32711816],[0.36988425,40.32737064],[0.37009025,40.32753122],[0.37034595,40.32761252],[0.37298977,40.32948303],[0.37324667,40.32956576],[0.37342644,40.32970774],[0.37355244,40.32989037],[0.37373221,40.33003235],[0.37398887,40.33011508],[0.37564278,40.33133376],[0.37577724,40.33161271],[0.37595856,40.33189166],[0.37613654,40.33217072],[0.37631786,40.33244967],[0.37645233,40.33272874],[0.37883747,40.33450723],[0.37909102,40.33458543],[0.37926745,40.33471966],[0.37939656,40.33489597],[0.37960148,40.33505726],[0.37992156,40.33523452],[0.38025415,40.33549285],[0.38047946,40.33574271],[0.38068831,40.33590186],[0.38094497,40.33598244],[0.38578105,40.33953035],[0.38603461,40.33960831],[0.38621068,40.33974051],[0.38633895,40.33991087],[0.38654304,40.340065],[0.3868643,40.34025121],[0.3872056,40.34057653],[0.38745236,40.34098411],[0.38768125,40.34136558],[0.38794386,40.34175944],[0.38828075,40.34222436],[0.3885473,40.34268534],[0.38876236,40.34304965],[0.38893533,40.34334028],[0.38911915,40.34361053],[0.38929164,40.34390187],[0.38948095,40.34424973],[0.38965666,40.34464467],[0.38984716,40.34499323],[0.39002228,40.34528685],[0.39021087,40.34556055],[0.39038336,40.34585106],[0.39057207,40.34619546],[0.39075923,40.34659576],[0.3909924,40.34698045],[0.39106965,40.34722877],[0.39130282,40.34750676],[0.39148974,40.34780562],[0.39167845,40.34815598],[0.39185095,40.34855187],[0.39203954,40.34890223],[0.39221501,40.34919977],[0.39240634,40.34947467],[0.39258361,40.34974587],[0.39277303,40.35002422],[0.39293706,40.35032368],[0.39309585,40.35065877],[0.39323461,40.35099852],[0.39347947,40.35125685],[0.39396071,40.35152638],[0.39464402,40.35190356],[0.39529383,40.3522408],[0.39589071,40.35255933],[0.39643455,40.35283208],[0.39696884,40.35309994],[0.39745295,40.35328364],[0.39792466,40.3534193],[0.39837372,40.35355794],[0.39865267,40.35384917],[0.39878666,40.35435343],[0.39903605,40.35479033],[0.39916456,40.35551274],[0.39933181,40.35622847],[0.39948642,40.35694516],[0.39966846,40.35735893],[0.39986992,40.3575232],[0.400038,40.35765386],[0.40029955,40.35782206],[0.40094757,40.35794735],[0.40194333,40.35795355],[0.40260601,40.35782266],[0.40289485,40.35758865],[0.40307236,40.35730791],[0.40321994,40.35699844],[0.40334475,40.35663617],[0.4033252,40.35622501],[0.4031893,40.35586786],[0.403144,40.35562551],[0.40329134,40.35555875],[0.40362394,40.35568178],[0.40409768,40.35590565],[0.40465236,40.35614562],[0.40513551,40.35618222],[0.40546322,40.35599828],[0.40559506,40.35575771],[0.40499687,40.35563195],[0.40417886,40.35512698],[0.40351045,40.35478151],[0.40295124,40.35450923],[0.40255952,40.35427225],[0.40237367,40.35389376],[0.40239131,40.35335815],[0.40257454,40.35301566],[0.40282905,40.35295475],[0.40303361,40.35310054],[0.40318143,40.35336125],[0.40333796,40.35364664],[0.40350628,40.3538872],[0.40380085,40.35404527],[0.40425491,40.35415876],[0.40470695,40.35428977],[0.40510523,40.35441792],[0.40547228,40.35455537],[0.40583265,40.35467494],[0.40620065,40.35481381],[0.40658641,40.35501003],[0.40698671,40.35538316],[0.40740681,40.35593474],[0.40791094,40.35654533],[0.40830934,40.35707414],[0.40862131,40.35739386],[0.40871882,40.35761714],[0.40910864,40.35795188],[0.40748501,40.35938776],[0.40647745,40.35925615],[0.40572464,40.35913825],[0.4051429,40.35919213],[0.40468371,40.35952723],[0.40423501,40.36010587],[0.40360165,40.3608309],[0.40349495,40.36506855],[0.40372813,40.36543775],[0.40391505,40.36583793],[0.40410376,40.36624587],[0.40427625,40.36673105],[0.40446484,40.36735964],[0.40464008,40.36813283],[0.40483034,40.36875224],[0.40500581,40.36921954],[0.40519583,40.36961961],[0.40537131,40.37008703],[0.40556133,40.37070692],[0.4057368,40.37148035],[0.40592682,40.37210822],[0.40610206,40.37258911],[0.4062922,40.37298834],[0.40646756,40.37338388],[0.40665746,40.37378573],[0.40683281,40.37427115],[0.40702307,40.37490034],[0.40719986,40.37565553],[0.40739286,40.37621045],[0.40756965,40.37657642],[0.4077481,40.3769176],[0.40788043,40.37732244],[0.40816855,40.37786102],[0.40830076,40.37874222],[0.40847921,40.37930393],[0.408656,40.37963855],[0.40884876,40.37995553],[0.40902567,40.38040078],[0.40921605,40.38102555],[0.4093914,40.38180733],[0.4095813,40.3824321],[0.40975654,40.38288164],[0.40994656,40.3832128],[0.41012216,40.383569],[0.41031206,40.38412213],[0.41048753,40.38486016],[0.41067755,40.38541555],[0.41085303,40.38575745],[0.41104305,40.38602173],[0.41121864,40.38633954],[0.41140866,40.38682282],[0.4115839,40.38745022],[0.41177237,40.38794374],[0.41194487,40.38828182],[0.41213357,40.38855493],[0.41232085,40.38881886],[0.41255391,40.38908696],[0.41263115,40.39020705],[0.41286433,40.39048636],[0.41305137,40.39076436],[0.41324007,40.39103866],[0.41341257,40.39130795],[0.41360116,40.39158285],[0.41377628,40.39190066],[0.41396654,40.39232266],[0.41414201,40.39283431],[0.41433215,40.39325094],[0.41450751,40.39355886],[0.41469753,40.39382935],[0.414873,40.39413774],[0.41506302,40.39455485],[0.41523838,40.39506555],[0.41542852,40.39548266],[0.41560376,40.39579117],[0.41579366,40.39606202],[0.41596913,40.39636958],[0.41615927,40.39678407],[0.41633618,40.39728987],[0.41652906,40.39770651],[0.41670585,40.39803875],[0.4168843,40.39838696],[0.41701663,40.39880586],[0.41730428,40.39923882],[0.41743743,40.39982367],[0.4176172,40.40025067],[0.41779566,40.40055954],[0.41798687,40.40083027],[0.41814876,40.4010967],[0.4183017,40.40135145],[0.41844237,40.40157425],[0.41872597,40.40178692],[0.41931546,40.40211141],[0.42012537,40.40258336],[0.42070735,40.40291047],[0.42097223,40.40311265],[0.42109036,40.40328062],[0.42127264,40.40341997],[0.42158318,40.40357935],[0.42192125,40.40383351],[0.42216325,40.40412533],[0.42238033,40.4044286],[0.42263615,40.40477741],[0.42301893,40.40520585],[0.42346418,40.40569091],[0.42398715,40.40623271],[0.42439461,40.40672123],[0.42586291,40.40786624],[0.42640078,40.40806615],[0.42704153,40.40833437],[0.42774367,40.40859926],[0.42841923,40.40889931],[0.42901826,40.40921295],[0.42953515,40.40961015],[0.42984903,40.41001964],[0.43006766,40.41048121],[0.43029284,40.41101146],[0.43063462,40.41141927],[0.43102932,40.41165805],[0.43265355,40.41280532],[0.43278742,40.41307044],[0.43296695,40.41334403],[0.43314195,40.41366196],[0.43332231,40.41408741],[0.43347001,40.4146111],[0.43363786,40.41504824],[0.43390036,40.41535544],[0.43448007,40.41551304],[0.43533182,40.4154309],[0.43584955,40.41494095],[0.43592513,40.41401815],[0.43579924,40.41302407],[0.43577111,40.41206098],[0.43586206,40.41143715],[0.43586612,40.41107225],[0.43572152,40.41074836],[0.43552554,40.41035604],[0.43530285,40.40992534],[0.43514633,40.40947235],[0.43514276,40.40910995],[0.43541515,40.40898645],[0.43578255,40.40926445],[0.43606877,40.40979946],[0.43633985,40.41033292],[0.43644416,40.41081095],[0.43659306,40.41108108],[0.43658686,40.41145384],[0.43647075,40.41208625],[0.43645585,40.41296506],[0.43659306,40.41366851],[0.43678606,40.414168],[0.43703663,40.41454685],[0.43711627,40.41694605],[0.43734944,40.41741371],[0.43753648,40.41792548],[0.43772531,40.41839755],[0.4378978,40.41893733],[0.43808627,40.41970277],[0.43826151,40.42069948],[0.43845165,40.42145705],[0.43862712,40.42198205],[0.43881714,40.42245126],[0.43899274,40.42303145],[0.43918288,40.42372227],[0.43935871,40.42449915],[0.43954814,40.42505491],[0.43972027,40.42539465],[0.43990397,40.42565405],[0.44007647,40.42593014],[0.440292,40.42629087],[0.44056082,40.42675602],[0.4409039,40.42722166],[0.44117236,40.42758715],[0.44138634,40.42788041],[0.44155586,40.42816865],[0.44173825,40.4285084],[0.44192231,40.4289062],[0.44215417,40.42928994],[0.44219387,40.4296875],[0.44247735,40.4296875],[0.44251728,40.42981935],[0.44275045,40.43009675],[0.44293511,40.43039274],[0.44311738,40.43073535],[0.44328451,40.43112183],[0.44349265,40.43148434],[0.4437592,40.43187106],[0.44412887,40.43235552],[0.44449282,40.43288946],[0.44486213,40.43337357],[0.44512618,40.43373835],[0.44532847,40.43402195],[0.44548964,40.43427968],[0.44568515,40.43455565],[0.44594312,40.43491113],[0.44633114,40.43540955],[0.44678545,40.43603682],[0.44733381,40.43673074],[0.44778764,40.43735754],[0.4481765,40.43785608],[0.44843864,40.43821406],[0.44864428,40.4384979],[0.44881284,40.43876493],[0.44898415,40.43903577],[0.44911277,40.43931115],[0.44962585,40.43970251],[0.44999266,40.43980372],[0.4503597,40.43994021],[0.45072651,40.44007575],[0.451092,40.44022286],[0.45145452,40.44035435],[0.45181382,40.44048977],[0.45217967,40.44061255],[0.45258403,40.44077528],[0.45306992,40.44102395],[0.45360362,40.4414283],[0.45402932,40.44188738],[0.45439875,40.44237781],[0.45465136,40.44283271],[0.45487416,40.44320762],[0.45513356,40.44360805],[0.45549571,40.44415498],[0.45585406,40.44479632],[0.45621657,40.44534385],[0.45647585,40.44574404],[0.4566977,40.44611478],[0.45694578,40.44655836],[0.45730758,40.44703531],[0.45773435,40.44751513],[0.45831144,40.44805455],[0.45879924,40.44809687],[0.45891428,40.44828796],[0.45903265,40.44847524],[0.45921767,40.44860864],[0.45945466,40.44870186],[0.4596523,40.44884002],[0.45980942,40.44905674],[0.45998788,40.44932652],[0.46016037,40.44965124],[0.46035135,40.45007777],[0.46052825,40.45059144],[0.46071935,40.45101094],[0.46089566,40.45132375],[0.46108568,40.4515959],[0.46125865,40.45188165],[0.46144295,40.4522202],[0.46161652,40.45260835],[0.46183181,40.45297611],[0.46209836,40.45336294],[0.46243632,40.45382071],[0.46270323,40.45427394],[0.46294367,40.45465195],[0.46320724,40.45502985],[0.4635396,40.45549703],[0.46380615,40.45602453],[0.46406925,40.45633376],[0.46419716,40.45660293],[0.46436942,40.45687473],[0.46454406,40.45717084],[0.46476364,40.45753861],[0.46503544,40.45800102],[0.46537936,40.45846498],[0.46564424,40.45885086],[0.46584737,40.45921326],[0.46600711,40.45960188],[0.46621656,40.45997274],[0.46654057,40.46035385],[0.46706152,40.46074724],[0.46763206,40.46106148],[0.46822774,40.46137953],[0.46885157,40.46172094],[0.46956456,40.46214342],[0.47031605,40.46250582],[0.47124672,40.46278656],[0.47223794,40.46283066],[0.47280133,40.46258461],[0.4730072,40.46216404],[0.47319126,40.46184385],[0.47355294,40.46159732],[0.47408557,40.46128094],[0.47456384,40.46119607],[0.47472227,40.46140385],[0.47486734,40.46163595],[0.47496188,40.46185362],[0.47484934,40.4620198],[0.47454274,40.46218956],[0.47420216,40.46243751],[0.47396088,40.46267986],[0.47370756,40.4628576],[0.47336006,40.46302867],[0.47303486,40.46327305],[0.47296774,40.4635092],[0.47323215,40.46368396],[0.47372627,40.46387613],[0.47416615,40.46419907],[0.47441435,40.46456575],[0.47462416,40.46481442],[0.47493637,40.46496081],[0.47537935,40.46506643],[0.47590625,40.46506524],[0.47638142,40.46494675],[0.47679317,40.46476102],[0.47716284,40.46446764],[0.47750771,40.46408856],[0.47795296,40.46363485],[0.4780761,40.46336186],[0.47832882,40.46287322],[0.47852838,40.46233094],[0.47867978,40.46184504],[0.47867668,40.46141672],[0.47852242,40.46107316],[0.47833514,40.46078467],[0.47812915,40.46051085],[0.47793865,40.46023285],[0.47773111,40.45994866],[0.47755444,40.45967305],[0.47744667,40.45944226],[0.47753286,40.45929575],[0.4777708,40.45921195],[0.47803664,40.45913112],[0.47615015,40.45761585],[0.47625411,40.45728135],[0.47644913,40.45713556],[0.47673917,40.45718527],[0.47703397,40.45730281],[0.47727108,40.45749426],[0.47751904,40.45780325],[0.4778465,40.45819116],[0.47811043,40.45853734],[0.47832477,40.45883298],[0.47849607,40.45914376],[0.47867966,40.45955348],[0.47886431,40.46007335],[0.47909701,40.46056223],[0.47915292,40.46315241],[0.47885335,40.46411693],[0.47849393,40.4652189],[0.47799516,40.46599793],[0.4775722,40.46632731],[0.47731411,40.46648014],[0.47714674,40.46665704],[0.47700608,40.46689463],[0.47701037,40.46720874],[0.47721458,40.46767378],[0.47758222,40.4683274],[0.47807825,40.46897066],[0.47843528,40.46941686],[0.47871554,40.46975434],[0.47906554,40.47016823],[0.47959554,40.47076345],[0.48013186,40.47144461],[0.48068142,40.47215354],[0.48108876,40.47282732],[0.48269176,40.47404575],[0.48372304,40.47482955],[0.48471892,40.47583711],[0.48531961,40.47669864],[0.48556054,40.47761226],[0.48549402,40.47842705],[0.48550224,40.47915673],[0.48581457,40.47955585],[0.48635387,40.47974181],[0.4867475,40.48000753],[0.48696125,40.48044562],[0.48713577,40.48085141],[0.48729551,40.48117006],[0.48747826,40.48144794],[0.48765016,40.48173678],[0.48783863,40.48207974],[0.48802376,40.48247695],[0.48825765,40.48284996],[0.48852098,40.48320425],[0.48875046,40.48353255],[0.48869908,40.48375845],[0.48847711,40.48399103],[0.48849416,40.48440671],[0.48903585,40.48491275],[0.48970425,40.48522985],[0.49024141,40.48541474],[0.49025095,40.48622096],[0.4906491,40.48665178],[0.4908874,40.48704934],[0.49109101,40.48749876],[0.49147952,40.48802066],[0.49237525,40.48840904],[0.49362445,40.4886049],[0.4944458,40.48877597],[0.49485731,40.48905587],[0.49512851,40.48943508],[0.49517286,40.48981035],[0.49501205,40.49018943],[0.49480164,40.49058998],[0.49461222,40.49092627],[0.49458265,40.49116671],[0.49476433,40.49132264],[0.49510014,40.4914757],[0.49544871,40.49171782],[0.49569237,40.49199975],[0.49593484,40.49231505],[0.49628425,40.49274254],[0.49682093,40.49334681],[0.4973613,40.49404693],[0.49791181,40.49482942],[0.49831915,40.49565506],[0.49889767,40.49621212],[0.49902272,40.49651897],[0.49918735,40.49686611],[0.49934971,40.49725926],[0.49956906,40.49763298],[0.49990821,40.49801457],[0.5004611,40.49841964],[0.50107181,40.49878073],[0.50162411,40.49918306],[0.50195944,40.49957943],[0.50216913,40.50002277],[0.50232041,40.50055528],[0.50250387,40.50105012],[0.50274575,40.50149155],[0.50311911,40.50182736],[0.5035429,40.50208032],[0.50391734,40.50241268],[0.50416458,40.50284553],[0.50436175,40.50332987],[0.50452495,40.50387597],[0.50469983,40.50441611],[0.50486314,40.50503814],[0.50507092,40.50580585],[0.50535584,40.50679624],[0.50579095,40.50774622],[0.50590718,40.50792944],[0.50618386,40.50824106],[0.50646877,40.50859427],[0.50680995,40.50898933],[0.50707257,40.50933623],[0.50727916,40.50962591],[0.50744391,40.50989008],[0.50764215,40.51016974],[0.5079025,40.51053023],[0.50828707,40.51103842],[0.50871932,40.51167083],[0.50921524,40.51232815],[0.50962675,40.51281285],[0.51016426,40.51306784],[0.51093256,40.51329625],[0.51155233,40.51375544],[0.51195025,40.51440096],[0.51236641,40.51491177],[0.5128442,40.515275],[0.51323915,40.51569676],[0.51329017,40.51618111],[0.51313674,40.51670623],[0.51298845,40.51714766],[0.51311684,40.51757205],[0.51357341,40.51807475],[0.51457775,40.51803434],[0.51462615,40.51855958],[0.51456785,40.51919413],[0.51443315,40.51973355],[0.51441193,40.52012217],[0.51457202,40.52032185],[0.51481724,40.52043045],[0.51496625,40.52062356],[0.51493323,40.52096975],[0.5150727,40.52214611],[0.51510966,40.52245867],[0.51511586,40.52250993],[0.51543868,40.52519596],[0.515715,40.52549613],[0.51599956,40.52591777],[0.51634085,40.52659214],[0.51660621,40.52744055],[0.51682007,40.52815676],[0.51699305,40.52874887],[0.51717734,40.52922213],[0.51735043,40.52969325],[0.51754045,40.53024352],[0.51771665,40.53087926],[0.51790762,40.53135896],[0.51808345,40.53167617],[0.51827431,40.53194058],[0.51845014,40.53226328],[0.51864076,40.53274965],[0.51881671,40.53337681],[0.51900733,40.53386545],[0.51918316,40.53419352],[0.51937401,40.53446174],[0.51955152,40.53476405],[0.51974487,40.53517628],[0.51992226,40.53568542],[0.52010107,40.53611231],[0.52023387,40.53645647],[0.52083123,40.53692567],[0.52123344,40.53741312],[0.52172816,40.53793371],[0.52210164,40.53835285],[0.52241325,40.53868794],[0.52240157,40.54168117],[0.52266085,40.5419749],[0.52293956,40.54233825],[0.52333212,40.54284143],[0.52378237,40.54346704],[0.52429557,40.54413283],[0.52464676,40.54467607],[0.52489531,40.54506564],[0.52515173,40.54544056],[0.52553344,40.54593635],[0.52597821,40.54654121],[0.52647996,40.54713035],[0.52681196,40.54750812],[0.52706492,40.54768968],[0.52738094,40.54783821],[0.5277667,40.54812515],[0.52819252,40.54856348],[0.52868557,40.54907966],[0.52901983,40.54945207],[0.52927041,40.54965508],[0.52954924,40.54981995],[0.52983177,40.55006337],[0.53014243,40.55030692],[0.53083444,40.55046511],[0.53209746,40.55054665],[0.53288496,40.55075622],[0.53351915,40.55084968],[0.53408742,40.55097055],[0.53455126,40.55108404],[0.53473938,40.55124497],[0.53463757,40.55149043],[0.53438365,40.55178523],[0.53399718,40.55205476],[0.53357685,40.55222464],[0.53318298,40.55235612],[0.53286612,40.55252063],[0.5327028,40.55288374],[0.53273261,40.55346072],[0.53290486,40.55394363],[0.53309774,40.55427694],[0.53330135,40.55454803],[0.53348148,40.55484796],[0.53367221,40.55525875],[0.53384733,40.55578315],[0.53403783,40.55626726],[0.53421497,40.55670345],[0.53440857,40.55710304],[0.53458595,40.55754948],[0.53476477,40.55811596],[0.53489757,40.55887795],[0.53518808,40.55935073],[0.53531623,40.55999064],[0.53548837,40.56055772],[0.53566313,40.56111217],[0.53588212,40.56160414],[0.53615308,40.56208241],[0.53649735,40.56253147],[0.53676713,40.56294465],[0.53698337,40.56344914],[0.53715718,40.56408966],[0.53734124,40.56464183],[0.53750896,40.56507874],[0.53768563,40.56540644],[0.53784645,40.56571865],[0.53806293,40.56616068],[0.53839946,40.5668143],[0.53894877,40.56753016],[0.53961766,40.56815958],[0.54052365,40.56866002],[0.54141486,40.56882584],[0.54201686,40.56875324],[0.54236042,40.56870687],[0.54254222,40.56880713],[0.54268002,40.56903374],[0.54287493,40.56931341],[0.54288554,40.57015801],[0.54317832,40.57027042],[0.54352367,40.5704267],[0.54386318,40.57068884],[0.54410124,40.57099497],[0.54604435,40.57277834],[0.54650342,40.57311451],[0.54722714,40.57321191],[0.54807734,40.57277918],[0.54882121,40.57204235],[0.54952443,40.57127655],[0.54995847,40.57074952],[0.55022538,40.57039416],[0.55046594,40.57005024],[0.55076826,40.56966841],[0.55102384,40.56936514],[0.55133724,40.56921625],[0.55178452,40.56923485],[0.5522505,40.56938386],[0.55273366,40.56959987],[0.55326986,40.56988645],[0.55380905,40.57016075],[0.55438137,40.57045233],[0.55498755,40.57071567],[0.55567455,40.57100785],[0.55628598,40.57131314],[0.55648434,40.57170951],[0.55604506,40.57205546],[0.55520844,40.57203758],[0.55419362,40.57165086],[0.55360425,40.57129586],[0.55283535,40.57079077],[0.55226922,40.57048476],[0.55184746,40.57034624],[0.55146933,40.5704087],[0.55113566,40.57066405],[0.55091035,40.57098734],[0.5527153,40.57224071],[0.55299735,40.57229793],[0.55312896,40.57239413],[0.55298924,40.57252908],[0.55254555,40.57271171],[0.55183685,40.57291877],[0.55105436,40.57297134],[0.55042875,40.57292342],[0.54988623,40.57303154],[0.54934466,40.57339442],[0.54891205,40.57384157],[0.54858732,40.57428944],[0.54857743,40.57466352],[0.54889977,40.57495892],[0.54933512,40.57519126],[0.54971075,40.57545066],[0.5499438,40.575688],[0.55017197,40.57586086],[0.55048704,40.57603335],[0.55081272,40.57628715],[0.55103517,40.57653475],[0.55124426,40.57669365],[0.55150235,40.57677484],[0.55310476,40.57792926],[0.55336165,40.57834935],[0.55372846,40.57885385],[0.55414867,40.57940316],[0.55468965,40.57988036],[0.5552299,40.58019304],[0.55751705,40.58191073],[0.55762208,40.58210588],[0.55785692,40.58228481],[0.55827606,40.58252573],[0.55876231,40.58289075],[0.55908191,40.58320272],[0.55933487,40.58339572],[0.55964911,40.58356571],[0.55999732,40.58383107],[0.56031191,40.58413935],[0.56066585,40.58440435],[0.56098676,40.58456945],[0.5612272,40.58474851],[0.56147206,40.58504248],[0.56179714,40.58542812],[0.56205785,40.58578062],[0.56226635,40.58607566],[0.56243205,40.58634245],[0.56262946,40.58662188],[0.56288862,40.58697844],[0.56327641,40.58747637],[0.56372428,40.58809781],[0.56425285,40.58877397],[0.56467962,40.58937645],[0.56508994,40.58989418],[0.56551814,40.58989954],[0.56561601,40.59001112],[0.56564045,40.59017861],[0.56853914,40.59253192],[0.56864202,40.59272528],[0.56881845,40.59285986],[0.56905055,40.59295845],[0.56926274,40.59311497],[0.56949484,40.59336042],[0.56983101,40.59361637],[0.57015026,40.59379053],[0.57035243,40.59394467],[0.57048356,40.59411335],[0.57068515,40.59426212],[0.57100534,40.59442627],[0.57134688,40.59468186],[0.57159281,40.5949769],[0.57181644,40.59528935],[0.57207191,40.59564817],[0.5724169,40.59605825],[0.57274938,40.5964303],[0.57312977,40.59672201],[0.57352185,40.59690475],[0.57390106,40.59704125],[0.57427168,40.59713113],[0.57651842,40.5988847],[0.57703125,40.59938145],[0.57768095,40.59986865],[0.57818162,40.60018265],[0.57849574,40.60048926],[0.57882476,40.60097241],[0.57927835,40.60153151],[0.57960916,40.60191894],[0.57985365,40.60209882],[0.58008695,40.60218275],[0.58027327,40.60231066],[0.5804249,40.60253024],[0.58058965,40.60280335],[0.58071721,40.60309184],[0.58290684,40.60486424],[0.58295584,40.60505021],[0.58315134,40.60523617],[0.58324921,40.60546875],[0.58373332,40.60546875],[0.58386135,40.60572004],[0.58450532,40.60609925],[0.58494175,40.60632348],[0.58518457,40.60650742],[0.58540511,40.60678935],[0.58575678,40.60719788],[0.58619034,40.60768235],[0.58674455,40.60824168],[0.58728063,40.60879445],[0.58788764,40.60938895],[0.58851635,40.61001074],[0.58925104,40.61070144],[0.58988035,40.61132467],[0.59045863,40.61190331],[0.5908854,40.61238885],[0.59125256,40.61282265],[0.59157264,40.61318767],[0.59201932,40.61347663],[0.59265745,40.61366177],[0.59350896,40.61377835],[0.59455442,40.6137737],[0.595384,40.61366403],[0.59593642,40.61353946],[0.59620762,40.61337996],[0.59631026,40.61317253],[0.59732556,40.61230457],[0.59732556,40.61202562],[0.59893811,40.61083055],[0.59943223,40.6106261],[0.5999788,40.61034834],[0.60054958,40.61007082],[0.60119021,40.60977995],[0.60184193,40.60956335],[0.60242844,40.60941792],[0.60292351,40.60940504],[0.60316706,40.60954917],[0.60309172,40.6098088],[0.60274756,40.61008048],[0.60231376,40.61027336],[0.60042834,40.61154795],[0.60003126,40.61173618],[0.59969056,40.61199975],[0.59947431,40.61225045],[0.59927166,40.61240911],[0.59901714,40.61248922],[0.59615505,40.61449933],[0.59651005,40.61464465],[0.59696794,40.61487556],[0.59742904,40.61525285],[0.59759021,40.61562336],[0.59746981,40.61593735],[0.59726298,40.61622441],[0.59702826,40.61651075],[0.59683585,40.61679685],[0.59672451,40.61704111],[0.59682763,40.61716032],[0.59712374,40.61708021],[0.59748256,40.61680067],[0.5978502,40.61646342],[0.59840667,40.61621177],[0.59913874,40.61616754],[0.59983218,40.61624145],[0.60045612,40.61620581],[0.60088694,40.61599386],[0.6009891,40.61574781],[0.60077631,40.61554337],[0.60032666,40.61529934],[0.59981418,40.61493397],[0.59949374,40.61460114],[0.59929252,40.61434722],[0.59879601,40.61439276],[0.5990684,40.61404574],[0.59961522,40.61377847],[0.60037887,40.61388111],[0.60124326,40.61431527],[0.60182834,40.61466396],[0.60209501,40.61488712],[0.60222685,40.61505854],[0.60240436,40.6151731],[0.60260212,40.61527038],[0.60261095,40.61547244],[0.60232365,40.61584008],[0.60187626,40.6163218],[0.60125756,40.61691844],[0.60059702,40.61755645],[0.59988725,40.61822236],[0.59945297,40.61871207],[0.59930122,40.61904371],[0.59937537,40.61930704],[0.59951174,40.6195302],[0.59971118,40.61969948],[0.60005176,40.61983144],[0.60062945,40.61990654],[0.60151923,40.61975098],[0.60257471,40.61931741],[0.60289514,40.61952186],[0.60281265,40.62033606],[0.60261965,40.62077987],[0.60224712,40.62094665],[0.60169041,40.62104476],[0.60108185,40.62113488],[0.60078025,40.62128592],[0.60081601,40.62150955],[0.60099375,40.62173522],[0.60131514,40.62189615],[0.60180533,40.62201321],[0.60235238,40.62214446],[0.60292757,40.62227225],[0.60348034,40.62241626],[0.60402882,40.62255991],[0.6045289,40.62273836],[0.60853004,40.62276781],[0.60889745,40.62304676],[0.6129384,40.62304676],[0.61330557,40.62276781],[0.61718857,40.62273777],[0.61809671,40.62256145],[0.61919308,40.62242091],[0.62027585,40.62227774],[0.62137234,40.62213707],[0.62228036,40.62196076],[0.62726533,40.62193084],[0.62763274,40.62220967],[0.63130617,40.62220967],[0.63167357,40.62248886],[0.63477266,40.6225183],[0.63580823,40.62269628],[0.63710451,40.62283921],[0.63845634,40.62298322],[0.63992238,40.62311494],[0.64118195,40.62325895],[0.64238381,40.62339246],[0.64353776,40.62353766],[0.6448009,40.62367177],[0.64595401,40.62381744],[0.64713216,40.62395251],[0.64831114,40.62409794],[0.649652,40.62422705],[0.65092671,40.62435567],[0.65209651,40.62446475],[0.65273452,40.62462103],[0.65295053,40.62487566],[0.65305877,40.62521553],[0.65322435,40.62556744],[0.65368152,40.62579584],[0.65450776,40.62592697],[0.65541971,40.62605512],[0.65635586,40.62618852],[0.65714467,40.62636256],[0.66094625,40.6263206],[0.66186881,40.62619245],[0.66287744,40.62618816],[0.66360211,40.62630451],[0.66405606,40.62644792],[0.66440666,40.62660325],[0.66474485,40.62673962],[0.66509104,40.62688005],[0.66544366,40.62700915],[0.66582453,40.62716782],[0.6662997,40.62736833],[0.66693115,40.62764466],[0.6676625,40.62791896],[0.6684221,40.62821925],[0.66915333,40.62849367],[0.66978443,40.62876987],[0.67025864,40.62897062],[0.67063844,40.62912965],[0.67099285,40.62925911],[0.67135072,40.62939918],[0.6717149,40.62953222],[0.67208207,40.6296792],[0.67245007,40.62981427],[0.67281783,40.62995064],[0.67318535,40.63005185],[0.67385125,40.63052106],[0.67439377,40.63072288],[0.67503834,40.63099575],[0.67573917,40.63126802],[0.67639971,40.63156724],[0.67697096,40.63183916],[0.67749536,40.63211083],[0.67792916,40.63230944],[0.67833221,40.63248765],[0.67883754,40.63268864],[0.67953694,40.63294554],[0.68029535,40.63314855],[0.68086815,40.63331246],[0.68130112,40.63344336],[0.68174946,40.63358104],[0.68229616,40.63371134],[0.68288302,40.63386536],[0.68346202,40.63403595],[0.68381751,40.63424385],[0.68376601,40.63442254],[0.68342376,40.63462806],[0.68308878,40.63498962],[0.68308985,40.63544023],[0.68349016,40.63576114],[0.68406415,40.63577664],[0.68455136,40.63551354],[0.68494284,40.63516247],[0.68548906,40.63488877],[0.68620026,40.63482857],[0.68685424,40.63494003],[0.68742192,40.63509047],[0.68787146,40.63525164],[0.68826985,40.63539147],[0.68871594,40.63553715],[0.68924725,40.63567054],[0.68979275,40.6358155],[0.69035625,40.63594866],[0.69090652,40.63609016],[0.69148326,40.63621712],[0.69206405,40.63635814],[0.69264185,40.63651836],[0.69304633,40.63676584],[0.69313025,40.63712168],[0.69298995,40.63770998],[0.69282568,40.63860774],[0.69304371,40.63903427],[0.69330955,40.63893592],[0.69356024,40.63867533],[0.69389153,40.63815558],[0.69433844,40.63749921],[0.69462931,40.63697577],[0.69485104,40.63673806],[0.69526815,40.63674796],[0.69615805,40.63689184],[0.69755685,40.63704646],[0.69893885,40.63720405],[0.70026624,40.63735032],[0.70131981,40.63752794],[0.703125,40.63755584],[0.70607412,40.63736916],[0.70703805,40.63671112],[0.70771778,40.63633561],[0.70824444,40.63619816],[0.70879817,40.63629043],[0.70935237,40.63654494],[0.70992196,40.63676667],[0.71079636,40.63693404],[0.71216226,40.6370393],[0.71335948,40.63775682],[0.71445191,40.6384114],[0.71469665,40.63844872],[0.71494174,40.63859737],[0.72145605,40.63874614],[0.72175014,40.63889503],[0.72219086,40.63893235],[0.72277856,40.63922977],[0.72591007,40.63920045],[0.72695363,40.63902235],[0.72817945,40.63887942],[0.72926104,40.63873518],[0.73026061,40.63860381],[0.73116136,40.63846076],[0.73207724,40.63832951],[0.73288202,40.63818514],[0.73362565,40.63804233],[0.73425364,40.63786435],[0.74003422,40.63780463],[0.740399,40.63762701],[0.74078882,40.63748586],[0.74124265,40.63734627],[0.74175894,40.63721931],[0.74224603,40.63706517],[0.74274361,40.63687587],[0.74329364,40.63661265],[0.74378812,40.63631904],[0.74412906,40.63588893],[0.74419117,40.63536274],[0.74403834,40.63493896],[0.74383962,40.63460994],[0.74362862,40.63426864],[0.74344492,40.63384485],[0.74325335,40.63335896],[0.74307811,40.63283384],[0.74288785,40.63242066],[0.7427119,40.63209796],[0.74252045,40.63176095],[0.74234283,40.63134325],[0.74214876,40.63086283],[0.74197114,40.63031948],[0.74179184,40.62982142],[0.74165881,40.62933111],[0.74136722,40.62908804],[0.74123812,40.62874866],[0.74106622,40.62833023],[0.74089682,40.62783062],[0.74069047,40.62740374],[0.74043024,40.62700534],[0.740049,40.62651765],[0.73960614,40.62593377],[0.73905063,40.62531352],[0.73851001,40.62471986],[0.73789096,40.62404645],[0.73725665,40.62330711],[0.73657417,40.62258565],[0.73613667,40.62208974],[0.73587155,40.62175894],[0.73562753,40.62143791],[0.73526514,40.62103331],[0.73482466,40.62053502],[0.73425746,40.61989903],[0.73371112,40.61922157],[0.73314393,40.61858428],[0.73269844,40.6180793],[0.73231804,40.61765754],[0.73204553,40.61731935],[0.73178816,40.61702645],[0.73160231,40.61666405],[0.73097527,40.6160866],[0.73060215,40.61566734],[0.73036385,40.61535394],[0.73012304,40.61502862],[0.72975767,40.6146183],[0.72931492,40.61411715],[0.72874641,40.61348033],[0.72819865,40.61280227],[0.72763097,40.61216593],[0.72719073,40.61166751],[0.72682846,40.61126292],[0.72658432,40.61094201],[0.72631896,40.61061084],[0.72588122,40.61011493],[0.72519815,40.60939312],[0.72456431,40.60865414],[0.72394896,40.60798371],[0.72341812,40.60739732],[0.72287261,40.60678244],[0.72240925,40.60617757],[0.72190952,40.60559523],[0.72182107,40.60546875],[0.72164607,40.60522544],[0.72102904,40.60465467],[0.72065985,40.60423732],[0.72039592,40.60390127],[0.72006154,40.60350001],[0.71954393,40.60297334],[0.71901143,40.60242772],[0.71842647,40.60185075],[0.71788955,40.60127795],[0.71730936,40.60063064],[0.71677327,40.59996045],[0.71621382,40.59932876],[0.71576846,40.59882665],[0.71538723,40.59841168],[0.71512902,40.59808993],[0.7149266,40.59781313],[0.71475923,40.59748793],[0.71457541,40.59700251],[0.71440053,40.59635592],[0.71420705,40.59579241],[0.71402943,40.5953387],[0.71385014,40.59499276],[0.71371734,40.59470141],[0.71106565,40.59266341],[0.7106235,40.59256244],[0.7100687,40.5924263],[0.70937932,40.59229135],[0.70874321,40.59214401],[0.70816398,40.59200776],[0.70763195,40.59186017],[0.70706356,40.59172535],[0.70641601,40.59158933],[0.70561588,40.59148824],[0.70367491,40.59012282],[0.703125,40.59012282],[0.69902742,40.59009266],[0.69825625,40.58991635],[0.69734395,40.5897758],[0.69644177,40.58963263],[0.69552946,40.58949196],[0.69475842,40.58931565],[0.69135904,40.58931267],[0.69044316,40.58949316],[0.68936396,40.58964348],[0.68837571,40.58980203],[0.68748486,40.58994007],[0.68683755,40.59002626],[0.68625081,40.58994615],[0.68546975,40.58974087],[0.68457103,40.58966124],[0.68390977,40.58974826],[0.68347776,40.58988893],[0.68312764,40.59004867],[0.68275487,40.59019053],[0.68229747,40.59033728],[0.68177044,40.59046817],[0.68131876,40.59060335],[0.68100333,40.59072173],[0.68082607,40.59086895],[0.68069077,40.59104645],[0.68042088,40.59119451],[0.67996788,40.59132135],[0.67947793,40.5914855],[0.67605805,40.59159231],[0.67581367,40.59174097],[0.67556942,40.59177816],[0.67347741,40.59322155],[0.67272031,40.59312046],[0.67216837,40.59298408],[0.67174578,40.59284806],[0.67129231,40.59269893],[0.67072856,40.59256375],[0.67013514,40.59242857],[0.66962993,40.5923264],[0.66953886,40.59222472],[0.67013657,40.59210145],[0.67130995,40.59192276],[0.67231524,40.5916692],[0.67291927,40.59146595],[0.67329907,40.59130454],[0.6736294,40.59117413],[0.67399824,40.59101415],[0.67445075,40.59081101],[0.67497003,40.59054947],[0.67543101,40.59034574],[0.67582822,40.59018683],[0.67620933,40.59006441],[0.67659903,40.58992231],[0.67696106,40.58973491],[0.67716491,40.58942783],[0.67709851,40.58904445],[0.673702,40.58900535],[0.67289734,40.58881032],[0.67203414,40.58858991],[0.67143655,40.58825505],[0.67114031,40.58789051],[0.67085302,40.58765304],[0.6704005,40.58751738],[0.66987038,40.58738864],[0.66932797,40.58726442],[0.66887558,40.58712184],[0.66848183,40.58698761],[0.66804147,40.58684182],[0.66746581,40.58670747],[0.66673613,40.58656228],[0.66584003,40.58642852],[0.66501308,40.58628345],[0.66425312,40.58614945],[0.66362941,40.58600402],[0.6630702,40.58586931],[0.66253364,40.58572376],[0.66191816,40.58559322],[0.66119254,40.58545971],[0.66041374,40.58534467],[0.65993905,40.58519566],[0.66020346,40.58488405],[0.66100371,40.58471537],[0.66154647,40.58445644],[0.66182065,40.58414042],[0.66202807,40.58375895],[0.66227412,40.58329284],[0.66260552,40.58282936],[0.66287005,40.58244324],[0.66308224,40.58207405],[0.66325462,40.58167005],[0.66345966,40.58129025],[0.66370523,40.5809648],[0.66400886,40.58079183],[0.66420817,40.58095193],[0.66420138,40.58138967],[0.66400993,40.58183694],[0.66372335,40.58228207],[0.66336536,40.58282435],[0.66309071,40.58340001],[0.66287255,40.58383656],[0.66269505,40.58415341],[0.66250455,40.58442605],[0.66233957,40.58468652],[0.66220975,40.58492351],[0.66217732,40.58512461],[0.66293335,40.58512986],[0.66343224,40.58530712],[0.66400266,40.58544934],[0.66463304,40.58559477],[0.66533005,40.58573377],[0.66595507,40.58589292],[0.66658807,40.58603418],[0.66734934,40.58612168],[0.66831565,40.58603716],[0.66919553,40.58581555],[0.66981316,40.585711],[0.67012036,40.58580923],[0.67025912,40.58607042],[0.67038906,40.58642447],[0.67053986,40.58678365],[0.67083061,40.58701408],[0.67131054,40.58714604],[0.67185211,40.58727503],[0.67239225,40.58740532],[0.67284977,40.58756292],[0.67329252,40.58771217],[0.67385602,40.58782494],[0.67454565,40.58777678],[0.67508566,40.58753502],[0.67540443,40.58721936],[0.67540646,40.58687925],[0.67576778,40.5866816],[0.67653108,40.58653796],[0.67767644,40.5864259],[0.67841566,40.58627427],[0.67870951,40.5861181],[0.67890024,40.58610988],[0.67913377,40.58631825],[0.67935646,40.58658004],[0.6796596,40.58674324],[0.6800493,40.58675242],[0.68032622,40.58661926],[0.68047297,40.58640122],[0.68246806,40.58474958],[0.68286467,40.58427715],[0.68342686,40.58371103],[0.68405104,40.58307707],[0.68478406,40.58231974],[0.68541455,40.58156383],[0.68603134,40.58082247],[0.68658972,40.580109],[0.68715823,40.57942593],[0.68751287,40.57889032],[0.68754125,40.57857251],[0.68705845,40.57842743],[0.68623996,40.57834113],[0.68579626,40.57817936],[0.68580675,40.57791257],[0.69152665,40.57777572],[0.69174278,40.57804835],[0.69206607,40.57844067],[0.69252551,40.57892931],[0.69286025,40.57929218],[0.69315386,40.57950807],[0.69356585,40.57973444],[0.69405556,40.58010244],[0.69442976,40.58050084],[0.69648635,40.58211994],[0.69677985,40.58252096],[0.69706881,40.58299983],[0.69707358,40.58354175],[0.69674695,40.58412731],[0.69627857,40.58476985],[0.69570923,40.58545744],[0.69524121,40.58608031],[0.6948446,40.58657944],[0.69459212,40.58693075],[0.69445026,40.58717775],[0.69442916,40.58736503],[0.69781375,40.58736265],[0.69795024,40.58714974],[0.69809222,40.58689106],[0.69826865,40.58660626],[0.69842041,40.58636975],[0.69855535,40.58629692],[0.69862604,40.58646715],[0.69858086,40.5868119],[0.69854474,40.58712065],[0.69880795,40.58730698],[0.69937253,40.58742332],[0.69991481,40.58754945],[0.70041394,40.58767414],[0.70105207,40.58781755],[0.70188785,40.58796132],[0.7026602,40.58814025],[0.703125,40.58816957],[0.70367491,40.58816957],[0.70432973,40.58848906],[0.70517015,40.58841527],[0.70554674,40.58827186],[0.70549345,40.58804548],[0.70529366,40.58777857],[0.70506346,40.58749628],[0.70486903,40.58717382],[0.70467532,40.5867511],[0.70450282,40.58623982],[0.704319,40.58582127],[0.70415008,40.58550656],[0.70395184,40.58522475],[0.70371556,40.58491886],[0.70338106,40.58457065],[0.703125,40.58454227],[0.70187593,40.58454371],[0.70148206,40.58474505],[0.70101774,40.58496916],[0.70043421,40.58529151],[0.69978178,40.5856446],[0.69913912,40.58594131],[0.69879055,40.58586156],[0.69876874,40.58543634],[0.69892788,40.58500934],[0.69909954,40.58471775],[0.69931722,40.58455706],[0.69964588,40.58445442],[0.70009255,40.58433366],[0.70061636,40.58420801],[0.70110703,40.58404493],[0.70159304,40.58384156],[0.70210922,40.58358121],[0.70256555,40.58336437],[0.70296955,40.58315432],[0.703125,40.58314717],[0.70334494,40.58310068],[0.70341826,40.58300781],[0.70334494,40.58291483],[0.703125,40.58286834],[0.703125,40.58258915],[0.70294166,40.58258915],[0.70092535,40.58105457],[0.70092535,40.58077562],[0.69881725,40.57913983],[0.69841766,40.57864511],[0.69793785,40.57813311],[0.69760418,40.57777381],[0.69733763,40.57757735],[0.69701862,40.57741106],[0.69669473,40.57715881],[0.69646931,40.57690406],[0.69625914,40.57675803],[0.69602907,40.57677174],[0.69585764,40.57693362],[0.69575906,40.57714546],[0.69565535,40.5772109],[0.69547772,40.57694125],[0.69509017,40.57632124],[0.69438624,40.57563305],[0.69360888,40.57511675],[0.69284594,40.57468271],[0.69227135,40.57437146],[0.69190288,40.57409203],[0.69170725,40.5738554],[0.69149172,40.57367945],[0.69111586,40.57349765],[0.69060326,40.57325482],[0.69009006,40.57305551],[0.68937767,40.57257366],[0.68901122,40.57247305],[0.68864453,40.5723381],[0.68827784,40.57220542],[0.68791127,40.57205904],[0.68754482,40.57191515],[0.68717825,40.57173657],[0.68064415,40.57178032],[0.67985892,40.57191861],[0.67906201,40.57193387],[0.67860913,40.57181203],[0.67853737,40.57164276],[0.67872703,40.57155526],[0.67908311,40.57154906],[0.67955565,40.57148135],[0.68011594,40.57136226],[0.6806761,40.57120526],[0.68121982,40.57107627],[0.68166578,40.57101357],[0.68202877,40.57108665],[0.68237793,40.57121921],[0.68282068,40.57134795],[0.68350351,40.57136416],[0.68453062,40.57126558],[0.6857872,40.57112324],[0.68651152,40.57088327],[0.6866405,40.57053161],[0.68648207,40.5702039],[0.68629324,40.56996262],[0.68602252,40.56977916],[0.6855216,40.56951511],[0.68476927,40.56905508],[0.68311811,40.56896985],[0.6830976,40.56874824],[0.68308711,40.56843173],[0.68287504,40.56798744],[0.68218935,40.567559],[0.68127406,40.56751752],[0.68034577,40.56779885],[0.67958105,40.56796205],[0.67895746,40.56788945],[0.67832553,40.56768477],[0.6777271,40.56741297],[0.677302,40.56720793],[0.67709374,40.56702745],[0.67709124,40.56684578],[0.67728221,40.56674385],[0.67766166,40.56677938],[0.67821956,40.56689441],[0.67885625,40.56690872],[0.67927766,40.56672227],[0.67946994,40.56636703],[0.6794728,40.56599581],[0.67916322,40.56565964],[0.67859781,40.56533575],[0.67787933,40.56495464],[0.67721462,40.56465447],[0.67688751,40.56448603],[0.67653453,40.56464267],[0.6762377,40.56476367],[0.67605126,40.56492138],[0.67593873,40.56515956],[0.67579198,40.56544185],[0.67550945,40.56569982],[0.67483306,40.56584787],[0.67381787,40.56580925],[0.67318797,40.56552231],[0.67307055,40.56504035],[0.67323506,40.56462133],[0.67346787,40.5643512],[0.67380142,40.56420875],[0.67422128,40.56410134],[0.67449451,40.56390166],[0.67450452,40.56361294],[0.67423487,40.56339335],[0.67375362,40.56324518],[0.67324042,40.56308115],[0.66995096,40.56302834],[0.66958272,40.56285608],[0.66920865,40.56271756],[0.66882396,40.56256378],[0.66844058,40.56238091],[0.66811883,40.56212938],[0.66791975,40.56189215],[0.66767347,40.56169677],[0.66718924,40.56142485],[0.66644466,40.56096125],[0.66295826,40.56085277],[0.66260803,40.56100202],[0.66230977,40.56113124],[0.66210735,40.56134951],[0.66195345,40.56172955],[0.66176414,40.5622195],[0.66157162,40.56278384],[0.66140306,40.56327212],[0.66141236,40.56364298],[0.66167665,40.56383777],[0.66209066,40.56394207],[0.66236293,40.56413984],[0.66238451,40.56453538],[0.66220927,40.56509697],[0.66193223,40.56575823],[0.66151857,40.56624734],[0.6610651,40.56657696],[0.66073847,40.56699133],[0.66077256,40.56750345],[0.66118717,40.56790054],[0.66171432,40.56818581],[0.66203463,40.56861925],[0.66205251,40.56924737],[0.66177595,40.56967175],[0.66127837,40.56987751],[0.66067147,40.56999135],[0.66020775,40.57005024],[0.65991533,40.57018745],[0.65973973,40.57045436],[0.65955186,40.57087648],[0.65935957,40.57142293],[0.65919101,40.57191551],[0.65922523,40.57229865],[0.65958226,40.57251012],[0.66015291,40.57261705],[0.66053116,40.57274437],[0.66059875,40.57291245],[0.66041636,40.57305264],[0.66007125,40.57316172],[0.65964365,40.57329953],[0.65919995,40.57349157],[0.65889156,40.57381678],[0.65899765,40.57422864],[0.65959466,40.57457232],[0.66043961,40.57455611],[0.66132367,40.57418466],[0.6621021,40.57374322],[0.66280615,40.57332933],[0.66329968,40.57314575],[0.66362536,40.57314396],[0.66325307,40.57368374],[0.66311371,40.57432985],[0.66281831,40.57475352],[0.66233611,40.57514918],[0.66196692,40.57572114],[0.66222787,40.57619536],[0.66289246,40.57630146],[0.66358244,40.57616961],[0.66409194,40.57612264],[0.66442084,40.57618046],[0.66461146,40.57633364],[0.66474736,40.57657015],[0.66491222,40.57685244],[0.66507256,40.57716787],[0.66524911,40.57752705],[0.66543186,40.57788646],[0.66572118,40.57809675],[0.66611063,40.57811606],[0.66639924,40.5779767],[0.6665802,40.57773483],[0.66675413,40.57745194],[0.66691744,40.57714665],[0.66710377,40.57679534],[0.66729176,40.57639384],[0.6675266,40.57600975],[0.66752493,40.57545841],[0.66769564,40.57521093],[0.66802633,40.57499015],[0.66896093,40.5747776],[0.67061484,40.57445025],[0.67208886,40.57396865],[0.67292202,40.57362497],[0.67335105,40.57342231],[0.67366552,40.57329464],[0.67398655,40.57316268],[0.67433071,40.57303035],[0.67469525,40.57287335],[0.67510474,40.57272828],[0.67560554,40.57262027],[0.67616534,40.57266021],[0.67653823,40.57285047],[0.67650926,40.573053],[0.67613745,40.57325637],[0.67561042,40.57350302],[0.67513061,40.57369876],[0.67468107,40.57389557],[0.67413473,40.57416284],[0.67346227,40.57454085],[0.67285788,40.57486558],[0.67230785,40.57518375],[0.67236865,40.57600725],[0.67262113,40.57639861],[0.67282367,40.57681048],[0.67298734,40.57716763],[0.6730057,40.57743692],[0.67285275,40.57757652],[0.67261636,40.57752228],[0.67240715,40.57720935],[0.67218351,40.57670152],[0.67181838,40.57633126],[0.67134392,40.57630241],[0.67081487,40.57652581],[0.67032421,40.57675314],[0.66980648,40.57695687],[0.66918755,40.57716453],[0.6685878,40.57741225],[0.66817665,40.57759893],[0.66797125,40.57776582],[0.66785896,40.5779438],[0.66767836,40.57808781],[0.66737616,40.57820106],[0.66701996,40.57832456],[0.66670656,40.57843721],[0.66650963,40.57858658],[0.66640985,40.57878888],[0.66620541,40.57909274],[0.66582084,40.57950008],[0.66531634,40.57988501],[0.66489887,40.58012974],[0.66466212,40.58031762],[0.66453445,40.58049357],[0.66441047,40.58055305],[0.66431916,40.58038998],[0.66435623,40.58004534],[0.66452944,40.57969415],[0.66474354,40.57939303],[0.66497385,40.57911205],[0.66509104,40.57878995],[0.66493261,40.57835841],[0.66436624,40.57784975],[0.66371262,40.57746017],[0.66166604,40.57900286],[0.66102433,40.57892251],[0.66073668,40.57877314],[0.66079128,40.57855547],[0.66097152,40.57834518],[0.66124797,40.57819116],[0.66161096,40.57800853],[0.66188705,40.57763565],[0.66180396,40.57706797],[0.66138566,40.57646096],[0.66092587,40.57605064],[0.66026068,40.57589436],[0.65931547,40.57597494],[0.65860426,40.57623923],[0.65826094,40.57654786],[0.65807211,40.57684505],[0.65793037,40.57716382],[0.65775931,40.57757783],[0.65757632,40.57809865],[0.65734184,40.57858717],[0.65726185,40.58125722],[0.65702856,40.58182895],[0.65684175,40.58248174],[0.65665245,40.58308971],[0.65647602,40.58375764],[0.65627515,40.58459222],[0.65608227,40.58563292],[0.65590107,40.58647192],[0.65584648,40.58709896],[0.65598023,40.58752835],[0.65639925,40.58784246],[0.65742505,40.58805013],[0.65896428,40.58805895],[0.66019785,40.58794224],[0.6609925,40.58794367],[0.66130996,40.58825743],[0.66128075,40.58891344],[0.66113722,40.58969903],[0.66113257,40.59054387],[0.66125524,40.59118307],[0.66124141,40.59160066],[0.66090715,40.59177935],[0.66029823,40.59175575],[0.65973222,40.59162235],[0.65926135,40.59149647],[0.65740907,40.59003532],[0.65700066,40.58954728],[0.65647602,40.58900738],[0.65602684,40.58852625],[0.65563667,40.58809996],[0.65537345,40.5877372],[0.65516961,40.58737814],[0.65500414,40.58699036],[0.65482926,40.58664501],[0.65467203,40.58633983],[0.65448594,40.58603942],[0.65423834,40.58573914],[0.65380287,40.58550942],[0.65319216,40.58546865],[0.65244675,40.58555162],[0.65156007,40.58556616],[0.65074945,40.585464],[0.64995646,40.58532667],[0.64914572,40.58517206],[0.64818966,40.5850358],[0.64719021,40.58489645],[0.64615572,40.58477092],[0.64540935,40.5846132],[0.64486241,40.58439684],[0.64431393,40.58406591],[0.64377105,40.58396232],[0.64359558,40.58359957],[0.64364374,40.58326995],[0.64386904,40.58296597],[0.64423037,40.58270645],[0.64456093,40.58253205],[0.64475477,40.58235991],[0.64487636,40.58217454],[0.64511645,40.58209777],[0.64560807,40.58225453],[0.64626861,40.58260465],[0.64676011,40.58287656],[0.64699244,40.58307314],[0.64708686,40.58325124],[0.64723694,40.58339047],[0.64757705,40.58350778],[0.64820516,40.58365238],[0.64914095,40.58379424],[0.65016317,40.5839169],[0.65121114,40.58392584],[0.65194964,40.58380651],[0.65247214,40.58361018],[0.65301597,40.58330536],[0.65369308,40.58290005],[0.65458643,40.58230615],[0.65471053,40.58194756],[0.65502441,40.58160925],[0.65541232,40.58116055],[0.65594685,40.58055234],[0.65639675,40.57994986],[0.65670097,40.57949746],[0.65669966,40.57926762],[0.65649581,40.57916367],[0.65630114,40.579041],[0.65616322,40.57886851],[0.65597117,40.57870698],[0.65564764,40.57856822],[0.65519011,40.57845378],[0.65464854,40.57849503],[0.65416801,40.57876372],[0.65373945,40.57921326],[0.65318775,40.57980847],[0.65253544,40.58042765],[0.65163374,40.58101535],[0.65072155,40.58133876],[0.65007293,40.58128488],[0.64971232,40.58067048],[0.64966667,40.57964313],[0.64982104,40.57874405],[0.64998746,40.57794726],[0.65036905,40.57772493],[0.65009797,40.57761061],[0.64977837,40.57744455],[0.64943636,40.57715833],[0.64905906,40.57682765],[0.64842737,40.57657063],[0.64757705,40.57651675],[0.64682853,40.5766288],[0.64611948,40.57677484],[0.64530134,40.57692075],[0.64438462,40.5770359],[0.64382684,40.57718241],[0.64358747,40.57740486],[0.6434015,40.57770121],[0.64316201,40.57808983],[0.64284062,40.57856905],[0.64260817,40.57899141],[0.64244366,40.57917655],[0.64229965,40.57910395],[0.64214301,40.57887554],[0.64194667,40.57859337],[0.64183056,40.57827127],[0.6419245,40.57783651],[0.64231193,40.57723963],[0.64269412,40.57659757],[0.64323413,40.57620871],[0.64349163,40.57612586],[0.64367557,40.57598495],[0.64381588,40.57580423],[0.64401805,40.57566392],[0.64427066,40.57557511],[0.64441001,40.57547832],[0.64428163,40.57534754],[0.64381862,40.57516026],[0.64301455,40.57493401],[0.64205825,40.57486177],[0.64128888,40.57495737],[0.6406759,40.57510126],[0.64014351,40.57526124],[0.63960195,40.57540154],[0.63906384,40.57554758],[0.63850081,40.57568145],[0.63795221,40.57582903],[0.637416,40.57596934],[0.63696921,40.57611823],[0.63659203,40.57622886],[0.6362133,40.57628095],[0.6357553,40.57625318],[0.63518321,40.57630455],[0.63457835,40.57649744],[0.63460934,40.57686424],[0.63422895,40.57694924],[0.63382745,40.57706392],[0.63353908,40.57729995],[0.63330066,40.57764435],[0.63295925,40.57788515],[0.63255584,40.57792175],[0.63214064,40.57796907],[0.63176668,40.57817984],[0.63151026,40.57854474],[0.63133681,40.57912672],[0.63131964,40.57991326],[0.63147461,40.58058834],[0.63178825,40.58110845],[0.63240194,40.58139205],[0.63324261,40.5812819],[0.63391936,40.58077395],[0.63412797,40.58014774],[0.63398743,40.57967842],[0.63376474,40.57935715],[0.63358104,40.57908785],[0.63356924,40.57880366],[0.63371062,40.57847011],[0.63386357,40.57810724],[0.63401771,40.5777986],[0.63438582,40.57785726],[0.63449955,40.5776453],[0.63464356,40.57743084],[0.63492095,40.57729256],[0.63530874,40.57732272],[0.63559926,40.57759452],[0.63579333,40.57807767],[0.63600802,40.57857013],[0.63616073,40.5822016],[0.63627505,40.58240926],[0.63618815,40.582569],[0.63588345,40.58269262],[0.63542295,40.58279872],[0.63486397,40.582798],[0.63430524,40.58268297],[0.63375056,40.58253193],[0.63324738,40.58234012],[0.62853324,40.58233964],[0.62817228,40.58251774],[0.62778664,40.58266056],[0.62733173,40.58280492],[0.62679303,40.58293664],[0.62624574,40.58308017],[0.62568462,40.58321154],[0.62514281,40.58335185],[0.62458134,40.58348382],[0.62400806,40.5836482],[0.62337565,40.5838536],[0.62276745,40.58411574],[0.62228823,40.58432126],[0.6219033,40.58448458],[0.62155294,40.58461165],[0.62120831,40.58474255],[0.62084878,40.58487046],[0.62042534,40.5850538],[0.61986184,40.58532774],[0.61919475,40.58569741],[0.61871004,40.58596003],[0.61847234,40.58614993],[0.61835456,40.58632684],[0.618191,40.58645594],[0.61794484,40.58652973],[0.61701417,40.58553267],[0.61688185,40.58429885],[0.61670351,40.58344436],[0.61652684,40.58278275],[0.61633193,40.58212101],[0.61614776,40.58134341],[0.61594296,40.58065867],[0.61575937,40.58003962],[0.61562097,40.57948375],[0.61564672,40.57895303],[0.6157999,40.57856512],[0.61584842,40.57831597],[0.61562514,40.57811177],[0.61504722,40.57778704],[0.61422348,40.57728934],[0.61353648,40.57692766],[0.61296105,40.57677722],[0.61234796,40.57691181],[0.61176991,40.57730865],[0.6113162,40.57772636],[0.61075473,40.57801485],[0.61002696,40.57807314],[0.60929096,40.57795835],[0.60855257,40.57779574],[0.60791278,40.57759464],[0.60731661,40.57753754],[0.60668647,40.57736754],[0.60601473,40.57722986],[0.60546255,40.57707047],[0.60495591,40.57686532],[0.6043365,40.57657492],[0.60357285,40.57629013],[0.60266435,40.57603717],[0.60170352,40.57596767],[0.60095108,40.57606912],[0.60034871,40.57621467],[0.59982085,40.57637584],[0.59928417,40.57652593],[0.59875154,40.57669854],[0.59818053,40.57686293],[0.59757435,40.57696056],[0.59690177,40.57678235],[0.59634221,40.57621443],[0.59616435,40.57549334],[0.5962913,40.57496142],[0.59649777,40.57458055],[0.59671998,40.57417202],[0.59690845,40.57367981],[0.59708846,40.57326198],[0.59721935,40.57292128],[0.59750736,40.57272875],[0.59764016,40.57238436],[0.59781921,40.57195735],[0.59799635,40.57144856],[0.59818995,40.57103872],[0.59836745,40.57074106],[0.59855831,40.57047474],[0.59873414,40.57012832],[0.59892464,40.56957102],[0.59910071,40.56883144],[0.59929144,40.56827366],[0.59946775,40.56790721],[0.59965765,40.56756997],[0.59983075,40.56715775],[0.60001504,40.56668162],[0.60018837,40.56615818],[0.60040402,40.56572127],[0.60067046,40.56532001],[0.60100842,40.5648663],[0.60127485,40.56441653],[0.60151422,40.56403577],[0.60177672,40.56365371],[0.60211182,40.56319773],[0.60239303,40.56273031],[0.60266805,40.56231785],[0.60276783,40.562011],[0.60317314,40.56159031],[0.60347962,40.56128836],[0.60388362,40.56112015],[0.60447454,40.56101406],[0.60500824,40.56089377],[0.60545504,40.56077695],[0.60592103,40.56063616],[0.60645187,40.56045794],[0.60694134,40.56015432],[0.60738671,40.55971825],[0.60788965,40.55918133],[0.60828114,40.55868483],[0.61097896,40.55667591],[0.61122894,40.55659854],[0.61139596,40.55646443],[0.61151028,40.55628526],[0.6117202,40.55611491],[0.61213601,40.5559237],[0.61274016,40.55567098],[0.61335587,40.55546856],[0.61384213,40.55530393],[0.61425245,40.55517161],[0.61470115,40.55503094],[0.61523688,40.55489945],[0.61578524,40.55475485],[0.61632252,40.55462074],[0.61676645,40.55447555],[0.61715007,40.55434155],[0.61757863,40.55419636],[0.61815918,40.55406225],[0.61896515,40.55391705],[0.62007117,40.55378354],[0.62126136,40.55363953],[0.62257636,40.5535078],[0.62375414,40.55336356],[0.62486315,40.55322075],[0.62575793,40.55304277],[0.63438535,40.55300832],[0.63450015,40.55319595],[0.63464606,40.55337918],[0.63492465,40.55351436],[0.63530695,40.55363202],[0.63557434,40.55383587],[0.63572598,40.55412686],[0.63593376,40.55436575],[0.63630295,40.55457544],[0.63679004,40.55482662],[0.63727057,40.55502892],[0.63783121,40.55520165],[0.63863266,40.55534291],[0.63971496,40.55545473],[0.64108956,40.55544806],[0.64228296,40.55531931],[0.64867568,40.55527496],[0.64903641,40.55545294],[0.64942276,40.55559576],[0.64988101,40.55573988],[0.65042543,40.55587161],[0.65097404,40.55601561],[0.65150774,40.55614924],[0.65195763,40.55629444],[0.65238285,40.55642855],[0.65290582,40.55657411],[0.65355456,40.55670905],[0.65418494,40.55685484],[0.65494156,40.55698514],[0.65604925,40.55711532],[0.65744603,40.55722237],[0.6582998,40.55736542],[0.65858555,40.55758965],[0.65860808,40.55790544],[0.65851247,40.5583477],[0.65855694,40.5588907],[0.65885115,40.55931604],[0.65929294,40.5595479],[0.65986812,40.55966532],[0.66056645,40.55964386],[0.66121244,40.55950213],[0.66279936,40.55935633],[0.66399145,40.5592283],[0.66533673,40.55922365],[0.66632581,40.55934],[0.66699314,40.55948305],[0.66751611,40.55963898],[0.66804194,40.55977762],[0.66857195,40.55992281],[0.66913044,40.56005394],[0.66967392,40.56019402],[0.67021108,40.56032574],[0.67069125,40.56048977],[0.67116713,40.56069291],[0.67167437,40.56094944],[0.67212176,40.56115007],[0.67253005,40.56132901],[0.67298424,40.56152976],[0.67352354,40.56180596],[0.67407453,40.56208003],[0.67461932,40.56236076],[0.67507684,40.56256533],[0.67546284,40.56272733],[0.67582381,40.56285775],[0.6761831,40.56298864],[0.67654514,40.56308615],[0.67723,40.56354833],[0.67772758,40.56374907],[0.67829871,40.56404102],[0.67893553,40.56438196],[0.67964935,40.56479394],[0.68029201,40.56513822],[0.68088841,40.56545365],[0.68144321,40.56572104],[0.68196797,40.56598222],[0.68234575,40.56616306],[0.68254185,40.56632102],[0.68265402,40.5664947],[0.68285513,40.56665635],[0.6832329,40.56683743],[0.68372536,40.56707394],[0.68418002,40.56726575],[0.68464196,40.56747913],[0.68528485,40.56782174],[0.68616223,40.56835163],[0.68700302,40.56883681],[0.68774736,40.56926203],[0.68822944,40.56951451],[0.68845451,40.56968617],[0.68854845,40.56986511],[0.68863416,40.57004023],[0.68901122,40.57003343],[0.69235933,40.5725075],[0.69261694,40.57259035],[0.69279695,40.57273233],[0.69292355,40.57291496],[0.69310391,40.57305694],[0.69336152,40.57313967],[0.69601262,40.57501066],[0.69627023,40.57509136],[0.69647956,40.57525051],[0.69670558,40.57550025],[0.69703925,40.57575881],[0.69736028,40.57593584],[0.69756603,40.57609725],[0.69769561,40.57627344],[0.69787252,40.57640767],[0.69812667,40.57648611],[0.70086634,40.5785712],[0.70097291,40.57876706],[0.70118201,40.57892632],[0.7015084,40.57909715],[0.70184207,40.57934976],[0.70206594,40.57959557],[0.70228183,40.57976341],[0.70257425,40.57988882],[0.70291674,40.58004677],[0.703125,40.58007813],[0.703125,40.58035707],[0.70331752,40.58035207],[0.70342243,40.58053541],[0.70353186,40.58071554],[0.70372915,40.58085811],[0.70404875,40.58101475],[0.70443654,40.58130014],[0.70486295,40.58172655],[0.70541096,40.58227956],[0.70594656,40.5828613],[0.70653355,40.58351791],[0.70707357,40.58419168],[0.70763278,40.58482242],[0.70807195,40.58532047],[0.70844054,40.58573258],[0.70869327,40.58606517],[0.70894623,40.5863893],[0.70929801,40.58680165],[0.70978141,40.58730376],[0.71013617,40.58771932],[0.71039665,40.58805132],[0.71065807,40.58839417],[0.71101415,40.58879685],[0.71136785,40.58921015],[0.71173155,40.58962977],[0.7120018,40.59001362],[0.7126075,40.59053361],[0.71273422,40.59080803],[0.71293271,40.59110177],[0.71320117,40.59145045],[0.71357298,40.59186494],[0.71393454,40.59228432],[0.71429825,40.59269476],[0.71456206,40.59304082],[0.71479642,40.59335315],[0.71505713,40.59369648],[0.71538818,40.59408247],[0.7156527,40.59442925],[0.71589291,40.59474623],[0.71615446,40.59509003],[0.71647882,40.59546876],[0.71673405,40.59580314],[0.71698701,40.59612513],[0.71733642,40.59655035],[0.71786404,40.59715247],[0.71839666,40.59783351],[0.71897566,40.59854567],[0.71951008,40.59924924],[0.72011626,40.59998774],[0.72074294,40.60076976],[0.72144258,40.60157633],[0.72195601,40.60219896],[0.72235405,40.60255575],[0.72266006,40.60272896],[0.72290111,40.60296845],[0.72321951,40.60344732],[0.72371113,40.6040976],[0.72418356,40.60474455],[0.72470307,40.60535288],[0.72475386,40.60546875],[0.72479916,40.60546875],[0.72487664,40.60590935],[0.72533572,40.60635436],[0.72570527,40.60678554],[0.7261039,40.60729003],[0.72654152,40.60790098],[0.72710025,40.60860086],[0.72764301,40.60931373],[0.7282114,40.61001956],[0.72866118,40.61063766],[0.72904372,40.61112905],[0.72929966,40.61148226],[0.72949517,40.61175835],[0.72965443,40.61201405],[0.72985005,40.61229002],[0.73010576,40.61264312],[0.73048794,40.61313415],[0.73093724,40.61375201],[0.73150575,40.6144582],[0.73205173,40.61517346],[0.73262036,40.61587942],[0.73307085,40.6164968],[0.73345613,40.61698794],[0.73371625,40.6173439],[0.73390734,40.61762714],[0.73403001,40.61789107],[0.73426437,40.61810493],[0.73451996,40.61850238],[0.73489094,40.61899853],[0.73533177,40.61961281],[0.73591781,40.62033105],[0.73654926,40.62109053],[0.73728335,40.62185085],[0.73790884,40.62248552],[0.73850751,40.62306964],[0.73903322,40.62360883],[0.73959971,40.62417066],[0.74012542,40.62471485],[0.74069774,40.62528396],[0.74122703,40.62583113],[0.74179995,40.62640035],[0.74232864,40.62694705],[0.74290276,40.62751675],[0.74343598,40.62806582],[0.74401796,40.62863946],[0.74455094,40.62918842],[0.74508882,40.62973964],[0.74548781,40.63022077],[0.74750602,40.63185585],[0.74760616,40.63204706],[0.74783492,40.63222134],[0.74825501,40.63246262],[0.74877453,40.63285255],[0.74919546,40.63323951],[0.74958694,40.63353205],[0.74991035,40.63370013],[0.75010645,40.6338495],[0.75020325,40.63403833],[0.75229168,40.63577127],[0.75239718,40.63596475],[0.75260615,40.63611853],[0.75293601,40.6362828],[0.75328314,40.63654172],[0.75353098,40.6368432],[0.75559866,40.63856053],[0.75570595,40.63875675],[0.75591421,40.63891482],[0.75623441,40.63908136],[0.75655556,40.63932538],[0.75677562,40.6395694],[0.75704932,40.63977671],[0.75754225,40.64003444],[0.75819647,40.6403892],[0.7586807,40.64064097],[0.75890696,40.64081705],[0.75901103,40.64098394],[0.75922036,40.64115214],[0.75969446,40.64140534],[0.76041925,40.6418128],[0.76118135,40.64222741],[0.76190615,40.64263475],[0.76238048,40.64288771],[0.76259005,40.64305592],[0.76269305,40.64322281],[0.76291645,40.64339995],[0.76339543,40.64365542],[0.7640506,40.644014],[0.76457405,40.64426518],[0.76493585,40.64443195],[0.76474655,40.64463055],[0.76510847,40.64479721],[0.76563156,40.64504826],[0.76628625,40.6454066],[0.76676512,40.64566147],[0.76699007,40.64584005],[0.76710045,40.64601195],[0.76732266,40.64618921],[0.76779735,40.64644361],[0.76845455,40.64680648],[0.76900661,40.64707637],[0.76944435,40.64727473],[0.7699151,40.6474719],[0.77053344,40.64773881],[0.77125788,40.64800835],[0.77201605,40.64830792],[0.77274776,40.64858246],[0.77337945,40.64885902],[0.77385378,40.64905965],[0.77423358,40.64921904],[0.77458823,40.64934957],[0.77494585,40.64949191],[0.77531004,40.64962471],[0.77567744,40.6497606],[0.77604544,40.64986193],[0.77641332,40.65008235],[0.77678144,40.65018356],[0.77714872,40.65031946],[0.77751255,40.65045226],[0.7778697,40.65059423],[0.77822471,40.65072465],[0.7786082,40.65088451],[0.77909195,40.6510874],[0.77973235,40.65136838],[0.78044105,40.65164495],[0.78108144,40.65192604],[0.78156507,40.65212905],[0.78194857,40.65228856],[0.78230357,40.65241802],[0.78266084,40.65255773],[0.78302467,40.65268946],[0.78339231,40.65283465],[0.78376055,40.65296912],[0.78412795,40.65311432],[0.78449225,40.65324581],[0.78485203,40.65338385],[0.7852118,40.65350985],[0.78559744,40.65366781],[0.78606176,40.65388441],[0.78663075,40.65421534],[0.78747392,40.65435684],[0.78808403,40.65471911],[0.78864205,40.65500677],[0.78917384,40.65527582],[0.78962338,40.65547001],[0.79003358,40.65564644],[0.79048908,40.65584707],[0.79100287,40.65610361],[0.79145825,40.65630436],[0.79184425,40.65646374],[0.79220653,40.65659356],[0.79259324,40.65675354],[0.79305172,40.65695655],[0.79357147,40.6572175],[0.79402995,40.65742052],[0.79441667,40.65758038],[0.79477882,40.65771031],[0.7951647,40.65786934],[0.79561985,40.65806985],[0.79613376,40.65832663],[0.79659104,40.65852976],[0.79700565,40.65871322],[0.79745972,40.65891385],[0.79798067,40.65916681],[0.79848206,40.65936947],[0.79921746,40.65981722],[0.79992402,40.66002274],[0.80057394,40.66029978],[0.80113971,40.66057146],[0.80166841,40.66084695],[0.80211484,40.66104806],[0.80252373,40.66122723],[0.80297911,40.66142821],[0.80349302,40.66168416],[0.80394852,40.66188467],[0.80433464,40.66204405],[0.80469656,40.66217387],[0.80508351,40.66233385],[0.80554175,40.66253686],[0.80606174,40.66279793],[0.80652034,40.66300082],[0.80690718,40.66316044],[0.8072685,40.66329026],[0.80765188,40.66345],[0.80810344,40.66365254],[0.80861986,40.66391277],[0.80910301,40.66411614],[0.80958545,40.66427994],[0.81011021,40.6644206],[0.81060755,40.66459191],[0.81128311,40.66464996],[0.81178927,40.66482794],[0.81231725,40.66497076],[0.81277406,40.66511488],[0.81316245,40.66524661],[0.81352246,40.66539061],[0.81387687,40.66552424],[0.81423855,40.66566944],[0.81463075,40.66580355],[0.81509232,40.66594863],[0.81561363,40.66608262],[0.81607485,40.66622758],[0.81646764,40.66636145],[0.8168323,40.66650665],[0.81719351,40.66664064],[0.81755793,40.66678572],[0.81792402,40.66691947],[0.81828845,40.66706455],[0.81864977,40.66719842],[0.81901443,40.66734374],[0.81940663,40.66747868],[0.81986642,40.66762614],[0.82038605,40.66776097],[0.82085061,40.66789722],[0.82126033,40.66799808],[0.82203412,40.66849732],[0.82260275,40.66859817],[0.82306731,40.66873443],[0.82345295,40.66886926],[0.82381284,40.66901672],[0.82417226,40.66915166],[0.82453656,40.66929698],[0.82490373,40.66943085],[0.82527137,40.66957593],[0.82563913,40.6697098],[0.82600665,40.66985476],[0.82637394,40.66998875],[0.82674134,40.67013395],[0.82710862,40.67026782],[0.82747602,40.67041278],[0.82784331,40.67054677],[0.82821071,40.67069185],[0.82857811,40.67082596],[0.82894528,40.67097115],[0.8293128,40.67110491],[0.8296802,40.67124891],[0.83004737,40.67138052],[0.83041477,40.67152464],[0.83078206,40.67166746],[0.83114946,40.67184556],[0.83195412,40.67195642],[0.83250856,40.67228007],[0.83296025,40.67249215],[0.83336234,40.67266464],[0.83383656,40.67285764],[0.83446264,40.67312682],[0.83516204,40.67339635],[0.83581758,40.67369163],[0.83638346,40.67396188],[0.83693683,40.67425263],[0.83749914,40.67452025],[0.83814776,40.67481005],[0.83884418,40.67507756],[0.83949745,40.67536831],[0.84006977,40.67563856],[0.84063184,40.67593348],[0.84117198,40.67620361],[0.84170175,40.67647433],[0.84215093,40.67667055],[0.84255612,40.67684448],[0.84300745,40.67704332],[0.84354341,40.67731845],[0.84409106,40.67759037],[0.84464443,40.67786777],[0.84514952,40.67807353],[0.84544623,40.67823982],[0.84579432,40.67832685],[0.84621978,40.67850745],[0.84686315,40.67885113],[0.84777534,40.67940736],[0.84871554,40.67996776],[0.84961212,40.68051076],[0.8501749,40.68083203],[0.85040295,40.68101418],[0.85050106,40.68117631],[0.85072136,40.68134725],[0.85120595,40.68159926],[0.8518666,40.68195856],[0.85236228,40.68221915],[0.8526082,40.68240976],[0.85272861,40.68258774],[0.85289228,40.68271697],[0.85313845,40.68279088],[0.85480738,40.68395126],[0.85544777,40.6843965],[0.85569406,40.68447041],[0.85585785,40.68459976],[0.85597801,40.68477726],[0.85622275,40.68496728],[0.85671747,40.68522716],[0.85737908,40.68558753],[0.85787392,40.68584716],[0.85811865,40.6860373],[0.85823882,40.68621492],[0.85840273,40.68634415],[0.85864878,40.68641818],[0.86090565,40.68805802],[0.86127305,40.68805802],[0.86391175,40.69009161],[0.86431074,40.69057274],[0.86484861,40.6911242],[0.86538124,40.69167304],[0.86596274,40.69224656],[0.86649561,40.69279468],[0.86707056,40.69336295],[0.86760521,40.69390965],[0.868191,40.69448686],[0.86872828,40.69505835],[0.86925697,40.69566047],[0.86960375,40.69617653],[0.86985135,40.69656575],[0.87010765,40.69696236],[0.87046373,40.69750226],[0.87081885,40.69813621],[0.87118197,40.69868171],[0.87144721,40.69910491],[0.87168336,40.69955635],[0.87194741,40.70012617],[0.87228358,40.70065474],[0.87254822,40.70104074],[0.87276316,40.70133531],[0.87294853,40.70160246],[0.87317455,40.70186806],[0.87325096,40.70242965],[0.87348545,40.70270145],[0.87367344,40.70297027],[0.8738631,40.70324552],[0.87403655,40.70356357],[0.87422597,40.70398557],[0.87440205,40.70449722],[0.87459326,40.70491385],[0.87476981,40.70522177],[0.87496066,40.70549226],[0.87513721,40.70580065],[0.87532806,40.70621777],[0.87550437,40.70672858],[0.87569547,40.70714605],[0.87587178,40.70745397],[0.87606275,40.70772254],[0.87623906,40.70802641],[0.87643015,40.70844007],[0.87660634,40.70896494],[0.87679756,40.7094444],[0.87697542,40.70986855],[0.87716925,40.71025658],[0.87734687,40.71073103],[0.87752616,40.71144485],[0.87765932,40.71251285],[0.87794852,40.71303785],[0.87807715,40.71352625],[0.87825501,40.71401942],[0.87844455,40.71455407],[0.87868321,40.7150352],[0.87882066,40.71856272],[0.8789891,40.71894491],[0.87899506,40.71940422],[0.87884212,40.71995854],[0.87865365,40.72058785],[0.87844861,40.72106147],[0.87826645,40.72143197],[0.87807465,40.72190571],[0.87789905,40.72259188],[0.87770855,40.7233566],[0.87753224,40.72416735],[0.87734127,40.72478545],[0.87716484,40.72526836],[0.87697387,40.72573924],[0.87679756,40.7263087],[0.87660646,40.72693324],[0.87643015,40.72759402],[0.87623942,40.72807634],[0.87606311,40.72839415],[0.87587178,40.72865796],[0.87569404,40.72895944],[0.87549996,40.72937214],[0.87532234,40.72988164],[0.87514305,40.73030865],[0.87501013,40.73065305],[0.87479413,40.73087621],[0.87443316,40.73130417],[0.87393033,40.73170853],[0.87341833,40.73193324],[0.8728832,40.73196006],[0.87227333,40.73179138],[0.87172997,40.73158121],[0.87141383,40.73126984],[0.87125051,40.73079205],[0.87109947,40.73025644],[0.87094331,40.72960961],[0.87070525,40.72879422],[0.87066305,40.72867346],[0.87034345,40.72776091],[0.86985016,40.72690547],[0.869488,40.72640002],[0.86922085,40.72607827],[0.86895895,40.72575927],[0.86863446,40.72539234],[0.86837947,40.72506034],[0.86815155,40.72475708],[0.86789084,40.72440124],[0.86750603,40.72391236],[0.86705875,40.72329891],[0.86653364,40.72260976],[0.86612415,40.72193563],[0.86511886,40.72110736],[0.86507595,40.72068644],[0.8650738,40.72025275],[0.86512208,40.71964097],[0.86483741,40.71880805],[0.86384022,40.71814156],[0.86226857,40.71781194],[0.86064458,40.71765113],[0.8589853,40.71754456],[0.85771906,40.71741831],[0.85669887,40.71729004],[0.8558228,40.71714473],[0.85490501,40.71700954],[0.85402095,40.71686375],[0.85311341,40.71672964],[0.85230935,40.7165848],[0.85148954,40.71645093],[0.85058963,40.71630585],[0.84954596,40.71617198],[0.84864771,40.71602666],[0.84783363,40.71589172],[0.84703982,40.71574426],[0.84613466,40.71560943],[0.84520364,40.71547318],[0.84412575,40.71537232],[0.84334064,40.71490264],[0.84279788,40.71470082],[0.84215462,40.71442854],[0.84145761,40.71415901],[0.84080327,40.71386397],[0.84023035,40.71359181],[0.83966756,40.71329582],[0.83912444,40.71302354],[0.83858848,40.71274817],[0.83813667,40.71254981],[0.83775687,40.71239543],[0.83739793,40.71226788],[0.83701181,40.71210873],[0.83655334,40.71190572],[0.83603275,40.71164405],[0.83557105,40.71143866],[0.83517814,40.71127403],[0.83481348,40.71114206],[0.83445263,40.71100175],[0.83408844,40.7108705],[0.83372164,40.71072686],[0.83335412,40.71059513],[0.83298636,40.71045077],[0.83261895,40.71030796],[0.83225155,40.71012986],[0.83189654,40.7100718],[0.83153915,40.70990038],[0.83114946,40.70975995],[0.83066571,40.70959628],[0.83005702,40.70939314],[0.829445,40.70913243],[0.828933,40.70892727],[0.82844925,40.708763],[0.82793737,40.70863116],[0.82748544,40.70849085],[0.82709575,40.70835924],[0.82673061,40.70821464],[0.82637036,40.70808065],[0.82601452,40.70793533],[0.82566845,40.70780134],[0.82531905,40.70765615],[0.82489443,40.70752227],[0.82479596,40.7075001],[0.82425392,40.70737731],[0.82334924,40.70724344],[0.82241881,40.70709825],[0.82151377,40.70696306],[0.82087266,40.70681584],[0.82044733,40.70668077],[0.82009888,40.70654476],[0.81976116,40.70644355],[0.81946373,40.70625424],[0.81891632,40.70604777],[0.81826627,40.70577002],[0.81756735,40.70549965],[0.81693995,40.70523155],[0.8164618,40.70504641],[0.81604731,40.70487642],[0.81557691,40.70461941],[0.81503093,40.70414054],[0.81451833,40.70350575],[0.81398571,40.70280194],[0.81358576,40.70212114],[0.81204677,40.70089281],[0.8116796,40.70089281],[0.80995011,40.69960964],[0.80917466,40.69919765],[0.80828476,40.69866216],[0.80747366,40.69818544],[0.80671871,40.69774163],[0.80606306,40.69740677],[0.80539727,40.69710624],[0.80470574,40.69684291],[0.80405474,40.69655383],[0.80348515,40.69628596],[0.80295432,40.69601512],[0.80250847,40.69581604],[0.80210602,40.69563723],[0.80166411,40.69543636],[0.80115807,40.69517946],[0.80065537,40.69497645],[0.80008101,40.69481242],[0.79939008,40.69468033],[0.79875314,40.69453967],[0.79816544,40.69440842],[0.79762101,40.69426477],[0.79706538,40.69413304],[0.79652357,40.6939888],[0.79597783,40.69384575],[0.79547715,40.69366777],[0.79441357,40.69363844],[0.79404616,40.69335926],[0.78601325,40.69338882],[0.78551924,40.69356692],[0.78495312,40.69370973],[0.78431666,40.69385385],[0.78357601,40.69398534],[0.78284311,40.69412935],[0.78210604,40.69426322],[0.78147495,40.69440818],[0.78090358,40.69454241],[0.78036571,40.69468772],[0.77978146,40.69482195],[0.77914143,40.69496655],[0.77845192,40.6950984],[0.77791226,40.69523823],[0.77751303,40.69536757],[0.77713752,40.69552743],[0.7766664,40.69573045],[0.77603197,40.6960113],[0.77532744,40.69628537],[0.77469623,40.69656193],[0.77422392,40.69676292],[0.773826,40.69694114],[0.77336323,40.69713926],[0.77274895,40.69739175],[0.77204704,40.69759464],[0.77122891,40.69805241],[0.77052557,40.69825566],[0.76990795,40.69850814],[0.76943862,40.69870663],[0.76903868,40.69888425],[0.76859546,40.69908285],[0.76806486,40.69935453],[0.76751578,40.69962657],[0.76694381,40.69992685],[0.76639056,40.70020151],[0.76585054,40.70047772],[0.76539814,40.70067632],[0.76501906,40.70083022],[0.76466346,40.70095515],[0.76428473,40.70110917],[0.76383233,40.70130825],[0.76329172,40.70158565],[0.76273596,40.70186162],[0.76215875,40.70215952],[0.76160765,40.70241785],[0.7610991,40.70265973],[0.76073384,40.70283866],[0.76045823,40.70311666],[0.76001465,40.70368254],[0.75921261,40.70450711],[0.75884271,40.70499861],[0.75812125,40.70565343],[0.75755501,40.70622933],[0.75705445,40.70675135],[0.75675404,40.70710027],[0.75649858,40.70730853],[0.75606716,40.70754957],[0.75539064,40.70794332],[0.75451863,40.70835865],[0.75324154,40.70878637],[0.75168097,40.70906937],[0.75035381,40.70921588],[0.74920213,40.70920205],[0.74830806,40.70905912],[0.74319327,40.70890462],[0.74287844,40.70874524],[0.74235356,40.70866537],[0.74203885,40.70850611],[0.73975492,40.70848572],[0.73641837,40.7084558],[0.73592901,40.70863378],[0.73536932,40.70877671],[0.73473525,40.70892072],[0.73396945,40.70905244],[0.73314524,40.70919645],[0.73226106,40.7093302],[0.73154163,40.70947516],[0.73092675,40.70960927],[0.7303071,40.70975435],[0.72956395,40.70988846],[0.72874773,40.71003354],[0.72783184,40.71016741],[0.72700894,40.71031237],[0.72625124,40.71044636],[0.72562206,40.71059155],[0.72505271,40.71072543],[0.72452402,40.71087027],[0.72398555,40.71100426],[0.72345054,40.71114945],[0.722844,40.71128464],[0.7221179,40.71143186],[0.72125566,40.71156681],[0.72050607,40.71170294],[0.71981955,40.71180403],[0.71945512,40.71202397],[0.71855116,40.71212494],[0.71762192,40.71226132],[0.7165271,40.71239615],[0.71545482,40.71254337],[0.71435344,40.71267855],[0.71337962,40.71282375],[0.71235454,40.71295774],[0.71117973,40.71310258],[0.70971465,40.71323657],[0.70833802,40.71338177],[0.70707655,40.71351564],[0.70626926,40.71365964],[0.70579195,40.71379125],[0.70536661,40.71393526],[0.70487523,40.71407807],[0.704391,40.71425605],[0.703125,40.71428573],[0.70299172,40.71412313],[0.70290995,40.71447134],[0.70280945,40.71489882],[0.70250952,40.71584165],[0.70198667,40.71657372],[0.70140135,40.71697617],[0.70082223,40.71725464],[0.70033503,40.71748257],[0.69994724,40.71776581],[0.69964111,40.71807492],[0.69929886,40.71834087],[0.69898605,40.71851087],[0.69875765,40.71868432],[0.69853056,40.71892595],[0.69819987,40.71917641],[0.69788384,40.71934736],[0.69768822,40.71950054],[0.69756818,40.71967113],[0.69736862,40.71982896],[0.69699144,40.7200129],[0.69646156,40.72027957],[0.69587672,40.72055173],[0.6952095,40.72085202],[0.69450712,40.72112465],[0.69386315,40.72139764],[0.69332123,40.72159934],[0.69302106,40.72178924],[0.69270396,40.72188973],[0.69237411,40.72202635],[0.69192433,40.7221657],[0.69111538,40.72232318],[0.68982065,40.72246695],[0.68833804,40.72258377],[0.68669713,40.72258377],[0.68541026,40.72246695],[0.68442094,40.72232425],[0.68373561,40.72216845],[0.68319702,40.72202945],[0.68268275,40.72188342],[0.68199873,40.72175348],[0.6809926,40.72162235],[0.67974806,40.72151124],[0.67897797,40.72136271],[0.67866194,40.72114325],[0.67849207,40.72087252],[0.678424,40.72054386],[0.6785413,40.72011042],[0.67891943,40.71959901],[0.67924321,40.71922505],[0.67950273,40.71904135],[0.67977774,40.71897054],[0.68067336,40.71833324],[0.68081355,40.71805227],[0.68100655,40.71776795],[0.68120062,40.71747863],[0.6813755,40.71719456],[0.68140495,40.71695685],[0.68123996,40.7168318],[0.68092644,40.71685338],[0.68055284,40.71698403],[0.68017411,40.71712828],[0.68014097,40.71714175],[0.67980635,40.71727824],[0.67944407,40.71741116],[0.67906213,40.71757042],[0.67861366,40.71777046],[0.67807674,40.71804643],[0.67749906,40.71832073],[0.67683351,40.71862113],[0.67612755,40.71889555],[0.67549348,40.719172],[0.67501295,40.71937227],[0.67463005,40.71953034],[0.6742748,40.71965766],[0.67391717,40.71979666],[0.67355335,40.71993732],[0.67318654,40.72011483],[0.67208314,40.72014511],[0.67171586,40.71986604],[0.66737497,40.71983647],[0.66673553,40.71965861],[0.66602886,40.71951556],[0.66539752,40.71937156],[0.66482151,40.71923995],[0.66428626,40.71909595],[0.66371524,40.71896231],[0.66308618,40.71881711],[0.66235542,40.71868277],[0.66162837,40.71853721],[0.66087294,40.71840262],[0.66015816,40.71825862],[0.65942931,40.7181313],[0.65872967,40.71800125],[0.65793121,40.71787834],[0.65694964,40.71768546],[0.65565765,40.71734643],[0.65441942,40.71682203],[0.65349221,40.71633863],[0.65272307,40.71587265],[0.65210807,40.71547425],[0.65161622,40.71506548],[0.65126681,40.71475303],[0.65076053,40.7145859],[0.64991021,40.71451366],[0.64918923,40.71431506],[0.64812064,40.71421421],[0.64719295,40.71407795],[0.64626241,40.71394312],[0.64537215,40.71379566],[0.64439654,40.71366072],[0.64339292,40.7135154],[0.64232945,40.71338153],[0.64151275,40.71323645],[0.64091623,40.71310258],[0.64047754,40.71295762],[0.64008665,40.71282375],[0.63964331,40.71267855],[0.63913715,40.71254456],[0.63868082,40.71239924],[0.63826013,40.71226466],[0.63779426,40.71211886],[0.63726962,40.71198726],[0.63681853,40.71185183],[0.63650024,40.71173561],[0.63632643,40.7115941],[0.63621962,40.71142232],[0.63601994,40.71126056],[0.63562906,40.71105993],[0.63507545,40.71074283],[0.63447416,40.71052504],[0.63370848,40.71004105],[0.63315356,40.70975065],[0.63275194,40.70957875],[0.63237441,40.70945847],[0.63193154,40.70932615],[0.63142347,40.70919716],[0.63096905,40.70905244],[0.63055634,40.70891786],[0.63010025,40.70877242],[0.62956011,40.70863831],[0.62900806,40.70849323],[0.62846243,40.70835924],[0.62800384,40.70821416],[0.62761724,40.70808041],[0.62725556,40.70793521],[0.62689531,40.70780134],[0.62653077,40.70765626],[0.62616396,40.70752251],[0.62579632,40.70737708],[0.62542856,40.70724213],[0.62506115,40.70709491],[0.62469375,40.70695984],[0.62432635,40.70682371],[0.62395906,40.70672274],[0.62369394,40.70651126],[0.62319708,40.70641053],[0.62250507,40.70625412],[0.62157631,40.70605016],[0.62078404,40.705796],[0.62032425,40.70560718],[0.62014174,40.70544422],[0.62007225,40.70526946],[0.61989617,40.70510817],[0.61942625,40.70492387],[0.61855662,40.70467401],[0.61744022,40.70445991],[0.61646473,40.70424926],[0.61306691,40.70427072],[0.61230242,40.70444882],[0.61137021,40.70459127],[0.61037171,40.70473433],[0.60925984,40.70486367],[0.60826135,40.70500684],[0.60732925,40.70514941],[0.60656464,40.70532751],[0.60228503,40.70535707],[0.60191762,40.70563614],[0.59787524,40.70566642],[0.59750843,40.70584393],[0.5971446,40.70598435],[0.59678698,40.70612335],[0.59643185,40.70625067],[0.59604895,40.70640874],[0.59556818,40.70660925],[0.59493411,40.70688581],[0.59422791,40.70716035],[0.59356284,40.7074604],[0.59298825,40.70773244],[0.59245741,40.70800376],[0.59201145,40.70820224],[0.59160352,40.70838046],[0.59114862,40.70858133],[0.59063411,40.70883822],[0.58978283,40.70920885],[0.58941781,40.709342],[0.58905685,40.70947325],[0.58869398,40.70957077],[0.58828151,40.7098912],[0.58601308,40.71165204],[0.58592474,40.71184754],[0.58568943,40.71203125],[0.58519757,40.71228755],[0.58449376,40.71267426],[0.58382523,40.71301675],[0.58325386,40.71330786],[0.58287013,40.71349227],[0.58268094,40.7136451],[0.58257973,40.71381092],[0.58239186,40.71396255],[0.58201325,40.71414375],[0.58145428,40.71443045],[0.58129883,40.71451187],[0.58079624,40.71477497],[0.58005798,40.71519291],[0.57940447,40.71553326],[0.57885313,40.71581018],[0.57847261,40.71598196],[0.57823932,40.71615493],[0.57800961,40.71643662],[0.57766712,40.71683395],[0.57731497,40.71729147],[0.57694697,40.71784592],[0.57666326,40.71844161],[0.57639396,40.71895754],[0.57634735,40.71912098],[0.57611287,40.71949887],[0.57592475,40.71995461],[0.57573521,40.72051406],[0.57556164,40.72117782],[0.57537222,40.7217319],[0.57519615,40.72216535],[0.57500505,40.72249615],[0.57482863,40.72282803],[0.57463753,40.72330582],[0.57446122,40.72396088],[0.57427013,40.72458315],[0.57409382,40.72515345],[0.57390273,40.72562957],[0.57372618,40.72612131],[0.5735352,40.72673845],[0.57320786,40.72799945],[0.57316947,40.72812486],[0.57299614,40.72862566],[0.57280636,40.72910166],[0.57261825,40.72962368],[0.57238412,40.73009837],[0.57230628,40.73282325],[0.57207203,40.73319364],[0.57188392,40.73357332],[0.57169425,40.73390734],[0.57152081,40.73427117],[0.57133114,40.73482847],[0.57115507,40.73560703],[0.57096398,40.73630464],[0.57078755,40.73687935],[0.57059646,40.7372843],[0.57042015,40.73763573],[0.57022893,40.73810875],[0.57005227,40.73873401],[0.56986177,40.73927772],[0.56968856,40.73974395],[0.56950414,40.74021626],[0.56933057,40.74082625],[0.56911433,40.74160278],[0.56884432,40.74254501],[0.56849921,40.74327755],[0.56822753,40.74380326],[0.56800795,40.74443221],[0.56783295,40.74527705],[0.56766045,40.74598134],[0.56753206,40.74656701],[0.56652665,40.74737835],[0.56642115,40.74757183],[0.56621242,40.74772572],[0.56588244,40.74788988],[0.56553543,40.74814868],[0.56528735,40.74845028],[0.56371224,40.74969137],[0.56334496,40.74979246],[0.56297755,40.74992871],[0.56261015,40.75006366],[0.56224275,40.75021076],[0.56187534,40.75034595],[0.56150806,40.75049114],[0.56114042,40.75062513],[0.56077278,40.75076997],[0.56040597,40.75090385],[0.5600419,40.75104904],[0.55968094,40.75118303],[0.55931628,40.75132811],[0.55892324,40.7514621],[0.55846167,40.75160706],[0.55794096,40.75174105],[0.55748272,40.75188625],[0.55709684,40.75202024],[0.55673814,40.75216532],[0.55635822,40.75229895],[0.55590427,40.75244296],[0.55536234,40.7525748],[0.55481172,40.75271881],[0.55425775,40.75286174],[0.55375278,40.75303972],[0.55275822,40.75309873],[0.55212331,40.75327671],[0.55142188,40.75341952],[0.55078912,40.75356364],[0.55018187,40.75369525],[0.54955792,40.75383914],[0.54887831,40.75397265],[0.54826784,40.7541182],[0.54761767,40.75425315],[0.54673958,40.75440073],[0.54550576,40.75453556],[0.54523325,40.75456345],[0.54417717,40.75467181],[0.54260123,40.75477266],[0.54091978,40.75599265],[0.53824544,40.75793326],[0.53798282,40.75831032],[0.53765714,40.75869834],[0.53739846,40.75903332],[0.53713822,40.75935602],[0.53678012,40.75978184],[0.5362643,40.76037324],[0.53581333,40.76101255],[0.53542042,40.76165295],[0.53514123,40.76226425],[0.53488147,40.76277232],[0.53483486,40.76589632],[0.53460073,40.76667476],[0.53441465,40.76763046],[0.53423095,40.76859248],[0.53406584,40.76965535],[0.5338701,40.77071106],[0.53362966,40.77177775],[0.53327322,40.77246284],[0.53286922,40.77279818],[0.53016877,40.77452946],[0.52934515,40.77462316],[0.52869415,40.77474165],[0.52820826,40.77484751],[0.52794135,40.77499604],[0.52779734,40.77524543],[0.52760744,40.77561855],[0.52729034,40.77610862],[0.5267688,40.77658594],[0.5262022,40.77693105],[0.52562857,40.77723515],[0.52504516,40.77749872],[0.52433085,40.77776694],[0.52347541,40.77795935],[0.52253997,40.77810442],[0.52151287,40.77822375],[0.52071333,40.77840757],[0.52037084,40.77857363],[0.52004564,40.77873123],[0.51940632,40.77923453],[0.51901293,40.77968037],[0.51877284,40.78002203],[0.51855123,40.78031671],[0.51820445,40.7805829],[0.51776648,40.78080797],[0.51727331,40.78107166],[0.51724136,40.78125],[0.51669908,40.78139305],[0.51644194,40.78149438],[0.51610994,40.78160036],[0.51566756,40.78173757],[0.51510382,40.78187215],[0.5144608,40.78201914],[0.51371932,40.78215384],[0.51298583,40.78229916],[0.51222002,40.78243315],[0.51148665,40.78257811],[0.51074684,40.7827121],[0.51010776,40.78285706],[0.50954783,40.78299105],[0.50909662,40.78313613],[0.5089457,40.78318918],[0.50871623,40.78327012],[0.50835621,40.78341508],[0.50799465,40.78354895],[0.50762868,40.78369403],[0.50726044,40.7838279],[0.50689137,40.78397322],[0.50652266,40.78410816],[0.50615406,40.78425562],[0.5057857,40.78439045],[0.50541711,40.78452671],[0.50504863,40.78462756],[0.50431144,40.78515625],[0.50394297,40.78515625],[0.50158787,40.78702187],[0.50145423,40.78745425],[0.50127113,40.78780675],[0.50108325,40.78809774],[0.50087607,40.78836632],[0.50071084,40.78863525],[0.50062621,40.78892505],[0.50071096,40.78926611],[0.50087535,40.78966737],[0.50107944,40.79008281],[0.50126326,40.79055345],[0.50145113,40.79110765],[0.50161946,40.79173994],[0.50182247,40.79223526],[0.50208175,40.79264867],[0.50246501,40.7931354],[0.50291264,40.79372156],[0.50347543,40.79434586],[0.50401425,40.79491711],[0.50459707,40.79549062],[0.5051347,40.79603732],[0.50571847,40.79660892],[0.50625277,40.79715705],[0.50679207,40.79770815],[0.50719225,40.79818952],[0.50806391,40.79890931],[0.50846362,40.799389],[0.50900316,40.7999382],[0.50954056,40.80048454],[0.51013196,40.80106187],[0.51067603,40.80163658],[0.51123846,40.80226505],[0.51168001,40.80285585],[0.51205051,40.80333924],[0.51230514,40.80371666],[0.51256001,40.80411744],[0.51291323,40.80465162],[0.51339364,40.80522251],[0.51373625,40.80560732],[0.51398325,40.80578375],[0.51421523,40.80586636],[0.51439834,40.80599415],[0.51454616,40.80621195],[0.51471758,40.80647767],[0.51488531,40.80675495],[0.51509345,40.80704927],[0.51535368,40.80741096],[0.51571572,40.80788744],[0.51609921,40.80843532],[0.51657867,40.80900455],[0.51669455,40.80929065],[0.51692092,40.80956304],[0.51710665,40.80983937],[0.51732278,40.81013584],[0.51759136,40.81048214],[0.51793516,40.81087565],[0.5182029,40.81124175],[0.51841354,40.81160176],[0.51858485,40.81198347],[0.51879573,40.81234396],[0.51906335,40.8127501],[0.51940775,40.81328607],[0.51967823,40.81386495],[0.51989686,40.81430066],[0.52007973,40.81460881],[0.52011585,40.81467795],[0.52028441,40.81487215],[0.52047193,40.81515706],[0.52060115,40.815521],[0.52051306,40.81598258],[0.52021766,40.81643796],[0.51994216,40.81679583],[0.51966524,40.81711924],[0.51930511,40.817541],[0.51880956,40.81812966],[0.51870334,40.81829655],[0.51840305,40.81876802],[0.51780164,40.81933045],[0.51766932,40.8195616],[0.51748931,40.81982136],[0.51730633,40.82023382],[0.51709807,40.82101762],[0.51690304,40.82214546],[0.51673198,40.8229959],[0.51670992,40.82346487],[0.51688373,40.82360423],[0.51719093,40.8235476],[0.51750004,40.82356095],[0.517717,40.82402027],[0.51787233,40.82493365],[0.51804686,40.82576346],[0.51821804,40.8265239],[0.51840961,40.82741725],[0.51858711,40.82854843],[0.51877785,40.82949877],[0.51895201,40.83036506],[0.51914215,40.83131444],[0.51933086,40.83246982],[0.51956594,40.83345926],[0.5196439,40.83580017],[0.51987886,40.83607197],[0.52006757,40.83634102],[0.52025807,40.83661592],[0.52043247,40.83693325],[0.52062261,40.83735406],[0.52079713,40.83786607],[0.52098227,40.83829045],[0.52115095,40.83861911],[0.52135193,40.83891344],[0.52160144,40.83918464],[0.52196813,40.83935821],[0.52235806,40.83936203],[0.52267253,40.83936095],[0.52285874,40.8394618],[0.52297544,40.83963335],[0.52316844,40.83979428],[0.52351165,40.8399626],[0.52396548,40.84020507],[0.52413893,40.84410131],[0.52434611,40.84478796],[0.52434611,40.8454957],[0.52401435,40.84590626],[0.52337444,40.84607685],[0.52263975,40.84624887],[0.52176404,40.84656727],[0.52082002,40.84705913],[0.52012992,40.84745324],[0.51971245,40.84777546],[0.51948941,40.84806335],[0.51928735,40.84835887],[0.51903403,40.84872508],[0.51869524,40.84919047],[0.51842415,40.8496592],[0.51820564,40.85003436],[0.51803422,40.85033715],[0.51786184,40.85059905],[0.51771116,40.85080516],[0.51752222,40.85093284],[0.51728773,40.85105801],[0.51706684,40.85135472],[0.516819,40.85187912],[0.51649106,40.85242236],[0.51622415,40.85288024],[0.51598465,40.85318232],[0.5157212,40.85386491],[0.51539445,40.85440004],[0.51513505,40.85476351],[0.51487362,40.85507965],[0.51451361,40.85550368],[0.51399553,40.85609651],[0.51354527,40.85669863],[0.51316166,40.85719502],[0.51290166,40.8575567],[0.51264667,40.85788155],[0.51229393,40.85828912],[0.51180792,40.85878837],[0.51144814,40.85920537],[0.5111804,40.85954237],[0.51091456,40.85988927],[0.51058126,40.8602761],[0.51031625,40.86062086],[0.51010025,40.86091375],[0.50992608,40.86118126],[0.50974202,40.86144936],[0.50957096,40.86175895],[0.50938118,40.86217296],[0.50919235,40.86269557],[0.50895703,40.86318576],[0.50891805,40.86621094],[0.50854945,40.86649001],[0.50851274,40.87024307],[0.50827527,40.87126184],[0.50808024,40.87239075],[0.50787711,40.87313092],[0.50769734,40.87349391],[0.50755811,40.87372851],[0.50757015,40.87406933],[0.5076884,40.87474728],[0.50770295,40.8757894],[0.50756431,40.87676895],[0.50736928,40.87765503],[0.50711668,40.8783499],[0.5070343,40.8811661],[0.50680113,40.88185835],[0.50661886,40.88267386],[0.50644183,40.88342595],[0.50627661,40.88413346],[0.50604117,40.88471866],[0.50567853,40.88529372],[0.50515366,40.88588083],[0.50470006,40.88637245],[0.50431752,40.88678765],[0.50406384,40.88711858],[0.50382054,40.88743484],[0.50346875,40.88784695],[0.50292528,40.88839686],[0.50238287,40.88896322],[0.50185752,40.88950372],[0.50153196,40.88986683],[0.50127137,40.890064],[0.50088954,40.89023626],[0.50036228,40.89049315],[0.4998033,40.89076221],[0.49924958,40.89104533],[0.49878705,40.89125085],[0.49839854,40.89140284],[0.4980365,40.89149952],[0.49734914,40.89196062],[0.49684811,40.89216256],[0.49629903,40.89243603],[0.49574733,40.89270914],[0.49517202,40.89300871],[0.49461424,40.89327657],[0.49408591,40.8935343],[0.49369717,40.89371145],[0.49344993,40.89389813],[0.49321473,40.89419353],[0.49290073,40.89457786],[0.49264932,40.89493406],[0.49243152,40.89524567],[0.49219286,40.89554358],[0.49181592,40.89582872],[0.49132776,40.89608097],[0.49078751,40.89634764],[0.49031937,40.8965466],[0.4899255,40.89670682],[0.48955941,40.89683807],[0.48919404,40.89698017],[0.48882496,40.89711273],[0.48846626,40.89724934],[0.48814631,40.89735556],[0.48787844,40.89745736],[0.48801315,40.89768255],[0.48763192,40.89785326],[0.48708165,40.89814782],[0.48641574,40.89863491],[0.48597455,40.89910805],[0.48576236,40.89957571],[0.48577523,40.90010095],[0.48593605,40.90059102],[0.48609388,40.90107906],[0.48794794,40.90255034],[0.48869216,40.90285861],[0.48965895,40.90323305],[0.49073911,40.90350151],[0.49173212,40.90370047],[0.49271023,40.90390003],[0.49348176,40.90415275],[0.49403381,40.90435755],[0.49458838,40.90453136],[0.49528646,40.90467227],[0.49601257,40.90478575],[0.49675822,40.90478623],[0.49739957,40.90467048],[0.49796891,40.90451872],[0.49846494,40.90432656],[0.50210047,40.90429676],[0.50246894,40.90401781],[0.50569284,40.90405285],[0.50659263,40.90419745],[0.50753212,40.90430534],[0.50812101,40.90446877],[0.50846255,40.90479195],[0.50880086,40.90530658],[0.50906396,40.90592086],[0.5091933,40.90653574],[0.50900555,40.90724564],[0.50848723,40.90800571],[0.50792825,40.90871692],[0.50738835,40.90931904],[0.50705814,40.90969086],[0.50680065,40.90988135],[0.50642884,40.91004622],[0.5059123,40.91029561],[0.50533426,40.91055906],[0.50466776,40.91085505],[0.50395811,40.91112947],[0.50328982,40.91142642],[0.50270367,40.91169524],[0.50216877,40.91195953],[0.50178134,40.91214144],[0.50157475,40.91230488],[0.50148475,40.91250181],[0.50139654,40.91261256],[0.50088418,40.91280842],[0.50034261,40.91306674],[0.49986196,40.91331542],[0.49946535,40.91361606],[0.49914205,40.91397321],[0.49878275,40.91438115],[0.49843395,40.91481018],[0.49801826,40.91533005],[0.4975661,40.91597307],[0.49705374,40.91670585],[0.49670303,40.91736424],[0.49645567,40.91782343],[0.49620497,40.91821134],[0.49583364,40.91869104],[0.49538517,40.91928184],[0.49481106,40.91991663],[0.49426818,40.92049193],[0.49374163,40.92102706],[0.49339771,40.92143822],[0.49310792,40.92179692],[0.49268842,40.92222857],[0.49204946,40.92271185],[0.49151123,40.92301226],[0.49113297,40.92318892],[0.49111342,40.92458403],[0.49039781,40.92522681],[0.48982275,40.92579818],[0.48926425,40.92635596],[0.48882544,40.92683566],[0.48844671,40.92725742],[0.48818755,40.92759883],[0.48798335,40.92788768],[0.48781431,40.92816162],[0.48763144,40.92843485],[0.48746395,40.92870545],[0.48728454,40.92896497],[0.48710716,40.92922068],[0.48685086,40.92953002],[0.48647416,40.93002915],[0.48601174,40.93082714],[0.48582327,40.93171477],[0.48592651,40.93231285],[0.48612034,40.93265498],[0.48633873,40.93291128],[0.48652887,40.93320405],[0.48672545,40.93361294],[0.48690271,40.93412185],[0.48708153,40.93454945],[0.48721445,40.9348942],[0.48748195,40.93508816],[0.48761261,40.93538284],[0.48784447,40.93576586],[0.48821116,40.93633223],[0.48871422,40.93704903],[0.48908067,40.93775094],[0.48932362,40.93834281],[0.48949444,40.93891466],[0.48967242,40.9394592],[0.48984194,40.94003201],[0.49003327,40.94057417],[0.49021935,40.94108832],[0.49043202,40.94148314],[0.49062645,40.94187772],[0.49076176,40.9425168],[0.49067056,40.9434576],[0.49033654,40.94429612],[0.48995852,40.94493043],[0.48957062,40.94540667],[0.48929513,40.94575095],[0.48909497,40.94603014],[0.48896861,40.94629347],[0.4868741,40.94793928],[0.48660123,40.94832683],[0.48626316,40.94873357],[0.48600495,40.94908857],[0.48580468,40.94937825],[0.48562825,40.94959152],[0.48535061,40.94970286],[0.48496521,40.94976616],[0.48465073,40.94995201],[0.48437703,40.95045805],[0.48405194,40.95144355],[0.48379362,40.95294035],[0.48562503,40.95467424],[0.48587334,40.95497692],[0.48621798,40.95523751],[0.48653781,40.95540285],[0.48673105,40.95555127],[0.48684752,40.95572185],[0.48705244,40.95588362],[0.48746276,40.95606875],[0.48806608,40.95631921],[0.48870254,40.95653343],[0.48926246,40.95674396],[0.49375618,40.95668244],[0.49401951,40.95654285],[0.49433541,40.95654285],[0.49459863,40.95668244],[0.50062645,40.95675206],[0.50081074,40.95689166],[0.50081074,40.95703125],[0.50334001,40.95703125],[0.50334001,40.95717072],[0.50383234,40.95730102],[0.50444782,40.95728242],[0.5046941,40.95720792],[0.50481606,40.95703125],[0.50486433,40.95703125],[0.50474811,40.95652092],[0.50455165,40.95565856],[0.50392664,40.95542443],[0.50253153,40.95532465],[0.50199854,40.95516026],[0.49767828,40.95507812],[0.4973098,40.95479906],[0.49374497,40.95482993],[0.49296725,40.95502055],[0.49204516,40.9551686],[0.49113154,40.95527816],[0.49021924,40.95527863],[0.48949516,40.95519984],[0.48889375,40.95516241],[0.48833644,40.95512247],[0.48773408,40.95496213],[0.48714745,40.95479286],[0.48662055,40.95458984],[0.4859879,40.95425856],[0.48512435,40.95370054],[0.48496461,40.95047426],[0.48846555,40.94782364],[0.48883402,40.94782364],[0.49072015,40.94646704],[0.49098527,40.94639516],[0.49118292,40.94625735],[0.49134052,40.94604206],[0.49153018,40.94578123],[0.49171436,40.94545674],[0.49186897,40.94497192],[0.49187005,40.94427395],[0.49171627,40.94350421],[0.49152815,40.94267285],[0.49132288,40.94198585],[0.49114025,40.94139338],[0.49094796,40.94086337],[0.49077165,40.94027531],[0.49058056,40.93959045],[0.49040377,40.93873978],[0.49021232,40.93789876],[0.49003518,40.93708527],[0.48984337,40.93653405],[0.48966694,40.93619776],[0.48947656,40.93593645],[0.48930275,40.93567836],[0.48911238,40.93540823],[0.48892367,40.93513036],[0.48868871,40.93485022],[0.48854196,40.93451834],[0.48810565,40.9340862],[0.48782015,40.93373334],[0.48761082,40.93344021],[0.48743856,40.93316722],[0.48724258,40.93289614],[0.48705792,40.93262422],[0.4869045,40.93234921],[0.48690462,40.93205571],[0.48705781,40.93171251],[0.48724031,40.93131161],[0.48743176,40.93090665],[0.48760295,40.93046725],[0.48783231,40.92995322],[0.48818481,40.92927825],[0.48872244,40.92852962],[0.48926985,40.92780006],[0.48987186,40.92707384],[0.49041951,40.92638826],[0.49095786,40.92578697],[0.49131262,40.9253726],[0.49154437,40.92508078],[0.49171126,40.92478752],[0.49187708,40.92437375],[0.49200165,40.92379606],[0.49291205,40.92309177],[0.49316573,40.92296326],[0.49340081,40.92264235],[0.49373245,40.92204344],[0.49426174,40.92135882],[0.49480832,40.92075205],[0.49538553,40.92018342],[0.49584043,40.91970754],[0.49622452,40.91928995],[0.49648082,40.91893327],[0.49667704,40.91858161],[0.49683952,40.91820097],[0.49704266,40.91784406],[0.49730551,40.91746223],[0.49767005,40.91698575],[0.49803054,40.91645992],[0.49842155,40.91595817],[0.4987781,40.91549563],[0.49915588,40.91500211],[0.49949324,40.91452777],[0.49985671,40.91419113],[0.50017595,40.91401637],[0.50039935,40.91385686],[0.50060976,40.91360593],[0.50091803,40.91327286],[0.50133526,40.91321826],[0.50173211,40.91301537],[0.50218511,40.91280353],[0.50272226,40.91252947],[0.50329745,40.91226053],[0.50395894,40.91196537],[0.50466681,40.91169214],[0.50533354,40.91139674],[0.50591242,40.91113281],[0.50642991,40.91088104],[0.50680256,40.91071081],[0.50705814,40.91051626],[0.50737917,40.91016114],[0.50789964,40.90963173],[0.50844765,40.90905654],[0.50903678,40.90841925],[0.50950134,40.90778363],[0.50984812,40.90715265],[0.50993955,40.90653038],[0.50982785,40.90597224],[0.50967884,40.90541565],[0.50944722,40.90488887],[0.50894487,40.90431166],[0.50787544,40.9037379],[0.50638485,40.90333033],[0.5057857,40.90318084],[0.50246894,40.90318084],[0.50210047,40.90345967],[0.49846494,40.90348935],[0.49796891,40.90368164],[0.49739957,40.90383351],[0.49675822,40.90394914],[0.49601257,40.9039489],[0.49528635,40.90383553],[0.49458826,40.90369415],[0.49403346,40.90351975],[0.49348187,40.90331352],[0.49271262,40.90306091],[0.49173892,40.90286922],[0.49074686,40.90269315],[0.48964715,40.90245473],[0.48861313,40.90204775],[0.48776746,40.90148008],[0.48712063,40.90056753],[0.48696816,40.899526],[0.48724473,40.89886546],[0.48760295,40.8986057],[0.48783874,40.89847362],[0.48797691,40.89832866],[0.48816204,40.89819574],[0.48845613,40.89807928],[0.48881614,40.8979516],[0.4891957,40.89785278],[0.4895606,40.89763844],[0.48992527,40.89753854],[0.49031603,40.89738333],[0.49077415,40.8971796],[0.49130344,40.89691925],[0.49181116,40.89671135],[0.49337637,40.89537776],[0.49346745,40.89487493],[0.49367726,40.89456403],[0.49407125,40.8943541],[0.49460924,40.89410126],[0.49516988,40.89384425],[0.49574375,40.89355266],[0.496297,40.89328015],[0.49686384,40.89298391],[0.49741113,40.89271355],[0.49794495,40.89244294],[0.49839544,40.8922466],[0.4988023,40.89207196],[0.49925888,40.89187205],[0.49980557,40.89159632],[0.50036216,40.89133024],[0.50088966,40.89107347],[0.50127292,40.89090025],[0.50153291,40.89070344],[0.50185156,40.89034522],[0.50235915,40.88981724],[0.50288403,40.88926208],[0.50346828,40.88868046],[0.50404167,40.88810957],[0.50474977,40.88747311],[0.50486433,40.88685823],[0.50666785,40.88557553],[0.50680161,40.88516474],[0.50698137,40.88453567],[0.50715935,40.88361955],[0.50735247,40.88271606],[0.50752795,40.88180983],[0.50771844,40.88098455],[0.50790715,40.88016462],[0.50814188,40.87948597],[0.50828028,40.87666595],[0.50842977,40.87575495],[0.50842035,40.87474775],[0.50829566,40.87406766],[0.50827312,40.87369573],[0.50842977,40.87342143],[0.50872195,40.87309921],[0.50917637,40.87268746],[0.50928652,40.86649001],[0.50965512,40.86621094],[0.50969505,40.86315835],[0.50992894,40.86288238],[0.51011455,40.86256635],[0.51029873,40.86214936],[0.51047015,40.86163867],[0.5106858,40.86119795],[0.51095402,40.86081076],[0.51129281,40.86042464],[0.51155543,40.86009085],[0.51178455,40.85979044],[0.51204121,40.85945654],[0.51241767,40.85903895],[0.51286221,40.85853875],[0.51342464,40.85791206],[0.51396656,40.85724914],[0.51455617,40.85660136],[0.51509833,40.85598898],[0.51566076,40.85529351],[0.51610518,40.85459256],[0.51648211,40.854038],[0.51673877,40.85362363],[0.51696706,40.85318255],[0.51722646,40.85262024],[0.51755965,40.85208237],[0.51782835,40.85163832],[0.51809192,40.85142303],[0.51822531,40.85114396],[0.51840508,40.85086501],[0.51858318,40.85058606],[0.51877785,40.85030711],[0.51895654,40.85002816],[0.51915002,40.84974861],[0.51932895,40.84946752],[0.51951933,40.84918535],[0.51968133,40.84890735],[0.51983261,40.84864807],[0.51996481,40.84842551],[0.52023494,40.84821403],[0.52083266,40.84788775],[0.52174521,40.84740615],[0.52261102,40.84706151],[0.52334833,40.84685636],[0.52404785,40.84672725],[0.52457404,40.84660423],[0.52492917,40.84650552],[0.52518535,40.84640646],[0.52509391,40.84316754],[0.52485704,40.84246945],[0.52466691,40.84164226],[0.52447772,40.84087455],[0.52431583,40.84017837],[0.52415693,40.83971322],[0.52401245,40.83944905],[0.52375233,40.83927202],[0.52325296,40.83903694],[0.52259004,40.83869255],[0.52209091,40.83844137],[0.52183092,40.83824706],[0.52168608,40.83802176],[0.52152574,40.83776581],[0.52136087,40.83750582],[0.52117026,40.83724046],[0.5209918,40.83690345],[0.52079892,40.83635652],[0.52062201,40.83555305],[0.52043176,40.83471692],[0.52025795,40.83382797],[0.52006757,40.83300054],[0.51987886,40.83217585],[0.5196439,40.83149385],[0.51956534,40.82918346],[0.51933241,40.82859385],[0.5191468,40.82791615],[0.51895762,40.82729757],[0.51877201,40.82672501],[0.51853895,40.8262434],[0.51833451,40.82326984],[0.51796174,40.82253182],[0.51785254,40.82178915],[0.51797402,40.82116675],[0.51815855,40.82058632],[0.51840913,40.82001352],[0.51877368,40.8193295],[0.51932013,40.81858492],[0.51987541,40.81786394],[0.52046466,40.81716371],[0.52092922,40.81653488],[0.52127552,40.81597841],[0.52135742,40.81549156],[0.52121496,40.81506753],[0.52102101,40.81464767],[0.52090931,40.8144294],[0.52081561,40.81424594],[0.52063656,40.81385195],[0.5204252,40.81349564],[0.52015805,40.81309474],[0.51978743,40.81254351],[0.51942086,40.8118993],[0.51904654,40.81134915],[0.51877677,40.81094813],[0.51857746,40.81058514],[0.51845026,40.81017077],[0.51745462,40.80933094],[0.51732874,40.8090322],[0.51710296,40.80864716],[0.51673877,40.80809236],[0.51604176,40.80718815],[0.51575196,40.80679143],[0.51536083,40.80628753],[0.51510155,40.80592227],[0.51488495,40.80562675],[0.51464653,40.80534995],[0.51431036,40.80510855],[0.51398468,40.8049314],[0.51373768,40.80468142],[0.51348901,40.80426955],[0.51316166,40.80381215],[0.51289976,40.80343986],[0.51268995,40.80314445],[0.51252305,40.80287695],[0.51232493,40.80259585],[0.51206911,40.80225766],[0.51169085,40.80183625],[0.51125193,40.80135644],[0.51069295,40.80079818],[0.51011813,40.80022681],[0.50940251,40.79958391],[0.50916958,40.79918766],[0.50846434,40.79855263],[0.50789833,40.79798758],[0.50732744,40.79742003],[0.50680566,40.79687715],[0.50623584,40.79631186],[0.50570655,40.79577291],[0.50513065,40.79521656],[0.50459385,40.79467106],[0.50400543,40.79403591],[0.50346351,40.79327643],[0.50292647,40.79231191],[0.50257325,40.79125822],[0.50234354,40.79045868],[0.50217223,40.78987277],[0.5019809,40.78947914],[0.50179982,40.78915274],[0.50164914,40.78874993],[0.50164926,40.7882508],[0.50179064,40.78782785],[0.50193524,40.78748465],[0.50428236,40.78576577],[0.50479031,40.78555942],[0.50531948,40.78530145],[0.50577748,40.78509867],[0.50616765,40.78493512],[0.50653195,40.78480315],[0.50689411,40.78466284],[0.50725985,40.78453124],[0.50762832,40.78438652],[0.50799704,40.78425252],[0.50836325,40.78410721],[0.50872457,40.78397322],[0.5090847,40.78382814],[0.50946522,40.78369415],[0.50991631,40.78354895],[0.51047623,40.78341508],[0.51111543,40.78327],[0.51185536,40.78313601],[0.51258886,40.78299093],[0.51335502,40.78285706],[0.51408684,40.78271306],[0.51482308,40.78258145],[0.51545811,40.78243744],[0.5160253,40.78229451],[0.51652133,40.78211653],[0.51706815,40.78193498],[0.51752222,40.78163111],[0.51786435,40.78153145],[0.51804197,40.7814368],[0.51813078,40.78125],[0.51871085,40.78125],[0.51887345,40.78073084],[0.51946735,40.78005195],[0.51985121,40.77955484],[0.52026284,40.77930546],[0.52091575,40.77918971],[0.52171636,40.77907836],[0.52264285,40.77896237],[0.52349842,40.77880585],[0.52432644,40.77860403],[0.52503431,40.77832675],[0.52560306,40.77805185],[0.52614856,40.77775121],[0.52672434,40.77747667],[0.52743721,40.77720094],[0.52824056,40.77700257],[0.52899325,40.77684855],[0.52973604,40.77672112],[0.53039825,40.77656186],[0.53104842,40.77635884],[0.5316509,40.77609706],[0.53212392,40.77589047],[0.53250825,40.77572358],[0.532866,40.77559066],[0.53322423,40.77545965],[0.53358626,40.77536225],[0.53400016,40.77515388],[0.53426528,40.77513111],[0.53446138,40.7750169],[0.53461278,40.77467895],[0.53478861,40.77392411],[0.53496075,40.77272522],[0.53515208,40.77153265],[0.53532946,40.77035928],[0.53552115,40.76939344],[0.53569758,40.76849365],[0.53588915,40.76767802],[0.53606606,40.76687312],[0.53625596,40.76626694],[0.53642643,40.76581025],[0.53660405,40.76542234],[0.53677154,40.76500034],[0.53700685,40.76448643],[0.53736818,40.76380086],[0.53789222,40.76305902],[0.53834975,40.76241517],[0.53874385,40.76191592],[0.53900576,40.7615602],[0.53920853,40.76127803],[0.53938711,40.76101196],[0.53961051,40.76074445],[0.53976011,40.76041198],[0.54016924,40.75989664],[0.54043055,40.75948596],[0.54066896,40.7592504],[0.54098713,40.75906324],[0.54132128,40.75874245],[0.5415616,40.75829971],[0.54314113,40.75700486],[0.5434978,40.75690377],[0.54385603,40.75676775],[0.5442363,40.7566328],[0.54468954,40.75648534],[0.54525435,40.75635052],[0.54589474,40.7562052],[0.54660678,40.75607133],[0.54724145,40.75592625],[0.54784441,40.75579226],[0.548473,40.7556473],[0.54919684,40.75551343],[0.54991913,40.75536835],[0.55067515,40.75523424],[0.55140138,40.75508916],[0.55215764,40.75495541],[0.55287993,40.75481021],[0.55360401,40.75467622],[0.55423272,40.75453103],[0.55483544,40.75439727],[0.55546856,40.75425327],[0.55617702,40.75412154],[0.55681312,40.75397754],[0.55738533,40.75383472],[0.55788457,40.75365674],[0.55888426,40.75359774],[0.55938756,40.75341976],[0.55996752,40.75327683],[0.56061232,40.75313246],[0.56130886,40.75300074],[0.56185901,40.75285733],[0.56226683,40.75272572],[0.56261635,40.75258446],[0.56296396,40.7524513],[0.56335342,40.75228691],[0.56384182,40.75208986],[0.56443608,40.75185275],[0.56497145,40.75168002],[0.56532431,40.75148344],[0.56566823,40.75112486],[0.56620121,40.75057507],[0.56681955,40.74994504],[0.56755674,40.74924421],[0.56819177,40.74861574],[0.56880903,40.74801636],[0.56935537,40.7474637],[0.56989515,40.74692821],[0.57022774,40.74651742],[0.57034743,40.74620986],[0.57026756,40.74593961],[0.57046962,40.74557495],[0.57060254,40.74501598],[0.57078183,40.74459851],[0.57095945,40.74421275],[0.57115352,40.74366057],[0.57133126,40.74293315],[0.57152283,40.74238932],[0.57169867,40.74204373],[0.57188821,40.74172068],[0.57206166,40.74124587],[0.57225132,40.7404983],[0.57243931,40.73947096],[0.57267356,40.73855972],[0.57281983,40.73518384],[0.57325566,40.73413396],[0.57354081,40.73298824],[0.57374907,40.73201621],[0.57391524,40.73113382],[0.57409668,40.73038757],[0.57426691,40.72965765],[0.57445073,40.72898078],[0.57462156,40.72832406],[0.57483184,40.72783315],[0.57509935,40.72742403],[0.57546937,40.72695506],[0.57583344,40.72644162],[0.57620347,40.72596586],[0.57647085,40.72556066],[0.57668102,40.72512603],[0.57685125,40.72462165],[0.57703507,40.7242068],[0.57720852,40.72389245],[0.57739937,40.72362494],[0.57757747,40.72337294],[0.57777166,40.72311544],[0.57794952,40.72279561],[0.57812881,40.72229505],[0.57826185,40.72155654],[0.57855153,40.72112346],[0.57868445,40.72085774],[0.57886374,40.7205832],[0.57904124,40.72026467],[0.57923532,40.71984255],[0.57941318,40.71933067],[0.5796051,40.71891356],[0.57978225,40.71860564],[0.5799731,40.71833611],[0.58014393,40.71803117],[0.58031857,40.71762013],[0.58047438,40.71710885],[0.58068872,40.71665871],[0.58104706,40.71624994],[0.58241296,40.71553123],[0.58269894,40.71540892],[0.58356094,40.71505356],[0.58394396,40.71489811],[0.58429778,40.71476996],[0.58465445,40.71463108],[0.58501816,40.7145015],[0.58538532,40.71435738],[0.58575332,40.71421444],[0.58612132,40.71403611],[0.5864979,40.71396995],[0.58694041,40.71370316],[0.58714235,40.71358144],[0.58779502,40.71322203],[0.58850396,40.71281862],[0.58913445,40.71248746],[0.58971024,40.71218562],[0.59024656,40.71192265],[0.59081864,40.71161771],[0.59144306,40.71127856],[0.5924685,40.71070921],[0.59283996,40.71052325],[0.59358442,40.71022773],[0.59435713,40.71002901],[0.59501004,40.70987451],[0.59561634,40.70974731],[0.59624362,40.70960784],[0.59694087,40.70947576],[0.59757245,40.70933104],[0.59818113,40.70919681],[0.59881282,40.70905125],[0.59950972,40.70891631],[0.60013401,40.70876884],[0.60073435,40.70863402],[0.60138404,40.70849776],[0.60217881,40.70839667],[0.60273814,40.70817685],[0.6038419,40.70807564],[0.60486686,40.70793927],[0.60598242,40.70780456],[0.60706091,40.70765853],[0.60818446,40.70752573],[0.60917497,40.70738125],[0.61010015,40.70723855],[0.61086082,40.70706058],[0.61956084,40.70709026],[0.62031066,40.70745361],[0.62103236,40.70774364],[0.62165976,40.70801747],[0.62213373,40.70821381],[0.62251401,40.7083708],[0.62286878,40.70850003],[0.62322664,40.70863998],[0.62359095,40.70877194],[0.62395823,40.7089169],[0.62432611,40.70905113],[0.62469375,40.70919633],[0.62506115,40.70933032],[0.62542856,40.70947528],[0.62579632,40.70960927],[0.62616408,40.70975471],[0.62653124,40.70988882],[0.62689495,40.71003342],[0.62725306,40.71016502],[0.62761104,40.71030545],[0.62799895,40.71043718],[0.62848043,40.71060085],[0.62908936,40.71080375],[0.62971413,40.71106148],[0.63026273,40.71126795],[0.63062715,40.71145725],[0.63118577,40.71155715],[0.63167334,40.71171296],[0.6321789,40.71191943],[0.63278675,40.71218336],[0.63339364,40.71238971],[0.63387418,40.71255434],[0.63425684,40.71268594],[0.63460934,40.71282613],[0.63498652,40.71295762],[0.6354413,40.71310222],[0.63598764,40.71323633],[0.63654315,40.71338165],[0.63708937,40.71351564],[0.63754487,40.71366072],[0.63792515,40.71379447],[0.63828385,40.71393967],[0.63866925,40.71407366],[0.63912463,40.71421886],[0.63963866,40.71435261],[0.64009607,40.71449661],[0.64051092,40.71462834],[0.64096475,40.71477234],[0.64148593,40.71491516],[0.64198732,40.71509326],[0.64269614,40.71515214],[0.64305913,40.71533024],[0.64341915,40.71547306],[0.64378071,40.71561706],[0.64416707,40.71574891],[0.64462554,40.71589291],[0.64517212,40.71602654],[0.64572716,40.71617174],[0.64627385,40.71630573],[0.64673245,40.71645093],[0.64711857,40.7165848],[0.64747715,40.71672976],[0.64783096,40.71686375],[0.64819014,40.71700895],[0.64857507,40.71714282],[0.64902782,40.71728778],[0.64956152,40.71742177],[0.65010822,40.71756685],[0.6506989,40.71770072],[0.65133893,40.71784604],[0.65205002,40.71798086],[0.65268445,40.71812832],[0.65326703,40.71826315],[0.6538192,40.71839952],[0.65441215,40.71850038],[0.65485597,40.71872056],[0.65545785,40.71882153],[0.65601325,40.71895754],[0.65657032,40.71909261],[0.65711105,40.71923995],[0.65766787,40.71937501],[0.65821135,40.71952033],[0.65876985,40.71965396],[0.65931356,40.71979904],[0.65987205,40.71993303],[0.66041565,40.72007811],[0.66097415,40.7202121],[0.66151798,40.72035706],[0.66207731,40.72049105],[0.66262186,40.72063613],[0.66317952,40.72077012],[0.66371465,40.72091508],[0.66425204,40.72104907],[0.66477525,40.72119427],[0.66538441,40.72132814],[0.66619384,40.72147214],[0.66730225,40.72160375],[0.66848624,40.72174776],[0.66975212,40.72189057],[0.67080343,40.72206855],[0.67271054,40.72212756],[0.67348313,40.72230566],[0.674371,40.72244847],[0.67518687,40.72259247],[0.67596757,40.72272432],[0.67667663,40.72286832],[0.67736888,40.72300208],[0.67798042,40.72314727],[0.67867756,40.72328115],[0.67968178,40.72342515],[0.68102646,40.72355676],[0.68212771,40.723701],[0.68296444,40.72384381],[0.68359673,40.72402167],[0.68919396,40.72402191],[0.69024944,40.72384381],[0.69143724,40.72370076],[0.69233954,40.72355628],[0.69298792,40.72342432],[0.69351792,40.72328115],[0.69405174,40.72315204],[0.69457626,40.72301626],[0.69510555,40.72288775],[0.69560564,40.72270763],[0.6961714,40.72243714],[0.69685364,40.72205734],[0.69748914,40.72174561],[0.70196903,40.71829844],[0.70206606,40.71809936],[0.70225656,40.71795094],[0.70255923,40.71782768],[0.7029165,40.71766686],[0.703125,40.71763384],[0.703125,40.71735477],[0.70324695,40.71737277],[0.70367408,40.71715033],[0.70422506,40.71686697],[0.70496583,40.71643293],[0.70578015,40.71594644],[0.70664155,40.71541417],[0.70734131,40.7150712],[0.70803726,40.71487772],[0.70890617,40.71475494],[0.70979333,40.71462524],[0.71073055,40.71449804],[0.71162164,40.71435404],[0.71260393,40.71421945],[0.71368885,40.71407366],[0.71499884,40.71393955],[0.71627021,40.71379447],[0.71750486,40.71366072],[0.7183876,40.71351576],[0.71910322,40.71338177],[0.71998072,40.71323645],[0.72117662,40.71310151],[0.72233701,40.71295416],[0.72350764,40.71281934],[0.72463405,40.71268296],[0.72593403,40.71258211],[0.72663951,40.71236205],[0.72791863,40.71226084],[0.72894704,40.71212471],[0.72987056,40.71198988],[0.73065674,40.71184373],[0.73146164,40.71171093],[0.73235345,40.71156657],[0.73339295,40.71142375],[0.73430061,40.71124601],[0.74091053,40.71113682],[0.74117291,40.71097732],[0.74148774,40.71089757],[0.74175012,40.71073806],[0.75291157,40.71059752],[0.75366998,40.71023488],[0.75439811,40.70994961],[0.75501263,40.70968926],[0.75541484,40.70950913],[0.75564206,40.70932984],[0.75584555,40.70909238],[0.75615394,40.70885611],[0.75646865,40.70869601],[0.75673604,40.70850003],[0.75707126,40.70814002],[0.75755274,40.70762718],[0.75795317,40.70713234],[0.76053095,40.70517266],[0.76131022,40.70475876],[0.76215196,40.70426226],[0.76278496,40.70392585],[0.76324236,40.70371032],[0.76368737,40.70351577],[0.76417887,40.70327365],[0.76461923,40.70307982],[0.76502705,40.70290196],[0.76550925,40.70270026],[0.76614368,40.70242357],[0.76684606,40.70215166],[0.76747584,40.70187616],[0.76794744,40.70167756],[0.76834714,40.70150352],[0.76881874,40.70130491],[0.76944888,40.70102894],[0.77015424,40.70075464],[0.77079427,40.70047367],[0.77127874,40.70027065],[0.77166247,40.7001121],[0.77201772,40.69998467],[0.77237487,40.69984603],[0.77273858,40.69970536],[0.7731055,40.69952798],[0.77354372,40.69941545],[0.77411127,40.69908536],[0.77457261,40.69887114],[0.77495217,40.69871783],[0.77530992,40.69859374],[0.77569461,40.69843686],[0.77614915,40.69823647],[0.77666056,40.69797957],[0.77711225,40.69777632],[0.77752495,40.69759226],[0.77800262,40.69738925],[0.77860868,40.69713223],[0.77924585,40.69692946],[0.77982295,40.69676554],[0.78035951,40.69663346],[0.78080285,40.69649315],[0.78119886,40.69636154],[0.78164554,40.69621694],[0.78220356,40.69608295],[0.78284085,40.69593751],[0.78355014,40.69580245],[0.78418064,40.69565511],[0.78478253,40.69552004],[0.78543162,40.69538403],[0.78622556,40.69528306],[0.78669906,40.69503343],[0.79289377,40.69506288],[0.79339266,40.69524085],[0.79396546,40.69538367],[0.79460442,40.69552791],[0.79531944,40.69565964],[0.79595816,40.69580364],[0.79654241,40.69593716],[0.79708302,40.69608235],[0.79763472,40.69621646],[0.79817522,40.69636178],[0.79873347,40.69649601],[0.79928005,40.69664085],[0.79984295,40.69677246],[0.80038583,40.69691253],[0.80091917,40.69704223],[0.80139017,40.69720137],[0.80185795,40.69740224],[0.80238914,40.69767797],[0.80295706,40.69795012],[0.80361354,40.69824576],[0.80431485,40.69851804],[0.80497086,40.69881284],[0.80554163,40.69908261],[0.80608487,40.69935465],[0.80657637,40.69955671],[0.81033456,40.70245516],[0.81044126,40.7026515],[0.81065023,40.70281041],[0.81097615,40.70297992],[0.81131065,40.70322895],[0.81154025,40.70347202],[0.81177413,40.70364976],[0.81209135,40.7038213],[0.81241608,40.70406806],[0.81264198,40.70430934],[0.81287563,40.70448685],[0.81319368,40.70465875],[0.81351864,40.70490527],[0.81374204,40.70514452],[0.81396842,40.70531595],[0.81427813,40.70548224],[0.81461561,40.70574343],[0.81492317,40.70605624],[0.8153429,40.70637906],[0.81592035,40.70670986],[0.81660783,40.70709312],[0.81716645,40.70736074],[0.81758463,40.70753884],[0.81794476,40.70767534],[0.81829405,40.70783985],[0.81860888,40.70789766],[0.81910777,40.70807564],[0.81968045,40.70821857],[0.82031953,40.70836258],[0.82103455,40.70849442],[0.82167327,40.70863843],[0.82225704,40.70877206],[0.82279766,40.70891714],[0.82335007,40.70905125],[0.8238939,40.70919645],[0.824458,40.70933032],[0.82500458,40.70947528],[0.82553756,40.70960927],[0.82598722,40.70975435],[0.82639217,40.70988846],[0.82684505,40.71003354],[0.82738495,40.71016741],[0.82793772,40.71031225],[0.82848334,40.71044624],[0.82893896,40.71059155],[0.82931793,40.71072662],[0.82967186,40.71087384],[0.83005071,40.71100867],[0.83051205,40.71114504],[0.83107996,40.71124601],[0.83148718,40.71146584],[0.83189738,40.71156716],[0.83236265,40.71170402],[0.83288312,40.71183956],[0.83334124,40.71198547],[0.83372438,40.71211362],[0.83406913,40.71224392],[0.83441842,40.71236885],[0.83485234,40.71256685],[0.83549726,40.71291256],[0.83635128,40.71342742],[0.83709645,40.71384716],[0.83770084,40.71416736],[0.83816314,40.71436357],[0.83852935,40.71450365],[0.83881044,40.71461058],[0.83897984,40.71474791],[0.83909416,40.71492326],[0.83930373,40.71509123],[0.83969462,40.71528125],[0.84020925,40.71553278],[0.84068024,40.71573353],[0.84107995,40.71589744],[0.84144616,40.71603847],[0.84180486,40.71621025],[0.84219992,40.71632016],[0.84290171,40.71665132],[0.84354544,40.71686792],[0.84410894,40.71702576],[0.84466314,40.71715176],[0.84520125,40.71728992],[0.84575582,40.71742141],[0.84629297,40.71756625],[0.84683871,40.7177006],[0.8473742,40.71784592],[0.84797692,40.71797991],[0.84870267,40.71812487],[0.84958625,40.71825886],[0.85040247,40.71840405],[0.85117865,40.71853793],[0.85189915,40.718683],[0.85267425,40.71881676],[0.85348487,40.71896195],[0.85435545,40.71909583],[0.85506904,40.71924114],[0.85570455,40.71937597],[0.85640693,40.71952343],[0.85729241,40.71965826],[0.85822976,40.71979451],[0.8593173,40.7198956],[0.85997462,40.72009563],[0.86063623,40.7201575],[0.86104524,40.72031415],[0.86132383,40.72063386],[0.86166346,40.72111833],[0.86201155,40.72166586],[0.86238921,40.72216117],[0.86267626,40.72253382],[0.8628782,40.72281384],[0.86291552,40.72302794],[0.86273718,40.72318888],[0.86232424,40.72337413],[0.86168444,40.72365618],[0.86088097,40.72394311],[0.85994315,40.72418594],[0.85899353,40.72419572],[0.85836995,40.72396386],[0.85802341,40.7236917],[0.85755742,40.72353673],[0.85680795,40.72354615],[0.85609567,40.72367215],[0.85547543,40.72381544],[0.85491681,40.72397745],[0.85433125,40.72416091],[0.85373914,40.72441578],[0.85363162,40.72479892],[0.85320985,40.72523105],[0.85294175,40.72558844],[0.85273325,40.72589624],[0.8524791,40.72619104],[0.85202563,40.72645104],[0.85142362,40.72661853],[0.85083914,40.72675025],[0.85041654,40.72689545],[0.85041893,40.72718847],[0.8508234,40.72765291],[0.85120046,40.72807217],[0.85145736,40.72838974],[0.85160315,40.72863197],[0.85172355,40.72882366],[0.85906875,40.72879457],[0.86170614,40.72676027],[0.86209631,40.72624123],[0.86263132,40.72566581],[0.86319172,40.72519386],[0.86387146,40.72497666],[0.86449981,40.72516751],[0.86486876,40.72551346],[0.86507726,40.72585011],[0.865188,40.72615981],[0.86305773,40.7277472],[0.86264992,40.72823525],[0.86207092,40.72881913],[0.86143577,40.72944784],[0.86075175,40.73010004],[0.86032867,40.73055625],[0.86008537,40.73084176],[0.85650516,40.73067474],[0.85612035,40.73054564],[0.85572302,40.73053646],[0.85532653,40.73064256],[0.85502327,40.73077774],[0.85501265,40.73096335],[0.85546577,40.73119032],[0.85630822,40.73137617],[0.85737753,40.73154426],[0.85856915,40.73167562],[0.85932505,40.73175132],[0.85961854,40.73168278],[0.85973835,40.73151517],[0.85997283,40.7313627],[0.86039555,40.73124135],[0.86086285,40.73108923],[0.86137915,40.73089111],[0.86201811,40.73061454],[0.86272204,40.73033905],[0.86339092,40.73003805],[0.86397731,40.72976685],[0.86451125,40.7295022],[0.86489761,40.72932017],[0.86510336,40.72915697],[0.86519277,40.72896016],[0.86527956,40.72882807],[0.86579394,40.72859681],[0.86633933,40.72836411],[0.86682177,40.7283504],[0.86720026,40.72863352],[0.86745155,40.72910464],[0.86768043,40.72968185],[0.86782825,40.73017705],[0.86788654,40.73037207],[0.86799765,40.73104417],[0.86772621,40.73176575],[0.86693227,40.73246014],[0.86590815,40.73302352],[0.86490774,40.73355114],[0.86421347,40.73387694],[0.86371613,40.73406208],[0.86323702,40.73418725],[0.86272633,40.73432755],[0.86201251,40.73446405],[0.86090124,40.73457992],[0.85944414,40.73458076],[0.85842872,40.73446572],[0.85786784,40.73432565],[0.85743284,40.73417127],[0.85695207,40.73402405],[0.85647893,40.73384476],[0.85577238,40.73378742],[0.85541093,40.73360944],[0.85502446,40.73346662],[0.85456872,40.7333225],[0.85402894,40.73319077],[0.85347962,40.73304677],[0.85291445,40.73291314],[0.85236812,40.73276794],[0.85180962,40.73263395],[0.8512665,40.73248875],[0.85070765,40.73235476],[0.85016036,40.7322098],[0.84959447,40.73207593],[0.84904671,40.73193073],[0.84851623,40.73179674],[0.84808111,40.73165154],[0.84770834,40.73151791],[0.84727836,40.73137391],[0.84663475,40.73124206],[0.84564078,40.73109806],[0.8442862,40.73095524],[0.84308696,40.73077714],[0.83929813,40.73077714],[0.83866405,40.73095524],[0.83796334,40.73109806],[0.83732855,40.73124242],[0.83671296,40.73137426],[0.8360728,40.73151767],[0.83538902,40.73164904],[0.83485174,40.73178935],[0.83445024,40.73192096],[0.83407176,40.7320857],[0.8336066,40.73229206],[0.8330065,40.7325561],[0.83237541,40.73276234],[0.83178735,40.73291814],[0.83117688,40.73301804],[0.82708764,40.73599231],[0.82669342,40.73617697],[0.82635713,40.73643255],[0.82614481,40.73667097],[0.82593095,40.73683345],[0.82562065,40.73699141],[0.82524085,40.73727596],[0.82481647,40.73770535],[0.82426691,40.73826027],[0.82372796,40.73882294],[0.82313836,40.73940694],[0.82260215,40.73995936],[0.82206357,40.74051094],[0.82166505,40.74099123],[0.81969392,40.74254727],[0.81929481,40.74302852],[0.81875777,40.74357903],[0.81822824,40.74412477],[0.81765234,40.74469376],[0.81711817,40.74524415],[0.81651104,40.74584401],[0.81588256,40.74647605],[0.81518126,40.7471472],[0.81466675,40.74764442],[0.81426847,40.74793816],[0.81396413,40.74808121],[0.81372595,40.74825335],[0.81340504,40.7486037],[0.81288934,40.74913347],[0.81235456,40.74969435],[0.81176746,40.75027895],[0.81123114,40.75083244],[0.81065631,40.75140238],[0.81012857,40.75194824],[0.80956042,40.7525146],[0.80904055,40.75305676],[0.80847144,40.75362396],[0.80790722,40.75418866],[0.80720413,40.7548238],[0.80700052,40.75519836],[0.80625486,40.75586557],[0.80559385,40.75650406],[0.80487215,40.75718701],[0.80425966,40.75779963],[0.80366588,40.75838554],[0.80314076,40.75892985],[0.80257356,40.7594943],[0.80204761,40.76003885],[0.80147553,40.76060724],[0.80094683,40.76115394],[0.80037236,40.76172423],[0.79983735,40.76227593],[0.79925084,40.76285541],[0.79871321,40.76340842],[0.79818511,40.76394105],[0.79784155,40.76434231],[0.79760075,40.76465714],[0.79734766,40.76501358],[0.79696536,40.76550901],[0.79651165,40.76611435],[0.79598558,40.76671696],[0.79562235,40.76715672],[0.79539704,40.76746833],[0.79527152,40.76773512],[0.79474497,40.76817048],[0.79420304,40.76879251],[0.79349685,40.76954544],[0.79286575,40.77028477],[0.79227495,40.77093565],[0.79183424,40.77143276],[0.79147184,40.77183723],[0.79122806,40.77215767],[0.79098773,40.77246976],[0.79063737,40.77289975],[0.79009545,40.77351677],[0.78954911,40.77419376],[0.78900695,40.77481103],[0.78865397,40.7752434],[0.78840506,40.77556431],[0.78814912,40.77589905],[0.78779376,40.77630067],[0.78744125,40.77671266],[0.78708553,40.77711451],[0.78682888,40.77744973],[0.78658044,40.77777016],[0.78623128,40.77819991],[0.78569925,40.77881026],[0.78516316,40.77948153],[0.78459942,40.78011596],[0.78412604,40.78063154],[0.78362262,40.78111374],[0.78357661,40.78125],[0.78346098,40.78125],[0.7833122,40.78147256],[0.78263187,40.78208876],[0.7821573,40.78258443],[0.78179121,40.78299665],[0.78155112,40.78332567],[0.7813133,40.78364062],[0.78096461,40.78404892],[0.78042543,40.78458858],[0.77988184,40.78514421],[0.77932823,40.78570616],[0.77891862,40.78619432],[0.77553046,40.78875792],[0.77515531,40.78885114],[0.77479982,40.78897321],[0.77450335,40.78909171],[0.77428746,40.78926146],[0.7740674,40.78950846],[0.77374172,40.78975987],[0.77342176,40.78993297],[0.77318597,40.79011083],[0.77295613,40.79035413],[0.77262676,40.79060507],[0.77231407,40.79077804],[0.77211714,40.79093623],[0.77197194,40.79111111],[0.77169847,40.79125512],[0.77122927,40.79137194],[0.77068555,40.7915076],[0.77010965,40.79163933],[0.76955485,40.79178476],[0.76899183,40.79191935],[0.76844525,40.79206347],[0.76788294,40.79219532],[0.76733637,40.79233944],[0.76678824,40.79248226],[0.76628625,40.79266024],[0.76562774,40.79271972],[0.76512372,40.79289615],[0.76457214,40.79303658],[0.76402426,40.79317975],[0.76347303,40.79332042],[0.76296878,40.79349673],[0.74805605,40.79349732],[0.74715495,40.79331923],[0.74606585,40.79317641],[0.74497604,40.79303241],[0.74380887,40.79290056],[0.74270987,40.79275656],[0.74162996,40.79262292],[0.74081945,40.79247785],[0.74020338,40.79234374],[0.73967504,40.79219866],[0.73913586,40.79206455],[0.73860204,40.79191947],[0.73804963,40.79178572],[0.73750615,40.79164064],[0.73691976,40.79150665],[0.73627937,40.79136145],[0.73556328,40.79122758],[0.73492146,40.79108274],[0.73433757,40.79094875],[0.73381376,40.79080355],[0.73330808,40.79066837],[0.73281395,40.79052115],[0.73214555,40.79038632],[0.73100388,40.79024994],[0.72918761,40.79014897],[0.72798121,40.78996181],[0.72697556,40.78985691],[0.72659397,40.78964174],[0.72677577,40.78930187],[0.7270745,40.78896225],[0.72736394,40.78864014],[0.72765243,40.78826904],[0.72799015,40.78780615],[0.72824693,40.78733778],[0.72846043,40.78695464],[0.72868025,40.78663266],[0.72901475,40.78635883],[0.72946286,40.7861737],[0.73010564,40.78605461],[0.73097992,40.78606093],[0.73188758,40.78618073],[0.73292386,40.78632224],[0.73410356,40.78647637],[0.73549497,40.78662336],[0.73668051,40.78680241],[0.74050152,40.78680074],[0.74100435,40.78662276],[0.74152708,40.78647995],[0.74198246,40.78633594],[0.74239862,40.78620422],[0.74285734,40.78606021],[0.74337292,40.78592646],[0.74382937,40.78578126],[0.74421644,40.78564727],[0.74457955,40.78550208],[0.74496734,40.78536832],[0.74542713,40.78522325],[0.74594915,40.78508925],[0.74641204,40.78494406],[0.74680614,40.7848103],[0.74717212,40.78466523],[0.74753416,40.78453124],[0.74789953,40.78438616],[0.74826741,40.78425241],[0.74863613,40.78410697],[0.74900484,40.78397214],[0.74937356,40.7838248],[0.74974203,40.78368986],[0.75011051,40.7835536],[0.7504791,40.78345263],[0.75084794,40.78323233],[0.75121701,40.78313112],[0.75158525,40.78299534],[0.75195015,40.7828629],[0.7523092,40.78272045],[0.75266767,40.78258765],[0.75305605,40.78242302],[0.75353932,40.78221691],[0.75415575,40.78195322],[0.75479817,40.78174734],[0.75536704,40.7815907],[0.75587058,40.78148687],[0.75626731,40.78139198],[0.75619102,40.78125],[0.75712681,40.78125],[0.75706673,40.78110695],[0.75746298,40.7810055],[0.75792861,40.78089952],[0.75836766,40.78076243],[0.75880456,40.78062785],[0.75935352,40.78048086],[0.76004136,40.78034592],[0.76068175,40.78020012],[0.76127434,40.78006554],[0.76182711,40.77992058],[0.76239276,40.77979171],[0.7629261,40.77966082],[0.76339078,40.77954435],[0.7636857,40.77937675],[0.76391137,40.77912605],[0.76423776,40.77886093],[0.76463985,40.77867103],[0.76511085,40.77851605],[0.76565731,40.77838695],[0.76620996,40.77824616],[0.76678062,40.77811301],[0.76733112,40.77796567],[0.76786995,40.77783072],[0.76832807,40.77769434],[0.76872814,40.77759325],[0.76903534,40.77737308],[0.76943636,40.77727222],[0.76989746,40.77713597],[0.77044296,40.77700114],[0.77099705,40.77685368],[0.77154314,40.77671874],[0.77200186,40.77657342],[0.77238786,40.77643955],[0.77274644,40.77629447],[0.77309978,40.77616072],[0.77345824,40.77601564],[0.77384424,40.77588165],[0.77430296,40.77573645],[0.77484965,40.77560258],[0.77540493,40.77545762],[0.77595127,40.77532363],[0.7764101,40.77517831],[0.77679682,40.77504385],[0.7771579,40.77489901],[0.77751505,40.77476764],[0.77787185,40.77462947],[0.77823126,40.77450347],[0.77861726,40.77434552],[0.77908194,40.77412903],[0.77965093,40.77379787],[0.78018844,40.77360403],[0.78101873,40.77308893],[0.78170192,40.77272904],[0.78226936,40.77245057],[0.78262162,40.77226734],[0.78265154,40.77208877],[0.78237152,40.77188444],[0.78203321,40.77172542],[0.78180742,40.77156424],[0.78166926,40.77138484],[0.78149104,40.77124858],[0.78123724,40.77116954],[0.77893567,40.76956832],[0.77867746,40.76948535],[0.77849686,40.76934361],[0.77837014,40.76916075],[0.77818966,40.76901901],[0.77793145,40.76893616],[0.77699471,40.76828504],[0.77562952,40.76733625],[0.77537131,40.76725316],[0.77519083,40.76711142],[0.77506375,40.76692867],[0.77488327,40.76678681],[0.77462506,40.76670384],[0.77231824,40.7651],[0.77207148,40.76502645],[0.77191007,40.76490045],[0.77180076,40.76473236],[0.77157605,40.7645539],[0.77108634,40.76427817],[0.77033114,40.76380765],[0.76450014,40.76359212],[0.76418531,40.76343274],[0.76366055,40.76335287],[0.76334548,40.76319361],[0.75964093,40.7631433],[0.75888038,40.76332128],[0.7579565,40.76346421],[0.75696766,40.76360822],[0.75584531,40.76373994],[0.75475943,40.76388395],[0.75361526,40.7640177],[0.75254142,40.76416266],[0.75144053,40.76429677],[0.75045645,40.76444185],[0.74943328,40.76457596],[0.74834371,40.76472104],[0.74713993,40.76485491],[0.74623501,40.76499987],[0.74558878,40.76513386],[0.74506187,40.76527905],[0.74452937,40.76541293],[0.74399745,40.76555777],[0.74344111,40.76569176],[0.74289656,40.76583695],[0.74233866,40.76597214],[0.74179745,40.76611936],[0.7412405,40.76625431],[0.74068511,40.76639044],[0.74008346,40.76649153],[0.73966765,40.76671147],[0.73902404,40.76681244],[0.73837185,40.76694858],[0.73766196,40.76708365],[0.73702586,40.76723087],[0.73643732,40.76736605],[0.73589087,40.76751161],[0.73535705,40.76764548],[0.73490524,40.76779008],[0.73452294,40.76792157],[0.73416734,40.76806176],[0.73380935,40.76819372],[0.73341942,40.76835787],[0.73295856,40.76856315],[0.73243737,40.76882505],[0.73197615,40.76903045],[0.73158276,40.76919556],[0.73121572,40.76932883],[0.7308495,40.76946867],[0.73048282,40.76959205],[0.73013651,40.76971292],[0.72984564,40.76981676],[0.72960556,40.769997],[0.72928095,40.77035511],[0.72876453,40.77088535],[0.72823286,40.77145815],[0.72765195,40.77210414],[0.72711563,40.77278924],[0.72650826,40.77352893],[0.72588062,40.77431488],[0.72517776,40.77512693],[0.72465622,40.77576125],[0.72424424,40.77613676],[0.72393596,40.77630651],[0.72376037,40.77643561],[0.72365236,40.77659047],[0.723459,40.77673984],[0.72308338,40.77691758],[0.72253776,40.77719462],[0.72189307,40.77752996],[0.72112346,40.77797616],[0.72030115,40.77845454],[0.71939755,40.77900612],[0.71859097,40.77947176],[0.71780956,40.77993047],[0.71702111,40.78039324],[0.71609342,40.78099668],[0.71598256,40.78125],[0.71565437,40.78125],[0.71558082,40.78142655],[0.71543336,40.78150105],[0.71521223,40.78151965],[0.71174884,40.78399491],[0.71148956,40.78407598],[0.71127832,40.78423548],[0.71105063,40.78448558],[0.71071661,40.78474271],[0.71040106,40.7849133],[0.71020985,40.78506255],[0.71008885,40.78523731],[0.70985556,40.78543031],[0.70937955,40.78569913],[0.70872283,40.78603923],[0.70815158,40.7861737],[0.70764041,40.78608131],[0.70703948,40.78592026],[0.70628941,40.78578937],[0.70541167,40.78582966],[0.70477557,40.78606784],[0.70445681,40.78637266],[0.70425606,40.78667474],[0.70409691,40.78698278],[0.70396006,40.78733635],[0.70396411,40.78773344],[0.70410645,40.78807604],[0.70425725,40.78833771],[0.70440948,40.78853905],[0.70480823,40.78852892],[0.70518017,40.78868532],[0.70549321,40.78882575],[0.70565844,40.78905046],[0.70563006,40.78939438],[0.70545733,40.78973627],[0.70526361,40.79003596],[0.70505953,40.79031503],[0.70488131,40.79060721],[0.70469546,40.79094815],[0.70452106,40.79133725],[0.70430255,40.79170632],[0.7040323,40.79209435],[0.70369816,40.79254794],[0.70346093,40.79298055],[0.70328414,40.79331696],[0.703125,40.79324782],[0.703125,40.79380584],[0.70296562,40.79373991],[0.70278895,40.79397297],[0.70255172,40.79432881],[0.70221782,40.79485762],[0.70194733,40.7954365],[0.70172822,40.79586828],[0.70155287,40.79618454],[0.70136738,40.79651535],[0.70119393,40.79697168],[0.70100355,40.79759812],[0.70082712,40.79837465],[0.70063436,40.79899442],[0.70045173,40.79945803],[0.70024645,40.79985785],[0.70005834,40.80034983],[0.6999042,40.80104506],[0.6999042,40.80192006],[0.70005834,40.80254936],[0.70024645,40.80291545],[0.70045161,40.80317962],[0.70063412,40.80345345],[0.70082664,40.80379212],[0.70100451,40.80418575],[0.70119846,40.80453706],[0.70137656,40.80483651],[0.70155644,40.80511355],[0.70168984,40.80538595],[0.70220375,40.80580354],[0.703125,40.80580354],[0.703125,40.80608261],[0.70406032,40.80603147],[0.70447564,40.80654883],[0.70490408,40.80715215],[0.70542192,40.80783355],[0.70583332,40.80846524],[0.70617533,40.80896854],[0.70649624,40.80928564],[0.70713806,40.80941427],[0.70828807,40.80938065],[0.70961535,40.80925083],[0.71121287,40.80913055],[0.71336782,40.81070125],[0.71361113,40.81099975],[0.71394968,40.81125701],[0.71427095,40.81142771],[0.71449888,40.81160963],[0.71471536,40.81185615],[0.71504414,40.81207311],[0.71542227,40.81211448],[0.71582472,40.8120501],[0.71631324,40.81210375],[0.71694934,40.81233704],[0.71765673,40.81261396],[0.71832395,40.81292415],[0.71890354,40.81320357],[0.71944165,40.81348038],[0.71988845,40.81367862],[0.7202661,40.81383312],[0.72062755,40.81396115],[0.72102094,40.81412065],[0.7214874,40.81431854],[0.72199786,40.81456351],[0.72238922,40.81474531],[0.72262704,40.81492603],[0.72283173,40.81518817],[0.72313201,40.81552541],[0.72358704,40.81556332],[0.72369397,40.8157655],[0.72380447,40.81596053],[0.72399795,40.81607413],[0.72430265,40.81606782],[0.72466624,40.81600201],[0.72504115,40.81598306],[0.72540975,40.81598055],[0.72577727,40.8160603],[0.72617066,40.81618202],[0.72662997,40.81633222],[0.72714722,40.81647146],[0.7276082,40.8166188],[0.72802591,40.81675315],[0.72847366,40.81689775],[0.72896266,40.81703031],[0.72940135,40.81717122],[0.72987747,40.81729996],[0.73061085,40.81745112],[0.73166478,40.81763077],[0.73268676,40.81788528],[0.73259676,40.82157505],[0.73285401,40.82165945],[0.73310864,40.82174563],[0.73329031,40.82188714],[0.733392,40.82208908],[0.73511755,40.82337606],[0.73650396,40.82348776],[0.73777163,40.82357526],[0.73906791,40.82350123],[0.74002755,40.82325983],[0.74061716,40.82303452],[0.74107015,40.82287455],[0.74148905,40.82285094],[0.74176538,40.82298017],[0.7419455,40.82322013],[0.74215281,40.82350326],[0.74222636,40.83039522],[0.74246144,40.83098638],[0.74265015,40.83171034],[0.74284053,40.83247864],[0.74301446,40.83327198],[0.74320447,40.83381915],[0.74338114,40.83414614],[0.74357295,40.83440363],[0.74374986,40.83472025],[0.74394143,40.83520436],[0.74411845,40.83583105],[0.74431133,40.83632004],[0.74449086,40.83664966],[0.74468434,40.83692265],[0.74485195,40.83723235],[0.74500573,40.83764136],[0.74511445,40.83810151],[0.74529982,40.83839405],[0.74576056,40.83853912],[0.74670565,40.83866906],[0.74803782,40.83883321],[0.74897027,40.83909321],[0.74937153,40.83940732],[0.74953973,40.83977532],[0.74960983,40.84021473],[0.74995625,40.84051895],[0.75001991,40.84082997],[0.74999225,40.84118283],[0.74975836,40.84157765],[0.74950874,40.84192705],[0.74928284,40.84222507],[0.74908757,40.84250176],[0.74885595,40.84277415],[0.75056636,40.84422314],[0.75080442,40.84468281],[0.75118923,40.84504735],[0.75168812,40.84531271],[0.75222278,40.84556413],[0.75261915,40.84574175],[0.75282383,40.84590244],[0.75292754,40.84607792],[0.75309467,40.84622121],[0.75342357,40.84633732],[0.75394821,40.84647381],[0.75464356,40.84661198],[0.75536895,40.84677315],[0.75624263,40.84691894],[0.7573812,40.84701622],[0.75883234,40.84694076],[0.76000178,40.84669697],[0.76075757,40.84647477],[0.76122272,40.84632838],[0.76157308,40.84632504],[0.76191032,40.84644187],[0.76226223,40.84658217],[0.76263773,40.84674442],[0.76305604,40.84692836],[0.76352704,40.84718382],[0.76360023,40.84798217],[0.76383531,40.84857416],[0.76402414,40.84927785],[0.76421487,40.84997475],[0.76438951,40.85065341],[0.76457894,40.85113585],[0.76474977,40.85145414],[0.7649281,40.85170984],[0.76509357,40.85196424],[0.76532257,40.85226262],[0.76567626,40.85266972],[0.76621378,40.85320866],[0.76675665,40.85378361],[0.76734698,40.85443461],[0.76788533,40.85510588],[0.76845658,40.85575688],[0.76896274,40.85633516],[0.76948631,40.85688734],[0.76998818,40.85731685],[0.77074754,40.85761344],[0.77181733,40.85778916],[0.77283895,40.85793185],[0.77378726,40.85805655],[0.77453172,40.85818744],[0.77519393,40.85828674],[0.77557814,40.85850835],[0.77619004,40.85860944],[0.77674985,40.85874546],[0.77728283,40.85888052],[0.7777338,40.85902822],[0.77814734,40.85916412],[0.77861142,40.85931015],[0.77913761,40.85944188],[0.77958894,40.85957623],[0.7799021,40.85968757],[0.78006482,40.85982144],[0.78017032,40.85999441],[0.78042853,40.86020076],[0.781008,40.86053348],[0.78183234,40.86101925],[0.78249001,40.86136234],[0.78293502,40.86156046],[0.78329146,40.86168444],[0.78365946,40.86182964],[0.78410625,40.86202288],[0.78464425,40.86229527],[0.78519285,40.86256337],[0.78575933,40.86285734],[0.78631973,40.86314535],[0.78692412,40.86350214],[0.78736866,40.86361897],[0.78797185,40.86397517],[0.78853095,40.86426151],[0.78909695,40.86455035],[0.78965151,40.86481357],[0.79020977,40.86509717],[0.79068863,40.86535215],[0.79104555,40.86562645],[0.7912575,40.86586606],[0.79147375,40.86603463],[0.79178834,40.86620426],[0.79214466,40.86647427],[0.79246223,40.86678398],[0.79281104,40.86704421],[0.79312098,40.86719835],[0.79336846,40.86737263],[0.79369974,40.86771095],[0.79425704,40.86825824],[0.79489815,40.86896515],[0.79560375,40.86991382],[0.79605997,40.87089741],[0.79631925,40.87163985],[0.79648316,40.87224531],[0.79664195,40.87279344],[0.79676127,40.87340581],[0.79702163,40.8738662],[0.79725862,40.87446475],[0.79759037,40.87485838],[0.7979151,40.87504566],[0.79818761,40.87523675],[0.79852414,40.87559581],[0.79898596,40.87608302],[0.79931557,40.87644744],[0.79957402,40.87663794],[0.79988956,40.87678897],[0.80026853,40.87707424],[0.80069721,40.87753177],[0.80124986,40.87813234],[0.80175924,40.87866461],[0.80224061,40.87890637],[0.80254293,40.87851834],[0.80272758,40.87764943],[0.80299556,40.87705874],[0.80337346,40.87690413],[0.80366051,40.87703228],[0.80384445,40.87734067],[0.80402482,40.87783325],[0.80419374,40.87851465],[0.80437064,40.87924004],[0.80450416,40.88007474],[0.80475664,40.88076735],[0.80500543,40.88198757],[0.80535364,40.88268995],[0.80568445,40.88293946],[0.80589414,40.88305736],[0.80599987,40.88320065],[0.80773687,40.88474572],[0.80764484,40.88498485],[0.80801332,40.88538337],[0.80810535,40.88562262],[0.81044161,40.88755584],[0.81059945,40.88783467],[0.81123126,40.88839281],[0.81138921,40.88867176],[0.81381047,40.89079165],[0.81417143,40.89097202],[0.81496525,40.89112175],[0.81621587,40.89132631],[0.81712616,40.8917284],[0.81752837,40.89225841],[0.81771576,40.89268947],[0.81784844,40.89300215],[0.81801522,40.89327276],[0.81818604,40.89357984],[0.81837881,40.89399612],[0.81855726,40.89450753],[0.81875002,40.89492953],[0.81892836,40.89524746],[0.81912303,40.89552236],[0.81930113,40.89579177],[0.81948102,40.89606595],[0.81961441,40.89634323],[0.82168222,40.89797115],[0.82208765,40.89846945],[0.82260108,40.89900601],[0.82302666,40.89943326],[0.82341051,40.89971244],[0.82372773,40.89986181],[0.82398295,40.90004361],[0.82431138,40.90039754],[0.82479227,40.9009093],[0.82519436,40.90140486],[0.82731426,40.90304124],[0.82742035,40.90616202],[0.82783961,40.90657628],[0.82811677,40.90691853],[0.82837105,40.90724838],[0.82872021,40.90768886],[0.82922482,40.90828097],[0.82966185,40.90883601],[0.83006275,40.90920663],[0.83038282,40.90939033],[0.83057332,40.90953255],[0.83069468,40.90969706],[0.83088458,40.90983784],[0.83119094,40.90995264],[0.83154535,40.91007936],[0.83184874,40.91019475],[0.83203316,40.91033936],[0.83215237,40.91051364],[0.83236372,40.91066742],[0.83276022,40.91083336],[0.83328557,40.91108716],[0.83375871,40.91142237],[0.83411026,40.91199076],[0.83438301,40.91270494],[0.83487225,40.91315377],[0.83572865,40.91335905],[0.83638763,40.91343915],[0.83665287,40.91351748],[0.83684826,40.91372192],[0.83699715,40.91413486],[0.83717215,40.91475344],[0.83735645,40.91554666],[0.83759165,40.91625345],[0.83754015,40.91866982],[0.83808613,40.91877115],[0.83872736,40.91887724],[0.8392657,40.91901433],[0.83968055,40.91914892],[0.84004438,40.91929615],[0.84040344,40.91943193],[0.84077251,40.91957748],[0.84114957,40.91970825],[0.84151542,40.91984165],[0.84182107,40.91995645],[0.84201205,40.92010546],[0.84210885,40.92030692],[0.84426594,40.92201436],[0.84426594,40.92229354],[0.84640515,40.92398405],[0.84664154,40.92427945],[0.8469671,40.92453074],[0.84727156,40.92469501],[0.84751618,40.92488754],[0.84787405,40.92520094],[0.84855115,40.92556858],[0.84937191,40.92581058],[0.85007834,40.92598176],[0.85068107,40.92619455],[0.8511461,40.92661095],[0.85149145,40.9271965],[0.85183406,40.92773473],[0.85208976,40.92817092],[0.85229897,40.92866981],[0.8524698,40.92933905],[0.85264838,40.93003237],[0.85280883,40.93073523],[0.8529942,40.93129694],[0.85322821,40.93175113],[0.85362756,40.93211043],[0.85420263,40.93243051],[0.85491371,40.93281674],[0.85557973,40.93316817],[0.85623527,40.93355441],[0.85661626,40.93358958],[0.85672474,40.93376684],[0.85684645,40.93394101],[0.85707235,40.93408716],[0.85741687,40.93428636],[0.85773146,40.93468452],[0.85780108,40.93523061],[0.8576467,40.93573618],[0.85744071,40.93619335],[0.85726666,40.93660367],[0.85725868,40.93699324],[0.85741186,40.93732727],[0.8576014,40.93767333],[0.85780752,40.9381603],[0.8579905,40.93880308],[0.85818231,40.93936014],[0.85835516,40.93980157],[0.85853994,40.94013667],[0.85871363,40.94045675],[0.85893095,40.94088614],[0.85920346,40.94145775],[0.85955214,40.94198895],[0.85982466,40.94239235],[0.86003065,40.94276047],[0.86016262,40.94317853],[0.86079848,40.94374776],[0.86093104,40.94405675],[0.86113703,40.94442618],[0.86140752,40.94488657],[0.86175025,40.94535017],[0.86201441,40.94574273],[0.86223865,40.94612396],[0.86247838,40.94653428],[0.86282945,40.94686878],[0.86322367,40.94706905],[0.86361122,40.94721711],[0.86398423,40.94734025],[0.86434412,40.94747877],[0.86469054,40.94761121],[0.86503994,40.94775593],[0.86546242,40.94788778],[0.8660984,40.94802833],[0.86700296,40.94816005],[0.86796176,40.94832444],[0.86896384,40.94853091],[0.86976111,40.94879484],[0.87028205,40.94900107],[0.87065756,40.94915712],[0.87099504,40.94925702],[0.87286472,40.95058584],[0.87347662,40.95068407],[0.87403905,40.9508152],[0.87458217,40.95094335],[0.87504888,40.95109665],[0.87545717,40.95128667],[0.87582052,40.95157075],[0.8761245,40.95188355],[0.87646592,40.95214367],[0.87678063,40.95230496],[0.87704146,40.95250285],[0.87737584,40.95287275],[0.87786973,40.95338893],[0.87829971,40.95382977],[0.87869453,40.95412254],[0.87901771,40.95427513],[0.87925053,40.95444024],[0.87948811,40.95474446],[0.87981117,40.9551959],[0.88009095,40.95567572],[0.88036835,40.95609927],[0.88038015,40.95703125],[0.88038325,40.95703125],[0.88029218,40.95910645],[0.88073027,40.95923126],[0.88129652,40.95940137],[0.88190556,40.95965946],[0.88247824,40.95992768],[0.88310325,40.96026385],[0.88384783,40.96067595],[0.88471544,40.96119106],[0.88538694,40.96158206],[0.88580716,40.96189916],[0.88603008,40.96218395],[0.88622236,40.96247137],[0.88646877,40.96281385],[0.88685215,40.96324646],[0.88730192,40.96374154],[0.88783586,40.96428287],[0.88827085,40.96471775],[0.88869202,40.96502733],[0.88910925,40.96525407],[0.88947225,40.96551967],[0.88971627,40.96580935],[0.88991713,40.96609712],[0.89008677,40.96637905],[0.89026082,40.96665823],[0.89039135,40.96693647],[0.89063334,40.96715355],[0.89089894,40.96755731],[0.89128637,40.96806383],[0.89174187,40.96868825],[0.89229405,40.96938348],[0.89274848,40.97001636],[0.89312625,40.97050905],[0.89336288,40.9708091],[0.89355874,40.97094381],[0.89378035,40.97101605],[0.89401555,40.97118056],[0.89435101,40.97153866],[0.89484048,40.97205627],[0.89524817,40.97255588],[0.89729965,40.97421682],[0.89733803,40.97441363],[0.89752924,40.97457707],[0.89807904,40.97475958],[0.89918601,40.97502506],[0.90067792,40.97529483],[0.90182376,40.97558796],[0.90253305,40.97584701],[0.90306365,40.97611415],[0.90350175,40.97637248],[0.90390384,40.97675967],[0.90432334,40.97733235],[0.90485168,40.97801566],[0.90530264,40.97864687],[0.90569401,40.97914994],[0.90595531,40.97950721],[0.90615404,40.97978365],[0.90631962,40.98004127],[0.90652883,40.98032296],[0.90679443,40.98068142],[0.90713572,40.98115611],[0.90740943,40.98169422],[0.91171324,40.98510158],[0.91181934,40.98529506],[0.91202915,40.98544896],[0.91236091,40.98561323],[0.91270983,40.98587203],[0.91295898,40.98617351],[0.91502345,40.98787665],[0.91526794,40.98817861],[0.91560102,40.98844016],[0.91589916,40.98861206],[0.91608834,40.98877561],[0.91630924,40.98895717],[0.91686285,40.98907256],[0.91779125,40.98905611],[0.91861713,40.98893034],[0.91929376,40.98878586],[0.91992295,40.98863053],[0.92059696,40.98848867],[0.92121947,40.98833311],[0.92191195,40.98819077],[0.92283571,40.98807371],[0.92398405,40.98807311],[0.92481565,40.98819125],[0.92533672,40.98834264],[0.9257915,40.98851657],[0.92627633,40.98866594],[0.92666018,40.98874486],[0.92688966,40.98861337],[0.92703855,40.98825085],[0.92719436,40.987746],[0.92731524,40.98711038],[0.92757428,40.98683715],[0.92848563,40.98704124],[0.92921352,40.98729122],[0.92972791,40.98747754],[0.93014777,40.98763192],[0.93053532,40.98782265],[0.93077207,40.98819578],[0.93062568,40.98877704],[0.93021405,40.98946047],[0.93007445,40.99004495],[0.93033075,40.99042165],[0.93074608,40.99060392],[0.93115246,40.99071395],[0.93147421,40.99081016],[0.93167984,40.99101913],[0.93182671,40.99144065],[0.93199873,40.99206936],[0.93217015,40.99283588],[0.93236256,40.99339616],[0.93254077,40.99375856],[0.93273222,40.99409115],[0.93290663,40.99449945],[0.93309724,40.99497592],[0.93328631,40.99551642],[0.93352175,40.99600613],[0.93359876,40.99622476],[0.93381548,40.99648523],[0.93399513,40.99677134],[0.93423104,40.99715137],[0.93459165,40.99770248],[0.93511724,40.99837506],[0.93557775,40.99902368],[0.93597531,40.99959862],[0.93623865,41.00007343],[0.93643642,41.00042093],[0.93659604,41.00069582],[0.93679225,41.00097156],[0.93704963,41.00132525],[0.93743312,41.00181806],[0.93788195,41.00241792],[0.93844783,41.00304794],[0.93899405,41.00362205],[0.93958795,41.00420785],[0.94012368,41.00478637],[0.94064736,41.00538886],[0.94100797,41.00585926],[0.94133854,41.00609565],[0.94172013,41.00621462],[0.94198775,41.00641],[0.94212878,41.00674427],[0.94226158,41.00689733],[0.94265318,41.00711012],[0.94298482,41.00743413],[0.94319594,41.00778747],[0.94343686,41.00804496],[0.94384253,41.00830197],[0.94437432,41.00870156],[0.94488394,41.00915015],[0.94545341,41.00957286],[0.94596314,41.00987947],[0.94634795,41.01017058],[0.94658363,41.01046407],[0.94860613,41.01207292],[0.94901431,41.01259065],[0.9495095,41.01317894],[0.94986177,41.01370037],[0.95012021,41.01409543],[0.95038283,41.01447523],[0.95074117,41.01494586],[0.95109344,41.01546502],[0.95144534,41.01593614],[0.95169783,41.01632035],[0.95195913,41.01672912],[0.95237458,41.01727045],[0.95304787,41.01784587],[0.95372856,41.01826346],[0.95529425,41.01942468],[0.95538676,41.01960754],[0.95557547,41.01974535],[0.95589292,41.01989865],[0.95630527,41.02020633],[0.95682955,41.02071822],[0.95756245,41.02141452],[0.95827925,41.02207184],[0.95901024,41.02261984],[0.95952106,41.02291942],[0.95977521,41.02310693],[0.95990884,41.02332342],[0.96004772,41.02357018],[0.96018183,41.02378833],[0.96038341,41.02394116],[0.96069992,41.02410352],[0.96110356,41.02440846],[0.9616065,41.02486575],[0.96231127,41.02539814],[0.96298623,41.02579093],[0.96357846,41.02609324],[0.96405327,41.02632785],[0.96444964,41.02662337],[0.96484244,41.02702653],[0.96538556,41.02754712],[0.96581411,41.02757144],[0.96600437,41.02782583],[0.96633196,41.02816164],[0.96691406,41.0285356],[0.96754384,41.02878976],[0.96807206,41.02898073],[0.96861243,41.02917635],[0.96930945,41.02942467],[0.97007072,41.02962446],[0.97068107,41.02980745],[0.97119832,41.03000605],[0.97169745,41.03024972],[0.97207308,41.03043616],[0.97230828,41.03062284],[0.97252715,41.03086746],[0.97285426,41.03111386],[0.97317958,41.03128004],[0.97340465,41.03144312],[0.97356212,41.03166747],[0.97372365,41.03193665],[0.97384715,41.03222084],[0.97586572,41.03370464],[0.97626233,41.03388906],[0.97660017,41.03414392],[0.97681165,41.03438115],[0.97702098,41.03454375],[0.97732687,41.03470767],[0.97771955,41.03501117],[0.97821081,41.03546643],[0.97890711,41.03599894],[0.97960675,41.03639984],[0.98032081,41.03672552],[0.98104,41.03698826],[0.98166287,41.03724515],[0.98206985,41.0374248],[0.98226964,41.03758216],[0.98238361,41.03775287],[0.98257434,41.03790665],[0.98288774,41.03808022],[0.98322368,41.03833604],[0.98348343,41.03858137],[0.98379076,41.03873885],[0.98417795,41.03883791],[0.98445272,41.03897095],[0.98459566,41.03915668],[0.98470962,41.03934693],[0.98507631,41.03937304],[0.9854542,41.0395503],[0.98582995,41.03968787],[0.98618603,41.03981793],[0.98648107,41.03993213],[0.98669195,41.04009867],[0.98690617,41.04034924],[0.98724282,41.04061425],[0.9876281,41.04080427],[0.98801017,41.04095936],[0.98840523,41.0410887],[0.98886633,41.04122925],[0.98941481,41.04136121],[0.98997235,41.04150581],[0.99052095,41.04163945],[0.99097896,41.04178524],[0.9913609,41.04192364],[0.99171984,41.04207945],[0.99210381,41.04222238],[0.99255991,41.04233873],[0.99308991,41.04233408],[0.99359906,41.04220605],[0.99799013,41.04212475],[0.99809027,41.04231405],[0.99824584,41.04250312],[0.99861956,41.04264975],[0.99924493,41.04277372],[0.99988151,41.04293573],[1.00405705,41.04306555],[1.00457394,41.04356647],[1.00488377,41.04390717],[1.00510848,41.04407311],[1.00535941,41.04413736],[1.00762045,41.04569781],[1.00786936,41.04577208],[1.00811791,41.04596448],[1.00851584,41.0463531],[1.00918055,41.04686427],[1.0098536,41.04726565],[1.01050425,41.04761457],[1.01116288,41.04794824],[1.01184106,41.04831791],[1.01231742,41.0485692],[1.01257825,41.04877031],[1.01279402,41.04901278],[1.01310897,41.04925776],[1.01340878,41.04942095],[1.01358914,41.04956305],[1.01372993,41.04972887],[1.01407695,41.04992712],[1.01480234,41.05025995],[1.01574481,41.05077267],[1.01655173,41.05119097],[1.01725042,41.05147505],[1.017856,41.05155396],[1.01832306,41.05152595],[1.01870465,41.05155957],[1.01906025,41.05161655],[1.01955426,41.05128968],[1.02105534,41.0514853],[1.02235961,41.05173123],[1.02343345,41.05193841],[1.02398181,41.05217695],[1.02416694,41.05247128],[1.02432036,41.05268586],[1.02458525,41.05281925],[1.02493024,41.05294812],[1.02530766,41.05307293],[1.02571785,41.05323362],[1.02619398,41.05343187],[1.02670705,41.05368185],[1.02708626,41.05388665],[1.02728105,41.05411601],[1.02741861,41.05440593],[1.02774215,41.05465913],[1.02837765,41.05493522],[1.0291363,41.05529666],[1.02972353,41.0555613],[1.03016508,41.05575502],[1.03060985,41.05594707],[1.03113484,41.05621183],[1.03169155,41.05649734],[1.03230381,41.05685902],[1.03264475,41.05692565],[1.03319526,41.05713975],[1.03384912,41.0573616],[1.03455234,41.05762315],[1.03518164,41.05780351],[1.03565633,41.05788958],[1.03606045,41.05789983],[1.03652775,41.05798328],[1.03712606,41.05816495],[1.03776336,41.05844796],[1.03837454,41.05873024],[1.0390228,41.05901444],[1.03964174,41.05921555],[1.04011464,41.05936527],[1.04042923,41.05947721],[1.04059815,41.05961525],[1.04070234,41.05978847],[1.04089534,41.05995083],[1.04126716,41.06013441],[1.04179788,41.06039441],[1.04241955,41.06065488],[1.04320943,41.06095874],[1.04410481,41.06130433],[1.04482245,41.06178212],[1.04519224,41.06227231],[1.0453794,41.06264508],[1.04552066,41.06289327],[1.04579675,41.06303942],[1.04627383,41.06314385],[1.04682171,41.06327188],[1.04737306,41.06340146],[1.04783428,41.06354773],[1.04824591,41.06368363],[1.04870677,41.06382954],[1.04925823,41.06396055],[1.04980862,41.06409395],[1.05029297,41.06420875],[1.05057895,41.06435776],[1.05071044,41.0645591],[1.05092752,41.06476903],[1.05136907,41.06468844],[1.0516355,41.06454885],[1.05182326,41.06436324],[1.05218863,41.06420147],[1.05281055,41.06407237],[1.05344844,41.06396544],[1.05404043,41.06397283],[1.05455625,41.06410074],[1.0546875,41.06417406],[1.0546875,41.06445313],[1.05487192,41.06453347],[1.05536032,41.06467652],[1.05580962,41.06467724],[1.05607867,41.06448555],[1.05624294,41.06417906],[1.05652237,41.06394827],[1.05700397,41.06380832],[1.05754554,41.06368411],[1.05802917,41.06357586],[1.05830336,41.06343555],[1.05843377,41.06325912],[1.05862713,41.06309021],[1.05902314,41.06289375],[1.05963171,41.06262553],[1.06033754,41.06240785],[1.06107485,41.06228125],[1.06179273,41.06234741],[1.06210423,41.06261551],[1.06176543,41.06291425],[1.06105638,41.06311011],[1.06044245,41.06325138],[1.06005156,41.06339395],[1.05987597,41.06367052],[1.05987811,41.06410253],[1.05998576,41.06450355],[1.06037426,41.06448114],[1.06073761,41.06467915],[1.06118917,41.06483865],[1.06186247,41.06495667],[1.06273806,41.06492353],[1.06341183,41.06469548],[1.06375575,41.0643301],[1.06384444,41.06377041],[1.06354976,41.06299174],[1.06289864,41.06229162],[1.06234527,41.06184173],[1.06207705,41.06135595],[1.06207228,41.06071472],[1.06227505,41.06032431],[1.06262386,41.06031108],[1.06303561,41.06060946],[1.06347406,41.06110275],[1.06400085,41.06171668],[1.06443167,41.06224751],[1.06482112,41.06259751],[1.06513643,41.06290913],[1.06535184,41.06356072],[1.06556487,41.06460381],[1.06590283,41.06537235],[1.06629884,41.06578171],[1.06669974,41.06581831],[1.06734586,41.06591606],[1.06799865,41.06605113],[1.06870651,41.06619513],[1.06934297,41.06637633],[1.07306397,41.06632102],[1.07362068,41.06600451],[1.07401204,41.06580627],[1.07420731,41.06565034],[1.07430506,41.06548333],[1.07448006,41.06532645],[1.07485247,41.06513631],[1.07546616,41.06485498],[1.07632995,41.06457663],[1.07754242,41.06433392],[1.07900667,41.06427324],[1.08013177,41.06434631],[1.08091664,41.06435513],[1.08142304,41.06424367],[1.08190978,41.06409895],[1.08271754,41.06397295],[1.08392,41.06396794],[1.08503938,41.06408346],[1.08600032,41.06422615],[1.0866394,41.06438196],[1.08705366,41.06452155],[1.08739877,41.06466937],[1.08774567,41.06480396],[1.08810651,41.06493974],[1.08847415,41.06504047],[1.08925545,41.06551754],[1.08996677,41.06572413],[1.09059477,41.06598186],[1.09107232,41.06618476],[1.09145558,41.06634843],[1.09181285,41.06648016],[1.09217274,41.06662047],[1.09253871,41.06675208],[1.09290755,41.06689692],[1.09327698,41.06703103],[1.09364665,41.06717646],[1.0940181,41.06731105],[1.09439397,41.06745613],[1.09477282,41.06758714],[1.09513533,41.06772375],[1.09543335,41.06784713],[1.09561825,41.0680052],[1.09573865,41.06818902],[1.09592354,41.06829894],[1.09622157,41.06827486],[1.0965842,41.06817567],[1.09696293,41.06816185],[1.09733891,41.06826735],[1.09771025,41.06841552],[1.0980798,41.06860721],[1.0993098,41.06871283],[1.09955597,41.0688616],[1.09980226,41.06889868],[1.10187936,41.07028294],[1.10266685,41.07038403],[1.10331011,41.07052016],[1.10392725,41.07065523],[1.10464656,41.07080257],[1.10555935,41.07093751],[1.10648131,41.07108164],[1.10740554,41.07121325],[1.10813725,41.07135725],[1.10872614,41.07149994],[1.10921693,41.07167804],[1.11242211,41.07173991],[1.11318958,41.07190394],[1.11396241,41.07203102],[1.11441433,41.07217884],[1.11462605,41.07235634],[1.11489296,41.07250357],[1.11532497,41.07262206],[1.11576974,41.07275808],[1.11616826,41.07289016],[1.11654663,41.07303596],[1.11694884,41.07316804],[1.11740434,41.07330394],[1.11785257,41.07342255],[1.11811328,41.07357097],[1.11822021,41.07375038],[1.11837924,41.07389891],[1.11881101,41.07401741],[1.11972761,41.07415187],[1.12107575,41.07428098],[1.12219787,41.07442546],[1.12304866,41.07456887],[1.12368882,41.07474744],[1.13036752,41.07476115],[1.1305263,41.07441556],[1.13044214,41.07408166],[1.13016832,41.07369435],[1.12984264,41.07320034],[1.12982082,41.07270157],[1.13022423,41.07238448],[1.13088167,41.07238686],[1.13156462,41.07264125],[1.13216281,41.07293963],[1.13271046,41.07323742],[1.13316297,41.07344437],[1.13354707,41.07360351],[1.13390911,41.07374036],[1.13426864,41.07391012],[1.13828504,41.07391024],[1.13864875,41.07373226],[1.13912213,41.07358944],[1.13986576,41.07344544],[1.14084625,41.07331347],[1.14158988,41.07316875],[1.14208877,41.07303381],[1.14254606,41.07288861],[1.14304864,41.07276118],[1.14348745,41.0726372],[1.14381742,41.07253206],[1.14405704,41.07236373],[1.14430034,41.07204866],[1.14457488,41.07158935],[1.14465356,41.07109702],[1.14456594,41.07065225],[1.14455426,41.07023847],[1.14467633,41.06989324],[1.14480841,41.06959271],[1.14713264,41.06807101],[1.14774811,41.06805241],[1.14799428,41.06797802],[1.14796126,41.06542706],[1.14865482,41.06531084],[1.14954317,41.06519246],[1.15042996,41.06507516],[1.15122163,41.06506383],[1.15166247,41.06519294],[1.15199172,41.06539094],[1.15271866,41.06552577],[1.15391982,41.06551695],[1.15486515,41.06537151],[1.15549242,41.06515396],[1.15601277,41.06488347],[1.15644944,41.06468284],[1.15681767,41.06453455],[1.15711093,41.06440878],[1.15730262,41.06419885],[1.15744674,41.06386757],[1.15764654,41.06350815],[1.15791404,41.06309235],[1.15826166,41.06254673],[1.15853035,41.06195855],[1.15873325,41.06152213],[1.15888286,41.06125474],[1.15907335,41.06111991],[1.15933478,41.06106341],[1.15976906,41.06088424],[1.16016936,41.06069636],[1.16051495,41.06043518],[1.16073656,41.06019056],[1.16093886,41.06003726],[1.16116714,41.05994225],[1.16135752,41.05980217],[1.16151726,41.05957556],[1.16171086,41.05929697],[1.16190326,41.05900764],[1.1620779,41.05874038],[1.16210175,41.05853045],[1.16191447,41.05837858],[1.16156244,41.05816126],[1.16118693,41.05769455],[1.16094387,41.05704594],[1.16084123,41.05651367],[1.16091335,41.05610526],[1.16104746,41.05576122],[1.16124463,41.05554163],[1.16153598,41.05541003],[1.1619488,41.05531311],[1.16258967,41.05532205],[1.16364753,41.05543077],[1.16527712,41.05553997],[1.16602325,41.05577195],[1.16639495,41.05589032],[1.16677678,41.05604315],[1.16717851,41.05616236],[1.16758168,41.05617654],[1.16788316,41.05598366],[1.16792083,41.05568731],[1.16778767,41.05539083],[1.16778755,41.05515134],[1.16810596,41.05499506],[1.16868913,41.05487704],[1.16923845,41.05472755],[1.16980696,41.05457461],[1.17066753,41.05445886],[1.1718235,41.05454195],[1.17264044,41.05491197],[1.17300725,41.05543303],[1.17321718,41.05588865],[1.17344415,41.05636001],[1.17375648,41.05703175],[1.17401052,41.05783927],[1.17425716,41.05844808],[1.17458773,41.05888975],[1.17510116,41.05926347],[1.17564225,41.05951834],[1.17609084,41.05965233],[1.17668402,41.05983531],[1.17711067,41.06009126],[1.17733598,41.06033885],[1.17756832,41.06052661],[1.17798495,41.06071293],[1.17857933,41.06095111],[1.17912805,41.06113124],[1.17943227,41.06128395],[1.17957795,41.06144321],[1.17979121,41.06160748],[1.18019593,41.06188858],[1.18071401,41.06242275],[1.18114424,41.06304312],[1.18154716,41.06347597],[1.18185711,41.06367993],[1.18195903,41.06382954],[1.18184626,41.06403685],[1.18166542,41.06429315],[1.18146098,41.06456888],[1.18127716,41.06486881],[1.18105853,41.06523657],[1.1807909,41.06569946],[1.18045032,41.06617367],[1.18017745,41.06659007],[1.17986512,41.06644785],[1.17903948,41.06685054],[1.17857671,41.06767237],[1.17866445,41.06892335],[1.17913675,41.06993675],[1.17953825,41.07048523],[1.17980695,41.07078302],[1.17998683,41.07106137],[1.18016624,41.07145417],[1.18033564,41.07195401],[1.18052494,41.07237327],[1.18069935,41.07271004],[1.18088591,41.07305264],[1.18106091,41.07343614],[1.18127835,41.07379627],[1.18154752,41.07415295],[1.18188703,41.07453465],[1.18215024,41.07490802],[1.18238008,41.07535374],[1.18263674,41.07594514],[1.18300974,41.07657611],[1.18344641,41.07720888],[1.18400538,41.07783365],[1.18458176,41.07841504],[1.18529928,41.07904983],[1.18545425,41.07966113],[1.18569088,41.07993352],[1.18588114,41.08020461],[1.18607163,41.08048415],[1.1862396,41.08080554],[1.18641186,41.08121264],[1.18656611,41.08166134],[1.18678534,41.08196378],[1.18710744,41.08220971],[1.18744326,41.08259475],[1.18770015,41.0830518],[1.18800342,41.08333886],[1.18838584,41.08350825],[1.18866408,41.08377945],[1.1888417,41.08422112],[1.18904364,41.08464944],[1.18930566,41.08506382],[1.18964946,41.08553195],[1.18992126,41.08599114],[1.19013977,41.08635604],[1.19031596,41.08665097],[1.19050455,41.08692324],[1.19068015,41.08719528],[1.19085956,41.08747172],[1.19099355,41.08774996],[1.19116032,41.08783364],[1.19155622,41.08801734],[1.19189465,41.08827305],[1.19211173,41.08851504],[1.19233417,41.08868814],[1.19265175,41.08885956],[1.19300938,41.08912945],[1.19333065,41.08944166],[1.19368875,41.08971214],[1.19400871,41.0898838],[1.19423854,41.09005678],[1.19446492,41.09029734],[1.19479442,41.09054756],[1.19511056,41.09072375],[1.19531608,41.09089255],[1.19547081,41.09108496],[1.19572985,41.09122455],[1.19610667,41.09123576],[1.19644201,41.09106708],[1.19681096,41.09068656],[1.19732106,41.09015071],[1.19776785,41.08964872],[1.19816065,41.08921003],[1.19844115,41.08886111],[1.19870257,41.08856344],[1.19872177,41.08805275],[1.19899952,41.08773494],[1.19927955,41.08737743],[1.19960451,41.08699334],[1.19984627,41.08670104],[1.20008576,41.08652306],[1.20040846,41.08635831],[1.20076716,41.08609188],[1.20109141,41.08577871],[1.20145357,41.08550477],[1.20176744,41.08533573],[1.20195282,41.08519053],[1.20207298,41.08502114],[1.20231354,41.08483994],[1.2028017,41.08458924],[1.20345294,41.08424413],[1.20394671,41.08399665],[1.20425296,41.08376574],[1.20457864,41.08339357],[1.20505536,41.08288157],[1.20547521,41.08243585],[1.20588303,41.08212066],[1.20627665,41.08193803],[1.20665276,41.08180606],[1.20702195,41.08172035],[1.20761621,41.08139014],[1.20832264,41.08149302],[1.20863092,41.08175552],[1.20839071,41.08226287],[1.20767283,41.08287346],[1.20685661,41.08336556],[1.20609236,41.08377922],[1.20559227,41.08402324],[1.20536315,41.08419442],[1.20528197,41.08438265],[1.20295668,41.08621645],[1.20258737,41.08621645],[1.20098186,41.08750474],[1.20088506,41.08769095],[1.20068944,41.08783221],[1.20036721,41.08798265],[1.19997466,41.08826375],[1.19953954,41.08870935],[1.19897366,41.08934236],[1.19842017,41.09006667],[1.19785964,41.09082854],[1.19748425,41.09148717],[1.19727993,41.09192085],[1.19728673,41.09223604],[1.19750381,41.09261],[1.19787514,41.09315908],[1.19836676,41.09380364],[1.19872785,41.09431124],[1.19906795,41.09457362],[1.19952881,41.09469783],[1.20004988,41.09481704],[1.20063674,41.0949378],[1.20130062,41.09507096],[1.20211244,41.095173],[1.20417213,41.09669352],[1.20442045,41.09699547],[1.20476603,41.09725738],[1.20508957,41.09743011],[1.20529294,41.09759366],[1.20542097,41.09777224],[1.20561135,41.09787726],[1.20591354,41.09784496],[1.20626307,41.09772635],[1.20657456,41.09768867],[1.20680904,41.09782505],[1.20704234,41.09815133],[1.20733905,41.09860826],[1.20757318,41.09903288],[1.20786047,41.09932184],[1.20835996,41.09959257],[1.20901465,41.09993994],[1.20949686,41.10018694],[1.20972931,41.10036671],[1.20987034,41.10054111],[1.21016574,41.10070133],[1.21070802,41.10088634],[1.21130717,41.10112894],[1.21176171,41.10130644],[1.21208143,41.10144055],[1.21196842,41.10170674],[1.21224666,41.10180855],[1.21257746,41.10191214],[1.21292984,41.10203886],[1.21322727,41.10215533],[1.21340644,41.10230052],[1.213521,41.10248172],[1.21373415,41.10265923],[1.21415937,41.10286272],[1.21476436,41.10310554],[1.21533108,41.10320544],[1.21567488,41.10310423],[1.21586227,41.10282636],[1.21599567,41.10239494],[1.2159878,41.1018666],[1.21581686,41.1014328],[1.21554995,41.10111058],[1.21516991,41.10085988],[1.21480691,41.10063732],[1.21459401,41.10025966],[1.21460974,41.09972632],[1.21490908,41.09941447],[1.21547294,41.09944057],[1.2161082,41.09968615],[1.21667731,41.09992528],[1.21703684,41.10012782],[1.21729374,41.10018754],[1.21747816,41.10031962],[1.21762645,41.10056531],[1.21785617,41.10094917],[1.21821523,41.10149086],[1.21869814,41.10208166],[1.21902335,41.10255361],[1.21923745,41.10294926],[1.21954262,41.10330784],[1.22029173,41.10351086],[1.22144687,41.10348844],[1.22166681,41.10340703],[1.22220087,41.10320902],[1.22250557,41.10273373],[1.22268808,41.10229111],[1.22291684,41.10189521],[1.22327244,41.10148227],[1.22363377,41.10107315],[1.22399044,41.1006608],[1.22421646,41.10028863],[1.22438455,41.09992993],[1.22465801,41.09958994],[1.22539306,41.09937024],[1.22665811,41.09923232],[1.22784841,41.09907663],[1.22809792,41.09908438],[1.22844565,41.09924781],[1.22873175,41.09937215],[1.22890866,41.09951544],[1.22905362,41.09969103],[1.22935867,41.09985733],[1.22990072,41.10004461],[1.23049617,41.10029233],[1.23097265,41.10049284],[1.23138821,41.10067666],[1.23192132,41.1008805],[1.23271847,41.10113764],[1.2336415,41.10134053],[1.23431873,41.10150445],[1.23476231,41.1016376],[1.23511696,41.10178018],[1.23546398,41.10191286],[1.23582304,41.10204864],[1.23618913,41.10214984],[1.23791075,41.10341215],[1.23757505,41.10419273],[1.23722005,41.10490823],[1.23716366,41.10547495],[1.23766255,41.10567784],[1.23875392,41.10545743],[1.23998475,41.10498846],[1.2409029,41.10473704],[1.24145424,41.10475576],[1.24176586,41.10488868],[1.24186075,41.10515904],[1.24170482,41.10563445],[1.24139786,41.10623586],[1.24126756,41.10679007],[1.24138975,41.10709322],[1.24163783,41.10721827],[1.24185121,41.10735142],[1.24200785,41.10757065],[1.24217415,41.10783446],[1.24235392,41.10806727],[1.24264657,41.10821593],[1.24304044,41.10831225],[1.24332166,41.10844553],[1.24346721,41.10863185],[1.24358165,41.10882235],[1.24533308,41.10888684],[1.24612165,41.10903168],[1.24698436,41.10905862],[1.24765468,41.10894656],[1.24813437,41.10870385],[1.24846017,41.10821486],[1.24853301,41.10753346],[1.24836051,41.10691202],[1.24797094,41.10635901],[1.24725592,41.10595036],[1.24635541,41.10583985],[1.24544013,41.10590911],[1.24454856,41.10588825],[1.24404967,41.10567963],[1.24402678,41.10538626],[1.24413884,41.10504258],[1.24408758,41.10458612],[1.24373972,41.10400665],[1.24339604,41.10351944],[1.24303377,41.10325646],[1.2425704,41.10312831],[1.24212253,41.10300684],[1.24172533,41.10288537],[1.24135482,41.10275245],[1.24099135,41.10265064],[1.2408936,41.10252762],[1.24067521,41.10222065],[1.24033177,41.10194993],[1.23989105,41.10176682],[1.23932076,41.10161734],[1.23862016,41.10149193],[1.23797774,41.10135651],[1.23738396,41.10122836],[1.2368139,41.10106945],[1.23619008,41.10086834],[1.2355653,41.10059154],[1.23499691,41.10031605],[1.23442495,41.10001516],[1.23384285,41.09974444],[1.23321402,41.09948146],[1.23266137,41.09930384],[1.23233211,41.09914374],[1.23215938,41.09893417],[1.23205245,41.09867227],[1.23208666,41.09832776],[1.23220026,41.09781802],[1.23214614,41.09716845],[1.23183966,41.09668505],[1.23143411,41.09643185],[1.23101985,41.09624565],[1.22878122,41.09622705],[1.22842836,41.09607053],[1.22813034,41.09595251],[1.22793293,41.09580386],[1.2277863,41.09557855],[1.22758675,41.09528637],[1.22732043,41.09492981],[1.22697306,41.09452891],[1.22669971,41.09417713],[1.22648275,41.09388185],[1.22631454,41.09361458],[1.22614241,41.09335232],[1.22597504,41.09306192],[1.2257328,41.09267795],[1.22536206,41.09214723],[1.22484624,41.09156334],[1.22445881,41.0910815],[1.22422743,41.09063816],[1.22420752,41.09019315],[1.22443354,41.08988416],[1.22488666,41.08961761],[1.22541726,41.08924973],[1.22575164,41.08889115],[1.22587395,41.08858216],[1.22579563,41.08829784],[1.22553086,41.08731043],[1.22439957,41.08677673],[1.22353423,41.08647263],[1.22307932,41.08626056],[1.22281742,41.08597136],[1.22253525,41.08560646],[1.22231185,41.08531034],[1.22207046,41.08512294],[1.22174418,41.08495355],[1.22141182,41.08470714],[1.22118473,41.08446801],[1.22097325,41.08431435],[1.22072482,41.08421183],[1.22049427,41.08405423],[1.2203083,41.08380985],[1.22024691,41.08356881],[1.22060502,41.08349013],[1.22148621,41.08371925],[1.22254372,41.08421803],[1.22336531,41.08464456],[1.22395706,41.08495796],[1.22432983,41.08513665],[1.2245419,41.08530283],[1.22473514,41.0855571],[1.22503281,41.08589125],[1.22549272,41.08593285],[1.22559834,41.08611608],[1.2257086,41.08629584],[1.22590685,41.08643556],[1.22622836,41.08658731],[1.22661972,41.08687091],[1.22705245,41.08731914],[1.22761202,41.08794963],[1.22815776,41.08865285],[1.22872806,41.08936298],[1.22917402,41.08997595],[1.22954595,41.09045041],[1.22980034,41.09080625],[1.23005438,41.09119225],[1.23040891,41.09177411],[1.23089731,41.09255946],[1.23125923,41.09334827],[1.23152685,41.09390116],[1.23178375,41.09430325],[1.23209262,41.094666],[1.23233104,41.09493732],[1.23259854,41.09512365],[1.23301554,41.09535003],[1.23351574,41.09572387],[1.23389745,41.09612691],[1.23418784,41.09650517],[1.23424065,41.09671462],[1.23445165,41.09699345],[1.23450446,41.09734225],[1.23759818,41.09992516],[1.23849165,41.09968591],[1.23950052,41.09943986],[1.24051154,41.09941494],[1.24107301,41.09973085],[1.24129307,41.1002717],[1.24154246,41.10064936],[1.24201334,41.10083306],[1.24264932,41.10096312],[1.24339211,41.10107446],[1.24403644,41.10119808],[1.24453616,41.10131431],[1.24483955,41.10148287],[1.24507487,41.10173166],[1.24539542,41.10198796],[1.24570155,41.10216343],[1.24589658,41.10232294],[1.24604475,41.10249686],[1.24632788,41.10263205],[1.24681306,41.10272551],[1.24735546,41.10283434],[1.24784613,41.10301042],[1.24814737,41.10343587],[1.24832845,41.10415125],[1.24853075,41.10484076],[1.24861193,41.10507655],[1.24906075,41.10564983],[1.24949443,41.10615647],[1.25015485,41.10647821],[1.25101006,41.10653055],[1.25167346,41.10639274],[1.25210023,41.10622287],[1.25238252,41.10610914],[1.25260436,41.10619307],[1.25292683,41.10652614],[1.25345814,41.10706866],[1.25400543,41.10773611],[1.2545526,41.10864353],[1.25490963,41.10966241],[1.25515938,41.11041605],[1.25540781,41.11097145],[1.25574064,41.11142611],[1.25606954,41.11178625],[1.25647771,41.11208081],[1.25696754,41.11232674],[1.25750411,41.11258686],[1.25797033,41.11278212],[1.25836444,41.11294115],[1.25872946,41.11308062],[1.25908935,41.11325204],[1.26053703,41.11331224],[1.26104593,41.11350024],[1.26157534,41.11364555],[1.26203096,41.11375821],[1.26241565,41.11378014],[1.26278007,41.11375332],[1.26317465,41.11376095],[1.26364195,41.11367476],[1.26415265,41.11346138],[1.26454186,41.11327243],[1.26477444,41.11307704],[1.26497722,41.11281776],[1.2653017,41.11254132],[1.26571381,41.11234272],[1.26621866,41.11223698],[1.26683426,41.11231792],[1.26743746,41.11256588],[1.26792765,41.11278665],[1.26840794,41.11292315],[1.26903236,41.11291242],[1.26985526,41.11280572],[1.27079618,41.11277282],[1.27137375,41.11288691],[1.27163172,41.11311936],[1.27182996,41.11340034],[1.2719115,41.11377573],[1.27231574,41.11417234],[1.27263904,41.11444557],[1.27311254,41.11461675],[1.27383578,41.11487627],[1.27441311,41.11545873],[1.27448344,41.11632228],[1.27428818,41.11730254],[1.27451074,41.11834431],[1.27545416,41.11914206],[1.27668071,41.11953032],[1.27760804,41.11970854],[1.27826762,41.11981797],[1.27879322,41.11991084],[1.27928841,41.11989772],[1.27972496,41.11976612],[1.28019333,41.11960995],[1.2808603,41.11948895],[1.28171647,41.11953604],[1.28235245,41.11978221],[1.28266001,41.12009931],[1.28282785,41.12040043],[1.2829715,41.12064016],[1.28325033,41.12078476],[1.28371274,41.12085617],[1.28393304,41.12112296],[1.28415155,41.12188113],[1.28448927,41.12236452],[1.28491163,41.12259197],[1.28545403,41.12277734],[1.28616595,41.12303436],[1.28687227,41.12334132],[1.28728342,41.12340474],[1.28746438,41.12321508],[1.28760755,41.12292123],[1.28779006,41.12264895],[1.2881546,41.12248957],[1.28868103,41.12250173],[1.28908002,41.12273145],[1.28943706,41.12317336],[1.29000103,41.12368453],[1.29075682,41.12417054],[1.29165661,41.12471235],[1.29241586,41.12517071],[1.29302561,41.12563705],[1.29352808,41.12609148],[1.29413807,41.12649953],[1.29478145,41.1267513],[1.29537654,41.12690616],[1.29592717,41.12709546],[1.29642177,41.12740183],[1.29739284,41.12769222],[1.29881144,41.12794328],[1.29990184,41.12820137],[1.30044246,41.12838972],[1.30062616,41.12856245],[1.30071664,41.12874246],[1.30096126,41.128847],[1.30145204,41.12882066],[1.30209613,41.12872374],[1.30283654,41.12871778],[1.30349016,41.12883425],[1.30405152,41.12897515],[1.30449414,41.12908542],[1.3048892,41.12907565],[1.30535746,41.12900317],[1.30597782,41.12907195],[1.30668485,41.12933803],[1.31611228,41.12949204],[1.31717932,41.12968493],[1.31851745,41.12984145],[1.31988812,41.12997067],[1.3212167,41.12998748],[1.32197106,41.12985396],[1.32231212,41.12960577],[1.32263887,41.12932742],[1.32302046,41.12906277],[1.32338035,41.12870645],[1.32362115,41.12828875],[1.32379782,41.12793446],[1.32392633,41.12767971],[1.3241173,41.12751794],[1.3244667,41.1273998],[1.32501125,41.12729454],[1.32569468,41.12729645],[1.32628155,41.1274327],[1.32679176,41.12764967],[1.32730687,41.12793136],[1.32778251,41.12814808],[1.32826376,41.1282829],[1.32878232,41.1282798],[1.32924294,41.12816703],[1.32965064,41.12805343],[1.32981372,41.12780452],[1.33041847,41.12769377],[1.33136058,41.12758684],[1.33269084,41.12758994],[1.33380866,41.12771451],[1.33469582,41.12786722],[1.33540881,41.12800336],[1.33600974,41.12802267],[1.33635104,41.12790275],[1.33658302,41.12771368],[1.33703864,41.12755573],[1.33778036,41.1274389],[1.33840776,41.12731707],[1.33886051,41.1271975],[1.33929145,41.12700927],[1.33984995,41.12668097],[1.34050834,41.12616801],[1.34100032,41.12570596],[1.34143937,41.12536323],[1.34191334,41.12510514],[1.34243667,41.12484026],[1.34292305,41.12464035],[1.34339714,41.12450373],[1.34387517,41.12447512],[1.34427404,41.12453282],[1.34351063,41.12514067],[1.34374642,41.12541544],[1.34393406,41.12568855],[1.34411955,41.12596548],[1.34428477,41.12626803],[1.34447575,41.12663114],[1.34470177,41.12704504],[1.34504402,41.12738216],[1.34548283,41.12758994],[1.34608281,41.12777722],[1.34689331,41.12799454],[1.34771645,41.12821591],[1.34839916,41.12819111],[1.34883738,41.12783062],[1.34906161,41.12733185],[1.34933424,41.12699652],[1.34986067,41.12682605],[1.35066772,41.12672687],[1.35171068,41.12674224],[1.3526293,41.12686443],[1.35348845,41.12700736],[1.35439825,41.12716246],[1.35548067,41.12730026],[1.35648787,41.12744486],[1.35742712,41.12757373],[1.35814404,41.12770891],[1.35871303,41.12783885],[1.35920715,41.12802255],[1.35976922,41.12829781],[1.36043572,41.12867093],[1.36098635,41.12893784],[1.36140823,41.12912166],[1.36178172,41.12930286],[1.36215067,41.12959695],[1.36255968,41.12998545],[1.36316335,41.13038588],[1.36384904,41.13064611],[1.36454356,41.13081622],[1.36528313,41.13093853],[1.36591911,41.13106442],[1.36641216,41.13117886],[1.36668193,41.13132572],[1.36681545,41.13150382],[1.36699224,41.13165188],[1.3672806,41.13177896],[1.36749065,41.13187754],[1.36763024,41.13194311],[1.37101257,41.13203776],[1.37107193,41.13216233],[1.37104607,41.13220513],[1.37093997,41.13238156],[1.37109172,41.13257575],[1.37116754,41.1328125],[1.37179744,41.1328125],[1.37172663,41.13295412],[1.3721199,41.13305736],[1.37260962,41.13316774],[1.37314725,41.13331246],[1.37377298,41.13344836],[1.37451541,41.13355756],[1.37536395,41.13356817],[1.37544334,41.13356388],[1.37602425,41.13353264],[1.37654066,41.13358808],[1.37707365,41.13370311],[1.37767541,41.13385534],[1.37844396,41.13399696],[1.37939656,41.13413632],[1.38065731,41.13423812],[1.38129926,41.13452494],[1.38155305,41.13443613],[1.38171744,41.13428736],[1.38181222,41.13410604],[1.38198304,41.13400304],[1.38238788,41.13403416],[1.38317204,41.13410795],[1.38428974,41.13399994],[1.38518596,41.13365352],[1.38564885,41.13327301],[1.38593757,41.13292754],[1.38593912,41.1328125],[1.38576913,41.1323601],[1.38711846,41.13207555],[1.38859963,41.13182545],[1.38966954,41.13156033],[1.39026368,41.13135004],[1.39064753,41.13114643],[1.39480245,41.13132405],[1.39577794,41.13196385],[1.3964889,41.13232934],[1.39708495,41.13250804],[1.39770365,41.13259363],[1.39821756,41.13266826],[1.39812565,41.1328125],[1.3988409,41.1328125],[1.3988409,41.13295186],[1.39943361,41.13308215],[1.40024865,41.13306356],[1.400545,41.13298905],[1.40069306,41.1328125],[1.40081275,41.13251305],[1.4014883,41.13223302],[1.40200794,41.13218665],[1.40240884,41.13228714],[1.40275764,41.13244045],[1.40306616,41.13256276],[1.40332687,41.13267374],[1.40329564,41.1328125],[1.40365684,41.1328125],[1.40363145,41.13286495],[1.40395725,41.13341677],[1.40435696,41.13408077],[1.40488803,41.13471711],[1.40527475,41.13516903],[1.40542042,41.13553202],[1.40515947,41.13596094],[1.4045161,41.13645124],[1.40390825,41.13677311],[1.40344393,41.13696182],[1.40305054,41.13708174],[1.40268767,41.13719916],[1.40240514,41.13730586],[1.40231156,41.13745892],[1.40242457,41.13768828],[1.40425634,41.14002764],[1.40480375,41.14036155],[1.40534937,41.14049184],[1.40606475,41.14090395],[1.40630114,41.14118755],[1.40718067,41.14126444],[1.40788043,41.14158821],[1.40858293,41.14180005],[1.40936506,41.14197242],[1.41030335,41.1421653],[1.41111982,41.14243484],[1.41174364,41.14270675],[1.41230786,41.14300692],[1.41284442,41.14327991],[1.41338027,41.14355183],[1.41384351,41.14374781],[1.41424894,41.1439172],[1.41463363,41.14410341],[1.41497195,41.14436376],[1.41521907,41.14460993],[1.41551375,41.1447674],[1.41588354,41.14486647],[1.41614151,41.1449964],[1.41631866,41.14516962],[1.41663396,41.14533734],[1.41718841,41.14552486],[1.41779566,41.14576614],[1.41823161,41.14594984],[1.41845346,41.14611888],[1.41854405,41.14631987],[1.42024064,41.14754033],[1.42115498,41.14774585],[1.42190516,41.14802325],[1.42248774,41.14829516],[1.42301011,41.14857078],[1.42347705,41.14876997],[1.42398012,41.14894402],[1.42459667,41.14913774],[1.42522311,41.14939964],[1.42573392,41.14965713],[1.42612922,41.14996076],[1.42643964,41.15027833],[1.42678976,41.15054846],[1.42710555,41.15071881],[1.42730343,41.15087175],[1.42742765,41.15104425],[1.42761016,41.15118802],[1.42790234,41.15130556],[1.42826235,41.15144098],[1.4286648,41.1515702],[1.42912865,41.15170872],[1.42964876,41.15183544],[1.43013227,41.15199375],[1.43062651,41.15221036],[1.43119836,41.15254116],[1.43169343,41.15270305],[1.43223965,41.15301275],[1.43269408,41.15321755],[1.43314898,41.15342414],[1.43378317,41.15375757],[1.43463385,41.15427995],[1.43542647,41.15476572],[1.43618918,41.15522134],[1.43701494,41.15556324],[1.43823445,41.15584886],[1.43976665,41.15604043],[1.440804,41.15618896],[1.44134104,41.15631437],[1.44170642,41.15647292],[1.44211972,41.15667367],[1.44262874,41.15693164],[1.44313192,41.15713835],[1.44466305,41.15832925],[1.44502235,41.15874815],[1.44552827,41.15915191],[1.4460597,41.15941167],[1.44665086,41.15954936],[1.44734621,41.15953445],[1.44798791,41.15939307],[1.45204866,41.15934265],[1.45241237,41.15971887],[1.45272982,41.16005492],[1.45308912,41.16032171],[1.45340443,41.16048431],[1.45359004,41.16063011],[1.45369864,41.16079986],[1.45390391,41.16096306],[1.45434821,41.161152],[1.45505536,41.16140425],[1.45583725,41.161605],[1.45642233,41.1617645],[1.4568361,41.16189241],[1.4572103,41.16204774],[1.45765185,41.16224921],[1.45819986,41.1625303],[1.45879376,41.16280437],[1.45943296,41.16307592],[1.45997643,41.16326153],[1.46026945,41.1634196],[1.46040547,41.16359246],[1.46060264,41.16375411],[1.46098185,41.16393936],[1.46150362,41.16418743],[1.46202517,41.16438985],[1.46275496,41.16487002],[1.46341407,41.16497111],[1.4640758,41.16510725],[1.46476436,41.16524196],[1.46530175,41.16538894],[1.46572006,41.16552353],[1.46616137,41.16566944],[1.46673763,41.16580772],[1.46747208,41.16596317],[1.46837676,41.16610634],[1.46921217,41.16622245],[1.4699825,41.16621804],[1.47061956,41.1660912],[1.47119522,41.16594005],[1.47173405,41.16581285],[1.4722892,41.16580856],[1.47283435,41.16592491],[1.47339785,41.16606796],[1.47394931,41.16622376],[1.47451937,41.16636205],[1.47507346,41.16650653],[1.47561777,41.16663766],[1.47607756,41.16678143],[1.47646713,41.16692412],[1.47683156,41.16710198],[1.47719383,41.16715956],[1.47755921,41.16733885],[1.47792256,41.16748595],[1.4782902,41.16763985],[1.47868836,41.16777957],[1.47915995,41.16789556],[1.4796946,41.16789854],[1.48015285,41.16779125],[1.48047948,41.16765976],[1.48066854,41.16748893],[1.48079205,41.16728926],[1.48096764,41.16715765],[1.48119652,41.16717815],[1.48138154,41.16737926],[1.48152041,41.16768265],[1.48170626,41.16789818],[1.48194265,41.16801965],[1.48214066,41.16816664],[1.48229337,41.16839385],[1.48245227,41.16866004],[1.48259056,41.16889668],[1.48278713,41.16905785],[1.48311043,41.16917324],[1.48357201,41.16929507],[1.48415613,41.16938913],[1.48457265,41.16961324],[1.48498523,41.16971433],[1.48545063,41.16985047],[1.48596776,41.16998553],[1.48642576,41.17013276],[1.48683977,41.17026782],[1.4872961,41.17041314],[1.48783457,41.17054701],[1.48838866,41.17069185],[1.48896396,41.17082584],[1.48951817,41.17097092],[1.49005735,41.17110467],[1.49051416,41.17124975],[1.49092674,41.17138398],[1.49137735,41.17153013],[1.49188006,41.17166507],[1.49233913,41.17180908],[1.49281073,41.17193353],[1.49343085,41.17205501],[1.49416685,41.17216682],[1.49470031,41.17237067],[1.49522173,41.17275906],[1.4960407,41.17325413],[1.49693453,41.17360222],[1.49768353,41.17386293],[1.49898207,41.17385745],[1.49962175,41.17403555],[1.50032806,41.17417836],[1.50096536,41.17432261],[1.50157988,41.17445421],[1.50222111,41.17459822],[1.5029304,41.17473185],[1.50355744,41.17487705],[1.50411963,41.17501116],[1.50465345,41.17515624],[1.50531316,41.17529023],[1.50623965,41.1754353],[1.50742912,41.17556906],[1.50836205,41.17571425],[1.50900924,41.17584825],[1.50945735,41.17599332],[1.50982034,41.17612708],[1.51016915,41.17627215],[1.51052403,41.17640603],[1.51088965,41.17655134],[1.51128566,41.17668641],[1.51175022,41.17683375],[1.51227474,41.17696857],[1.51274288,41.17710483],[1.51315606,41.1772058],[1.51393616,41.17770493],[1.51450062,41.1778059],[1.51496315,41.17794204],[1.51537037,41.17807686],[1.51581931,41.17822433],[1.51634955,41.17835927],[1.51689804,41.17850471],[1.51749456,41.17863846],[1.51814175,41.17878282],[1.51885724,41.17891574],[1.51948333,41.17906094],[1.52003884,41.17920065],[1.52057087,41.17936301],[1.52126431,41.17951858],[1.52230167,41.17963886],[1.52365315,41.17957926],[1.52461445,41.17925894],[1.52510655,41.17876124],[1.52538431,41.17820203],[1.52539885,41.17761707],[1.52524745,41.17695296],[1.52523518,41.17623055],[1.52558136,41.17584372],[1.52630985,41.17587364],[1.52716565,41.1761837],[1.52767026,41.17624652],[1.52771461,41.1766752],[1.52758181,41.17722404],[1.52721345,41.17778194],[1.52673817,41.17832565],[1.526178,41.17892742],[1.52577281,41.17948055],[1.52553976,41.17992628],[1.52558386,41.18028414],[1.52603602,41.18049681],[1.52685726,41.18061721],[1.52769053,41.18073845],[1.5284965,41.18086088],[1.52925956,41.18102217],[1.53011012,41.18122494],[1.53098822,41.18148553],[1.53181636,41.18170226],[1.53249764,41.18191254],[1.53680551,41.1819365],[1.53718913,41.18215144],[1.53763854,41.18234837],[1.53822172,41.18252265],[1.53896153,41.18256283],[1.53989685,41.18259168],[1.54082441,41.18265891],[1.54171884,41.18266535],[1.54236782,41.18263543],[1.5428766,41.18269455],[1.54344654,41.18280935],[1.544155,41.18295956],[1.54502416,41.1831001],[1.54583204,41.18324792],[1.54666996,41.18338215],[1.54765642,41.18352711],[1.54894793,41.18366075],[1.55032146,41.1838057],[1.55187595,41.18393946],[1.55334997,41.18408465],[1.55480671,41.18421984],[1.55588555,41.18436706],[1.55671465,41.18450212],[1.55743957,41.18463814],[1.55824411,41.18473935],[1.55876982,41.18495965],[1.55961394,41.18506026],[1.56036675,41.18519533],[1.56112576,41.18532813],[1.56184864,41.18547428],[1.56257772,41.1856184],[1.56321526,41.18579674],[1.57009685,41.18585575],[1.57073987,41.18603218],[1.57147813,41.18617284],[1.57220924,41.18631601],[1.57294726,41.18645644],[1.57359028,41.18663287],[1.57671845,41.18669236],[1.5773561,41.18687046],[1.57819974,41.18701315],[1.57931006,41.18715727],[1.58066547,41.18728924],[1.58167803,41.18743324],[1.58238232,41.18756676],[1.58300495,41.18771064],[1.58371484,41.18784261],[1.58443356,41.18798673],[1.58516967,41.18812954],[1.58581424,41.18830752],[1.59441733,41.18836653],[1.59562445,41.18854463],[1.59704161,41.18868744],[1.5982244,41.18883157],[1.59916401,41.18896306],[1.59977555,41.18910587],[1.60027123,41.18923736],[1.60097575,41.18938172],[1.60196972,41.18952465],[1.60288763,41.18970263],[1.60607088,41.18963623],[1.60647964,41.18953776],[1.60696864,41.18960333],[1.60758185,41.18983281],[1.60821033,41.19005787],[1.60876274,41.1902827],[1.61437285,41.19031966],[1.61570203,41.19049764],[1.61731446,41.19064045],[1.61877763,41.19078457],[1.6201452,41.19091642],[1.62123704,41.19106054],[1.62217414,41.19119394],[1.62288368,41.19133794],[1.62347245,41.19146967],[1.62400556,41.19161391],[1.62454236,41.19175684],[1.62503934,41.19193482],[1.63012195,41.19199383],[1.63076663,41.19217181],[1.6314795,41.19231462],[1.63211906,41.19245875],[1.63270676,41.19259036],[1.6332525,41.19273424],[1.63380945,41.19286811],[1.63435495,41.19301331],[1.6349169,41.1931473],[1.63546216,41.19329226],[1.63601911,41.19342625],[1.63656461,41.19357145],[1.63715327,41.19370532],[1.6377964,41.19385028],[1.63851488,41.19398427],[1.63915825,41.19412935],[1.63974547,41.19426334],[1.64028442,41.19440842],[1.64079285,41.1945132],[1.64137077,41.19468737],[1.64198983,41.19482255],[1.64272952,41.19496977],[1.64358032,41.19510484],[1.64423835,41.19524085],[1.64472747,41.19534194],[1.64510202,41.19553351],[1.64641273,41.19585431],[1.64756274,41.19620347],[1.64850843,41.19633472],[1.64935195,41.19624424],[1.65039265,41.19609761],[1.65169811,41.19598246],[1.65322268,41.19598722],[1.65418816,41.19602895],[1.65449154,41.19587302],[1.65435302,41.19545114],[1.65400577,41.19491863],[1.65371096,41.19446921],[1.65337563,41.19421947],[1.65286517,41.19409287],[1.65222633,41.19397151],[1.65151703,41.1938498],[1.65095532,41.19370687],[1.65053606,41.19357145],[1.65016794,41.19342506],[1.64980125,41.19329405],[1.64944041,41.19316053],[1.64913452,41.19304562],[1.64894211,41.1928966],[1.64884412,41.19269526],[1.64915204,41.1924932],[1.64971673,41.19259381],[1.65018046,41.19272876],[1.65059161,41.19286156],[1.65104485,41.19300783],[1.65156901,41.19315183],[1.65207446,41.19333017],[1.65693986,41.19333637],[1.65702856,41.19361782],[1.6569705,41.19390535],[1.65667176,41.19409716],[1.65621304,41.19428706],[1.65592611,41.19472134],[1.65608847,41.19542897],[1.65691257,41.19599664],[1.65827203,41.19633555],[1.6595782,41.19659924],[1.66065335,41.19678044],[1.66140068,41.19692957],[1.66203141,41.19705546],[1.66273487,41.19719517],[1.66358972,41.19733655],[1.66436446,41.19751453],[1.66795528,41.19744456],[1.66834784,41.19735265],[1.66878343,41.19743204],[1.66928256,41.19768214],[1.66983724,41.19789934],[1.67065001,41.19798696],[1.67182136,41.19783366],[1.67292535,41.19754624],[1.67377317,41.19753468],[1.67448962,41.19783533],[1.67501175,41.19812036],[1.67540514,41.19832373],[1.67578673,41.19846284],[1.67623866,41.19860041],[1.67675924,41.19872975],[1.67722416,41.19887555],[1.67762125,41.19901037],[1.67798913,41.19914687],[1.67835104,41.19924831],[1.68085504,41.20107615],[1.68164563,41.20149362],[1.68250108,41.20199525],[1.68314195,41.20233381],[1.68357718,41.20252967],[1.68393195,41.20265257],[1.68427575,41.20277762],[1.68463123,41.20290065],[1.68501902,41.20306253],[1.68548203,41.20327365],[1.68603575,41.20356047],[1.68660212,41.20381248],[1.68716192,41.20398974],[1.6876173,41.20400417],[1.68793905,41.20404506],[1.68813062,41.20430172],[1.68826175,41.20477116],[1.68843305,41.20521236],[1.68866551,41.20554161],[1.68904436,41.20572352],[1.68953502,41.20572817],[1.6901015,41.20573604],[1.69066215,41.20583451],[1.69122005,41.20597434],[1.69172728,41.20616102],[1.69205642,41.20622373],[1.69242716,41.20640171],[1.69279814,41.20654452],[1.69316912,41.20668864],[1.69353855,41.20682037],[1.69390321,41.20696437],[1.69426048,41.20709801],[1.69462252,41.20724201],[1.69503641,41.20737386],[1.69558692,41.20751786],[1.69628048,41.20766067],[1.69693112,41.20783865],[1.70238435,41.20784104],[1.70286703,41.20766151],[1.70341694,41.20751238],[1.70405364,41.20735371],[1.70489085,41.20720911],[1.70593834,41.20710325],[1.70715094,41.20715797],[1.70795596,41.20738995],[1.7082901,41.20764232],[1.70849287,41.20782483],[1.70877266,41.20799696],[1.70910013,41.20826197],[1.70940137,41.20857418],[1.7097913,41.20887494],[1.71030295,41.2091397],[1.71096134,41.20943403],[1.71167803,41.20968974],[1.71232212,41.20988226],[1.71281254,41.20989943],[1.71321476,41.20984435],[1.71495986,41.21115625],[1.71577406,41.21136153],[1.71671522,41.21163917],[1.71782935,41.21191323],[1.71893537,41.21219325],[1.71992576,41.21239567],[1.72056627,41.21255577],[1.72094023,41.21268916],[1.72124946,41.21283925],[1.72174203,41.21298122],[1.72275054,41.21310222],[1.72433805,41.21310866],[1.72586441,41.21298647],[1.72722411,41.21279395],[1.72805083,41.2125138],[1.72839296,41.21221125],[1.72852576,41.21192217],[1.72848296,41.21164215],[1.72827578,41.21134675],[1.72797275,41.21100235],[1.72759843,41.21061027],[1.72736061,41.21024346],[1.72734165,41.20987725],[1.72757697,41.20947874],[1.72783315,41.20910084],[1.72808337,41.20871234],[1.72833955,41.20807958],[1.72872603,41.20768797],[1.72915757,41.20764947],[1.72948325,41.20790064],[1.7295382,41.20830011],[1.72941124,41.20882475],[1.72936821,41.20938337],[1.72952235,41.20963395],[1.72982204,41.20960856],[1.73012841,41.20966685],[1.73034251,41.21010065],[1.73050511,41.21087515],[1.73072445,41.21151495],[1.73100138,41.21208644],[1.73128283,41.2129184],[1.73129678,41.21400142],[1.73106861,41.21481454],[1.73088312,41.21530986],[1.73462522,41.21523011],[1.73516142,41.21535528],[1.73572123,41.21528125],[1.73616862,41.2149111],[1.73644161,41.21434724],[1.73666584,41.21376205],[1.73687601,41.21311831],[1.73704875,41.21242273],[1.73693872,41.21170855],[1.73630643,41.21130073],[1.7352823,41.21113455],[1.73459816,41.21094334],[1.73430586,41.21058631],[1.73413885,41.21010494],[1.73400152,41.20954084],[1.73384035,41.20904756],[1.73369014,41.20866394],[1.73349071,41.20845282],[1.73322153,41.20836174],[1.73132706,41.20705891],[1.73095465,41.20695877],[1.7305783,41.20682764],[1.73019457,41.20670545],[1.72981501,41.20657122],[1.72948635,41.20640862],[1.72929573,41.20610774],[1.72931743,41.20568717],[1.72960067,41.20542514],[1.73010933,41.20539773],[1.73066056,41.20551336],[1.73114312,41.2056452],[1.73143756,41.20581245],[1.73166656,41.20605195],[1.73205757,41.20634866],[1.73265612,41.20672047],[1.73339295,41.20727026],[1.73402238,41.20787191],[1.73458135,41.20850825],[1.73492193,41.20905066],[1.73512375,41.2094233],[1.73528123,41.20966053],[1.73556161,41.20980096],[1.73601985,41.2099117],[1.73651373,41.21006441],[1.73762822,41.21013522],[1.73813856,41.21029115],[1.73858941,41.21040714],[1.73877561,41.21055067],[1.73868406,41.21077216],[1.73849666,41.21107864],[1.73827982,41.21149993],[1.73809016,41.21202457],[1.73789585,41.21250474],[1.73771977,41.21295846],[1.73752582,41.21343946],[1.73733616,41.21404314],[1.73711908,41.21474922],[1.73693037,41.21552265],[1.73683512,41.21603048],[1.73701716,41.21625173],[1.73747575,41.21635103],[1.73803222,41.21646214],[1.73864567,41.21658266],[1.73930144,41.21672654],[1.74002337,41.21686244],[1.7406671,41.21700871],[1.74125135,41.21714294],[1.74177754,41.21728754],[1.74229372,41.21742094],[1.74281526,41.21756613],[1.74352253,41.21770394],[1.74464381,41.21785963],[1.74620151,41.21800566],[1.74748981,41.21813154],[1.74839342,41.21814084],[1.74882495,41.21800375],[1.74910831,41.21779466],[1.74974775,41.21766317],[1.75081766,41.21773636],[1.7516458,41.21806121],[1.75210786,41.21853471],[1.75323105,41.21928942],[1.75407076,41.21925223],[1.75446606,41.21910346],[1.7578125,41.21902895],[1.76032495,41.21883857],[1.76135921,41.21837425],[1.76217484,41.21823001],[1.7626065,41.21846974],[1.76284444,41.21900022],[1.76312625,41.21958685],[1.76679754,41.21951211],[1.76694882,41.21996081],[1.76732397,41.22048128],[1.76823068,41.2208606],[1.76948381,41.22095716],[1.77025974,41.22082758],[1.77056932,41.22060704],[1.77081335,41.22044432],[1.77115405,41.22042894],[1.77146554,41.22060704],[1.77180707,41.22099745],[1.77227366,41.22150767],[1.7727133,41.22188234],[1.77332616,41.22206795],[1.77415144,41.22218156],[1.77469325,41.22237706],[1.77502716,41.22266102],[1.77555716,41.22287095],[1.77633595,41.22299933],[1.77685165,41.22314775],[1.77723491,41.22332954],[1.77804744,41.22344744],[1.77945197,41.22342706],[1.78076851,41.22328567],[1.78427684,41.22324371],[1.78464496,41.22342253],[1.78506827,41.22356606],[1.78562665,41.22370911],[1.78629971,41.22383428],[1.78684592,41.22396362],[1.78726494,41.22408605],[1.78769362,41.22427547],[1.78826284,41.22460711],[1.7889384,41.22512484],[1.78944194,41.22558296],[1.78984666,41.22588682],[1.79016137,41.22604585],[1.79038453,41.22621381],[1.79061437,41.22650421],[1.79094207,41.22689736],[1.79126906,41.22726977],[1.79167295,41.22757864],[1.79215908,41.22782874],[1.79271662,41.22810602],[1.7932744,41.2283715],[1.79384625,41.22866595],[1.79439771,41.22893667],[1.79494894,41.22920954],[1.79545295,41.22941184],[1.79572618,41.22955954],[1.79636335,41.22986794],[1.79704666,41.23024201],[1.79761767,41.23050797],[1.79814637,41.23070276],[1.79875481,41.23090064],[1.79938221,41.23117244],[1.79994786,41.23144484],[1.80048156,41.23172414],[1.80096936,41.23192275],[1.80152702,41.23207343],[1.80224848,41.23219907],[1.80304873,41.23237777],[1.80397642,41.23264956],[1.80483341,41.23301864],[1.80536044,41.23327994],[1.80558562,41.23346603],[1.80568731,41.23363936],[1.80585456,41.23377764],[1.80614412,41.23389947],[1.80649745,41.23406196],[1.81204641,41.23393512],[1.81273055,41.23417354],[1.81339848,41.23461473],[1.81378353,41.23504591],[1.81398642,41.23538268],[1.81422806,41.23562551],[1.81486344,41.2357434],[1.81596601,41.23571122],[1.81701887,41.23556018],[1.82063401,41.23559916],[1.82094002,41.23452795],[1.82126093,41.23342192],[1.82187211,41.23277795],[1.82281303,41.23247373],[1.82351613,41.23216605],[1.82383072,41.23182785],[1.82402515,41.23162734],[1.82431603,41.23162055],[1.82477546,41.23175931],[1.82540715,41.23196816],[1.82608855,41.23226488],[1.8267076,41.23261464],[1.82719481,41.23309231],[1.82735932,41.23357773],[1.82733572,41.23395562],[1.82739556,41.23425293],[1.8275336,41.2345252],[1.82771993,41.23480117],[1.82788146,41.23508775],[1.82804763,41.23537195],[1.82826364,41.23561144],[1.82873785,41.2357372],[1.82952476,41.23571026],[1.83029962,41.23556185],[1.83097756,41.23549104],[1.83134794,41.23521197],[1.83651125,41.23518407],[1.83700836,41.23500442],[1.83751714,41.23485672],[1.83795392,41.23470295],[1.83839202,41.23456705],[1.83902895,41.23446214],[1.83998513,41.23447132],[1.84110141,41.2345587],[1.84230185,41.23456252],[1.8431164,41.23444617],[1.84364605,41.23430383],[1.84425926,41.23418784],[1.84515083,41.23419225],[1.84616065,41.23427868],[1.84726822,41.23428285],[1.84818411,41.23416698],[1.84894848,41.23402464],[1.84956813,41.23390865],[1.85021305,41.23391247],[1.85103285,41.23399985],[1.85205185,41.23400772],[1.85287941,41.23389947],[1.85351896,41.23376071],[1.85407043,41.23361444],[1.85465121,41.2335062],[1.85510314,41.23377681],[1.85536754,41.23384833],[1.85555983,41.23398948],[1.85570574,41.23421764],[1.85589087,41.23450112],[1.85612524,41.23482478],[1.85646343,41.23518741],[1.86001575,41.2352916],[1.86055672,41.23579681],[1.86089301,41.23618042],[1.86111236,41.23647404],[1.8612771,41.23675525],[1.86145902,41.23709321],[1.8616327,41.23752105],[1.86181426,41.23799956],[1.86195564,41.23850536],[1.8620913,41.23891807],[1.86633337,41.23883653],[1.86658883,41.23836923],[1.86656451,41.23792481],[1.86621881,41.23757386],[1.86575532,41.23727846],[1.86538303,41.2368623],[1.86530876,41.23638046],[1.86554837,41.23609781],[1.86594653,41.23606145],[1.866243,41.23618543],[1.86647487,41.23635221],[1.86686528,41.23648322],[1.86740828,41.23669565],[1.86770737,41.23728132],[1.86762714,41.23827672],[1.86735761,41.23911667],[1.86732614,41.23966956],[1.86760712,41.24008775],[1.86795795,41.24039614],[1.86832798,41.24057686],[1.86860514,41.24065685],[1.86877668,41.24089408],[1.86912227,41.24134767],[1.87014568,41.24175394],[1.87196422,41.24200952],[1.87287462,41.24212027],[1.873106,41.24223292],[1.87330067,41.24246454],[1.87359107,41.24282801],[1.87420392,41.24315631],[1.87505054,41.24336195],[1.87576592,41.24355352],[1.87642181,41.24382043],[1.87718284,41.24419224],[1.87792861,41.24446654],[1.8786236,41.24464977],[1.87931895,41.24477744],[1.87985706,41.24490821],[1.88026285,41.24503517],[1.88064587,41.24519897],[1.88109374,41.24540508],[1.88161743,41.24566782],[1.88211656,41.24587047],[1.88260114,41.24602556],[1.88305283,41.24614191],[1.88332713,41.24628437],[1.88347113,41.2464596],[1.88365364,41.24660695],[1.88394403,41.24673402],[1.88429451,41.24689841],[1.88540876,41.24700415],[1.88589644,41.24711132],[1.88640451,41.24710464],[1.88687921,41.24703646],[1.88743663,41.24709737],[1.88823974,41.24731576],[1.88919318,41.24752057],[1.88997436,41.24770474],[1.89057994,41.2478981],[1.89099908,41.24815953],[1.89130402,41.24840474],[1.89177406,41.24856186],[1.89244044,41.24866295],[1.89287651,41.24879813],[1.89310658,41.24897647],[1.89346671,41.24913204],[1.89415514,41.24925327],[1.89506447,41.24935603],[1.89610767,41.24937356],[1.89690936,41.24934697],[1.89756143,41.24937582],[1.89822435,41.24935853],[1.8987571,41.24924827],[1.89916706,41.24910331],[1.89953065,41.24891531],[1.89987612,41.24879122],[1.90026534,41.24866521],[1.90066254,41.24870455],[1.90104604,41.24896061],[1.90138102,41.24935341],[1.9017297,41.24983585],[1.90199184,41.25032246],[1.90223014,41.25077558],[1.90249372,41.25126708],[1.90281928,41.25179327],[1.90306413,41.25231552],[1.90328801,41.25283682],[1.90361536,41.25338018],[1.90424001,41.25377476],[1.90501404,41.25397456],[1.90548325,41.2541213],[1.90571284,41.25428462],[1.90606844,41.25442386],[1.90675855,41.25454044],[1.90767074,41.25467682],[1.90869665,41.25480986],[1.90942562,41.25495768],[1.90994525,41.25509334],[1.91059065,41.25522983],[1.91153264,41.25533092],[1.91190088,41.25543106],[1.91286373,41.25570238],[1.91411054,41.25613892],[1.91536033,41.25646293],[1.91615272,41.25661993],[1.91658854,41.25661278],[1.91694725,41.25655925],[1.91746235,41.25666666],[1.91826677,41.25699043],[1.91918385,41.2574805],[1.91978145,41.257815],[1.92002881,41.25801623],[1.92016065,41.25819254],[1.92047524,41.25837827],[1.92109466,41.25863552],[1.92178845,41.25893974],[1.92223215,41.25900054],[1.92251778,41.25881815],[1.92285454,41.2585628],[1.92317295,41.25832355],[1.92334092,41.25793946],[1.9233098,41.25734484],[1.92316675,41.25680184],[1.92310595,41.25637448],[1.92315435,41.25606394],[1.92371225,41.25638235],[1.92416942,41.25645995],[1.92443907,41.25659335],[1.92457736,41.25677013],[1.92477894,41.25693583],[1.92515934,41.25712538],[1.92568386,41.25739872],[1.92622125,41.25767303],[1.92677295,41.25794911],[1.92738652,41.25813377],[1.92826974,41.25826323],[1.92935967,41.25839996],[1.92993557,41.25872648],[1.92982733,41.25934863],[1.92930806,41.26007342],[1.93333375,41.26149404],[1.93732893,41.26256704],[1.94146681,41.26321065],[1.94717407,41.26363993],[1.95388043,41.26406896],[1.96729267,41.26417625],[1.9842602,41.2638545],[1.99853218,41.26417625],[2.01494515,41.26524925],[2.02735233,41.26666546],[2.04453731,41.26951933],[2.04644334,41.26995432],[2.05572736,41.27207267],[2.06691754,41.27507675],[2.07490444,41.27660966],[2.07630932,41.27687931],[2.08929777,41.28108501],[2.10806143,41.28733647],[2.10859013,41.28743541],[2.10918975,41.28794634],[2.109375,41.28794634],[2.10990298,41.28795314],[2.11031127,41.28816366],[2.11077166,41.28838146],[2.11128807,41.28864336],[2.11177075,41.28884637],[2.11226475,41.28900075],[2.11283684,41.28910017],[2.11477482,41.29035497],[2.11565077,41.29075325],[2.11641586,41.29125786],[2.11686397,41.29163945],[2.11719847,41.29183054],[2.11756301,41.29192674],[2.12230682,41.29426003],[2.12550616,41.29537582],[2.12779152,41.29597664],[2.12973404,41.29649162],[2.13144803,41.29674911],[2.13407624,41.29726398],[2.13567591,41.29726398],[2.1364758,41.29657745],[2.13716125,41.2950325],[2.13750422,41.29348755],[2.13784695,41.29297245],[2.13818967,41.29400253],[2.13796115,41.29571915],[2.13669062,41.29727101],[2.13541615,41.29882765],[2.13270485,41.30086887],[2.13167655,41.30155563],[2.13238466,41.30253005],[2.13380826,41.30326784],[2.13579023,41.30155563],[2.13727558,41.30026805],[2.13956094,41.29846573],[2.14310324,41.29589081],[2.14584565,41.29511833],[2.14881647,41.29486084],[2.15201604,41.29546165],[2.15441561,41.29657745],[2.15807211,41.30009651],[2.16104305,41.30327225],[2.15990043,41.30327225],[2.15647233,41.29958153],[2.15430117,41.29743564],[2.15293014,41.29657745],[2.15178752,41.29606235],[2.15018773,41.29563332],[2.14778805,41.29546165],[2.14504576,41.29580486],[2.14276028,41.29692066],[2.13921821,41.29958153],[2.13738978,41.30112636],[2.13897252,41.30312455],[2.13962507,41.30394864],[2.14169765,41.3065654],[2.14276028,41.3079071],[2.14458704,41.30988121],[2.14732957,41.30842197],[2.14950085,41.30945206],[2.15498614,41.31503105],[2.1505295,41.31700516],[2.15224361,41.31923676],[2.15361488,41.32069576],[2.15327215,41.32138252],[2.15228093,41.32127476],[2.15157223,41.32082462],[2.15117753,41.32063282],[2.15081394,41.32065105],[2.15032554,41.32067561],[2.14978457,41.32058036],[2.14860082,41.32059801],[2.14789546,41.3207978],[2.14890575,41.32091296],[2.1498034,41.32106686],[2.15063858,41.32139862],[2.15141392,41.3219316],[2.15193975,41.32244945],[2.15233016,41.32289791],[2.15259492,41.32324958],[2.15284455,41.32354712],[2.15416884,41.32714391],[2.15538991,41.3274765],[2.15870404,41.32756233],[2.15961826,41.32756233],[2.16259408,41.3343997],[2.16494203,41.33979416],[2.16497636,41.34038973],[2.16462791,41.34085846],[2.16402257,41.34122097],[2.16330326,41.34159565],[2.16273737,41.34185362],[2.16233516,41.34202814],[2.16198385,41.34215987],[2.16154933,41.34230578],[2.16087794,41.34244335],[2.15943456,41.3428992],[2.15644801,41.34160101],[2.15480888,41.33934724],[2.15463245,41.33892322],[2.15444255,41.33860254],[2.15426564,41.33829057],[2.15404654,41.33786118],[2.15377331,41.3372637],[2.15342462,41.33665538],[2.15315115,41.33614922],[2.15293157,41.33578312],[2.15275586,41.33549654],[2.15257025,41.33523285],[2.15240121,41.3349719],[2.15222085,41.33470702],[2.15204704,41.33441114],[2.15180242,41.33401728],[2.15144074,41.33347416],[2.14906013,41.32962215],[2.14599502,41.33050728],[2.14740956,41.33322167],[2.14581704,41.33427715],[2.14558053,41.33480895],[2.14544606,41.33533025],[2.14576006,41.33585155],[2.14679623,41.33629537],[2.14822412,41.33654988],[2.14925158,41.33673334],[2.14993656,41.33697188],[2.15059793,41.337363],[2.15048063,41.34257841],[2.15094638,41.34596765],[2.15196812,41.34584963],[2.15283275,41.34561348],[2.15306854,41.34372532],[2.15306854,41.34230912],[2.15526485,41.34363806],[2.15613151,41.34390056],[2.15672958,41.34416163],[2.15709376,41.34434307],[2.15726864,41.34450078],[2.15737164,41.34467387],[2.15757537,41.34483695],[2.15796852,41.34502566],[2.15848923,41.34528005],[2.15896595,41.34548402],[2.15937114,41.34564042],[2.15974474,41.34574127],[2.16181791,41.34723794],[2.16151583,41.34779763],[2.16121411,41.34835577],[2.16119802,41.34890795],[2.16154015,41.34944737],[2.16210914,41.34997904],[2.16291916,41.35046256],[2.16366935,41.35064542],[2.16420567,41.35057545],[2.16462028,41.35045183],[2.16686356,41.34864771],[2.16795826,41.34903586],[2.16889214,41.34958506],[2.16954112,41.35016024],[2.17007291,41.35071182],[2.17039895,41.35111928],[2.17062616,41.35143101],[2.17086577,41.35177565],[2.17123604,41.35225523],[2.17171574,41.35287225],[2.17240226,41.35359395],[2.17245305,41.35625935],[2.17225492,41.35644531],[2.17220533,41.35663116],[2.1700145,41.35818744],[2.17063415,41.35875726],[2.1717658,41.35916472],[2.17333376,41.35921061],[2.17464626,41.35900426],[2.17551541,41.35888255],[2.17592394,41.35896432],[2.17609072,41.35921693],[2.17619824,41.35958111],[2.17618525,41.35999727],[2.17604685,41.36034906],[2.17586315,41.36059785],[2.17555261,41.36074495],[2.17508221,41.36084402],[2.17460263,41.36096835],[2.17416334,41.36112821],[2.17378676,41.36139035],[2.17353547,41.36176944],[2.1733762,41.36234784],[2.17338347,41.36309695],[2.17353976,41.36365795],[2.17372453,41.36401081],[2.17393923,41.36428797],[2.17418396,41.36458373],[2.17452431,41.36492467],[2.17682934,41.36492825],[2.17719042,41.36474931],[2.17754698,41.3646003],[2.17791176,41.36443913],[2.17833865,41.36428726],[2.17891884,41.36417174],[2.17964053,41.36423564],[2.18022275,41.36454713],[2.18056226,41.36499751],[2.18071794,41.36545718],[2.18052244,41.36589527],[2.17982125,41.36621416],[2.17885375,41.36638236],[2.17821372,41.36655176],[2.17785954,41.36685562],[2.17754304,41.36730576],[2.17728901,41.36778498],[2.17702985,41.36820853],[2.17703617,41.36957848],[2.1770606,41.37083101],[2.17799354,41.37119412],[2.17881107,41.37130487],[2.17940974,41.37117255],[2.17999971,41.37092876],[2.18083,41.37067914],[2.18179154,41.37067366],[2.18240404,41.37098134],[2.18246806,41.37142932],[2.18214595,41.37179077],[2.18177867,41.37198734],[2.18155074,41.37213504],[2.18141794,41.37230027],[2.18120825,41.37246025],[2.18081951,41.37264538],[2.18030143,41.37288833],[2.17981195,41.37307465],[2.1793617,41.37324023],[2.17892206,41.37346494],[2.17859185,41.37388766],[2.17863941,41.37444186],[2.17920506,41.37487125],[2.18016112,41.37509954],[2.18125915,41.37523615],[2.18259537,41.37531495],[2.18351901,41.37614655],[2.18400073,41.37707412],[2.18474686,41.37766755],[2.18558371,41.37765861],[2.18613481,41.37699175],[2.18625665,41.37595487],[2.18609846,41.37520707],[2.18586981,41.37479663],[2.18559325,41.3745234],[2.18552184,41.37125945],[2.18528342,41.37098408],[2.18508744,41.37064612],[2.18488264,41.37015235],[2.18469656,41.36952043],[2.18454123,41.36902201],[2.18453276,41.36868322],[2.18466866,41.36843503],[2.18484545,41.36825585],[2.18511605,41.36811745],[2.18550563,41.36784124],[2.18583274,41.36715412],[2.18573463,41.36614776],[2.18500078,41.36541271],[2.18383956,41.36496985],[2.18291295,41.36452663],[2.18246603,41.36408567],[2.18223906,41.36371684],[2.18201685,41.36334455],[2.18165612,41.36285937],[2.18120801,41.36224985],[2.18063104,41.36155212],[2.18008184,41.36084795],[2.17952931,41.36014557],[2.17912126,41.35948265],[2.17822456,41.35873604],[2.17780924,41.35800445],[2.17730355,41.35719395],[2.1769433,41.35640812],[2.17670321,41.35582554],[2.17653155,41.35535312],[2.17635095,41.3548907],[2.17618132,41.35438025],[2.1759963,41.35391295],[2.17582631,41.35341752],[2.17562103,41.35278034],[2.17535961,41.35194635],[2.17497182,41.35118616],[2.17451346,41.35053682],[2.17393184,41.34991348],[2.17338026,41.34922814],[2.17284441,41.34826994],[2.17250645,41.34721565],[2.17226994,41.34662855],[2.17203391,41.34644735],[2.17182815,41.34634626],[2.17165613,41.34611106],[2.17153323,41.34563506],[2.17161822,41.34455681],[2.17093253,41.34052265],[2.17036104,41.33674622],[2.17104673,41.33520114],[2.17093253,41.33460045],[2.16898966,41.32627475],[2.16967535,41.32567406],[2.17322695,41.3421663],[2.17442083,41.34771037],[2.17469966,41.34833014],[2.17498505,41.34903514],[2.17532492,41.34962213],[2.17559123,41.35005236],[2.17583322,41.35050035],[2.17610025,41.35108495],[2.1764369,41.35167944],[2.17670465,41.35217834],[2.17694747,41.35255301],[2.17721188,41.35288656],[2.17754185,41.35324824],[2.17780662,41.35365355],[2.17807603,41.3542664],[2.17843854,41.35518396],[2.17892957,41.35611033],[2.17928874,41.35685015],[2.17955184,41.35738266],[2.1798166,41.35787678],[2.18017864,41.35840654],[2.18054211,41.35896087],[2.18091845,41.35950482],[2.18119085,41.35999763],[2.18139231,41.36043501],[2.18152094,41.36088777],[2.18189597,41.36131811],[2.18200207,41.36157715],[2.18242693,41.36205554],[2.18253315,41.36259365],[2.18423772,41.36409855],[2.18465304,41.36418271],[2.18510246,41.36428475],[2.18555641,41.36437476],[2.18590546,41.36455834],[2.18626726,41.36500132],[2.18674338,41.36578691],[2.18709707,41.36669874],[2.18736494,41.36739635],[2.18763268,41.3679378],[2.18796802,41.36838651],[2.18823254,41.36873186],[2.18844926,41.36901772],[2.18863678,41.36928785],[2.18886566,41.36955786],[2.18891442,41.37342405],[2.18919325,41.37383294],[2.18947864,41.37429476],[2.18981886,41.37474656],[2.19008541,41.375144],[2.19032681,41.37559497],[2.19059062,41.37618136],[2.19092035,41.37677252],[2.19118536,41.37729084],[2.19145465,41.37776566],[2.1918174,41.37830925],[2.19230831,41.37887394],[2.19266737,41.37929702],[2.19293058,41.37961984],[2.19319546,41.37997317],[2.19355726,41.38044584],[2.1939193,41.38099837],[2.19429243,41.38155544],[2.19456315,41.38204014],[2.19477654,41.38240314],[2.19495034,41.38269222],[2.19513965,41.38296127],[2.19531643,41.38323283],[2.19549727,41.38350916],[2.19563234,41.38378787],[2.19656074,41.38465703],[2.19689047,41.38498175],[2.19745445,41.38521886],[2.19818008,41.38521385],[2.19875026,41.38496256],[2.19911337,41.38462257],[2.19947708,41.38431311],[2.19988334,41.3841027],[2.20033431,41.38395596],[2.2007848,41.38393283],[2.20112216,41.3840903],[2.20148063,41.38446295],[2.20201516,41.38501632],[2.20256901,41.38560915],[2.20314133,41.38623691],[2.20352435,41.3867774],[2.20371473,41.38717115],[2.20364261,41.38747656],[2.20331121,41.38771296],[2.20287752,41.38784885],[2.20239556,41.38798964],[2.20186055,41.38830435],[2.20143163,41.38905954],[2.20151865,41.39022636],[2.20214176,41.39146793],[2.20478404,41.39138782],[2.20540452,41.39237952],[2.20592761,41.39344645],[2.20645285,41.39440632],[2.20685005,41.39514351],[2.20723951,41.39558721],[2.20771277,41.39579523],[2.20839298,41.39588523],[2.20925045,41.39581084],[2.20986736,41.39557016],[2.21015465,41.39530742],[2.21038616,41.39509583],[2.21078026,41.39488101],[2.21133661,41.39464331],[2.21185231,41.39460087],[2.21211576,41.39486933],[2.21187592,41.39546001],[2.21126437,41.39639151],[2.21092331,41.39738524],[2.21103072,41.39814174],[2.21155322,41.39877832],[2.21253705,41.39929914],[2.21360588,41.39948416],[2.21434736,41.39940786],[2.21485245,41.39927876],[2.21491921,41.39936113],[2.2147578,41.39991164],[2.21464765,41.40058827],[2.21482003,41.40148532],[2.21533334,41.40232027],[2.21595705,41.40296817],[2.21670854,41.40350544],[2.21740377,41.40386605],[2.21919167,41.40513384],[2.21956336,41.40513384],[2.22225058,41.40722573],[2.22249424,41.40752172],[2.2228899,41.40781403],[2.22340453,41.40811396],[2.22394002,41.4085114],[2.22432744,41.40891564],[2.22636986,41.41055346],[2.22664475,41.41093731],[2.22698843,41.41133595],[2.22725856,41.41167772],[2.22747695,41.4119693],[2.22765315,41.41225946],[2.22783911,41.4125998],[2.22800851,41.41300225],[2.22818828,41.41340876],[2.22835982,41.41383314],[2.22859907,41.41428864],[2.22895825,41.4148643],[2.22946346,41.41552925],[2.22988462,41.41610742],[2.23028696,41.41649401],[2.23072565,41.41669703],[2.23128951,41.41680527],[2.23199785,41.41678548],[2.23265958,41.41664875],[2.23325324,41.41648614],[2.23372507,41.41633976],[2.23406017,41.41632831],[2.23420894,41.41652775],[2.23411596,41.41692364],[2.23381197,41.41738784],[2.23286986,41.41737676],[2.23249948,41.41771543],[2.23223507,41.41815984],[2.23207927,41.41895056],[2.23214531,41.4197613],[2.23217344,41.42010903],[2.23256707,41.42105806],[2.23313642,41.42175317],[2.23382986,41.42238045],[2.23429,41.42283392],[2.23456705,41.42316985],[2.23480225,41.42351985],[2.23512185,41.42393112],[2.23549545,41.42430365],[2.23609924,41.42453015],[2.23694301,41.42448485],[2.23777425,41.42426252],[2.23839545,41.42419124],[2.23867607,41.42442453],[2.23865676,41.42489243],[2.23846793,41.42532337],[2.23826468,41.42565501],[2.2380563,41.4259361],[2.23786151,41.42620611],[2.23762465,41.42647707],[2.23762774,41.42899513],[2.23786366,41.42925894],[2.23805106,41.42951584],[2.23823726,41.42978251],[2.23841071,41.43013716],[2.23862648,41.43071723],[2.23889017,41.43152297],[2.23921895,41.43218708],[2.23948073,41.4326241],[2.23977065,41.43303335],[2.24022853,41.43360996],[2.24090743,41.43431103],[2.24145985,41.43492675],[2.24187791,41.43551564],[2.24213397,41.43608284],[2.24234605,41.43651664],[2.24259543,41.43688715],[2.24297321,41.43729877],[2.24342215,41.43776631],[2.24399066,41.43831527],[2.24453938,41.43887734],[2.24513555,41.43951595],[2.24567735,41.44021082],[2.24622154,41.44098353],[2.24662471,41.44180226],[2.24753106,41.44262075],[2.24779964,41.44299555],[2.24818981,41.44343376],[2.24864376,41.44394815],[2.24918544,41.44456196],[2.24962235,41.44511223],[2.2500143,41.4454689],[2.25033665,41.44564152],[2.25057185,41.44580698],[2.25081384,41.44609117],[2.25113702,41.44647455],[2.25139856,41.44683504],[2.25163031,41.44715214],[2.25187564,41.44744396],[2.25220883,41.44768512],[2.25252771,41.44783545],[2.25278962,41.44802284],[2.25313044,41.44838583],[2.25366735,41.44893157],[2.25421214,41.44950545],[2.2547456,41.45005214],[2.25507784,41.45041704],[2.25533211,41.45060694],[2.25567186,41.45075452],[2.25610983,41.45097315],[2.25616896,41.45159042],[2.25786483,41.45278656],[2.25813103,41.45286095],[2.25837791,41.4530493],[2.25870204,41.45342314],[2.25915456,41.45391226],[2.25950885,41.45427585],[2.25991821,41.45450735],[2.26058817,41.4548068],[2.26138675,41.45533061],[2.26203334,41.45591223],[2.26257825,41.45646536],[2.26289737,41.45682657],[2.26313007,41.45700431],[2.26342881,41.45715165],[2.26381326,41.45743978],[2.26431143,41.45789135],[2.26504684,41.45844758],[2.26582122,41.45892215],[2.2665683,41.45934534],[2.26712716,41.45961034],[2.26753676,41.45977807],[2.26789534,41.45989907],[2.26825237,41.4600327],[2.26861787,41.46017134],[2.26898813,41.46034825],[2.26948583,41.46045375],[2.26973355,41.46060264],[2.26998127,41.46063983],[2.27189291,41.46197104],[2.27254426,41.46228194],[2.27326715,41.46268165],[2.27391386,41.46302354],[2.27448034,41.46331978],[2.27492845,41.46351743],[2.27530336,41.46366763],[2.27569175,41.46379328],[2.27618372,41.46395242],[2.27681136,41.46415305],[2.27742064,41.46440566],[2.27782905,41.46459615],[2.27803195,41.46476364],[2.2781924,41.46493864],[2.27855158,41.46507692],[2.27915311,41.46518874],[2.27972722,41.46533847],[2.28025222,41.46553946],[2.28080285,41.46582103],[2.28134406,41.46609557],[2.28187847,41.46637023],[2.28235495,41.46656561],[2.28285515,41.46673834],[2.28348124,41.46694994],[2.28418756,41.46727335],[2.28459895,41.46738446],[2.28497207,41.46756315],[2.28534412,41.46770644],[2.28571093,41.46784925],[2.28606606,41.46797371],[2.28641248,41.46810305],[2.28679407,41.46823025],[2.28733182,41.46843338],[2.28816295,41.46878135],[2.28918815,41.46927655],[2.29005134,41.4696244],[2.29068732,41.46982741],[2.29122531,41.46995485],[2.29166687,41.47008562],[2.29204726,41.47021258],[2.29240775,41.47035611],[2.29276395,41.47048831],[2.2931236,41.47062862],[2.29351485,41.47075832],[2.2940011,41.47091806],[2.29461896,41.47112095],[2.29526305,41.47140145],[2.2958461,41.47167551],[2.29640305,41.47195315],[2.2969048,41.47215855],[2.29723287,41.47234774],[2.29758596,41.47244871],[2.29794824,41.47258484],[2.29836524,41.47272003],[2.29892194,41.47286773],[2.29962516,41.47300303],[2.30027795,41.47314727],[2.30087328,41.47327638],[2.30140662,41.47341216],[2.30192363,41.47354233],[2.30243051,41.47372627],[2.30309665,41.47400034],[2.30405223,41.47436941],[2.30500126,41.47462988],[2.30551755,41.47481561],[2.30570292,41.47499013],[2.30586433,41.47513425],[2.3061645,41.47526741],[2.30661666,41.47543311],[2.30716145,41.47555625],[2.30764806,41.47551036],[2.30803621,41.47509766],[2.30836236,41.47444081],[2.3088212,41.47392917],[2.30941784,41.47363663],[2.30990624,41.47394931],[2.31064475,41.47424793],[2.31129897,41.47468495],[2.3118242,41.47515857],[2.31239402,41.47554231],[2.31291294,41.47561765],[2.31327045,41.47540283],[2.31333184,41.47508836],[2.31313443,41.4747529],[2.31281436,41.47436142],[2.31246114,41.47388923],[2.31235504,41.47346282],[2.31259024,41.47323823],[2.31307006,41.47322595],[2.31356275,41.47336471],[2.31399786,41.47361147],[2.31436968,41.47405195],[2.31467521,41.47460985],[2.31503773,41.47502923],[2.31542706,41.47523904],[2.31581247,41.47537446],[2.31619763,41.47554564],[2.31659305,41.47590125],[2.31704688,41.47646928],[2.31770647,41.47718072],[2.31774294,41.47751915],[2.31818032,41.47764635],[2.31880641,41.47782373],[2.31962395,41.47809601],[2.32053721,41.47837234],[2.32135832,41.47865534],[2.32202578,41.4788599],[2.32259345,41.47901976],[2.32323945,41.47914672],[2.32406306,41.47927701],[2.32499897,41.47939336],[2.32555294,41.47954154],[2.32575858,41.47972107],[2.3259263,41.47986984],[2.32625091,41.47998881],[2.32678425,41.48012412],[2.32744944,41.4802531],[2.32799125,41.48039353],[2.32846451,41.48052585],[2.32912338,41.48069048],[2.33013391,41.48089588],[2.33131433,41.48115802],[2.33253026,41.48136318],[2.33348334,41.48152721],[2.33422804,41.48165655],[2.33473444,41.48179185],[2.33514237,41.48192143],[2.33569396,41.48208535],[2.33657885,41.48229074],[2.33775985,41.48255265],[2.33907413,41.48275804],[2.34003043,41.48292243],[2.34068954,41.48305404],[2.34121811,41.48319435],[2.34175265,41.48332572],[2.34228945,41.48347056],[2.34285414,41.48360562],[2.34341085,41.48375273],[2.34398365,41.48388743],[2.34452605,41.48402452],[2.34503007,41.4841305],[2.34543431,41.48423195],[2.34536028,41.484375],[2.34649098,41.48449564],[2.34693265,41.48462927],[2.34755552,41.48480904],[2.34834552,41.48506176],[2.34919453,41.48526657],[2.34996986,41.48543274],[2.35072303,41.48556554],[2.35136235,41.48570585],[2.35191596,41.48583508],[2.35236084,41.48597443],[2.35276485,41.48610377],[2.35324335,41.48626363],[2.35385656,41.48646665],[2.35450327,41.48674786],[2.35509193,41.48702443],[2.35564375,41.48730552],[2.35610223,41.48750854],[2.35648835,41.48766804],[2.35684705,41.48779714],[2.3572036,41.48793733],[2.35758281,41.48807013],[2.35803342,41.48821712],[2.35859776,41.48835218],[2.35926557,41.48848856],[2.36008954,41.48858976],[2.36102128,41.48908103],[2.36216164,41.48917735],[2.36323595,41.48932862],[2.36439657,41.48953354],[2.36540258,41.4898175],[2.36623335,41.49009263],[2.3669461,41.49036407],[2.36748433,41.49054945],[2.36776185,41.49070764],[2.36791825,41.49088025],[2.36821318,41.49104226],[2.368752,41.49122763],[2.36935616,41.49147475],[2.36985016,41.49167573],[2.37027633,41.49186003],[2.37076163,41.49206388],[2.37136853,41.49232078],[2.37197161,41.49252152],[2.37245202,41.49268055],[2.37289631,41.49281013],[2.37347496,41.49296832],[2.37424326,41.49316788],[2.37495673,41.49342716],[2.37547994,41.49364388],[2.37589288,41.49385452],[2.37694585,41.49389112],[2.37731731,41.49406886],[2.37771571,41.49421167],[2.37818015,41.49435604],[2.37870061,41.49448884],[2.37916064,41.49463511],[2.37957776,41.49476981],[2.38004541,41.49490595],[2.38061321,41.49500716],[2.3825767,41.49630523],[2.38281214,41.49641824],[2.38301611,41.49665105],[2.38332355,41.49701667],[2.38394582,41.49734545],[2.38473165,41.49754047],[2.38521635,41.49769652],[2.38543773,41.49786413],[2.38570046,41.49800003],[2.38615561,41.49811184],[2.38672066,41.49826241],[2.38737643,41.49846387],[2.38803685,41.49874616],[2.38863111,41.49902093],[2.38917196,41.49929285],[2.389557,41.49947906],[2.38976085,41.49963772],[2.38988221,41.49980843],[2.39007425,41.49996078],[2.39037621,41.50012851],[2.39068735,41.50037122],[2.39094317,41.50060654],[2.39138126,41.50080216],[2.39220047,41.50107491],[2.39323854,41.50153875],[2.39408493,41.50168395],[2.39448476,41.50188065],[2.39488375,41.50208187],[2.39523184,41.5023458],[2.39545715,41.50259101],[2.39566255,41.50274777],[2.39588833,41.50284886],[2.39606202,41.50298333],[2.39619041,41.50315797],[2.39638293,41.50330567],[2.3966825,41.50342286],[2.39703858,41.50355434],[2.39740813,41.50368392],[2.39780116,41.50384784],[2.39828491,41.50405121],[2.39891815,41.50430942],[2.39963496,41.50451577],[2.40293717,41.50692368],[2.40353656,41.50713026],[2.4042685,41.50738871],[2.40504074,41.50759184],[2.40562165,41.50775564],[2.40603626,41.50788391],[2.40638852,41.50801384],[2.40674162,41.50813234],[2.40713835,41.50829136],[2.40762556,41.50854135],[2.40818882,41.50896764],[2.40871406,41.50948703],[2.40926588,41.51004672],[2.40969694,41.51048684],[2.41008258,41.51077592],[2.41039455,41.51093245],[2.41060567,41.51109064],[2.41082156,41.51132941],[2.4111942,41.51160836],[2.4116894,41.51186228],[2.41222036,41.51211476],[2.41261852,41.51228917],[2.41286814,41.51247227],[2.41312313,41.51276958],[2.41352761,41.51318288],[2.41360533,41.51351786],[2.41390026,41.51363587],[2.41424096,41.51379478],[2.41456008,41.51404226],[2.41477644,41.51428926],[2.41505122,41.51449776],[2.41555071,41.51475561],[2.41621375,41.51510966],[2.41670465,41.51536131],[2.41693544,41.51553822],[2.41704655,41.51570976],[2.41726875,41.51588786],[2.41774905,41.51614511],[2.41842926,41.51651382],[2.41903663,41.51678562],[2.41955221,41.51696002],[2.41999495,41.51707292],[2.42025423,41.51720726],[2.42041922,41.51738071],[2.42072844,41.51754773],[2.42128384,41.51773465],[2.42189455,41.51797581],[2.42233336,41.51815975],[2.42255676,41.51832867],[2.42264795,41.51852977],[2.42318428,41.51893675],[2.42343903,41.51901865],[2.42362237,41.51915813],[2.42378187,41.5193367],[2.42405724,41.51947856],[2.42443883,41.51958394],[2.42471755,41.51972318],[2.42490828,41.51989746],[2.42518365,41.52003694],[2.4255594,41.5201416],[2.42583501,41.52028096],[2.42602587,41.52045548],[2.42630506,41.52059507],[2.42668545,41.52069962],[2.42695582,41.52083814],[2.42710721,41.52101088],[2.42729115,41.52114987],[2.42759097,41.52126217],[2.42799842,41.52142763],[2.42849934,41.52168727],[2.4290086,41.52207148],[2.42932737,41.52239537],[2.42955732,41.52257562],[2.42979991,41.52266097],[2.43003654,41.52273536],[2.42994678,41.52299726],[2.43023276,41.5231117],[2.43067205,41.52328467],[2.43136203,41.52359533],[2.4322679,41.52400994],[2.43321907,41.52451646],[2.43389285,41.52485776],[2.43437755,41.52509153],[2.43491292,41.52535343],[2.43558598,41.52571726],[2.43622446,41.52601862],[2.43836522,41.52756286],[2.43887675,41.52776766],[2.43943763,41.52804387],[2.43999445,41.52831495],[2.44054353,41.52859354],[2.44100964,41.52880776],[2.44141602,41.52901161],[2.44500267,41.52902722],[2.44537413,41.52834344],[2.44531262,41.52763307],[2.44489586,41.52688193],[2.44465983,41.52625418],[2.44476175,41.52595997],[2.44509184,41.52599788],[2.44547701,41.52627981],[2.44582355,41.52667677],[2.44624746,41.52715004],[2.44677615,41.52766657],[2.44748545,41.52819514],[2.44809866,41.52856541],[2.44852436,41.52886415],[2.44877505,41.52913058],[2.44898283,41.52939606],[2.44916356,41.5297451],[2.44929206,41.53031564],[2.44919837,41.53111196],[2.44886267,41.53179276],[2.44848633,41.53233087],[2.44810176,41.53296316],[2.44781876,41.53377914],[2.44971275,41.53533042],[2.44979465,41.53552794],[2.44997084,41.53567195],[2.45028961,41.53578496],[2.45077443,41.5359385],[2.45146155,41.53614175],[2.45228708,41.53640366],[2.45309913,41.53660333],[2.45367098,41.53674924],[2.45401633,41.53685737],[2.45423186,41.53702533],[2.45445848,41.53732264],[2.45477593,41.53771186],[2.45503223,41.5380702],[2.45525336,41.53838253],[2.45549464,41.53868055],[2.45587552,41.53896534],[2.45636797,41.53921616],[2.45691431,41.53947771],[2.45739055,41.53966975],[2.457798,41.53983486],[2.45817876,41.54001927],[2.45853138,41.5402987],[2.45885766,41.54061675],[2.45932376,41.54089701],[2.45992744,41.54108274],[2.46075118,41.54157364],[2.4609375,41.54157364],[2.4609375,41.54213154],[2.46103466,41.5421164],[2.46163475,41.54235911],[2.46236622,41.54264951],[2.46313405,41.54302454],[2.46370542,41.54329455],[2.46411145,41.54347193],[2.46449018,41.54359984],[2.46497095,41.54375446],[2.46561956,41.5439502],[2.46632397,41.54419684],[2.46689963,41.54438508],[2.46723151,41.54457283],[2.46746516,41.54482186],[2.46779132,41.54508114],[2.46816194,41.54526377],[2.46852446,41.54540873],[2.46890426,41.54553366],[2.46941566,41.54571295],[2.47021055,41.54598772],[2.47127151,41.54636633],[2.47231972,41.54664421],[2.47301948,41.54683054],[2.47347677,41.54696143],[2.47392154,41.54708755],[2.47446084,41.54718125],[2.47498333,41.54740345],[2.47584963,41.54750454],[2.47661257,41.54764056],[2.47732353,41.54777563],[2.47785926,41.54792285],[2.47828031,41.54805815],[2.47873116,41.54820383],[2.4792968,41.54833806],[2.47993886,41.54848218],[2.48062146,41.54861164],[2.48115337,41.54874647],[2.48162734,41.54887366],[2.48231602,41.54905248],[2.48337984,41.54932678],[2.48455286,41.54972482],[2.48558593,41.55007255],[2.48634231,41.55037332],[2.48688865,41.55057454],[2.48744857,41.55072916],[2.48810554,41.55085337],[2.4886471,41.55098581],[2.4890604,41.55110967],[2.48944652,41.55126774],[2.48990476,41.55148447],[2.49047255,41.55181575],[2.49343181,41.55188465],[2.49415696,41.55211425],[2.49497974,41.55238962],[2.49566185,41.55276823],[2.49601817,41.55307877],[2.49622703,41.55324495],[2.49643064,41.55333936],[2.49664342,41.55350804],[2.49696004,41.55382371],[2.49747086,41.55420494],[2.49797118,41.55446196],[2.49837315,41.55462182],[2.49866521,41.55472875],[2.49885631,41.55488372],[2.49907315,41.55513525],[2.49950695,41.55543327],[2.50016475,41.55569935],[2.50099254,41.55590868],[2.50200474,41.55589187],[2.50323904,41.55571616],[2.50470364,41.5556972],[2.50601816,41.55590045],[2.50708663,41.55615854],[2.50773394,41.55646384],[2.50804937,41.55678046],[2.50840223,41.55711472],[2.50896907,41.55738008],[2.50951445,41.55775285],[2.50985181,41.55814612],[2.50997376,41.55861306],[2.50981355,41.55924082],[2.50951982,41.55993056],[2.5096035,41.56057143],[2.51036251,41.56099844],[2.51155186,41.56120896],[2.51243866,41.56134558],[2.51295495,41.56146061],[2.51331472,41.56159627],[2.51365316,41.56172872],[2.51400793,41.56187415],[2.51437366,41.56200671],[2.51474035,41.5621469],[2.51510835,41.5622766],[2.51550055,41.5624361],[2.51596355,41.56263757],[2.51651323,41.56291425],[2.51707077,41.56318486],[2.51763296,41.56347108],[2.51814985,41.56372225],[2.51865864,41.56400228],[2.51856744,41.56431818],[2.51912928,41.56441975],[2.51978695,41.56452334],[2.52032113,41.56465125],[2.52066255,41.56477058],[2.52084076,41.56492054],[2.52097321,41.56509876],[2.52124214,41.56524241],[2.52169395,41.56535697],[2.52218163,41.56550741],[2.52269006,41.56570518],[2.52323472,41.56597722],[2.52370775,41.56623912],[2.52406716,41.56652415],[2.52433467,41.56677353],[2.52473915,41.56693721],[2.52535343,41.56704915],[2.52588165,41.56716895],[2.52620566,41.56727624],[2.52636135,41.56741011],[2.52656031,41.56758177],[2.52718091,41.56778204],[2.52836871,41.56810546],[2.52961564,41.56859696],[2.53059483,41.56901014],[2.53109956,41.56941616],[2.53160536,41.56961787],[2.53215683,41.56989062],[2.53270602,41.57016265],[2.53327918,41.57046235],[2.53386283,41.57073665],[2.53450215,41.57101321],[2.53511333,41.57121384],[2.53559673,41.5713731],[2.53601491,41.57150245],[2.53647256,41.57164252],[2.53699183,41.57177436],[2.53745615,41.57191956],[2.53785455,41.57205415],[2.53822327,41.57219851],[2.53858328,41.57232773],[2.53893995,41.57246327],[2.5393064,41.57259333],[2.53952885,41.57269466],[2.53973007,41.57277691],[2.54029012,41.57305086],[2.54096651,41.57342255],[2.54152203,41.57369125],[2.54196525,41.57388854],[2.54242957,41.57410026],[2.54298866,41.57441795],[2.54345512,41.57458043],[2.54418111,41.57491136],[2.54485023,41.57512546],[2.54541695,41.57527435],[2.54588091,41.57538521],[2.54614663,41.57552612],[2.54630685,41.57570064],[2.54657614,41.57584441],[2.54702401,41.57596183],[2.54750776,41.57611644],[2.54800618,41.57631445],[2.54852653,41.5765655],[2.54897404,41.57676137],[2.54938507,41.57695591],[2.54988933,41.57723248],[2.55058765,41.57766044],[2.55150485,41.57809007],[2.55292225,41.57846355],[2.55469,41.57853222],[2.5560503,41.57830822],[2.55694723,41.57801724],[2.55755913,41.57772684],[2.55793536,41.57753372],[2.55812085,41.57736886],[2.55819654,41.57717335],[2.55842197,41.57697225],[2.55896771,41.57686782],[2.55935276,41.57688332],[2.55958211,41.57727611],[2.55982912,41.57801044],[2.56029105,41.57854164],[2.56087828,41.57857537],[2.56131291,41.57812703],[2.56141186,41.57744741],[2.56127334,41.57690716],[2.5611062,41.57651174],[2.55935204,41.57516778],[2.55919337,41.57497275],[2.55886352,41.57481384],[2.55834222,41.5746392],[2.55789948,41.57437456],[2.55780685,41.5741117],[2.55813777,41.57395542],[2.55880511,41.57395661],[2.55954897,41.5741291],[2.56036484,41.5744884],[2.56113386,41.57507455],[2.56158316,41.57563758],[2.56182468,41.57603812],[2.56197822,41.57632816],[2.56214404,41.57658577],[2.56231225,41.57686615],[2.5625298,41.57722604],[2.56279647,41.57770205],[2.56312788,41.57822895],[2.56338787,41.57873428],[2.56366456,41.57922363],[2.56409383,41.57979095],[2.56475627,41.58035362],[2.56535196,41.58070695],[2.56583667,41.58095562],[2.56636906,41.58106387],[2.56681585,41.58136165],[2.56711376,41.58143604],[2.56916201,41.58283865],[2.56976485,41.58293974],[2.57032883,41.583076],[2.57092488,41.58321094],[2.57156515,41.58335817],[2.57224643,41.58349323],[2.572788,41.58363855],[2.57326853,41.58377254],[2.57390904,41.58391786],[2.57478297,41.58405256],[2.57562876,41.58419764],[2.57642221,41.58432662],[2.57705963,41.58445728],[2.57754314,41.58457375],[2.57782257,41.58474147],[2.57802427,41.58499217],[2.57834685,41.58525765],[2.57883894,41.58544803],[2.57960796,41.58560264],[2.58060718,41.58572936],[2.58135331,41.58586287],[2.58182085,41.58598721],[2.58220017,41.58614504],[2.58264387,41.58636177],[2.58320117,41.58669305],[2.58396482,41.58678246],[2.58451521,41.58699167],[2.58513856,41.58720577],[2.58574676,41.58746076],[2.58625674,41.58766055],[2.58676791,41.58784306],[2.58737755,41.58804655],[2.58799601,41.58830416],[2.58852208,41.58850467],[2.58900583,41.58865893],[2.58944774,41.58877325],[2.58970106,41.58891225],[2.58981621,41.58908737],[2.59001315,41.58925426],[2.59050322,41.58944225],[2.59139562,41.58968961],[2.59248865,41.58988774],[2.59329045,41.59006667],[2.59385133,41.59026814],[2.59438443,41.59054494],[2.59494281,41.59082007],[2.595577,41.59110308],[2.59619403,41.59130752],[2.59668565,41.59145856],[2.59709644,41.59155512],[2.5975424,41.59169686],[2.59879541,41.59200537],[2.59986174,41.59244442],[2.60077691,41.59292901],[2.6017251,41.59345913],[2.60251486,41.59380138],[2.60310423,41.59399474],[2.60364842,41.59411764],[2.60426414,41.59424806],[2.60514212,41.59437597],[2.60637021,41.59451997],[2.60788608,41.59465003],[2.60890365,41.59478104],[2.60936356,41.5948956],[2.60953295,41.59505785],[2.60967767,41.59530401],[2.61000895,41.59558356],[2.61057007,41.59584272],[2.61143041,41.59613383],[2.61246896,41.59640527],[2.61330962,41.59668076],[2.61385107,41.59688008],[2.61423433,41.59703875],[2.61457992,41.59717703],[2.61492765,41.59734786],[2.61524045,41.59740675],[2.61575055,41.59758556],[2.61636472,41.59772885],[2.61710834,41.59787166],[2.61795413,41.59799635],[2.61858475,41.59812546],[2.61904192,41.59825015],[2.61956894,41.59844852],[2.62035978,41.59879422],[2.6213088,41.59930885],[2.62207866,41.59972775],[2.62267327,41.60004747],[2.62313807,41.60024643],[2.62359726,41.60039628],[2.62415135,41.60052121],[2.62479424,41.60065937],[2.62554967,41.60078931],[2.62629354,41.60092986],[2.62702203,41.60106277],[2.62760806,41.60122776],[2.62812364,41.60142994],[2.62863672,41.60168004],[2.62902665,41.60186624],[2.62923968,41.60203505],[2.62933457,41.60223532],[2.6297574,41.60264015],[2.63021576,41.60274017],[2.63081276,41.60289645],[2.63158774,41.60310304],[2.63229132,41.60336685],[2.63277996,41.60357058],[2.63314724,41.60372818],[2.63358366,41.60385203],[2.63432395,41.60400522],[2.63544023,41.60421908],[2.63657916,41.60454941],[2.63987291,41.60466015],[2.64023077,41.60483205],[2.64062023,41.60497296],[2.64110994,41.60513556],[2.64175355,41.60533404],[2.64245963,41.60558546],[2.64310241,41.60578656],[2.6436398,41.60598898],[2.64420831,41.60625935],[2.64487123,41.60662425],[2.64545357,41.60689175],[2.64601314,41.60710335],[2.64664865,41.60735595],[2.64721763,41.60771835],[2.64753985,41.60802913],[2.64780974,41.60824835],[2.64825916,41.60850096],[2.64891255,41.60887575],[2.64961076,41.60921502],[2.65049624,41.60953426],[2.65168476,41.60980415],[2.65307188,41.61006475],[2.65447152,41.61024451],[2.6552633,41.61040735],[2.6555866,41.61060405],[2.65559387,41.61074054],[2.65615225,41.61084163],[2.65661395,41.61097765],[2.65704954,41.61111271],[2.65759611,41.61126006],[2.65828598,41.61139512],[2.65893555,41.61154032],[2.65956473,41.61167407],[2.66020763,41.61181915],[2.66088581,41.61195314],[2.66143143,41.61209846],[2.66192496,41.61223245],[2.66257095,41.61237705],[2.66338682,41.61250865],[2.6640228,41.61264884],[2.66448104,41.61278057],[2.66496015,41.61294544],[2.66561806,41.61315143],[2.66642857,41.61341357],[2.66724145,41.61361587],[2.66782331,41.61376965],[2.66817403,41.61388326],[2.66835463,41.61402535],[2.66844892,41.61421382],[2.66854644,41.61440384],[2.66928327,41.61442685],[2.66964793,41.61460483],[2.67006636,41.61474764],[2.67062676,41.61489165],[2.6713376,41.61502337],[2.67199636,41.61516774],[2.6725744,41.61530161],[2.67302597,41.61544621],[2.67338896,41.61557782],[2.67373693,41.61571813],[2.6741749,41.61584985],[2.67485273,41.61601448],[2.67578351,41.61622035],[2.67660165,41.61648262],[2.67718172,41.61668515],[2.67765701,41.61684024],[2.67808485,41.61695671],[2.67834544,41.61710012],[2.67850602,41.61727703],[2.67877245,41.61742497],[2.67922497,41.61754513],[2.67975426,41.61768305],[2.68037188,41.61781561],[2.68114185,41.61795211],[2.68216491,41.61805391],[2.68305588,41.61855304],[2.68347084,41.61865413],[2.68393886,41.61879015],[2.68445814,41.61892521],[2.68491507,41.61907256],[2.68532574,41.6192075],[2.68578482,41.61935282],[2.68635786,41.61948681],[2.68701005,41.61963224],[2.68771398,41.61976635],[2.68827057,41.61991048],[2.68870616,41.62003982],[2.68914282,41.62017512],[2.68963206,41.6203047],[2.69013393,41.6204884],[2.69079125,41.62076485],[2.69175005,41.62114358],[2.69278634,41.62142026],[2.69357586,41.62160397],[2.69421184,41.62173223],[2.69483566,41.6218636],[2.69555986,41.6219877],[2.69629955,41.62213767],[2.69709074,41.62231767],[2.69784033,41.62257278],[2.69775414,41.62291372],[2.69813204,41.62298095],[2.69854176,41.62305772],[2.69887614,41.62323713],[2.69923592,41.62360311],[2.69972324,41.6241225],[2.70012414,41.62462163],[2.701774,41.62580764],[2.70232236,41.62590885],[2.70277691,41.62604475],[2.70322955,41.62617707],[2.70386541,41.62631965],[2.70473921,41.62645245],[2.70560396,41.62661707],[2.70647955,41.62682235],[2.70728254,41.62708402],[2.70796394,41.62728918],[2.70853436,41.62745357],[2.70906341,41.62758553],[2.70950687,41.62772584],[2.70990765,41.62785721],[2.71036065,41.62800074],[2.71092606,41.62813246],[2.71157217,41.62827683],[2.71229565,41.62841976],[2.71294844,41.62859774],[2.71820045,41.62874007],[2.71903276,41.62925565],[2.71970677,41.62961495],[2.72025776,41.62988961],[2.72063625,41.63006341],[2.72086275,41.63023376],[2.72107243,41.63046372],[2.72138858,41.6306982],[2.72171164,41.63088167],[2.72198653,41.63115895],[2.72232246,41.63164484],[2.72277784,41.63220346],[2.72310305,41.63259256],[2.72340345,41.63282025],[2.72388828,41.63306344],[2.72457242,41.63343096],[2.72523153,41.6337676],[2.72584844,41.63408685],[2.72641695,41.63435757],[2.72695196,41.6346209],[2.72733951,41.63480544],[2.72754741,41.63496995],[2.72766686,41.63514686],[2.72783947,41.63528085],[2.72809505,41.63535881],[2.72869754,41.63555765],[2.72936463,41.63563776],[2.72976673,41.63579607],[2.73002136,41.63604617],[2.73034561,41.63630915],[2.7307235,41.63649821],[2.73113191,41.63667285],[2.73159862,41.6368736],[2.73212171,41.63713062],[2.73260558,41.6373322],[2.73308861,41.63749087],[2.73362994,41.63761628],[2.73419476,41.63776541],[2.73482215,41.63795924],[2.7354784,41.63824987],[2.73617637,41.63859391],[2.73702621,41.63902974],[2.73791826,41.63944197],[2.73872376,41.63984478],[2.73929048,41.64011002],[2.73974454,41.64032006],[2.74030805,41.64058352],[2.74106312,41.64094865],[2.74178815,41.64123428],[2.74238586,41.64147556],[2.74301505,41.64146996],[2.74342954,41.64167941],[2.74389732,41.64189327],[2.74441814,41.64214838],[2.74488115,41.64234817],[2.74530172,41.64253044],[2.74575973,41.64273322],[2.7462759,41.64299035],[2.74675834,41.64319325],[2.74724257,41.64335752],[2.74778283,41.64348948],[2.74833441,41.64362955],[2.74893022,41.64375877],[2.74955952,41.64389885],[2.75022101,41.64403093],[2.75078237,41.64419484],[2.75143981,41.64439785],[2.75252116,41.64465475],[2.75393283,41.64485764],[2.75501347,41.64504147],[2.75577974,41.64524555],[2.75637281,41.64550495],[2.75684381,41.64570868],[2.75731754,41.64586425],[2.75787735,41.64596426],[2.75853658,41.6462239],[2.75898337,41.64626121],[2.75928152,41.64640987],[2.76315463,41.64648426],[2.76352704,41.64676344],[2.76903236,41.64679372],[2.76939416,41.64697134],[2.76994824,41.64711213],[2.77097964,41.64725041],[2.77243316,41.64737511],[2.77348375,41.64752865],[2.77412522,41.64772975],[2.77468407,41.64803112],[2.77529824,41.64838004],[2.77599311,41.64877605],[2.77656341,41.64903974],[2.77698886,41.64919484],[2.77729476,41.64930642],[2.77743602,41.64952028],[2.77738345,41.64993143],[2.77722454,41.65049541],[2.77717555,41.6511054],[2.77733207,41.65142965],[2.77767324,41.65143025],[2.77812648,41.65128362],[2.7783339,41.65155244],[2.77859414,41.65127575],[2.77894676,41.65162742],[2.77931142,41.65238941],[2.77982044,41.65328085],[2.78027225,41.65407252],[2.78067005,41.65464687],[2.78093874,41.65503597],[2.78114605,41.65537691],[2.78131604,41.65573955],[2.78150213,41.65607321],[2.78167796,41.65642714],[2.78187156,41.65691853],[2.78205085,41.65754342],[2.78224504,41.65803194],[2.78242338,41.65836346],[2.78261554,41.65863287],[2.78279138,41.65891385],[2.78298366,41.65925372],[2.78317428,41.65965295],[2.78341186,41.66003788],[2.78345144,41.66015625],[2.78335881,41.66015625],[2.78339815,41.66030121],[2.78363693,41.66056275],[2.78382862,41.6608175],[2.78402138,41.66108656],[2.78419507,41.66145956],[2.78438067,41.66208291],[2.78455102,41.66292417],[2.78475702,41.66355956],[2.78501976,41.66404974],[2.78540933,41.66467321],[2.78586936,41.66550243],[2.7864536,41.66634345],[2.78700924,41.66709435],[2.78755498,41.66777217],[2.78791082,41.66830647],[2.78815937,41.66869533],[2.78840697,41.66905391],[2.78874767,41.66944945],[2.78911102,41.66981292],[2.78960001,41.67010045],[2.79016662,41.67027903],[2.79064524,41.67041361],[2.79098344,41.67052043],[2.79117262,41.67066431],[2.79126036,41.67086327],[2.79148054,41.67123711],[2.79174256,41.67193127],[2.79214466,41.67253387],[2.79266775,41.67307663],[2.79336393,41.67359555],[2.79397905,41.67391705],[2.79451251,41.67407262],[2.79504538,41.6740638],[2.79551935,41.67392314],[2.79593432,41.67372084],[2.79627383,41.67345083],[2.79648852,41.67320454],[2.79670691,41.67302978],[2.79701066,41.67284882],[2.79734576,41.67255437],[2.79767871,41.67222285],[2.79821003,41.67202496],[2.79901505,41.67218232],[2.79995227,41.67263675],[2.80078256,41.67298901],[2.80173922,41.67321002],[2.80291104,41.67341161],[2.80366993,41.67373896],[2.80383527,41.67415226],[2.80371225,41.67452836],[2.80372095,41.67485261],[2.80400395,41.67512131],[2.80442476,41.67530072],[2.80491781,41.67545056],[2.80547845,41.67557883],[2.80605102,41.67571044],[2.80667055,41.67580926],[2.80840886,41.67713773],[2.80824292,41.67772615],[2.80808926,41.67816186],[2.80813241,41.6784867],[2.80847085,41.67876017],[2.80906045,41.67899716],[2.80992317,41.67926431],[2.81089544,41.67951167],[2.81157482,41.67979825],[2.81193972,41.68010211],[2.81231308,41.68052447],[2.8125,41.68052447],[2.8125,41.68080354],[2.81267464,41.68079662],[2.81277466,41.68098784],[2.81293178,41.68117785],[2.81331515,41.68132055],[2.81396437,41.68142831],[2.81463242,41.68155944],[2.8152498,41.68172503],[2.81573343,41.6819936],[2.81608725,41.68236995],[2.81642938,41.68290782],[2.8166815,41.68363595],[2.81690598,41.68458974],[2.81715596,41.68573844],[2.81750536,41.68648136],[2.81783664,41.68676066],[2.81805217,41.68689704],[2.81819177,41.68710864],[2.81836212,41.68744683],[2.81860805,41.68786585],[2.81905651,41.68821371],[2.81969225,41.68842077],[2.82046306,41.68857205],[2.82133341,41.68869603],[2.82199955,41.68882465],[2.822492,41.68892241],[2.82252204,41.68905973],[2.82261241,41.68925226],[2.82282496,41.68941498],[2.82323182,41.68961215],[2.82380021,41.68992615],[2.82763004,41.69004071],[2.828004,41.69021964],[2.82837963,41.69036305],[2.82875931,41.69050515],[2.82914126,41.69062746],[2.82950747,41.6907531],[2.82981443,41.6908797],[2.83002031,41.6911025],[2.83017135,41.69146764],[2.83034825,41.69188404],[2.83052337,41.69230688],[2.83071554,41.69266367],[2.83088064,41.69296253],[2.83104181,41.69322646],[2.83119965,41.69344735],[2.83150804,41.69361806],[2.83209443,41.69380534],[2.83289838,41.69406343],[2.83382702,41.69427621],[2.83479571,41.69442165],[2.83576834,41.69443452],[2.836326,41.69430757],[2.83653903,41.69411576],[2.83669925,41.69396555],[2.83692265,41.69387805],[2.83743846,41.69346797],[2.83751738,41.69326055],[2.83778715,41.69310105],[2.83843374,41.69297588],[2.83956754,41.69286585],[2.84107494,41.69286203],[2.84213257,41.69298387],[2.84270203,41.69318092],[2.84304464,41.69347692],[2.84330654,41.69380116],[2.84365594,41.69407153],[2.84407675,41.69422305],[2.84454715,41.69434094],[2.84501386,41.69456124],[2.8453418,41.69516146],[2.84560752,41.69616723],[2.8459177,41.69698036],[2.84615195,41.69740343],[2.84638035,41.69756806],[2.84668195,41.69764817],[2.84703493,41.69775307],[2.84740627,41.69786954],[2.84780407,41.69802821],[2.84827864,41.69824696],[2.84885764,41.69857955],[2.84960592,41.69869018],[2.85025716,41.69886756],[2.8509742,41.69901013],[2.85160685,41.69915473],[2.85217214,41.69929075],[2.85270417,41.69944465],[2.85335696,41.69958663],[2.85428536,41.69970357],[2.85553324,41.69970632],[2.85665715,41.69959652],[2.85761511,41.69946194],[2.85827744,41.69929373],[2.85879505,41.69907272],[2.85934532,41.6987406],[2.86533892,41.69858623],[2.86584425,41.69845808],[2.86636674,41.69845355],[2.86682272,41.69856977],[2.86726415,41.69871294],[2.86782205,41.69886875],[2.86852634,41.69900715],[2.86917675,41.69915295],[2.86974466,41.69928658],[2.8702023,41.69943106],[2.87064075,41.69956315],[2.87119782,41.69970322],[2.87188065,41.69983196],[2.87244642,41.69998801],[2.87286115,41.70018268],[2.8731755,41.70045757],[2.87348843,41.70071304],[2.87415648,41.70084214],[2.87529886,41.7008146],[2.87641716,41.70070744],[2.87745237,41.70068741],[2.87831175,41.70079815],[2.87907064,41.70098567],[2.87959874,41.70126712],[2.87989151,41.70158136],[2.88181305,41.70328975],[2.88217628,41.70360446],[2.88283253,41.70384824],[2.88373256,41.70390594],[2.88449514,41.70381331],[2.88503563,41.70367503],[2.88531637,41.70344353],[2.88546062,41.70307171],[2.88564765,41.70261955],[2.88595223,41.70209491],[2.88644314,41.70161021],[2.88698745,41.70132494],[2.88768208,41.70124614],[2.88866794,41.70147145],[2.88968873,41.70194066],[2.89032197,41.70228612],[2.89057016,41.70250285],[2.89065063,41.70267952],[2.89080036,41.70281351],[2.89116216,41.70292425],[2.89180934,41.70305705],[2.89268434,41.70318651],[2.89344311,41.70333135],[2.89406145,41.70347524],[2.89457214,41.70365381],[2.89687455,41.70381665],[2.89765561,41.70430231],[2.89825428,41.70459306],[2.89876914,41.70476055],[2.89930201,41.70486403],[2.89976704,41.70496786],[2.90009916,41.7050997],[2.90021718,41.70540512],[2.90007091,41.70597565],[2.89979601,41.70667148],[2.89977467,41.70737648],[2.9000622,41.70794678],[2.90040946,41.70833671],[2.90076935,41.70858896],[2.90105164,41.70873976],[2.90130675,41.70895183],[2.90189123,41.70934463],[2.90321112,41.70981061],[2.90491736,41.7100085],[2.90612173,41.70994031],[2.90682554,41.70978785],[2.90725458,41.7096163],[2.90762043,41.70947051],[2.9080646,41.70933247],[2.90862644,41.70923281],[2.90914714,41.70880985],[2.90932143,41.70861173],[2.90970945,41.70846796],[2.91036224,41.70835817],[2.91103494,41.70821393],[2.91164577,41.70802045],[2.91207862,41.70774007],[2.91230643,41.70747793],[2.91253185,41.70735645],[2.91291273,41.70744193],[2.91343296,41.70768583],[2.91395426,41.70790887],[2.91621315,41.70949793],[2.91647601,41.70957935],[2.91668785,41.70973766],[2.91691112,41.70998132],[2.91723812,41.71022475],[2.91756284,41.71038914],[2.91783464,41.71059084],[2.91817105,41.71096134],[2.91865075,41.71147835],[2.91904914,41.71193016],[2.91944873,41.71225417],[2.91997457,41.71244454],[2.92082632,41.71255696],[2.92196763,41.71254194],[2.9228065,41.7124083],[2.92334735,41.71225107],[2.92388165,41.71211505],[2.92455578,41.7121073],[2.92525125,41.71226203],[2.92601752,41.71254516],[2.92678678,41.71292734],[2.92735827,41.71320081],[2.92779434,41.71339846],[2.92825234,41.71360958],[2.92880857,41.71392691],[2.92904794,41.71404362],[2.92998612,41.71420336],[2.93121111,41.71431684],[2.93262291,41.71443665],[2.9341253,41.71464348],[2.93495095,41.71515334],[2.93508577,41.71596873],[2.93486583,41.71660435],[2.93453407,41.71698916],[2.93410206,41.71724153],[2.93369663,41.71746492],[2.93351102,41.71785986],[2.93367934,41.71848917],[2.93398094,41.71921062],[2.93438518,41.71972168],[2.93489647,41.72003174],[2.93561447,41.72036517],[2.93661237,41.72079444],[2.93784726,41.72129071],[2.93892097,41.72143435],[2.93948376,41.72105062],[2.93975615,41.72030532],[2.94007671,41.71976626],[2.9404937,41.71965945],[2.94097996,41.71984637],[2.94102025,41.72056365],[2.94064653,41.72084248],[2.94071543,41.72340214],[2.94114304,41.72363555],[2.94145405,41.72381747],[2.94165981,41.72406352],[2.94199681,41.724424],[2.94281113,41.72474694],[2.94401765,41.72493851],[2.94499385,41.72509181],[2.94567585,41.72530556],[2.94611955,41.72571695],[2.94642723,41.72626007],[2.94682205,41.72670221],[2.94733167,41.72703063],[2.94786131,41.7274096],[2.94820201,41.7278409],[2.94841123,41.72842836],[2.94854796,41.72917855],[2.94873333,41.72975194],[2.94908512,41.73012435],[2.94980621,41.73037624],[2.95072436,41.7305268],[2.95127857,41.73067391],[2.9516077,41.730847],[2.95226824,41.73098206],[2.95351601,41.73106194],[2.95449483,41.73161256],[2.95454454,41.73194754],[2.95474386,41.7321707],[2.95473456,41.73532593],[2.95452571,41.73583281],[2.95451605,41.73632348],[2.95481527,41.7365607],[2.95540023,41.73644626],[2.95602155,41.73604655],[2.95648825,41.73561132],[2.95698166,41.73526812],[2.95756137,41.73510563],[2.95815313,41.73517966],[2.95872211,41.73558736],[2.95916057,41.73614585],[2.95955503,41.73666215],[2.95984066,41.73704374],[2.96003068,41.73731744],[2.96001446,41.7375108],[2.95971227,41.7376523],[2.95919621,41.73788702],[2.9587723,41.73842406],[2.95866632,41.73918366],[2.95879924,41.73977256],[2.95896316,41.74018848],[2.96065617,41.74129236],[2.96092391,41.74136341],[2.96117604,41.74154627],[2.96151543,41.74191713],[2.96199131,41.74242246],[2.96233988,41.74285436],[2.96261513,41.74320972],[2.96297061,41.74357235],[2.96355772,41.74393237],[2.96419895,41.74416184],[2.96476805,41.74435985],[2.96538115,41.74468613],[2.96609187,41.74528408],[2.96670628,41.74599957],[2.9672929,41.74672317],[2.96774077,41.74734533],[2.96811867,41.74783254],[2.96837771,41.74820495],[2.96860886,41.74857783],[2.96886885,41.74902821],[2.96919525,41.74947596],[2.9694494,41.74983215],[2.9697057,41.75015664],[2.97009146,41.75057626],[2.97073114,41.75115144],[2.97102487,41.7515856],[2.97145355,41.75202405],[2.971717,41.75238371],[2.97189891,41.75267196],[2.97211277,41.75289714],[2.97259796,41.75304484],[2.97339845,41.75314546],[2.97412562,41.75324774],[2.97466624,41.75333953],[2.97501123,41.75352085],[2.97536016,41.75392485],[2.97586274,41.75459182],[2.97630823,41.75534284],[2.97668266,41.75599587],[2.97690785,41.7565037],[2.97711205,41.75687325],[2.97751296,41.75717175],[2.97843301,41.75741458],[2.97970188,41.75756836],[2.98049283,41.75772762],[2.98079574,41.75796092],[2.98096025,41.75825012],[2.98115981,41.75854003],[2.98150218,41.75873733],[2.98190761,41.75876582],[2.98270905,41.75883555],[2.98452222,41.75945473],[2.98615468,41.75980496],[2.98716915,41.7600193],[2.9878509,41.76028955],[2.98857892,41.76074731],[2.99363995,41.76101053],[2.99440837,41.76169312],[2.99505734,41.76217306],[2.9959352,41.76245606],[2.99702561,41.76258814],[2.99769032,41.76272595],[2.99793994,41.76300585],[2.9980967,41.76350117],[2.99837506,41.76415122],[2.99899435,41.76462567],[2.99986112,41.76485777],[3.00060582,41.765046],[3.00127721,41.76535594],[3.00195718,41.76586235],[3.00244963,41.76632166],[3.00285268,41.76663566],[3.00316572,41.76680291],[3.00335324,41.76694214],[3.00347924,41.76710486],[3.00368416,41.76725745],[3.00400984,41.76743197],[3.00434983,41.76769066],[3.00458026,41.76794112],[3.00479412,41.7681005],[3.00505662,41.76818132],[3.00558007,41.76852918],[3.00584102,41.76891696],[3.00618684,41.76932764],[3.00652504,41.76969445],[3.00694418,41.77000034],[3.00744581,41.77024722],[3.00797486,41.77049541],[3.00837123,41.77067435],[3.00860882,41.77085507],[3.00882137,41.77109945],[3.00915706,41.77135837],[3.00955176,41.77155685],[3.00995183,41.77175271],[3.01323104,41.77177036],[3.01378715,41.77198064],[3.01447344,41.77219725],[3.0152719,41.77245724],[3.01604772,41.77265894],[3.01661611,41.77282083],[3.01711965,41.77295005],[3.01784146,41.77308953],[3.01884985,41.77322996],[3.01977766,41.77340722],[3.02291095,41.77336323],[3.02369607,41.77326286],[3.02461398,41.77327633],[3.02549565,41.77333868],[3.02637231,41.77322626],[3.02706981,41.77287781],[3.02744532,41.77250028],[3.02765846,41.77217495],[3.02780294,41.77188623],[3.02794647,41.77162027],[3.0280689,41.77138925],[3.0282793,41.77120006],[3.02872264,41.77100456],[3.02948415,41.77081263],[3.03048301,41.77084851],[3.03147042,41.77111602],[3.03223336,41.77141821],[3.03268218,41.77191114],[3.03253865,41.77258778],[3.03190005,41.77331614],[3.0313071,41.77387857],[3.03084874,41.77435637],[3.03057075,41.77490652],[3.03038156,41.77577651],[3.03026426,41.77714586],[3.02994084,41.7776823],[3.02978134,41.77806306],[3.02966881,41.77859664],[3.02982426,41.77931428],[3.03029573,41.77991295],[3.03081787,41.78023314],[3.03132772,41.78041756],[3.03187394,41.78054881],[3.03245497,41.78062475],[3.0331707,41.78048277],[3.03402364,41.78007436],[3.0349822,41.77957904],[3.03615177,41.77904534],[3.03719401,41.77871346],[3.03771424,41.77851582],[3.03786242,41.77834368],[3.03798974,41.77820086],[3.03835952,41.77808046],[3.03917825,41.77797437],[3.04047275,41.77797723],[3.04181278,41.77809501],[3.04310465,41.77823722],[3.04393315,41.77838433],[3.04435563,41.77849472],[3.04459476,41.77859735],[3.04469776,41.78011715],[3.04529822,41.7806921],[3.04563081,41.78106785],[3.04586983,41.78124535],[3.04628015,41.78132975],[3.04702532,41.78142095],[3.04797697,41.78154898],[3.04851282,41.78185535],[3.04849756,41.78242767],[3.04812896,41.78312433],[3.0477159,41.78382432],[3.04731464,41.78437781],[3.04703987,41.78474295],[3.04683137,41.78500986],[3.04665112,41.78529036],[3.0464133,41.78570545],[3.04612601,41.78634155],[3.04586565,41.78713655],[3.04595184,41.78802276],[3.04636645,41.78875446],[3.04671013,41.7891705],[3.04700208,41.78936565],[3.04742157,41.78952515],[3.04803765,41.78975105],[3.04875696,41.78994191],[3.04986477,41.79049075],[3.05131483,41.79039764],[3.05229986,41.79025841],[3.05295014,41.79007924],[3.05336773,41.78981328],[3.05359983,41.78950226],[3.05378365,41.78914201],[3.05394816,41.78870225],[3.0541352,41.78820646],[3.05430448,41.78767288],[3.05447245,41.78726351],[3.05461574,41.78699446],[3.05484283,41.78680587],[3.05525696,41.78660846],[3.05584204,41.78641081],[3.05644762,41.78647935],[3.05691636,41.78690124],[3.05698204,41.78746355],[3.05679214,41.78799784],[3.0567888,41.78847337],[3.05706954,41.78896284],[3.05761087,41.78940976],[3.05815017,41.78973865],[3.05856061,41.79010272],[3.05881035,41.79054666],[3.0590167,41.79085696],[3.05914962,41.79112077],[3.0593847,41.79143453],[3.05975294,41.79189277],[3.06025362,41.79254234],[3.06061494,41.79319191],[3.06087911,41.7936666],[3.06116247,41.79405415],[3.06158793,41.79447055],[3.06157565,41.79701245],[3.06140375,41.79731131],[3.06144214,41.79760826],[3.06175041,41.79786587],[3.06224275,41.79803562],[3.06297195,41.79820764],[3.06393623,41.79847634],[3.06474245,41.79893506],[3.06523752,41.79943442],[3.06568921,41.79982925],[3.06620634,41.80014575],[3.0666697,41.80052638],[3.06673491,41.80092216],[3.06638944,41.80136955],[3.06588972,41.80197823],[3.06536865,41.80292904],[3.06516981,41.80403435],[3.06527925,41.80475795],[3.06548035,41.80516064],[3.06570315,41.80554831],[3.06589627,41.80612183],[3.06609535,41.80687976],[3.06627476,41.80777407],[3.06645596,41.80841827],[3.06659067,41.80884695],[3.06688547,41.80910087],[3.06702077,41.80992901],[3.06720316,41.81064594],[3.06738377,41.81132746],[3.06758106,41.81186235],[3.06776202,41.81230152],[3.06795645,41.81270063],[3.06813586,41.81315374],[3.06833017,41.81370795],[3.06850994,41.81437051],[3.06870365,41.81492853],[3.0688802,41.81536925],[3.06906724,41.81569874],[3.06924045,41.81598735],[3.06945395,41.81633854],[3.06972611,41.81683564],[3.07010317,41.81746292],[3.07047486,41.81813896],[3.07085145,41.81869936],[3.07111645,41.81908631],[3.07130766,41.81936395],[3.07144904,41.81957388],[3.07165754,41.81972432],[3.07200873,41.81987846],[3.0724684,41.82011235],[3.07270157,41.82057452],[3.07331622,41.82114816],[3.07369685,41.82152402],[3.07403982,41.82170606],[3.07452095,41.82180512],[3.07505238,41.82191551],[3.07553005,41.82202578],[3.07580245,41.82217407],[3.07595015,41.82235372],[3.07621014,41.82249725],[3.07672787,41.82260644],[3.07748652,41.82274234],[3.07845914,41.8229264],[3.07934725,41.82323277],[3.08009982,41.82367647],[3.08077395,41.82433736],[3.08119345,41.82495964],[3.08152747,41.82529426],[3.08189321,41.82542813],[3.08214664,41.82554817],[3.08232045,41.82570684],[3.08260381,41.82584155],[3.08305705,41.8259449],[3.08352256,41.82607543],[3.08395362,41.82627165],[3.08437133,41.82665014],[3.08480418,41.82720614],[3.08531594,41.82780254],[3.0856775,41.82826662],[3.08591604,41.82864916],[3.08607948,41.82902443],[3.08624244,41.82935023],[3.08640265,41.82966232],[3.08665466,41.83006167],[3.08708715,41.83061492],[3.08774626,41.83118343],[3.08831728,41.83152652],[3.08877826,41.83173275],[3.08932388,41.83192325],[3.09012675,41.83216941],[3.09105933,41.83236802],[3.09174955,41.83252716],[3.09220695,41.83264637],[3.09255862,41.83276868],[3.09283984,41.83291531],[3.09302604,41.83320487],[3.09316432,41.83366191],[3.09335816,41.83409214],[3.09364343,41.83449078],[3.09408712,41.83492744],[3.09419835,41.8359375],[3.09404945,41.8359375],[3.09388685,41.83650064],[3.09378505,41.83724952],[3.09397185,41.83815467],[3.09449065,41.83897746],[3.09505463,41.83962858],[3.09560227,41.84022737],[3.09594035,41.84069014],[3.09620833,41.8409543],[3.09659386,41.84114504],[3.09710908,41.84137595],[3.09762597,41.84156334],[3.09996295,41.84334755],[3.10005724,41.84354687],[3.10029995,41.84373486],[3.10079157,41.84399033],[3.10146654,41.8443526],[3.10206723,41.84462416],[3.10262811,41.84482777],[3.10326028,41.84502685],[3.10386705,41.84527016],[3.10428393,41.84545541],[3.10449314,41.84562194],[3.10460675,41.84579945],[3.10478544,41.84594345],[3.10508311,41.84605992],[3.10544431,41.8461951],[3.10581565,41.84632671],[3.10618866,41.84647214],[3.10660946,41.84660685],[3.10716641,41.84675241],[3.10786641,41.84688616],[3.10851896,41.84703004],[3.10914564,41.84716165],[3.10979235,41.84730577],[3.11050653,41.84744871],[3.11115265,41.84762681],[3.11199403,41.847736],[3.11231494,41.84789526],[3.11284983,41.84797514],[3.11317074,41.84813452],[3.12230432,41.84818387],[3.12266672,41.84801221],[3.12306225,41.84787536],[3.12355804,41.84772587],[3.12419367,41.84754693],[3.1248517,41.84728467],[3.12539661,41.84694612],[3.1257776,41.84637594],[3.12589204,41.84566116],[3.12573075,41.84521866],[3.12527704,41.84503937],[3.12446117,41.84492695],[3.12340331,41.84477985],[3.12275732,41.84448004],[3.12280166,41.84399295],[3.12326515,41.84332812],[3.12351561,41.84271967],[3.12334096,41.84238946],[3.12283242,41.84224856],[3.12220252,41.84212196],[3.12154663,41.84194934],[3.12107265,41.8416872],[3.12103355,41.84143436],[3.12159085,41.84127414],[3.12271547,41.84119332],[3.12356484,41.8415364],[3.12381434,41.84157371],[3.12406385,41.84172237],[3.12789857,41.84176826],[3.12825656,41.84156776],[3.12869954,41.84140718],[3.12937474,41.84129775],[3.1303153,41.84136093],[3.13120341,41.8416363],[3.13196552,41.84203458],[3.13264322,41.84256077],[3.13304114,41.84302735],[3.13330805,41.84345865],[3.13365364,41.84394145],[3.13424325,41.84438431],[3.13488805,41.84465075],[3.13542795,41.84483707],[3.13592935,41.84503067],[3.1364578,41.84528196],[3.13692558,41.84547842],[3.13731372,41.84562337],[3.13761473,41.84572256],[3.13780856,41.84586251],[3.13795376,41.84612405],[3.13815415,41.84655404],[3.13842106,41.84713852],[3.13876772,41.84769166],[3.13904655,41.84814286],[3.13915324,41.84818745],[3.14013076,41.84828293],[3.14118385,41.84840906],[3.14242375,41.84853351],[3.14348066,41.84869921],[3.14439166,41.848948],[3.14509797,41.84934771],[3.14557517,41.84979641],[3.14605236,41.850281],[3.14604855,41.85281694],[3.14581454,41.85310304],[3.14563274,41.85338914],[3.14545417,41.85366356],[3.14527094,41.85389137],[3.14497864,41.85403681],[3.1445893,41.85412955],[3.1443125,41.85424447],[3.14414251,41.85438383],[3.14391363,41.85452485],[3.14357102,41.85481453],[3.14327192,41.85551763],[3.14327025,41.85653472],[3.14355636,41.85723853],[3.14386284,41.85753214],[3.14405513,41.85768235],[3.14431333,41.85783017],[3.14506078,41.85792172],[3.14643252,41.85789561],[3.14785707,41.85779965],[3.14918673,41.85778058],[3.15001726,41.85785472],[3.15041077,41.85794044],[3.15058434,41.85810995],[3.15073824,41.85853267],[3.15101612,41.85935926],[3.15146196,41.86042976],[3.15244746,41.86116242],[3.15409303,41.86153543],[3.1555624,41.86206305],[3.15679348,41.86172164],[3.15754235,41.86108112],[3.15783453,41.86019075],[3.15797186,41.85953772],[3.15815854,41.85919976],[3.15865815,41.85910428],[3.15951872,41.85921466],[3.16030765,41.85945582],[3.16084278,41.85965681],[3.16129804,41.85987127],[3.16194785,41.86023545],[3.16291475,41.86086547],[3.1640625,41.86104906],[3.16465545,41.86107707],[3.16497135,41.86122274],[3.16523325,41.86134696],[3.16546965,41.86156344],[3.16593444,41.86196256],[3.16692305,41.86242986],[3.16824555,41.86262786],[3.16968155,41.86257017],[3.17146826,41.86245286],[3.17328513,41.86377406],[3.17381978,41.86459386],[3.17449677,41.86524582],[3.1750071,41.86557496],[3.17525732,41.86574411],[3.17537892,41.86589158],[3.17555821,41.86602795],[3.17585611,41.86620104],[3.17620313,41.86648703],[3.17657614,41.86680377],[3.17718506,41.86701942],[3.17803156,41.86701107],[3.17881382,41.86692834],[3.17926776,41.86711144],[3.17925203,41.86754072],[3.17888415,41.86803305],[3.17847156,41.86851537],[3.17814684,41.8690865],[3.17814755,41.86976373],[3.17839003,41.87045133],[3.17849493,41.87110615],[3.17842722,41.87167835],[3.17842305,41.87221408],[3.17854714,41.87262571],[3.17867935,41.87295103],[3.1797173,41.87382364],[3.17980731,41.87417531],[3.18003046,41.87441075],[3.18047512,41.87459397],[3.18110538,41.87482226],[3.18116347,41.87484552]],[[0.6648401,40.56683004],[0.66522515,40.56670177],[0.66555715,40.56676364],[0.6657201,40.56718731],[0.66557682,40.56791401],[0.66505635,40.56847715],[0.66434133,40.56875074],[0.6637485,40.56888807],[0.66328144,40.56895673],[0.66308367,40.56861055],[0.66331756,40.56784678],[0.66366637,40.56735575],[0.66405976,40.56712556],[0.66445076,40.56697285],[0.6648401,40.56683004]],[[0.66653395,40.56697035],[0.66671705,40.56652951],[0.66698515,40.56620145],[0.66743422,40.56594324],[0.66797733,40.56577218],[0.66845334,40.56562674],[0.66887724,40.56549501],[0.66933954,40.56533885],[0.66985917,40.56518376],[0.67031026,40.56505024],[0.67064571,40.56507146],[0.67086542,40.56534314],[0.67101896,40.565804],[0.67111588,40.56617606],[0.67099798,40.56639326],[0.67062652,40.56657553],[0.67008615,40.56683421],[0.66950595,40.56710255],[0.66887414,40.56738496],[0.66822577,40.56759024],[0.66754985,40.56774187],[0.66674614,40.56783867],[0.66641974,40.5675621],[0.66653395,40.56697035]],[[4.07287514,40.09234178],[4.07597327,40.09080875],[4.07635665,40.09087825],[4.07789278,40.09149456],[4.07572603,40.09468246],[4.0752418,40.09482753],[4.07287514,40.09234178]],[[4.03039813,40.06610167],[4.03097248,40.06598103],[4.03160202,40.06614578],[4.03396428,40.06849396],[4.03133893,40.06968141],[4.03093934,40.06978381],[4.03039813,40.06610167]],[[3.21233165,39.96198034],[3.21061575,39.96138096],[3.20577645,39.95773172],[3.20389891,39.95690036],[3.19857967,39.95608365],[3.19727063,39.95484912],[3.19188154,39.95481873],[3.19269407,39.95731533],[3.19152904,39.9580934],[3.18346417,39.95234013],[3.17725646,39.95114231],[3.17351675,39.95228374],[3.18004584,39.95804656],[3.1795547,39.96162856],[3.17557168,39.96154666],[3.17048562,39.95934093],[3.1640625,39.95926344],[3.16168857,39.95598722],[3.15942717,39.9554826],[3.15895534,39.95673037],[3.14713824,39.95414436],[3.14376664,39.94937432],[3.13850415,39.94629013],[3.13407123,39.94506288],[3.13220954,39.94575036],[3.13065934,39.94408476],[3.13276255,39.94415057],[3.13172495,39.93934262],[3.12196672,39.93165517],[3.11900997,39.93180394],[3.11776602,39.93502522],[3.1133399,39.93158138],[3.10528243,39.93182504],[3.10310066,39.92970502],[3.09730136,39.92808795],[3.09529936,39.92918384],[3.10110497,39.93423724],[3.09706724,39.93548596],[3.09381747,39.93513346],[3.07941902,39.92420304],[3.07405257,39.92274106],[3.06535983,39.92265952],[3.05928743,39.91969323],[3.05836594,39.91976166],[3.06012785,39.92239678],[3.05687463,39.92081058],[3.05541241,39.92131126],[3.06098855,39.93064165],[3.06074715,39.93211591],[3.05815482,39.93342555],[3.05462742,39.93338692],[3.04326093,39.92973125],[3.03879476,39.92969453],[3.03779626,39.93178058],[3.0415436,39.93532467],[3.04160035,39.93727076],[3.03554237,39.93101382],[3.03093123,39.93052816],[3.03332591,39.93440938],[3.02821887,39.93462706],[3.00266695,39.92328501],[2.99626136,39.91773152],[2.99432731,39.91753542],[2.99382842,39.91477752],[2.99299073,39.91548491],[2.98646343,39.90931904],[2.96940947,39.90990591],[2.96840358,39.91019547],[2.96096385,39.91541648],[2.95370865,39.91696835],[2.95361495,39.91911721],[2.95191705,39.91956186],[2.94993091,39.91925156],[2.947227,39.91818654],[2.94431412,39.91442585],[2.93894684,39.91129851],[2.93868434,39.91104794],[2.93598115,39.9041481],[2.93547595,39.9038341],[2.93211114,39.90234375],[2.92932475,39.90234375],[2.92373586,39.90019918],[2.92078567,39.90169847],[2.91949093,39.90109217],[2.9173094,39.89647555],[2.90880156,39.89543891],[2.90701556,39.8982017],[2.90334415,39.89809847],[2.89711964,39.89434135],[2.89583111,39.89476717],[2.88763988,39.88926542],[2.88608563,39.88634741],[2.87965202,39.88356411],[2.87494993,39.87865543],[2.86351037,39.87518084],[2.85295737,39.87402678],[2.85316885,39.87150681],[2.84883535,39.86869955],[2.84406686,39.86176145],[2.84165084,39.86147165],[2.83985245,39.86408555],[2.83806384,39.86461961],[2.82787144,39.86061525],[2.82649863,39.85761154],[2.82579446,39.8574146],[2.82537484,39.85758448],[2.82586455,39.8597033],[2.82575154,39.86018443],[2.82469761,39.8605082],[2.82320952,39.85808086],[2.81613934,39.85718322],[2.81340551,39.85834885],[2.8125,39.85825884],[2.81060505,39.85799694],[2.81121802,39.86018384],[2.80904663,39.86166906],[2.80343294,39.86237884],[2.80278695,39.86204457],[2.8015995,39.85936797],[2.80450261,39.85338426],[2.79996371,39.85151064],[2.79774153,39.85404456],[2.79418147,39.85484636],[2.79221106,39.85655272],[2.78987193,39.85599625],[2.78856611,39.85318065],[2.77823925,39.85586715],[2.77553415,39.8536098],[2.77685165,39.85302305],[2.77451706,39.85002375],[2.77373636,39.84428382],[2.77588761,39.83993483],[2.76848686,39.84249914],[2.76508045,39.84240091],[2.76530445,39.83514702],[2.75533974,39.82965052],[2.74833012,39.82800281],[2.74671984,39.82935905],[2.7460438,39.83273494],[2.74074614,39.83271611],[2.73622096,39.82766926],[2.72827745,39.82580543],[2.72627544,39.82349443],[2.71798694,39.8191328],[2.71244335,39.81707335],[2.70985794,39.81881511],[2.71011531,39.81467271],[2.70902824,39.81317484],[2.70682645,39.81121326],[2.70589256,39.81084394],[2.70013642,39.81151724],[2.6945188,39.80537248],[2.69429088,39.80206406],[2.69283557,39.80139852],[2.69183552,39.79841602],[2.6888802,39.79734695],[2.69019258,39.79550695],[2.69659758,39.79535937],[2.69526172,39.79206502],[2.69387436,39.79102457],[2.69228494,39.7908442],[2.69184995,39.79107392],[2.68916726,39.79378295],[2.68566132,39.79424584],[2.68527555,39.79450262],[2.68436491,39.79721725],[2.6835165,39.79794633],[2.68242836,39.79819977],[2.67958724,39.79867446],[2.67908084,39.79863095],[2.67536974,39.79581153],[2.67196584,39.79491305],[2.66814125,39.79191792],[2.66615665,39.78719854],[2.66680348,39.78392696],[2.66376901,39.78017151],[2.66511512,39.77775657],[2.66434741,39.77515757],[2.64471924,39.76225448],[2.64071941,39.76197863],[2.64064741,39.76307595],[2.63518345,39.76505721],[2.6326673,39.76312244],[2.63106465,39.75789416],[2.62695074,39.75362206],[2.62557912,39.75360727],[2.62311804,39.7563951],[2.61928594,39.75592434],[2.62310183,39.75233054],[2.62308013,39.74841106],[2.61554944,39.74481905],[2.6140238,39.74266505],[2.59958124,39.73279786],[2.59626544,39.7265625],[2.59620953,39.7265625],[2.59580195,39.72570264],[2.58488953,39.71663904],[2.57221425,39.71118236],[2.5671072,39.70658076],[2.56310666,39.70541072],[2.56233931,39.70353508],[2.55560982,39.70025516],[2.55401218,39.70112824],[2.54508746,39.69871104],[2.54304445,39.70062232],[2.54198503,39.69872212],[2.53739405,39.70044613],[2.52690434,39.70143795],[2.51673532,39.69168794],[2.51299691,39.69128323],[2.50940073,39.68946862],[2.50786233,39.69021261],[2.50244915,39.68543458],[2.49735773,39.68390501],[2.49640596,39.68170726],[2.49410212,39.68039846],[2.49344814,39.67630231],[2.49016964,39.67260885],[2.48786175,39.67094862],[2.48199534,39.67194176],[2.47479224,39.66215146],[2.46651304,39.65671575],[2.46227574,39.65207493],[2.4609375,39.65206456],[2.45304418,39.65053165],[2.45160234,39.65008485],[2.45024276,39.64855266],[2.44761372,39.64871657],[2.44023442,39.64444494],[2.43488586,39.64366531],[2.42789054,39.63915587],[2.42348635,39.63860798],[2.42128611,39.63599396],[2.42249966,39.63335991],[2.42169321,39.63010704],[2.41537893,39.62984908],[2.39590824,39.61979556],[2.39451361,39.61786854],[2.38877058,39.61669195],[2.3883394,39.61649942],[2.38537407,39.61396575],[2.37109625,39.61331737],[2.36853755,39.61421514],[2.36813354,39.61410224],[2.36147285,39.60895646],[2.35608113,39.60463631],[2.35474765,39.59738326],[2.34814918,39.59608305],[2.34726846,39.59532225],[2.34594917,39.59196544],[2.34502757,39.58783913],[2.34545612,39.58441436],[2.34561312,39.58405042],[2.34830356,39.58334494],[2.34967136,39.57884562],[2.3534435,39.57737815],[2.35267937,39.57276547],[2.34641361,39.56450558],[2.34896314,39.56237423],[2.34964371,39.56225646],[2.35423815,39.56319046],[2.35483634,39.56271672],[2.35517466,39.55949235],[2.35391593,39.55695343],[2.35870552,39.55625105],[2.36191034,39.55336595],[2.36271286,39.55316544],[2.36547256,39.55437446],[2.36593485,39.55429733],[2.36700594,39.55353224],[2.36798322,39.55078125],[2.36781311,39.55078125],[2.36939085,39.54686701],[2.37234223,39.54390395],[2.37334931,39.54367554],[2.37784338,39.54368103],[2.38131857,39.54660475],[2.38437772,39.54539573],[2.38670254,39.54718316],[2.38945496,39.54639602],[2.38673925,39.54558837],[2.38381672,39.54189134],[2.37525582,39.5389713],[2.37360072,39.537395],[2.36830664,39.53820264],[2.36555183,39.53612065],[2.36536491,39.53295934],[2.36309338,39.53279304],[2.36300814,39.53168547],[2.37253106,39.53125823],[2.3741039,39.53451896],[2.3761332,39.53468382],[2.37735772,39.53640008],[2.3801074,39.53276086],[2.38817108,39.53349292],[2.38934135,39.53177667],[2.38903463,39.52685261],[2.38646543,39.52553272],[2.38779426,39.52038741],[2.40491438,39.52653718],[2.40772355,39.53115582],[2.40567815,39.53581715],[2.41380894,39.5386157],[2.41421986,39.53869092],[2.41858184,39.53791654],[2.42339218,39.5357393],[2.42137456,39.53417432],[2.42258191,39.53087294],[2.41911471,39.52400112],[2.42005014,39.52291942],[2.42106032,39.52377546],[2.42362976,39.52303135],[2.42859197,39.52719033],[2.43669641,39.52695513],[2.44035041,39.52891862],[2.43907881,39.53126323],[2.44066644,39.53283775],[2.44809771,39.53480256],[2.45034564,39.53698373],[2.45275044,39.53595483],[2.45295012,39.53431547],[2.45731735,39.53483605],[2.45845187,39.5307579],[2.4609375,39.52929676],[2.46119106,39.52933407],[2.46151197,39.52898634],[2.46250141,39.52584732],[2.46534777,39.52444208],[2.46689165,39.51838088],[2.47804844,39.51838553],[2.4806962,39.51692021],[2.47877026,39.51374817],[2.47789395,39.51353371],[2.47133684,39.51261795],[2.46541548,39.51360977],[2.46506035,39.51353657],[2.4609375,39.51143956],[2.4609375,39.51088154],[2.45592356,39.50505304],[2.45589101,39.50440657],[2.45635653,39.50376284],[2.4609375,39.50334823],[2.45892191,39.49904454],[2.4609375,39.49860477],[2.46230555,39.49853957],[2.46623683,39.49540186],[2.46552765,39.49253166],[2.46761501,39.48939717],[2.47273028,39.49287963],[2.47900915,39.49154341],[2.47609723,39.49037385],[2.47691238,39.47892821],[2.47795916,39.47716784],[2.4814682,39.47565496],[2.47632015,39.46697223],[2.47375286,39.46491313],[2.47528231,39.46479452],[2.48500514,39.47205508],[2.49106503,39.47252035],[2.49081075,39.47169733],[2.49808955,39.46802664],[2.50090778,39.46063435],[2.50605547,39.46204531],[2.51010072,39.45770288],[2.5156275,39.45795953],[2.52204847,39.45622993],[2.52358496,39.45692384],[2.52464974,39.46054852],[2.52122712,39.46184087],[2.52286983,39.46358478],[2.52327836,39.47104311],[2.52144682,39.47240806],[2.52126646,39.47443688],[2.52291715,39.47502315],[2.52609456,39.47384286],[2.52686012,39.47840226],[2.53009915,39.47950363],[2.53402472,39.48558128],[2.53709734,39.48730457],[2.53732491,39.49875462],[2.53422236,39.5032289],[2.53426003,39.50547016],[2.53764617,39.50879013],[2.54348004,39.50797033],[2.54742515,39.51124191],[2.53829265,39.51388192],[2.53845751,39.51661623],[2.53673625,39.51688063],[2.53680384,39.51944065],[2.53938735,39.52132416],[2.53974557,39.52392244],[2.54356694,39.52361321],[2.55126274,39.52666748],[2.55346107,39.52508664],[2.55438793,39.5284487],[2.55640805,39.52845967],[2.55889952,39.53086877],[2.56161416,39.53160906],[2.56440735,39.53114355],[2.56780255,39.52823818],[2.57023251,39.52863896],[2.57229805,39.53166151],[2.57665324,39.53240085],[2.57947075,39.5316025],[2.58837998,39.53317583],[2.59054565,39.53101671],[2.59008563,39.53396463],[2.59710026,39.54253113],[2.59724903,39.54653501],[2.60083461,39.54992342],[2.6042335,39.55078125],[2.60452831,39.55078125],[2.60585988,39.55164826],[2.60850692,39.55078125],[2.60892582,39.55078125],[2.61489475,39.54805803],[2.61976695,39.54456091],[2.62311757,39.54417956],[2.63229191,39.54465687],[2.63921416,39.5490309],[2.63996732,39.55078125],[2.63890135,39.55306733],[2.63780367,39.55078125],[2.63780165,39.55078125],[2.63783932,39.54979932],[2.63153064,39.5458287],[2.62782085,39.54584253],[2.62557685,39.54677093],[2.62414587,39.54881537],[2.62416542,39.5491569],[2.62525392,39.55085361],[2.62887502,39.55239356],[2.63238215,39.55249393],[2.62944782,39.55397534],[2.6294806,39.55495727],[2.62653744,39.55515051],[2.63015234,39.55688715],[2.62863111,39.56452346],[2.63119066,39.56568277],[2.63204241,39.56762457],[2.63598871,39.56900644],[2.63636434,39.56800735],[2.63195145,39.56568492],[2.63437617,39.56458116],[2.63815081,39.56520045],[2.63372385,39.56185281],[2.63505662,39.55866265],[2.64398026,39.56444681],[2.64534986,39.56465602],[2.65418661,39.56414461],[2.66216183,39.56256711],[2.66263664,39.56243777],[2.66793716,39.55887842],[2.66837871,39.55876636],[2.67204177,39.55942261],[2.68777168,39.5530771],[2.68936455,39.55228531],[2.69061053,39.55078125],[2.69086075,39.55078125],[2.69071686,39.54828417],[2.69714224,39.5465821],[2.69773781,39.54396844],[2.70515811,39.54064453],[2.71083462,39.53398943],[2.71608543,39.53213775],[2.71757424,39.53404105],[2.72016215,39.53454661],[2.7283262,39.53023374],[2.74271095,39.51806915],[2.74900734,39.50974596],[2.74987423,39.50806546],[2.75102937,39.50285542],[2.74787354,39.50187421],[2.74705446,39.50274932],[2.74536836,39.50135934],[2.74523175,39.49999225],[2.74738324,39.49847722],[2.73782265,39.49286675],[2.73485816,39.48461735],[2.73152804,39.48161387],[2.72275233,39.47727025],[2.72215128,39.47520137],[2.72946072,39.46363378],[2.73978126,39.45353413],[2.74638903,39.44187522],[2.74741423,39.43788815],[2.74553716,39.43450058],[2.74630654,39.43230033],[2.73923814,39.41724205],[2.74057448,39.40863216],[2.75184596,39.39394224],[2.75962555,39.38799226],[2.76300704,39.38722885],[2.77143657,39.38196278],[2.77366436,39.37934232],[2.77385891,39.37634468],[2.77640533,39.375],[2.77647924,39.375],[2.78590953,39.36759841],[2.78497815,39.36516893],[2.78522766,39.36460137],[2.78776968,39.36224854],[2.78885686,39.36174405],[2.78952825,39.36168385],[2.79852045,39.36303222],[2.80579472,39.36654854],[2.80632937,39.36647463],[2.80903125,39.36549151],[2.80973876,39.36369264],[2.8125,39.36160707],[2.81754887,39.3581264],[2.81805384,39.35792375],[2.82952964,39.35582435],[2.83161175,39.35679758],[2.83448136,39.36081803],[2.84430122,39.36511481],[2.85132706,39.36517406],[2.85562098,39.36222065],[2.87563515,39.36223388],[2.88162732,39.36545086],[2.88934576,39.36317456],[2.89282942,39.36045384],[2.89479256,39.36124671],[2.89815724,39.36032414],[2.89976895,39.35804546],[2.90747571,39.35649085],[2.90861225,39.35350382],[2.91292834,39.35243332],[2.91484356,39.35532904],[2.91513824,39.35880125],[2.91906345,39.35869062],[2.92049801,39.35979176],[2.91955376,39.36087024],[2.92904055,39.36365283],[2.93866587,39.36364996],[2.9519279,39.35991025],[2.95709443,39.3632313],[2.95750463,39.36308765],[2.96516955,39.35922325],[2.96883655,39.35462081],[2.97215784,39.35256433],[2.97729504,39.35209],[2.99000955,39.3385756],[2.99208045,39.33263171],[2.99004686,39.32626057],[2.98910213,39.32548535],[2.98686934,39.32608867],[2.9840039,39.32443404],[2.98389816,39.32130015],[2.98646164,39.31939745],[2.98533881,39.31756854],[2.98652244,39.31540751],[2.99351966,39.31404173],[2.99225795,39.31227922],[2.99419308,39.3118633],[2.99913895,39.31504488],[2.99844825,39.31690514],[3.00287604,39.31692886],[3.00505543,39.31538248],[3.00357664,39.3122164],[3.00624323,39.31114841],[3.00937974,39.31180322],[3.01424778,39.30980301],[3.01534593,39.30725682],[3.02009141,39.30367696],[3.01984453,39.30105197],[3.01755655,39.29883003],[3.01784944,39.29484963],[3.02482367,39.28813624],[3.03059375,39.28931081],[3.02798581,39.28569722],[3.02980781,39.28305197],[3.03022766,39.2827208],[3.03798366,39.27962434],[3.0422312,39.27962995],[3.04446638,39.27697062],[3.04330015,39.27300382],[3.04904914,39.26576924],[3.04952204,39.26524067],[3.05532193,39.26404548],[3.06254995,39.26481557],[3.06516063,39.26530194],[3.07302737,39.26821685],[3.07353425,39.26854515],[3.08682072,39.28134024],[3.0922662,39.28841472],[3.09251153,39.28865051],[3.09417546,39.28842127],[3.09647191,39.29199028],[3.10105836,39.29442191],[3.10241103,39.29567134],[3.10505354,39.29974651],[3.10985267,39.30170131],[3.1174252,39.31078565],[3.12114716,39.31155825],[3.12382376,39.31477582],[3.13071465,39.31309772],[3.13753831,39.31607688],[3.14243066,39.31981075],[3.14197648,39.32486546],[3.14522266,39.32554591],[3.14726687,39.32805467],[3.14877546,39.32639074],[3.15255547,39.32693815],[3.16132176,39.32520747],[3.16199672,39.32513356],[3.1640625,39.32561386],[3.17273736,39.32645607],[3.17305803,39.32662475],[3.17326534,39.32976234],[3.17612052,39.32874346],[3.17703915,39.32886255],[3.17781866,39.32923174],[3.17996275,39.33064914],[3.18012536,39.33095753],[3.18024325,39.33429647],[3.18254554,39.33504713],[3.18565094,39.33434308],[3.18638742,39.33452773],[3.18756485,39.3354882],[3.18924117,39.33774817],[3.18936884,39.33803666],[3.18879676,39.34079373],[3.19039714,39.34376597],[3.19259381,39.34474218],[3.19251788,39.34613633],[3.18733084,39.34977055],[3.18549371,39.34936404],[3.18544221,39.34975624],[3.18588388,39.35005081],[3.18807697,39.35126412],[3.18971586,39.34992564],[3.1915555,39.35024178],[3.19160914,39.35123754],[3.20305431,39.35074711],[3.21525073,39.35438764],[3.21525693,39.35627592],[3.21041632,39.35614562],[3.20947123,39.35710776],[3.21176422,39.35743666],[3.21185374,39.36180925],[3.21539283,39.36120117],[3.21605623,39.35786867],[3.22023118,39.35835803],[3.21920431,39.35720646],[3.21993923,39.35675943],[3.22039056,39.35671687],[3.22386444,39.35673785],[3.22555995,39.35939205],[3.22674823,39.35822284],[3.22837031,39.35846818],[3.22887945,39.35866356],[3.23224461,39.36122167],[3.2352705,39.36621296],[3.23521447,39.36663592],[3.23401904,39.36732614],[3.22972214,39.36642873],[3.22780216,39.36755693],[3.23347652,39.36859167],[3.23427176,39.37136865],[3.23749566,39.36903083],[3.24063158,39.37293863],[3.24042654,39.375],[3.2405833,39.375],[3.24486434,39.37746024],[3.24918807,39.38499355],[3.24781013,39.38616037],[3.25031185,39.38719416],[3.25074983,39.38982201],[3.25296986,39.39146304],[3.25157535,39.39295161],[3.25470126,39.39382851],[3.25483024,39.39409435],[3.25428236,39.40042627],[3.26305306,39.40846658],[3.26149702,39.40982676],[3.26465046,39.41084051],[3.26511395,39.41283786],[3.26813197,39.41535401],[3.26820886,39.41679335],[3.26558042,39.41737604],[3.26355147,39.41551328],[3.26025283,39.41543424],[3.25957763,39.41646993],[3.25978935,39.41790926],[3.26227474,39.41893923],[3.26357377,39.42498004],[3.26538932,39.42410493],[3.26721561,39.42530894],[3.26870537,39.41970086],[3.27089155,39.41928661],[3.27038026,39.41400945],[3.2729423,39.41363955],[3.27497232,39.4156332],[3.27730453,39.42370546],[3.27663851,39.42637992],[3.27307045,39.42844033],[3.27666914,39.43181503],[3.27808273,39.43918443],[3.27830482,39.45293975],[3.28025365,39.45493031],[3.27806008,39.45676458],[3.2812345,39.45844758],[3.28338981,39.46810722],[3.28712332,39.472229],[3.28682494,39.4738667],[3.28868234,39.47501922],[3.29140305,39.48045754],[3.28963375,39.48170543],[3.29020095,39.48356116],[3.28899431,39.48450065],[3.29350221,39.48446083],[3.29468644,39.48647606],[3.29386401,39.49180484],[3.29751432,39.49648666],[3.29976475,39.49707377],[3.29987085,39.4979434],[3.29688847,39.49897385],[3.30160022,39.499686],[3.30226052,39.50151587],[3.30104005,39.50332451],[3.31275845,39.51357174],[3.31225598,39.51586795],[3.31516397,39.51571655],[3.31682825,39.51680315],[3.31631637,39.51985812],[3.31808293,39.52130592],[3.32154763,39.52131152],[3.33020854,39.52923715],[3.34020972,39.53421092],[3.34038186,39.53523755],[3.33689213,39.53786194],[3.33702815,39.54102313],[3.33844245,39.53756225],[3.34064031,39.537202],[3.34060252,39.54009533],[3.34105694,39.54034924],[3.3542093,39.5455209],[3.36159301,39.55034053],[3.36593986,39.54979253],[3.36841846,39.55029976],[3.36835861,39.55078125],[3.36841714,39.55078125],[3.36906385,39.55574274],[3.37041426,39.55659807],[3.37281585,39.55590522],[3.37527704,39.55958652],[3.37605464,39.56445014],[3.37377357,39.56489587],[3.37327635,39.56605971],[3.37706864,39.56955934],[3.37532985,39.57192552],[3.37892962,39.57598901],[3.39523625,39.57513654],[3.40043175,39.57649231],[3.40422451,39.57882237],[3.40303695,39.58326757],[3.39455605,39.58390057],[3.38747537,39.58764064],[3.38664424,39.58829367],[3.38568795,39.58994961],[3.38479245,39.59595776],[3.38512266,39.59825778],[3.38639653,39.6023308],[3.38663375,39.60285163],[3.38864803,39.60304904],[3.39308143,39.61428571],[3.39260674,39.61870885],[3.39341056,39.62074733],[3.39380157,39.62160134],[3.39773488,39.62830913],[3.40016663,39.63018143],[3.40009582,39.63191271],[3.40158355,39.63221443],[3.40320694,39.63541687],[3.40624237,39.63679373],[3.40886533,39.63718867],[3.40985823,39.63705254],[3.4122802,39.63638103],[3.41379917,39.63485098],[3.42435837,39.63237297],[3.42686653,39.63204336],[3.43317783,39.63185942],[3.43444502,39.63218117],[3.43674493,39.63385165],[3.43721354,39.63452864],[3.43647611,39.63695383],[3.43920541,39.64298141],[3.43759024,39.64740455],[3.44101894,39.65613937],[3.44308114,39.65747321],[3.44751215,39.65515924],[3.45471203,39.65489733],[3.45661676,39.65726554],[3.45664835,39.66119218],[3.45452964,39.66217625],[3.45350766,39.66893578],[3.45753503,39.67089391],[3.45370913,39.67427647],[3.45697021,39.67967701],[3.45302153,39.68149865],[3.45433605,39.68279564],[3.45695925,39.68309665],[3.45800746,39.68496263],[3.45814192,39.6894387],[3.45524931,39.68902683],[3.45421207,39.69252431],[3.45662785,39.69768095],[3.45526505,39.69943094],[3.45659685,39.70115423],[3.45599377,39.70309925],[3.45674586,39.70495987],[3.45711791,39.70552957],[3.4613018,39.70756173],[3.46247661,39.70979631],[3.46318042,39.70895612],[3.46733797,39.71013224],[3.47029042,39.71222961],[3.47318184,39.71111584],[3.47451913,39.70920062],[3.47713578,39.71272564],[3.47622597,39.71460664],[3.47832775,39.71472704],[3.47902834,39.71583915],[3.47719061,39.71667242],[3.47677314,39.72010303],[3.47307396,39.72108364],[3.46610928,39.72045803],[3.46566868,39.72047412],[3.4628365,39.72146392],[3.45640266,39.72203362],[3.45395565,39.72101498],[3.45283544,39.72142863],[3.45204234,39.72185266],[3.45193493,39.72447395],[3.45558453,39.7265625],[3.45612407,39.7265625],[3.45646346,39.72730255],[3.45608866,39.72764552],[3.45243263,39.72638798],[3.45315015,39.72865915],[3.45814192,39.73356187],[3.45963836,39.73714912],[3.46229196,39.73814166],[3.46229911,39.74075258],[3.45925522,39.74105465],[3.45813453,39.74370122],[3.46137094,39.74800515],[3.45205486,39.74370146],[3.4393779,39.74517155],[3.43340886,39.74474633],[3.42728102,39.75153434],[3.41853297,39.75130105],[3.41263723,39.75520623],[3.40998793,39.75934267],[3.40544498,39.75890565],[3.40621102,39.76139522],[3.40449202,39.76374614],[3.39965463,39.76290572],[3.39675534,39.76459765],[3.38418221,39.76501155],[3.37452507,39.76832747],[3.37385571,39.77297914],[3.36916351,39.77609277],[3.36514807,39.77640665],[3.36085868,39.77848673],[3.35115385,39.78782928],[3.34782505,39.78941453],[3.33532774,39.78407335],[3.33414865,39.77721906],[3.33225906,39.77467251],[3.33476341,39.77330887],[3.33543265,39.76879144],[3.33047664,39.76412845],[3.32963145,39.76008117],[3.32523715,39.75764143],[3.32193553,39.75817752],[3.31988955,39.75676537],[3.31792533,39.75750935],[3.30709791,39.75437903],[3.30261326,39.75044537],[3.30039334,39.74992204],[3.30063713,39.74779761],[3.29777086,39.74845338],[3.28859937,39.74488211],[3.28583074,39.74019134],[3.27828205,39.73959172],[3.26729286,39.73380947],[3.25866425,39.73409665],[3.25560701,39.73050714],[3.25322831,39.72939515],[3.25259113,39.72931707],[3.24331915,39.7297132],[3.23755884,39.73122847],[3.23719132,39.73134756],[3.22322536,39.73789585],[3.22085226,39.73998761],[3.21730447,39.73944378],[3.21199751,39.74093163],[3.21115291,39.7413069],[3.20744944,39.74545181],[3.20666456,39.74583495],[3.20099151,39.74802625],[3.19681144,39.74849451],[3.19101775,39.75179136],[3.19033444,39.75326371],[3.17480063,39.75730896],[3.17363441,39.75921822],[3.1704849,39.75960064],[3.16999185,39.75985956],[3.1640625,39.76339281],[3.1640625,39.76395094],[3.15961421,39.76686072],[3.15769565,39.76544428],[3.15284073,39.76749134],[3.14486814,39.77330995],[3.14334714,39.7762413],[3.13917565,39.7785753],[3.12713587,39.79135883],[3.12050486,39.80214274],[3.11662293,39.81836772],[3.11838555,39.82908106],[3.12201095,39.83541036],[3.12694943,39.84007788],[3.1294142,39.84123886],[3.13277197,39.84135532],[3.13111186,39.83812356],[3.13332665,39.83609152],[3.13494694,39.83901525],[3.13555527,39.83974123],[3.13589025,39.83981013],[3.135288,39.83855605],[3.13551605,39.83800864],[3.13808107,39.83844352],[3.13864577,39.83826303],[3.13973665,39.83717644],[3.13999796,39.83664954],[3.13895464,39.83456266],[3.14217234,39.83489072],[3.14131248,39.83221686],[3.14683116,39.83490896],[3.15947533,39.83686221],[3.1640625,39.83872771],[3.16895282,39.83683562],[3.17370105,39.83764625],[3.17434525,39.8379147],[3.17560494,39.84007812],[3.18056941,39.84210885],[3.18251085,39.84379935],[3.18740177,39.85074484],[3.19548547,39.85755217],[3.19653571,39.86146712],[3.19661415,39.86200583],[3.18825078,39.86200655],[3.18780971,39.8623147],[3.18601596,39.86896002],[3.18405545,39.87062216],[3.18817794,39.87295055],[3.18768418,39.87653208],[3.19088507,39.87680638],[3.18836355,39.88100457],[3.18852413,39.88125324],[3.19271946,39.88115823],[3.19303227,39.88133633],[3.20081425,39.88690162],[3.20380282,39.88766372],[3.20395124,39.88929832],[3.2037667,39.88995361],[3.19832945,39.89106858],[3.19435716,39.89334822],[3.19002521,39.89258754],[3.18558383,39.88430595],[3.18488765,39.88385022],[3.18270957,39.88299525],[3.17966676,39.88309205],[3.17608345,39.87979496],[3.17286193,39.8785547],[3.17172635,39.87928796],[3.17006075,39.87691987],[3.16696668,39.87762022],[3.1640625,39.875],[3.16323698,39.87373435],[3.15848732,39.87167168],[3.15222311,39.87190795],[3.14679003,39.86629665],[3.14263451,39.86711705],[3.14163744,39.86552918],[3.13797176,39.86507213],[3.13495624,39.86832964],[3.13139951,39.86924458],[3.12506545,39.8631469],[3.12176025,39.8639729],[3.11939001,39.86197364],[3.11925483,39.86431766],[3.11698937,39.86435544],[3.11504471,39.86156476],[3.11194015,39.86173832],[3.11091685,39.85844946],[3.10333514,39.85719502],[3.09111333,39.86574948],[3.08364522,39.87488103],[3.07891536,39.89079511],[3.07972872,39.90126252],[3.08061624,39.90234375],[3.08080721,39.90234375],[3.08176255,39.90433884],[3.08480644,39.90234375],[3.08533275,39.90234375],[3.08527005,39.90157604],[3.08557987,39.90155852],[3.08714676,39.90234375],[3.08735132,39.90234375],[3.08876395,39.90412927],[3.08375084,39.90677094],[3.08932543,39.91074324],[3.10141814,39.90906],[3.10388994,39.90547693],[3.10790122,39.90535593],[3.10807431,39.90234375],[3.10855246,39.90234375],[3.11083198,39.89906716],[3.11145496,39.90234375],[3.11170983,39.90234375],[3.11160243,39.90419257],[3.10963595,39.90719116],[3.10950172,39.90999031],[3.11002886,39.91096556],[3.11077964,39.91123593],[3.11652613,39.91057074],[3.12129653,39.91458213],[3.12682426,39.91579485],[3.12960553,39.91868305],[3.12977564,39.92367125],[3.12990737,39.92400873],[3.13218713,39.92628706],[3.13329077,39.92675221],[3.14017725,39.92738485],[3.14096606,39.92723966],[3.14514875,39.92384505],[3.14902413,39.92422664],[3.15453064,39.92251694],[3.1640625,39.92829227],[3.1784116,39.93675983],[3.17903745,39.93702745],[3.18452251,39.93697596],[3.18958485,39.94109893],[3.19253886,39.93944085],[3.19588423,39.94185996],[3.20142424,39.94299364],[3.20491457,39.94603825],[3.20844877,39.95207596],[3.21423376,39.95577562],[3.21412623,39.95815134],[3.21412158,39.96154106],[3.21348846,39.96199477],[3.21233165,39.96198034]],[[3.146438,39.92251551],[3.14511836,39.92273855],[3.14389706,39.92154944],[3.14438164,39.92080545],[3.14606631,39.91936386],[3.14975941,39.9192487],[3.14983594,39.91987956],[3.14947855,39.92145121],[3.146438,39.92251551]],[[3.01306236,39.30441475],[3.010517,39.30558205],[3.00889051,39.30449665],[3.00899637,39.30416966],[3.01004696,39.30304563],[3.01185954,39.30308688],[3.01232374,39.30327046],[3.01306236,39.30441475]],[[2.98410058,39.32604206],[2.9835608,39.32625842],[2.98154807,39.32539344],[2.9815104,39.32496715],[2.98340917,39.32475615],[2.98394895,39.32495427],[2.98410058,39.32604206]],[[2.54735255,39.50240874],[2.54661787,39.5036391],[2.54346025,39.50506473],[2.54316795,39.50485158],[2.54477584,39.50242221],[2.54512882,39.50209916],[2.54672825,39.50203395],[2.54735255,39.50240874]],[[2.58948016,39.53019083],[2.58887458,39.53121066],[2.58735025,39.53030515],[2.58601093,39.52858472],[2.58622277,39.52747774],[2.58715928,39.52758086],[2.58888936,39.52864504],[2.58950603,39.52927685],[2.58948016,39.53019083]],[[2.47283041,39.46278214],[2.47303975,39.4634459],[2.47072232,39.46164644],[2.47175133,39.46168983],[2.47283041,39.46278214]],[[2.4568094,39.50145674],[2.45631874,39.50264156],[2.44745028,39.49649405],[2.44819927,39.49480796],[2.4497298,39.49518692],[2.45173407,39.49819481],[2.4568094,39.50145674]],[[2.30724621,39.57172966],[2.30865324,39.57363248],[2.31304646,39.57348871],[2.31929052,39.57620025],[2.32735705,39.58612931],[2.33393693,39.58860171],[2.33734882,39.59558153],[2.33925426,39.59752035],[2.33925664,39.59802866],[2.33825481,39.59858847],[2.33525932,39.59789765],[2.33271158,39.59542501],[2.32251787,39.59230983],[2.31871533,39.58775866],[2.31715536,39.58866048],[2.31386471,39.58506],[2.30891025,39.58394492],[2.30617595,39.58075106],[2.30637205,39.57736385],[2.30323124,39.57383168],[2.30342162,39.57087052],[2.30724621,39.57172966]],[[2.34686041,39.57728624],[2.34805274,39.57558584],[2.34907293,39.57561815],[2.34948254,39.57645106],[2.34840977,39.57834303],[2.34686041,39.57728624]],[[0.67112243,39.87578177],[0.67010355,39.87586534],[0.66931915,39.87533486],[0.66957355,39.87463093],[0.66989386,39.87407756],[0.67016435,39.8737421],[0.67047465,39.87360275],[0.67085147,39.87362444],[0.67111242,39.87376881],[0.67126167,39.87396324],[0.67145145,39.87411666],[0.67175245,39.87422586],[0.67211366,39.87434745],[0.67244375,39.87450135],[0.67264342,39.87479246],[0.67264414,39.8752073],[0.67239451,39.87550116],[0.67187524,39.87566006],[0.67112243,39.87578177]],[[0.66778111,39.89247775],[0.66739428,39.89264667],[0.66677821,39.89207745],[0.66689444,39.89148927],[0.66712546,39.89100945],[0.66754615,39.89053524],[0.66820943,39.89002967],[0.66883171,39.88969326],[0.66937506,39.88951111],[0.66984403,39.88951313],[0.67004275,39.88975656],[0.66985178,39.89025664],[0.66935444,39.89086533],[0.66888785,39.89139163],[0.66847551,39.8918426],[0.66814554,39.89220464],[0.66778111,39.89247775]],[[0.69019473,39.89453816],[0.69057775,39.89498544],[0.69070363,39.89550662],[0.69062245,39.89615047],[0.69028997,39.89650714],[0.68989861,39.89641798],[0.68956995,39.89610732],[0.68919122,39.89577246],[0.68874717,39.89549005],[0.68823624,39.89520812],[0.68765128,39.89500296],[0.68679535,39.89487374],[0.68567026,39.89487374],[0.68485725,39.894979],[0.68422472,39.89525747],[0.68408465,39.8955096],[0.68396044,39.89585924],[0.68402481,39.89627695],[0.68438005,39.8966583],[0.68495536,39.89699972],[0.68566632,39.89738226],[0.6863203,39.89767945],[0.68782854,39.89925945],[0.68771195,39.90006673],[0.68724561,39.90050507],[0.68658471,39.90061486],[0.6859287,39.90049112],[0.68526578,39.90009666],[0.68461645,39.89959908],[0.68422484,39.89922547],[0.68395853,39.89902401],[0.68364966,39.89885056],[0.68332291,39.89854193],[0.68307805,39.89812946],[0.68286455,39.89770353],[0.68268478,39.89722991],[0.68253696,39.89667046],[0.68253314,39.89601314],[0.68267345,39.89546382],[0.68285513,39.89501846],[0.68310845,39.89463425],[0.68346572,39.89420235],[0.68392777,39.89370358],[0.68423331,39.89333355],[0.68447137,39.89313316],[0.68486631,39.89301705],[0.68558705,39.89292407],[0.68656838,39.89293027],[0.68729985,39.89303768],[0.6876924,39.89316165],[0.68794572,39.89349604],[0.68813574,39.89366364],[0.68851364,39.89385092],[0.68902922,39.89409876],[0.68954206,39.89430058],[0.69019473,39.89453816]],[[2.97873771,39.20578456],[2.97951245,39.20575285],[2.97967315,39.20607734],[2.97837615,39.2073853],[2.97798157,39.20636356],[2.97873771,39.20578456]],[[2.97188127,39.20043325],[2.97279227,39.19921875],[2.97423315,39.19921875],[2.97494018,39.20109272],[2.97441685,39.20113945],[2.97188127,39.20043325]],[[2.97110534,39.1965698],[2.97296882,39.19507134],[2.97355306,39.19515371],[2.97427964,39.19627845],[2.97419977,39.19665265],[2.97315323,39.19799411],[2.97256112,39.19816625],[2.97098506,39.19711316],[2.97110534,39.1965698]],[[2.96010804,39.18846774],[2.95974565,39.18421698],[2.95582402,39.18374336],[2.95528054,39.18318582],[2.95514357,39.1827352],[2.96022522,39.1759026],[2.96171534,39.17499053],[2.96354902,39.17529786],[2.96615231,39.17536902],[2.96723616,39.18036997],[2.9731878,39.18630695],[2.96972144,39.19023788],[2.96494722,39.19019377],[2.96175146,39.18974948],[2.96010804,39.18846774]],[[2.97481215,39.16675723],[2.97784746,39.16617405],[2.97822082,39.16628075],[2.97828734,39.16912985],[2.97617221,39.16987765],[2.97513151,39.16995513],[2.97485626,39.16978395],[2.97451723,39.16724384],[2.97481215,39.16675723]],[[1.53334272,39.11850965],[1.52491355,39.11498523],[1.51409745,39.11637866],[1.51690745,39.11008215],[1.51627743,39.10975492],[1.51493967,39.10956717],[1.51285255,39.11104405],[1.51011574,39.11419988],[1.5070374,39.11354065],[1.50628161,39.11116576],[1.50881076,39.10320723],[1.49871576,39.09981835],[1.49806762,39.09968185],[1.49680495,39.09970272],[1.49554181,39.10167384],[1.49298406,39.10227394],[1.49328423,39.10871196],[1.49003422,39.11004901],[1.48593378,39.10899556],[1.48371243,39.10106516],[1.47860944,39.10518956],[1.47363424,39.10529673],[1.46900845,39.10055947],[1.46548283,39.10143244],[1.46315515,39.10362673],[1.46197522,39.10276234],[1.46358538,39.09973741],[1.45856595,39.09743881],[1.45352006,39.09711683],[1.45163095,39.09570885],[1.44924474,39.09194314],[1.45255387,39.08933926],[1.44421542,39.08818817],[1.44040263,39.08127987],[1.44003105,39.08119965],[1.43757164,39.08396041],[1.43955064,39.08590806],[1.43949366,39.08778942],[1.43433094,39.08760595],[1.42717397,39.09240186],[1.42436635,39.09212565],[1.41979885,39.0886904],[1.41932166,39.08431745],[1.41611242,39.08138347],[1.41664135,39.07789874],[1.40927732,39.07808864],[1.40712321,39.07526815],[1.40625,39.07533467],[1.40333807,39.07749605],[1.39899313,39.07739222],[1.39724421,39.08010507],[1.38845062,39.07941031],[1.38161433,39.07178485],[1.38112175,39.06794596],[1.37660015,39.06313145],[1.37585831,39.06285453],[1.37495744,39.06280255],[1.36585081,39.06417406],[1.36349273,39.07333732],[1.36230385,39.07446015],[1.35921204,39.07372713],[1.35676467,39.07124376],[1.35653424,39.06870747],[1.35120595,39.06433737],[1.3481251,39.06390643],[1.34534955,39.06683576],[1.34422815,39.06317723],[1.34582663,39.05983424],[1.34222436,39.05348372],[1.33317244,39.05496645],[1.33137691,39.05357134],[1.3265506,39.05343294],[1.32444835,39.05114901],[1.32571506,39.04837394],[1.31697512,39.04476297],[1.31161261,39.04447711],[1.31107557,39.04418874],[1.30426383,39.03621542],[1.29480362,39.03177846],[1.29036236,39.02823627],[1.29004896,39.02792156],[1.29133666,39.0234375],[1.29157114,39.0234375],[1.29450762,39.01927817],[1.29468811,39.01802504],[1.29430771,39.01670551],[1.29158497,39.01476574],[1.29388285,39.01302552],[1.29352987,39.01042545],[1.29375291,39.01017892],[1.29786813,39.01064098],[1.29864585,39.00973034],[1.29237151,39.0054636],[1.29218101,39.00289154],[1.28951895,39.00482714],[1.29009247,39.00167727],[1.28385067,38.99879885],[1.28509867,38.99527383],[1.28442156,38.99325228],[1.28842294,38.99120307],[1.28647482,38.99074411],[1.28671205,38.98953831],[1.29201758,38.98839271],[1.29631495,38.98479903],[1.29342055,38.98219264],[1.29725456,38.97917271],[1.2982409,38.97600651],[1.30656135,38.97866154],[1.30677354,38.97842252],[1.30750775,38.97402465],[1.30709505,38.97339797],[1.30317056,38.96991563],[1.30135095,38.96856201],[1.30085087,38.96851051],[1.29538333,38.96923268],[1.29496264,38.96935225],[1.29192555,38.97236741],[1.28790307,38.97133446],[1.28744245,38.97147107],[1.28393984,38.97397804],[1.28191721,38.97212684],[1.27709341,38.97181094],[1.27585125,38.96991181],[1.26654756,38.96969974],[1.26552737,38.96882737],[1.26842046,38.96656072],[1.26321614,38.96794593],[1.26307881,38.96992695],[1.26059055,38.97146606],[1.25959814,38.96801317],[1.25064313,38.96925604],[1.24982131,38.9673835],[1.2465595,38.96791255],[1.24492717,38.96656322],[1.24002814,38.96802425],[1.2433114,38.97117758],[1.24296856,38.97296464],[1.23644376,38.97150326],[1.23606741,38.96965563],[1.23372126,38.96912944],[1.23242438,38.97425377],[1.23118615,38.97355127],[1.22927594,38.97459471],[1.2255578,38.96455181],[1.22003806,38.96279621],[1.21952343,38.96117663],[1.21472693,38.95837545],[1.21447265,38.95690835],[1.21762896,38.95412707],[1.21951544,38.95391941],[1.21883595,38.95084894],[1.22701752,38.94980335],[1.22553313,38.94817591],[1.22713196,38.94620717],[1.22609937,38.94474685],[1.23058105,38.94476974],[1.23010695,38.94140744],[1.23085308,38.94052684],[1.23416185,38.94054616],[1.23550081,38.93879068],[1.23455214,38.93515921],[1.23154974,38.93355107],[1.23279464,38.93012548],[1.22810733,38.92843843],[1.22764635,38.9249258],[1.22076845,38.92245626],[1.22095215,38.91826451],[1.21819234,38.91584206],[1.21863866,38.91485393],[1.22178757,38.91497266],[1.22382581,38.91308987],[1.21947765,38.91335225],[1.21947634,38.91079307],[1.21661663,38.90867102],[1.21309686,38.90297592],[1.21352422,38.89738643],[1.21590114,38.89559746],[1.21689165,38.89268434],[1.22029173,38.88947356],[1.22462773,38.88935053],[1.22260034,38.87828374],[1.22697055,38.87460697],[1.22573423,38.87335074],[1.22698045,38.87275302],[1.22696757,38.87239993],[1.223894,38.87084532],[1.22416961,38.8704499],[1.22516811,38.86989164],[1.22550917,38.87095416],[1.22932017,38.87212455],[1.23327374,38.87242317],[1.23241806,38.87060154],[1.23545992,38.87173605],[1.23798406,38.86924565],[1.24046278,38.86856484],[1.24222398,38.86535704],[1.24425817,38.86428165],[1.24431276,38.86176586],[1.24318004,38.86119175],[1.24632561,38.85812306],[1.245368,38.85591614],[1.2470355,38.85637045],[1.24881196,38.85493386],[1.25532925,38.85905683],[1.25577664,38.86490691],[1.26617301,38.87678933],[1.27233446,38.87855566],[1.27550423,38.87719285],[1.27993286,38.87762356],[1.28286445,38.87385654],[1.28700244,38.87597466],[1.29701471,38.87555504],[1.29942965,38.87225461],[1.29775703,38.86983442],[1.30160165,38.86832035],[1.30307531,38.86984634],[1.30515218,38.86672187],[1.30266416,38.86558938],[1.30078626,38.86617255],[1.29733956,38.86229706],[1.30162156,38.86042655],[1.30341291,38.86185074],[1.30536747,38.8610785],[1.30839515,38.86265683],[1.31025326,38.86460495],[1.31044197,38.86744583],[1.3166877,38.86687481],[1.32091975,38.86389625],[1.32195926,38.86138594],[1.32015324,38.85548985],[1.32203817,38.85615051],[1.32460296,38.86198175],[1.32875395,38.86362922],[1.32871091,38.86649251],[1.33192945,38.86685932],[1.33533061,38.86581981],[1.33596516,38.86772406],[1.34395635,38.8701961],[1.34978545,38.86800897],[1.3590641,38.86186445],[1.36596155,38.85239124],[1.3671875,38.84765625],[1.36730647,38.84765625],[1.37044382,38.84360564],[1.36771595,38.83576143],[1.37182414,38.83301151],[1.37020266,38.82966065],[1.37103164,38.82817757],[1.37131095,38.8279953],[1.37252891,38.83024466],[1.37646794,38.83186126],[1.37733746,38.83347964],[1.37963855,38.83314025],[1.38097894,38.83427763],[1.3849653,38.84165025],[1.38597381,38.84205794],[1.38740754,38.8421185],[1.39277017,38.84057653],[1.39323318,38.84027815],[1.40625,38.82952011],[1.40625,38.83063614],[1.40592837,38.83080351],[1.40590465,38.830971],[1.40625,38.83119404],[1.40625,38.83147323],[1.40722775,38.83246005],[1.40625,38.83398426],[1.40625,38.83565843],[1.40350103,38.84045494],[1.40231991,38.84765625],[1.40230775,38.84765625],[1.40547073,38.85303998],[1.40535402,38.85658467],[1.40625,38.85658467],[1.40714955,38.85653734],[1.40811372,38.85842025],[1.40625,38.86104906],[1.40625,38.86356032],[1.40838397,38.86961663],[1.40625,38.86969864],[1.40554917,38.86988544],[1.40347326,38.87538135],[1.40347612,38.87573028],[1.40625,38.88309145],[1.40625,38.88448656],[1.41233611,38.89290452],[1.41819835,38.89656115],[1.42100215,38.90309882],[1.42248178,38.90418994],[1.4241569,38.90450931],[1.43520021,38.90198135],[1.43802893,38.90238702],[1.43972302,38.90729284],[1.44231296,38.90948534],[1.44171607,38.91030872],[1.43869138,38.90984488],[1.43655932,38.9112972],[1.4375751,38.91342294],[1.43847156,38.91361046],[1.43903387,38.91263831],[1.44342816,38.91261554],[1.44548845,38.91091704],[1.45146132,38.90940213],[1.45435393,38.90536034],[1.45327103,38.90389943],[1.45783055,38.90333903],[1.45906627,38.90609396],[1.45445597,38.90745604],[1.45552015,38.91121733],[1.45219505,38.91375256],[1.45471716,38.91651404],[1.45791912,38.91764188],[1.45975161,38.91760981],[1.46222091,38.91654074],[1.46260452,38.91622543],[1.46423101,38.91264641],[1.47713804,38.91248918],[1.47517455,38.91493154],[1.47960305,38.91487515],[1.47927451,38.91660392],[1.48199332,38.91808164],[1.48242962,38.92034984],[1.48485601,38.92089105],[1.48495555,38.92257142],[1.48696125,38.92222071],[1.48684561,38.92487276],[1.48838484,38.92371857],[1.48955905,38.92421317],[1.48904324,38.92674851],[1.49541616,38.92872894],[1.49679554,38.93031776],[1.50120986,38.92972851],[1.50188065,38.93216312],[1.50534415,38.9321748],[1.51089454,38.9432199],[1.51107371,38.94670761],[1.51659036,38.94660985],[1.52055395,38.94352412],[1.52392554,38.94335878],[1.52929544,38.94537103],[1.52841306,38.95069647],[1.52680516,38.95197666],[1.51991546,38.95254886],[1.52531326,38.95389974],[1.52971315,38.95337725],[1.53183806,38.95544565],[1.53174555,38.95722055],[1.52919877,38.95802021],[1.53344405,38.96233141],[1.53247321,38.96335411],[1.53307545,38.97304034],[1.53138471,38.97907758],[1.53155994,38.97949886],[1.53411365,38.9821645],[1.5349133,38.98276055],[1.53712344,38.98272192],[1.5374006,38.98255241],[1.53800035,38.98045611],[1.54281187,38.98324144],[1.54649901,38.98271644],[1.5470314,38.9870826],[1.54903662,38.98649395],[1.54871798,38.98964763],[1.54972494,38.99050236],[1.55049312,38.98947096],[1.55230904,38.9920336],[1.55420864,38.99142647],[1.55447805,38.99013913],[1.55775833,38.99033308],[1.56225038,38.99270081],[1.57094276,38.9901942],[1.57363308,38.99075854],[1.57466388,38.98942447],[1.57678115,38.98980355],[1.57903886,38.98843575],[1.58197641,38.98888373],[1.58254457,38.99002445],[1.58046186,38.99177361],[1.58143842,38.99358797],[1.58005166,38.99449146],[1.58179104,38.99668276],[1.58008075,38.99739206],[1.58054686,38.99926972],[1.57846987,39.00100863],[1.57926953,39.00200713],[1.58224678,39.00196791],[1.58154142,39.00462234],[1.58335483,39.00625217],[1.58257425,39.00963783],[1.58631182,39.0098294],[1.58744311,39.01128423],[1.58739126,39.01301301],[1.58415961,39.01553392],[1.59392571,39.01508152],[1.59650242,39.01810133],[1.5948143,39.02109385],[1.59498966,39.02137291],[1.59690356,39.0234375],[1.598158,39.02270496],[1.59851634,39.02270496],[1.59905374,39.0234375],[1.59944773,39.0234375],[1.59973502,39.02370715],[1.59995055,39.02368855],[1.60016584,39.0234375],[1.60232055,39.0234375],[1.60331023,39.02387917],[1.60682595,39.02947855],[1.60737491,39.02955151],[1.61526895,39.02418351],[1.61576188,39.02406776],[1.61961901,39.02567327],[1.62156153,39.02722573],[1.62137985,39.02768362],[1.61694515,39.02849984],[1.62061453,39.03270257],[1.62075555,39.03587866],[1.62016845,39.03687656],[1.60877633,39.03577876],[1.60961926,39.04398191],[1.60645032,39.04492176],[1.59472537,39.05271936],[1.59402657,39.05333877],[1.58904064,39.06016111],[1.58855236,39.06197655],[1.58840716,39.06365967],[1.59181428,39.07565284],[1.59391105,39.07599938],[1.59774125,39.07334924],[1.60005283,39.07326627],[1.60079515,39.07349336],[1.60710335,39.07649148],[1.60940862,39.07821906],[1.61187375,39.08100963],[1.6118201,39.08197784],[1.60805023,39.079409],[1.60263646,39.07929575],[1.60187411,39.08155715],[1.59879625,39.08338094],[1.59866452,39.08386016],[1.60547793,39.09002125],[1.59733105,39.09315193],[1.59314644,39.09810281],[1.59072304,39.09515476],[1.58558714,39.09601974],[1.58239031,39.09821415],[1.57158673,39.09726727],[1.56882155,39.09814835],[1.56238174,39.09323025],[1.55847275,39.09346962],[1.55546641,39.09990942],[1.55323374,39.09997213],[1.54727232,39.10297108],[1.54447591,39.10581565],[1.53781533,39.10703695],[1.54286075,39.11227381],[1.54253435,39.11556053],[1.54229665,39.11611664],[1.54101145,39.11626506],[1.53334272,39.11850965]],[[1.64010024,39.03708196],[1.64046204,39.03414524],[1.64085972,39.03385913],[1.64558673,39.03174162],[1.6462177,39.03157413],[1.65024793,39.03136432],[1.65074003,39.03162491],[1.65124238,39.03335285],[1.64627051,39.03698826],[1.64703655,39.03913486],[1.64679897,39.04002976],[1.64586473,39.04074848],[1.64468551,39.04099345],[1.64168453,39.03969383],[1.64149761,39.03992474],[1.64209747,39.04164457],[1.63805127,39.04157364],[1.63696957,39.04063571],[1.64010024,39.03708196]],[[1.58260107,38.98509145],[1.58249402,38.98261487],[1.58421993,38.98125756],[1.58556867,38.98176694],[1.58510888,38.98632348],[1.58464587,38.98637426],[1.58260107,38.98509145]],[[1.42251778,38.89579105],[1.42394245,38.89554226],[1.42460644,38.89590073],[1.42452467,38.89707172],[1.42420554,38.89728487],[1.42205524,38.89687824],[1.42251778,38.89579105]],[[1.43713117,38.88791811],[1.438977,38.88708961],[1.43989575,38.88860953],[1.43944824,38.88890135],[1.43858397,38.88903713],[1.43713117,38.88791811]],[[1.43327713,38.88342655],[1.43382394,38.88309312],[1.43550587,38.88320911],[1.43580043,38.88350725],[1.43631566,38.88516176],[1.4353832,38.88553345],[1.4348098,38.88562608],[1.43343317,38.88410366],[1.43327713,38.88342655]],[[1.20334625,38.86429822],[1.20396066,38.86757565],[1.20320678,38.87012637],[1.20063114,38.87108445],[1.19749844,38.87109375],[1.19569111,38.87067926],[1.19493937,38.87017226],[1.19030511,38.86512184],[1.19028294,38.86360288],[1.18784726,38.86264801],[1.19311094,38.86320555],[1.19718504,38.8622148],[1.19882047,38.86339402],[1.19937801,38.86385465],[1.20268714,38.86398578],[1.20334625,38.86429822]],[[1.20866323,38.86623895],[1.20952392,38.86615312],[1.21229076,38.86711431],[1.21216035,38.86546028],[1.21474445,38.8653717],[1.21560562,38.86963403],[1.20897567,38.87026501],[1.2074089,38.86953211],[1.20648944,38.86732042],[1.20664871,38.86707461],[1.20866323,38.86623895]],[[1.19326973,38.96032357],[1.19226635,38.96036077],[1.18785811,38.95725918],[1.18757164,38.95663917],[1.18809843,38.95613694],[1.18910813,38.95602715],[1.19494104,38.95703101],[1.19718707,38.95528364],[1.20048296,38.95672333],[1.20066404,38.95722091],[1.19929254,38.95965385],[1.19326973,38.96032357]],[[1.21561861,38.97233415],[1.21517622,38.97241211],[1.21407163,38.96821857],[1.2195127,38.96635282],[1.22041917,38.96896434],[1.21561861,38.97233415]],[[1.16596878,38.96941876],[1.16470742,38.96947837],[1.16455853,38.96893835],[1.16462255,38.96757662],[1.16548395,38.96681845],[1.16588581,38.96712184],[1.16678035,38.96760941],[1.16649175,38.96896756],[1.16596878,38.96941876]],[[1.16804063,38.97192085],[1.16560352,38.97377217],[1.16452825,38.97377217],[1.16393948,38.97300744],[1.16420865,38.97130632],[1.16584575,38.97056615],[1.16672075,38.97059035],[1.16804063,38.97192085]],[[1.21507597,38.97567964],[1.21619046,38.97768295],[1.21888244,38.97773266],[1.21970606,38.97872734],[1.21838033,38.98203278],[1.21190321,38.98382902],[1.21331406,38.98576403],[1.21711516,38.98751903],[1.21587706,38.98922551],[1.21666384,38.9938395],[1.21362531,38.99581456],[1.20617974,38.98882174],[1.20799804,38.98559225],[1.2059623,38.9826529],[1.20666277,38.98075211],[1.2134968,38.97540665],[1.21392751,38.97517025],[1.21507597,38.97567964]],[[1.16197777,38.97863185],[1.16217268,38.9830023],[1.16061521,38.98265612],[1.16056836,38.98085618],[1.16021764,38.9805665],[1.15741551,38.97959995],[1.15707541,38.97920561],[1.15668964,38.97797501],[1.15872383,38.97759855],[1.16170156,38.97832441],[1.16197777,38.97863185]],[[1.31741452,39.05032325],[1.31668615,39.05086565],[1.31461573,39.04955065],[1.31626737,39.04822302],[1.31667995,39.04876328],[1.31741452,39.05032325]],[[1.43119001,39.09110868],[1.43153954,39.09046304],[1.43216646,39.09072256],[1.43273592,39.09337068],[1.43178988,39.09242702],[1.43119001,39.09110868]],[[1.40882683,38.81773281],[1.41143847,38.813344],[1.41181505,38.81346977],[1.41262031,38.81491303],[1.41242838,38.81574273],[1.41040218,38.81880593],[1.41001916,38.81897485],[1.40882683,38.81773281]],[[1.40585506,38.81375146],[1.40245974,38.81470287],[1.40209293,38.81446195],[1.40335131,38.81345415],[1.40533638,38.81349421],[1.40585506,38.81375146]],[[1.40451217,38.81505275],[1.40512598,38.81652331],[1.40200245,38.81620455],[1.40343487,38.81519187],[1.40451217,38.81505275]],[[1.47785366,38.80507338],[1.47351313,38.79830563],[1.47805321,38.78871262],[1.48447442,38.78608966],[1.48515785,38.7870028],[1.48101795,38.78811526],[1.47988665,38.79323375],[1.47992074,38.79621458],[1.48266757,38.79812825],[1.48195326,38.79921746],[1.48077404,38.79930854],[1.47865975,38.80030644],[1.47829461,38.80083215],[1.47944963,38.80454564],[1.47785366,38.80507338]],[[1.42688477,38.77588224],[1.42797446,38.77564585],[1.42729676,38.77687764],[1.42512107,38.77722144],[1.42688477,38.77588224]],[[4.13743234,40.04352295],[4.13794625,40.04351735],[4.13822317,40.04365122],[4.13817465,40.04395115],[4.1379987,40.04446602],[4.13778734,40.04525304],[4.13760555,40.04626095],[4.13740683,40.04698133],[4.13716924,40.04739225],[4.13681781,40.04764164],[4.13641882,40.04777944],[4.13579786,40.04712605],[4.13593996,40.04620516],[4.13617516,40.04551744],[4.13650394,40.04491973],[4.13686693,40.04435086],[4.13699257,40.04393005],[4.13709605,40.04365981],[4.13743234,40.04352295]],[[4.20877206,40.02237987],[4.20873201,40.01381326],[4.20902801,40.0137552],[4.21272635,40.01710641],[4.21292114,40.01754916],[4.21263194,40.0186311],[4.21215975,40.01880336],[4.21046054,40.01893032],[4.20877206,40.02237987]]]]},"geometry_name":"the_geom","properties":{"name":"Balearic (Iberian Sea)","id":"28c","longitude":1.94994122114,"latitude":40.0832079791,"min_x":-0.36589491382,"min_y":38.64731110912,"max_x":4.29021512693,"max_y":41.87484551501,"area":80078,"mrgid":3322}}],"totalFeatures":1,"numberMatched":1,"numberReturned":1,"timeStamp":"2026-08-11T16:04:09.059Z","crs":{"type":"name","properties":{"name":"urn:ogc:def:crs:EPSG::4326"}}}
