{"type": "FeatureCollection", "features": [{"type": "Feature", "id": "iho.100", "geometry": {"type": "MultiPolygon", "coordinates": [[[[9.83441249, 44.04851487], [9.8353015, 44.04729517], [9.83494425, 44.04729307], [9.83426321, 44.04723692], [9.83345318, 44.04710054], [9.83297205, 44.04681075], [9.83289444, 44.04640615], [9.83307552, 44.04613853], [9.8333534, 44.04598904], [9.83362901, 44.04574466], [9.83398926, 44.04527533], [9.83451486, 44.04469395], [9.83498394, 44.04418802], [9.83544636, 44.04372466], [9.83591473, 44.04323637], [9.8364681, 44.04263985], [9.83693612, 44.04200375], [9.83739901, 44.04132307], [9.83787096, 44.04058444], [9.83840323, 44.03992236], [9.83876896, 44.03947115], [9.83902526, 44.03915608], [9.83927846, 44.03887606], [9.83965325, 44.03861058], [9.84006882, 44.03838098], [9.84041846, 44.03812361], [9.84068072, 44.03789151], [9.84112954, 44.03770018], [9.84197867, 44.03742957], [9.84272621, 44.03710876], [9.84859349, 44.02905906], [9.84843934, 44.02908945], [9.84775853, 44.02926743], [9.84762597, 44.0291574], [9.8475672, 44.02608943], [9.84783244, 44.02579415], [9.84827578, 44.02550125], [9.84923005, 44.02524293], [9.85052645, 44.02505076], [9.85132325, 44.02481174], [9.85166991, 44.02450311], [9.85205805, 44.02430582], [9.8341669, 43.97562405], [9.80506307, 43.89643262], [9.77595925, 43.81724118], [9.74685542, 43.73804974], [9.71775159, 43.65885831], [9.68675815, 43.57452524], [9.65576471, 43.49019218], [9.62477127, 43.40585911], [9.59377783, 43.32152605], [9.56278439, 43.23719298], [9.53179094, 43.15285991], [9.5007975, 43.06852685], [9.46980406, 42.98419378], [9.46951854, 42.98417926], [9.46913457, 42.98428214], [9.4687587, 42.98443043], [9.46838248, 42.98462272], [9.46821141, 42.98451614], [9.46806252, 42.98423553], [9.46791661, 42.98395145], [9.46791267, 42.98366225], [9.46805775, 42.98337793], [9.46823096, 42.98313677], [9.46844292, 42.98300397], [9.46867454, 42.98301995], [9.46884215, 42.9831742], [9.46899605, 42.98337555], [9.4693495, 42.98345447], [9.46951668, 42.98341182], [9.45742274, 42.95050425], [9.45724416, 42.95075953], [9.45704818, 42.95103526], [9.45680463, 42.95131087], [9.45665574, 42.95402181], [9.45643806, 42.95442045], [9.45632935, 42.95545673], [9.45611155, 42.95585525], [9.45609605, 42.95941281], [9.45552695, 42.95950961], [9.45486617, 42.95959747], [9.45433712, 42.95969343], [9.45397961, 42.95979345], [9.45368016, 42.96005583], [9.45322633, 42.96068704], [9.45259404, 42.96172094], [9.45229411, 42.96290576], [9.4524337, 42.96395457], [9.45290053, 42.96496725], [9.45362794, 42.96569431], [9.45425582, 42.96587396], [9.45469975, 42.96563303], [9.45506573, 42.96526992], [9.45561647, 42.96498716], [9.45633244, 42.96489823], [9.45695901, 42.96490514], [9.45750058, 42.96486187], [9.45798254, 42.96488845], [9.45824695, 42.96513724], [9.45824838, 42.96564496], [9.45804894, 42.96628535], [9.45772874, 42.96705306], [9.45725298, 42.96780717], [9.45702994, 42.96815705], [9.45679855, 42.96836627], [9.45663536, 42.96864533], [9.45621371, 42.96899414], [9.45583141, 42.97182262], [9.45487964, 42.97239101], [9.45420122, 42.97276175], [9.45381761, 42.97305596], [9.45376456, 42.97334862], [9.45395768, 42.97370625], [9.45426357, 42.97418475], [9.45466554, 42.97474504], [9.45503783, 42.97533262], [9.45539987, 42.97589195], [9.45567346, 42.97632527], [9.45599926, 42.97652328], [9.45646095, 42.97651052], [9.45691454, 42.97641325], [9.45731676, 42.97639716], [9.45772374, 42.97643435], [9.45822716, 42.97634435], [9.45887411, 42.97615194], [9.45953035, 42.97616684], [9.46003032, 42.97652066], [9.46037853, 42.97704673], [9.46076417, 42.97746444], [9.46118307, 42.97781706], [9.46155584, 42.97845805], [9.46180475, 42.97950697], [9.46209371, 42.98027623], [9.46194196, 42.98157144], [9.46184874, 42.98255861], [9.46203494, 42.98341346], [9.46249032, 42.98408306], [9.46285832, 42.98445225], [9.46316767, 42.98462462], [9.46353137, 42.9848479], [9.46387076, 42.98536468], [9.46397614, 42.98607194], [9.46378684, 42.98654377], [9.46332705, 42.98680532], [9.46269703, 42.98703194], [9.46213245, 42.98720026], [9.46178997, 42.98738706], [9.46149182, 42.98763895], [9.46096027, 42.98786175], [9.46025455, 42.98790765], [9.45966971, 42.98782921], [9.45921016, 42.98781574], [9.45874155, 42.98791671], [9.45819294, 42.98805094], [9.4576292, 42.98820436], [9.45705664, 42.98835254], [9.45653284, 42.98853242], [9.45618105, 42.98843515], [9.45530546, 42.98815322], [9.45449662, 42.98807085], [9.45391905, 42.98816407], [9.45349932, 42.98830521], [9.45308805, 42.98849165], [9.45258927, 42.98875165], [9.45205235, 42.98913205], [9.45169985, 42.98948956], [9.45153284, 42.98980045], [9.45158851, 42.99015045], [9.451756, 42.99064314], [9.45170164, 42.99122345], [9.45115232, 42.99154675], [9.45015955, 42.99156272], [9.44929183, 42.99144101], [9.44870055, 42.99143815], [9.44840956, 42.99168313], [9.44828177, 42.99209273], [9.4481405, 42.99237526], [9.44795597, 42.99251747], [9.44775796, 42.99268866], [9.44735885, 42.99299276], [9.44643247, 42.99337041], [9.44503963, 42.99366117], [9.44453096, 42.99366772], [9.44484162, 42.99455166], [9.44515347, 42.99554694], [9.44517577, 42.99663103], [9.44482827, 42.99735773], [9.44428778, 42.99776673], [9.44373572, 42.99812651], [9.44336152, 42.99839854], [9.44300902, 42.99855363], [9.44259477, 42.99868906], [9.44233394, 42.99896431], [9.44235313, 42.99937057], [9.44266307, 42.99964857], [9.44311666, 42.9997704], [9.44334507, 42.9998579], [9.44311643, 42.99999285], [9.44240058, 43.00024605], [9.44139266, 43.00061607], [9.44041944, 43.00085044], [9.43968678, 43.00090385], [9.43912804, 43.00085795], [9.43874717, 43.00097334], [9.43840218, 43.00118184], [9.43759906, 43.00134444], [9.43609226, 43.00143802], [9.43531585, 43.00159192], [9.43465316, 43.001899], [9.43391764, 43.00229561], [9.43324995, 43.00264287], [9.43262935, 43.00297081], [9.43207097, 43.00323784], [9.43159401, 43.00343347], [9.43131506, 43.00342023], [9.43115866, 43.00328398], [9.43093073, 43.00324106], [9.43057013, 43.00337207], [9.43047392, 43.0068053], [9.43018556, 43.00711191], [9.42988765, 43.00748074], [9.42953157, 43.00794888], [9.42926252, 43.00844014], [9.42906833, 43.00887632], [9.42894065, 43.00924468], [9.42875874, 43.00947356], [9.42839384, 43.00960267], [9.42773545, 43.0096848], [9.426759, 43.0096482], [9.42570877, 43.00952995], [9.42468476, 43.00953627], [9.4240576, 43.00983727], [9.42366445, 43.01045275], [9.42322874, 43.01110661], [9.42279375, 43.01153135], [9.42205715, 43.01173747], [9.42089581, 43.01185667], [9.41986597, 43.01196575], [9.41910195, 43.01196146], [9.41868091, 43.01174951], [9.4184103, 43.01133025], [9.41810071, 43.0108515], [9.41785204, 43.01042092], [9.4176985, 43.01032102], [9.41732705, 43.01042175], [9.41701031, 43.01049507], [9.41680646, 43.01041842], [9.41670251, 43.0101943], [9.41664386, 43.00991821], [9.41657186, 43.00968206], [9.41617811, 43.00953841], [9.41546905, 43.00944352], [9.41491783, 43.00928044], [9.41456425, 43.00899446], [9.41434383, 43.00865853], [9.41449845, 43.00841606], [9.4149847, 43.0082221], [9.41543186, 43.00797117], [9.41556418, 43.00773406], [9.4154129, 43.00758505], [9.41516805, 43.00749266], [9.4150387, 43.00735044], [9.41503525, 43.00710297], [9.41497326, 43.00677025], [9.4148581, 43.0064249], [9.41462648, 43.00618112], [9.41420758, 43.00596547], [9.41362834, 43.00565612], [9.41315246, 43.00558031], [9.4127717, 43.00530136], [9.40515304, 43.00533438], [9.40476453, 43.0055114], [9.40438044, 43.00564468], [9.40402091, 43.00576174], [9.4037199, 43.00585938], [9.40347326, 43.00604296], [9.40314305, 43.00643492], [9.40261507, 43.00704718], [9.40205514, 43.00769055], [9.40138304, 43.00820684], [9.40072405, 43.00849247], [9.40018535, 43.00861526], [9.39967978, 43.00854611], [9.3991425, 43.00829518], [9.39867544, 43.00795448], [9.39831805, 43.00742423], [9.39801681, 43.00680137], [9.39746773, 43.00647986], [9.39656734, 43.00658906], [9.39578307, 43.00703561], [9.39538646, 43.00750363], [9.39515305, 43.0077821], [9.39485002, 43.00792205], [9.39439905, 43.00803554], [9.39381075, 43.00811684], [9.39318764, 43.00845587], [9.39251018, 43.00834715], [9.39204764, 43.00807536], [9.39159381, 43.00756061], [9.39093447, 43.00697625], [9.39031863, 43.00660336], [9.38978803, 43.0064193], [9.38931787, 43.00643051], [9.38899624, 43.00666785], [9.38872933, 43.00710773], [9.38840771, 43.00757551], [9.38815963, 43.0079025], [9.38793588, 43.00806844], [9.38770533, 43.00815928], [9.38753021, 43.00828636], [9.3873738, 43.00845873], [9.38708067, 43.00860643], [9.38661504, 43.00872397], [9.38615012, 43.00885582], [9.38573635, 43.00898504], [9.38532603, 43.00914812], [9.38485372, 43.00935066], [9.38431811, 43.00961065], [9.38383758, 43.00982726], [9.38341296, 43.01003754], [9.38308465, 43.01007616], [9.38295305, 43.00986588], [9.38274944, 43.00960553], [9.38233411, 43.00930345], [9.38169253, 43.00897741], [9.38088095, 43.00860035], [9.38021314, 43.00834382], [9.37987292, 43.00815833], [9.37972975, 43.00797784], [9.37955415, 43.00783324], [9.37925351, 43.00773895], [9.37887383, 43.00769675], [9.37848675, 43.0077461], [9.37816346, 43.00775445], [9.37796354, 43.00764346], [9.37786305, 43.00744343], [9.37583363, 43.00564575], [9.37541187, 43.00516665], [9.37466681, 43.00483406], [9.37370396, 43.00475764], [9.37305105, 43.00492001], [9.37261355, 43.00524151], [9.37212312, 43.00556195], [9.37172174, 43.00570154], [9.37149847, 43.00580966], [9.37137413, 43.00594306], [9.37119234, 43.00601721], [9.37089491, 43.00603151], [9.37052274, 43.00610864], [9.37009895, 43.00619221], [9.36960435, 43.00618994], [9.36906874, 43.00602376], [9.36866164, 43.00584567], [9.36843777, 43.00566888], [9.36830771, 43.00548685], [9.36813355, 43.00534987], [9.36790967, 43.00524771], [9.36773086, 43.00510693], [9.36757422, 43.00492847], [9.36728251, 43.00478888], [9.36680424, 43.00470686], [9.36618245, 43.00495994], [9.36573946, 43.00508416], [9.36547172, 43.00531232], [9.36524856, 43.00561547], [9.36474717, 43.00577855], [9.36387765, 43.00570154], [9.36305475, 43.00548053], [9.36244917, 43.00538826], [9.36192703, 43.00548327], [9.36141562, 43.00567985], [9.36108434, 43.00595951], [9.36097717, 43.00621665], [9.36077261, 43.00638533], [9.36035824, 43.00650477], [9.35989714, 43.00664854], [9.35939586, 43.00679994], [9.35873616, 43.00694227], [9.35795391, 43.00694835], [9.3574053, 43.00670886], [9.35698974, 43.00620472], [9.35652006, 43.00561905], [9.35616994, 43.005216], [9.35583258, 43.00502741], [9.35541284, 43.00495255], [9.35502493, 43.00488877], [9.35502327, 43.00432575], [9.35478485, 43.00403941], [9.35459995, 43.00375307], [9.35441911, 43.00348031], [9.35423613, 43.00325668], [9.35394383, 43.00311685], [9.35354555, 43.00301754], [9.35323107, 43.00285316], [9.35296631, 43.00259626], [9.3526262, 43.00235701], [9.35231245, 43.00230145], [9.35211086, 43.00242484], [9.35192788, 43.00256932], [9.35154474, 43.00251102], [9.35092854, 43.00220954], [9.35037625, 43.00193894], [9.34993207, 43.00172806], [9.34946394, 43.00152194], [9.34883165, 43.00124824], [9.34798348, 43.00097585], [9.34683955, 43.00069428], [9.34549224, 43.00049043], [9.34443104, 43.00033832], [9.34364665, 43.00023687], [9.34310484, 43.00014293], [9.34338963, 42.99922061], [9.34354365, 42.99817956], [9.3434689, 42.99693263], [9.34312165, 42.99588585], [9.34263706, 42.99509692], [9.34196365, 42.99458027], [9.34127724, 42.99434745], [9.34074604, 42.99422526], [9.34038663, 42.99405611], [9.34023345, 42.99362087], [9.34034705, 42.99291205], [9.34071922, 42.99235523], [9.34117591, 42.99203801], [9.34157956, 42.99177265], [9.34185028, 42.99151361], [9.34207416, 42.99125171], [9.34224963, 42.99093163], [9.34234846, 42.99043596], [9.34222901, 42.98970675], [9.34199226, 42.98891842], [9.34206116, 42.98811078], [9.34249735, 42.98735845], [9.34296906, 42.98677862], [9.34351385, 42.98641634], [9.34415317, 42.98622692], [9.3448199, 42.98585904], [9.34469175, 42.98546791], [9.34451962, 42.98513925], [9.34434092, 42.98475826], [9.34408677, 42.98409343], [9.34370816, 42.98307896], [9.3431921, 42.98214257], [9.34281588, 42.98148811], [9.34256375, 42.98103905], [9.34237516, 42.98065805], [9.34216285, 42.98034716], [9.34196401, 42.98007703], [9.34184611, 42.97976995], [9.34202683, 42.9793061], [9.34253037, 42.97862113], [9.34307194, 42.9779098], [9.34366775, 42.97744417], [9.34424674, 42.97727728], [9.34487772, 42.97704101], [9.34554184, 42.97654092], [9.34595513, 42.97606266], [9.34623981, 42.97578776], [9.34656465, 42.97557461], [9.34690106, 42.97518146], [9.34714294, 42.97458994], [9.34844375, 42.97353554], [9.34872854, 42.97349095], [9.34894586, 42.97336304], [9.34910882, 42.97306764], [9.34923732, 42.97251177], [9.34921765, 42.97170353], [9.34908998, 42.97093046], [9.34907544, 42.97023463], [9.34924865, 42.96973598], [9.34954298, 42.96930945], [9.34993386, 42.96878696], [9.3502388, 42.96821523], [9.35041201, 42.96776903], [9.35033166, 42.96744204], [9.35000157, 42.96719646], [9.34964645, 42.96702635], [9.34940887, 42.96679795], [9.34925032, 42.96644974], [9.34905791, 42.96609712], [9.34880948, 42.96580756], [9.34845781, 42.96563184], [9.34812474, 42.96556163], [9.34787655, 42.96532607], [9.34760571, 42.96480834], [9.34718168, 42.96418273], [9.34707224, 42.96332824], [9.34735322, 42.96303225], [9.34765756, 42.96269715], [9.34806657, 42.96229947], [9.34846318, 42.961851], [9.34876823, 42.96126056], [9.34868145, 42.96051764], [9.34818804, 42.95975983], [9.34761012, 42.95913231], [9.34696114, 42.95867443], [9.34640086, 42.95830536], [9.34608185, 42.95765114], [9.3462044, 42.95653474], [9.34669876, 42.95522904], [9.34719431, 42.95394552], [9.34767664, 42.9530524], [9.34813738, 42.95244837], [9.34862816, 42.95189536], [9.34895575, 42.95146775], [9.34928834, 42.95123911], [9.34988976, 42.95104396], [9.35074687, 42.95071018], [9.35144961, 42.95046103], [9.35189927, 42.95020473], [9.35214281, 42.94992602], [9.35258031, 42.94949353], [9.35295248, 42.94956923], [9.35335255, 42.94962966], [9.35383356, 42.94961333], [9.35442221, 42.94959211], [9.35503554, 42.94950175], [9.35560274, 42.94920528], [9.35593903, 42.94885886], [9.35607123, 42.94852221], [9.35599995, 42.94813406], [9.35594285, 42.94764912], [9.3562777, 42.94717646], [9.35683227, 42.94684505], [9.35741556, 42.94658935], [9.35784996, 42.94641626], [9.35813427, 42.94616854], [9.35840094, 42.94569242], [9.35868335, 42.94501066], [9.35868931, 42.94429266], [9.35834885, 42.94385755], [9.35788941, 42.94369137], [9.35755301, 42.94348443], [9.35754454, 42.94315946], [9.35774815, 42.94275463], [9.35784662, 42.94236136], [9.35762942, 42.94212425], [9.35747576, 42.94174075], [9.35748815, 42.94134462], [9.35762155, 42.94100821], [9.35764515, 42.94072211], [9.35746145, 42.94041836], [9.35708952, 42.94000888], [9.35651994, 42.9394629], [9.35595334, 42.93889225], [9.35534894, 42.93830466], [9.35480964, 42.93781281], [9.35423326, 42.93746805], [9.35372663, 42.93734527], [9.35332584, 42.9372766], [9.3530457, 42.93719876], [9.35291398, 42.93703365], [9.35282564, 42.93673015], [9.35258508, 42.93633235], [9.35234022, 42.9359678], [9.35212481, 42.93566966], [9.35195601, 42.93544435], [9.35175252, 42.93530715], [9.35150766, 42.93521595], [9.35131884, 42.93508208], [9.35120833, 42.93488741], [9.3505367, 42.93438446], [9.35039973, 42.9340111], [9.35021353, 42.93345153], [9.35002422, 42.93261504], [9.34980941, 42.93169522], [9.34960985, 42.93073034], [9.34943831, 42.93003774], [9.34941924, 42.92961705], [9.34958374, 42.92942154], [9.34983325, 42.92933094], [9.35002482, 42.92920935], [9.35015285, 42.92903995], [9.35035098, 42.92889535], [9.35071743, 42.92878485], [9.35126603, 42.92866421], [9.35188866, 42.92852974], [9.35230875, 42.92829037], [9.35264254, 42.92792702], [9.35315526, 42.92760468], [9.35375881, 42.92741537], [9.35415745, 42.9272474], [9.35451806, 42.92701483], [9.35525155, 42.92674434], [9.35640836, 42.92647231], [9.35759151, 42.92612314], [9.35790181, 42.92608655], [9.35806417, 42.92586732], [9.35828614, 42.92561281], [9.3586359, 42.92536914], [9.35898483, 42.92518985], [9.35923922, 42.92495477], [9.35943651, 42.92458272], [9.35960352, 42.92415583], [9.35954452, 42.92375398], [9.35907996, 42.92353714], [9.35816038, 42.92351878], [9.35692453, 42.92334545], [9.35603011, 42.92268181], [9.35554326, 42.92162454], [9.35518157, 42.92078698], [9.35493755, 42.92028081], [9.35478842, 42.91986418], [9.35481083, 42.91938543], [9.35494614, 42.91892076], [9.35497463, 42.91840625], [9.35482645, 42.91775036], [9.35454798, 42.91696334], [9.35407376, 42.91644275], [9.35348952, 42.91632295], [9.35293424, 42.91644704], [9.35224044, 42.91653991], [9.35170627, 42.91636956], [9.35115242, 42.91624176], [9.3506937, 42.91611648], [9.35037065, 42.91596556], [9.35016406, 42.91566062], [9.34994924, 42.91517782], [9.34956968, 42.91475153], [9.34906495, 42.91445875], [9.34852755, 42.91421032], [9.34813035, 42.91403854], [9.34787333, 42.91384125], [9.34755313, 42.91352606], [9.34696352, 42.91315627], [9.34622395, 42.91291058], [9.34539533, 42.9127382], [9.34447885, 42.91254246], [9.34380341, 42.91218626], [9.34339905, 42.91169584], [9.34306991, 42.91122055], [9.34282231, 42.91089511], [9.34250581, 42.91072154], [9.34204173, 42.91061544], [9.34157336, 42.91050184], [9.34114134, 42.91041207], [9.34106004, 42.91021025], [9.34091616, 42.9098562], [9.34061825, 42.90963316], [9.34014475, 42.90950322], [9.33967125, 42.90937316], [9.33925414, 42.90924728], [9.33886957, 42.90911317], [9.33849466, 42.90901172], [9.33623648, 42.90739262], [9.33579922, 42.90729594], [9.33532464, 42.90716934], [9.3348608, 42.90704966], [9.33457756, 42.90689862], [9.33443201, 42.9067173], [9.33423984, 42.90656805], [9.33390236, 42.9064517], [9.33344221, 42.90632606], [9.33297253, 42.90621448], [9.33269095, 42.90607583], [9.33254695, 42.90590203], [9.33231425, 42.90571988], [9.33182645, 42.90546453], [9.33111775, 42.90508544], [9.33043444, 42.90474975], [9.32979286, 42.90442801], [9.329198, 42.90410948], [9.32865512, 42.90370703], [9.32827914, 42.90330315], [9.32658577, 42.90191376], [9.32634163, 42.90160644], [9.32597804, 42.90133476], [9.32557046, 42.90115273], [9.32517302, 42.90100837], [9.32479048, 42.90089464], [9.32441056, 42.90076745], [9.32401025, 42.90060222], [9.3235625, 42.90028465], [9.32301962, 42.89974666], [9.32233667, 42.89897227], [9.32187414, 42.89819646], [9.32161057, 42.89751494], [9.32144237, 42.89682245], [9.32123542, 42.89618897], [9.32095337, 42.89554644], [9.32057643, 42.89495516], [9.32028937, 42.89447415], [9.32016051, 42.89411533], [9.32030976, 42.89377725], [9.32074726, 42.89334691], [9.3214519, 42.89285505], [9.32207417, 42.89253557], [9.32254863, 42.8923372], [9.32294941, 42.8921597], [9.32327867, 42.89191306], [9.32349074, 42.89166987], [9.32373548, 42.89148235], [9.32413983, 42.89129436], [9.32465601, 42.89105535], [9.32509434, 42.89088047], [9.32542372, 42.89074755], [9.32589757, 42.890625], [9.32581866, 42.89049447], [9.32614493, 42.89038563], [9.32660985, 42.89024532], [9.32722783, 42.89002264], [9.32780337, 42.88970971], [9.32815266, 42.88904512], [9.32834196, 42.88799465], [9.32847285, 42.88716185], [9.32846057, 42.88657165], [9.32830584, 42.88602614], [9.32811952, 42.88542056], [9.32788932, 42.88493896], [9.32760286, 42.88452995], [9.32720661, 42.88405025], [9.32681632, 42.88347888], [9.32645857, 42.88286185], [9.32633746, 42.88232231], [9.32646775, 42.88204384], [9.32672393, 42.88194191], [9.32699954, 42.88178205], [9.32736528, 42.88137007], [9.32787168, 42.88065696], [9.32824504, 42.87988162], [9.3284837, 42.87933612], [9.32861877, 42.87895942], [9.32813573, 42.87872255], [9.32827306, 42.87784564], [9.32845783, 42.87699175], [9.32863915, 42.87605035], [9.32883632, 42.87523437], [9.32902145, 42.87447453], [9.32924223, 42.87377167], [9.32948685, 42.87304294], [9.32975435, 42.87243795], [9.32994437, 42.87197995], [9.33024156, 42.87155831], [9.33067393, 42.87113857], [9.33139491, 42.87068641], [9.33233738, 42.87022746], [9.33331275, 42.86972153], [9.33402371, 42.86938775], [9.33461666, 42.86915624], [9.33535123, 42.86889374], [9.3362118, 42.86853933], [9.33696413, 42.86827671], [9.33753586, 42.86806715], [9.33805573, 42.86781454], [9.33855164, 42.86744511], [9.33885205, 42.86711144], [9.3390429, 42.86685777], [9.33934844, 42.86698055], [9.33955812, 42.86664045], [9.33982408, 42.86619866], [9.34012675, 42.86572933], [9.34016871, 42.86533952], [9.33988273, 42.86505008], [9.33943295, 42.86487114], [9.33884621, 42.86472535], [9.33808005, 42.86459947], [9.33719778, 42.86446846], [9.33671137, 42.86442416], [9.25854985, 42.90433595], [9.18038832, 42.94424774], [9.1022268, 42.98415952], [9.02406528, 43.02407131], [8.94590376, 43.06398309], [8.86774223, 43.10389488], [8.78958071, 43.14380667], [8.71141919, 43.18371845], [8.63325766, 43.22363024], [8.55509614, 43.26354202], [8.47693462, 43.30345381], [8.39877309, 43.3433656], [8.32061157, 43.38327738], [8.24245005, 43.42318917], [8.16428852, 43.46310096], [8.086127, 43.50301274], [8.00796548, 43.54292453], [7.92980395, 43.58283631], [7.85164243, 43.6227481], [7.77348091, 43.66265989], [7.69531939, 43.70257167], [7.61715786, 43.74248346], [7.53899634, 43.78239524], [7.53956831, 43.78238571], [7.53997564, 43.78251982], [7.54017413, 43.78275585], [7.54027307, 43.78304565], [7.54029524, 43.78337824], [7.54048586, 43.78376067], [7.54118645, 43.78412271], [7.54214787, 43.78424263], [7.54288471, 43.78414714], [7.54342592, 43.78400183], [7.54399145, 43.78384864], [7.54460788, 43.78372562], [7.54499996, 43.78357553], [7.54518676, 43.78337526], [7.54527736, 43.78328824], [7.54551482, 43.78317833], [7.54577351, 43.78290606], [7.54628074, 43.78239536], [7.54725921, 43.78182435], [7.54835331, 43.78146982], [7.54910874, 43.78128016], [7.54957545, 43.78115594], [7.54993927, 43.78101766], [7.5503, 43.78088272], [7.55068147, 43.78076684], [7.55107617, 43.78076053], [7.55145693, 43.78087032], [7.55176854, 43.78100145], [7.55195916, 43.78117001], [7.55208051, 43.78136134], [7.55227697, 43.78148174], [7.55262411, 43.78146768], [7.55309486, 43.78135765], [7.55358505, 43.78123271], [7.5539062, 43.78106606], [7.55409193, 43.78083062], [7.55425954, 43.78056383], [7.55439305, 43.78031576], [7.55452836, 43.78010464], [7.55489242, 43.78003991], [7.55544794, 43.77993023], [7.55601966, 43.77998102], [7.55646086, 43.78021956], [7.55672967, 43.78047955], [7.5570507, 43.78065801], [7.55755973, 43.78077507], [7.55813253, 43.78089321], [7.55863154, 43.78100085], [7.55883515, 43.78114974], [7.55873895, 43.78137445], [7.55853367, 43.78163326], [7.55828583, 43.78191233], [7.55806625, 43.78225911], [7.55790877, 43.78276885], [7.55798006, 43.78341496], [7.5583235, 43.78388762], [7.55876625, 43.784096], [7.55919278, 43.78421295], [7.55953395, 43.78441775], [7.55970955, 43.78498948], [7.55968165, 43.78591585], [7.55950153, 43.78661788], [7.55928504, 43.78702295], [7.55901861, 43.78730011], [7.55966544, 43.78781843], [7.55990386, 43.78812265], [7.56026685, 43.78839564], [7.56069851, 43.78857815], [7.56118667, 43.78872764], [7.56174076, 43.78885567], [7.5623126, 43.78899908], [7.56299293, 43.78913832], [7.56386805, 43.78928864], [7.56491745, 43.78940296], [7.56568766, 43.78945911], [7.56617725, 43.78942394], [7.56658483, 43.78943145], [7.56703591, 43.78953004], [7.56749892, 43.78964806], [7.56779528, 43.78980434], [7.56795633, 43.78997815], [7.56813395, 43.79011083], [7.56835854, 43.79022872], [7.56855845, 43.79045331], [7.56877935, 43.79081595], [7.56915617, 43.79117143], [7.569682, 43.7914505], [7.57035935, 43.79171646], [7.57111394, 43.79191112], [7.57160735, 43.79214156], [7.57219565, 43.79204094], [7.57267833, 43.79194343], [7.57310545, 43.79194677], [7.57357931, 43.79202533], [7.57413721, 43.79203165], [7.57469416, 43.79196322], [7.57524312, 43.79194808], [7.57577205, 43.79196966], [7.57645977, 43.79190028], [7.57745862, 43.79178131], [7.57862735, 43.79166734], [7.57989955, 43.79166186], [7.58076966, 43.79173768], [7.58126712, 43.79175651], [7.58162081, 43.79173577], [7.58196211, 43.79180646], [7.58234584, 43.79192925], [7.58282244, 43.79204822], [7.5834254, 43.7920475], [7.58410895, 43.79192555], [7.5848459, 43.79179633], [7.58542705, 43.79172337], [7.58586097, 43.79177141], [7.58623922, 43.79184794], [7.58681774, 43.79161191], [7.58813775, 43.79151213], [7.58916032, 43.79135621], [7.59003615, 43.79114974], [7.59074426, 43.79088521], [7.59127796, 43.79067814], [7.59177685, 43.79051375], [7.59231317, 43.79038692], [7.59277284, 43.79026067], [7.59310722, 43.79014361], [7.59333158, 43.78997886], [7.59356046, 43.78973091], [7.59390604, 43.78947413], [7.59424174, 43.78929555], [7.59445334, 43.78912985], [7.59457982, 43.78895354], [7.59476233, 43.78884137], [7.59507382, 43.78884113], [7.59551537, 43.78887486], [7.59610188, 43.78884113], [7.59674537, 43.78884673], [7.59714246, 43.78896344], [7.59732628, 43.78914595], [7.59750581, 43.78929257], [7.5977565, 43.78937948], [7.59813774, 43.78965056], [7.59870553, 43.7894479], [7.59934151, 43.78923488], [7.59994841, 43.78917944], [7.60045958, 43.78923464], [7.60106385, 43.78917611], [7.60202086, 43.78893817], [7.60326791, 43.78865957], [7.60432923, 43.78836942], [7.60507202, 43.78816128], [7.60555923, 43.7880007], [7.60595965, 43.78787148], [7.60641885, 43.78773201], [7.60698211, 43.78760016], [7.60756314, 43.78745592], [7.60813332, 43.78732395], [7.60859954, 43.78718364], [7.60898316, 43.78705156], [7.60938096, 43.78688717], [7.60993874, 43.78668225], [7.61077964, 43.78642154], [7.61174917, 43.7862184], [7.61245942, 43.78605473], [7.61292481, 43.7859143], [7.61329746, 43.78574276], [7.61371934, 43.78558624], [7.6143136, 43.78530347], [7.61479616, 43.78523231], [7.61519945, 43.78534555], [7.61559856, 43.78550565], [7.61605525, 43.78564286], [7.61656976, 43.78564453], [7.61706984, 43.78550184], [7.61769247, 43.78528225], [7.61864126, 43.78504777], [7.61977243, 43.78498316], [7.62055028, 43.78506124], [7.62092435, 43.78508782], [7.62107778, 43.78498375], [7.62132704, 43.78480303], [7.62209594, 43.78464508], [7.62340415, 43.78451777], [7.62448227, 43.78437102], [7.62521136, 43.78422844], [7.62567878, 43.78410017], [7.62598062, 43.78408813], [7.62615454, 43.78421044], [7.62627316, 43.78439975], [7.62645745, 43.78454947], [7.62672794, 43.78463483], [7.62712944, 43.7843461], [7.62764657, 43.78413975], [7.62820995, 43.78393972], [7.62878025, 43.78393078], [7.62942183, 43.78406441], [7.62970602, 43.78407407], [7.63016891, 43.7840898], [7.63101983, 43.78402364], [7.63173115, 43.78390622], [7.63251483, 43.78373516], [7.63370323, 43.78342247], [7.63510215, 43.7831645], [7.63612521, 43.78297925], [7.63679743, 43.78284538], [7.63724565, 43.78270686], [7.63759995, 43.7825731], [7.63795531, 43.78242123], [7.63840294, 43.78228545], [7.63906348, 43.78217494], [7.63992322, 43.78216755], [7.64067638, 43.78220582], [7.64142656, 43.78215754], [7.64230371, 43.7820518], [7.64307952, 43.78188872], [7.64380825, 43.78166521], [7.64454424, 43.78132975], [7.64478064, 43.78132451], [7.64574802, 43.7814517], [7.64689136, 43.78145564], [7.64794493, 43.78134096], [7.64888942, 43.78120244], [7.64952481, 43.78106368], [7.64996636, 43.78093195], [7.65049481, 43.78072834], [7.65135074, 43.78038096], [7.65250111, 43.77988613], [7.65361083, 43.77953601], [7.65455902, 43.77933538], [7.65544903, 43.77920794], [7.65609336, 43.77907753], [7.65661585, 43.77895081], [7.65727794, 43.77880704], [7.65812194, 43.77867258], [7.65879035, 43.77852714], [7.65927505, 43.77839303], [7.65974271, 43.77824771], [7.66028106, 43.77811265], [7.66083825, 43.77796543], [7.66144836, 43.77783036], [7.66213834, 43.77769423], [7.66298485, 43.77759326], [7.66346025, 43.77737331], [7.66415286, 43.77727211], [7.66492498, 43.77713573], [7.66589856, 43.7770009], [7.66694903, 43.77685487], [7.66811645, 43.7767235], [7.6691668, 43.77658164], [7.6701678, 43.77643991], [7.67103922, 43.77625096], [7.67189646, 43.77602434], [7.67268515, 43.77582633], [7.67341721, 43.77594244], [7.67413354, 43.77640843], [7.67465103, 43.77693224], [7.67512143, 43.77744341], [7.67565513, 43.77795422], [7.67637265, 43.77846408], [7.67700684, 43.77882135], [7.67748678, 43.77914596], [7.67785323, 43.77955306], [7.67818534, 43.78008783], [7.67829394, 43.78061855], [7.67814922, 43.78092885], [7.67786741, 43.78104925], [7.67757463, 43.78112161], [7.67753565, 43.78167272], [7.67782247, 43.78177595], [7.67819095, 43.78187394], [7.678653, 43.78198755], [7.67913437, 43.78209043], [7.67947745, 43.78226292], [7.6797533, 43.78261173], [7.68006766, 43.78313947], [7.6802963, 43.78367972], [7.68052685, 43.78399718], [7.68089557, 43.78415], [7.68146682, 43.78427136], [7.68218112, 43.78438854], [7.68276453, 43.78452897], [7.68319285, 43.78466761], [7.68356454, 43.78482425], [7.68398237, 43.78496802], [7.68454957, 43.78508425], [7.68527174, 43.78507972], [7.68595064, 43.78494906], [7.68798125, 43.78641605], [7.68811011, 43.78670371], [7.68827522, 43.78697824], [7.68842793, 43.78720701], [7.68864763, 43.78735578], [7.68900275, 43.78745425], [7.6894747, 43.78756726], [7.68996263, 43.78771365], [7.690274, 43.78801715], [7.6904366, 43.78848493], [7.69058168, 43.78889096], [7.69076824, 43.78915644], [7.69118762, 43.78932285], [7.69191992, 43.78949142], [7.69271314, 43.78976154], [7.69346964, 43.79008365], [7.69423652, 43.79048002], [7.69483733, 43.79085612], [7.69519937, 43.79136765], [7.69527125, 43.79200733], [7.69521701, 43.79254174], [7.69528174, 43.79301906], [7.69543326, 43.79352236], [7.69562793, 43.79393315], [7.69578135, 43.79426551], [7.69605696, 43.79453087], [7.69634485, 43.79506421], [7.69670224, 43.79554105], [7.69697654, 43.79592752], [7.69718075, 43.79628372], [7.69732976, 43.79661894], [7.69753957, 43.79683888], [7.69788527, 43.79696333], [7.69834232, 43.79707825], [7.69881105, 43.79718685], [7.69913864, 43.79735255], [7.69945407, 43.79760075], [7.69998753, 43.79785812], [7.70061755, 43.79803765], [7.70100594, 43.79820573], [7.70125234, 43.79838216], [7.70172811, 43.79849005], [7.70258856, 43.79846466], [7.70354247, 43.79836655], [7.70448196, 43.79835391], [7.70515501, 43.79845357], [7.70568967, 43.79859042], [7.70636415, 43.79875517], [7.70721662, 43.79894996], [7.70784271, 43.79921615], [7.70820844, 43.79946756], [7.70869672, 43.79963744], [7.70950532, 43.79975498], [7.71037805, 43.79987645], [7.71132577, 43.79996955], [7.71254587, 43.80080807], [7.71292353, 43.80070972], [7.71330667, 43.80057347], [7.71371937, 43.80043864], [7.71420145, 43.80029118], [7.71474266, 43.80015624], [7.71522474, 43.80001104], [7.71566463, 43.79987741], [7.71614695, 43.79973257], [7.71668827, 43.79959846], [7.71716952, 43.79945028], [7.71757925, 43.79930985], [7.71795774, 43.79915953], [7.71833611, 43.79904294], [7.71874166, 43.79898977], [7.71920574, 43.79902565], [7.71971238, 43.79901791], [7.72017968, 43.79891562], [7.72075975, 43.79878485], [7.72175515, 43.79861951], [7.72313046, 43.79841816], [7.72407925, 43.79814374], [7.72446942, 43.79790545], [7.72466385, 43.79782057], [7.72487688, 43.79789376], [7.72569251, 43.79801917], [7.72580457, 43.79772401], [7.72592044, 43.79740727], [7.72612345, 43.79718506], [7.72644246, 43.79705071], [7.72682393, 43.7969501], [7.72721732, 43.79694057], [7.72760415, 43.79697371], [7.72798932, 43.79695702], [7.72839773, 43.79698753], [7.72886932, 43.79707515], [7.72940111, 43.79707873], [7.72990644, 43.79694784], [7.73046827, 43.79674292], [7.7312026, 43.79647863], [7.73199642, 43.79627645], [7.73262334, 43.79609823], [7.73316252, 43.79588425], [7.73374856, 43.79556036], [7.734375, 43.79547977], [7.734375, 43.79520094], [7.73456872, 43.79528308], [7.73493481, 43.79533613], [7.73530614, 43.79527235], [7.73572636, 43.79514301], [7.73629141, 43.79497123], [7.73705125, 43.79481745], [7.73789215, 43.79472744], [7.73885906, 43.79485095], [7.73974454, 43.79517245], [7.74028683, 43.79547918], [7.74054396, 43.79590547], [7.74075878, 43.7965759], [7.74114716, 43.79729521], [7.74172044, 43.79798043], [7.74253345, 43.79856527], [7.74322951, 43.79888105], [7.74359286, 43.79905701], [7.74377453, 43.79920745], [7.7440294, 43.79932284], [7.74439716, 43.79943705], [7.74469495, 43.79966474], [7.7450006, 43.80002761], [7.74554753, 43.80036068], [7.74629188, 43.80058455], [7.74699414, 43.80078018], [7.74785805, 43.80090892], [7.74816704, 43.80117178], [7.74824417, 43.80137634], [7.75007665, 43.80267978], [7.75033426, 43.80278266], [7.75050616, 43.80297816], [7.7506361, 43.80325997], [7.75090611, 43.80352342], [7.75144625, 43.80387402], [7.75213742, 43.80443764], [7.75259936, 43.80498958], [7.75286913, 43.80539036], [7.7530421, 43.80568993], [7.75321686, 43.80596137], [7.75337434, 43.80623603], [7.7535485, 43.80650675], [7.75375891, 43.80674052], [7.75417054, 43.80690145], [7.75481093, 43.80702102], [7.75538182, 43.80711496], [7.75581634, 43.80710757], [7.75619018, 43.80702865], [7.75659871, 43.80702054], [7.75715041, 43.80707681], [7.75788772, 43.80706096], [7.75869822, 43.80701113], [7.75968087, 43.80715883], [7.76078033, 43.80758011], [7.76236391, 43.80781627], [7.76330686, 43.80818176], [7.76424026, 43.80846465], [7.764979, 43.80871415], [7.76542485, 43.80887461], [7.76566756, 43.80904782], [7.76589966, 43.80938375], [7.76625371, 43.80993581], [7.76661515, 43.81060135], [7.76698327, 43.81115818], [7.76726365, 43.81149435], [7.76759315, 43.81166005], [7.76805556, 43.81175542], [7.76851046, 43.8118726], [7.76893747, 43.81200194], [7.76943564, 43.81217551], [7.77010834, 43.81238365], [7.77093422, 43.81260097], [7.7718451, 43.81266856], [7.77277195, 43.81262875], [7.77377796, 43.81269646], [7.77459896, 43.81288421], [7.77516723, 43.81295657], [7.77566588, 43.81287873], [7.77623332, 43.81277525], [7.77698195, 43.81265676], [7.77758896, 43.81297815], [7.77795684, 43.81304455], [7.77847195, 43.81313765], [7.77907908, 43.81345665], [7.78443527, 43.81369936], [7.78531635, 43.81401181], [7.78609061, 43.81421125], [7.78654814, 43.81438661], [7.78675485, 43.81461597], [7.78675961, 43.81484222], [7.78635705, 43.81496823], [7.7855978, 43.81494927], [7.78493273, 43.81481075], [7.78432703, 43.81465685], [7.78344381, 43.81453025], [7.78219461, 43.81452215], [7.78111887, 43.81462204], [7.78035486, 43.81473923], [7.78006935, 43.81490064], [7.78019297, 43.81516075], [7.78049874, 43.81551123], [7.78088105, 43.81590235], [7.78116524, 43.81619871], [7.78143334, 43.81637335], [7.78174734, 43.81653023], [7.78198195, 43.81679523], [7.78200805, 43.81715906], [7.78204107, 43.81757414], [7.78219521, 43.81796658], [7.78219175, 43.81822264], [7.78261364, 43.81832576], [7.78316545, 43.81842673], [7.78381741, 43.81855094], [7.78453767, 43.81867194], [7.78515995, 43.81884575], [7.78579974, 43.81913686], [7.78660226, 43.81961882], [7.79290974, 43.81975734], [7.79303265, 43.81956971], [7.79316616, 43.81938386], [7.79338491, 43.81925106], [7.79366171, 43.81915271], [7.79382575, 43.81899333], [7.79371071, 43.81874812], [7.79326713, 43.81848013], [7.79268098, 43.8182919], [7.79216898, 43.81813645], [7.79172516, 43.81800723], [7.79124606, 43.81786644], [7.79068053, 43.81773412], [7.79010296, 43.81758904], [7.78953195, 43.81745672], [7.7890501, 43.81731713], [7.78862882, 43.81719077], [7.78820181, 43.81703973], [7.7877562, 43.81684542], [7.7874186, 43.81654346], [7.78746653, 43.81621325], [7.78801048, 43.81597555], [7.78886056, 43.81598735], [7.78966081, 43.81621385], [7.79030395, 43.81643808], [7.79118347, 43.81693697], [7.79216754, 43.81703472], [7.79284644, 43.81716323], [7.79340243, 43.81728625], [7.79417384, 43.81743646], [7.79520357, 43.81764221], [7.79597044, 43.81800055], [7.79639936, 43.8184396], [7.79677117, 43.81879604], [7.79715562, 43.81900406], [7.79726768, 43.81904626], [7.79754674, 43.81915092], [7.79793346, 43.81926322], [7.79829335, 43.8193773], [7.7985996, 43.81948817], [7.79888201, 43.81969547], [7.79931343, 43.82008708], [7.79997385, 43.82057536], [7.80047572, 43.82088566], [7.80070424, 43.82106805], [7.80088162, 43.82122922], [7.80142283, 43.82142115], [7.80257106, 43.82174194], [7.80400681, 43.82222271], [7.80529761, 43.82258463], [7.80626214, 43.82285774], [7.80682504, 43.82274234], [7.80741251, 43.82241166], [7.80803192, 43.82219481], [7.80892527, 43.82203376], [7.81012225, 43.8219012], [7.81105936, 43.82175803], [7.81172311, 43.82164657], [7.81232512, 43.82159138], [7.81319177, 43.82162643], [7.8143537, 43.82161593], [7.81521678, 43.82150853], [7.81578696, 43.82137537], [7.81635678, 43.82122946], [7.81704104, 43.82110095], [7.81762874, 43.82094455], [7.81808805, 43.82073796], [7.81843185, 43.82040203], [7.81863093, 43.82003462], [7.81883895, 43.81979322], [7.81919992, 43.81965995], [7.81977022, 43.81953251], [7.82048666, 43.81941056], [7.82107723, 43.81926906], [7.82152081, 43.81912601], [7.82190454, 43.81894696], [7.82237375, 43.81884122], [7.82291925, 43.81853294], [7.8232882, 43.81831932], [7.82350802, 43.81807613], [7.82386434, 43.81772268], [7.82475233, 43.81736386], [7.82609034, 43.81702983], [7.82711565, 43.81664133], [7.82756925, 43.81633151], [7.82779205, 43.81615567], [7.82808936, 43.81604195], [7.82857096, 43.81588626], [7.82922781, 43.81567657], [7.82987261, 43.81543314], [7.83030581, 43.81535327], [7.83050895, 43.81546176], [7.83062124, 43.81564951], [7.83087385, 43.81576085], [7.83141613, 43.81573737], [7.83227646, 43.81569421], [7.83349144, 43.81587863], [7.83466017, 43.8163141], [7.83535337, 43.81667554], [7.83562243, 43.81704164], [7.83569002, 43.81755304], [7.83658755, 43.81829953], [7.83733392, 43.81850624], [7.83802414, 43.81878364], [7.83862746, 43.81905162], [7.83917606, 43.81931353], [7.83957624, 43.81949317], [7.83983254, 43.81967688], [7.84008074, 43.81996953], [7.84041727, 43.82034385], [7.84069335, 43.82069647], [7.84092033, 43.82105184], [7.84110117, 43.82150185], [7.84129047, 43.82211685], [7.84147143, 43.82295144], [7.84169805, 43.82381904], [7.84197354, 43.82473195], [7.84231031, 43.82546306], [7.84256172, 43.82593572], [7.84282792, 43.82617891], [7.84324086, 43.82636094], [7.84377491, 43.82659185], [7.84426534, 43.82678247], [7.84468436, 43.82694447], [7.84507, 43.82708645], [7.84544766, 43.82725954], [7.84621823, 43.82728791], [7.84822154, 43.82860696], [7.84883368, 43.82879114], [7.84933221, 43.82909107], [7.84977794, 43.82948208], [7.85039616, 43.82988334], [7.851125, 43.83014393], [7.85194433, 43.83032632], [7.85290647, 43.83046174], [7.85376775, 43.83057535], [7.85446274, 43.83058035], [7.85482037, 43.83045483], [7.85496986, 43.83028495], [7.85522544, 43.83020914], [7.85581183, 43.83024645], [7.85666525, 43.83025575], [7.85737574, 43.83023036], [7.85793483, 43.83029497], [7.85847688, 43.83040643], [7.85901797, 43.83054674], [7.85965323, 43.83067977], [7.86047316, 43.83085835], [7.86155164, 43.83112276], [7.86256874, 43.83151436], [7.86333597, 43.83187807], [7.86401415, 43.83227336], [7.86437583, 43.83233964], [7.8647629, 43.83251834], [7.86514986, 43.83266151], [7.86553502, 43.83280492], [7.86591494, 43.83293188], [7.86628735, 43.83306575], [7.86666513, 43.83319283], [7.86709893, 43.83337188], [7.86767852, 43.83364642], [7.86840773, 43.8340435], [7.86907375, 43.83438838], [7.869663, 43.83468497], [7.87019253, 43.83488846], [7.87081373, 43.83507204], [7.87160373, 43.83527458], [7.87232816, 43.83548915], [7.8728708, 43.83555186], [7.87336767, 43.83548343], [7.87397945, 43.83547723], [7.87474442, 43.83558905], [7.87563002, 43.83573246], [7.87630212, 43.83585644], [7.87678278, 43.83585823], [7.87725854, 43.83575451], [7.87782824, 43.83564436], [7.87828147, 43.8353579], [7.87888527, 43.83529055], [7.87955046, 43.83529365], [7.88053095, 43.83550036], [7.88188851, 43.83585072], [7.88331485, 43.83637595], [7.8867594, 43.83652341], [7.88710773, 43.83670235], [7.88752425, 43.83684945], [7.88816965, 43.83700407], [7.8891921, 43.83714426], [7.89054418, 43.83726728], [7.89227414, 43.83726943], [7.89386368, 43.83713126], [7.89532101, 43.83692026], [7.89631593, 43.83664727], [7.89685333, 43.83643317], [7.89721227, 43.83625901], [7.89768064, 43.83612382], [7.89851296, 43.83601904], [7.89968264, 43.83602786], [7.9006412, 43.83610725], [7.90151095, 43.83611107], [7.90267241, 43.83604264], [7.90418541, 43.83604598], [7.90524971, 43.83612454], [7.90582335, 43.83612895], [7.90618336, 43.83603597], [7.90645754, 43.83591735], [7.90663445, 43.83575845], [7.90672815, 43.83555031], [7.90710712, 43.83534741], [7.90872192, 43.83545101], [7.91002345, 43.83558714], [7.91117418, 43.83572197], [7.91200912, 43.83586693], [7.91262102, 43.83600438], [7.91307771, 43.83614957], [7.91346252, 43.83628345], [7.91383493, 43.83642852], [7.91421342, 43.83656251], [7.91459775, 43.83670747], [7.91498387, 43.83684182], [7.91537035, 43.83698726], [7.91575801, 43.83712125], [7.91615045, 43.8372637], [7.91655004, 43.83738947], [7.91694355, 43.83752453], [7.91728175, 43.83766925], [7.91748106, 43.83790112], [7.91748273, 43.83820724], [7.91725957, 43.83836973], [7.91682374, 43.83830011], [7.91628075, 43.83807862], [7.91582966, 43.83795583], [7.91549468, 43.83795464], [7.91546464, 43.83967292], [7.91528392, 43.84006417], [7.91526866, 43.84048867], [7.91541386, 43.84089851], [7.91560984, 43.84124351], [7.91590297, 43.84144175], [7.91628206, 43.84158754], [7.91661024, 43.84189856], [7.91707182, 43.84244466], [7.9179697, 43.84296441], [7.91908741, 43.84326696], [7.91989696, 43.84343863], [7.9205265, 43.84356093], [7.92138505, 43.84370112], [7.92254102, 43.84383392], [7.92339695, 43.84393847], [7.92392743, 43.84393787], [7.92438984, 43.84385955], [7.92495191, 43.84385526], [7.92561185, 43.84392345], [7.92636323, 43.84392035], [7.92703486, 43.84384406], [7.92764938, 43.84384096], [7.92823052, 43.84393847], [7.92885375, 43.84403884], [7.92989767, 43.84348702], [7.93036127, 43.84352684], [7.93067038, 43.84367561], [7.93435144, 43.84382904], [7.93494594, 43.84416246], [7.93548441, 43.84438646], [7.93607426, 43.84455895], [7.93675935, 43.84469116], [7.93735516, 43.844769], [7.93794358, 43.84468925], [7.93868375, 43.84448457], [7.93948305, 43.84440577], [7.94009435, 43.84448981], [7.94053113, 43.84462523], [7.94086945, 43.84476686], [7.94112313, 43.84489334], [7.94133401, 43.84509075], [7.94175994, 43.84541416], [7.94275248, 43.84574985], [7.94417524, 43.84586883], [7.94552362, 43.84582841], [7.94678903, 43.84587932], [7.94769704, 43.84609103], [7.94823027, 43.8462944], [7.94862056, 43.84648645], [7.94910645, 43.84669244], [7.94984651, 43.84694648], [7.95079494, 43.84714925], [7.95159423, 43.84762836], [7.95211327, 43.84772706], [7.95280457, 43.84785748], [7.95367205, 43.847983], [7.95435667, 43.84812772], [7.95484054, 43.84831655], [7.95524085, 43.84862137], [7.95564187, 43.84901941], [7.95616627, 43.84943032], [7.95664847, 43.84969401], [7.95705652, 43.8498224], [7.95750475, 43.84980535], [7.95817244, 43.84970236], [7.95912015, 43.84968257], [7.96009338, 43.84979045], [7.96102941, 43.84998286], [7.96167696, 43.85027337], [7.96219122, 43.8506031], [7.96307421, 43.85091722], [7.96436477, 43.851179], [7.96540642, 43.85140371], [7.96602428, 43.85145616], [7.96643376, 43.85139024], [7.96683311, 43.85141611], [7.96729076, 43.85160196], [7.96723092, 43.85268867], [7.96704185, 43.85358477], [7.96702623, 43.85457706], [7.96720505, 43.85526633], [7.96750486, 43.85575128], [7.96793985, 43.85630655], [7.96839404, 43.85699916], [7.96882021, 43.85765982], [7.9689908, 43.85813844], [7.96913815, 43.85852075], [7.96940696, 43.85888624], [7.96964061, 43.85916543], [7.96992445, 43.85937405], [7.97041404, 43.85962653], [7.97110021, 43.85998786], [7.97179925, 43.86025691], [7.97264516, 43.86044228], [7.97367716, 43.8605659], [7.97442162, 43.86068284], [7.97482061, 43.86079228], [7.97504854, 43.86097646], [7.97536612, 43.86129487], [7.97596145, 43.86167455], [7.97664142, 43.86194897], [7.97724783, 43.86217761], [7.97954488, 43.86224663], [7.98028982, 43.86257708], [7.98094571, 43.86279345], [7.98143935, 43.86295247], [7.98182738, 43.86308324], [7.98219216, 43.86323035], [7.98261082, 43.86336064], [7.98317218, 43.86346567], [7.98388374, 43.86345995], [7.98457468, 43.86340094], [7.98533464, 43.86346793], [7.98625934, 43.86365247], [7.98731625, 43.86371946], [7.98830914, 43.86366022], [7.98927546, 43.86365414], [7.99003482, 43.86375666], [7.99063265, 43.86388958], [7.99109554, 43.86404598], [7.99151385, 43.86418474], [7.99198687, 43.86433113], [7.99252725, 43.86446595], [7.99301016, 43.86461294], [7.9934237, 43.86474764], [7.99380732, 43.86488366], [7.99418485, 43.86498475], [7.99499977, 43.86546814], [7.99526477, 43.86554801], [7.99546862, 43.86570692], [7.99567544, 43.86595953], [7.99601865, 43.86622775], [7.99649966, 43.86641705], [7.99720204, 43.86657465], [7.99813962, 43.86669886], [7.99900615, 43.86682582], [7.9997195, 43.86694145], [8.00013292, 43.86710596], [8.00039613, 43.8673526], [8.00072193, 43.86759877], [8.00104642, 43.86776721], [8.00130033, 43.86795712], [8.00155592, 43.86826372], [8.00188136, 43.86864603], [8.00212872, 43.86893106], [8.00236177, 43.86903524], [8.00266373, 43.86903763], [8.00302756, 43.86910331], [8.00346482, 43.86922026], [8.00404453, 43.86933815], [8.00477016, 43.86933732], [8.00544906, 43.86921644], [8.00582302, 43.86899376], [8.0065881, 43.8687247], [8.00724006, 43.86869943], [8.0076369, 43.86894238], [8.00781381, 43.86927676], [8.00808072, 43.86957443], [8.00843561, 43.86977017], [8.01058233, 43.87106538], [8.01200688, 43.87116516], [8.01319754, 43.87129021], [8.01420867, 43.87140274], [8.01472974, 43.87153685], [8.01493406, 43.87171412], [8.01528227, 43.87192094], [8.01608717, 43.87225115], [8.01722884, 43.87272775], [8.01819444, 43.87305665], [8.01867056, 43.87325585], [8.01884055, 43.87342346], [8.01901662, 43.87355614], [8.01932216, 43.87370968], [8.01968741, 43.87398112], [8.02003205, 43.87435782], [8.02046442, 43.87483025], [8.02100635, 43.87533975], [8.0217514, 43.87577951], [8.02245796, 43.87590706], [8.02307177, 43.87582064], [8.02355385, 43.87565076], [8.02395296, 43.875494], [8.02432835, 43.87534904], [8.02470255, 43.87524617], [8.02516425, 43.8750298], [8.02573848, 43.87492967], [8.02620625, 43.87479353], [8.02664006, 43.87465441], [8.02721095, 43.87449455], [8.02803326, 43.87434113], [8.0290184, 43.87421513], [8.03005934, 43.87421906], [8.03064406, 43.87440813], [8.03071177, 43.87471545], [8.03040493, 43.87494516], [8.02988625, 43.87508738], [8.02938461, 43.87522161], [8.02893054, 43.87534761], [8.02844942, 43.87549007], [8.02792144, 43.87562406], [8.02744925, 43.87576985], [8.02699184, 43.87590396], [8.02642024, 43.87604928], [8.02570367, 43.87618303], [8.02503336, 43.87632704], [8.02438712, 43.87645865], [8.02371955, 43.87660265], [8.02298248, 43.87674546], [8.02231562, 43.87692356], [8.02203596, 43.87696135], [8.02160335, 43.87716424], [8.02110124, 43.87737322], [8.02051485, 43.87763786], [8.01997995, 43.87789345], [8.0196228, 43.87819314], [8.01962125, 43.87851834], [8.01995921, 43.87880766], [8.02043474, 43.87900674], [8.02095282, 43.87914526], [8.02144277, 43.8791635], [8.02174795, 43.87903702], [8.02191997, 43.87876844], [8.02210796, 43.87838841], [8.02235615, 43.8779577], [8.02273011, 43.87766004], [8.02311933, 43.87762284], [8.02342784, 43.87783027], [8.02366531, 43.87840915], [8.02403355, 43.87933683], [8.02477205, 43.88002241], [8.02572775, 43.88017333], [8.02660275, 43.87998164], [8.02726722, 43.87983346], [8.02772713, 43.87980437], [8.02761245, 43.88065684], [8.02790356, 43.88107824], [8.02820015, 43.88159955], [8.02854836, 43.88219964], [8.02881002, 43.88274646], [8.02904117, 43.88304818], [8.02927351, 43.88317442], [8.02942646, 43.88329208], [8.02951515, 43.88345265], [8.02972364, 43.88361454], [8.03029597, 43.88381243], [8.03142464, 43.88407505], [8.03287804, 43.88427854], [8.03388107, 43.88439524], [8.03445864, 43.88437796], [8.03496635, 43.88431346], [8.03559113, 43.88442671], [8.03617227, 43.88477302], [8.03648913, 43.88510597], [8.03671563, 43.8853178], [8.03711653, 43.88544774], [8.03789127, 43.88552535], [8.03901505, 43.88545156], [8.03998423, 43.8852216], [8.04069924, 43.88500714], [8.04091215, 43.88463032], [8.04160094, 43.88505435], [8.04223001, 43.88564515], [8.04250574, 43.88622224], [8.04267871, 43.88665915], [8.0432291, 43.88694775], [8.04403996, 43.88699496], [8.04449415, 43.88676727], [8.04437578, 43.88626051], [8.04380763, 43.88561213], [8.04312313, 43.88500023], [8.04234815, 43.88445997], [8.04172325, 43.88414764], [8.04124224, 43.88396084], [8.04080963, 43.8837831], [8.04046094, 43.88352013], [8.04038012, 43.88326693], [8.0406332, 43.88312256], [8.04117942, 43.88313234], [8.04189432, 43.88327992], [8.04274142, 43.8834964], [8.04351401, 43.88378715], [8.04414141, 43.88406491], [8.04471302, 43.88434255], [8.04522336, 43.88454473], [8.04649794, 43.88546252], [8.04662991, 43.88573957], [8.04679596, 43.88601887], [8.04694045, 43.88630652], [8.04712975, 43.88661003], [8.04749823, 43.88691914], [8.04834127, 43.88715792], [8.04960144, 43.88720715], [8.05074584, 43.88709092], [8.05406511, 43.88699782], [8.05445135, 43.88671875], [8.05842197, 43.88682902], [8.05926096, 43.88736105], [8.05995607, 43.88772965], [8.0606153, 43.88797605], [8.06129444, 43.88802695], [8.06207812, 43.88794458], [8.06310916, 43.88792646], [8.06426167, 43.88801825], [8.06543803, 43.88813722], [8.0661, 43.88829768], [8.06637907, 43.88848221], [8.06673956, 43.8886317], [8.06739295, 43.88875008], [8.06815183, 43.88888562], [8.06892276, 43.8890171], [8.06950891, 43.88916206], [8.06993496, 43.88929451], [8.07029867, 43.88943458], [8.07065725, 43.88956416], [8.0710541, 43.88972378], [8.07155991, 43.88992691], [8.07222843, 43.89020717], [8.07296812, 43.89048135], [8.07365274, 43.89075887], [8.07422805, 43.89096177], [8.07420754, 43.8910166], [8.07475352, 43.89152396], [8.07544422, 43.89201784], [8.07596827, 43.89231014], [8.07625914, 43.89251614], [8.07649815, 43.89280474], [8.07686031, 43.89320862], [8.07729852, 43.89364076], [8.07786632, 43.89404631], [8.07840216, 43.89434588], [8.07886505, 43.89467514], [8.07930565, 43.89511156], [8.07982588, 43.89564204], [8.08024275, 43.89608395], [8.0806545, 43.89638495], [8.08115375, 43.89656007], [8.08187473, 43.8967061], [8.08278692, 43.89688051], [8.08342254, 43.89714754], [8.08359015, 43.89745533], [8.08345461, 43.89774251], [8.08321226, 43.89797187], [8.08278096, 43.89812767], [8.08211851, 43.89824724], [8.08145535, 43.89840412], [8.07994342, 43.89840114], [8.07980394, 43.89860392], [8.07966054, 43.89886296], [8.07947695, 43.89920163], [8.07929277, 43.89959955], [8.07906294, 43.89997721], [8.07878172, 43.90035486], [8.07843113, 43.90074384], [8.07816207, 43.90103555], [8.07791603, 43.90119255], [8.07765865, 43.90127993], [8.07749915, 43.90141022], [8.07752347, 43.90162086], [8.07769883, 43.90189254], [8.07789958, 43.90221715], [8.07811475, 43.90264416], [8.07830656, 43.90316021], [8.07850814, 43.90358663], [8.07868636, 43.90390897], [8.07886612, 43.90417302], [8.07902086, 43.90437913], [8.07923925, 43.90452576], [8.07957745, 43.90468025], [8.07999086, 43.90497041], [8.080446, 43.90540683], [8.08100414, 43.90595293], [8.08147275, 43.90645492], [8.08189666, 43.90690291], [8.08225095, 43.90726447], [8.08263063, 43.90754175], [8.08296216, 43.90771627], [8.08316946, 43.90788102], [8.08330953, 43.90803063], [8.08352411, 43.90802801], [8.08384216, 43.90778756], [8.08419132, 43.90747702], [8.08462298, 43.90732455], [8.08498371, 43.90751445], [8.08506751, 43.90792966], [8.08492982, 43.90838814], [8.08476615, 43.90887761], [8.08497155, 43.90903771], [8.08574426, 43.90848208], [8.0859375, 43.90848208], [8.0859375, 43.90792406], [8.08609128, 43.90780127], [8.08655655, 43.90771472], [8.08708715, 43.90784776], [8.08763373, 43.90826941], [8.08796728, 43.90875781], [8.08807898, 43.90918756], [8.08796585, 43.90962505], [8.08779502, 43.91012657], [8.08768845, 43.91057813], [8.08776641, 43.91103423], [8.08793342, 43.91154087], [8.08814144, 43.91195297], [8.08832896, 43.91227055], [8.08853996, 43.91255581], [8.08879316, 43.91284788], [8.08916736, 43.91310954], [8.08959162, 43.91328692], [8.09236574, 43.91514313], [8.09262955, 43.91522062], [8.09280884, 43.91535497], [8.09293807, 43.91553485], [8.09316921, 43.91570556], [8.09359098, 43.91589451], [8.09412432, 43.91613734], [8.09454072, 43.91632223], [8.09476101, 43.91648555], [8.09488523, 43.91666186], [8.09510565, 43.91682506], [8.09552264, 43.91701031], [8.0960561, 43.91725266], [8.09647608, 43.91744018], [8.09670055, 43.91760838], [8.0968188, 43.91778624], [8.09699953, 43.91793025], [8.09732688, 43.91804421], [8.09779811, 43.91818178], [8.09837604, 43.91831315], [8.09896255, 43.91845763], [8.09956217, 43.91858995], [8.10013843, 43.91873443], [8.10071325, 43.91887724], [8.10123873, 43.91905534], [8.10194492, 43.91912115], [8.10246837, 43.91931546], [8.10300553, 43.91945291], [8.1034615, 43.91950905], [8.10388792, 43.91941094], [8.10445404, 43.91919971], [8.10531116, 43.91896164], [8.10630965, 43.91893303], [8.10701036, 43.91915035], [8.10734522, 43.91946363], [8.10752463, 43.91977322], [8.10762143, 43.92006946], [8.10923505, 43.92125452], [8.10981512, 43.92146325], [8.11050653, 43.92174077], [8.11125076, 43.92200995], [8.11189806, 43.92227614], [8.11231375, 43.92246175], [8.11254466, 43.92264402], [8.11281025, 43.92289031], [8.11335325, 43.9231503], [8.11408496, 43.92333806], [8.11468923, 43.92349243], [8.11512947, 43.92361927], [8.11548436, 43.92375517], [8.11581326, 43.92388535], [8.11619854, 43.92404962], [8.11683393, 43.92425251], [8.117962, 43.92451704], [8.11942363, 43.92472243], [8.12051547, 43.92488694], [8.12129414, 43.92501843], [8.12204611, 43.92515755], [8.12292314, 43.92528677], [8.1236763, 43.92543042], [8.12430251, 43.92557335], [8.12482715, 43.9257493], [8.12621284, 43.92571044], [8.12716734, 43.92556214], [8.12815726, 43.92553568], [8.12874591, 43.92565894], [8.12899005, 43.92589796], [8.12914646, 43.92617452], [8.12928975, 43.92645252], [8.12949145, 43.92674363], [8.12976551, 43.92710745], [8.13017666, 43.92760801], [8.13065696, 43.92821527], [8.13123477, 43.92883754], [8.13171113, 43.92934585], [8.13211298, 43.92976785], [8.1323781, 43.93009973], [8.13259995, 43.93039262], [8.13285434, 43.93072331], [8.13324487, 43.93114054], [8.13374615, 43.93163884], [8.13446045, 43.93225324], [8.13465607, 43.93484116], [8.13490272, 43.93511975], [8.1351006, 43.93541753], [8.13530016, 43.93576121], [8.13548231, 43.93614221], [8.13567996, 43.93648291], [8.13586223, 43.93683016], [8.13606167, 43.93731058], [8.13625956, 43.93794978], [8.13650608, 43.93854153], [8.13653445, 43.94096541], [8.13678014, 43.94102883], [8.13703787, 43.94116175], [8.13729572, 43.94155931], [8.13765395, 43.94230211], [8.13816345, 43.94309652], [8.13854206, 43.94369984], [8.13879526, 43.94408703], [8.13895524, 43.94435453], [8.13915944, 43.94462812], [8.13935053, 43.94489527], [8.13959456, 43.94516945], [8.13967037, 43.9453125], [8.14118111, 43.94655263], [8.14264846, 43.94748175], [8.14322591, 43.94768965], [8.14391255, 43.94796765], [8.14465451, 43.94824183], [8.14532375, 43.94852173], [8.14582896, 43.94872236], [8.14622772, 43.94887745], [8.14660096, 43.94900501], [8.14700556, 43.94916356], [8.14748192, 43.9493643], [8.14800823, 43.94962084], [8.1484586, 43.94982386], [8.14888465, 43.95000732], [8.14950228, 43.95020735], [8.15054274, 43.95046854], [8.15184355, 43.95067823], [8.15276134, 43.95085573], [8.15327275, 43.95099235], [8.15356767, 43.95107126], [8.15373802, 43.95099914], [8.15386808, 43.95077515], [8.15405381, 43.95047843], [8.15430343, 43.95016623], [8.15468144, 43.94989276], [8.15511012, 43.94971144], [8.15551352, 43.94949532], [8.16037095, 43.94952214], [8.16063452, 43.94988942], [8.16052282, 43.95020676], [8.15988433, 43.95047104], [8.15899634, 43.95069873], [8.15845704, 43.95107102], [8.15843701, 43.95160437], [8.15892494, 43.95193148], [8.15977228, 43.95197582], [8.16054213, 43.95184267], [8.16122031, 43.95167911], [8.16197336, 43.95150673], [8.16302848, 43.95135915], [8.16438413, 43.95124245], [8.16602445, 43.95124352], [8.16728187, 43.95135856], [8.16817164, 43.95150495], [8.16880941, 43.95166242], [8.16940224, 43.95180166], [8.17006731, 43.95193827], [8.17089915, 43.95203626], [8.17296207, 43.95337856], [8.17336082, 43.95345831], [8.1737411, 43.95357072], [8.17405891, 43.95371366], [8.17427063, 43.95400357], [8.17442357, 43.9545027], [8.17460442, 43.95505464], [8.17479706, 43.95562303], [8.17504442, 43.95611715], [8.17518771, 43.95850325], [8.17478991, 43.95868921], [8.17422676, 43.9589982], [8.17356574, 43.95948231], [8.17314255, 43.95987236], [8.17283344, 43.96009791], [8.17242706, 43.96027303], [8.17192471, 43.96048772], [8.17151225, 43.96065915], [8.17121291, 43.96087503], [8.17086196, 43.96125245], [8.17037487, 43.96174812], [8.17002392, 43.96211302], [8.16977155, 43.96228838], [8.16953278, 43.96238971], [8.16932046, 43.9626075], [8.16907275, 43.96300793], [8.16871011, 43.96347356], [8.16833532, 43.96390796], [8.16788995, 43.96436036], [8.16740727, 43.96488583], [8.16685772, 43.96555078], [8.16647816, 43.9661988], [8.16624177, 43.96665931], [8.16610932, 43.96699715], [8.16549528, 43.96745527], [8.16506791, 43.96795416], [8.16455472, 43.96847105], [8.16420305, 43.96882892], [8.16395426, 43.96899652], [8.16371405, 43.96908057], [8.16349447, 43.9692347], [8.16324365, 43.96953166], [8.16291428, 43.96991158], [8.16265964, 43.97021055], [8.16240573, 43.97038746], [8.16206265, 43.97054207], [8.16167605, 43.97080934], [8.16132057, 43.97118974], [8.16094625, 43.97166574], [8.16065216, 43.97214544], [8.16036892, 43.97256064], [8.16031754, 43.97495472], [8.16005027, 43.97542322], [8.15983903, 43.97599924], [8.15967715, 43.97668362], [8.15967715, 43.97754192], [8.15983903, 43.97844171], [8.16005027, 43.97939825], [8.16031754, 43.98019314], [8.16036928, 43.98587823], [8.16065037, 43.98617542], [8.16094196, 43.98653221], [8.16131675, 43.98700905], [8.16168678, 43.98758853], [8.16211736, 43.98825073], [8.16258085, 43.98893964], [8.16313815, 43.98946464], [8.16357481, 43.98972237], [8.16377687, 43.98988605], [8.16380155, 43.99012375], [8.16384041, 43.99046671], [8.16404235, 43.99086165], [8.16412807, 43.99114287], [8.16398263, 43.99123085], [8.16371667, 43.99119866], [8.16353381, 43.99126041], [8.1635468, 43.99148035], [8.16371977, 43.99182725], [8.16391838, 43.99222803], [8.16412485, 43.99257684], [8.16430533, 43.99288797], [8.16452515, 43.99324655], [8.1648252, 43.99371552], [8.16528416, 43.99424887], [8.16551065, 43.99516106], [8.16596007, 43.99558151], [8.16625404, 43.99594486], [8.16649401, 43.99632311], [8.16676521, 43.99680066], [8.16714644, 43.9973433], [8.16752851, 43.99787498], [8.16792202, 43.99833643], [8.16820621, 43.99875545], [8.16841614, 43.99933934], [8.16855025, 44.00021577], [8.17039704, 44.00186515], [8.17053378, 44.00229645], [8.17071664, 44.0026499], [8.17089796, 44.00294757], [8.17111611, 44.00323248], [8.17137861, 44.00351524], [8.17174005, 44.00375962], [8.1720829, 44.00393295], [8.1723361, 44.00418103], [8.17259026, 44.00461638], [8.17294824, 44.00515926], [8.17330456, 44.00566757], [8.17369914, 44.00601661], [8.17404306, 44.00619197], [8.17426372, 44.00634205], [8.17441595, 44.00656235], [8.17461133, 44.00684345], [8.17486906, 44.00714445], [8.17523706, 44.00740325], [8.17558134, 44.00755918], [8.17580116, 44.00770652], [8.17594814, 44.00793684], [8.17615771, 44.00829422], [8.17650247, 44.00881052], [8.17706764, 44.00943077], [8.17793906, 44.00937057], [8.1781702, 44.00985575], [8.17851877, 44.01049626], [8.17901754, 44.01112962], [8.17937601, 44.01152718], [8.17963076, 44.01170373], [8.17986858, 44.01178634], [8.18007612, 44.01192641], [8.18031335, 44.01216483], [8.18066776, 44.01242018], [8.18100727, 44.01259661], [8.18122196, 44.01275587], [8.18135571, 44.01293111], [8.18154943, 44.01307178], [8.18185711, 44.01318884], [8.18222678, 44.01331937], [8.18261445, 44.01344895], [8.18303275, 44.0136137], [8.18354845, 44.01381946], [8.18419731, 44.01408184], [8.18484592, 44.01428807], [8.18535936, 44.01445484], [8.18577123, 44.01458764], [8.18614864, 44.01471877], [8.18652201, 44.01481616], [8.18691313, 44.01498842], [8.18729055, 44.01486397], [8.18766415, 44.01486385], [8.18804622, 44.01499033], [8.18848765, 44.0151422], [8.1890738, 44.01527011], [8.18978596, 44.01527274], [8.19037116, 44.01515806], [8.19080877, 44.01500857], [8.19118297, 44.01483786], [8.19155288, 44.01468754], [8.19196045, 44.01458287], [8.19245124, 44.01465154], [8.19302034, 44.014889], [8.19353616, 44.01514256], [8.19393873, 44.01543093], [8.19419575, 44.01573014], [8.19441462, 44.01608515], [8.19461346, 44.01658845], [8.19479585, 44.01729286], [8.19481015, 44.01811492], [8.19455111, 44.01858127], [8.19403195, 44.01868713], [8.19338131, 44.01873553], [8.19261014, 44.01896501], [8.19242883, 44.01964962], [8.19224966, 44.02003276], [8.19223773, 44.02043056], [8.19238603, 44.02077007], [8.19257295, 44.02106786], [8.19282401, 44.02137005], [8.19318664, 44.02172518], [8.19373035, 44.02211237], [8.19424927, 44.02243614], [8.19466543, 44.02280724], [8.19504964, 44.02323103], [8.19567072, 44.02360725], [8.19652522, 44.02393866], [8.19725895, 44.02432215], [8.19764352, 44.02462542], [8.19786453, 44.02478671], [8.19807804, 44.02488041], [8.19830406, 44.02504873], [8.19863915, 44.02535975], [8.19915986, 44.02572715], [8.19961464, 44.02596796], [8.19988704, 44.02614915], [8.20002937, 44.0263741], [8.20008922, 44.02663803], [8.200001, 44.02691841], [8.20024157, 44.02718031], [8.20038331, 44.02749443], [8.20057321, 44.02785265], [8.20075727, 44.02825427], [8.20094883, 44.02859604], [8.20111227, 44.02883315], [8.20131087, 44.02896237], [8.20155132, 44.02906084], [8.20177197, 44.02927911], [8.20202923, 44.02968895], [8.20242417, 44.03019452], [8.20287824, 44.03072035], [8.20340204, 44.03124666], [8.20383084, 44.03161335], [8.20438194, 44.03179395], [8.20517683, 44.0318979], [8.20587313, 44.03203845], [8.20645106, 44.03223085], [8.20698977, 44.03247607], [8.20738936, 44.03265393], [8.20761883, 44.03282702], [8.20776677, 44.03307045], [8.20794141, 44.03340685], [8.20813143, 44.03381145], [8.20837796, 44.03420174], [8.2084856, 44.03451598], [8.20895386, 44.0347501], [8.20931256, 44.03491163], [8.20954406, 44.03508616], [8.20976675, 44.03533244], [8.21011865, 44.03559065], [8.21052587, 44.03577936], [8.21092677, 44.03592944], [8.21131837, 44.03605676], [8.21173072, 44.03621685], [8.21220851, 44.03642046], [8.21274734, 44.03668165], [8.21324432, 44.0368849], [8.21374583, 44.037045], [8.21434331, 44.03717506], [8.21504402, 44.03733432], [8.21586537, 44.03753304], [8.21659148, 44.03778386], [8.21713865, 44.03797913], [8.21768284, 44.03816795], [8.21841061, 44.03842688], [8.21927333, 44.03884053], [8.22009802, 44.03929913], [8.22085762, 44.03985226], [8.22138762, 44.04036784], [8.22146726, 44.04038107], [8.22183084, 44.04056442], [8.22206223, 44.04086876], [8.22208595, 44.04126036], [8.22220123, 44.04165006], [8.22261083, 44.04183841], [8.22318876, 44.04175496], [8.22373581, 44.04168987], [8.2242465, 44.04174805], [8.22472251, 44.04185104], [8.22505355, 44.04203045], [8.22533143, 44.04232407], [8.22567165, 44.04270828], [8.22594476, 44.04312277], [8.22617078, 44.04362762], [8.22635472, 44.04423237], [8.22654951, 44.04470944], [8.22672868, 44.04513657], [8.2269237, 44.04575372], [8.22711146, 44.04658616], [8.22735024, 44.04722714], [8.22764265, 44.04772401], [8.22797465, 44.04830527], [8.22812176, 44.04895926], [8.22809505, 44.04949522], [8.22702146, 44.04937577], [8.22664285, 44.04999435], [8.22653425, 44.05066705], [8.22647965, 44.05145061], [8.22632766, 44.05213416], [8.22625244, 44.05929124], [8.22586465, 44.05957031], [8.22586465, 44.06319737], [8.22547722, 44.06347644], [8.2255547, 44.06608057], [8.22570968, 44.06626666], [8.2255547, 44.06645274], [8.22558784, 44.06919396], [8.22580946, 44.06947541], [8.2259202, 44.07003343], [8.22614157, 44.0703125], [8.22629583, 44.07306671], [8.2265619, 44.07406676], [8.22676706, 44.07523584], [8.22691226, 44.07618785], [8.22689354, 44.07699275], [8.22676218, 44.07773757], [8.22674704, 44.07856214], [8.22692192, 44.07932794], [8.22721314, 44.08007515], [8.22759032, 44.08065724], [8.22788203, 44.08109021], [8.22811174, 44.08158171], [8.22829425, 44.08224845], [8.22848844, 44.08293223], [8.22867107, 44.08359206], [8.22887194, 44.08406806], [8.22905815, 44.08448732], [8.22925985, 44.08510697], [8.22944605, 44.08594906], [8.22964776, 44.08657324], [8.22983551, 44.08696926], [8.23004007, 44.08730865], [8.23022747, 44.08767974], [8.23041666, 44.08802044], [8.23055696, 44.08832753], [8.23085272, 44.08849776], [8.23098707, 44.0891124], [8.23119581, 44.08991897], [8.23147297, 44.09099007], [8.23185265, 44.09187782], [8.23222888, 44.09251535], [8.23266697, 44.09301865], [8.23314452, 44.09351516], [8.23371696, 44.09410715], [8.23419094, 44.09468317], [8.23459291, 44.09516776], [8.23485887, 44.09560168], [8.23508632, 44.09618342], [8.23535573, 44.09698522], [8.23576665, 44.09769726], [8.23625421, 44.09826505], [8.23682034, 44.09878623], [8.23720562, 44.09917927], [8.23739338, 44.09946847], [8.23736227, 44.0997442], [8.23723364, 44.10008562], [8.23729336, 44.10056901], [8.23763776, 44.10119796], [8.23815036, 44.10195935], [8.23888683, 44.1027894], [8.2391268, 44.10311878], [8.23963094, 44.10358202], [8.24003124, 44.10402584], [8.24040365, 44.10449815], [8.24066687, 44.10494661], [8.24089766, 44.10531426], [8.24116695, 44.10568655], [8.24157167, 44.10617566], [8.24205065, 44.10679245], [8.24262965, 44.10748518], [8.24325395, 44.10835743], [8.24348557, 44.10869491], [8.24372816, 44.1091156], [8.24398124, 44.10936785], [8.24439132, 44.10956085], [8.24493217, 44.1098001], [8.24543345, 44.10998726], [8.24584663, 44.11012137], [8.24616444, 44.11020362], [8.24637151, 44.11033785], [8.24652421, 44.11068368], [8.24670565, 44.11138511], [8.24688721, 44.11237001], [8.24708986, 44.11307657], [8.24727476, 44.11346304], [8.24746597, 44.11372411], [8.24763215, 44.11401212], [8.24783075, 44.11442137], [8.24811542, 44.11493695], [8.24863636, 44.11537576], [8.24934661, 44.11573923], [8.25000644, 44.11619794], [8.25039542, 44.11666965], [8.25061572, 44.11704683], [8.25073266, 44.11735952], [8.25260985, 44.11872196], [8.25260985, 44.11900115], [8.25524557, 44.12082386], [8.25547814, 44.12084246], [8.25563324, 44.12091696], [8.25571084, 44.12109375], [8.25569737, 44.12109125], [8.25571012, 44.12123144], [8.25597417, 44.12152076], [8.2562505, 44.12181067], [8.25664496, 44.12208438], [8.25708997, 44.12233734], [8.25748312, 44.12268341], [8.25773811, 44.12308955], [8.25793397, 44.12343955], [8.25810266, 44.12373555], [8.25834382, 44.1240499], [8.25871325, 44.12446582], [8.25924122, 44.12498021], [8.2596997, 44.12541366], [8.26017773, 44.12575543], [8.26071644, 44.12606335], [8.2612468, 44.12643993], [8.26157045, 44.12674141], [8.26178944, 44.1268996], [8.26201415, 44.12699163], [8.26227522, 44.12717712], [8.26271296, 44.12755418], [8.26339698, 44.12803495], [8.26394415, 44.12836385], [8.26422143, 44.12863433], [8.26433122, 44.12898386], [8.26381755, 44.12938023], [8.26392198, 44.12982082], [8.26407957, 44.13017106], [8.26430953, 44.13041806], [8.26480496, 44.13057363], [8.26560473, 44.13066006], [8.26636434, 44.13069963], [8.26713908, 44.13066006], [8.26801145, 44.13066947], [8.26867831, 44.1307708], [8.26913965, 44.13089955], [8.26952946, 44.13104832], [8.26992524, 44.13122427], [8.27031934, 44.13151085], [8.27067256, 44.13191891], [8.27104485, 44.13247347], [8.27132154, 44.13305986], [8.27154422, 44.13349581], [8.27173066, 44.13380206], [8.27194285, 44.13407183], [8.27215111, 44.13438392], [8.27233756, 44.13479316], [8.2723453, 44.1352576], [8.27207565, 44.13555014], [8.27157032, 44.13568592], [8.27127385, 44.13535666], [8.27114212, 44.13477898], [8.27096605, 44.13436317], [8.27078748, 44.13406181], [8.27054191, 44.13375628], [8.27017724, 44.13334286], [8.26964581, 44.13281882], [8.2691313, 44.13236594], [8.26849568, 44.13203466], [8.26777291, 44.13185322], [8.26726162, 44.13180304], [8.26699495, 44.13198185], [8.26678038, 44.13233507], [8.26640975, 44.1325978], [8.26589656, 44.13260591], [8.26530898, 44.13247705], [8.26480031, 44.13232267], [8.26443827, 44.13228321], [8.26429474, 44.13241374], [8.26443267, 44.13271177], [8.2647835, 44.13310683], [8.26508856, 44.13352025], [8.2653203, 44.13402045], [8.26546896, 44.13462651], [8.26560163, 44.13513565], [8.26607025, 44.13507152], [8.26642406, 44.13542664], [8.26667118, 44.13574028], [8.26687348, 44.13602042], [8.26704347, 44.13628936], [8.26725435, 44.13657546], [8.26753342, 44.13692224], [8.26795065, 44.13736045], [8.26842511, 44.13785601], [8.26895285, 44.13837314], [8.26930785, 44.13873422], [8.26961482, 44.13894582], [8.27005136, 44.13917196], [8.27056324, 44.13953555], [8.27091515, 44.13990414], [8.27117014, 44.14022934], [8.27141774, 44.14052141], [8.27175283, 44.14076495], [8.27207232, 44.14091706], [8.27234554, 44.14111316], [8.27276242, 44.14149165], [8.2735126, 44.14203715], [8.27440572, 44.14257288], [8.27537751, 44.14312387], [8.276214, 44.14353406], [8.27653205, 44.14307678], [8.27680504, 44.14319146], [8.27699614, 44.14340591], [8.27713025, 44.14370334], [8.27732122, 44.14391792], [8.27759421, 44.14403236], [8.27977061, 44.14524758], [8.28096163, 44.1455698], [8.28184795, 44.14606607], [8.28245425, 44.14664185], [8.28310514, 44.14712608], [8.28375244, 44.14739835], [8.28424275, 44.14754796], [8.28456342, 44.14765334], [8.2847718, 44.14781725], [8.28504801, 44.14806283], [8.28560591, 44.14827836], [8.28632903, 44.14832056], [8.28685832, 44.14828277], [8.28714395, 44.14842296], [8.28737402, 44.14883935], [8.28772914, 44.14940941], [8.28818584, 44.15000212], [8.28884995, 44.15048325], [8.28959095, 44.15075111], [8.29031086, 44.15089715], [8.29098356, 44.15099287], [8.29138911, 44.15113413], [8.29159045, 44.15135884], [8.291749, 44.15163255], [8.29186082, 44.15192044], [8.29200852, 44.15202761], [8.29239035, 44.15212393], [8.29279935, 44.15227473], [8.29328465, 44.15247905], [8.29386282, 44.15276241], [8.29444921, 44.15304005], [8.29502368, 44.15332127], [8.29550195, 44.15352166], [8.29590786, 44.15368366], [8.29631615, 44.15381312], [8.2967931, 44.15395284], [8.29733431, 44.15408444], [8.29781854, 44.1542294], [8.29826105, 44.15436363], [8.29874611, 44.15450883], [8.29929054, 44.15464282], [8.29977477, 44.15478802], [8.30018938, 44.15492201], [8.30057526, 44.15506721], [8.3009572, 44.15520084], [8.30441844, 44.15600038], [8.30478787, 44.15617871], [8.30523765, 44.15632164], [8.30591202, 44.15646541], [8.30685854, 44.15659463], [8.30782938, 44.15673375], [8.3088026, 44.15686536], [8.30959952, 44.15702975], [8.31033063, 44.15723515], [8.31105864, 44.15749705], [8.31174076, 44.15770221], [8.31234002, 44.15786648], [8.31289792, 44.15799832], [8.31335807, 44.15813863], [8.31376457, 44.15827012], [8.31423223, 44.15841472], [8.31487262, 44.15854633], [8.31572855, 44.15869403], [8.31677377, 44.1588279], [8.31763434, 44.15897322], [8.31847048, 44.15910816], [8.319628, 44.15925562], [8.3211441, 44.15939045], [8.32223403, 44.15952671], [8.32292295, 44.15962756], [8.32356071, 44.16017067], [8.32415974, 44.160061], [8.32464135, 44.15995371], [8.32502735, 44.15995312], [8.32538927, 44.16006756], [8.32582963, 44.16020894], [8.32650042, 44.16036356], [8.32744956, 44.16050148], [8.32842827, 44.16064835], [8.32940602, 44.16078663], [8.33017743, 44.16094124], [8.33080626, 44.16107953], [8.33135712, 44.16118562], [8.33190894, 44.16117513], [8.33246481, 44.16108263], [8.33314133, 44.16107178], [8.33405387, 44.16119313], [8.33522093, 44.16138887], [8.33615565, 44.16163957], [8.33667398, 44.16186917], [8.33689833, 44.16218555], [8.33702135, 44.16264546], [8.33718276, 44.16305637], [8.33737016, 44.16337895], [8.33761787, 44.16366148], [8.33764517, 44.16389477], [8.33792543, 44.16420603], [8.33828533, 44.16457176], [8.33889675, 44.16500914], [8.33970535, 44.16547775], [8.34065056, 44.16601515], [8.34142852, 44.16641855], [8.34203315, 44.16671443], [8.34249795, 44.16690278], [8.34296942, 44.1671102], [8.34363532, 44.16744888], [8.34449661, 44.16793835], [8.34520054, 44.16828454], [8.34576607, 44.16848505], [8.34633601, 44.16861534], [8.34690344, 44.16874611], [8.34747052, 44.16887295], [8.34794712, 44.16901684], [8.34834266, 44.16915095], [8.34871674, 44.16929555], [8.34914362, 44.16942751], [8.34971774, 44.16957164], [8.35044467, 44.16971445], [8.35112715, 44.16988981], [8.35496068, 44.16991007], [8.35505736, 44.17009056], [8.35516298, 44.17027676], [8.35539782, 44.17046237], [8.35586667, 44.17071867], [8.35654521, 44.1710819], [8.35731912, 44.17135084], [8.35847974, 44.17155671], [8.36011446, 44.17175806], [8.36143982, 44.1720103], [8.36232495, 44.17221045], [8.36301625, 44.17237473], [8.36370766, 44.17251146], [8.36426044, 44.1726619], [8.36467767, 44.17279804], [8.36503553, 44.17290223], [8.36539865, 44.1728971], [8.36586106, 44.17280853], [8.36656487, 44.17279375], [8.36763477, 44.17288363], [8.36902344, 44.17300308], [8.37007082, 44.17318964], [8.3708322, 44.17352414], [8.37151861, 44.17411566], [8.37200451, 44.17478585], [8.37224603, 44.17508805], [8.37198102, 44.17517924], [8.37171996, 44.17526865], [8.37152815, 44.17540252], [8.37138236, 44.17556584], [8.3711735, 44.17570055], [8.37090552, 44.1758635], [8.37072301, 44.17621672], [8.37075174, 44.17673862], [8.37103295, 44.1770941], [8.37145245, 44.17725587], [8.37173402, 44.17738867], [8.37185764, 44.17755115], [8.37202203, 44.17769277], [8.37245905, 44.17780852], [8.37341785, 44.17794704], [8.37491834, 44.17807686], [8.37638187, 44.17821717], [8.37770724, 44.17834735], [8.37857854, 44.17850733], [8.37928677, 44.17871034], [8.38031435, 44.17899072], [8.38166475, 44.17926466], [8.38274765, 44.17954242], [8.38350201, 44.17974782], [8.38354361, 44.17993104], [8.3842535, 44.18013597], [8.38521481, 44.18035495], [8.38633823, 44.18043256], [8.38716447, 44.1804136], [8.38774955, 44.18046582], [8.38828707, 44.18058324], [8.38878107, 44.18076015], [8.39472473, 44.18087971], [8.39583576, 44.18100321], [8.39726162, 44.18100083], [8.39881086, 44.18087971], [8.40044534, 44.18075716], [8.40152335, 44.18069184], [8.4021486, 44.18072248], [8.40266275, 44.18070805], [8.40318716, 44.18059075], [8.4038496, 44.18044555], [8.40472805, 44.18031692], [8.40579474, 44.18030834], [8.40659356, 44.18043435], [8.40710735, 44.18062866], [8.40745926, 44.18089855], [8.40768826, 44.18113935], [8.40793681, 44.18130684], [8.40820491, 44.1814959], [8.40824187, 44.18186605], [8.40787041, 44.18236935], [8.40748942, 44.18288946], [8.40732491, 44.18361247], [8.40759826, 44.18466723], [8.40826416, 44.18567157], [8.40900242, 44.18632662], [8.40926898, 44.18643665], [8.40944874, 44.18664384], [8.40957057, 44.18693387], [8.40978205, 44.18716192], [8.41018426, 44.18736792], [8.41076553, 44.18765235], [8.41144025, 44.18799126], [8.41221178, 44.18840671], [8.41298652, 44.18874931], [8.41387475, 44.18903387], [8.41476977, 44.18921387], [8.41529143, 44.18936968], [8.41551662, 44.18956542], [8.41694963, 44.19077134], [8.41807365, 44.19063973], [8.41931605, 44.19063032], [8.42019224, 44.19075632], [8.42070842, 44.19095123], [8.4210335, 44.19122565], [8.42125154, 44.19147885], [8.42158925, 44.19166136], [8.42216456, 44.19183254], [8.42278826, 44.19205666], [8.42323816, 44.19226921], [8.42350745, 44.19260585], [8.42375147, 44.19313705], [8.42408395, 44.19366467], [8.42437518, 44.19406104], [8.42466664, 44.19437337], [8.42466736, 44.19679916], [8.42437434, 44.19722497], [8.42408001, 44.19770587], [8.42374432, 44.19816303], [8.42350662, 44.19847596], [8.42327356, 44.19864786], [8.42290366, 44.19875336], [8.42233002, 44.19887805], [8.42161107, 44.19900584], [8.42102373, 44.1991502], [8.42059386, 44.19927931], [8.42022824, 44.19941092], [8.41982734, 44.19953406], [8.41927385, 44.19972062], [8.41849577, 44.20003986], [8.41769123, 44.20054531], [8.41719937, 44.20100868], [8.41692603, 44.20140946], [8.41677475, 44.20178914], [8.41670871, 44.20210254], [8.41680551, 44.20237601], [8.41697597, 44.20274961], [8.41718853, 44.20343065], [8.41739702, 44.20443797], [8.41764975, 44.20534921], [8.41790307, 44.20600975], [8.41833317, 44.20647824], [8.41849983, 44.20723546], [8.41873562, 44.20756185], [8.41884363, 44.21161294], [8.41855097, 44.2119199], [8.41824961, 44.21226156], [8.41788781, 44.21264756], [8.41760635, 44.21302521], [8.41737902, 44.21345925], [8.41719484, 44.21400523], [8.41700041, 44.21456707], [8.41682458, 44.21513975], [8.41664255, 44.21561611], [8.41647422, 44.21598065], [8.41622496, 44.21619797], [8.41586006, 44.21638036], [8.41552496, 44.21668625], [8.41545057, 44.21708667], [8.41563976, 44.21751976], [8.41595006, 44.21805823], [8.41628134, 44.21879101], [8.41637695, 44.21972823], [8.41628206, 44.22072995], [8.41626751, 44.22181714], [8.41641104, 44.22264957], [8.41660094, 44.22325528], [8.41680396, 44.22365773], [8.41695511, 44.22395587], [8.4172374, 44.22421777], [8.41735065, 44.22440732], [8.41757154, 44.22456348], [8.41791403, 44.22475183], [8.41826045, 44.22507203], [8.41849315, 44.22543454], [8.41874826, 44.2256937], [8.41916227, 44.22590184], [8.41970563, 44.22614515], [8.42020571, 44.22633112], [8.42061365, 44.22647715], [8.42092598, 44.22661161], [8.42114747, 44.22684395], [8.42137647, 44.22720015], [8.42171776, 44.22751915], [8.42204845, 44.22772646], [8.42228246, 44.22796345], [8.42251587, 44.22831225], [8.42291415, 44.22866702], [8.42344952, 44.22900033], [8.42402077, 44.22940814], [8.42445195, 44.22978306], [8.42483246, 44.23005605], [8.42514277, 44.23021591], [8.42540705, 44.23041618], [8.42584014, 44.23079181], [8.42663753, 44.23129058], [8.42756093, 44.23168576], [8.42927265, 44.23286486], [8.42937291, 44.23306572], [8.42960155, 44.23323262], [8.43002534, 44.2334218], [8.43057907, 44.23366916], [8.43108392, 44.23386145], [8.43149221, 44.23400974], [8.43180168, 44.23414433], [8.43201685, 44.23437893], [8.43223846, 44.23474431], [8.43259084, 44.23507965], [8.43299365, 44.23528647], [8.43339241, 44.23543465], [8.43381166, 44.23555684], [8.43432665, 44.23571456], [8.43497574, 44.23591852], [8.43562543, 44.23618245], [8.43614018, 44.23638916], [8.436553, 44.23654544], [8.43693066, 44.23664534], [8.43730581, 44.23688364], [8.4375, 44.23688614], [8.44028544, 44.23679435], [8.44129002, 44.23667502], [8.44238806, 44.23671377], [8.44314075, 44.23695254], [8.44348407, 44.23727143], [8.44366872, 44.23764133], [8.44381285, 44.23806214], [8.44401276, 44.23850393], [8.44428051, 44.23899293], [8.4446578, 44.23946655], [8.44505572, 44.23983932], [8.44556582, 44.2401067], [8.44608641, 44.24029875], [8.44637275, 44.24058402], [8.44637215, 44.24102676], [8.44618702, 44.24143267], [8.44597602, 44.24181128], [8.44575501, 44.24229252], [8.44555402, 44.24288774], [8.44533134, 44.24336004], [8.44513094, 44.24378705], [8.44499493, 44.24442494], [8.44509017, 44.24533868], [8.44540906, 44.24610066], [8.44570875, 44.24664128], [8.44599557, 44.24687946], [8.44610965, 44.24723005], [8.44630384, 44.24744356], [8.44655228, 44.24755776], [8.44674945, 44.24768686], [8.44689524, 44.24784863], [8.44708884, 44.24797905], [8.44733501, 44.24809575], [8.44754195, 44.24830985], [8.44770896, 44.24864841], [8.44789946, 44.24898922], [8.44808054, 44.24930835], [8.44827116, 44.24965775], [8.44843304, 44.25006664], [8.44861901, 44.2504853], [8.44889152, 44.25091052], [8.44944751, 44.25130594], [8.45033181, 44.25171185], [8.45134616, 44.25221336], [8.45209444, 44.25259936], [8.45254672, 44.2529186], [8.45278275, 44.25321317], [8.45296693, 44.25349212], [8.45314562, 44.25376832], [8.45338094, 44.25404525], [8.45368814, 44.25444984], [8.45457387, 44.25529945], [8.45507336, 44.2559458], [8.45531177, 44.25639141], [8.45544636, 44.25671923], [8.45565462, 44.25691736], [8.45599961, 44.25711083], [8.45638216, 44.25749612], [8.45666063, 44.25807452], [8.45683813, 44.25871575], [8.45683014, 44.25940478], [8.45665467, 44.25995946], [8.45644283, 44.26041555], [8.45622647, 44.26082301], [8.45609474, 44.26124954], [8.45607698, 44.26168883], [8.45613825, 44.26213753], [8.45596755, 44.26246095], [8.45567143, 44.26252854], [8.45543146, 44.262326], [8.45526016, 44.26194656], [8.45508754, 44.2615813], [8.45493305, 44.26132977], [8.45472646, 44.26125884], [8.45444536, 44.26134396], [8.45364463, 44.26129794], [8.45346308, 44.26196396], [8.45322311, 44.26277792], [8.45288575, 44.26344442], [8.45259416, 44.26382875], [8.45226347, 44.26397085], [8.45186913, 44.26391876], [8.45159757, 44.26367986], [8.45140946, 44.26335132], [8.45107603, 44.26317775], [8.45050275, 44.26330555], [8.44991004, 44.26368034], [8.44948196, 44.26402295], [8.44893575, 44.2641834], [8.44808471, 44.26416945], [8.44721425, 44.26407504], [8.44642496, 44.26405835], [8.44591451, 44.26409316], [8.44567704, 44.26401472], [8.44555581, 44.26382935], [8.44538164, 44.26368427], [8.44514215, 44.26372135], [8.44494641, 44.26405203], [8.44481885, 44.26461935], [8.44469512, 44.26513863], [8.44385326, 44.26493883], [8.44338262, 44.26496756], [8.44307113, 44.26519692], [8.44321835, 44.26557255], [8.44390023, 44.26598251], [8.44477797, 44.26624715], [8.44553196, 44.26641393], [8.44621825, 44.26652348], [8.44690788, 44.26664031], [8.44758618, 44.26679265], [8.44794297, 44.26711571], [8.44786775, 44.267609], [8.44742012, 44.26799655], [8.44683146, 44.26809168], [8.44628716, 44.26796341], [8.44568193, 44.26772976], [8.44483733, 44.26743424], [8.44386566, 44.26720595], [8.44313765, 44.26706827], [8.44264293, 44.26710415], [8.44228327, 44.26734471], [8.44205356, 44.26770544], [8.44185567, 44.26821244], [8.44166768, 44.26886487], [8.44142795, 44.26946116], [8.44134307, 44.26947474], [8.44107533, 44.27038133], [8.44086385, 44.27152884], [8.44070411, 44.27271187], [8.44070816, 44.27390146], [8.44087136, 44.27465475], [8.44106376, 44.27505672], [8.44126582, 44.27536845], [8.44144893, 44.27572095], [8.44169891, 44.2760874], [8.44208038, 44.27651918], [8.44263351, 44.27704823], [8.44311428, 44.27755511], [8.44352531, 44.27805376], [8.44379866, 44.27851057], [8.44403446, 44.27888048], [8.4443078, 44.27923155], [8.44469047, 44.27963412], [8.44506943, 44.28008521], [8.44545424, 44.28063536], [8.44557345, 44.28088176], [8.4457345, 44.28121376], [8.44598293, 44.28166687], [8.44625902, 44.2820487], [8.44661045, 44.28243935], [8.44689298, 44.28280711], [8.44757044, 44.28332055], [8.44780874, 44.28370452], [8.44803655, 44.28410482], [8.44807827, 44.28445232], [8.44811344, 44.28475237], [8.44827294, 44.28503895], [8.4485265, 44.28531826], [8.44888997, 44.28556311], [8.44923914, 44.28574145], [8.44952822, 44.28601527], [8.44988537, 44.28650475], [8.45037985, 44.28707385], [8.45073772, 44.28746724], [8.45099735, 44.28765237], [8.45123541, 44.28774035], [8.45140958, 44.28785825], [8.45154512, 44.28802371], [8.45176446, 44.28818166], [8.45210743, 44.28835821], [8.45246542, 44.28861296], [8.45271027, 44.28885436], [8.45292675, 44.28901005], [8.45315337, 44.28912723], [8.45332527, 44.28932393], [8.45349002, 44.28960848], [8.45383585, 44.28985357], [8.45442975, 44.2901175], [8.45502126, 44.29047847], [8.45536315, 44.29078901], [8.45566285, 44.29101276], [8.45622003, 44.29127085], [8.45711482, 44.29163134], [8.45803785, 44.29189682], [8.45867622, 44.29206514], [8.45904255, 44.29216921], [8.45923138, 44.29231143], [8.45936584, 44.29253507], [8.45956755, 44.29283202], [8.45984221, 44.29319632], [8.46019185, 44.29359436], [8.46045315, 44.29389846], [8.46068907, 44.29406035], [8.46096814, 44.29413474], [8.46391702, 44.29600096], [8.46460712, 44.29608345], [8.46499956, 44.29622471], [8.46519685, 44.29640675], [8.46546447, 44.29655015], [8.46587837, 44.29664147], [8.46628106, 44.29672945], [8.4662466, 44.29687238], [8.46712172, 44.296875], [8.46699405, 44.297297], [8.46771955, 44.29739845], [8.46856594, 44.29750454], [8.46922004, 44.29764163], [8.46966243, 44.29777622], [8.47003424, 44.29792297], [8.47048604, 44.29805803], [8.47116268, 44.29820323], [8.47203136, 44.2983371], [8.47270775, 44.29848194], [8.47318578, 44.29861581], [8.47365725, 44.29876113], [8.47426903, 44.29889607], [8.47504282, 44.29904354], [8.47594285, 44.29917836], [8.47663903, 44.29931462], [8.47715545, 44.2994132], [8.47764397, 44.29976475], [8.47901118, 44.30074906], [8.47939897, 44.30085278], [8.47978294, 44.30098951], [8.48016036, 44.30112457], [8.48054361, 44.30127096], [8.48097861, 44.30140126], [8.48154402, 44.30153692], [8.48223364, 44.30166662], [8.48286772, 44.30185056], [8.48359156, 44.30212748], [8.48459935, 44.30250585], [8.48565996, 44.30277836], [8.48638797, 44.30295181], [8.48684895, 44.30306995], [8.48725104, 44.30322278], [8.48773241, 44.30347824], [8.48829174, 44.30389655], [8.48879957, 44.30435503], [8.48935235, 44.30476105], [8.48987377, 44.30500782], [8.49046373, 44.30521917], [8.49129605, 44.30554152], [8.49229205, 44.30604315], [8.49316835, 44.30651391], [8.49401081, 44.30701482], [8.4940052, 44.30734336], [8.49426246, 44.30742502], [8.49452186, 44.30751348], [8.49474168, 44.30767417], [8.49498355, 44.30792296], [8.49534261, 44.30817842], [8.49569118, 44.30835056], [8.49591374, 44.30850983], [8.49602675, 44.30870557], [8.49862051, 44.31071115], [8.49872506, 44.31091225], [8.49896204, 44.31107914], [8.49939465, 44.31126535], [8.49993634, 44.31150568], [8.50035787, 44.31169021], [8.50058055, 44.31185365], [8.50070274, 44.31202996], [8.50091207, 44.31219268], [8.50130916, 44.31237638], [8.50184345, 44.31261837], [8.50238144, 44.31281197], [8.5029819, 44.31300128], [8.50370932, 44.31325912], [8.50432122, 44.31365275], [8.50438821, 44.31404448], [8.50377226, 44.31434453], [8.50266886, 44.31452644], [8.50043166, 44.31312001], [8.50016081, 44.31304216], [8.49988413, 44.31284583], [8.49944842, 44.31245732], [8.49877346, 44.31196606], [8.49822974, 44.31162822], [8.49791634, 44.31136703], [8.49767566, 44.31110346], [8.49738336, 44.31102347], [8.4972105, 44.31149554], [8.49730814, 44.31247425], [8.49764693, 44.31330764], [8.49802697, 44.3137958], [8.49850655, 44.31410635], [8.49907637, 44.31443083], [8.4996134, 44.31494856], [8.49982142, 44.315503], [8.49968553, 44.31579995], [8.49932015, 44.3158164], [8.49881351, 44.31567907], [8.49821413, 44.31551886], [8.49761856, 44.31535602], [8.49703908, 44.31521666], [8.49655068, 44.315081], [8.49612641, 44.31498134], [8.49527836, 44.31452966], [8.49479556, 44.31441593], [8.49444938, 44.31416583], [8.49409986, 44.31372583], [8.49358392, 44.31327105], [8.49307835, 44.31299198], [8.49264491, 44.31282735], [8.49224544, 44.31271601], [8.49184251, 44.31257546], [8.49143112, 44.31236601], [8.49106705, 44.31201303], [8.49082577, 44.31161785], [8.49059725, 44.31138456], [8.49034405, 44.31142211], [8.49018145, 44.31177402], [8.49019575, 44.31236732], [8.49035144, 44.31285226], [8.49053896, 44.31318986], [8.49082005, 44.31351721], [8.49129057, 44.31399906], [8.49200797, 44.31464946], [8.49267948, 44.31522715], [8.49340391, 44.315678], [8.49413943, 44.31597614], [8.49482906, 44.31625247], [8.49479604, 44.31683242], [8.49508035, 44.31691325], [8.49533117, 44.31699586], [8.49541056, 44.31713915], [8.49526787, 44.31736493], [8.49505854, 44.31764352], [8.49492264, 44.31796324], [8.49509776, 44.31833351], [8.49559164, 44.31870985], [8.49602365, 44.31894076], [8.49619424, 44.31911397], [8.49619544, 44.31933427], [8.49629962, 44.31962276], [8.49654186, 44.31998026], [8.49688876, 44.32036996], [8.49715602, 44.32066417], [8.49741387, 44.32083786], [8.497756, 44.32099295], [8.49813962, 44.32125664], [8.49849737, 44.32161474], [8.49890125, 44.32203996], [8.49927676, 44.32248223], [8.49966085, 44.32296467], [8.49995756, 44.32343614], [8.50024164, 44.32384527], [8.50035512, 44.32417226], [8.50056303, 44.32435822], [8.500615, 44.32454431], [8.50275266, 44.32611811], [8.50327206, 44.3263272], [8.50382256, 44.32658458], [8.50434864, 44.32678497], [8.50493515, 44.32694411], [8.50563765, 44.32707393], [8.50632811, 44.32723296], [8.50715363, 44.32743371], [8.50827444, 44.32769024], [8.50893581, 44.32779241], [8.50958896, 44.32789326], [8.51060534, 44.32807732], [8.51148236, 44.32828045], [8.51250541, 44.32853746], [8.51366365, 44.32874012], [8.51455843, 44.32890284], [8.51520705, 44.32903266], [8.51567638, 44.32917213], [8.51606297, 44.32931256], [8.51643097, 44.32948732], [8.52255607, 44.32948685], [8.52269316, 44.32970595], [8.52309704, 44.32996845], [8.52417362, 44.33025014], [8.52581954, 44.33050525], [8.52712226, 44.33077145], [8.52798522, 44.33096945], [8.53038502, 44.33282781], [8.53083074, 44.33293045], [8.53142715, 44.33308566], [8.53228283, 44.33328927], [8.53329945, 44.33354831], [8.53444254, 44.33375275], [8.53566766, 44.33393955], [8.53711784, 44.33414912], [8.53844392, 44.33441126], [8.5395292, 44.33459485], [8.54021478, 44.33467054], [8.54065013, 44.33463371], [8.54104102, 44.33463192], [8.54149032, 44.33471167], [8.54196155, 44.33480418], [8.54230165, 44.33497155], [8.5425837, 44.33531284], [8.5429213, 44.33590436], [8.54319274, 44.33668363], [8.54344547, 44.33749795], [8.54372644, 44.33836555], [8.54408061, 44.33904886], [8.54436445, 44.33953595], [8.54605818, 44.34080744], [8.54654455, 44.34120405], [8.54729915, 44.34159195], [8.54816008, 44.34188986], [8.54883075, 44.34222496], [8.54933512, 44.34266484], [8.54983866, 44.3431766], [8.55016863, 44.34354854], [8.55042303, 44.34373665], [8.55073357, 44.34384465], [8.55110288, 44.34396505], [8.55149603, 44.34409881], [8.55189335, 44.34427512], [8.55651557, 44.34435725], [8.55701935, 44.34447145], [8.55761504, 44.34452558], [8.55835843, 44.34463418], [8.55937672, 44.34492302], [8.5605098, 44.34517717], [8.56153464, 44.34535921], [8.56257224, 44.3454833], [8.56355703, 44.34562004], [8.56452107, 44.34581065], [8.56517386, 44.34614921], [8.56547403, 44.34661293], [8.56563663, 44.34711123], [8.56578624, 44.3475914], [8.56611013, 44.34788275], [8.56669045, 44.34806335], [8.56735015, 44.3482877], [8.5679152, 44.34863186], [8.56838095, 44.34936428], [8.56876016, 44.35046756], [8.56905484, 44.35141385], [8.56895244, 44.35206425], [8.56837964, 44.35237503], [8.56766784, 44.35231447], [8.56702816, 44.35214007], [8.5663594, 44.35284925], [8.56659567, 44.35381114], [8.56710506, 44.35429084], [8.56791282, 44.35434687], [8.56859911, 44.35426497], [8.56909788, 44.35429335], [8.56951511, 44.35444307], [8.56987464, 44.35472047], [8.57012153, 44.35502934], [8.57033014, 44.35532665], [8.57051051, 44.35561216], [8.57070756, 44.35589457], [8.57088542, 44.35617626], [8.57106364, 44.35644436], [8.57121611, 44.35667145], [8.57144284, 44.35684454], [8.57182622, 44.3570286], [8.57233977, 44.35727346], [8.5729357, 44.35747492], [8.57383096, 44.3576349], [8.5751549, 44.35776556], [8.57654226, 44.35792482], [8.57798731, 44.35812521], [8.57914746, 44.3583827], [8.58007705, 44.35858917], [8.58006525, 44.35872698], [8.58020782, 44.35892665], [8.58050466, 44.35903692], [8.58098292, 44.35902727], [8.58148718, 44.35897934], [8.58201063, 44.35903168], [8.58259642, 44.35915017], [8.58318734, 44.35931385], [8.58377266, 44.35947156], [8.58424747, 44.35960007], [8.58457792, 44.35959518], [8.58477128, 44.35939372], [8.58492804, 44.35907745], [8.5852102, 44.35886645], [8.58560514, 44.35884035], [8.58588445, 44.35897327], [8.58605945, 44.35916877], [8.58633924, 44.35933065], [8.58683932, 44.35945785], [8.58750486, 44.35960364], [8.58836246, 44.35973942], [8.58934844, 44.35985625], [8.59043515, 44.35985613], [8.59122658, 44.35974908], [8.59177625, 44.35963702], [8.59197855, 44.35990477], [8.59245372, 44.36000252], [8.59304178, 44.36013305], [8.5937494, 44.3602637], [8.59435666, 44.36042583], [8.59489477, 44.36063004], [8.59546113, 44.36091101], [8.59601867, 44.36118495], [8.59657621, 44.36146176], [8.59710813, 44.36166346], [8.59774864, 44.36184228], [8.59859133, 44.36203825], [8.59941745, 44.36228001], [8.60003185, 44.36246073], [8.60036433, 44.36264515], [8.60062802, 44.36289263], [8.60110426, 44.36317313], [8.60178041, 44.36343014], [8.60244155, 44.36369145], [8.6028831, 44.36387205], [8.60308695, 44.36402261], [8.60318828, 44.36418486], [8.60341215, 44.36435556], [8.60392606, 44.36462772], [8.60472596, 44.36509717], [8.60515785, 44.36526144], [8.60613203, 44.36544192], [8.60722208, 44.36558473], [8.60807896, 44.36572874], [8.60872614, 44.36586046], [8.60926831, 44.36600494], [8.60986066, 44.36613905], [8.61061335, 44.36628366], [8.61166716, 44.36641395], [8.61294234, 44.36654973], [8.61439455, 44.36667514], [8.61543012, 44.36684442], [8.61609435, 44.36709595], [8.61654711, 44.3674854], [8.6166532, 44.36786115], [8.61655235, 44.36818743], [8.61659503, 44.36848974], [8.61690736, 44.36875236], [8.61732936, 44.36893535], [8.61775231, 44.36908495], [8.618155, 44.36921394], [8.61854613, 44.36935687], [8.61893415, 44.3694905], [8.61932266, 44.36962664], [8.61971176, 44.36972797], [8.62029672, 44.36994135], [8.62099075, 44.37002325], [8.62138891, 44.37016273], [8.62159514, 44.37034106], [8.62186706, 44.3704828], [8.62224758, 44.37058735], [8.62252557, 44.37072647], [8.62271535, 44.37090325], [8.62301481, 44.37105215], [8.62349057, 44.37117195], [8.62397671, 44.37130845], [8.62441194, 44.37143755], [8.62479794, 44.37157357], [8.62510765, 44.37169135], [8.62530232, 44.37183475], [8.62543845, 44.37200725], [8.62565005, 44.37216151], [8.62596166, 44.37233257], [8.62624645, 44.37260997], [8.62642491, 44.37292326], [8.62670052, 44.37318826], [8.62700677, 44.37335014], [8.62725651, 44.37352383], [8.62753785, 44.3738178], [8.62797606, 44.37423074], [8.62813842, 44.37488723], [8.62836635, 44.37513578], [8.62854016, 44.37533224], [8.62874043, 44.37545741], [8.62898684, 44.37563968], [8.62922156, 44.37615311], [8.62948477, 44.37702477], [8.62982166, 44.37777305], [8.63006604, 44.37827611], [8.63026011, 44.37871361], [8.63054323, 44.37915063], [8.63123572, 44.37939501], [8.63236117, 44.3794167], [8.63329351, 44.37936115], [8.63402605, 44.37939918], [8.63474011, 44.37950206], [8.63531733, 44.37966526], [8.63577068, 44.37986362], [8.6361258, 44.38013232], [8.63634825, 44.38037956], [8.63655615, 44.38053298], [8.63679457, 44.38062835], [8.63699543, 44.38076556], [8.63717103, 44.38099062], [8.63740027, 44.38125718], [8.63734198, 44.38150406], [8.63715267, 44.38198495], [8.63713968, 44.38252223], [8.63732314, 44.38302267], [8.63762105, 44.38351941], [8.63802922, 44.38400662], [8.63841724, 44.38444507], [8.63879454, 44.38485122], [8.63905108, 44.38514614], [8.63927925, 44.38530326], [8.63955355, 44.38537145], [8.64147723, 44.38668656], [8.64195645, 44.38679028], [8.64254952, 44.38692701], [8.64325571, 44.38706207], [8.64383411, 44.38720846], [8.64428997, 44.38733876], [8.64475656, 44.38747454], [8.64531696, 44.38760388], [8.64595306, 44.38778746], [8.64673078, 44.38806403], [8.64754415, 44.38844264], [8.64815462, 44.3887192], [8.64859295, 44.38890266], [8.64896822, 44.38903224], [8.64933205, 44.38916731], [8.64969254, 44.38929605], [8.65006244, 44.38944137], [8.65051401, 44.38958085], [8.65119362, 44.38973308], [8.65146554, 44.38975334], [8.65215051, 44.38987172], [8.65312946, 44.38997185], [8.65408146, 44.38995743], [8.6547811, 44.38988388], [8.65533555, 44.38995314], [8.65591931, 44.39021957], [8.65634966, 44.39034593], [8.65673935, 44.39006686], [8.66109002, 44.39019334], [8.66168225, 44.39047492], [8.66218925, 44.39055097], [8.66269314, 44.39045084], [8.66329074, 44.39029765], [8.66396165, 44.39012587], [8.66468108, 44.38997686], [8.66525412, 44.38985884], [8.66576076, 44.38985467], [8.66642368, 44.38996983], [8.66729915, 44.39011025], [8.66810214, 44.39028502], [8.66888845, 44.39049435], [8.66972983, 44.39075685], [8.67054546, 44.39096165], [8.67113733, 44.39112544], [8.67157173, 44.39125705], [8.67201376, 44.39139736], [8.67258346, 44.39152884], [8.67333984, 44.39167357], [8.67442191, 44.39180875], [8.67578781, 44.39195645], [8.67740452, 44.39209127], [8.67860484, 44.39222765], [8.67949414, 44.39232862], [8.67985463, 44.39253724], [8.68035006, 44.39260805], [8.68066156, 44.39275455], [8.68083978, 44.39298511], [8.68101144, 44.39326096], [8.68117404, 44.3935492], [8.68137455, 44.39384222], [8.68162727, 44.39414203], [8.68202865, 44.39442861], [8.68254316, 44.39468348], [8.68312323, 44.39494657], [8.68366945, 44.39514518], [8.68558145, 44.39648426], [8.68636096, 44.39648426], [8.68862891, 44.39815724], [8.68823922, 44.39902318], [8.68768966, 44.39964235], [8.68712115, 44.39998508], [8.68655705, 44.40025723], [8.68655574, 44.40275967], [8.68924356, 44.40471315], [8.68938601, 44.40498841], [8.68957603, 44.40526962], [8.68975747, 44.40557253], [8.68994415, 44.40591288], [8.69010985, 44.40625417], [8.69034493, 44.40648675], [8.69068944, 44.40667725], [8.6910392, 44.40692568], [8.69127095, 44.40716517], [8.69149315, 44.40732634], [8.69180715, 44.40744197], [8.69221735, 44.40759265], [8.69271707, 44.40778816], [8.6932497, 44.40803587], [8.69363761, 44.4082247], [8.69387543, 44.4084115], [8.69420052, 44.40865517], [8.69492793, 44.40891325], [8.69595528, 44.40909958], [8.69677091, 44.40927494], [8.69749248, 44.40947521], [8.69849694, 44.40972364], [8.69975924, 44.40990162], [8.70080233, 44.41003251], [8.70058715, 44.41029573], [8.70232856, 44.41151047], [8.70271695, 44.41161287], [8.70313501, 44.41176891], [8.70362604, 44.41197515], [8.70418024, 44.41223907], [8.70466554, 44.41244543], [8.70506203, 44.41261005], [8.70540774, 44.41274166], [8.70577264, 44.41288221], [8.70632315, 44.41301417], [8.70731676, 44.41315925], [8.70869422, 44.41329122], [8.70967138, 44.41342771], [8.71014345, 44.41354406], [8.71032393, 44.41369188], [8.71044385, 44.41386116], [8.7107048, 44.41399407], [8.71110022, 44.41411936], [8.71141624, 44.41435862], [8.71168137, 44.41472757], [8.71204436, 44.41502297], [8.71245384, 44.41509295], [8.71286011, 44.41501403], [8.71325564, 44.41499937], [8.71364641, 44.41510296], [8.71474397, 44.41508293], [8.71518493, 44.41498721], [8.7157706, 44.41505086], [8.71661067, 44.41527545], [8.71750534, 44.41547322], [8.71801901, 44.41565263], [8.71824098, 44.41584075], [8.71850801, 44.41599774], [8.71897626, 44.41611493], [8.71955705, 44.41619575], [8.72024333, 44.41613197], [8.72098947, 44.41597748], [8.72178376, 44.41595292], [8.7225883, 44.41603005], [8.72306216, 44.41618836], [8.72334075, 44.41637957], [8.72382152, 44.41653347], [8.72460401, 44.41665184], [8.72527528, 44.41678226], [8.72575641, 44.4169023], [8.72615433, 44.41704905], [8.72654498, 44.41722715], [8.72693062, 44.41751134], [8.72730231, 44.41788638], [8.72778141, 44.41833901], [8.72808301, 44.41881704], [8.72894263, 44.41934276], [8.72947431, 44.41966665], [8.72978926, 44.41997921], [8.73030591, 44.42047346], [8.73136985, 44.42102551], [8.7326256, 44.42137384], [8.73347592, 44.42156422], [8.73395145, 44.42168331], [8.73430014, 44.42181003], [8.73473167, 44.42193842], [8.73543143, 44.42209935], [8.73641324, 44.42227912], [8.73728633, 44.42247343], [8.73788893, 44.42260897], [8.73828578, 44.42282844], [8.73851633, 44.42313528], [8.73869574, 44.42348576], [8.73884165, 44.42382085], [8.73902905, 44.42402506], [8.73926711, 44.42418015], [8.7395122, 44.42450166], [8.73985517, 44.4250499], [8.74039197, 44.42552936], [8.74089384, 44.42569816], [8.74123907, 44.4256705], [8.74142623, 44.42570794], [8.74159634, 44.42585075], [8.74200344, 44.42601871], [8.74271774, 44.42621613], [8.74310875, 44.42635608], [8.74343896, 44.42647445], [8.74405146, 44.42667901], [8.74477863, 44.42683494], [8.74579322, 44.42693555], [8.74640346, 44.42720294], [8.74739087, 44.42710483], [8.74839365, 44.42696965], [8.74949205, 44.42683697], [8.75035405, 44.42669082], [8.75100505, 44.42654681], [8.7515254, 44.42636585], [8.75518942, 44.42625356], [8.75578427, 44.42621076], [8.75668192, 44.4262892], [8.75793815, 44.42642558], [8.75903142, 44.42654502], [8.75990105, 44.42649555], [8.76047015, 44.42624438], [8.76081634, 44.42591405], [8.76117575, 44.42561877], [8.76156366, 44.42542624], [8.76195765, 44.42527604], [8.76237524, 44.42515194], [8.76285922, 44.42501712], [8.76340747, 44.42488706], [8.76391625, 44.42472351], [8.76441574, 44.42451978], [8.76495326, 44.4242599], [8.76548755, 44.42404771], [8.76612627, 44.42386127], [8.76693165, 44.42367816], [8.76766086, 44.42350984], [8.76818562, 44.42347395], [8.76863515, 44.42344403], [8.76921391, 44.42334867], [8.77001202, 44.4232558], [8.77046287, 44.42301762], [8.77099895, 44.42291975], [8.77168667, 44.42279267], [8.77247822, 44.42267478], [8.77296364, 44.42253113], [8.77319932, 44.42237175], [8.77595365, 44.42034245], [8.78896022, 44.41812205], [8.7890625, 44.41824782], [8.7896471, 44.41824782], [8.79650366, 44.41712367], [8.79776561, 44.42175865], [8.7890625, 44.42327011], [8.77856815, 44.42484856], [8.77667534, 44.42626464], [8.78898835, 44.42469466], [8.7890625, 44.42466521], [8.7890625, 44.42438614], [8.79042661, 44.42438614], [8.79370987, 44.42420483], [8.79614353, 44.42433345], [8.80631316, 44.42288816], [8.80678582, 44.42275405], [8.80768788, 44.42267406], [8.8085947, 44.42296076], [8.81023276, 44.42306733], [8.81154644, 44.42320895], [8.81267154, 44.42333984], [8.81340158, 44.42344666], [8.81386423, 44.42347741], [8.8143177, 44.4235177], [8.81491923, 44.42370033], [8.81567502, 44.42389452], [8.81666386, 44.42403281], [8.81792974, 44.42403531], [8.81904674, 44.42390513], [8.82316256, 44.42379236], [8.82354307, 44.42364085], [8.82393527, 44.42352223], [8.82437193, 44.42336154], [8.82489145, 44.42305315], [8.82552588, 44.42227364], [8.82606673, 44.42002046], [8.82786942, 44.41847563], [8.82842255, 44.41856563], [8.82669771, 44.42008495], [8.82714832, 44.42085743], [8.82669771, 44.42368984], [8.83003235, 44.42388284], [8.83066344, 44.42317486], [8.83237577, 44.42323923], [8.83381796, 44.42368984], [8.83787382, 44.42291725], [8.83670211, 44.42240226], [8.83724284, 44.42105055], [8.84066784, 44.42066431], [8.84138894, 44.42175865], [8.84391034, 44.42108464], [8.84458947, 44.42020476], [8.84516501, 44.41926932], [8.84568822, 44.41839075], [8.84588432, 44.41767204], [8.84575546, 44.41713798], [8.84544873, 44.41670096], [8.84494364, 44.4164201], [8.84434915, 44.41635537], [8.84256053, 44.41512823], [8.83913565, 44.41493511], [8.83453894, 44.41583633], [8.83426845, 44.41551435], [8.82255173, 44.41757441], [8.82147014, 44.4144845], [8.87076914, 44.40495718], [8.87344921, 44.40677476], [8.87379611, 44.40714514], [8.87405062, 44.40741241], [8.87429345, 44.40757358], [8.87463284, 44.4078021], [8.87507284, 44.40834415], [8.87561214, 44.40916705], [8.87627447, 44.40981662], [8.87667155, 44.40987194], [8.87645495, 44.40877986], [8.87554586, 44.40560102], [8.88329625, 44.40424907], [8.88302577, 44.40766084], [8.88446784, 44.40740335], [8.88509858, 44.40392733], [8.88739622, 44.40348446], [8.88663065, 44.40701723], [8.88834298, 44.40656662], [8.88924432, 44.40315485], [8.89127207, 44.40275764], [8.89077628, 44.40630913], [8.89275885, 44.40611601], [8.89329958, 44.40238226], [8.89521801, 44.40199697], [8.89456141, 44.40560102], [8.89627373, 44.40527916], [8.89766967, 44.40150464], [8.89791822, 44.40148783], [8.89840484, 44.40201986], [8.89874113, 44.4025737], [8.89902973, 44.40313983], [8.89936411, 44.40345204], [8.89977741, 44.40345478], [8.90008128, 44.40317404], [8.90027273, 44.40267491], [8.90044534, 44.40216422], [8.90057135, 44.40165305], [8.90141177, 44.40097535], [8.90194094, 44.40087616], [8.90264773, 44.40074027], [8.90353143, 44.40060866], [8.90420186, 44.40047002], [8.90458035, 44.40034473], [8.90475345, 44.40018225], [8.90490294, 44.39999056], [8.90528774, 44.39987516], [8.90598965, 44.39993513], [8.90676534, 44.40015101], [8.90682816, 44.40289128], [8.90730202, 44.40313363], [8.90767574, 44.40312362], [8.90794265, 44.40270448], [8.90820193, 44.40190375], [8.90848386, 44.40113938], [8.90854466, 44.40057898], [8.90842354, 44.4002192], [8.90843725, 44.39998245], [8.90879893, 44.39982295], [8.90945244, 44.39967692], [8.91001856, 44.39955032], [8.91036892, 44.39965606], [8.90943122, 44.40257537], [8.91447783, 44.40167415], [8.91501856, 44.39845562], [8.91637015, 44.39845562], [8.91628015, 44.40090168], [8.91745174, 44.40109491], [8.91846287, 44.40378034], [8.91809034, 44.40401137], [8.91759765, 44.40412605], [8.91712487, 44.40424204], [8.9167155, 44.40436125], [8.91633844, 44.40449977], [8.91593826, 44.40463102], [8.9154278, 44.40478945], [8.91474807, 44.40444231], [8.91231501, 44.40502155], [8.91195452, 44.40663087], [8.90997195, 44.40701723], [8.91024232, 44.40766084], [8.91267538, 44.40727472], [8.91321611, 44.40817594], [8.91233385, 44.40835011], [8.91195452, 44.40907705], [8.91026843, 44.40952921], [8.90988183, 44.40997827], [8.91396415, 44.41002405], [8.91353977, 44.41029024], [8.91315365, 44.41071475], [8.9127928, 44.41139293], [8.91265965, 44.41214514], [8.91278696, 44.41253543], [8.91309917, 44.41257715], [8.91357124, 44.41253376], [8.91432762, 44.41250217], [8.91510928, 44.41126585], [8.91592026, 44.41087961], [8.91654456, 44.41297591], [8.91737235, 44.41312253], [8.91793275, 44.41303647], [8.91763246, 44.41068637], [8.91823554, 44.41039932], [8.91897392, 44.41264665], [8.91947591, 44.412485], [8.91987133, 44.41218996], [8.92011976, 44.41176677], [8.91970265, 44.41137815], [8.92057025, 44.41088963], [8.9213078, 44.41040206], [8.92172897, 44.40979004], [8.92145443, 44.40927434], [8.92081833, 44.40901375], [8.92020321, 44.40885615], [8.91968966, 44.40856886], [8.91935134, 44.40787482], [8.91941166, 44.4068588], [8.91993785, 44.40614414], [8.92069626, 44.40583324], [8.92134881, 44.40566838], [8.92193186, 44.40553582], [8.92257857, 44.40544713], [8.92321777, 44.40552664], [8.92373276, 44.40558755], [8.92415214, 44.40559435], [8.92451835, 44.40564525], [8.92481554, 44.4056437], [8.92502117, 44.40552056], [8.92523491, 44.40527832], [8.92562175, 44.40498626], [8.92619193, 44.40467107], [8.92693102, 44.40424395], [8.92715275, 44.40356076], [8.92737675, 44.40328467], [8.92738605, 44.40310204], [8.92704666, 44.40311682], [8.92635751, 44.40330172], [8.92560935, 44.40337265], [8.92517316, 44.40321136], [8.92498815, 44.40291333], [8.92480516, 44.40267944], [8.92450941, 44.40253627], [8.92413485, 44.40241051], [8.92373025, 44.4023025], [8.92331338, 44.40216684], [8.92289293, 44.4019562], [8.92252076, 44.40153766], [8.92227173, 44.40092194], [8.92540705, 44.39901864], [8.92730212, 44.39893341], [8.92840636, 44.39881504], [8.92887354, 44.39868283], [8.92905927, 44.39846325], [8.92918336, 44.39811444], [8.92927396, 44.39773464], [8.9291054, 44.39733005], [8.92861152, 44.39693415], [8.92805028, 44.39668202], [8.927477, 44.39655983], [8.92687225, 44.39657807], [8.92638755, 44.39664292], [8.92620397, 44.3965497], [8.92659688, 44.39624548], [8.92782176, 44.39585912], [8.92950225, 44.39558685], [8.93064582, 44.39540553], [8.93122423, 44.3952862], [8.93158603, 44.39519811], [8.93196285, 44.39517164], [8.93244767, 44.39508891], [8.93299031, 44.3947885], [8.93341804, 44.39439654], [8.93383765, 44.39398074], [8.9340415, 44.39400303], [8.93530166, 44.39419603], [8.93675292, 44.39434803], [8.93790436, 44.39446068], [8.93881202, 44.3944509], [8.93957436, 44.39432335], [8.94030452, 44.39418995], [8.94086576, 44.39411545], [8.94127655, 44.39417577], [8.94162142, 44.39430344], [8.94198024, 44.39446855], [8.94249105, 44.39461875], [8.94336736, 44.39473855], [8.94458306, 44.39474094], [8.94555831, 44.39462495], [8.94629908, 44.39448512], [8.94700515, 44.39430976], [8.94781888, 44.39410841], [8.94853735, 44.39387345], [8.94899917, 44.39371085], [8.94926155, 44.39352691], [8.94950175, 44.39316416], [8.94982302, 44.39251554], [8.95006371, 44.39170873], [8.95024991, 44.3910439], [8.95040536, 44.39111626], [8.95110321, 44.39107335], [8.95219302, 44.39110732], [8.95367396, 44.39109445], [8.95473242, 44.39098501], [8.95546842, 44.39084518], [8.95643461, 44.39068282], [8.95775938, 44.39053667], [8.95873106, 44.39041853], [8.95928228, 44.3904109], [8.9596287, 44.39051676], [8.95987356, 44.39064634], [8.96006131, 44.39083445], [8.96038604, 44.3910979], [8.96114206, 44.39133465], [8.9622364, 44.39138711], [8.96313596, 44.39128375], [8.96378016, 44.39114332], [8.96423137, 44.39099765], [8.96466446, 44.39086461], [8.96531534, 44.39066315], [8.96631587, 44.39032137], [8.96738768, 44.38983071], [8.96814203, 44.389467], [8.96866465, 44.38918984], [8.97199273, 44.38915384], [8.97267687, 44.38902688], [8.97340691, 44.38902712], [8.97398603, 44.38915396], [8.9744215, 44.38930571], [8.97480226, 44.38943064], [8.97517872, 44.38942802], [8.97556245, 44.38930261], [8.97595048, 44.38916886], [8.97633755, 44.38909197], [8.97672141, 44.38914442], [8.97710848, 44.38926816], [8.97752476, 44.38944173], [8.97801101, 44.38965178], [8.97855735, 44.38991225], [8.97904277, 44.39012015], [8.97948313, 44.39031303], [8.97996235, 44.39051998], [8.98050547, 44.39073873], [8.98102021, 44.39079976], [8.98153985, 44.39073205], [8.98209393, 44.39072168], [8.98256695, 44.39081526], [8.98292971, 44.3909235], [8.98320985, 44.39103735], [8.98314226, 44.3917253], [8.98367333, 44.3919034], [8.98426866, 44.39187026], [8.98504794, 44.39162981], [8.98593414, 44.39134944], [8.98668206, 44.39106953], [8.98726594, 44.39086735], [8.98794985, 44.39064932], [8.98894334, 44.39030647], [8.99000096, 44.38981664], [8.99072814, 44.38947034], [8.99119306, 44.38926756], [8.99162161, 44.38914454], [8.99216998, 44.38902783], [8.99279594, 44.38891983], [8.99321461, 44.38875663], [8.99349666, 44.38851738], [8.99385607, 44.38825154], [8.99427545, 44.38800991], [8.99470067, 44.38769615], [8.99513185, 44.38730645], [8.99568081, 44.38690746], [8.99619067, 44.38664877], [8.99662113, 44.38648796], [8.99701512, 44.38639677], [8.99777842, 44.38587916], [9.00116205, 44.38585222], [9.00197411, 44.38567412], [9.00293505, 44.38553131], [9.00389624, 44.38538706], [9.00491846, 44.38525557], [9.00588965, 44.38511205], [9.00685501, 44.38497877], [9.00761855, 44.38483322], [9.00821781, 44.38469446], [9.00868154, 44.38453841], [9.00912213, 44.38439476], [9.00967956, 44.38427675], [9.01037395, 44.38428795], [9.01102185, 44.38442564], [9.01172852, 44.38458586], [9.01272655, 44.38468373], [9.0141834, 44.38454688], [9.01570904, 44.38416135], [9.01721025, 44.38373566], [9.01872814, 44.38331485], [9.02028012, 44.38304567], [9.02167726, 44.38285756], [9.02312076, 44.38265133], [9.02441835, 44.38233328], [9.02797496, 44.38222492], [9.02923691, 44.38204694], [9.03068531, 44.38190413], [9.03182077, 44.38176], [9.03269315, 44.38162827], [9.03343308, 44.38148427], [9.03428197, 44.38135064], [9.03533173, 44.38120544], [9.03661394, 44.38107133], [9.03768063, 44.38092613], [9.03856516, 44.38079226], [9.03932774, 44.38064837], [9.04008615, 44.38051665], [9.04074812, 44.38037264], [9.04134607, 44.38022983], [9.04187155, 44.38005185], [9.0458858, 44.37994266], [9.04621983, 44.37978315], [9.04677665, 44.3797034], [9.04711056, 44.37954402], [9.05195773, 44.37943447], [9.05233753, 44.37925744], [9.05271387, 44.37910831], [9.05310023, 44.37894881], [9.05354691, 44.37880313], [9.05413187, 44.37869573], [9.05482185, 44.37876105], [9.05535054, 44.37901318], [9.05581391, 44.37928557], [9.05674732, 44.37942076], [9.05828273, 44.37933588], [9.05953574, 44.37907195], [9.06031191, 44.37878144], [9.06087434, 44.37848938], [9.06134391, 44.3782829], [9.06183088, 44.37812364], [9.06237125, 44.37799525], [9.06284797, 44.37785542], [9.06324995, 44.3777194], [9.06363094, 44.37756455], [9.06406713, 44.37742281], [9.06465006, 44.37730801], [9.06536245, 44.37730861], [9.06595826, 44.37741578], [9.06643844, 44.37752581], [9.06667638, 44.37727106], [9.06733966, 44.37704933], [9.06811964, 44.37680805], [9.06882656, 44.37673604], [9.06905484, 44.37686563], [9.06878972, 44.37709355], [9.06840873, 44.37727034], [9.06824267, 44.37740087], [9.06844807, 44.37747586], [9.06896126, 44.37744284], [9.06956434, 44.37731886], [9.07016444, 44.37717617], [9.07065988, 44.37702274], [9.07107151, 44.37688565], [9.07145405, 44.37674034], [9.07183576, 44.37660682], [9.07222247, 44.37646186], [9.07261145, 44.37632787], [9.07299852, 44.37618291], [9.07338154, 44.37604904], [9.07376695, 44.37590516], [9.07417965, 44.37577343], [9.07466412, 44.37562931], [9.07522392, 44.37548637], [9.07576084, 44.37530851], [9.0759536, 44.37527192], [9.07697666, 44.37504613], [9.07817638, 44.37481916], [9.07920158, 44.3745867], [9.07993257, 44.37452996], [9.08042085, 44.37465096], [9.08083797, 44.37481761], [9.08135223, 44.3749274], [9.08201694, 44.37479353], [9.08263457, 44.37437224], [9.08298647, 44.37387764], [9.08322954, 44.37346351], [9.08359528, 44.37308085], [9.08434582, 44.37267232], [9.08540964, 44.37226856], [9.08659375, 44.37174392], [9.09008837, 44.37170112], [9.0902853, 44.37143397], [9.09062803, 44.37108672], [9.09124935, 44.37073457], [9.09195077, 44.37061501], [9.09258342, 44.37070358], [9.09318995, 44.37085116], [9.09376454, 44.37101471], [9.09434021, 44.37116587], [9.09486842, 44.37134623], [9.09909284, 44.37134016], [9.09960413, 44.37116432], [9.10012758, 44.37102234], [9.10059714, 44.37088287], [9.10114861, 44.37076104], [9.10204542, 44.3706218], [9.10326791, 44.37044835], [9.10415506, 44.37016583], [9.10462308, 44.36975133], [9.10497725, 44.36918497], [9.10532963, 44.36857581], [9.10589135, 44.36814117], [9.10665405, 44.36792445], [9.10743713, 44.36778343], [9.1083076, 44.36766696], [9.10928965, 44.36753142], [9.11043525, 44.36740196], [9.11140168, 44.36726618], [9.11213231, 44.36714923], [9.1125015, 44.36700523], [9.11265016, 44.36682785], [9.11284924, 44.36666071], [9.11324227, 44.36647308], [9.11378956, 44.366225], [9.11433816, 44.36602282], [9.11475456, 44.36582077], [9.11538243, 44.36572325], [9.1159476, 44.365592], [9.11650097, 44.36545885], [9.11708248, 44.36529243], [9.11790025, 44.36508775], [9.11913776, 44.36483026], [9.12068605, 44.36462975], [9.12191355, 44.3644551], [9.12280774, 44.36426413], [9.12334335, 44.36400652], [9.12358594, 44.36376321], [9.12376773, 44.36360991], [9.12398624, 44.36351001], [9.12419665, 44.36335611], [9.12444055, 44.36311293], [9.12479961, 44.36285734], [9.12514102, 44.36268175], [9.12535334, 44.36252284], [9.12548006, 44.36234844], [9.12567055, 44.36220324], [9.1260066, 44.36209095], [9.12648284, 44.36195648], [9.12705302, 44.36181605], [9.12760031, 44.36163783], [9.12959945, 44.36155963], [9.1299268, 44.36121964], [9.13014734, 44.36095655], [9.13037205, 44.36079586], [9.13068354, 44.36067796], [9.13104916, 44.36052167], [9.13455033, 44.36046398], [9.13506114, 44.36028433], [9.13560975, 44.3601346], [9.13616395, 44.35997403], [9.13684666, 44.35982752], [9.13782501, 44.35972381], [9.13918853, 44.35980475], [9.14052212, 44.36008573], [9.140625, 44.36021197], [9.14120722, 44.36020005], [9.14162445, 44.36000311], [9.14203834, 44.35980642], [9.14239538, 44.35955918], [9.14262724, 44.35934174], [9.14286912, 44.35918057], [9.14321101, 44.35891533], [9.14357364, 44.35830605], [9.14383042, 44.35743177], [9.14403415, 44.35679233], [9.1442101, 44.35641491], [9.14446056, 44.3561033], [9.14483845, 44.35569775], [9.14534748, 44.35520482], [9.14570606, 44.35483515], [9.14598131, 44.35464406], [9.14630425, 44.35454416], [9.14666605, 44.35443866], [9.14698935, 44.35431445], [9.14720964, 44.35408545], [9.14736485, 44.35373056], [9.14753223, 44.35338724], [9.14768696, 44.35313022], [9.14789534, 44.35298336], [9.1481781, 44.35291433], [9.14951384, 44.35218287], [9.15000868, 44.35207844], [9.15032005, 44.3518604], [9.15050077, 44.35152125], [9.1506803, 44.35117686], [9.15085447, 44.35085106], [9.15104783, 44.35049236], [9.15121675, 44.35008895], [9.15139723, 44.34973717], [9.15161431, 44.34948552], [9.15203333, 44.34938061], [9.15266478, 44.34941745], [9.15317321, 44.34949911], [9.15347874, 44.34942687], [9.15374243, 44.34914434], [9.15409064, 44.34868503], [9.1543709, 44.34815145], [9.15454495, 44.34756136], [9.15453124, 44.34689915], [9.15440345, 44.34634554], [9.15439403, 44.34589362], [9.15455163, 44.34551716], [9.15461504, 44.33820045], [9.15436637, 44.33721471], [9.15416694, 44.33605981], [9.15396523, 44.33510625], [9.15378034, 44.33422482], [9.15357876, 44.33324957], [9.15339565, 44.33212388], [9.15320587, 44.33137751], [9.15304005, 44.33105171], [9.15283251, 44.33094144], [9.15258145, 44.33083165], [9.1523751, 44.33049881], [9.15221262, 44.32991385], [9.15202975, 44.32936025], [9.15184927, 44.3288815], [9.15161932, 44.328444], [9.1513319, 44.32797527], [9.15096581, 44.32751977], [9.15067911, 44.32713771], [9.15044916, 44.32677233], [9.15026355, 44.32638335], [9.15006471, 44.32603967], [9.14987946, 44.32574391], [9.14969003, 44.32546735], [9.14954865, 44.32519197], [9.14896417, 44.32482207], [9.14869392, 44.32474232], [9.14847815, 44.32458305], [9.14824784, 44.32432961], [9.14788651, 44.32405937], [9.14747143, 44.3238672], [9.14706087, 44.32372081], [9.14666045, 44.32362521], [9.14481115, 44.32236624], [9.14505935, 44.32205105], [9.14546072, 44.32182872], [9.14598465, 44.32186556], [9.14656735, 44.32211852], [9.14705944, 44.32235122], [9.14740944, 44.32243741], [9.14760673, 44.32223058], [9.14769876, 44.3217386], [9.14950466, 44.32022643], [9.14979231, 44.31981075], [9.15018165, 44.31931615], [9.15056646, 44.31878006], [9.15095663, 44.31829464], [9.15122461, 44.31792974], [9.15140796, 44.31765842], [9.15155005, 44.31744242], [9.15183854, 44.31724095], [9.15245378, 44.3169173], [9.15332162, 44.31643593], [9.15401125, 44.31609166], [9.15448225, 44.31588805], [9.15488744, 44.31575942], [9.15536034, 44.31562865], [9.1559391, 44.31550431], [9.15651822, 44.31536567], [9.15702426, 44.31523466], [9.157323, 44.31507146], [9.15748405, 44.31490946], [9.15768194, 44.31490183], [9.15794468, 44.31510341], [9.15820384, 44.31535494], [9.15863526, 44.31552637], [9.15934372, 44.31561685], [9.15991795, 44.31531966], [9.16029716, 44.31549013], [9.16068041, 44.31562757], [9.16109073, 44.31578541], [9.16157722, 44.31598592], [9.16215634, 44.31626976], [9.16274345, 44.31656086], [9.16332221, 44.31686735], [9.16381455, 44.31706893], [9.16424835, 44.31708515], [9.16467345, 44.31679034], [9.16512215, 44.31622791], [9.16565645, 44.31556165], [9.16603506, 44.31497216], [9.16628504, 44.31444407], [9.16645491, 44.31383264], [9.16661775, 44.31313157], [9.16676736, 44.31239724], [9.16701448, 44.31201136], [9.16744482, 44.31203616], [9.16798615, 44.31228566], [9.16841674, 44.3125056], [9.16865492, 44.31269133], [9.16877043, 44.31288493], [9.1688745, 44.31306863], [9.16978133, 44.31319261], [9.17073441, 44.31367493], [9.17148125, 44.31396151], [9.17198825, 44.31412804], [9.17243087, 44.31425071], [9.17303073, 44.31441891], [9.17387533, 44.31464696], [9.17472935, 44.31490457], [9.17537284, 44.3149482], [9.17565453, 44.31464064], [9.17562044, 44.31402361], [9.17545402, 44.31338763], [9.17541897, 44.31276965], [9.17558396, 44.31219304], [9.17586982, 44.31158936], [9.17626584, 44.31105852], [9.17665148, 44.31061757], [9.17708385, 44.31017053], [9.17752671, 44.30966437], [9.17803705, 44.30907536], [9.17851043, 44.30859065], [9.17925417, 44.30832672], [9.18039298, 44.30820203], [9.18137872, 44.30809283], [9.18220818, 44.3080095], [9.18291676, 44.30856192], [9.18329847, 44.30838704], [9.18367577, 44.30824435], [9.18405712, 44.30809796], [9.18448377, 44.30795813], [9.18503511, 44.30780172], [9.18572581, 44.30767357], [9.18643963, 44.3076092], [9.18740487, 44.30770504], [9.18873072, 44.30790913], [9.18986726, 44.30815196], [9.19064808, 44.30823052], [9.19114852, 44.30813253], [9.19152927, 44.30798996], [9.19189215, 44.30782998], [9.19226241, 44.30769384], [9.19263554, 44.30755734], [9.19301724, 44.30743062], [9.19345474, 44.30725241], [9.19403768, 44.30698085], [9.19477212, 44.30659032], [9.19545162, 44.30625105], [9.19607687, 44.30593824], [9.19666612, 44.30565286], [9.19729602, 44.30530286], [9.19783902, 44.30513442], [9.1987015, 44.30461824], [9.19939935, 44.30425405], [9.19998682, 44.30396616], [9.20045221, 44.30377555], [9.20084822, 44.30362487], [9.20125186, 44.30350053], [9.20172715, 44.30336535], [9.20227456, 44.30323517], [9.20279098, 44.30307066], [9.20330811, 44.30286503], [9.20385742, 44.30260336], [9.20433676, 44.30240047], [9.20474422, 44.30224085], [9.20512867, 44.30211115], [9.20553946, 44.301952], [9.20601964, 44.30175161], [9.20654905, 44.30149507], [9.20700192, 44.30129194], [9.20742714, 44.30110538], [9.20803714, 44.30090368], [9.20906591, 44.30064464], [9.21037972, 44.30044067], [9.21141422, 44.30028534], [9.21224141, 44.3001852], [9.21253645, 44.29997361], [9.2129147, 44.29987204], [9.21329403, 44.2997359], [9.21369708, 44.29960263], [9.21418071, 44.29946065], [9.21478915, 44.29933357], [9.21548355, 44.29918325], [9.21623576, 44.29899168], [9.21681797, 44.29869533], [9.21726012, 44.29835606], [9.21784186, 44.29808426], [9.21850753, 44.29802728], [9.2188884, 44.29821157], [9.21891475, 44.29856622], [9.21872628, 44.29892194], [9.21850765, 44.29927123], [9.21828365, 44.29969585], [9.21809006, 44.30020452], [9.21788788, 44.30062294], [9.21770585, 44.30093718], [9.21751344, 44.30120611], [9.21733773, 44.30146992], [9.21711695, 44.30175805], [9.21681428, 44.30210996], [9.21635187, 44.30254233], [9.21643245, 44.30324376], [9.21549833, 44.30325294], [9.21435678, 44.30308557], [9.21344042, 44.30269253], [9.21290624, 44.30227733], [9.21246803, 44.30199528], [9.21204102, 44.3019886], [9.21173596, 44.30224752], [9.21176815, 44.30264056], [9.21208501, 44.30306363], [9.21238434, 44.30341256], [9.21262205, 44.30369151], [9.21281624, 44.30396616], [9.21308672, 44.30434334], [9.21348631, 44.30494225], [9.21396124, 44.30575263], [9.21409082, 44.30655372], [9.21383536, 44.30705285], [9.21348608, 44.30726004], [9.21316993, 44.30744338], [9.21272445, 44.30780101], [9.21199656, 44.30830812], [9.21126318, 44.30875516], [9.21064734, 44.30919814], [9.21024334, 44.30960417], [9.20952535, 44.31015205], [9.20977426, 44.31047034], [9.21014273, 44.31071246], [9.21055234, 44.31075895], [9.21095455, 44.31064951], [9.21137214, 44.31049752], [9.2118659, 44.31032765], [9.21245992, 44.31017423], [9.21305466, 44.31003845], [9.21357155, 44.31001055], [9.21382916, 44.31013596], [9.21380365, 44.31042087], [9.21364152, 44.31083083], [9.2135967, 44.31127155], [9.21375072, 44.31153345], [9.21401036, 44.31173682], [9.21421981, 44.31223476], [9.21434367, 44.31317794], [9.21236086, 44.31478512], [9.21220732, 44.31539965], [9.21205771, 44.31618977], [9.21205831, 44.3172158], [9.21222115, 44.31804991], [9.21241975, 44.31867182], [9.21262455, 44.31908143], [9.21277511, 44.31938243], [9.21526945, 44.32112408], [9.21566951, 44.32121944], [9.21605313, 44.32134211], [9.2163794, 44.32145524], [9.21660686, 44.32160521], [9.21676934, 44.3218168], [9.21689928, 44.32207537], [9.21688771, 44.32239366], [9.21677911, 44.32287443], [9.21678042, 44.32358623], [9.21688986, 44.32441938], [9.21689475, 44.32537317], [9.21674216, 44.32619095], [9.21654856, 44.32695603], [9.21634495, 44.32773185], [9.21619403, 44.32868123], [9.21866405, 44.33057034], [9.21841514, 44.33104384], [9.21804535, 44.33136594], [9.21763122, 44.33143806], [9.21722245, 44.33132732], [9.21680915, 44.33111954], [9.21636403, 44.33076942], [9.21583152, 44.33028615], [9.21512902, 44.32978213], [9.21458912, 44.32956505], [9.21430516, 44.32964635], [9.21414065, 44.32990313], [9.21395183, 44.33020878], [9.21377134, 44.33050084], [9.21365464, 44.33073318], [9.21376205, 44.33088088], [9.2140851, 44.33096647], [9.21449363, 44.33106482], [9.2148478, 44.3312335], [9.21500707, 44.33167064], [9.21488404, 44.33246172], [9.21454334, 44.33329976], [9.21423233, 44.33412457], [9.21607256, 44.33541465], [9.21671927, 44.33531773], [9.21734214, 44.33516336], [9.21801126, 44.33496034], [9.21865296, 44.33469832], [9.21916425, 44.33448064], [9.21959233, 44.33426762], [9.22339678, 44.33429503], [9.22392595, 44.33445454], [9.22452974, 44.33458006], [9.22519517, 44.33474255], [9.22593606, 44.33501518], [9.22649515, 44.33550847], [9.22644365, 44.33608305], [9.22576463, 44.33656478], [9.22496104, 44.33682466], [9.22455883, 44.33700335], [9.22458744, 44.33720934], [9.22485745, 44.33741951], [9.22541904, 44.33755755], [9.22620165, 44.33763957], [9.22669303, 44.33775973], [9.22675312, 44.33798695], [9.22645855, 44.33839321], [9.22589088, 44.33905876], [9.22517991, 44.33991146], [9.22494495, 44.34061527], [9.22543311, 44.34094274], [9.22645044, 44.3409512], [9.22736096, 44.34080076], [9.22805715, 44.34062672], [9.22860241, 44.34042466], [9.22927797, 44.34032547], [9.22935593, 44.34083545], [9.22951257, 44.34139204], [9.22999811, 44.34174097], [9.23097253, 44.34190857], [9.23226094, 44.34202874], [9.23373735, 44.34212923], [9.23473716, 44.34224343], [9.23522484, 44.34238386], [9.23536468, 44.34269345], [9.23520494, 44.34322858], [9.23477185, 44.34381437], [9.23418653, 44.34436905], [9.23344994, 44.34487796], [9.23289955, 44.34517348], [9.23262167, 44.34536743], [9.23248267, 44.34559441], [9.23234046, 44.34585941], [9.23217475, 44.34609067], [9.23185825, 44.34620345], [9.23133635, 44.34614885], [9.23075843, 44.34601247], [9.2302376, 44.34603643], [9.22992945, 44.34643841], [9.22978806, 44.34725487], [9.23097563, 44.34795856], [9.23284936, 44.34786725], [9.23394525, 44.34774828], [9.23447132, 44.34762371], [9.23487973, 44.34742975], [9.23544276, 44.34710515], [9.23612583, 44.34660077], [9.23657632, 44.34615564], [9.23682392, 44.34581864], [9.23695493, 44.34553432], [9.23710752, 44.34527755], [9.23742378, 44.34507096], [9.23821688, 44.34494221], [9.2394284, 44.34479117], [9.24023068, 44.34442616], [9.24064875, 44.34383595], [9.24111533, 44.34334207], [9.24175084, 44.34302127], [9.24242973, 44.34273911], [9.24304485, 44.34248436], [9.24361515, 44.34222186], [9.24408734, 44.34202981], [9.24451363, 44.34185672], [9.24499893, 44.34164405], [9.24559212, 44.34132004], [9.24611914, 44.34114873], [9.24713635, 44.34060085], [9.24805415, 44.34016705], [9.24887311, 44.33977115], [9.24965537, 44.33952403], [9.25081527, 44.33933425], [9.25245476, 44.33908916], [9.25370014, 44.33868563], [9.25432467, 44.33824277], [9.25467443, 44.33781946], [9.25488555, 44.33751667], [9.25518167, 44.33734596], [9.25569952, 44.33724141], [9.25637198, 44.33711612], [9.25714886, 44.33698845], [9.25783813, 44.33684337], [9.25843406, 44.33670843], [9.25891173, 44.33656263], [9.25934041, 44.33642864], [9.25981665, 44.33628345], [9.26035345, 44.33614826], [9.26083243, 44.33600116], [9.26126885, 44.33586621], [9.26175857, 44.33572996], [9.2623533, 44.33562887], [9.26287591, 44.33536637], [9.26413465, 44.33548701], [9.2653501, 44.33559024], [9.26660097, 44.33554304], [9.2674309, 44.33530104], [9.26793992, 44.33498526], [9.2686516, 44.33464718], [9.26970971, 44.33426046], [9.27070594, 44.33374155], [9.27142835, 44.33328915], [9.27227831, 44.3329612], [9.27334046, 44.33272254], [9.27408504, 44.3324604], [9.27440703, 44.33222973], [9.27460206, 44.33208215], [9.27488375, 44.33197975], [9.27531183, 44.33181095], [9.27592278, 44.33149731], [9.27664244, 44.33098304], [9.27719188, 44.33046424], [9.27908075, 44.32926655], [9.28027415, 44.32917166], [9.28105176, 44.32904077], [9.28164983, 44.32891035], [9.28252685, 44.32874835], [9.28379488, 44.32854414], [9.28485656, 44.32826102], [9.28557563, 44.32798946], [9.28614831, 44.32771194], [9.28663921, 44.32750654], [9.28985298, 44.32536185], [9.29067051, 44.32526326], [9.2912662, 44.32512713], [9.29169381, 44.32499206], [9.29206431, 44.32484448], [9.2924329, 44.32470894], [9.29281986, 44.32456326], [9.29324555, 44.32443202], [9.29372871, 44.32429612], [9.29420972, 44.32417667], [9.29451215, 44.32402813], [9.29467523, 44.32385123], [9.29485404, 44.32371223], [9.29507291, 44.32360911], [9.29524887, 44.32347095], [9.29543173, 44.32329595], [9.29582405, 44.32314551], [9.29647887, 44.32302046], [9.29714715, 44.32285583], [9.30396688, 44.32267141], [9.30473244, 44.32202387], [9.30516601, 44.3216145], [9.30540836, 44.32143486], [9.30560386, 44.32135117], [9.30575705, 44.32123184], [9.30598867, 44.32106233], [9.3065809, 44.32092166], [9.30754745, 44.3208034], [9.30835664, 44.32064664], [9.30896604, 44.32044256], [9.30951965, 44.32018042], [9.30999005, 44.31998098], [9.31037855, 44.31983614], [9.31068456, 44.31972873], [9.3109076, 44.31956804], [9.31114984, 44.31926775], [9.31152654, 44.31884515], [9.31196713, 44.31839788], [9.31252563, 44.31798887], [9.31306505, 44.31773913], [9.31361651, 44.31755543], [9.31426215, 44.31736362], [9.31491685, 44.31711614], [9.31549215, 44.31691551], [9.31617987, 44.31645751], [9.31670773, 44.31625044], [9.31726277, 44.31599283], [9.31776965, 44.31579363], [9.31827438, 44.31563878], [9.31882501, 44.31551611], [9.31935561, 44.31535566], [9.31990623, 44.31511128], [9.32045805, 44.31473613], [9.32081294, 44.31433344], [9.32098401, 44.31387484], [9.32093644, 44.31331754], [9.32077742, 44.31276691], [9.32081521, 44.31227851], [9.32125425, 44.31201124], [9.32198787, 44.31187046], [9.32253325, 44.31163585], [9.32293522, 44.31121266], [9.32343924, 44.31076264], [9.32399654, 44.31047142], [9.32469976, 44.31028116], [9.32561374, 44.31014085], [9.32651508, 44.31005704], [9.32747841, 44.31017447], [9.32847714, 44.31053555], [9.32833052, 44.31103218], [9.32909465, 44.31104064], [9.33003831, 44.31092918], [9.33086085, 44.31072748], [9.33145118, 44.3106575], [9.33196843, 44.31072175], [9.33251655, 44.31075037], [9.33298671, 44.31069982], [9.33329451, 44.31060803], [9.33337867, 44.31032336], [9.33332026, 44.3095715], [9.33340585, 44.30836368], [9.33369565, 44.30732405], [9.33396125, 44.30664301], [9.33422196, 44.30632401], [9.3345319, 44.30620766], [9.33483064, 44.30617082], [9.33505785, 44.30628705], [9.33528972, 44.30654037], [9.33564997, 44.30678487], [9.33606446, 44.30684316], [9.33647382, 44.30673873], [9.33687043, 44.30659068], [9.33726025, 44.3064388], [9.33764863, 44.30632806], [9.33926344, 44.305287], [9.33985043, 44.30518174], [9.34037006, 44.30501485], [9.34093904, 44.30479336], [9.34167016, 44.30453861], [9.34240556, 44.30444098], [9.34286737, 44.30457365], [9.34316242, 44.3048954], [9.34347284, 44.30530644], [9.34373045, 44.3056308], [9.34405792, 44.30578315], [9.34453762, 44.30576432], [9.34504855, 44.30560577], [9.34558165, 44.30539], [9.34613025, 44.3051275], [9.34653544, 44.30493665], [9.34674168, 44.30477357], [9.34684813, 44.30459893], [9.347054, 44.30443656], [9.34750867, 44.30425155], [9.34824026, 44.30400658], [9.34908116, 44.30381155], [9.34981895, 44.30363345], [9.35053587, 44.30341864], [9.35127461, 44.30309367], [9.35161805, 44.30302775], [9.35209656, 44.30278623], [9.35268867, 44.30249834], [9.35339522, 44.30212772], [9.35397816, 44.30185771], [9.35444772, 44.3016566], [9.35493076, 44.30145597], [9.35547042, 44.30120373], [9.35595298, 44.30100298], [9.35636806, 44.30083954], [9.35675502, 44.30070746], [9.35713828, 44.30056655], [9.35752761, 44.30043387], [9.35792458, 44.30028856], [9.3583256, 44.30015647], [9.35870695, 44.30002212], [9.35901105, 44.29991043], [9.35918295, 44.29977643], [9.35929334, 44.29960334], [9.35956228, 44.29939723], [9.36019456, 44.29906654], [9.36116326, 44.29858518], [9.3620584, 44.29824483], [9.36275506, 44.29803145], [9.36335397, 44.29784656], [9.36379313, 44.29759347], [9.36403453, 44.29734886], [9.36423922, 44.29718995], [9.36448967, 44.29710174], [9.36474335, 44.29701996], [9.36473632, 44.296875], [9.36477041, 44.29687238], [9.36473262, 44.29673076], [9.3650248, 44.29662907], [9.3653723, 44.29652584], [9.36574376, 44.29639804], [9.36606097, 44.29627871], [9.36625993, 44.29612827], [9.36638868, 44.29594791], [9.36658311, 44.29579961], [9.36689222, 44.29568315], [9.36726272, 44.29555225], [9.36765015, 44.29542422], [9.36806965, 44.29526365], [9.36859298, 44.29506445], [9.36926234, 44.2948004], [9.36993635, 44.29455352], [9.37042284, 44.29426873], [9.37068367, 44.29395175], [9.37091124, 44.29355896], [9.37126565, 44.29306746], [9.37188375, 44.29260492], [9.37257934, 44.29233205], [9.37322116, 44.29217362], [9.37387621, 44.29208815], [9.37628496, 44.29049253], [9.37655091, 44.29041433], [9.37672985, 44.29028046], [9.37685287, 44.2901057], [9.37707114, 44.28994668], [9.37748814, 44.28976846], [9.37807775, 44.28949392], [9.37870097, 44.28915155], [9.37926745, 44.28868353], [9.37961936, 44.28820205], [9.37987626, 44.28780103], [9.38014364, 44.28740537], [9.38048291, 44.28695071], [9.38074374, 44.28654325], [9.38097227, 44.28631258], [9.38119805, 44.28620541], [9.38135493, 44.28609276], [9.38149893, 44.28593254], [9.38186502, 44.28574121], [9.38263011, 44.28541625], [9.38363922, 44.28490126], [9.38454628, 44.28442574], [9.38537157, 44.28397036], [9.3861047, 44.28357601], [9.38686967, 44.28312337], [9.38696003, 44.2827661], [9.38717937, 44.28249848], [9.38734543, 44.28227031], [9.38755214, 44.28211296], [9.38785756, 44.28200257], [9.38823771, 44.28187585], [9.38869715, 44.2817595], [9.38928366, 44.28163195], [9.38993037, 44.28147936], [9.39034164, 44.28118098], [9.39054477, 44.28072596], [9.39070773, 44.28032184], [9.3908689, 44.28000724], [9.39111841, 44.27969158], [9.39150345, 44.27925885], [9.39203191, 44.27867937], [9.39241767, 44.27814126], [9.39267313, 44.27775145], [9.39285016, 44.27746034], [9.39303207, 44.27720726], [9.39320898, 44.27696455], [9.39343548, 44.27669525], [9.39371824, 44.27629292], [9.39407802, 44.27559423], [9.39436567, 44.27459991], [9.39393735, 44.27415395], [9.39400387, 44.27385354], [9.39397395, 44.27351356], [9.39372575, 44.27312803], [9.3934617, 44.27272165], [9.39323056, 44.27221036], [9.39305127, 44.27157867], [9.39285088, 44.27107406], [9.39258754, 44.27071154], [9.39214826, 44.27044356], [9.39158905, 44.27029204], [9.39095855, 44.27023757], [9.39004171, 44.27027035], [9.38878477, 44.27024937], [9.38772392, 44.27015245], [9.38695216, 44.27012432], [9.38652825, 44.27026296], [9.38625133, 44.27056885], [9.38592803, 44.27097344], [9.38566852, 44.27134395], [9.38545966, 44.27165043], [9.38530016, 44.27188563], [9.3851006, 44.27201283], [9.38483751, 44.27201974], [9.38457274, 44.27194405], [9.38468885, 44.27025378], [9.38484871, 44.26998222], [9.38483536, 44.26964962], [9.38468373, 44.26915896], [9.38461506, 44.26850808], [9.38475025, 44.26793265], [9.38520515, 44.26746535], [9.38629997, 44.26712024], [9.38786685, 44.26687253], [9.38892913, 44.26660121], [9.3894242, 44.26634896], [9.38991415, 44.26619947], [9.39066684, 44.26619244], [9.39136314, 44.26634324], [9.3919636, 44.26666737], [9.39249575, 44.26728642], [9.39281404, 44.26802373], [9.39300907, 44.2685585], [9.39319408, 44.26885724], [9.39359427, 44.26896667], [9.39429677, 44.26888442], [9.39506805, 44.26864445], [9.39507055, 44.26805186], [9.39507914, 44.266065], [9.39536357, 44.26576245], [9.39566326, 44.26541007], [9.39605272, 44.26499093], [9.39642715, 44.26456535], [9.39679515, 44.26416171], [9.39704406, 44.26387453], [9.39727795, 44.26370966], [9.39760804, 44.26355302], [9.39803743, 44.26325786], [9.39857554, 44.26282251], [9.39928377, 44.26232827], [9.39982593, 44.26194572], [9.40010548, 44.26148045], [9.40025055, 44.2608062], [9.40039945, 44.26021135], [9.40055954, 44.25964165], [9.40082407, 44.25888681], [9.4012804, 44.25785744], [9.40196967, 44.25702071], [9.40254366, 44.25662434], [9.40294385, 44.25645268], [9.40288568, 44.25386512], [9.40311372, 44.25316691], [9.40328836, 44.25237143], [9.40349042, 44.25172091], [9.40380001, 44.25122118], [9.40438592, 44.25091827], [9.40515304, 44.25091636], [9.40576756, 44.25117564], [9.4061774, 44.25156808], [9.40656376, 44.25201333], [9.40691602, 44.25244844], [9.40729785, 44.25287723], [9.40763974, 44.25324512], [9.40803385, 44.25352657], [9.40847361, 44.25370872], [9.40897298, 44.25385416], [9.40952551, 44.25397742], [9.41001177, 44.25410843], [9.41043174, 44.25422525], [9.41083646, 44.25437164], [9.41124964, 44.25459075], [9.41162622, 44.25500417], [9.41188324, 44.25553596], [9.41208041, 44.25597692], [9.4122107, 44.25632691], [9.41251814, 44.25666654], [9.41264462, 44.25725555], [9.41280687, 44.25767171], [9.41296244, 44.25792634], [9.41320693, 44.25808537], [9.41362715, 44.25826001], [9.41417146, 44.25850308], [9.41466725, 44.25870383], [9.41508555, 44.25886858], [9.41546583, 44.25900125], [9.41584206, 44.25914228], [9.41624916, 44.25927806], [9.41673446, 44.25943315], [9.41730523, 44.25957811], [9.41786206, 44.25969994], [9.41838574, 44.25970137], [9.41886556, 44.25957215], [9.41955066, 44.25936258], [9.42081344, 44.25908041], [9.42256141, 44.25881684], [9.42394412, 44.25853932], [9.4248023, 44.25825477], [9.42528677, 44.25783074], [9.4255805, 44.257254], [9.42590404, 44.25667203], [9.42638052, 44.25662875], [9.42732811, 44.25604618], [9.42825925, 44.25553691], [9.42927635, 44.25503182], [9.43011463, 44.25473392], [9.4306581, 44.25457215], [9.43098426, 44.25435317], [9.43115735, 44.25378895], [9.43126822, 44.25286412], [9.43144405, 44.25215638], [9.43178058, 44.25175154], [9.43247557, 44.25148773], [9.43341315, 44.25124323], [9.43410802, 44.25083911], [9.43445182, 44.25032258], [9.43465495, 44.24989605], [9.4348129, 44.24956048], [9.43498492, 44.24921226], [9.43511844, 44.24879181], [9.43696368, 44.24732041], [9.43707001, 44.24715936], [9.43728423, 44.24702656], [9.43763292, 44.24679685], [9.43803263, 44.24624085], [9.43839812, 44.24534893], [9.43877697, 44.24444926], [9.43905628, 44.24368572], [9.4392786, 44.243191], [9.4394567, 44.24280131], [9.43964362, 44.24226451], [9.43981755, 44.24154472], [9.44003296, 44.24097776], [9.44031382, 44.24055111], [9.44073308, 44.24012184], [9.44121468, 44.23964071], [9.44175625, 44.23912406], [9.44211376, 44.2387619], [9.44235492, 44.23858738], [9.44257295, 44.23849404], [9.44276345, 44.2383399], [9.44303644, 44.23808932], [9.44358647, 44.23785162], [9.44434226, 44.23779964], [9.44505382, 44.23790801], [9.44573855, 44.23803174], [9.44626391, 44.23820972], [9.44680715, 44.23835266], [9.44728112, 44.23849666], [9.44773984, 44.23862815], [9.44831955, 44.23877192], [9.44905293, 44.23890495], [9.44973326, 44.23905003], [9.45033145, 44.23918784], [9.45080924, 44.23934472], [9.45122957, 44.23949444], [9.45168912, 44.23962557], [9.45221913, 44.23962963], [9.45276487, 44.23945725], [9.45343757, 44.23910046], [9.45429265, 44.23859525], [9.45513058, 44.23824537], [9.45618463, 44.23804724], [9.45753253, 44.23792458], [9.45851636, 44.23777986], [9.45915115, 44.23758423], [9.45970523, 44.23730516], [9.46024776, 44.23703063], [9.46081352, 44.23675227], [9.46134055, 44.23654664], [9.46199298, 44.23616695], [9.46260273, 44.23622966], [9.46334434, 44.23608887], [9.46414006, 44.23575282], [9.46482837, 44.23549354], [9.46556807, 44.23531342], [9.46644533, 44.23508716], [9.46713054, 44.23460448], [9.46763015, 44.23383284], [9.46820724, 44.23298705], [9.47189367, 44.23306167], [9.4724797, 44.23338175], [9.47289395, 44.23358273], [9.47310674, 44.23374355], [9.47321951, 44.23391092], [9.47339344, 44.23404372], [9.47370052, 44.23415685], [9.47413957, 44.23433006], [9.47473562, 44.23459351], [9.47542882, 44.23494446], [9.47593963, 44.23519015], [9.47628772, 44.23543847], [9.47673535, 44.23586774], [9.47739208, 44.23647738], [9.47786558, 44.23700964], [9.47815084, 44.23749101], [9.47833192, 44.23799706], [9.47850168, 44.23840892], [9.47862792, 44.23874128], [9.48088181, 44.24027598], [9.48230624, 44.24018407], [9.48354375, 44.24001801], [9.48473024, 44.23975432], [9.4855659, 44.2393676], [9.48608506, 44.23904276], [9.48691654, 44.23886394], [9.48842287, 44.23878264], [9.49055135, 44.23756886], [9.49081314, 44.23726678], [9.49117923, 44.23700714], [9.49152732, 44.23684216], [9.49175024, 44.23669004], [9.49187255, 44.23650587], [9.49198556, 44.23632157], [9.4921875, 44.23632812], [9.49238634, 44.23630846], [9.49309576, 44.23591197], [9.49381661, 44.23550761], [9.49455416, 44.23498523], [9.49509335, 44.23447371], [9.49553645, 44.23394454], [9.49590361, 44.23337305], [9.49627495, 44.23275423], [9.49654925, 44.23215854], [9.49676895, 44.23172557], [9.49694693, 44.23141694], [9.49714077, 44.23114932], [9.49733674, 44.230883], [9.49758387, 44.23060906], [9.49773824, 44.22776222], [9.49818981, 44.22734654], [9.49848795, 44.22700632], [9.49873507, 44.22669792], [9.49901021, 44.22631431], [9.49936533, 44.22578144], [9.49964786, 44.22519982], [9.49987614, 44.22475946], [9.50005686, 44.22444594], [9.50024498, 44.22418141], [9.50042212, 44.22391915], [9.50064421, 44.22363102], [9.5009284, 44.22328222], [9.5013206, 44.22286201], [9.50170064, 44.22243357], [9.50207341, 44.22202361], [9.50232506, 44.2217226], [9.50255215, 44.22155738], [9.50284851, 44.22145176], [9.50320923, 44.22133064], [9.50365126, 44.22120523], [9.50426424, 44.22104144], [9.50507176, 44.22083771], [9.50583506, 44.22057903], [9.50645983, 44.22036982], [9.50873327, 44.21879995], [9.50900841, 44.21872878], [9.50923717, 44.21856451], [9.50949085, 44.21825695], [9.50985324, 44.21784997], [9.50990176, 44.21778095], [9.51020884, 44.21747565], [9.51059234, 44.21719515], [9.51092064, 44.21702886], [9.51115775, 44.21686006], [9.51144862, 44.21661782], [9.51198411, 44.21637106], [9.51261556, 44.216205], [9.51299882, 44.21606112], [9.51325774, 44.21589255], [9.51382482, 44.21569061], [9.51490891, 44.21535945], [9.51606762, 44.21487391], [9.51684153, 44.21452987], [9.51730895, 44.21433103], [9.51767766, 44.21420801], [9.51805794, 44.21406901], [9.51846421, 44.21388757], [9.51882756, 44.21362877], [9.51904786, 44.21336365], [9.51920724, 44.21313977], [9.51962614, 44.21311367], [9.51972985, 44.2130022], [9.51975572, 44.21283484], [9.52003062, 44.21285176], [9.52162397, 44.21132147], [9.52176547, 44.21112347], [9.52206254, 44.2109791], [9.52254498, 44.21086538], [9.52306104, 44.21071291], [9.52359176, 44.21051574], [9.52413237, 44.21026742], [9.52453947, 44.21007812], [9.52479172, 44.20989025], [9.52502394, 44.20964396], [9.52536714, 44.20939314], [9.52569866, 44.20922303], [9.52590466, 44.20907104], [9.52602911, 44.20890307], [9.52623844, 44.20874715], [9.52664506, 44.20856571], [9.52724075, 44.20827484], [9.52792597, 44.20792937], [9.52864897, 44.20753086], [9.52921593, 44.20725501], [9.52972341, 44.20707154], [9.53042805, 44.20694613], [9.53155243, 44.20681906], [9.53309691, 44.20671785], [9.53440285, 44.20661783], [9.53404594, 44.20632136], [9.53461635, 44.20621884], [9.53528535, 44.20613277], [9.53585005, 44.20606744], [9.53631544, 44.20604956], [9.53679931, 44.20597148], [9.53733933, 44.20584881], [9.53781927, 44.20569181], [9.53822303, 44.20556223], [9.53858531, 44.20549142], [9.53895056, 44.20555556], [9.53941023, 44.20568454], [9.54011798, 44.20586455], [9.54109752, 44.20605707], [9.54198325, 44.20622897], [9.54264414, 44.20625496], [9.54313862, 44.20626795], [9.54340994, 44.20637667], [9.54354596, 44.20655704], [9.54372585, 44.20672083], [9.54401612, 44.20685065], [9.54437935, 44.20695472], [9.54481626, 44.20695376], [9.54541755, 44.20684648], [9.54623604, 44.20673752], [9.5467658, 44.20645881], [9.54714441, 44.20656836], [9.54752946, 44.20667541], [9.54794693, 44.20667505], [9.54844153, 44.20656025], [9.54900312, 44.20642185], [9.54948747, 44.20627844], [9.54983664, 44.20615673], [9.55003452, 44.20600951], [9.55012715, 44.20580876], [9.55195975, 44.20433605], [9.55209434, 44.20390904], [9.55230415, 44.20354211], [9.55258596, 44.20318055], [9.55297422, 44.20277107], [9.55335391, 44.20235062], [9.55375958, 44.20192361], [9.55412185, 44.20155477], [9.55451477, 44.20128345], [9.55486012, 44.20112264], [9.55507362, 44.20097375], [9.55518007, 44.20078373], [9.55689383, 44.19938445], [9.55734241, 44.19900072], [9.55803263, 44.19859064], [9.55883157, 44.19816315], [9.5595057, 44.19754517], [9.55988264, 44.19684064], [9.56011605, 44.19630241], [9.56033313, 44.19587064], [9.56064224, 44.19542062], [9.56105316, 44.19501746], [9.56189001, 44.19478214], [9.56318486, 44.19465375], [9.56416071, 44.19453645], [9.56471801, 44.19443631], [9.56507254, 44.19432378], [9.56534398, 44.19415712], [9.56558526, 44.19375944], [9.56593335, 44.19304502], [9.56646907, 44.19231117], [9.56694877, 44.1917448], [9.56736684, 44.19124746], [9.56764495, 44.19076502], [9.56786001, 44.19027627], [9.56804883, 44.18974304], [9.56828487, 44.18926215], [9.56850243, 44.18858373], [9.56828201, 44.18800855], [9.56785524, 44.18727446], [9.56749201, 44.18650806], [9.56721926, 44.18592286], [9.56702042, 44.18542385], [9.56686795, 44.18487644], [9.566872, 44.18423057], [9.56702995, 44.1836766], [9.56721985, 44.18322456], [9.56744254, 44.18286884], [9.56770074, 44.18256545], [9.56807172, 44.18230617], [9.56848645, 44.18213296], [9.56892025, 44.18196571], [9.56940985, 44.18176901], [9.56995368, 44.18151617], [9.57043695, 44.18131447], [9.57087874, 44.18113065], [9.57136476, 44.18092644], [9.57191324, 44.1806674], [9.572402, 44.18046367], [9.57280731, 44.18030763], [9.57314146, 44.18020368], [9.57341444, 44.18010855], [9.57328141, 44.17973661], [9.57376874, 44.17973328], [9.57438147, 44.17989993], [9.57497084, 44.18025816], [9.57539356, 44.18058336], [9.57593513, 44.18077254], [9.57675755, 44.18088365], [9.57753992, 44.18101561], [9.57820582, 44.18119037], [9.57867932, 44.18146658], [9.57893765, 44.18177366], [9.57910872, 44.18206274], [9.57923436, 44.18230045], [9.5794332, 44.18246412], [9.57980287, 44.18258154], [9.58037972, 44.18268561], [9.58109784, 44.18268096], [9.58169472, 44.18256664], [9.58217442, 44.18243134], [9.58264875, 44.1822952], [9.58311844, 44.18215954], [9.58342826, 44.18193531], [9.58361244, 44.18159115], [9.58377898, 44.18124402], [9.583902, 44.18092525], [9.58435011, 44.18065774], [9.58430636, 44.17998815], [9.58405352, 44.17926991], [9.58350825, 44.17833698], [9.58321631, 44.17736757], [9.58331704, 44.17665756], [9.5836941, 44.17610514], [9.58432865, 44.17568302], [9.58500731, 44.17544103], [9.58567512, 44.17524946], [9.58658814, 44.17498875], [9.58792686, 44.1746031], [9.58946502, 44.17426777], [9.59055603, 44.17398715], [9.59102845, 44.17379451], [9.59100366, 44.17357171], [9.59075046, 44.17321277], [9.59077656, 44.17276084], [9.59119403, 44.17221308], [9.59524214, 44.17208421], [9.59585261, 44.17194474], [9.59751737, 44.17194474], [9.59812784, 44.17208421], [9.60255015, 44.17211938], [9.60367322, 44.17195785], [9.60491574, 44.17183006], [9.60579586, 44.17167962], [9.60632491, 44.17144954], [9.60666716, 44.17104435], [9.60686946, 44.17056215], [9.60706615, 44.1702615], [9.60729086, 44.17012775], [9.60745823, 44.17001605], [9.60759091, 44.16987276], [9.60786676, 44.16970003], [9.60842288, 44.16937447], [9.60914695, 44.16875637], [9.60963774, 44.16801453], [9.60983384, 44.16722238], [9.60963488, 44.16629505], [9.60906112, 44.16545522], [9.60838485, 44.16482007], [9.60763443, 44.16433024], [9.607095, 44.16409147], [9.60677195, 44.16391385], [9.60643256, 44.16347957], [9.60594034, 44.16253746], [9.60552704, 44.16112757], [9.60596752, 44.16038418], [9.60610986, 44.15924776], [9.60629988, 44.15837646], [9.60648215, 44.15765452], [9.60666716, 44.15712666], [9.60682416, 44.15675294], [9.60703754, 44.15655625], [9.60735941, 44.15645385], [9.60775423, 44.15633214], [9.60817945, 44.15613902], [9.60858667, 44.15577471], [9.60892916, 44.15527892], [9.60926855, 44.1548022], [9.60952413, 44.15447485], [9.60985553, 44.15430665], [9.61042225, 44.15420485], [9.61118662, 44.15409064], [9.61202192, 44.15397775], [9.61252117, 44.15382433], [9.61272895, 44.15364444], [9.61290336, 44.15350437], [9.61314511, 44.15342295], [9.61723268, 44.15052772], [9.61737335, 44.15025854], [9.61756301, 44.14998436], [9.61775076, 44.14969075], [9.61795592, 44.14934242], [9.61814404, 44.14892721], [9.61834645, 44.14850545], [9.61853325, 44.14809024], [9.61873436, 44.14774263], [9.61891746, 44.14745152], [9.61911273, 44.14718175], [9.61929607, 44.14691007], [9.61952496, 44.14661384], [9.61981106, 44.14626396], [9.62017643, 44.14586985], [9.62046266, 44.14552367], [9.62068963, 44.14522886], [9.62086308, 44.14494002], [9.62103856, 44.14460885], [9.62121391, 44.14422095], [9.62149668, 44.14381135], [9.62197757, 44.14329684], [9.62265217, 44.14268196], [9.62310767, 44.14222348], [9.62370431, 44.14232028], [9.62411284, 44.14181232], [9.62453115, 44.14128435], [9.62508404, 44.14082086], [9.62564671, 44.14051402], [9.62956274, 44.13786995], [9.62983203, 44.13779175], [9.63001943, 44.1376574], [9.63015652, 44.13748086], [9.63037467, 44.13731933], [9.63071656, 44.13714254], [9.63107336, 44.13688648], [9.63131475, 44.13664317], [9.63152516, 44.13648963], [9.63175166, 44.13639116], [9.6319555, 44.13624191], [9.63222015, 44.13600266], [9.63270402, 44.13573515], [9.63331783, 44.13550055], [9.63382173, 44.135221], [9.6341027, 44.13490796], [9.63424027, 44.13453853], [9.63424134, 44.13411105], [9.63428128, 44.13372421], [9.63464224, 44.13346624], [9.63521647, 44.1334753], [9.63572657, 44.13373017], [9.63609326, 44.13406754], [9.63647831, 44.13436377], [9.63688457, 44.1345582], [9.63701046, 44.13464618], [9.63712013, 44.13483918], [9.63736892, 44.13501358], [9.63781977, 44.13524926], [9.63835525, 44.13562036], [9.63872075, 44.13597715], [9.6389631, 44.13628757], [9.63913655, 44.13660562], [9.63931894, 44.13701582], [9.6394968, 44.13751745], [9.63972414, 44.13795006], [9.64000702, 44.13834584], [9.64036524, 44.13879716], [9.64064825, 44.13928616], [9.64090407, 44.13981092], [9.64118707, 44.14042985], [9.64154494, 44.14103246], [9.64182496, 44.14153016], [9.64204705, 44.14189267], [9.64222372, 44.14218378], [9.64243054, 44.14246702], [9.64268625, 44.14275968], [9.6430515, 44.14301944], [9.6434201, 44.14317667], [9.64373088, 44.14329064], [9.64371574, 44.1438508], [9.64391756, 44.14411974], [9.64412057, 44.14434981], [9.64452541, 44.14451563], [9.64524496, 44.14463246], [9.64610493, 44.14472604], [9.64700997, 44.14471686], [9.64768136, 44.14463604], [9.64826882, 44.14463162], [9.6491245, 44.14470994], [9.65028703, 44.14473975], [9.65118241, 44.1447221], [9.6518563, 44.14470315], [9.65259278, 44.14454353], [9.65337884, 44.14426851], [9.65398777, 44.14419413], [9.65442681, 44.1443603], [9.65475166, 44.1447314], [9.65501225, 44.14513636], [9.65549195, 44.14531267], [9.65635192, 44.14512944], [9.65726531, 44.14462113], [9.65787733, 44.14409137], [9.65829897, 44.14362323], [9.6585232, 44.14320695], [9.65947545, 44.1433562], [9.6605252, 44.14337552], [9.66133142, 44.14323235], [9.66201878, 44.14293182], [9.66281843, 44.14243245], [9.66720057, 44.14232075], [9.66733944, 44.1421231], [9.66747642, 44.14188647], [9.66764081, 44.14162385], [9.66780221, 44.14134216], [9.668069, 44.14101005], [9.66858828, 44.1405735], [9.66948223, 44.14008021], [9.67034948, 44.13974595], [9.67081428, 44.13947487], [9.67098773, 44.13918698], [9.67114866, 44.13901281], [9.67143476, 44.13900006], [9.67186141, 44.13904715], [9.67245734, 44.13903606], [9.67317891, 44.139045], [9.67376864, 44.13906837], [9.67421091, 44.13900065], [9.67459297, 44.13890374], [9.67496932, 44.13884175], [9.67535508, 44.1388694], [9.67574632, 44.13885653], [9.67612553, 44.13875723], [9.67646325, 44.13864994], [9.67674553, 44.13853574], [9.67682397, 44.13792324], [9.67728555, 44.13748407], [9.67758417, 44.13712442], [9.67779255, 44.13683665], [9.67794597, 44.13661587], [9.67813325, 44.13647485], [9.67835331, 44.13638234], [9.67852986, 44.13624787], [9.67874467, 44.13607335], [9.67924511, 44.13592875], [9.68006146, 44.13581645], [9.68077374, 44.13568056], [9.68128431, 44.13551044], [9.68159175, 44.13524175], [9.68161166, 44.13489687], [9.68149662, 44.13443625], [9.68160975, 44.13388407], [9.68211627, 44.13348484], [9.68276632, 44.13338935], [9.68313062, 44.13354003], [9.68325663, 44.13381565], [9.68344224, 44.13403702], [9.68362534, 44.13403356], [9.68374574, 44.13387465], [9.68549216, 44.13225651], [9.68571961, 44.13174915], [9.68622506, 44.13145041], [9.68705714, 44.13130987], [9.68783486, 44.13118732], [9.68847752, 44.13106692], [9.68896925, 44.13092518], [9.6893754, 44.13079584], [9.68974292, 44.13066888], [9.69005001, 44.13056564], [9.69025445, 44.13042402], [9.69040668, 44.13015926], [9.69061136, 44.12972391], [9.69088292, 44.12912977], [9.69124866, 44.12857366], [9.69158626, 44.12816465], [9.69196785, 44.12788057], [9.69241464, 44.12770903], [9.6930325, 44.12753952], [9.69392574, 44.12733936], [9.69496202, 44.12712061], [9.69597244, 44.12705815], [9.69667745, 44.12712622], [9.69722021, 44.12713861], [9.69787276, 44.12704635], [9.69863832, 44.12692726], [9.69910967, 44.12678266], [9.69934022, 44.12660992], [9.69965935, 44.12644053], [9.70023215, 44.12619793], [9.70088434, 44.12578571], [9.70143735, 44.12532592], [9.70201957, 44.12491906], [9.70256364, 44.12469482], [9.70308876, 44.12455678], [9.70357835, 44.12433767], [9.70384085, 44.12376916], [9.7038244, 44.12284315], [9.70362794, 44.12214112], [9.70343566, 44.12173831], [9.70333111, 44.12146831], [9.70339501, 44.12122643], [9.7035135, 44.12109375], [9.70382273, 44.12109125], [9.70379305, 44.11980248], [9.70432317, 44.11951876], [9.7049396, 44.11926317], [9.70578635, 44.11899805], [9.70676506, 44.11879444], [9.70755196, 44.11862505], [9.70820475, 44.11848998], [9.70886016, 44.11838305], [9.70967627, 44.11838961], [9.71063137, 44.11847305], [9.71170735, 44.11850154], [9.71253574, 44.11848474], [9.71321225, 44.11851573], [9.71389961, 44.11849594], [9.71445358, 44.11838186], [9.71490574, 44.11825037], [9.71537781, 44.11810255], [9.71591258, 44.11796653], [9.71642017, 44.11780155], [9.71692955, 44.11759913], [9.71746874, 44.11734438], [9.7179414, 44.11714721], [9.71837235, 44.11696947], [9.71885824, 44.11675537], [9.71944964, 44.11643088], [9.72006094, 44.11627436], [9.72059023, 44.11567998], [9.72091043, 44.11522114], [9.72118461, 44.11495984], [9.72159004, 44.11477673], [9.72209895, 44.11456406], [9.72251511, 44.11439514], [9.72281492, 44.11417878], [9.72316217, 44.11380577], [9.72364211, 44.11331284], [9.72398961, 44.11294484], [9.72426891, 44.11274755], [9.72460926, 44.11259055], [9.72499084, 44.11232853], [9.72534645, 44.11197686], [9.72572327, 44.11157978], [9.72601068, 44.11120093], [9.72625494, 44.11076355], [9.72645724, 44.11019611], [9.72660196, 44.10955656], [9.72651577, 44.10887587], [9.72615254, 44.10839105], [9.72571564, 44.10810912], [9.72541356, 44.10784483], [9.72535956, 44.10756731], [9.72550642, 44.10678887], [9.72583532, 44.10635281], [9.72623611, 44.10581064], [9.72678196, 44.10521007], [9.72724676, 44.10467625], [9.72763765, 44.10417795], [9.7279098, 44.1037662], [9.72823286, 44.10354304], [9.72871375, 44.10344636], [9.73114371, 44.10187495], [9.73154128, 44.10178184], [9.73194826, 44.10164118], [9.73236024, 44.10145962], [9.73272252, 44.10119176], [9.73296595, 44.10088825], [9.73320878, 44.10056186], [9.73355401, 44.10018623], [9.73408484, 44.09979868], [9.73460054, 44.09954345], [9.73504162, 44.09937394], [9.73544693, 44.09925306], [9.73583543, 44.09913385], [9.73616314, 44.09902775], [9.73633695, 44.09887922], [9.73630035, 44.09862876], [9.73609233, 44.09827888], [9.73584306, 44.09787083], [9.73562956, 44.09752095], [9.73569035, 44.09726763], [9.73625505, 44.09711683], [9.73728395, 44.09700882], [9.73825371, 44.0968883], [9.73905337, 44.09678686], [9.73963237, 44.09668267], [9.73937213, 44.09598207], [9.73915064, 44.09570312], [9.73903978, 44.09514511], [9.73881841, 44.09486604], [9.73871017, 44.09220815], [9.73894703, 44.09212053], [9.73916316, 44.09202504], [9.73931932, 44.09187651], [9.73958266, 44.09169686], [9.74034727, 44.09160125], [9.74170494, 44.09162593], [9.74304771, 44.09165323], [9.74436784, 44.09144855], [9.74551201, 44.09103036], [9.7463063, 44.0908221], [9.74703825, 44.09084761], [9.74793565, 44.09086311], [9.74878955, 44.09075975], [9.74955475, 44.09056854], [9.75007796, 44.09028542], [9.75049245, 44.09002101], [9.75128973, 44.08987761], [9.75258422, 44.08989751], [9.7536453, 44.09002912], [9.75436211, 44.09017777], [9.75483835, 44.09033573], [9.75521576, 44.09047413], [9.75557995, 44.09061027], [9.75595105, 44.09070802], [9.75639093, 44.09044981], [9.75714016, 44.09024465], [9.75778866, 44.08999586], [9.75824177, 44.08981884], [9.75855327, 44.08968365], [9.75847566, 44.08691394], [9.75808811, 44.08663237], [9.76007438, 44.08481598], [9.76087022, 44.08383703], [9.76219261, 44.08315158], [9.76381874, 44.08296335], [9.76503217, 44.08305895], [9.76580918, 44.08303785], [9.76620734, 44.08262825], [9.76653743, 44.08184147], [9.76710963, 44.08116448], [9.76785707, 44.08081734], [9.76876485, 44.08065248], [9.76986516, 44.08054638], [9.77083254, 44.08042526], [9.77173412, 44.08030403], [9.77262366, 44.08015406], [9.77352893, 44.07997024], [9.77408373, 44.07969618], [9.77423108, 44.07939184], [9.77401221, 44.07509255], [9.77447975, 44.07490516], [9.77491045, 44.07487285], [9.77538955, 44.07495284], [9.77606344, 44.07496297], [9.77703702, 44.07485735], [9.77828312, 44.07472074], [9.77925503, 44.07458031], [9.77993536, 44.07448351], [9.78044951, 44.07439137], [9.78095341, 44.07419646], [9.78145933, 44.07367456], [9.7817924, 44.07297027], [9.78205836, 44.07240915], [9.78239405, 44.0719732], [9.78290772, 44.07159436], [9.78342211, 44.07135177], [9.78392875, 44.07117784], [9.78453076, 44.07105124], [9.78529906, 44.07095313], [9.78633738, 44.07096803], [9.78750312, 44.07106805], [9.78870285, 44.07109535], [9.7894026, 44.07098305], [9.78969955, 44.07078195], [9.78969944, 44.07065177], [9.79011667, 44.07045805], [9.79047513, 44.07018793], [9.7907052, 44.0699383], [9.79093075, 44.06981564], [9.79122675, 44.06984186], [9.79152918, 44.06991374], [9.79177666, 44.06982768], [9.79203475, 44.06954265], [9.79236925, 44.06915057], [9.79262876, 44.06884086], [9.7928611, 44.06867766], [9.79310024, 44.06859708], [9.79327905, 44.0684756], [9.79341936, 44.06823874], [9.79365444, 44.06785107], [9.7940973, 44.06728971], [9.79485035, 44.06667554], [9.79566741, 44.06619406], [9.79646575, 44.06577337], [9.79707813, 44.06546605], [9.79751992, 44.06515753], [9.79785752, 44.06480026], [9.79820704, 44.06439602], [9.79847336, 44.06401098], [9.79862857, 44.06392586], [9.79921365, 44.06381655], [9.79977965, 44.06366396], [9.80050683, 44.06351924], [9.80160367, 44.06342196], [9.80307591, 44.06350696], [9.80420935, 44.06375194], [9.80487025, 44.06393671], [9.80534875, 44.06395638], [9.80584538, 44.06378007], [9.80635238, 44.06358027], [9.80695415, 44.06340384], [9.80768967, 44.0632658], [9.80836976, 44.06312811], [9.8089776, 44.06300175], [9.80947757, 44.06284678], [9.80990314, 44.06265235], [9.81025052, 44.06237745], [9.81046772, 44.06212235], [9.81068254, 44.06199312], [9.81098378, 44.06201804], [9.81135023, 44.06211841], [9.81176376, 44.06213105], [9.81226051, 44.06203473], [9.81286454, 44.06193042], [9.81304121, 44.06174064], [9.81328952, 44.06127453], [9.81365931, 44.06092203], [9.81407475, 44.06072414], [9.81448185, 44.06061804], [9.81487572, 44.06062055], [9.81526244, 44.06066287], [9.81564534, 44.06060934], [9.81602514, 44.06049526], [9.81640947, 44.06034398], [9.81682622, 44.06020248], [9.81731987, 44.06005406], [9.81787944, 44.05992198], [9.81835842, 44.05978692], [9.81869686, 44.05966771], [9.81888807, 44.05952644], [9.81901467, 44.05935192], [9.81922531, 44.05919373], [9.81956172, 44.05901921], [9.81991124, 44.05876315], [9.82014668, 44.05851376], [9.82037461, 44.05834353], [9.82068634, 44.05822515], [9.82105994, 44.05810344], [9.82145441, 44.05801022], [9.82227635, 44.05752146], [9.82254875, 44.05744112], [9.82276905, 44.05728483], [9.82300365, 44.05704355], [9.82334888, 44.05679691], [9.82368958, 44.0566076], [9.82395005, 44.05635583], [9.8242135, 44.05594325], [9.82456112, 44.05548632], [9.82484066, 44.05511212], [9.82505715, 44.05481112], [9.82519734, 44.05453706], [9.82700062, 44.05318403], [9.82728195, 44.05280185], [9.82766116, 44.05238116], [9.82803571, 44.05195832], [9.82843995, 44.05153167], [9.82880151, 44.05116308], [9.82918978, 44.0508908], [9.82952285, 44.05072916], [9.82972181, 44.05058527], [9.82984662, 44.05041587], [9.83006597, 44.05025196], [9.83048034, 44.05006254], [9.83103704, 44.04981387], [9.83155966, 44.04962766], [9.83198476, 44.04949296], [9.83224332, 44.04936063], [9.83220685, 44.04906976], [9.83192563, 44.04849851], [9.83181286, 44.04784107], [9.83210075, 44.04751027], [9.83279526, 44.0476073], [9.83361447, 44.0479635], [9.83417952, 44.048262], [9.83441249, 44.04851487]], [[8.80263507, 44.41741061], [8.80299783, 44.41796505], [8.80310667, 44.41854024], [8.80236614, 44.41807115], [8.80225015, 44.41787505], [8.80205214, 44.41773784], [8.80179691, 44.41764152], [8.80159867, 44.41750443], [8.80148292, 44.41730833], [8.79958594, 44.41587615], [8.79958594, 44.41559696], [8.79770005, 44.41417277], [8.79758811, 44.41397953], [8.79736662, 44.41382563], [8.79701662, 44.41366124], [8.79664826, 44.41340256], [8.79638517, 44.41310096], [8.79450154, 44.41150165], [8.79532373, 44.41166937], [8.79610765, 44.41208327], [8.79664254, 44.41251504], [8.79706526, 44.41282916], [8.79739654, 44.41300094], [8.79759586, 44.41314864], [8.79769444, 44.41333497], [8.79958594, 44.41475987], [8.79958594, 44.41503894], [8.80148506, 44.41647482], [8.80158985, 44.41666234], [8.80177546, 44.41678548], [8.80203354, 44.41687012], [8.80230582, 44.41704226], [8.80263507, 44.41741061]], [[8.22528994, 44.02372766], [8.22571576, 44.02371717], [8.22654355, 44.02387178], [8.22774696, 44.02417576], [8.22872055, 44.02471805], [8.22911191, 44.02537906], [8.22892976, 44.02599764], [8.22821105, 44.02654135], [8.22743666, 44.02685904], [8.22687125, 44.0270375], [8.226408, 44.02715635], [8.22583151, 44.02727687], [8.22504067, 44.02736914], [8.22433567, 44.02687216], [8.22417855, 44.02645183], [8.22402346, 44.02610934], [8.22402227, 44.02580273], [8.22421014, 44.02543604], [8.22449756, 44.02494585], [8.22484088, 44.024405], [8.22506964, 44.0239557], [8.22528994, 44.02372766]], [[9.40773845, 43.02216423], [9.40817416, 43.02203465], [9.4088459, 43.02213657], [9.40931416, 43.02262795], [9.40925133, 43.02348721], [9.40875578, 43.02446938], [9.40825558, 43.02537477], [9.40783191, 43.02601194], [9.40755773, 43.02640235], [9.40730584, 43.02671015], [9.40695894, 43.02705586], [9.40644372, 43.02742004], [9.40600526, 43.02765441], [9.40575993, 43.02782714], [9.40564275, 43.02801025], [9.40554094, 43.02818835], [9.40539432, 43.02800083], [9.40528381, 43.02780783], [9.40509355, 43.02768028], [9.40484464, 43.02760434], [9.40463531, 43.02747941], [9.40446997, 43.02721167], [9.40429711, 43.02671647], [9.40416515, 43.02596974], [9.40640974, 43.02389085], [9.40656281, 43.02308393], [9.40684533, 43.02265036], [9.40722942, 43.02248847], [9.40750802, 43.02235234], [9.40773845, 43.02216423]], [[9.34282625, 42.96273255], [9.34389675, 42.96262574], [9.34455836, 42.96264613], [9.34477556, 42.96287525], [9.34453881, 42.96330297], [9.34393954, 42.96374452], [9.34336126, 42.96406805], [9.34302485, 42.96447384], [9.34267604, 42.96505797], [9.34183443, 42.96552742], [9.34039772, 42.96580315], [9.33976054, 42.96552217], [9.33997667, 42.96472847], [9.3402853, 42.96396494], [9.34068704, 42.96328914], [9.34151244, 42.96290696], [9.34282625, 42.96273255]]]]}, "geometry_name": "the_geom", "properties": {"name": "Ligurian Sea", "id": "28d", "longitude": 8.91394655986, "latitude": 43.7222954377, "min_x": 7.53899633911, "min_y": 42.86442416387, "max_x": 9.85205805284, "max_y": 44.42720294006, "area": 16949, "mrgid": 3363}}], "totalFeatures": 1, "numberMatched": 1, "numberReturned": 1, "timeStamp": "2026-08-12T16:56:15.066Z", "crs": {"type": "name", "properties": {"name": "urn:ogc:def:crs:EPSG::4326"}}}