{"type": "FeatureCollection", "features": [{"type": "Feature", "id": "iho.96", "geometry": {"type": "MultiPolygon", "coordinates": [[[[10.6300873, 57.73523296], [10.6799592, 57.74525506], [10.72983111, 57.75527716], [10.80130299, 57.76963992], [10.88736235, 57.78693414], [10.97342172, 57.80422835], [11.05948108, 57.82152257], [11.14554045, 57.83881678], [11.19851873, 57.84946313], [11.25149701, 57.86010947], [11.31766467, 57.87340632], [11.38383234, 57.88670316], [11.45, 57.9], [11.49760591, 57.92872816], [11.54521182, 57.95745632], [11.54923916, 57.95653796], [11.55455756, 57.95752561], [11.55590606, 57.95694947], [11.55280125, 57.95503163], [11.56004131, 57.95286524], [11.5654242, 57.9553318], [11.56587374, 57.9570893], [11.55859828, 57.95737934], [11.55886424, 57.95814824], [11.56576204, 57.95919085], [11.56940496, 57.96248424], [11.57900262, 57.96102881], [11.57924354, 57.96012425], [11.5770117, 57.96049595], [11.56781065, 57.95475805], [11.56302524, 57.95364451], [11.56288171, 57.95046151], [11.55524611, 57.95173275], [11.55323565, 57.94829655], [11.54679704, 57.95117831], [11.53472674, 57.94530344], [11.53621852, 57.94344175], [11.5433073, 57.94286871], [11.54493976, 57.94365525], [11.5437299, 57.94606841], [11.54427624, 57.94643366], [11.54894006, 57.94769776], [11.55730581, 57.94803846], [11.56330097, 57.94584096], [11.56337285, 57.94460964], [11.56064713, 57.9435966], [11.56134737, 57.94208503], [11.57608295, 57.93935335], [11.57639015, 57.93905163], [11.57502413, 57.93448913], [11.56983876, 57.93619657], [11.56446874, 57.93649185], [11.56084537, 57.93859863], [11.55475271, 57.93856776], [11.55787075, 57.93617582], [11.55753064, 57.93389225], [11.56089795, 57.93128192], [11.5655061, 57.92958498], [11.56698096, 57.92918181], [11.57037544, 57.92904055], [11.57394505, 57.92977715], [11.58028352, 57.93243074], [11.58537853, 57.93114924], [11.59234333, 57.93196785], [11.59330988, 57.93434644], [11.59388316, 57.93450665], [11.59828794, 57.9341917], [11.60130036, 57.93554676], [11.6015625, 57.93554676], [11.60676253, 57.93742096], [11.61042213, 57.93674958], [11.61375046, 57.93746758], [11.61690581, 57.94154096], [11.62832618, 57.94783294], [11.62742972, 57.94945848], [11.63194311, 57.94909453], [11.63060248, 57.9514842], [11.63357496, 57.95515847], [11.62775612, 57.95610702], [11.62667584, 57.95880234], [11.63382065, 57.95732605], [11.63895607, 57.95772171], [11.63914502, 57.95800066], [11.63868773, 57.95867944], [11.63316846, 57.95863724], [11.63145745, 57.96282208], [11.63675034, 57.96287131], [11.64127815, 57.95963264], [11.65232575, 57.96260214], [11.66932285, 57.96177161], [11.67503393, 57.96463192], [11.67719758, 57.96424425], [11.67808163, 57.96568787], [11.68549788, 57.96873355], [11.68603361, 57.96921146], [11.68842888, 57.97437871], [11.68205357, 57.97676921], [11.68031573, 57.97554791], [11.67306376, 57.97594845], [11.67182553, 57.97781944], [11.67528224, 57.98148167], [11.68227386, 57.97907567], [11.68506205, 57.98281705], [11.69473362, 57.98230827], [11.69286215, 57.98447204], [11.69425535, 57.98659301], [11.69218385, 57.98815608], [11.69822896, 57.98744404], [11.69838631, 57.99069011], [11.69462955, 57.99224722], [11.69740093, 57.99349594], [11.69094312, 58.00085783], [11.68664956, 58.00101352], [11.6857841, 58.00142157], [11.67930984, 58.00495672], [11.67863882, 58.00609446], [11.67889905, 58.00655305], [11.68067706, 58.0078125], [11.68103242, 58.0078125], [11.68103242, 58.00795186], [11.68303227, 58.00806355], [11.68366384, 58.0078125], [11.68382084, 58.0078125], [11.68728483, 58.00616777], [11.69992232, 58.00307751], [11.70175087, 58.0033921], [11.70096445, 58.00537705], [11.70425296, 58.00660086], [11.70419276, 58.00678205], [11.69953895, 58.0078125], [11.69787383, 58.0078125], [11.69481432, 58.00971866], [11.69495726, 58.01016748], [11.69633675, 58.01054871], [11.708956, 58.00910294], [11.70788908, 58.01457226], [11.71199727, 58.01552796], [11.71347201, 58.01720011], [11.70904851, 58.02070618], [11.71520972, 58.02375841], [11.72340214, 58.02062404], [11.72676516, 58.01387727], [11.72101665, 58.00907576], [11.72103047, 58.0078125], [11.72206831, 58.0078125], [11.72203565, 58.0064342], [11.72295511, 58.00626135], [11.72811556, 58.00721025], [11.72866106, 58.00709951], [11.73004425, 58.00583255], [11.72694933, 58.00421453], [11.70897782, 57.99899852], [11.70896983, 57.99734926], [11.71755946, 57.993384], [11.71875513, 57.99161601], [11.72350776, 57.99057984], [11.72425067, 57.99057031], [11.73220086, 57.99289751], [11.73213434, 57.99383056], [11.73824787, 57.99573457], [11.74231577, 57.99806476], [11.74269426, 57.99846137], [11.74282575, 58.00198162], [11.75137031, 58.00410688], [11.75579453, 58.00588787], [11.75717211, 58.0078125], [11.75787103, 58.0078125], [11.76276016, 58.01643896], [11.76205921, 58.02070212], [11.76405251, 58.02573586], [11.76271355, 58.02784383], [11.76482797, 58.02968407], [11.7656219, 58.03535962], [11.76380825, 58.03627157], [11.75984383, 58.03436208], [11.75669026, 58.03554463], [11.75712812, 58.04067123], [11.76076818, 58.03968096], [11.76341403, 58.04142845], [11.75453973, 58.04800093], [11.75894177, 58.05540395], [11.76181805, 58.05658484], [11.77446127, 58.05482757], [11.77825904, 58.05936205], [11.77743757, 58.06125236], [11.77245808, 58.0610249], [11.77250636, 58.05972493], [11.76977456, 58.05954194], [11.76563676, 58.0636233], [11.79641209, 58.07211371], [11.79925251, 58.07154596], [11.80031097, 58.06967127], [11.79132593, 58.06630695], [11.79249835, 58.06361103], [11.7905426, 58.06266105], [11.79055572, 58.06007135], [11.79808271, 58.05811465], [11.80087364, 58.05573952], [11.80301762, 58.05696225], [11.80132353, 58.05935836], [11.80712235, 58.06166124], [11.80939138, 58.06403303], [11.80934048, 58.06903195], [11.81248915, 58.07135856], [11.81231332, 58.07214272], [11.80808929, 58.07533526], [11.81392484, 58.0769452], [11.81399858, 58.0769062], [11.81582475, 58.07746935], [11.81533748, 58.07478706], [11.81326926, 58.06340206], [11.82091105, 58.05518484], [11.81522524, 58.05285728], [11.81687081, 58.05005455], [11.81278265, 58.04593515], [11.81954455, 58.04229474], [11.82102585, 58.03836501], [11.81960654, 58.03380001], [11.81691015, 58.03282106], [11.81948745, 58.02914214], [11.81518066, 58.02519763], [11.81676805, 58.02267647], [11.80561161, 58.01894402], [11.80022705, 58.01501524], [11.80004537, 58.01470685], [11.80416203, 58.01325047], [11.80454707, 58.00939226], [11.80576336, 58.0078125], [11.80589843, 58.0078125], [11.80791843, 58.00585306], [11.80701005, 58.00319338], [11.80730557, 58.00280488], [11.81347394, 57.99989605], [11.81370914, 57.99948573], [11.81075776, 57.99636495], [11.81075728, 57.99581528], [11.81441307, 57.99241686], [11.81440735, 57.99198008], [11.81235504, 57.98975396], [11.81087637, 57.98929834], [11.79947174, 57.98938882], [11.79274523, 57.98808491], [11.79121852, 57.98700035], [11.79440177, 57.98367524], [11.79880607, 57.98202026], [11.79764736, 57.98019302], [11.7941153, 57.97882771], [11.78480053, 57.97966647], [11.77609944, 57.97531283], [11.77500665, 57.97300923], [11.75559926, 57.96692061], [11.75530016, 57.96328056], [11.75308394, 57.96319485], [11.75545204, 57.96084952], [11.75724935, 57.94963813], [11.78263438, 57.95185983], [11.78487146, 57.94996405], [11.77515447, 57.94891036], [11.76964116, 57.94628823], [11.76651275, 57.94691765], [11.76266527, 57.94538736], [11.75731635, 57.94650614], [11.75252175, 57.94472051], [11.75500464, 57.93913353], [11.75091863, 57.93972194], [11.74510467, 57.93875873], [11.75010657, 57.93734801], [11.74977064, 57.93568385], [11.74704504, 57.93697655], [11.74522245, 57.9352144], [11.74611545, 57.93427753], [11.74803483, 57.93458664], [11.74925876, 57.93295682], [11.74782634, 57.93193412], [11.75040555, 57.93075824], [11.75597954, 57.93180215], [11.75774014, 57.93564987], [11.76356983, 57.93800223], [11.76552117, 57.93741536], [11.76628554, 57.93228924], [11.77004111, 57.93060565], [11.77583861, 57.93112862], [11.78213572, 57.92920077], [11.78785002, 57.92469525], [11.78766096, 57.92089725], [11.78260303, 57.92000425], [11.77189672, 57.92150962], [11.76531041, 57.92132425], [11.75944006, 57.91977417], [11.75776064, 57.92091656], [11.75850046, 57.92266035], [11.75366747, 57.92380607], [11.75195062, 57.92254543], [11.75565636, 57.91364205], [11.76525056, 57.90841258], [11.77524805, 57.90597093], [11.78198493, 57.90562642], [11.77750862, 57.90394986], [11.78385782, 57.90207267], [11.77822995, 57.90084076], [11.76634645, 57.90398753], [11.7565757, 57.90398824], [11.74056482, 57.90132666], [11.72541416, 57.90311503], [11.72458637, 57.90311682], [11.71468127, 57.90148211], [11.71365213, 57.90103447], [11.71289074, 57.89859474], [11.70329177, 57.89246511], [11.70364356, 57.89154077], [11.71652424, 57.88977134], [11.71488035, 57.88771093], [11.71920073, 57.88681114], [11.71890855, 57.88518047], [11.70900345, 57.87959003], [11.71097183, 57.87364483], [11.7055639, 57.87384415], [11.7002027, 57.87218606], [11.69803727, 57.8689146], [11.69897795, 57.86482596], [11.68372238, 57.85529101], [11.68388855, 57.85411632], [11.6787858, 57.85400736], [11.67465174, 57.85528624], [11.67487884, 57.85631525], [11.67851353, 57.85729277], [11.68665504, 57.8654927], [11.68956637, 57.86472511], [11.6932168, 57.86673164], [11.69281161, 57.87014997], [11.69576788, 57.87386775], [11.69561601, 57.87519944], [11.69217956, 57.87596095], [11.68522084, 57.87465775], [11.67858136, 57.86900115], [11.67850733, 57.86397088], [11.66871727, 57.85835385], [11.67251503, 57.85609722], [11.66843271, 57.8544445], [11.66690874, 57.85559964], [11.66471422, 57.85541964], [11.65878391, 57.85144246], [11.66127634, 57.85029507], [11.66625297, 57.85110247], [11.66819847, 57.85334504], [11.67080522, 57.85243034], [11.67517936, 57.85365796], [11.67948556, 57.85059977], [11.67359304, 57.84864104], [11.67964876, 57.84930182], [11.68349707, 57.84847486], [11.68516242, 57.84865665], [11.68948925, 57.84990025], [11.70219743, 57.85695004], [11.70265162, 57.85712266], [11.70657957, 57.85794711], [11.70870292, 57.85640657], [11.71157718, 57.85285902], [11.70536387, 57.85165751], [11.70960486, 57.85020971], [11.68414152, 57.84366596], [11.68311346, 57.84281445], [11.68251264, 57.83890533], [11.68484175, 57.83790386], [11.68318152, 57.83664835], [11.68408775, 57.83621442], [11.68459892, 57.83613575], [11.6977514, 57.83725154], [11.69006038, 57.83366025], [11.68992627, 57.83328402], [11.69278073, 57.83217537], [11.69272757, 57.83203125], [11.69284356, 57.83203125], [11.69188118, 57.83051527], [11.69599915, 57.83080757], [11.69865286, 57.8280158], [11.70421374, 57.82559192], [11.70594895, 57.82507277], [11.70743835, 57.82505703], [11.70861232, 57.82555973], [11.70926666, 57.82618797], [11.70945263, 57.82724786], [11.70878565, 57.82753456], [11.70168614, 57.82885838], [11.70725954, 57.83072972], [11.71030986, 57.82748914], [11.71604586, 57.82782447], [11.71813965, 57.82666636], [11.71432078, 57.82454681], [11.71446991, 57.82323205], [11.72099805, 57.82287645], [11.72589397, 57.82432735], [11.72952032, 57.82247353], [11.73120975, 57.81864834], [11.72475231, 57.81759775], [11.72367024, 57.81686914], [11.72388721, 57.81650305], [11.73446202, 57.81334007], [11.7348659, 57.81296206], [11.73472846, 57.80925095], [11.73706377, 57.80650175], [11.73252451, 57.80325735], [11.73566425, 57.80331194], [11.73842096, 57.80530596], [11.74380374, 57.80524862], [11.74466252, 57.80327415], [11.74065924, 57.80151606], [11.74119902, 57.79980814], [11.74408257, 57.7987293], [11.75034285, 57.79881108], [11.75031388, 57.79783726], [11.72821295, 57.79380071], [11.72716713, 57.79330313], [11.72682476, 57.79291105], [11.72967875, 57.79247451], [11.73108411, 57.78960395], [11.73046315, 57.78875732], [11.72532082, 57.78876174], [11.72443342, 57.78776312], [11.72478974, 57.78750741], [11.73276365, 57.78324306], [11.73341823, 57.78336334], [11.74273002, 57.78582573], [11.75126326, 57.78924453], [11.75926101, 57.79400182], [11.76041615, 57.79405868], [11.76101065, 57.79304194], [11.75831938, 57.78886604], [11.76333106, 57.78829825], [11.76470733, 57.78859532], [11.76958275, 57.79115105], [11.76931524, 57.79598916], [11.77275646, 57.79723716], [11.77342045, 57.79729426], [11.792328, 57.79525256], [11.78667343, 57.79259098], [11.78972876, 57.79224634], [11.79313016, 57.79369867], [11.79620194, 57.79105973], [11.79946673, 57.79221356], [11.79858565, 57.79461193], [11.80101502, 57.79499614], [11.80804241, 57.79529607], [11.80923796, 57.79370952], [11.81517696, 57.79276121], [11.82378745, 57.79315174], [11.84139848, 57.79634476], [11.85012305, 57.79972565], [11.85370755, 57.80318785], [11.85856974, 57.80509734], [11.89180827, 57.82775664], [11.89777875, 57.83077562], [11.89924157, 57.83214915], [11.90148711, 57.83538997], [11.90131021, 57.84214854], [11.90317178, 57.84483695], [11.91031277, 57.84617782], [11.92179406, 57.84361446], [11.92360997, 57.84362376], [11.92982447, 57.84406626], [11.94202066, 57.84881938], [11.94907081, 57.84685636], [11.95035064, 57.84698617], [11.953125, 57.84821415], [11.95339346, 57.84841335], [11.95946765, 57.85811865], [11.96382534, 57.86260033], [11.97016704, 57.86507595], [11.97481251, 57.86582613], [11.97870183, 57.8661499], [11.98764825, 57.86571932], [11.99577653, 57.8608036], [11.99733818, 57.86039817], [11.99906254, 57.86028421], [12.00871134, 57.86072636], [12.01281798, 57.86192203], [12.01435781, 57.86292267], [12.01534045, 57.86393356], [12.01521897, 57.86408532], [12.01111364, 57.86511314], [12.01868737, 57.87011671], [12.03059614, 57.88348281], [12.03480434, 57.88914001], [12.04084051, 57.90432847], [12.04725695, 57.90892935], [12.06899226, 57.93788421], [12.07749891, 57.94520235], [12.08203626, 57.94765353], [12.08300257, 57.94748032], [12.08354092, 57.94653213], [12.08307385, 57.94578457], [12.07596636, 57.94078445], [12.07421148, 57.93903542], [12.06721437, 57.93148041], [12.06129384, 57.92069674], [12.06097865, 57.92033482], [12.05374634, 57.9148519], [12.0540452, 57.91188455], [12.04578292, 57.90211642], [12.03457987, 57.8828572], [12.01551557, 57.86052418], [12.01446307, 57.85976446], [11.99920464, 57.85916221], [11.99806714, 57.85926461], [11.98363674, 57.86454272], [11.97190475, 57.86436558], [11.97109187, 57.86420345], [11.96804714, 57.86317313], [11.96549356, 57.85971796], [11.95964098, 57.85705972], [11.95928454, 57.85672986], [11.95469666, 57.84807467], [11.953125, 57.84737706], [11.953125, 57.84709823], [11.95195985, 57.84668994], [11.95072377, 57.84659028], [11.94033873, 57.84737384], [11.92718995, 57.84291291], [11.92090154, 57.84290564], [11.90960002, 57.8456434], [11.90818298, 57.84553456], [11.90659964, 57.84495902], [11.90500176, 57.84386504], [11.90288222, 57.84021175], [11.90188158, 57.83247113], [11.90159953, 57.83223498], [11.90089321, 57.83137166], [11.8561635, 57.80255342], [11.85086262, 57.79656386], [11.84115064, 57.79327595], [11.83980274, 57.79304731], [11.83320773, 57.79202068], [11.83331943, 57.79000354], [11.81463563, 57.78584015], [11.8101567, 57.78250933], [11.81609142, 57.78081024], [11.81535637, 57.77891445], [11.81048906, 57.7771337], [11.80416155, 57.77751636], [11.79847527, 57.77584064], [11.79683697, 57.77448344], [11.80239093, 57.77286482], [11.79572582, 57.77201366], [11.79162204, 57.77013445], [11.78709078, 57.77109694], [11.78691196, 57.76925755], [11.77980924, 57.76550114], [11.77920663, 57.76491511], [11.7790029, 57.76440811], [11.78199351, 57.76402116], [11.79827607, 57.76437283], [11.79884684, 57.76273561], [11.80350506, 57.76168156], [11.8039757, 57.76134455], [11.80314982, 57.76050198], [11.80049241, 57.76131308], [11.79906035, 57.75823593], [11.79509675, 57.75768411], [11.80261612, 57.75502396], [11.79951251, 57.75090015], [11.7959007, 57.75063312], [11.79344547, 57.75175524], [11.78339493, 57.75108826], [11.77450013, 57.74855578], [11.77985907, 57.74837506], [11.77892017, 57.74671257], [11.76438975, 57.74612558], [11.7543627, 57.7474066], [11.74195266, 57.74597645], [11.73217916, 57.74282992], [11.73352456, 57.74061], [11.72753024, 57.73995531], [11.72415864, 57.73790622], [11.72341478, 57.73451686], [11.71875608, 57.73670018], [11.71557474, 57.73603594], [11.71588647, 57.73317206], [11.72152257, 57.73198867], [11.72148085, 57.72960484], [11.71708107, 57.72480667], [11.71512973, 57.72519934], [11.71453595, 57.72734213], [11.712309, 57.72642314], [11.71296215, 57.72436321], [11.70513797, 57.72372305], [11.70332885, 57.71906805], [11.70717752, 57.71606207], [11.71125007, 57.71560621], [11.71265936, 57.71413386], [11.71690035, 57.71494615], [11.71762764, 57.71397984], [11.70113456, 57.70817816], [11.70208705, 57.70467472], [11.70256448, 57.70421934], [11.70568395, 57.70375991], [11.70731211, 57.70557785], [11.70571542, 57.70755458], [11.70746255, 57.70805812], [11.71221936, 57.70171905], [11.71902454, 57.69804752], [11.72481275, 57.69831526], [11.73435867, 57.70077515], [11.7426002, 57.69648755], [11.75396645, 57.69369531], [11.75675654, 57.68945193], [11.75258136, 57.68935704], [11.75088251, 57.68722224], [11.75151837, 57.68634248], [11.75679565, 57.68649948], [11.75496972, 57.68442345], [11.75622451, 57.68364155], [11.76231086, 57.68681848], [11.76052427, 57.68802273], [11.75843728, 57.68778145], [11.75783432, 57.68908417], [11.76984406, 57.68657506], [11.77028155, 57.69113648], [11.76704586, 57.69291866], [11.76920927, 57.69804573], [11.77299738, 57.69764102], [11.77723455, 57.69885266], [11.77520633, 57.69538653], [11.77949703, 57.69435155], [11.78691387, 57.69565165], [11.79024541, 57.69992506], [11.78682208, 57.70207846], [11.79202855, 57.70294201], [11.79052663, 57.70714486], [11.78630567, 57.70913947], [11.78650022, 57.71021724], [11.79118097, 57.7128303], [11.79238081, 57.71188617], [11.79855943, 57.71227932], [11.80112505, 57.70823967], [11.80532455, 57.70828927], [11.80977225, 57.70654035], [11.80595803, 57.70605016], [11.80298555, 57.70691121], [11.79867947, 57.70012331], [11.79534614, 57.69844162], [11.7924782, 57.69869471], [11.79004335, 57.6946758], [11.79420936, 57.69359112], [11.79682481, 57.69104075], [11.80214357, 57.69008505], [11.80435467, 57.68299377], [11.80702472, 57.68439913], [11.80701435, 57.68744338], [11.80306053, 57.69386291], [11.80005062, 57.69535995], [11.80176246, 57.69686246], [11.80524361, 57.69668734], [11.81145334, 57.69277096], [11.81494641, 57.69244897], [11.81434405, 57.69618273], [11.81651223, 57.69373655], [11.82229364, 57.69354343], [11.82337773, 57.69103277], [11.82699096, 57.69354343], [11.82867718, 57.69032466], [11.84168553, 57.68974543], [11.84325135, 57.69322145], [11.84650338, 57.69386518], [11.84566033, 57.6881361], [11.86624205, 57.68826628], [11.86830044, 57.69135475], [11.87167335, 57.69109726], [11.86986637, 57.68839347], [11.8710711, 57.68826485], [11.87299836, 57.69083965], [11.87890112, 57.68935907], [11.88424206, 57.69133925], [11.88514984, 57.69123721], [11.88588476, 57.69109118], [11.8862493, 57.68916595], [11.888538, 57.68903732], [11.88877892, 57.69026041], [11.89672935, 57.69109726], [11.90330446, 57.69375682], [11.90856063, 57.69681025], [11.90848517, 57.69998872], [11.90991604, 57.69652855], [11.91586554, 57.70067275], [11.92554307, 57.70271456], [11.92671013, 57.70835722], [11.92740858, 57.70308006], [11.93242586, 57.70235884], [11.94277954, 57.70410371], [11.941998, 57.70779395], [11.94418192, 57.70533967], [11.95013118, 57.70674777], [11.94583857, 57.70389128], [11.95073366, 57.70674777], [11.953125, 57.70675206], [11.95434737, 57.70749056], [11.95458364, 57.70812714], [11.95429862, 57.70927048], [11.95310104, 57.70976543], [11.94883025, 57.71132243], [11.95176792, 57.71630716], [11.95212924, 57.7163918], [11.95314622, 57.7160418], [11.95133853, 57.71262586], [11.953125, 57.71205354], [11.95599318, 57.71582437], [11.95628703, 57.7159332], [11.95768797, 57.71559525], [11.95707786, 57.71292758], [11.96236527, 57.71496761], [11.96247828, 57.71481061], [11.95607924, 57.71040022], [11.96545124, 57.71549904], [11.98799348, 57.72304535], [11.99040174, 57.72103465], [11.96849978, 57.71434295], [11.95863414, 57.70949912], [11.95722222, 57.70622885], [11.95534635, 57.70412254], [11.953125, 57.70340395], [11.953125, 57.703125], [11.94801545, 57.70179915], [11.92785835, 57.70020854], [11.91223645, 57.69526982], [11.91332102, 57.69372666], [11.91179144, 57.69241798], [11.89279604, 57.68642545], [11.88699865, 57.68591142], [11.88836575, 57.68718457], [11.88199568, 57.68606317], [11.87514484, 57.68164063], [11.86970532, 57.68316257], [11.86890531, 57.67931283], [11.86382413, 57.67944455], [11.8595705, 57.6811285], [11.85670674, 57.68035674], [11.84883106, 57.67401826], [11.85028255, 57.67112017], [11.84588945, 57.66925037], [11.84437466, 57.66597795], [11.8348093, 57.65950692], [11.84269321, 57.65830088], [11.85095906, 57.66069376], [11.85124111, 57.66056037], [11.84475744, 57.65668905], [11.84515238, 57.65625], [11.84958816, 57.65532446], [11.84969032, 57.65500665], [11.84840477, 57.65324545], [11.84518635, 57.64942324], [11.84540963, 57.64905727], [11.84868193, 57.64823067], [11.85218942, 57.64450014], [11.85686243, 57.64455056], [11.86059225, 57.64105022], [11.85003805, 57.63943815], [11.84741294, 57.64193857], [11.84869671, 57.64313555], [11.84506845, 57.64395797], [11.8438766, 57.64074826], [11.84399545, 57.64045715], [11.84631908, 57.63876903], [11.85425091, 57.63509464], [11.86087024, 57.63743794], [11.86154222, 57.63744831], [11.86633122, 57.63451254], [11.86933506, 57.63587523], [11.87083864, 57.63607645], [11.87350023, 57.63569605], [11.87452126, 57.63513267], [11.87445223, 57.6343472], [11.87179422, 57.63385916], [11.87480915, 57.63012075], [11.879076, 57.62910986], [11.87938201, 57.62862301], [11.87606967, 57.62507915], [11.87589824, 57.62454498], [11.87707555, 57.61993253], [11.87567353, 57.61757195], [11.88073277, 57.61503053], [11.88070488, 57.6145755], [11.87655342, 57.61183465], [11.88330686, 57.61247277], [11.88608575, 57.60941374], [11.89055085, 57.61014164], [11.89418483, 57.60870886], [11.89697635, 57.60896885], [11.89569831, 57.61511207], [11.90453005, 57.61450505], [11.90629196, 57.61617363], [11.90586913, 57.61955905], [11.90988815, 57.62425578], [11.90706813, 57.62953174], [11.90898764, 57.63280284], [11.91059327, 57.63153505], [11.91013193, 57.62801194], [11.9156723, 57.62230694], [11.91729307, 57.62235665], [11.91791606, 57.62509966], [11.92474723, 57.62565875], [11.93024802, 57.62145054], [11.92897475, 57.62026536], [11.92306125, 57.61981344], [11.92108524, 57.61557305], [11.92212033, 57.61254942], [11.91833282, 57.6089493], [11.92137337, 57.60699701], [11.92313135, 57.59995365], [11.91738296, 57.59870017], [11.91334045, 57.60126853], [11.90956426, 57.60160792], [11.90866816, 57.59940422], [11.91050875, 57.59690332], [11.91530335, 57.59578335], [11.90376568, 57.59378672], [11.90096903, 57.59552574], [11.90091002, 57.59256005], [11.89718044, 57.58765686], [11.89716625, 57.58725286], [11.89754546, 57.58663964], [11.90052712, 57.58698595], [11.90322065, 57.58569038], [11.89983284, 57.58383596], [11.90030074, 57.58206177], [11.90744042, 57.58292687], [11.90790558, 57.58041251], [11.91069615, 57.57986724], [11.91210151, 57.57998526], [11.9136368, 57.58034492], [11.91383684, 57.58301544], [11.91017985, 57.58350074], [11.90936995, 57.58558786], [11.90637314, 57.58483934], [11.90438545, 57.58584964], [11.90598536, 57.58979833], [11.9066174, 57.59033024], [11.90771365, 57.59040701], [11.91266847, 57.58914983], [11.91263461, 57.58633876], [11.91392553, 57.58567905], [11.91513336, 57.58574986], [11.91840255, 57.58714175], [11.92127907, 57.59238195], [11.92161405, 57.59232604], [11.92306054, 57.58969915], [11.92561984, 57.58914018], [11.92573583, 57.58885312], [11.9236567, 57.58664167], [11.92377985, 57.58646774], [11.92710102, 57.58651555], [11.92513061, 57.58478892], [11.92543554, 57.58418691], [11.92652488, 57.58364677], [11.93014824, 57.58370018], [11.93079305, 57.58351874], [11.9319514, 57.58254385], [11.93219388, 57.58199775], [11.93126535, 57.57855988], [11.93262124, 57.57771885], [11.92550623, 57.57659376], [11.92564821, 57.57398021], [11.93573928, 57.57693446], [11.93873632, 57.57584286], [11.93883586, 57.57550371], [11.93790448, 57.57377136], [11.93167841, 57.57105315], [11.93129468, 57.56737375], [11.92362905, 57.56688762], [11.91552532, 57.56885314], [11.91536701, 57.56541646], [11.91598952, 57.56506097], [11.92128837, 57.56434608], [11.92201817, 57.56446946], [11.92388284, 57.5665102], [11.92550552, 57.56297815], [11.92534935, 57.56257153], [11.92315805, 57.56159043], [11.92242718, 57.55901682], [11.91966403, 57.55767167], [11.91942251, 57.55723715], [11.9189676, 57.55463886], [11.92092597, 57.55332124], [11.9188714, 57.5524435], [11.92350352, 57.55183411], [11.92816341, 57.54751003], [11.92511165, 57.5467869], [11.92278731, 57.54971683], [11.91631067, 57.54733026], [11.91483951, 57.54325592], [11.91769814, 57.53704047], [11.91479826, 57.53477025], [11.91682911, 57.53141975], [11.91272545, 57.53070462], [11.91479695, 57.52874207], [11.91161823, 57.52640951], [11.91903162, 57.52651358], [11.92564893, 57.52802336], [11.92904997, 57.53124416], [11.93389916, 57.53196871], [11.93450451, 57.5298866], [11.93791556, 57.52807844], [11.92534256, 57.52511156], [11.92208648, 57.52324915], [11.92065036, 57.52008045], [11.92269373, 57.51993334], [11.92426455, 57.52172875], [11.93092382, 57.52228987], [11.93266594, 57.52104044], [11.92740536, 57.51949251], [11.92822897, 57.51841366], [11.93085515, 57.51802623], [11.93610823, 57.51998091], [11.9385792, 57.51972854], [11.93810511, 57.51778746], [11.93366492, 57.51611388], [11.93761003, 57.51427305], [11.94339383, 57.51409543], [11.94154155, 57.51145637], [11.94667232, 57.50930476], [11.93312883, 57.51111877], [11.92796111, 57.50943506], [11.92308962, 57.51016247], [11.91998672, 57.50786531], [11.91937542, 57.50785017], [11.91677654, 57.51034582], [11.91273713, 57.50780225], [11.91772735, 57.50700295], [11.92150855, 57.5035361], [11.92188716, 57.50305665], [11.92092907, 57.50266397], [11.91550815, 57.50269878], [11.91917956, 57.50020611], [11.94197035, 57.50177646], [11.95019448, 57.50148702], [11.953125, 57.50083697], [11.95337534, 57.50085115], [11.95501316, 57.49994147], [11.95512521, 57.49930227], [11.953125, 57.49776781], [11.953125, 57.49665165], [11.95658267, 57.49507606], [11.96348476, 57.49480355], [11.96611965, 57.49366605], [11.953125, 57.49274552], [11.95289504, 57.49277163], [11.95065784, 57.49070156], [11.95208895, 57.48816276], [11.95180786, 57.48777211], [11.94794405, 57.48717928], [11.94908404, 57.48501861], [11.94654202, 57.48457885], [11.93878257, 57.4844079], [11.93338847, 57.48679435], [11.93075848, 57.49043596], [11.92850506, 57.49053335], [11.92461956, 57.48811042], [11.91289103, 57.48860121], [11.91757822, 57.48436618], [11.90562165, 57.48564064], [11.91012287, 57.48150933], [11.91883206, 57.48179984], [11.92039478, 57.48131537], [11.91937077, 57.48046875], [11.91956914, 57.48046875], [11.91946554, 57.47920716], [11.91936982, 57.47838402], [11.91586876, 57.4788959], [11.90974617, 57.4771142], [11.91014767, 57.47668242], [11.91865385, 57.47468543], [11.92238903, 57.47490251], [11.93121946, 57.47807086], [11.93326914, 57.47800696], [11.93445754, 57.47768223], [11.93636894, 57.47626555], [11.93651736, 57.47562075], [11.93462491, 57.47376704], [11.93823552, 57.47312522], [11.93768847, 57.46944106], [11.93632364, 57.46913338], [11.92671084, 57.47209644], [11.92376184, 57.47235787], [11.92273521, 57.47230995], [11.92035258, 57.47053492], [11.91498041, 57.47137451], [11.91728544, 57.46894121], [11.91688323, 57.46859038], [11.91572833, 57.46859884], [11.91352391, 57.4700911], [11.90965235, 57.46405876], [11.9174087, 57.45779717], [11.9136188, 57.45714354], [11.91338634, 57.45531178], [11.90508485, 57.45671773], [11.90969813, 57.45476127], [11.90717435, 57.45268905], [11.90992975, 57.45132577], [11.91273153, 57.44330692], [11.91202486, 57.44168747], [11.90819395, 57.44146955], [11.90527725, 57.44348502], [11.90612805, 57.44652486], [11.90310514, 57.44760656], [11.90148711, 57.44600916], [11.90347731, 57.44477582], [11.90284264, 57.44268096], [11.90582395, 57.43806672], [11.90266955, 57.43719125], [11.90473521, 57.43576515], [11.90222633, 57.43417835], [11.90993786, 57.43142974], [11.91488636, 57.43300414], [11.91762876, 57.43237305], [11.91896963, 57.43104482], [11.91424155, 57.42807031], [11.91461635, 57.42702377], [11.91831672, 57.42752755], [11.92027116, 57.43040085], [11.92421603, 57.42953575], [11.92444265, 57.42808306], [11.92009115, 57.42688346], [11.92362762, 57.42513752], [11.92231941, 57.42324305], [11.92498231, 57.42238843], [11.92211413, 57.42110085], [11.92692542, 57.42053616], [11.92804456, 57.41930854], [11.92206383, 57.41755354], [11.92098546, 57.41544855], [11.91802943, 57.41976547], [11.91477764, 57.42041075], [11.91003442, 57.4196527], [11.90951431, 57.41921175], [11.91209793, 57.41397071], [11.90785933, 57.41339672], [11.90729213, 57.41261518], [11.907655, 57.41201186], [11.91303146, 57.41106284], [11.91461301, 57.4112879], [11.91809952, 57.41203415], [11.92189622, 57.41426575], [11.9287678, 57.40769815], [11.91838682, 57.40140796], [11.91117823, 57.40167844], [11.91152203, 57.39975464], [11.90732837, 57.39927948], [11.90732717, 57.39895141], [11.91161525, 57.39683616], [11.90867567, 57.39509225], [11.91011012, 57.39143956], [11.91157067, 57.39076924], [11.91205406, 57.39084363], [11.91339791, 57.39311028], [11.91620123, 57.39201403], [11.92117083, 57.39238405], [11.92037177, 57.39009392], [11.92554104, 57.38909125], [11.93698537, 57.39292645], [11.94046247, 57.39240801], [11.94690943, 57.39428616], [11.95091355, 57.39359295], [11.95123565, 57.39328694], [11.95077693, 57.39231324], [11.93897402, 57.39090335], [11.93666112, 57.38988113], [11.93667197, 57.3897022], [11.94164276, 57.3879286], [11.94257498, 57.38800681], [11.94977248, 57.39090371], [11.95063162, 57.38837492], [11.953125, 57.38839281], [11.9555521, 57.38925445], [11.95636666, 57.38916123], [11.96333122, 57.38655984], [11.953125, 57.38560271], [11.95006442, 57.38553286], [11.94736815, 57.38431227], [11.95230424, 57.38248253], [11.95256174, 57.38226926], [11.95174742, 57.38023007], [11.953125, 57.38002217], [11.95690036, 57.37889028], [11.95991957, 57.37548625], [11.95445788, 57.37376595], [11.953125, 57.37248886], [11.953125, 57.37220967], [11.94779134, 57.36875761], [11.94257915, 57.36913645], [11.93968356, 57.36750305], [11.94389331, 57.36068225], [11.94779205, 57.35878193], [11.953125, 57.35825884], [11.953125, 57.35797977], [11.953125, 57.35742176], [11.953125, 57.35658467], [11.9501121, 57.35491514], [11.953125, 57.35323656], [11.953125, 57.35295761], [11.96023583, 57.35287833], [11.96148252, 57.35145235], [11.96416223, 57.35098851], [11.96443903, 57.35109127], [11.96589446, 57.35502565], [11.96568155, 57.35546672], [11.96077323, 57.35856605], [11.96683502, 57.35907948], [11.97357154, 57.36572075], [11.98444402, 57.37175763], [11.98533034, 57.36808002], [11.99176276, 57.36831212], [11.9859184, 57.36501944], [11.98742282, 57.36296761], [11.98447466, 57.36007476], [11.9837836, 57.35624135], [11.98628151, 57.35554135], [11.98908365, 57.35637736], [11.99312282, 57.36362243], [12.00047076, 57.36395001], [11.99198413, 57.35506046], [11.99582505, 57.35169983], [11.99350846, 57.3497498], [11.9946264, 57.34184086], [11.99715662, 57.34085846], [11.99823415, 57.34078276], [12.00382793, 57.34080243], [12.00446045, 57.34121335], [12.00279343, 57.34360838], [12.00428784, 57.34968412], [12.00585556, 57.35331738], [12.01029181, 57.35645735], [12.00841534, 57.35865974], [12.01286662, 57.36036813], [12.01412916, 57.36483455], [12.01974452, 57.36819136], [12.02041376, 57.37115276], [12.02617824, 57.37505662], [12.02286375, 57.37906766], [12.02381957, 57.38081443], [12.02064884, 57.38084376], [12.01758444, 57.38254344], [12.02006197, 57.38636673], [12.02624238, 57.38993335], [12.02351522, 57.39352775], [12.01952934, 57.39456105], [12.01841807, 57.39615488], [12.0218482, 57.39966166], [12.03097522, 57.40383208], [12.02877831, 57.40586603], [12.03227305, 57.40712964], [12.03955436, 57.41478515], [12.03873384, 57.41713464], [12.04231691, 57.42016888], [12.04048192, 57.42287445], [12.04576671, 57.42820382], [12.04565644, 57.43342483], [12.05119693, 57.43877745], [12.05178762, 57.44682491], [12.05365932, 57.44919574], [12.05231226, 57.45182431], [12.05542457, 57.45326805], [12.05587065, 57.45882165], [12.05863547, 57.46111107], [12.06127822, 57.46205354], [12.06644106, 57.46203601], [12.06775224, 57.46171653], [12.0702908, 57.45970607], [12.06989682, 57.45754242], [12.07324767, 57.45449793], [12.07315588, 57.45411146], [12.06647134, 57.44851947], [12.06639445, 57.44770944], [12.06697333, 57.44735706], [12.07024515, 57.4475826], [12.07308722, 57.44637036], [12.07835436, 57.44142115], [12.09122026, 57.44168532], [12.09586215, 57.43561673], [12.10563624, 57.43507564], [12.10851836, 57.43419194], [12.10917687, 57.43350947], [12.10885274, 57.43036604], [12.11160457, 57.42893875], [12.11199415, 57.42628097], [12.11179948, 57.42565155], [12.10856903, 57.42401254], [12.10660922, 57.42032754], [12.10610437, 57.41461074], [12.10837913, 57.40778875], [12.10826826, 57.40764892], [12.09533525, 57.40838313], [12.09161651, 57.40704954], [12.08353734, 57.40792406], [12.07884824, 57.40212166], [12.07871652, 57.40152693], [12.07965922, 57.3960886], [12.08076155, 57.39464724], [12.08401811, 57.39286411], [12.08773363, 57.39740038], [12.09216332, 57.39535844], [12.0979017, 57.39835405], [12.10707951, 57.39448094], [12.11364305, 57.3986721], [12.12217963, 57.39896345], [12.12249124, 57.39885783], [12.12059855, 57.39618087], [12.12261188, 57.39260864], [12.1178447, 57.38837266], [12.12262034, 57.38661587], [12.12215936, 57.38544607], [12.12572706, 57.38389146], [12.12600267, 57.38360453], [12.12799466, 57.38045835], [12.12706065, 57.37820721], [12.12653005, 57.37783861], [12.11993516, 57.37745261], [12.11836815, 57.37633622], [12.1111052, 57.37730444], [12.10241544, 57.37488616], [12.1000998, 57.37279403], [12.09386587, 57.37193584], [12.09171236, 57.36917353], [12.08454132, 57.36817777], [12.08369815, 57.36425996], [12.08087325, 57.36301172], [12.08212483, 57.36084533], [12.07741642, 57.35935211], [12.07400215, 57.35627055], [12.06806195, 57.34693694], [12.06921101, 57.34414876], [12.06623805, 57.34246182], [12.06600094, 57.34217823], [12.06373894, 57.33763945], [12.06408298, 57.33708143], [12.06695676, 57.33537936], [12.07206225, 57.33532596], [12.07433915, 57.33659184], [12.08589554, 57.33700764], [12.09805715, 57.34176195], [12.10524631, 57.33991325], [12.10622001, 57.34019291], [12.10853493, 57.3419857], [12.10829425, 57.34478211], [12.12236035, 57.34614515], [12.12296975, 57.34276736], [12.13167441, 57.34047222], [12.13150156, 57.33877182], [12.12672973, 57.33599114], [12.13230395, 57.33063602], [12.14057565, 57.32973075], [12.14129364, 57.33046854], [12.13823986, 57.33205926], [12.14552641, 57.33465076], [12.15070593, 57.33326006], [12.15275276, 57.33096254], [12.16126013, 57.32739282], [12.15571487, 57.32453656], [12.15636551, 57.32042503], [12.15336192, 57.31934094], [12.15367508, 57.31733322], [12.14868712, 57.31737196], [12.14609623, 57.31485116], [12.14870393, 57.31345844], [12.15745473, 57.31208074], [12.16090465, 57.30945206], [12.16680014, 57.30902684], [12.1641947, 57.30618155], [12.16671252, 57.30519903], [12.16685021, 57.3046875], [12.16694081, 57.3046875], [12.16686416, 57.30205333], [12.16658735, 57.3013823], [12.16284704, 57.29898131], [12.16540015, 57.29729295], [12.16538346, 57.29453576], [12.16244912, 57.29188454], [12.16464961, 57.28778815], [12.16235197, 57.28587306], [12.16366375, 57.28410923], [12.15203834, 57.28158951], [12.14355862, 57.28397977], [12.13409174, 57.28169203], [12.12644696, 57.27757466], [12.12186337, 57.27809942], [12.10798204, 57.27051926], [12.10842228, 57.26902986], [12.10491395, 57.26861036], [12.10343265, 57.26342785], [12.09916484, 57.25839245], [12.08471894, 57.25552321], [12.08427, 57.25511265], [12.08448005, 57.25443745], [12.08529603, 57.25388515], [12.08911824, 57.25353801], [12.08964717, 57.25317657], [12.09203815, 57.24781954], [12.09739232, 57.24526048], [12.09874594, 57.24504864], [12.10219336, 57.24602377], [12.10606766, 57.24993372], [12.11172473, 57.24880135], [12.11536956, 57.25219941], [12.11753297, 57.25275815], [12.12059736, 57.25327528], [12.12280774, 57.25304484], [12.12355554, 57.25142026], [12.12847996, 57.25009215], [12.13038862, 57.24788737], [12.12882674, 57.24681842], [12.12843931, 57.24670005], [12.11884356, 57.24664581], [12.12175524, 57.24454164], [12.12010884, 57.24241614], [12.11953521, 57.24224162], [12.11407626, 57.24284565], [12.10659623, 57.23957384], [12.10563982, 57.23952222], [12.09771025, 57.24201882], [12.09370315, 57.23419428], [12.09381533, 57.23393965], [12.09889257, 57.23118651], [12.10707545, 57.22873724], [12.1081959, 57.22701132], [12.11218011, 57.22617733], [12.11716795, 57.22718966], [12.12299538, 57.22572541], [12.13351297, 57.21642947], [12.14081335, 57.21343005], [12.15123165, 57.21311903], [12.15383756, 57.21492314], [12.16016936, 57.21379995], [12.17834008, 57.21402085], [12.18135822, 57.21554172], [12.18135822, 57.21739054], [12.18364513, 57.21875], [12.19079936, 57.22178972], [12.20305192, 57.22528935], [12.21001244, 57.22477937], [12.21063924, 57.2245239], [12.21257985, 57.22225273], [12.21555424, 57.21734691], [12.21561778, 57.21462345], [12.20973933, 57.20955277], [12.19609761, 57.20554614], [12.19186032, 57.20313418], [12.18611765, 57.20320141], [12.17982173, 57.20109618], [12.17563701, 57.20126414], [12.17342484, 57.19913745], [12.16719782, 57.20005584], [12.15909112, 57.19591355], [12.15681291, 57.19762635], [12.15484476, 57.19751155], [12.14961505, 57.19351006], [12.15169466, 57.19242525], [12.15708816, 57.19239378], [12.15349042, 57.18789816], [12.16196346, 57.18546402], [12.17498302, 57.18596065], [12.17751086, 57.18709815], [12.17895353, 57.19014204], [12.18747115, 57.18957937], [12.18823075, 57.18684983], [12.19721913, 57.1876986], [12.20123494, 57.19026125], [12.20479035, 57.18724942], [12.21185315, 57.18543875], [12.21247971, 57.18494678], [12.21321034, 57.18066657], [12.21037137, 57.17902422], [12.20619297, 57.17954564], [12.20290196, 57.17869294], [12.20586824, 57.17624891], [12.20172453, 57.17372143], [12.20465767, 57.17058516], [12.21625066, 57.16604388], [12.21409595, 57.16533983], [12.20817971, 57.16617012], [12.20668566, 57.16373682], [12.21175015, 57.16467953], [12.2159307, 57.16231096], [12.22174954, 57.16186821], [12.22607327, 57.16292965], [12.22786856, 57.15748215], [12.22635817, 57.15472937], [12.22207606, 57.15298903], [12.21688497, 57.15231848], [12.21307588, 57.15343034], [12.20708311, 57.14990473], [12.20686507, 57.14685202], [12.20885444, 57.14553523], [12.21253908, 57.14684892], [12.21553302, 57.14046526], [12.21886778, 57.13908267], [12.21454203, 57.13425136], [12.21507585, 57.13354063], [12.21589601, 57.13301122], [12.22245705, 57.13148761], [12.23017704, 57.13146865], [12.23353088, 57.13247085], [12.23406792, 57.13236344], [12.23321855, 57.13100386], [12.23527884, 57.12980831], [12.23202086, 57.12890625], [12.23208797, 57.12876487], [12.22311735, 57.12646794], [12.22197592, 57.12646556], [12.21564543, 57.12890625], [12.21348012, 57.12938905], [12.21206331, 57.12890625], [12.21126056, 57.12760472], [12.20462, 57.1272037], [12.20249033, 57.12636125], [12.20228708, 57.12194824], [12.19890845, 57.12127507], [12.19236076, 57.12221754], [12.19211185, 57.12204444], [12.19011307, 57.11494172], [12.19522822, 57.11442447], [12.20373011, 57.11770701], [12.2114799, 57.11394417], [12.21352375, 57.10998535], [12.21517921, 57.11062801], [12.21492386, 57.11258304], [12.21695662, 57.11295784], [12.2326411, 57.10990274], [12.22763217, 57.11154163], [12.22788906, 57.11384285], [12.22557735, 57.11600482], [12.22795343, 57.11663234], [12.22825623, 57.11903715], [12.23225582, 57.11802721], [12.23174202, 57.12081671], [12.23450315, 57.12259495], [12.23623705, 57.12217653], [12.23540235, 57.11813176], [12.23739302, 57.11715543], [12.23848462, 57.11834085], [12.23989725, 57.11802721], [12.23842025, 57.11297107], [12.24272275, 57.11331975], [12.24375021, 57.11537707], [12.24663985, 57.11485398], [12.24529135, 57.10955405], [12.24195206, 57.10997236], [12.24330056, 57.10819423], [12.24053943, 57.11035597], [12.24060357, 57.10784554], [12.23328304, 57.10801983], [12.23848462, 57.10725272], [12.23758531, 57.10533333], [12.24323463, 57.09737194], [12.23930156, 57.09276152], [12.24210834, 57.09046972], [12.23557055, 57.08828175], [12.23531115, 57.08705175], [12.24338424, 57.08269811], [12.25218964, 57.08448732], [12.25700402, 57.08395195], [12.26069236, 57.08161986], [12.26105046, 57.07850838], [12.25989234, 57.07379723], [12.25361085, 57.07405818], [12.25397408, 57.07122815], [12.24987304, 57.06616795], [12.24438047, 57.06601095], [12.24149275, 57.06374455], [12.24962437, 57.06475425], [12.25157952, 57.06014025], [12.25367296, 57.06348801], [12.26037288, 57.0662595], [12.26563394, 57.06689525], [12.27268565, 57.06589234], [12.26969314, 57.06796467], [12.27185845, 57.06859362], [12.27620435, 57.06695795], [12.27651215, 57.06681132], [12.27755582, 57.06180084], [12.27317393, 57.0596807], [12.26804662, 57.05914295], [12.26820421, 57.05588675], [12.27397418, 57.05355108], [12.26786935, 57.05192447], [12.26802266, 57.05040956], [12.27741587, 57.04746842], [12.28519034, 57.04778636], [12.28570211, 57.04657733], [12.28119004, 57.04381716], [12.28118575, 57.04351985], [12.28406131, 57.04257214], [12.2846961, 57.04052436], [12.29167986, 57.03953862], [12.29826307, 57.03369224], [12.30360174, 57.03478944], [12.3046875, 57.03459823], [12.31595063, 57.03390145], [12.31620812, 57.03359592], [12.31605184, 57.03217065], [12.31043982, 57.02933347], [12.3046875, 57.03152895], [12.30027628, 57.03262198], [12.29986894, 57.03263426], [12.29918826, 57.0318886], [12.30061531, 57.02725077], [12.3046875, 57.02706456], [12.30647135, 57.02764702], [12.31177604, 57.02717304], [12.31216145, 57.02691865], [12.31217205, 57.02613795], [12.30948985, 57.02492964], [12.31057167, 57.02354407], [12.31833684, 57.02419865], [12.32483065, 57.02299452], [12.32586861, 57.02440834], [12.32907367, 57.02407551], [12.33381665, 57.0214951], [12.33570886, 57.01735437], [12.34158492, 57.01638651], [12.34442616, 57.01031995], [12.35020471, 57.00932014], [12.34931874, 57.00696182], [12.35401535, 57.00020516], [12.3525815, 56.99890244], [12.35654974, 56.98833203], [12.35394585, 56.98725057], [12.35283363, 56.97958767], [12.35449505, 56.97882032], [12.35601926, 56.97988081], [12.35714376, 56.97534454], [12.35290086, 56.97457552], [12.35405648, 56.97250295], [12.34407795, 56.97259665], [12.35141206, 56.97104943], [12.35685456, 56.97163534], [12.35777175, 56.97056401], [12.35648692, 56.96941245], [12.35274196, 56.96917164], [12.35199654, 56.9687978], [12.34780157, 56.96574032], [12.34777796, 56.96534205], [12.34933198, 56.96188354], [12.35454476, 56.95669806], [12.35471153, 56.95623386], [12.353091, 56.953125], [12.35114217, 56.94986296], [12.35112762, 56.94914854], [12.35607946, 56.94530058], [12.35366571, 56.94219232], [12.35798848, 56.94190824], [12.35837245, 56.94161332], [12.36094475, 56.93671095], [12.36094475, 56.93605816], [12.35849595, 56.93256605], [12.35291183, 56.93241465], [12.34782505, 56.93127656], [12.34782076, 56.93091547], [12.35273302, 56.927935], [12.35846114, 56.92803025], [12.36153138, 56.92643094], [12.35938442, 56.92386341], [12.35660934, 56.92398202], [12.35619295, 56.92353582], [12.35639215, 56.92228293], [12.36106706, 56.91855192], [12.36609161, 56.91624916], [12.37107825, 56.91993904], [12.3745439, 56.91757965], [12.38322544, 56.91805041], [12.39262462, 56.91592932], [12.39798105, 56.90625536], [12.40313721, 56.90315044], [12.40518558, 56.90356874], [12.40674496, 56.90637267], [12.40982521, 56.90634823], [12.41533387, 56.90208077], [12.423123, 56.90153635], [12.43073165, 56.89953065], [12.4352411, 56.89636254], [12.44064724, 56.89852965], [12.45982611, 56.89561844], [12.46513855, 56.88638091], [12.46831107, 56.88437462], [12.47035384, 56.88540447], [12.46626854, 56.89209926], [12.46846831, 56.8924427], [12.4730252, 56.88806534], [12.47695327, 56.88823688], [12.48151016, 56.88643455], [12.49078095, 56.88969612], [12.49738038, 56.88755035], [12.50492275, 56.88317287], [12.51262224, 56.87690735], [12.51439464, 56.87329435], [12.51717746, 56.87257016], [12.51660335, 56.87080801], [12.51841426, 56.87141144], [12.51841426, 56.86865938], [12.52322912, 56.87133896], [12.52777874, 56.87109756], [12.52742541, 56.86822486], [12.53083456, 56.87041461], [12.53369784, 56.87003553], [12.54224157, 56.86454117], [12.54614687, 56.86110246], [12.5486927, 56.85824645], [12.54913366, 56.85601616], [12.54496074, 56.85034227], [12.54634607, 56.84766901], [12.54514015, 56.84333527], [12.55455637, 56.84254336], [12.55442011, 56.83996105], [12.55704224, 56.83849752], [12.55846703, 56.84108543], [12.56214821, 56.84211922], [12.57700765, 56.84132123], [12.57847476, 56.84093022], [12.58370614, 56.83554554], [12.58778083, 56.83501375], [12.58740735, 56.8332386], [12.59372854, 56.83283651], [12.59833062, 56.83088565], [12.60037422, 56.82567632], [12.604375, 56.82468796], [12.60935688, 56.82088304], [12.60706866, 56.81932366], [12.61069906, 56.81811786], [12.61228597, 56.8133831], [12.61189675, 56.81090188], [12.60845792, 56.80904937], [12.60442972, 56.79842114], [12.60904372, 56.79357553], [12.61225283, 56.7928617], [12.61576235, 56.78699791], [12.61151898, 56.78240454], [12.61379695, 56.77932358], [12.61748087, 56.77979791], [12.61572397, 56.77734375], [12.61505091, 56.77411926], [12.61792493, 56.77253985], [12.61945641, 56.76883781], [12.61993885, 56.76851225], [12.63079405, 56.7646718], [12.62843955, 56.76144874], [12.63002372, 56.75674772], [12.62246645, 56.75152695], [12.62406075, 56.74086666], [12.63049686, 56.74025357], [12.63451576, 56.73693526], [12.63933182, 56.73581564], [12.63999951, 56.73344195], [12.64409626, 56.73224282], [12.64447367, 56.73028064], [12.64718473, 56.7292335], [12.64016521, 56.72726846], [12.64179575, 56.72324204], [12.64528894, 56.72080624], [12.64977431, 56.72058797], [12.65625, 56.72209823], [12.65625, 56.72237706], [12.65780306, 56.72296131], [12.66060102, 56.72262263], [12.66117287, 56.72242618], [12.67616785, 56.71482134], [12.67813075, 56.71302187], [12.6838454, 56.70664287], [12.68599761, 56.69815934], [12.68600321, 56.69775713], [12.68484867, 56.69645691], [12.67867756, 56.69444442], [12.68067205, 56.68833387], [12.67816556, 56.68547356], [12.68024242, 56.68058443], [12.68600595, 56.67915845], [12.70207906, 56.68129015], [12.71087563, 56.68072915], [12.72747672, 56.66876078], [12.73319304, 56.65647304], [12.7296679, 56.64784563], [12.72329795, 56.64471006], [12.72872722, 56.64036214], [12.73348045, 56.64194965], [12.73958135, 56.64090395], [12.74714947, 56.64574015], [12.76011956, 56.64725244], [12.77005064, 56.64414346], [12.77702355, 56.64051461], [12.78416431, 56.64094245], [12.78813076, 56.64286673], [12.79183066, 56.64270484], [12.79278743, 56.64306927], [12.79301274, 56.64361], [12.79104805, 56.64855015], [12.80144906, 56.65092003], [12.81124187, 56.65024412], [12.80932641, 56.65498495], [12.81052685, 56.65769064], [12.81127655, 56.65807128], [12.82418871, 56.66001844], [12.82576954, 56.66267395], [12.82893145, 56.66388094], [12.83121514, 56.66402566], [12.83938324, 56.66306007], [12.84509218, 56.66079104], [12.84649765, 56.65958405], [12.84737575, 56.65813565], [12.84614635, 56.65436983], [12.84948385, 56.65982544], [12.85150385, 56.65866673], [12.84965944, 56.65509403], [12.8523823, 56.65422487], [12.85817897, 56.65789425], [12.85914505, 56.65745974], [12.85782766, 56.65533543], [12.84878123, 56.65094185], [12.84193027, 56.65089357], [12.84140336, 56.64987981], [12.84535575, 56.64896238], [12.8449167, 56.64703131], [12.835958, 56.6484797], [12.85273361, 56.64476216], [12.87517035, 56.65053701], [12.87837482, 56.65066171], [12.88302731, 56.64830351], [12.89173985, 56.64075315], [12.90797162, 56.62159491], [12.90795875, 56.61994314], [12.90425074, 56.6185075], [12.90696633, 56.61677134], [12.90646291, 56.61448216], [12.91188014, 56.61432052], [12.91492295, 56.61200845], [12.91705418, 56.60788846], [12.91696525, 56.60709846], [12.91478968, 56.60583878], [12.90985346, 56.60707903], [12.90672934, 56.60648453], [12.90694904, 56.60618174], [12.91309655, 56.60329545], [12.91368175, 56.60285413], [12.91460276, 56.6015625], [12.91399515, 56.6015625], [12.91237545, 56.60014665], [12.91507864, 56.59840524], [12.91638196, 56.59766102], [12.91807985, 56.59718168], [12.92199075, 56.59752667], [12.92533195, 56.59369814], [12.92755997, 56.59368491], [12.92953193, 56.59187305], [12.93441725, 56.59093225], [12.93765485, 56.58906662], [12.93884945, 56.58773673], [12.94326615, 56.57296395], [12.94591916, 56.55474174], [12.95072675, 56.54761422], [12.94689345, 56.54639471], [12.94420338, 56.51525891], [12.93916178, 56.49845934], [12.93503237, 56.49034762], [12.92397904, 56.47302496], [12.91109955, 56.458552], [12.90043581, 56.44917285], [12.90041113, 56.44915748], [12.87793112, 56.43526781], [12.86190236, 56.43099582], [12.86114526, 56.43089187], [12.85182905, 56.43059695], [12.84939873, 56.43085325], [12.84408915, 56.43210387], [12.84363067, 56.4322772], [12.84432697, 56.43474913], [12.84255624, 56.43624532], [12.83748174, 56.43603623], [12.82244825, 56.43938315], [12.81786525, 56.44237864], [12.806674, 56.44515967], [12.78962386, 56.45278561], [12.75644851, 56.4619323], [12.75504816, 56.46454144], [12.74737978, 56.46807742], [12.72769713, 56.47202694], [12.70852733, 56.47145271], [12.70145404, 56.46974838], [12.69690895, 56.46494663], [12.68477905, 56.45921385], [12.68095887, 56.45618832], [12.68114078, 56.45452034], [12.67852223, 56.45330524], [12.6777215, 56.45302475], [12.67098844, 56.45446408], [12.67032731, 56.45448518], [12.66788805, 56.45349562], [12.66397011, 56.45503426], [12.6601392, 56.4555639], [12.65790868, 56.45545197], [12.65625, 56.45507813], [12.65543497, 56.45470023], [12.64828968, 56.4478842], [12.6435132, 56.44717002], [12.64266837, 56.44264162], [12.63495314, 56.4386543], [12.63386536, 56.43448103], [12.63016617, 56.43430352], [12.63006973, 56.43417811], [12.63218522, 56.43233991], [12.63239396, 56.43090534], [12.63100827, 56.42816436], [12.62434483, 56.42644095], [12.62594271, 56.42846203], [12.62498486, 56.42848444], [12.62422001, 56.42824447], [12.62144685, 56.42578125], [12.62159586, 56.42578125], [12.61873102, 56.42156422], [12.62297905, 56.41496396], [12.62057841, 56.41253495], [12.62197042, 56.40588295], [12.62063873, 56.40375304], [12.62729537, 56.39527202], [12.62745905, 56.39294946], [12.63789368, 56.38879287], [12.65467155, 56.38691795], [12.65625, 56.38643956], [12.66026604, 56.38405693], [12.68761647, 56.38067651], [12.68809056, 56.3805207], [12.69058263, 56.37818682], [12.69052887, 56.37508547], [12.69694054, 56.37396336], [12.70403898, 56.36681235], [12.71010256, 56.36500382], [12.7258327, 56.36342466], [12.72975254, 56.36422515], [12.74006414, 56.35868871], [12.73991585, 56.35253942], [12.74399042, 56.34615064], [12.74597454, 56.33501208], [12.75539994, 56.33120227], [12.75631571, 56.32857394], [12.75870621, 56.32742548], [12.76062334, 56.3212682], [12.75927734, 56.31961322], [12.7625761, 56.31765461], [12.76142836, 56.31562436], [12.76363385, 56.31316078], [12.7615329, 56.31126297], [12.76303935, 56.30952525], [12.75970995, 56.30730522], [12.76375794, 56.30560482], [12.76743877, 56.30167866], [12.77551746, 56.29930031], [12.78306413, 56.29861891], [12.79152966, 56.29399407], [12.80130792, 56.2917968], [12.80911255, 56.28653264], [12.81731176, 56.28681564], [12.82719648, 56.28230155], [12.83097625, 56.27874875], [12.83005142, 56.27697945], [12.83495557, 56.27326691], [12.83171666, 56.27186453], [12.83777964, 56.27044165], [12.83117974, 56.25490344], [12.82628024, 56.25], [12.81505775, 56.23666644], [12.81396556, 56.23581886], [12.80108321, 56.2272197], [12.80057502, 56.22693384], [12.79351962, 56.22435713], [12.78560174, 56.22338545], [12.78533435, 56.21991766], [12.77906084, 56.21827662], [12.77444172, 56.21800005], [12.77291822, 56.21806657], [12.76705682, 56.21924412], [12.76551592, 56.21961665], [12.76098096, 56.22237444], [12.75650883, 56.22325003], [12.75231504, 56.23092103], [12.74666381, 56.23262584], [12.74576128, 56.23151302], [12.74810863, 56.22865593], [12.74307656, 56.22690725], [12.73285604, 56.23072791], [12.72208285, 56.23251545], [12.72033894, 56.23183203], [12.71971667, 56.22760916], [12.71594751, 56.22463214], [12.71007764, 56.22316515], [12.70123434, 56.2237277], [12.70362461, 56.22101665], [12.70083737, 56.22001791], [12.69198596, 56.22389472], [12.69380331, 56.22603405], [12.68820786, 56.23224235], [12.67191064, 56.23781455], [12.67320836, 56.24147964], [12.67106795, 56.24263775], [12.67090094, 56.24708343], [12.67065155, 56.24740636], [12.66625166, 56.25], [12.66579235, 56.25], [12.66326201, 56.25148606], [12.66357267, 56.25280225], [12.65793931, 56.25546622], [12.65625, 56.25585926], [12.63788307, 56.25856674], [12.63142705, 56.26152825], [12.62116516, 56.26243246], [12.60875475, 56.26549423], [12.59269702, 56.27272916], [12.58321226, 56.27288735], [12.56892931, 56.27869713], [12.55311704, 56.28295314], [12.55010712, 56.28512835], [12.5167191, 56.29424357], [12.48269761, 56.30047274], [12.45011723, 56.30322826], [12.44945598, 56.30324745], [12.44554257, 56.30187046], [12.44912148, 56.30003154], [12.45065248, 56.29722583], [12.45556831, 56.29483235], [12.46171665, 56.29239416], [12.46916747, 56.29048622], [12.48424625, 56.28902078], [12.49066806, 56.28516281], [12.49203467, 56.28130043], [12.49814463, 56.27802992], [12.49803364, 56.27539611], [12.50230968, 56.27002287], [12.50656104, 56.26823807], [12.50827134, 56.2651813], [12.51799035, 56.2592231], [12.51762736, 56.25380635], [12.52416277, 56.25], [12.52472663, 56.25], [12.53336275, 56.24288535], [12.53567564, 56.23890412], [12.53660917, 56.23329484], [12.53628945, 56.23272026], [12.53014266, 56.23073101], [12.53807485, 56.22926784], [12.54317176, 56.2174952], [12.54317355, 56.21273005], [12.53629458, 56.20715582], [12.53911805, 56.20269644], [12.54313755, 56.20028245], [12.54188406, 56.1962378], [12.54414034, 56.19944572], [12.55329013, 56.19742334], [12.55429268, 56.19547057], [12.55335402, 56.19184744], [12.55593407, 56.18498576], [12.55410314, 56.17707443], [12.56206834, 56.16757572], [12.5648247, 56.15850985], [12.56439197, 56.15631735], [12.56283557, 56.15605891], [12.56682122, 56.15345561], [12.56824994, 56.14916503], [12.56721222, 56.14389122], [12.57759464, 56.14065683], [12.58104098, 56.14151084], [12.58425021, 56.14044154], [12.59069121, 56.12937427], [12.60319543, 56.11955965], [12.60351992, 56.11639082], [12.61400676, 56.11206126], [12.61934686, 56.10697567], [12.62891114, 56.10347104], [12.63061285, 56.10147107], [12.62954164, 56.0988034], [12.63829315, 56.09556782], [12.64106595, 56.09211147], [12.64525366, 56.09046698], [12.6542896, 56.08430851], [12.65625, 56.08203125], [12.66471541, 56.07421875], [12.66673708, 56.07197607], [12.67296696, 56.06825256], [12.67479384, 56.06655025], [12.67503965, 56.06401575], [12.67717445, 56.06292546], [12.67622685, 56.06130815], [12.68031216, 56.05825114], [12.67979002, 56.05496967], [12.68224251, 56.05400825], [12.68611264, 56.04288507], [12.68823504, 56.04407072], [12.68679941, 56.04605806], [12.68904674, 56.04466343], [12.69272971, 56.04490745], [12.68904674, 56.04295492], [12.6919806, 56.04274571], [12.69329154, 56.04128122], [12.68898416, 56.04222262], [12.69285452, 56.03835225], [12.68779814, 56.03988636], [12.69066966, 56.03423774], [12.68855131, 56.02740884], [12.69068217, 56.02505922], [12.68947268, 56.02747321], [12.68999112, 56.03159297], [12.69143105, 56.03159297], [12.69171894, 56.02850306], [12.69442594, 56.03017676], [12.69632637, 56.01855755], [12.69569302, 56.02644324], [12.69770873, 56.02637875], [12.69822705, 56.02496254], [12.70156753, 56.02605701], [12.69822443, 56.02301657], [12.70043957, 56.02079368], [12.70318007, 56.02299917], [12.70019722, 56.01542366], [12.70447946, 56.01104796], [12.70381975, 56.00706685], [12.70761967, 56.00581157], [12.70992255, 56.01002812], [12.71337712, 56.00529671], [12.71654356, 56.00594044], [12.73283684, 55.99988925], [12.74055874, 55.99539328], [12.74220264, 55.99135971], [12.74768054, 55.98977351], [12.75427365, 55.97721231], [12.75918472, 55.95185637], [12.76652324, 55.9465183], [12.77196145, 55.94011855], [12.78313076, 55.93593431], [12.79104376, 55.92621088], [12.79458082, 55.9240365], [12.79450083, 55.92068493], [12.80499494, 55.91285884], [12.80458403, 55.90534985], [12.80070162, 55.90090716], [12.80281675, 55.8984375], [12.8038007, 55.8968569], [12.80108011, 55.89541185], [12.80560815, 55.89355326], [12.81264734, 55.88282216], [12.81417811, 55.88043356], [12.81458306, 55.87891245], [12.81281734, 55.87602997], [12.82001936, 55.87090063], [12.81843495, 55.86837888], [12.82678926, 55.86427104], [12.83099115, 55.85807157], [12.82968295, 55.85589623], [12.83127713, 55.85321343], [12.83771002, 55.85326612], [12.84483612, 55.85509384], [12.84841585, 55.86139035], [12.85109484, 55.86065388], [12.85059226, 55.85860443], [12.85458624, 55.85572135], [12.85703671, 55.85714281], [12.86495471, 55.85748494], [12.86937058, 55.86152196], [12.87368977, 55.86152506], [12.87775326, 55.8587538], [12.88216662, 55.85800374], [12.88334763, 55.85266685], [12.89226115, 55.84946036], [12.89411044, 55.8472054], [12.90064847, 55.84532607], [12.90493405, 55.84250557], [12.90410817, 55.84156227], [12.90625834, 55.84077561], [12.90778112, 55.83774555], [12.91300845, 55.83636546], [12.91193986, 55.83557558], [12.91961992, 55.8260318], [12.92022252, 55.82252395], [12.92805696, 55.8149687], [12.93018103, 55.80558705], [12.93254924, 55.80426884], [12.93389726, 55.79815435], [12.93339086, 55.78650665], [12.93148327, 55.77803481], [12.92726815, 55.77217126], [12.9270395, 55.77194011], [12.91914797, 55.76977885], [12.91553605, 55.76629925], [12.9078207, 55.76403391], [12.90542436, 55.76103306], [12.90597057, 55.75840592], [12.90213704, 55.75655913], [12.90377974, 55.75453341], [12.90071452, 55.75093985], [12.90405488, 55.74979174], [12.91156232, 55.75039196], [12.9176054, 55.74889851], [12.91491675, 55.74705446], [12.91677594, 55.74468601], [12.92054331, 55.74136877], [12.92492485, 55.74026835], [12.92562795, 55.74231684], [12.92935097, 55.74226856], [12.93982315, 55.74765515], [12.95166552, 55.74957681], [12.9596709, 55.74472475], [12.95990455, 55.74070346], [12.96316743, 55.73884332], [12.96320581, 55.73855805], [12.95337331, 55.72908747], [12.95365644, 55.72854924], [12.95675755, 55.72743154], [12.95736766, 55.72743344], [12.95919895, 55.72900605], [12.96244872, 55.72948205], [12.97007716, 55.72520483], [12.97746575, 55.72663474], [12.98578405, 55.72997308], [12.99113822, 55.72899997], [12.99526155, 55.72947466], [12.99566674, 55.72932076], [12.99398625, 55.72731471], [13.00109005, 55.72532213], [13.00335598, 55.72265625], [13.00436103, 55.72265625], [13.00608015, 55.72011912], [13.0078125, 55.72014511], [13.00865126, 55.7201184], [13.01263487, 55.71679175], [13.02567553, 55.71020317], [13.03917587, 55.70441318], [13.03968763, 55.7041285], [13.05261004, 55.69485724], [13.05755591, 55.68148196], [13.05762041, 55.67642295], [13.05406284, 55.67564583], [13.06070018, 55.67229331], [13.06051898, 55.66953337], [13.06291056, 55.66663623], [13.06291068, 55.66621315], [13.04977691, 55.65387833], [13.04977596, 55.65030384], [13.05261922, 55.64636695], [13.05030525, 55.64016402], [13.04584444, 55.63979244], [13.03731835, 55.64434874], [13.03694105, 55.64450276], [13.03317153, 55.64502811], [13.03228271, 55.64489722], [13.02590895, 55.64282501], [13.02512705, 55.64157522], [13.03743887, 55.63883984], [13.03812385, 55.63862991], [13.03931046, 55.63763714], [13.03908884, 55.6373198], [13.03714633, 55.63674927], [13.03418207, 55.63676643], [13.02856064, 55.63892436], [13.02794695, 55.6388942], [13.02164066, 55.63826323], [13.02262557, 55.636693], [13.02751637, 55.63712132], [13.02768481, 55.63525915], [13.01468432, 55.63455105], [13.01278424, 55.63873124], [13.0078125, 55.63867176], [12.99578953, 55.63711035], [12.99000823, 55.63485575], [12.98939312, 55.62948465], [12.98399246, 55.62748516], [12.98321641, 55.62653017], [12.98315907, 55.62528121], [12.98482525, 55.62513733], [12.98619902, 55.62679124], [12.98973036, 55.62770331], [12.99128318, 55.62469578], [13.01435876, 55.62586677], [13.01977706, 55.62487364], [13.01852286, 55.62639713], [13.02114534, 55.62633264], [13.02144945, 55.62401533], [13.03658473, 55.62448633], [13.03657568, 55.62319994], [13.02323568, 55.62214851], [13.02256846, 55.61972105], [13.01644015, 55.62391257], [12.9908905, 55.62236798], [12.9947443, 55.61889112], [13.00478995, 55.61767042], [13.00616086, 55.61610675], [13.01401198, 55.61686385], [13.0078125, 55.61523426], [12.99476767, 55.61740851], [12.99321973, 55.61602235], [13.00285053, 55.61347675], [12.99778831, 55.61333728], [12.99522364, 55.61478233], [12.99735606, 55.60920536], [12.99584353, 55.61201227], [12.99399138, 55.61230874], [12.99294198, 55.60869992], [12.98825026, 55.60826397], [12.99371874, 55.61292708], [12.99167645, 55.61391282], [12.99095261, 55.61734414], [12.98872745, 55.61883426], [12.98546827, 55.6174829], [12.98250413, 55.61964512], [12.97871912, 55.62006521], [12.97081876, 55.61454415], [12.97229946, 55.60591126], [12.96976531, 55.60369563], [12.95250177, 55.5986799], [12.94829905, 55.59937477], [12.9428699, 55.59824288], [12.93368185, 55.59819221], [12.92581081, 55.58897722], [12.92474997, 55.59084761], [12.92987371, 55.59715545], [12.91961253, 55.59304905], [12.91519511, 55.58725345], [12.91892338, 55.58639204], [12.92139494, 55.58833993], [12.92338812, 55.58780313], [12.92283666, 55.58663595], [12.92025125, 55.58530557], [12.91187966, 55.58461642], [12.91009104, 55.5832808], [12.91629314, 55.58144355], [12.91974926, 55.58312416], [12.91771471, 55.58047056], [12.91406953, 55.57801366], [12.90600026, 55.57642245], [12.90100467, 55.57356644], [12.89995265, 55.57127941], [12.90536582, 55.57046115], [12.89674091, 55.56994641], [12.88903046, 55.56395328], [12.89456534, 55.56219268], [12.89565873, 55.55986333], [12.90018988, 55.55894446], [12.90166962, 55.56009603], [12.90088511, 55.56226361], [12.90468872, 55.56196904], [12.90169656, 55.55674672], [12.90673196, 55.546875], [12.90813756, 55.54645646], [12.91021872, 55.52822876], [12.91201568, 55.52650046], [12.89095294, 55.52423132], [12.89052248, 55.51919651], [12.89405334, 55.52000928], [12.9137969, 55.51952374], [12.91847336, 55.52086115], [12.92287016, 55.51932895], [12.92644811, 55.51284838], [12.92497075, 55.51045477], [12.92938447, 55.50511241], [12.93056643, 55.49999273], [12.9344846, 55.49787366], [12.93694365, 55.49820685], [12.93942034, 55.49515891], [12.93926644, 55.49190128], [12.94584727, 55.48676062], [12.94409645, 55.48537815], [12.94773436, 55.4813776], [12.95373583, 55.47928405], [12.95414901, 55.47614706], [12.95717287, 55.47463512], [12.95619082, 55.47195327], [12.96033967, 55.46946776], [12.96097803, 55.46580005], [12.96356916, 55.46457815], [12.96662653, 55.45981383], [12.96946752, 55.45927262], [12.96816075, 55.45830953], [12.96887255, 55.45036256], [12.96753395, 55.44967151], [12.97047722, 55.44206607], [12.96770215, 55.44013906], [12.96830106, 55.43758488], [12.96380842, 55.44139671], [12.96029234, 55.44137764], [12.96207786, 55.44244575], [12.96091485, 55.44433665], [12.96248794, 55.44826055], [12.95610213, 55.45209646], [12.95526254, 55.45494425], [12.94988024, 55.45791137], [12.94323397, 55.45779026], [12.94932425, 55.44247234], [12.94847882, 55.43995023], [12.95163774, 55.43549538], [12.95129454, 55.42287946], [12.94930947, 55.41915381], [12.94662845, 55.41577125], [12.92892814, 55.40930462], [12.91285253, 55.40826607], [12.90501475, 55.41069198], [12.89720511, 55.40896583], [12.89184833, 55.40923095], [12.87637901, 55.41669631], [12.86989093, 55.42402053], [12.86830902, 55.43708205], [12.86412907, 55.44014847], [12.85835075, 55.43908417], [12.8483839, 55.42536426], [12.84445333, 55.4228754], [12.84619224, 55.42740011], [12.84095621, 55.42667294], [12.84376907, 55.43848252], [12.84241974, 55.43990064], [12.83890533, 55.43373322], [12.83892632, 55.42305744], [12.83721936, 55.41840494], [12.83463383, 55.41829133], [12.83268464, 55.41670716], [12.82401502, 55.41731477], [12.82744396, 55.41540694], [12.82797861, 55.41350114], [12.82356453, 55.39820266], [12.81478906, 55.38376856], [12.81343479, 55.3825069], [12.741795, 55.36422396], [12.67015521, 55.34594101], [12.59851542, 55.32765806], [12.52687563, 55.30937511], [12.45523584, 55.29109216], [12.45523584, 55.29394448], [12.45119047, 55.29842341], [12.44779813, 55.29981565], [12.44613016, 55.30849445], [12.44899404, 55.32290733], [12.45625794, 55.33034015], [12.44779432, 55.33497965], [12.44831574, 55.34338915], [12.44578075, 55.34775794], [12.43323171, 55.35694778], [12.42612255, 55.35906994], [12.42296386, 55.36314178], [12.41079175, 55.37109375], [12.41025436, 55.37109375], [12.40954685, 55.37210751], [12.40306413, 55.37484717], [12.39195096, 55.38295186], [12.37475264, 55.39305365], [12.36879468, 55.39484656], [12.36854196, 55.39499438], [12.36682272, 55.39702725], [12.35809875, 55.39651442], [12.34658885, 55.39740276], [12.32948351, 55.40039063], [12.3046875, 55.40039063], [12.30448246, 55.40041924], [12.27329981, 55.40954995], [12.25728881, 55.41542578], [12.24643636, 55.41660321], [12.22485244, 55.42349136], [12.22140157, 55.42600727], [12.21602881, 55.42729366], [12.21151435, 55.4306519], [12.20031798, 55.44060397], [12.19544995, 55.44927084], [12.19525254, 55.44979322], [12.19897234, 55.45248616], [12.19569898, 55.45320034], [12.19911337, 55.45381486], [12.19484258, 55.45580864], [12.19961214, 55.45701015], [12.19802225, 55.46136606], [12.19497514, 55.46129096], [12.19563746, 55.46782494], [12.19828725, 55.46962726], [12.19815481, 55.47142982], [12.19577003, 55.47225595], [12.21708226, 55.50792932], [12.20939291, 55.50492525], [12.21217704, 55.50477505], [12.21151412, 55.50086975], [12.20458746, 55.49226141], [12.19838047, 55.47975612], [12.19695926, 55.47917497], [12.19549835, 55.47917533], [12.19409156, 55.47937524], [12.1957041, 55.48876965], [12.19962454, 55.49072254], [12.20317137, 55.50228441], [12.20548046, 55.50400162], [12.20384514, 55.50664771], [12.20414615, 55.50707924], [12.20865822, 55.50868285], [12.21568024, 55.51567483], [12.21443891, 55.50908315], [12.21249676, 55.50804532], [12.21421874, 55.50771654], [12.21698928, 55.50960374], [12.22837806, 55.5302819], [12.23404193, 55.53754985], [12.23454261, 55.53803432], [12.24478435, 55.546875], [12.24525404, 55.54760671], [12.26018941, 55.55692375], [12.28109872, 55.56526124], [12.28928733, 55.56595921], [12.28624976, 55.56734395], [12.28644741, 55.56879783], [12.28732073, 55.56964517], [12.29319191, 55.57336175], [12.30394793, 55.578125], [12.3046875, 55.578125], [12.34195006, 55.5893594], [12.34375584, 55.58966744], [12.35002696, 55.59029686], [12.35398185, 55.58970892], [12.36360824, 55.59427846], [12.37249291, 55.59719217], [12.37632275, 55.59718943], [12.37617183, 55.59891725], [12.37974966, 55.60059822], [12.3939656, 55.60514235], [12.40008652, 55.60593915], [12.39820671, 55.60779834], [12.39140952, 55.6074295], [12.39031506, 55.61036193], [12.38621497, 55.61130226], [12.38315225, 55.60935056], [12.38587904, 55.60727584], [12.3817414, 55.60652041], [12.38092744, 55.60670161], [12.37793303, 55.60857224], [12.37788868, 55.60873091], [12.38335776, 55.61204874], [12.39200616, 55.61321425], [12.39266276, 55.61316824], [12.39305615, 55.61116874], [12.39605892, 55.61055577], [12.40906632, 55.61269355], [12.43369985, 55.61181724], [12.43739724, 55.61141491], [12.43876326, 55.61105585], [12.43975413, 55.60901642], [12.44254613, 55.60871601], [12.44174838, 55.60706365], [12.44573724, 55.60714877], [12.44853163, 55.60383427], [12.48123944, 55.60025466], [12.49024522, 55.60015798], [12.49189556, 55.60063076], [12.49269593, 55.60101175], [12.49584985, 55.60893798], [12.50227368, 55.61076272], [12.5022608, 55.61207974], [12.49895012, 55.61309648], [12.50347996, 55.61348104], [12.50371838, 55.61434865], [12.49837422, 55.61538577], [12.49745917, 55.61812091], [12.49410844, 55.619277], [12.49749875, 55.62417972], [12.50218844, 55.62512624], [12.50154066, 55.62696302], [12.50487602, 55.62932467], [12.50543416, 55.63331795], [12.52073646, 55.63692331], [12.52628231, 55.63702846], [12.53145325, 55.63479912], [12.53007305, 55.63253224], [12.53126431, 55.63178015], [12.54392564, 55.63754547], [12.54638815, 55.63916135], [12.54643798, 55.63948464], [12.54140532, 55.64116216], [12.54190433, 55.64236832], [12.54861104, 55.64065087], [12.55393422, 55.64610755], [12.55126083, 55.64622426], [12.54909146, 55.64787054], [12.54614282, 55.64650154], [12.54403186, 55.64939201], [12.54992831, 55.64888597], [12.55234313, 55.64733875], [12.55499828, 55.64797854], [12.55833685, 55.65165734], [12.55579364, 55.65276372], [12.55930758, 55.65350091], [12.5634613, 55.65862811], [12.56076443, 55.65945685], [12.56476295, 55.66128457], [12.56344295, 55.66383493], [12.57022846, 55.66549575], [12.58087957, 55.67252994], [12.58886147, 55.67526221], [12.59538805, 55.68004131], [12.59613073, 55.68269134], [12.59353161, 55.68108726], [12.59996748, 55.68889785], [12.60132897, 55.70354283], [12.59947252, 55.70277572], [12.59835863, 55.69531381], [12.59786356, 55.69873095], [12.59514046, 55.69566238], [12.59761596, 55.7020086], [12.59501684, 55.70089281], [12.59452164, 55.70249665], [12.59749222, 55.70326376], [12.59860611, 55.70507705], [12.59229386, 55.70444942], [12.59192252, 55.7059139], [12.60244286, 55.70654154], [12.59427404, 55.70926118], [12.59476924, 55.71009815], [12.60467076, 55.70800602], [12.60343313, 55.70940065], [12.59538805, 55.71128356], [12.59637833, 55.71246922], [12.61110687, 55.70891261], [12.61581016, 55.71170211], [12.60615611, 55.71442175], [12.61704791, 55.71212053], [12.62125611, 55.71421266], [12.61358225, 55.7161653], [12.61457252, 55.71742046], [12.61717165, 55.71623504], [12.62298894, 55.71588635], [12.62336016, 55.71756005], [12.60990095, 55.72265625], [12.6020143, 55.72551465], [12.60158205, 55.7254374], [12.60009587, 55.72045136], [12.60428667, 55.71953952], [12.60342956, 55.71825194], [12.59604776, 55.71961987], [12.59009492, 55.71253896], [12.59266663, 55.71007133], [12.58785665, 55.7121098], [12.58971393, 55.71433604], [12.58418965, 55.71551621], [12.58376086, 55.71640134], [12.59190464, 55.71833253], [12.58376086, 55.7169646], [12.58352292, 55.71731317], [12.58295143, 55.72144377], [12.58476114, 55.72302628], [12.58766615, 55.72589636], [12.58118927, 55.72525263], [12.58118927, 55.72546721], [12.58804715, 55.72694242], [12.58609462, 55.7284981], [12.5811671, 55.72954071], [12.58381903, 55.73839498], [12.59539783, 55.75460374], [12.60214162, 55.76013625], [12.59250557, 55.77541041], [12.59623587, 55.78719664], [12.59608221, 55.78770578], [12.58995116, 55.79619253], [12.58754087, 55.80346656], [12.57667673, 55.81174946], [12.57355845, 55.83244967], [12.57491744, 55.84107685], [12.57214618, 55.84758174], [12.57391977, 55.84872103], [12.56944144, 55.85170352], [12.56183386, 55.86431956], [12.54754055, 55.87851656], [12.54548895, 55.88226366], [12.54854012, 55.88317835], [12.54943442, 55.88533223], [12.54843485, 55.88362086], [12.54506815, 55.88288331], [12.54406881, 55.88418138], [12.54822445, 55.88571572], [12.54370046, 55.88645327], [12.54827714, 55.88639426], [12.54317451, 55.88683677], [12.53548372, 55.89776826], [12.53494835, 55.89813972], [12.52946961, 55.90322995], [12.52828646, 55.90722632], [12.51780295, 55.91951251], [12.51780474, 55.92421162], [12.51942146, 55.92715335], [12.52475285, 55.92791414], [12.5218544, 55.93095291], [12.52132726, 55.93451643], [12.52688408, 55.93581271], [12.53012514, 55.93923306], [12.52525103, 55.94069815], [12.52856386, 55.94122732], [12.52690744, 55.94294775], [12.54264104, 55.96348965], [12.54426086, 55.96892095], [12.54804444, 55.97082555], [12.54524934, 55.97196305], [12.55526161, 55.98591435], [12.55552888, 55.9862051], [12.56403041, 55.99472785], [12.57902145, 56.00450373], [12.58925712, 56.00736833], [12.58994973, 56.00917494], [12.59579861, 56.01099265], [12.60079181, 56.01522934], [12.60896254, 56.02846086], [12.61757815, 56.03239775], [12.61625314, 56.03352416], [12.61930656, 56.03410363], [12.61602271, 56.03413582], [12.61469758, 56.03735435], [12.61786628, 56.03622794], [12.61665654, 56.03828776], [12.61792386, 56.03809476], [12.61919141, 56.03481174], [12.62403095, 56.03867412], [12.62257695, 56.04026008], [12.61814415, 56.04132521], [12.61987531, 56.04331064], [12.61892045, 56.04436481], [12.60617077, 56.04392052], [12.60544276, 56.04556823], [12.59584844, 56.05064631], [12.58028316, 56.05668545], [12.55779183, 56.07113934], [12.55217552, 56.07421875], [12.55073106, 56.07421875], [12.54803705, 56.0766263], [12.54259646, 56.07914555], [12.53895402, 56.08059156], [12.51894486, 56.08616865], [12.49739265, 56.09148824], [12.48791325, 56.09185815], [12.47548366, 56.09395397], [12.46094275, 56.09297121], [12.45927107, 56.09587407], [12.45839214, 56.09595251], [12.45242155, 56.09349942], [12.43498921, 56.09294295], [12.42449033, 56.09424245], [12.41237485, 56.09899902], [12.38954473, 56.10037971], [12.38888442, 56.10051107], [12.3717581, 56.10676396], [12.36298215, 56.11319125], [12.35345292, 56.11826634], [12.35026515, 56.11927426], [12.33693385, 56.12000716], [12.32040012, 56.12307644], [12.31395376, 56.12514401], [12.31350863, 56.12884414], [12.31188583, 56.12799025], [12.30921042, 56.12916803], [12.30856097, 56.12916136], [12.3046875, 56.12834823], [12.29913914, 56.12758243], [12.28806627, 56.12911272], [12.27593195, 56.12831855], [12.24763584, 56.12207651], [12.24092185, 56.12218106], [12.21031284, 56.11445534], [12.19551635, 56.11308765], [12.19488955, 56.11296237], [12.18574035, 56.11052823], [12.18021822, 56.10863435], [12.10658967, 56.07587278], [12.10201621, 56.07421875], [12.05488431, 56.05541813], [12.02429247, 56.03758264], [12.00133812, 56.027529], [11.97339976, 56.01742387], [11.953125, 56.01171875], [11.953125, 56.01143956], [11.94247556, 56.00831997], [11.92192304, 56.00072122], [11.91498995, 55.99640381], [11.88706243, 55.98581088], [11.87355578, 55.98314881], [11.85701466, 55.97742641], [11.85587406, 55.97703385], [11.85078323, 55.97473288], [11.84808493, 55.96809983], [11.84147215, 55.96565902], [11.84152007, 55.96480072], [11.84343684, 55.96630275], [11.84468281, 55.96581996], [11.84348476, 55.96512246], [11.84717453, 55.96522975], [11.84367645, 55.96429098], [11.84779751, 55.96286952], [11.84238255, 55.96463966], [11.84520984, 55.96152842], [11.84065747, 55.95954347], [11.84520984, 55.96099186], [11.84573686, 55.96080422], [11.8466953, 55.96002626], [11.84750986, 55.95729053], [11.84262216, 55.95812201], [11.85019934, 55.95555902], [11.85384941, 55.94515777], [11.85423374, 55.94486392], [11.86654556, 55.94044733], [11.86897552, 55.94236851], [11.86741495, 55.94481385], [11.87982225, 55.94371617], [11.88899195, 55.94088542], [11.90614915, 55.94557714], [11.91752875, 55.94790947], [11.91814232, 55.94801617], [11.92732084, 55.94834387], [11.94006622, 55.95148921], [11.94647515, 55.95671654], [11.94999576, 55.95860016], [11.953125, 55.95898426], [11.95727897, 55.95985913], [11.97491908, 55.96649802], [11.97573364, 55.9666295], [11.98788714, 55.96489024], [11.99719965, 55.96716535], [12.01180995, 55.96765625], [12.00693417, 55.96562135], [12.00482798, 55.95992994], [12.00941133, 55.95913506], [12.01248205, 55.96310902], [12.01432645, 55.96168292], [12.01140583, 55.95977545], [12.01224995, 55.95800567], [12.01414311, 55.95731115], [12.01742983, 55.95863247], [12.01857257, 55.95842063], [12.01882708, 55.95810318], [12.0207206, 55.95463526], [12.02139843, 55.94686985], [12.03818226, 55.93062484], [12.04569364, 55.91835904], [12.04767501, 55.91371322], [12.04767573, 55.91334283], [12.04537332, 55.90218973], [12.04770017, 55.8984375], [12.05055368, 55.89191663], [12.05521107, 55.88505375], [12.06622744, 55.87790477], [12.06367314, 55.87054133], [12.06397963, 55.86028802], [12.05828595, 55.85812914], [12.04969585, 55.85875285], [12.04626775, 55.85779798], [12.04125488, 55.84370434], [12.04938507, 55.84189737], [12.04990625, 55.84169221], [12.05232644, 55.83942056], [12.05418205, 55.83741426], [12.05359781, 55.83563805], [12.05337131, 55.83524156], [12.04984808, 55.83441412], [12.04976964, 55.83335495], [12.05538654, 55.83345032], [12.05699146, 55.82761586], [12.05956483, 55.82827222], [12.06186974, 55.82631445], [12.06340396, 55.82185805], [12.0659765, 55.81981242], [12.06497705, 55.81597781], [12.06867278, 55.8119657], [12.06884801, 55.81140542], [12.06751955, 55.80832827], [12.07091093, 55.80703628], [12.07789373, 55.79956973], [12.07826495, 55.79838407], [12.07749033, 55.79393017], [12.07400346, 55.79292643], [12.07569695, 55.79057527], [12.07371664, 55.78618026], [12.07621574, 55.78424823], [12.07924688, 55.78449833], [12.08011484, 55.7825011], [12.08623874, 55.78108835], [12.08754194, 55.76717567], [12.08756244, 55.76708758], [12.08440161, 55.76508021], [12.09516037, 55.76015866], [12.10013437, 55.75598824], [12.09984505, 55.74954236], [12.09385455, 55.74481106], [12.09779656, 55.73818421], [12.09985995, 55.73797846], [12.10803032, 55.73173797], [12.10323453, 55.73006701], [12.10735464, 55.72912836], [12.11617041, 55.73036826], [12.11862516, 55.72896051], [12.11871612, 55.72752798], [12.11826026, 55.7265625], [12.10925877, 55.72658682], [12.10715473, 55.72360444], [12.10909975, 55.72265625], [12.10844362, 55.72265625], [12.10267365, 55.72059381], [12.10035348, 55.71862292], [12.10012186, 55.71798778], [12.10012198, 55.71122146], [12.10350347, 55.70939076], [12.11124337, 55.70987475], [12.11262071, 55.70746875], [12.11056244, 55.70463586], [12.10719216, 55.70343435], [12.09579933, 55.70367563], [12.10323656, 55.7024796], [12.10531926, 55.70002806], [12.09936476, 55.69653845], [12.09501004, 55.69746673], [12.09150147, 55.69616985], [12.08551562, 55.69670761], [12.08166146, 55.694332], [12.08145595, 55.69397688], [12.0830965, 55.69213748], [12.09483004, 55.69237566], [12.09318018, 55.68467474], [12.08835113, 55.68479872], [12.08561563, 55.68872345], [12.07784045, 55.68854952], [12.07485723, 55.68218136], [12.06930864, 55.67901576], [12.06982923, 55.67694783], [12.07913005, 55.67292476], [12.08220995, 55.67006493], [12.08450341, 55.67029703], [12.08509243, 55.67191148], [12.09074497, 55.66952694], [12.08631241, 55.66085207], [12.0859518, 55.65421045], [12.08138001, 55.65107214], [12.05615795, 55.6570909], [12.05553865, 55.66240525], [12.0602411, 55.66596353], [12.05991173, 55.66729283], [12.05743611, 55.6714555], [12.05097771, 55.67340505], [12.04434705, 55.67169035], [12.04313755, 55.66808641], [12.03662574, 55.67068517], [12.02695906, 55.6674726], [12.02267194, 55.67033684], [12.01882875, 55.67095447], [12.01490462, 55.67011416], [12.01332438, 55.66810465], [12.00795186, 55.66729927], [12.01099682, 55.6689496], [12.00938916, 55.67203307], [12.01208305, 55.67397344], [12.00949562, 55.67797315], [12.00618172, 55.67952514], [12.00633085, 55.68456018], [11.99703884, 55.68525076], [11.99802291, 55.68981695], [12.00333083, 55.68954325], [12.01106131, 55.68638384], [12.01451278, 55.68638384], [12.02589285, 55.68027747], [12.03074396, 55.68025172], [12.03643405, 55.68232632], [12.04521215, 55.67885923], [12.04952121, 55.67885041], [12.05180395, 55.68019092], [12.05043423, 55.68239701], [12.04034984, 55.68597305], [12.04241502, 55.68952024], [12.04159737, 55.69131696], [12.03195214, 55.6928308], [12.03028631, 55.69432068], [12.02002501, 55.69315255], [12.01596725, 55.69401526], [12.01367807, 55.69590712], [12.00503862, 55.69193447], [11.99747515, 55.69367754], [11.99755251, 55.69543147], [12.00089204, 55.69607842], [12.00242507, 55.70001936], [12.00736761, 55.70451498], [12.00654686, 55.70505095], [12.00526023, 55.70505381], [12.00307965, 55.70463765], [12.00012124, 55.70266414], [11.99167812, 55.70385504], [11.99205601, 55.69843531], [11.98132885, 55.69344091], [11.98194027, 55.69167316], [11.98820424, 55.69141054], [11.99201453, 55.68844986], [11.99311388, 55.68344855], [11.99114132, 55.68247426], [11.99689102, 55.67864156], [11.98949671, 55.67726231], [11.97421265, 55.67709005], [11.96514296, 55.6752851], [11.953125, 55.67550206], [11.95136476, 55.67553437], [11.95105243, 55.67508066], [11.95026886, 55.66811335], [11.95025635, 55.66697443], [11.95259321, 55.6640408], [11.95049393, 55.66269696], [11.94135261, 55.66137815], [11.93888617, 55.65860248], [11.93894815, 55.65639257], [11.94063687, 55.65583181], [11.93745375, 55.65529704], [11.93637407, 55.64904332], [11.93348193, 55.64733946], [11.93288922, 55.64754951], [11.92768252, 55.65244532], [11.92759275, 55.65355694], [11.92900705, 55.65785766], [11.93106353, 55.65897405], [11.93153596, 55.66325605], [11.93175864, 55.66365802], [11.93724775, 55.66636515], [11.93866825, 55.67233634], [11.94329786, 55.67912316], [11.95287836, 55.68694186], [11.953125, 55.68694186], [11.95337915, 55.68717074], [11.95450342, 55.68936491], [11.95933032, 55.69421613], [11.96395195, 55.69597697], [11.97240734, 55.70995903], [11.97939944, 55.71551895], [11.98067045, 55.71636951], [11.98158443, 55.71886003], [11.98073721, 55.72265625], [11.98085392, 55.72265625], [11.98035872, 55.72893405], [11.98531401, 55.73134124], [11.98704636, 55.7381736], [11.98963141, 55.74031901], [11.99592245, 55.73144317], [12.00040853, 55.73435616], [12.00806963, 55.73400974], [12.00785625, 55.72265625], [12.00796628, 55.72247434], [12.01402962, 55.72213626], [12.01633585, 55.72047925], [12.01969016, 55.72265625], [12.01947606, 55.72265625], [12.02722967, 55.72795224], [12.03367352, 55.72803497], [12.03559422, 55.73081541], [12.04104006, 55.72969186], [12.04653835, 55.73275232], [12.05218732, 55.73346055], [12.06280255, 55.73102665], [12.06352031, 55.73616362], [12.06600785, 55.73765612], [12.06223154, 55.73970532], [12.06116223, 55.74929595], [12.06287873, 55.75267196], [12.05855715, 55.75290895], [12.05536962, 55.75490463], [12.0597738, 55.75937963], [12.06350815, 55.75993764], [12.06638646, 55.76595557], [12.06603301, 55.76818657], [12.06113708, 55.77106404], [12.06108117, 55.77414298], [12.05563641, 55.77780044], [12.05378365, 55.78133488], [12.05446148, 55.78739584], [12.05747128, 55.79038036], [12.05567396, 55.79382265], [12.05815494, 55.79663503], [12.04931271, 55.79904997], [12.04463887, 55.79673505], [12.04249466, 55.79684055], [12.04061711, 55.79990482], [12.04105055, 55.80539942], [12.04511118, 55.80627561], [12.04838586, 55.80868912], [12.05158377, 55.80877376], [12.05258763, 55.81026316], [12.04971862, 55.81302583], [12.04157293, 55.81279254], [12.03665173, 55.81871057], [12.03865886, 55.82352233], [12.03495514, 55.83252883], [12.03647006, 55.83729446], [12.03394604, 55.84125805], [12.03973567, 55.84273875], [12.03357327, 55.84182143], [12.03024435, 55.85086584], [12.01531827, 55.85541034], [12.01011837, 55.85560918], [11.99951351, 55.85980523], [11.99817646, 55.86149681], [11.99904203, 55.87091506], [12.00246727, 55.87242794], [11.99912691, 55.87399685], [11.99904346, 55.87653875], [12.00234365, 55.87734532], [12.00143421, 55.88043201], [12.00756526, 55.88368583], [12.0093348, 55.88528264], [12.0101186, 55.88870263], [12.01140165, 55.88973904], [12.01686931, 55.89186466], [12.02393258, 55.8984375], [12.02433383, 55.8984375], [12.02710795, 55.89992356], [12.0271877, 55.90023041], [12.02646613, 55.90395165], [12.02408326, 55.90822267], [12.01884115, 55.90874243], [12.00442815, 55.91551495], [11.99392867, 55.91300845], [11.98675191, 55.91325545], [11.98427784, 55.91391551], [11.98245001, 55.91455495], [11.97540724, 55.91862607], [11.97036338, 55.92502546], [11.96489894, 55.92902005], [11.96382415, 55.92939723], [11.953125, 55.93080354], [11.953125, 55.93108261], [11.9477545, 55.93242955], [11.91156125, 55.93575323], [11.90598714, 55.93772984], [11.90499365, 55.93735814], [11.90488493, 55.9369415], [11.90676045, 55.93320501], [11.90096831, 55.92095244], [11.90139556, 55.91870308], [11.90173352, 55.91810846], [11.91238952, 55.91086245], [11.91959941, 55.90382946], [11.91993666, 55.90340602], [11.92175317, 55.8984375], [11.92242515, 55.8984375], [11.92606485, 55.89276004], [11.93018067, 55.89100337], [11.93074131, 55.89014244], [11.92763293, 55.88430107], [11.93095577, 55.87660074], [11.9338696, 55.87295854], [11.93547142, 55.8720355], [11.93872535, 55.87101614], [11.94392633, 55.87069261], [11.94444025, 55.87041831], [11.94632554, 55.86899436], [11.953125, 55.86104906], [11.953125, 55.85993302], [11.95943475, 55.85190988], [11.95943975, 55.85149884], [11.95851731, 55.84792447], [11.95367515, 55.83722115], [11.953125, 55.83733261], [11.94923532, 55.83413756], [11.94881833, 55.83343041], [11.94442403, 55.82319677], [11.93500125, 55.82079744], [11.93488598, 55.81851935], [11.93263435, 55.81772315], [11.92297626, 55.81731701], [11.91677678, 55.82011735], [11.91290152, 55.82020223], [11.90121865, 55.8183192], [11.89585435, 55.8169347], [11.89512396, 55.81575561], [11.89040267, 55.81689847], [11.87801993, 55.81423295], [11.87701082, 55.81169617], [11.8800981, 55.81097543], [11.878057, 55.80901325], [11.88020825, 55.80712354], [11.87767673, 55.79958332], [11.8757472, 55.79834366], [11.87002075, 55.79875374], [11.86466301, 55.79648685], [11.86256027, 55.79252827], [11.86153364, 55.77748227], [11.85832775, 55.77308846], [11.85983396, 55.76930952], [11.85844123, 55.76264584], [11.85543835, 55.76075542], [11.85338736, 55.75621474], [11.84719896, 55.75539911], [11.85015428, 55.75137544], [11.85518575, 55.75236821], [11.85728884, 55.75152862], [11.8548336, 55.73587227], [11.85988247, 55.73500323], [11.86523604, 55.73717272], [11.87542725, 55.73673296], [11.8648864, 55.73172402], [11.85769105, 55.73172057], [11.85725641, 55.73149347], [11.8561455, 55.73083925], [11.85112226, 55.72265625], [11.85105836, 55.72265625], [11.84847307, 55.71774375], [11.83955324, 55.70782924], [11.83949161, 55.70767248], [11.83913445, 55.70247066], [11.83635998, 55.69859326], [11.83592343, 55.69727671], [11.83868122, 55.68819046], [11.83865225, 55.68765867], [11.83713806, 55.68509984], [11.83555496, 55.68351841], [11.83152306, 55.68207276], [11.83466411, 55.68876076], [11.83030498, 55.69230628], [11.82604015, 55.6868062], [11.82850695, 55.68257833], [11.81757581, 55.67703104], [11.81362522, 55.67364347], [11.81274045, 55.66618574], [11.81253755, 55.66586185], [11.80811143, 55.66314161], [11.80408454, 55.66120815], [11.80308926, 55.66112411], [11.79809046, 55.66375041], [11.79214644, 55.66211963], [11.79050326, 55.66202235], [11.78553903, 55.66315162], [11.7825669, 55.66303706], [11.77918994, 55.66245627], [11.78201616, 55.65940642], [11.78132975, 55.65835476], [11.7807126, 55.65825272], [11.77058327, 55.65918374], [11.76997304, 55.66119945], [11.77404726, 55.66310096], [11.77568662, 55.66793585], [11.78864086, 55.6705718], [11.78917944, 55.68045533], [11.79507494, 55.6797502], [11.79956901, 55.68129683], [11.80395114, 55.6805644], [11.80490053, 55.68157601], [11.80303586, 55.68325186], [11.81076086, 55.68503475], [11.80696785, 55.68765795], [11.80687833, 55.69335854], [11.80402446, 55.69744051], [11.80272245, 55.69818711], [11.79750693, 55.69715846], [11.79158235, 55.70062065], [11.79255605, 55.71238923], [11.79230666, 55.713117], [11.78400016, 55.72265625], [11.78427601, 55.72265625], [11.78411067, 55.72393751], [11.77557457, 55.72650385], [11.77480042, 55.72643197], [11.77346444, 55.72588253], [11.77189696, 55.72265625], [11.77118015, 55.72265625], [11.77123165, 55.72226405], [11.76646173, 55.72055173], [11.76552165, 55.72054708], [11.76106656, 55.72215974], [11.75611043, 55.72195077], [11.7539227, 55.72265625], [11.75097752, 55.72313905], [11.74806392, 55.72251308], [11.73223817, 55.72023726], [11.72118843, 55.72157085], [11.71835494, 55.72073185], [11.71235645, 55.72205007], [11.70445573, 55.71938682], [11.68364036, 55.71813011], [11.66862786, 55.71574891], [11.66383374, 55.71633482], [11.66349781, 55.71920824], [11.65353966, 55.72109151], [11.65339518, 55.72133827], [11.65577972, 55.72221696], [11.6558007, 55.72265625], [11.65553474, 55.72265625], [11.65424311, 55.72443771], [11.6574043, 55.72487164], [11.65731394, 55.72529495], [11.65247238, 55.73117542], [11.66107106, 55.73360777], [11.66965413, 55.73305213], [11.68621421, 55.73485053], [11.70527816, 55.73419964], [11.71044886, 55.73552775], [11.71960211, 55.73526967], [11.73054051, 55.73903656], [11.74301553, 55.73835254], [11.74866796, 55.73908806], [11.76428044, 55.74500966], [11.77036893, 55.74504912], [11.77012396, 55.75076711], [11.75976932, 55.75302815], [11.74701965, 55.75809157], [11.74156713, 55.76324475], [11.74139106, 55.76623261], [11.74755204, 55.77000785], [11.75261891, 55.76916742], [11.75034261, 55.76632488], [11.75342155, 55.76255512], [11.75706697, 55.76285374], [11.75997365, 55.76489985], [11.75986564, 55.76747906], [11.75018907, 55.77326536], [11.74480605, 55.78895414], [11.73696327, 55.79274476], [11.73475373, 55.79586697], [11.7265172, 55.79556382], [11.72213364, 55.79129457], [11.70352626, 55.79088545], [11.69455445, 55.78574324], [11.68301594, 55.78543532], [11.67564321, 55.77912545], [11.65624034, 55.77290893], [11.63910747, 55.7734071], [11.63109934, 55.77209675], [11.61910057, 55.77588522], [11.60912144, 55.78110945], [11.60912704, 55.78138995], [11.61267376, 55.78524435], [11.63010943, 55.78883064], [11.64762378, 55.79449785], [11.64526927, 55.79792166], [11.64665616, 55.80153847], [11.65396082, 55.80436862], [11.64901435, 55.80724812], [11.64950335, 55.8087579], [11.66195106, 55.81711173], [11.6771605, 55.81744313], [11.69499946, 55.81180751], [11.70578516, 55.81013048], [11.71090782, 55.81038272], [11.71498716, 55.80639195], [11.72204864, 55.81259537], [11.72973347, 55.81685436], [11.73240554, 55.81958365], [11.73450875, 55.82354665], [11.73519862, 55.82689142], [11.73091686, 55.83801484], [11.71433723, 55.85154343], [11.7085247, 55.86125541], [11.6913563, 55.87414265], [11.66906846, 55.88002396], [11.66605592, 55.88899124], [11.66734552, 55.89035726], [11.66594696, 55.89547765], [11.66791356, 55.8984375], [11.66828954, 55.8984375], [11.67018604, 55.90184391], [11.67117298, 55.90568805], [11.67012727, 55.90947914], [11.67468953, 55.91227758], [11.6687932, 55.91218364], [11.66825712, 55.91329145], [11.6730144, 55.91438055], [11.67438805, 55.91302872], [11.67596245, 55.91342294], [11.67560375, 55.91571093], [11.67710173, 55.91430545], [11.68309855, 55.91411757], [11.68582106, 55.91183007], [11.68741882, 55.91163242], [11.68877554, 55.91176558], [11.69874215, 55.91638434], [11.71105886, 55.91807962], [11.71181261, 55.91788793], [11.71504915, 55.91615736], [11.70922255, 55.91279972], [11.70889163, 55.90681493], [11.71093965, 55.90358317], [11.71133172, 55.90325975], [11.72471511, 55.89961255], [11.72538304, 55.89948285], [11.73400176, 55.89878607], [11.73473394, 55.89889777], [11.75061941, 55.90404844], [11.75087631, 55.90418601], [11.75328708, 55.91021085], [11.74858308, 55.92378545], [11.75463855, 55.94023156], [11.76254225, 55.9439733], [11.76742828, 55.94300771], [11.76850605, 55.94377208], [11.76627874, 55.94514012], [11.77705836, 55.95279145], [11.77761781, 55.95291746], [11.78229785, 55.95362115], [11.78661287, 55.95294535], [11.78862476, 55.95053124], [11.78761888, 55.94823801], [11.78884053, 55.94747364], [11.79049313, 55.94775522], [11.79200184, 55.94868064], [11.79214573, 55.94936454], [11.79099596, 55.95660651], [11.79063666, 55.95729053], [11.77691054, 55.97704494], [11.76490593, 55.97278023], [11.75275743, 55.97028565], [11.7359364, 55.96376801], [11.73004186, 55.95930207], [11.72738206, 55.95793414], [11.71352077, 55.95185888], [11.71107757, 55.95109463], [11.69620323, 55.94739306], [11.67249012, 55.94473767], [11.6605618, 55.94119716], [11.64188147, 55.93842113], [11.62815738, 55.93934655], [11.62578642, 55.94212246], [11.61479282, 55.94328928], [11.61091256, 55.94481826], [11.60868526, 55.94594467], [11.6015625, 55.95089281], [11.59711683, 55.95431316], [11.59532034, 55.95946312], [11.59093726, 55.96151495], [11.58387125, 55.96175396], [11.54999602, 55.95344758], [11.52228773, 55.95152652], [11.49974453, 55.95530021], [11.48297048, 55.96081674], [11.45586753, 55.96034765], [11.45361376, 55.96112502], [11.41635215, 55.96209955], [11.40252328, 55.96537232], [11.38522685, 55.96696472], [11.37071455, 55.97157586], [11.37180066, 55.97253335], [11.36884975, 55.97368967], [11.36336935, 55.97368145], [11.36266565, 55.97382224], [11.35765052, 55.97531307], [11.34766412, 55.97876525], [11.31351066, 55.98540616], [11.30363333, 55.98836863], [11.29799557, 55.99145472], [11.29193187, 55.99822462], [11.28887391, 55.99965572], [11.28015995, 56.00965846], [11.27759385, 56.01079977], [11.27706826, 56.01051152], [11.27698481, 56.00685406], [11.28500354, 55.99716175], [11.28769863, 55.98424864], [11.29170644, 55.97862566], [11.29906881, 55.97368515], [11.30167615, 55.97298193], [11.30908155, 55.97504962], [11.32136488, 55.97076166], [11.33634961, 55.96898997], [11.35621762, 55.96019936], [11.37852955, 55.95263004], [11.38401997, 55.95333183], [11.39270091, 55.95208502], [11.4003129, 55.95249474], [11.42857218, 55.94900215], [11.4424715, 55.949916], [11.46701205, 55.94817102], [11.48127794, 55.94255042], [11.49683797, 55.93998671], [11.50824738, 55.93244708], [11.51511264, 55.93272591], [11.52037156, 55.92967081], [11.52529454, 55.92339694], [11.52723742, 55.91599524], [11.52671254, 55.90756607], [11.52538693, 55.90052044], [11.52338207, 55.8984375], [11.52332735, 55.8984375], [11.52296877, 55.89774728], [11.52387631, 55.89200163], [11.52486515, 55.88915241], [11.52756703, 55.88595164], [11.52691686, 55.89275122], [11.52918982, 55.89448142], [11.52594507, 55.89797926], [11.52636993, 55.8984375], [11.52767491, 55.90127444], [11.52803588, 55.90123212], [11.52986908, 55.89853966], [11.52976453, 55.8984375], [11.52839756, 55.89580572], [11.53066111, 55.89438915], [11.53065622, 55.89408135], [11.52831864, 55.89189661], [11.53062916, 55.88601983], [11.52692175, 55.87956536], [11.52565503, 55.87861395], [11.52537894, 55.87872767], [11.52620506, 55.88259006], [11.52391684, 55.88302827], [11.52336585, 55.88251281], [11.5199995, 55.87254906], [11.51727271, 55.86822391], [11.51087368, 55.86019933], [11.50345004, 55.85226667], [11.50304174, 55.85189891], [11.4968847, 55.84867096], [11.49486065, 55.84797406], [11.48941696, 55.84646201], [11.48376834, 55.84605491], [11.48239851, 55.84617138], [11.47347665, 55.84888732], [11.46327651, 55.84745002], [11.44931281, 55.84833205], [11.41854823, 55.83820653], [11.40689802, 55.83300614], [11.39433873, 55.83091521], [11.38932335, 55.83093905], [11.38499165, 55.8344053], [11.3783437, 55.83613491], [11.37522864, 55.84119141], [11.37114012, 55.84189773], [11.36933136, 55.84369385], [11.36247754, 55.84581625], [11.35803914, 55.84453201], [11.35725796, 55.84398353], [11.35371804, 55.84026158], [11.35724223, 55.84003925], [11.36266005, 55.84210193], [11.36950815, 55.83783293], [11.36975825, 55.83762097], [11.37472236, 55.82996094], [11.37720251, 55.82212615], [11.37532771, 55.81479692], [11.37769747, 55.80685425], [11.37588966, 55.79900646], [11.37758243, 55.79395151], [11.3831321, 55.78816021], [11.38313413, 55.78742254], [11.37904191, 55.77933383], [11.37530065, 55.77781546], [11.37875283, 55.77670193], [11.36920905, 55.76822054], [11.36289406, 55.76627123], [11.36221957, 55.76588416], [11.35234427, 55.75850356], [11.34731531, 55.75663817], [11.33763576, 55.75394094], [11.33194923, 55.75351906], [11.32589817, 55.75439167], [11.32066655, 55.75342095], [11.30943322, 55.75400555], [11.30501032, 55.74966812], [11.30589056, 55.74590027], [11.30415463, 55.74460745], [11.29935682, 55.74514592], [11.2970947, 55.74872208], [11.29841971, 55.75063515], [11.29613805, 55.75412834], [11.30289137, 55.75141954], [11.30190384, 55.75344431], [11.29753542, 55.75449145], [11.29283178, 55.75375974], [11.28969431, 55.75525844], [11.28537571, 55.75494587], [11.29294825, 55.75126171], [11.29294002, 55.75099111], [11.2895087, 55.74426997], [11.28885293, 55.74343956], [11.28380251, 55.73862994], [11.28313231, 55.73818815], [11.27147567, 55.73229396], [11.26154053, 55.72907984], [11.25664544, 55.72915614], [11.25, 55.73102665], [11.24819183, 55.73110902], [11.24804151, 55.73127341], [11.24748456, 55.73462141], [11.22809482, 55.7419852], [11.2273854, 55.74237824], [11.22340095, 55.74717677], [11.21704042, 55.74610603], [11.21496606, 55.74211133], [11.21936166, 55.73878956], [11.21128142, 55.73217452], [11.19870424, 55.73192418], [11.19783235, 55.73219907], [11.18802536, 55.73698223], [11.18753564, 55.74196804], [11.18138587, 55.7479701], [11.18112063, 55.75122595], [11.177531, 55.75498593], [11.17328405, 55.75471616], [11.16005445, 55.75086653], [11.15323865, 55.75084674], [11.14524806, 55.75353706], [11.13642085, 55.75144684], [11.13343012, 55.75225985], [11.12866032, 55.75067532], [11.12601078, 55.75144446], [11.11238861, 55.74417985], [11.08391762, 55.73515606], [11.06137335, 55.73222673], [11.04325283, 55.73179364], [11.02751827, 55.73606443], [11.01645768, 55.73662972], [11.00904095, 55.73894882], [11.00663555, 55.74165523], [10.99146557, 55.74494648], [10.98875344, 55.74438047], [10.98803771, 55.74561954], [10.98335934, 55.74690127], [10.9541527, 55.74964905], [10.92446446, 55.74941254], [10.89843214, 55.74371696], [10.89613855, 55.74334335], [10.86916053, 55.74291945], [10.87879157, 55.73966706], [10.88498986, 55.73478425], [10.8984375, 55.73102665], [10.8984375, 55.73074782], [10.91634572, 55.72691596], [10.92810226, 55.72663105], [10.93553245, 55.72759271], [10.94874823, 55.72691286], [10.96311355, 55.72949851], [10.98429465, 55.72683287], [10.99672794, 55.72204614], [11.0041728, 55.71251535], [11.02372575, 55.69796765], [11.03609204, 55.69365644], [11.04295957, 55.68852985], [11.0602715, 55.68275797], [11.07586336, 55.66971242], [11.07957995, 55.67051125], [11.07706821, 55.67012775], [11.07403314, 55.67440593], [11.07187366, 55.67505646], [11.07424247, 55.67626464], [11.06995165, 55.67800546], [11.07099891, 55.67991173], [11.07534134, 55.68027735], [11.07917285, 55.678128], [11.08947051, 55.67673683], [11.09062147, 55.67537963], [11.09093535, 55.67685485], [11.09224355, 55.67667782], [11.0947026, 55.67461252], [11.10014403, 55.67455351], [11.10129511, 55.67599905], [11.10255074, 55.67414045], [11.10244608, 55.67381585], [11.09726644, 55.67366827], [11.09726644, 55.67192745], [11.09077847, 55.67275357], [11.09004605, 55.6724292], [11.08879018, 55.67000985], [11.09109235, 55.66868198], [11.09894073, 55.66773784], [11.10082424, 55.6693902], [11.10323095, 55.66891813], [11.10139966, 55.66658735], [11.0911448, 55.66652834], [11.09679556, 55.66523016], [11.09595704, 55.66369593], [11.09083152, 55.66419744], [11.08654284, 55.66083396], [11.08591521, 55.66399086], [11.08371854, 55.66520047], [11.07780862, 55.66422701], [11.07320595, 55.66528904], [11.07728553, 55.6639024], [11.07665801, 55.66307616], [11.07095706, 55.66348934], [11.07111394, 55.6618371], [11.06867397, 55.66105521], [11.05691206, 55.66135454], [11.03753662, 55.66469145], [11.02639413, 55.6652081], [10.99998105, 55.66911197], [10.98685682, 55.66660321], [10.96647501, 55.66764605], [10.95835757, 55.67111027], [10.95474148, 55.67032576], [10.94211006, 55.67321086], [10.93581104, 55.67240822], [10.93256903, 55.66930747], [10.93255341, 55.66828155], [10.93527436, 55.66560137], [10.93401861, 55.66402984], [10.93436635, 55.66384006], [10.9395287, 55.66290045], [10.94368267, 55.65958917], [10.95180511, 55.6578052], [10.96671247, 55.65789461], [10.97424078, 55.65627944], [10.99025285, 55.65617943], [11.00883532, 55.65436411], [11.00992918, 55.65422905], [11.03329527, 55.65036106], [11.04039097, 55.64848506], [11.04762697, 55.64467561], [11.11069357, 55.62353218], [11.12392688, 55.61688411], [11.12849581, 55.61394775], [11.13225734, 55.61016524], [11.13473844, 55.60501277], [11.14742565, 55.590487], [11.15053618, 55.58527994], [11.15231895, 55.58157325], [11.15354717, 55.57360375], [11.15823507, 55.56643403], [11.15823436, 55.5569123], [11.15278006, 55.546875], [11.15287316, 55.54563606], [11.14361262, 55.53881228], [11.14290464, 55.53840566], [11.13336086, 55.53561676], [11.11699927, 55.53760207], [11.10537624, 55.53396881], [11.10161793, 55.53373194], [11.09563065, 55.53623855], [11.08890104, 55.53448021], [11.07931817, 55.51497197], [11.08677244, 55.51464045], [11.08947945, 55.51191235], [11.09410298, 55.51035392], [11.10444605, 55.51018774], [11.11271834, 55.51171911], [11.12021685, 55.51641154], [11.11911213, 55.51873767], [11.12474835, 55.52296174], [11.12355697, 55.52367711], [11.11697447, 55.52304554], [11.11649811, 55.5235548], [11.11827326, 55.52495515], [11.11620367, 55.52760446], [11.12100685, 55.53190041], [11.12146175, 55.53182888], [11.12400651, 55.53093362], [11.12426674, 55.53072965], [11.12439716, 55.52803075], [11.1270467, 55.52542162], [11.13715231, 55.52272105], [11.14057362, 55.51578653], [11.14872241, 55.50933635], [11.16243112, 55.50466955], [11.17218173, 55.49828351], [11.17377233, 55.49537492], [11.17224312, 55.49315655], [11.17610025, 55.49201703], [11.17769265, 55.48939133], [11.17640054, 55.47852325], [11.17838466, 55.47318053], [11.18281054, 55.46809924], [11.18763006, 55.46575618], [11.19131815, 55.46005917], [11.20129144, 55.45364761], [11.20379317, 55.43965161], [11.19407892, 55.42141592], [11.19404328, 55.41759706], [11.20156682, 55.41338432], [11.20391941, 55.40890574], [11.21310151, 55.40292776], [11.21501303, 55.39881086], [11.21501756, 55.39833784], [11.21410215, 55.39383435], [11.21225417, 55.39230406], [11.21312106, 55.39137816], [11.20203161, 55.38323188], [11.20127583, 55.38294077], [11.17401767, 55.37901735], [11.16240108, 55.37179375], [11.15807545, 55.37109375], [11.15097737, 55.36778557], [11.14649892, 55.36682916], [11.14386594, 55.36669445], [11.13797057, 55.36780763], [11.13368213, 55.36598206], [11.12376535, 55.36446941], [11.12197018, 55.36458182], [11.11803961, 55.36532795], [11.11771786, 55.36871624], [11.1132133, 55.37038815], [11.09473717, 55.35361958], [11.09319711, 55.35159636], [11.09390783, 55.34848273], [11.09202945, 55.34691095], [11.09999251, 55.34791934], [11.10310817, 55.34706116], [11.10416687, 55.34494221], [11.10884202, 55.34740436], [11.11053455, 55.34707451], [11.11579835, 55.3407526], [11.12279713, 55.33729792], [11.13034534, 55.33560813], [11.13777447, 55.33532643], [11.13826966, 55.33500445], [11.14010942, 55.33170545], [11.13890648, 55.33134341], [11.13805747, 55.33170545], [11.13692546, 55.33432055], [11.13508594, 55.33456194], [11.13441753, 55.33444405], [11.13430762, 55.33307326], [11.13211417, 55.33415973], [11.13352942, 55.33263075], [11.13091147, 55.33178592], [11.12808144, 55.33259046], [11.13048685, 55.33025706], [11.12928414, 55.32989502], [11.12793994, 55.33106172], [11.12702012, 55.33090067], [11.12701917, 55.32953274], [11.12504065, 55.33279181], [11.12468696, 55.33178592], [11.12659645, 55.32876837], [11.13197184, 55.32880855], [11.13154745, 55.3265959], [11.12992072, 55.32623374], [11.12772822, 55.32796383], [11.12864757, 55.32615316], [11.15262687, 55.31955504], [11.17351103, 55.30564642], [11.17423117, 55.30535555], [11.18009233, 55.30507815], [11.20206165, 55.29881012], [11.20942736, 55.29427421], [11.22241306, 55.29182315], [11.22386241, 55.29135335], [11.23464096, 55.28614533], [11.23499692, 55.28587866], [11.23716211, 55.27961707], [11.23692465, 55.2727555], [11.24457002, 55.26146507], [11.24457002, 55.25718164], [11.23881495, 55.24808192], [11.24283516, 55.24778831], [11.24677181, 55.24584424], [11.25, 55.24720967], [11.25253177, 55.24788821], [11.25614464, 55.24727297], [11.25751901, 55.24663067], [11.26227343, 55.24095917], [11.26691556, 55.23859966], [11.27159846, 55.23981297], [11.27275205, 55.24487782], [11.28195477, 55.25099444], [11.28560865, 55.25198627], [11.28831744, 55.25075841], [11.28872395, 55.25026691], [11.28757405, 55.24714994], [11.28717744, 55.24672568], [11.28183401, 55.24310994], [11.28092372, 55.24158382], [11.28017151, 55.2359308], [11.28002143, 55.23561382], [11.27816451, 55.2347728], [11.27730584, 55.23460066], [11.27374995, 55.23525286], [11.27083266, 55.237975], [11.26650381, 55.23721552], [11.26016295, 55.23982656], [11.25328958, 55.23945796], [11.25, 55.24023426], [11.24635243, 55.24091494], [11.24580956, 55.24126077], [11.24703026, 55.24423957], [11.2396394, 55.24649143], [11.23912835, 55.24661195], [11.23317087, 55.24517286], [11.23252857, 55.24165118], [11.23372722, 55.23895896], [11.24945867, 55.22305191], [11.24822712, 55.22192454], [11.23990524, 55.22134793], [11.23775351, 55.22059584], [11.23639524, 55.21932566], [11.23682892, 55.21755254], [11.23783386, 55.21613562], [11.24191523, 55.21298707], [11.24862218, 55.20993996], [11.24206162, 55.20870793], [11.24214876, 55.20842361], [11.24852455, 55.20458662], [11.25, 55.20479906], [11.25074506, 55.20484805], [11.25151873, 55.20358014], [11.25691652, 55.20220673], [11.25699973, 55.20080256], [11.25446773, 55.20055425], [11.2552706, 55.19958437], [11.27806342, 55.20082927], [11.27880895, 55.20069385], [11.29009473, 55.1953125], [11.29138887, 55.1953125], [11.2932986, 55.19241977], [11.29416466, 55.19213808], [11.29550898, 55.19203484], [11.29985094, 55.1922847], [11.30982065, 55.19450521], [11.31845665, 55.19368291], [11.31816995, 55.1953125], [11.31796551, 55.1953125], [11.31280851, 55.19939375], [11.31320775, 55.2026273], [11.31564605, 55.20298207], [11.31528986, 55.20536852], [11.31770265, 55.20665753], [11.31822932, 55.20943367], [11.32142627, 55.21003437], [11.32946205, 55.20935822], [11.33172822, 55.20420837], [11.33578646, 55.20011091], [11.33682525, 55.19990444], [11.34266615, 55.20123672], [11.34281325, 55.20553184], [11.35155034, 55.20927715], [11.35199034, 55.20922613], [11.36023223, 55.20127523], [11.36156225, 55.20050335], [11.36619318, 55.19804692], [11.37185085, 55.19785297], [11.37702727, 55.19858766], [11.37889457, 55.19904435], [11.38529575, 55.20422065], [11.39360297, 55.20554936], [11.39698076, 55.20821845], [11.40918255, 55.20598686], [11.41806006, 55.20675576], [11.42373395, 55.21048403], [11.42488945, 55.2138257], [11.42521322, 55.21419895], [11.43104863, 55.21920538], [11.43219244, 55.21933734], [11.43621695, 55.21896625], [11.43947947, 55.21780562], [11.44050944, 55.21742213], [11.44248331, 55.2151072], [11.44656003, 55.21406531], [11.45574355, 55.21678925], [11.45629835, 55.21662986], [11.45796275, 55.21438062], [11.46899867, 55.20884347], [11.46683681, 55.20457935], [11.47128403, 55.20453715], [11.47723103, 55.20667827], [11.48712361, 55.20485055], [11.49200678, 55.20176256], [11.49147201, 55.19701982], [11.49739611, 55.19887126], [11.50427306, 55.19942522], [11.50611377, 55.19930851], [11.53321958, 55.19545555], [11.53310788, 55.1953125], [11.53339243, 55.1953125], [11.55020666, 55.18981004], [11.57017243, 55.19020665], [11.58042586, 55.18813956], [11.59411991, 55.18992841], [11.59556317, 55.18985713], [11.6015625, 55.18861604], [11.60180593, 55.18861604], [11.61847854, 55.18218315], [11.63029695, 55.18182135], [11.64020646, 55.17735136], [11.64635468, 55.17621267], [11.64928675, 55.17445445], [11.64989161, 55.1740787], [11.65253615, 55.16830015], [11.66165245, 55.16249394], [11.66223454, 55.16221845], [11.67746496, 55.16092873], [11.67997623, 55.16011536], [11.68084931, 55.15971768], [11.69649041, 55.15020382], [11.70304096, 55.14380658], [11.71039546, 55.14069605], [11.7109251, 55.14068866], [11.71254432, 55.14146948], [11.71230566, 55.14168072], [11.70737743, 55.14346993], [11.71160805, 55.14408314], [11.70906174, 55.14997351], [11.70052552, 55.15221596], [11.69967282, 55.14940655], [11.69362891, 55.15790033], [11.68653154, 55.15926492], [11.67964804, 55.16209376], [11.67604971, 55.16784585], [11.67601073, 55.17116416], [11.67816997, 55.17278945], [11.67977941, 55.1791476], [11.67217052, 55.17966986], [11.66398621, 55.17196965], [11.66209614, 55.17203724], [11.66565311, 55.17426872], [11.65523624, 55.17682612], [11.65614486, 55.17787755], [11.65323293, 55.17890334], [11.65566862, 55.18125415], [11.65542483, 55.18737638], [11.66162086, 55.19033527], [11.66681087, 55.1953125], [11.66757214, 55.1953125], [11.66762984, 55.1961205], [11.67146325, 55.19712472], [11.67347574, 55.20045924], [11.6930114, 55.20818603], [11.69762015, 55.20709467], [11.70566463, 55.20702016], [11.71129262, 55.20812273], [11.71196532, 55.20797014], [11.72985232, 55.20169401], [11.73512352, 55.19661152], [11.7403022, 55.19565725], [11.74477935, 55.19681585], [11.74523795, 55.19605756], [11.74488533, 55.1958971], [11.74179792, 55.1953125], [11.73323953, 55.19265318], [11.7328552, 55.19244254], [11.73055208, 55.18873787], [11.72603905, 55.18692315], [11.72343266, 55.1843183], [11.72601306, 55.18221796], [11.72737145, 55.18195415], [11.73818564, 55.18397272], [11.74158895, 55.18015921], [11.72969234, 55.17498517], [11.72151375, 55.17343843], [11.7145071, 55.16913545], [11.71393681, 55.16868734], [11.71280694, 55.16679812], [11.71269083, 55.15879595], [11.71327305, 55.15798116], [11.71556985, 55.15617597], [11.73256814, 55.15186155], [11.73745728, 55.15295112], [11.74246764, 55.15602231], [11.74751973, 55.15408576], [11.75498283, 55.15325344], [11.77266824, 55.15608156], [11.77380085, 55.15498924], [11.77003968, 55.15220416], [11.77009678, 55.14939642], [11.78023422, 55.14600086], [11.78500855, 55.14707601], [11.78518558, 55.14996254], [11.78785956, 55.15251017], [11.79537702, 55.15317106], [11.80065811, 55.15020513], [11.81123436, 55.14892113], [11.81866944, 55.13349986], [11.81661153, 55.13124907], [11.80628347, 55.12883604], [11.79396284, 55.13194895], [11.78530943, 55.13305914], [11.77823555, 55.13271606], [11.76819468, 55.12899256], [11.76343656, 55.11952925], [11.75860298, 55.11892128], [11.75027907, 55.12106502], [11.73382807, 55.12134278], [11.72842348, 55.11999273], [11.73202217, 55.12529755], [11.72554457, 55.12872374], [11.71899045, 55.12407506], [11.71896863, 55.11256325], [11.72360432, 55.10884905], [11.72932041, 55.10682976], [11.74049926, 55.09441543], [11.74841046, 55.09198165], [11.74983001, 55.08973014], [11.74718511, 55.08705604], [11.74948335, 55.08328116], [11.76080155, 55.07609308], [11.77396727, 55.07394814], [11.77965724, 55.07514763], [11.77973604, 55.07712162], [11.77263606, 55.07848585], [11.76879406, 55.08330572], [11.76950514, 55.08473122], [11.77485275, 55.08594346], [11.77655888, 55.08294272], [11.78122282, 55.08043134], [11.79572058, 55.07697368], [11.80832791, 55.07189465], [11.81392193, 55.06275904], [11.82169032, 55.05684638], [11.83085406, 55.05215454], [11.83178544, 55.04508293], [11.82729018, 55.04175651], [11.82128656, 55.04234457], [11.81407046, 55.04383516], [11.80672622, 55.04795265], [11.78644264, 55.05276334], [11.76392603, 55.06005931], [11.75427938, 55.06130111], [11.7482841, 55.06371164], [11.73728514, 55.06336653], [11.68606424, 55.07274902], [11.68007576, 55.07249796], [11.67890644, 55.07178116], [11.67917991, 55.07149386], [11.68707907, 55.06733823], [11.69946265, 55.06291354], [11.72010171, 55.05862427], [11.72970152, 55.05461705], [11.77156472, 55.04794741], [11.80975926, 55.03667676], [11.81096625, 55.03626013], [11.82261908, 55.02964854], [11.82863355, 55.02325344], [11.84183276, 55.01967394], [11.84161818, 55.01953125], [11.8422327, 55.01953125], [11.85089433, 55.0162822], [11.85552847, 55.01360655], [11.86523426, 55.00616777], [11.88227975, 55.00221348], [11.88421667, 55.00146937], [11.88932466, 54.99791455], [11.89474046, 54.99436521], [11.89675295, 54.9938904], [11.90559196, 54.99335587], [11.91211331, 54.99517405], [11.91912007, 54.99526215], [11.91890717, 55.00024164], [11.91491401, 55.00224805], [11.90840948, 55.00348425], [11.90819275, 55.00380135], [11.90969837, 55.00434685], [11.92093325, 55.00337434], [11.924649, 55.00125611], [11.93383658, 54.99908435], [11.953125, 54.99665165], [11.953125, 54.99637282], [11.95715761, 54.99345756], [11.95901597, 54.98696744], [11.97821605, 54.97654283], [11.98237455, 54.97466505], [11.99546707, 54.96952057], [12.00950336, 54.96546078], [12.02607083, 54.96236205], [12.03756726, 54.96185541], [12.05278575, 54.96257675], [12.06574142, 54.9661957], [12.07199454, 54.96918404], [12.07660174, 54.96947551], [12.08963525, 54.97648728], [12.09484148, 54.98157394], [12.10109675, 54.98192966], [12.10958874, 54.99033916], [12.11997104, 54.99446976], [12.12882066, 54.99309766], [12.13724005, 54.99396145], [12.14129531, 54.99280834], [12.14744711, 54.99552155], [12.16091025, 54.99583685], [12.16755915, 54.99303973], [12.17255604, 54.98552978], [12.17015195, 54.98584938], [12.16830981, 54.98632383], [12.16782308, 54.98606455], [12.1681813, 54.98174632], [12.16898894, 54.98061502], [12.18329895, 54.97060585], [12.18260121, 54.96826518], [12.18194938, 54.9678719], [12.17358804, 54.96838343], [12.17287111, 54.96851707], [12.16286743, 54.97192276], [12.14843011, 54.96965754], [12.14569557, 54.96866047], [12.14542735, 54.96528912], [12.13819253, 54.96462846], [12.13095295, 54.96201634], [12.12657595, 54.95861852], [12.12037015, 54.95783555], [12.1213299, 54.95354235], [12.13004828, 54.94654572], [12.14575851, 54.94208396], [12.13781357, 54.93851948], [12.13159466, 54.93734348], [12.12540722, 54.93383896], [12.11901176, 54.93236172], [12.10916698, 54.91770303], [12.11457217, 54.91595376], [12.11750996, 54.91217351], [12.12240481, 54.90943015], [12.10638607, 54.90649927], [12.10366178, 54.90424991], [12.10801125, 54.90181065], [12.12464428, 54.90134168], [12.12918055, 54.9022727], [12.14825845, 54.89993107], [12.14707553, 54.89849925], [12.14197385, 54.89952946], [12.14259267, 54.89648843], [12.13771355, 54.89570975], [12.13327086, 54.89639485], [12.13014686, 54.89935517], [12.1276983, 54.89985633], [12.12504864, 54.89852846], [12.12849426, 54.89302504], [12.13515127, 54.88911366], [12.14249396, 54.8807106], [12.14269781, 54.88059485], [12.16051686, 54.88138795], [12.18008661, 54.8781414], [12.20860553, 54.8817476], [12.21900761, 54.88904572], [12.15892935, 54.84375], [12.15679586, 54.84745085], [12.15632033, 54.84782076], [12.14634156, 54.85261405], [12.13846028, 54.86014426], [12.13752687, 54.86086333], [12.13233495, 54.86317873], [12.12814677, 54.86714995], [12.12382567, 54.87360895], [12.12120283, 54.87724352], [12.11998236, 54.88713098], [12.09668577, 54.88848054], [12.07915604, 54.89306664], [12.06119502, 54.89060056], [12.05849326, 54.88873875], [12.05159783, 54.88990796], [12.0491749, 54.89202607], [12.04627943, 54.89267981], [12.04435515, 54.89293921], [12.03908002, 54.89148128], [12.03287256, 54.89149153], [12.0095396, 54.89592636], [12.00376415, 54.89595556], [11.99975955, 54.89678574], [11.98959625, 54.90074885], [11.98928273, 54.90108705], [11.98764145, 54.90476274], [11.98842394, 54.90859008], [11.98248756, 54.91389024], [11.98024273, 54.91838717], [11.98060203, 54.92312324], [11.97836661, 54.92601955], [11.97831523, 54.92865515], [11.98133755, 54.93115795], [11.98013544, 54.93331146], [11.97968185, 54.93379593], [11.97470093, 54.93673253], [11.96688795, 54.93888795], [11.96155775, 54.93970215], [11.95385134, 54.93973208], [11.953125, 54.93945313], [11.94293082, 54.93656933], [11.93438697, 54.9358983], [11.92458963, 54.939345], [11.92491281, 54.9248867], [11.92298984, 54.9227401], [11.91655362, 54.92372477], [11.91776085, 54.91999996], [11.92050493, 54.91928995], [11.92065132, 54.91894984], [11.91990471, 54.91787195], [11.91855586, 54.91704476], [11.91620982, 54.91664362], [11.90306425, 54.91803312], [11.90248692, 54.91817355], [11.89049041, 54.92245924], [11.88739324, 54.92577803], [11.88976193, 54.93150461], [11.88393784, 54.93266141], [11.87279344, 54.94048333], [11.87743664, 54.94291913], [11.87744665, 54.94434083], [11.86562443, 54.95166385], [11.85411477, 54.95655894], [11.85456991, 54.95953786], [11.85002613, 54.95923805], [11.84917486, 54.95743525], [11.8420155, 54.95865202], [11.83853471, 54.95994318], [11.83579171, 54.96372795], [11.82899165, 54.96732235], [11.82595193, 54.96785116], [11.82512975, 54.96786153], [11.82222342, 54.96708036], [11.82170892, 54.96667028], [11.82150745, 54.96568418], [11.82305396, 54.96336114], [11.82867384, 54.96079802], [11.82861757, 54.95609641], [11.82281184, 54.94428766], [11.81626272, 54.9424113], [11.81347823, 54.93792927], [11.80014622, 54.93680418], [11.79591405, 54.94436085], [11.78552985, 54.95325983], [11.77715755, 54.95679665], [11.77274024, 54.96083927], [11.75586367, 54.96170235], [11.7436887, 54.96065843], [11.73227656, 54.95134497], [11.73112404, 54.94863105], [11.73926926, 54.94672167], [11.73757541, 54.94238067], [11.72856081, 54.94141388], [11.72581875, 54.94373941], [11.72087312, 54.94397843], [11.71210372, 54.93639815], [11.70552135, 54.93362725], [11.70505095, 54.93289435], [11.70463252, 54.93175185], [11.70566034, 54.93102956], [11.71046436, 54.92926764], [11.72243726, 54.92893231], [11.72806907, 54.92988992], [11.74450243, 54.92905724], [11.74559391, 54.92892277], [11.74698544, 54.92802537], [11.74836123, 54.92489374], [11.75398076, 54.92001045], [11.75542676, 54.91504145], [11.75395381, 54.91136205], [11.75305331, 54.91041565], [11.74237776, 54.90223086], [11.73970008, 54.89566302], [11.74447107, 54.88745356], [11.75565708, 54.88232327], [11.75637746, 54.87905955], [11.74982011, 54.87064898], [11.75388372, 54.86910462], [11.75339782, 54.86609948], [11.75836611, 54.86035895], [11.75495803, 54.85598397], [11.75686765, 54.85522747], [11.76201534, 54.85602784], [11.76854002, 54.85375702], [11.78297162, 54.85347891], [11.79054356, 54.84872794], [11.80170596, 54.84656358], [11.80580175, 54.84421325], [11.80591416, 54.84375], [11.80555546, 54.84375], [11.80687666, 54.84158433], [11.80541742, 54.83929706], [11.80455804, 54.83680904], [11.80430484, 54.83652866], [11.80032957, 54.83486497], [11.80634773, 54.83498573], [11.80790424, 54.83352828], [11.81392074, 54.83201194], [11.81466246, 54.82740593], [11.80904055, 54.82244813], [11.80646873, 54.81654155], [11.79429746, 54.81165636], [11.79332685, 54.80900002], [11.80949783, 54.79975426], [11.83031797, 54.79631746], [11.83528531, 54.78747225], [11.85065806, 54.78209257], [11.86160994, 54.77391493], [11.85935056, 54.77064955], [11.86637735, 54.76049674], [11.88362706, 54.74753726], [11.87980866, 54.74323797], [11.87467647, 54.74120915], [11.87436974, 54.74074423], [11.87479568, 54.73414791], [11.8697679, 54.73196995], [11.87029922, 54.72735155], [11.87034452, 54.72728252], [11.90070164, 54.71895897], [11.90708017, 54.71952546], [11.91068673, 54.71805251], [11.90954792, 54.71272326], [11.90381277, 54.70944345], [11.90011156, 54.70427585], [11.89143431, 54.69873953], [11.88773501, 54.69449997], [11.87826371, 54.68901646], [11.87732911, 54.67872286], [11.87114203, 54.66796875], [11.87147784, 54.66796875], [11.8694421, 54.66587114], [11.86871076, 54.66438937], [11.86679745, 54.65699256], [11.86719644, 54.65551317], [11.87374365, 54.64383662], [11.87395, 54.64357936], [11.88619945, 54.63373191], [11.80764186, 54.64318716], [11.80446041, 54.64438927], [11.80966675, 54.64815724], [11.81280291, 54.64829087], [11.81586516, 54.64654756], [11.81844664, 54.64759362], [11.81833935, 54.65078998], [11.82608592, 54.64962757], [11.83351064, 54.65141404], [11.8325206, 54.65383256], [11.82899594, 54.65587628], [11.82055283, 54.65881324], [11.83573377, 54.66525042], [11.84465826, 54.66597426], [11.84122038, 54.66796875], [11.84075987, 54.66796875], [11.84035444, 54.66831887], [11.84072745, 54.6713382], [11.85203946, 54.67475784], [11.85201895, 54.67506731], [11.83788037, 54.68193591], [11.84470677, 54.68338084], [11.85420656, 54.68372953], [11.85854614, 54.68526387], [11.86149943, 54.68692982], [11.86149573, 54.68719757], [11.85863113, 54.68948257], [11.85875845, 54.69204772], [11.85814691, 54.69276595], [11.8530097, 54.69584203], [11.85261226, 54.69597197], [11.84616208, 54.69451225], [11.83194876, 54.69799936], [11.82797825, 54.69952667], [11.81664073, 54.70417285], [11.81462431, 54.70802808], [11.80555642, 54.71281171], [11.80557191, 54.71298838], [11.80971885, 54.71549165], [11.82333946, 54.71914983], [11.82287121, 54.72023463], [11.81595731, 54.72256255], [11.81637907, 54.72646415], [11.82010281, 54.72869945], [11.81471467, 54.73341084], [11.82415926, 54.73165667], [11.82480073, 54.73140895], [11.83331275, 54.72617614], [11.83387423, 54.72606492], [11.8446722, 54.72635937], [11.8468436, 54.72734988], [11.85287774, 54.73168504], [11.86588156, 54.73562336], [11.86666071, 54.73798645], [11.86545992, 54.74904883], [11.85797715, 54.75628245], [11.86181748, 54.75743496], [11.85722363, 54.75794733], [11.85829103, 54.75948763], [11.86187255, 54.76050735], [11.85689926, 54.76118863], [11.85681391, 54.76854563], [11.8514775, 54.77388966], [11.83398926, 54.78035545], [11.82199001, 54.78976977], [11.81403577, 54.79150045], [11.81102204, 54.79114437], [11.80698025, 54.79434967], [11.80101907, 54.79409504], [11.79764521, 54.79927611], [11.78342831, 54.80640554], [11.78279722, 54.80711985], [11.78089798, 54.81004286], [11.78028154, 54.81906891], [11.78685915, 54.82462716], [11.78975165, 54.83160067], [11.79477394, 54.83333814], [11.78196704, 54.83125484], [11.77663553, 54.83257222], [11.77527475, 54.83253062], [11.77184618, 54.83078647], [11.76497293, 54.8319236], [11.7641288, 54.83220732], [11.76351428, 54.8327924], [11.76527131, 54.83592832], [11.75985467, 54.83871865], [11.75851285, 54.83909583], [11.75081456, 54.83906603], [11.75024223, 54.83933616], [11.74810386, 54.84328997], [11.74720275, 54.84375], [11.7468363, 54.84375], [11.74440765, 54.84582293], [11.74165666, 54.85529804], [11.73671615, 54.85933602], [11.74023247, 54.86515307], [11.74738681, 54.87121105], [11.74347591, 54.87452137], [11.71707404, 54.87269986], [11.70649183, 54.87586701], [11.69196677, 54.88226926], [11.67626226, 54.89105368], [11.67240083, 54.89616597], [11.66617584, 54.89652908], [11.66023242, 54.90037155], [11.65132844, 54.90274465], [11.64255774, 54.90184355], [11.63617754, 54.90389597], [11.63526273, 54.89992285], [11.64363205, 54.89354014], [11.64840817, 54.88768375], [11.64229524, 54.87400115], [11.64229774, 54.87039685], [11.65138531, 54.86455643], [11.65158856, 54.85863817], [11.63505554, 54.85689664], [11.62959731, 54.85287011], [11.61951923, 54.84961104], [11.62133145, 54.84698606], [11.61831927, 54.84439564], [11.61103892, 54.84781921], [11.61745036, 54.84734225], [11.6172806, 54.84919453], [11.60905516, 54.84884298], [11.6015625, 54.85016727], [11.60082602, 54.85020494], [11.59347248, 54.85394311], [11.58244193, 54.85745788], [11.57627213, 54.85455263], [11.57495475, 54.85244715], [11.5636065, 54.85155475], [11.56334543, 54.85140097], [11.56149495, 54.84644091], [11.56185424, 54.84375], [11.5625, 54.84375], [11.56995368, 54.83978593], [11.57517445, 54.83410394], [11.57574534, 54.83379066], [11.57808495, 54.83305323], [11.58388174, 54.83316135], [11.59153295, 54.83041465], [11.59386277, 54.82662416], [11.59895766, 54.82553065], [11.6015625, 54.82282364], [11.60181451, 54.82285106], [11.60643125, 54.81876004], [11.61922204, 54.81235218], [11.61918902, 54.81203616], [11.61792004, 54.81172884], [11.61481226, 54.81249464], [11.60525501, 54.81613708], [11.6015625, 54.81919634], [11.60016751, 54.81964421], [11.59783566, 54.82338715], [11.59022784, 54.82623053], [11.58928502, 54.82640314], [11.5756731, 54.82582033], [11.56625724, 54.8237375], [11.55241752, 54.82920277], [11.5401926, 54.82841861], [11.51103056, 54.83306706], [11.50400186, 54.83096266], [11.49535108, 54.83210397], [11.49039137, 54.83516765], [11.49384642, 54.83755541], [11.48712003, 54.83621895], [11.49242234, 54.83918595], [11.48651743, 54.83795571], [11.47544408, 54.84082258], [11.46860325, 54.83937681], [11.46508491, 54.84375], [11.46500516, 54.84375], [11.46415627, 54.84479523], [11.46416211, 54.84520698], [11.46682584, 54.84854865], [11.46683598, 54.8492794], [11.46504116, 54.8528192], [11.46978497, 54.85769665], [11.46978486, 54.8579849], [11.46598566, 54.86147225], [11.46402717, 54.86251903], [11.46256447, 54.86294842], [11.44827342, 54.86520493], [11.43504572, 54.86368322], [11.43380737, 54.86183596], [11.43294835, 54.86146605], [11.43043864, 54.86169314], [11.42753065, 54.86255217], [11.42583346, 54.86369216], [11.42742741, 54.86588466], [11.42790866, 54.86622953], [11.43182361, 54.8678205], [11.43206036, 54.86817324], [11.43035674, 54.86994886], [11.42065811, 54.87103891], [11.40801585, 54.87708223], [11.39762092, 54.87725246], [11.39101315, 54.88194585], [11.38059485, 54.88421845], [11.37410986, 54.88850546], [11.37185264, 54.89187348], [11.3635087, 54.89518571], [11.36299133, 54.895491], [11.360906, 54.89748287], [11.36094177, 54.90192425], [11.36421788, 54.90552735], [11.3581053, 54.91180444], [11.36039114, 54.91385913], [11.36048853, 54.91656244], [11.35617101, 54.91648412], [11.35309446, 54.91865301], [11.34899962, 54.91872215], [11.3435384, 54.92190838], [11.32673955, 54.92463565], [11.31918681, 54.92391407], [11.31687283, 54.92442358], [11.31470525, 54.92524493], [11.31442916, 54.92547142], [11.31246436, 54.93097556], [11.31143355, 54.93201411], [11.30015206, 54.94158447], [11.29237151, 54.94587052], [11.28950441, 54.94723642], [11.28422821, 54.94866645], [11.28316796, 54.95028424], [11.27128017, 54.95303237], [11.26243663, 54.95694864], [11.25, 54.95731032], [11.19421208, 54.9600296], [11.18202984, 54.96090794], [11.17426813, 54.95951295], [11.16660142, 54.95519495], [11.15852356, 54.95657551], [11.15748346, 54.95629311], [11.14355886, 54.94934237], [11.13980985, 54.94958878], [11.13496494, 54.95181048], [11.13094056, 54.95173216], [11.13033211, 54.94578576], [11.12823665, 54.94469595], [11.12253153, 54.94733536], [11.12159193, 54.94760525], [11.11501086, 54.94878805], [11.11424172, 54.94859886], [11.11053705, 54.94628894], [11.11037481, 54.94384241], [11.11939561, 54.93848264], [11.11978281, 54.93211806], [11.11506915, 54.93691576], [11.10486531, 54.94054055], [11.09830701, 54.94161391], [11.08958232, 54.94014072], [11.08589268, 54.94221306], [11.08430886, 54.94244754], [11.08210635, 54.94225335], [11.07929337, 54.94154251], [11.07081246, 54.93866837], [11.06594133, 54.93183255], [11.05069935, 54.92304206], [11.03496635, 54.91835845], [11.02780247, 54.91387904], [11.0157541, 54.89087606], [11.01570261, 54.88763487], [11.01924896, 54.88324797], [11.01763165, 54.87969244], [11.02406836, 54.87677026], [11.02667844, 54.88130116], [11.02991164, 54.88158083], [11.03238273, 54.87757134], [11.02773702, 54.87584746], [11.03003716, 54.87403715], [11.02730215, 54.87177515], [11.03088784, 54.86991787], [11.03572977, 54.87013614], [11.03781223, 54.87422526], [11.04286361, 54.87587285], [11.04569602, 54.87437201], [11.04385185, 54.87157047], [11.04457355, 54.86745894], [11.04734147, 54.86706245], [11.04961777, 54.86866903], [11.05331373, 54.86910784], [11.06052947, 54.86873746], [11.05528188, 54.86190248], [11.05904627, 54.86038566], [11.06194842, 54.85714865], [11.06694043, 54.85614336], [11.06858814, 54.84800887], [11.07761383, 54.84777296], [11.07821524, 54.84742844], [11.07906115, 54.84375], [11.0792824, 54.84375], [11.08011293, 54.84032917], [11.07988751, 54.83919537], [11.07648158, 54.83529806], [11.07805145, 54.83431804], [11.08346975, 54.83568811], [11.08792484, 54.83464074], [11.08931303, 54.83109725], [11.08541822, 54.83020067], [11.08542812, 54.8290559], [11.09444475, 54.83093965], [11.09663248, 54.83389997], [11.10255837, 54.83462393], [11.11559915, 54.83184516], [11.12464035, 54.83368397], [11.12503707, 54.83354485], [11.12648737, 54.83163142], [11.11665475, 54.83040345], [11.11287224, 54.83144081], [11.11012375, 54.83088851], [11.11015832, 54.82687175], [11.11246705, 54.82505071], [11.09938633, 54.82169056], [11.09600735, 54.81850672], [11.09412408, 54.81317556], [11.09371734, 54.81269062], [11.09154952, 54.81189465], [11.09050894, 54.81169665], [11.08382404, 54.81148136], [11.07995355, 54.81609631], [11.07337916, 54.81792748], [11.07227445, 54.8219552], [11.06929386, 54.82189965], [11.06679964, 54.81903446], [11.06630492, 54.81405926], [11.07190955, 54.81238794], [11.07203126, 54.81071162], [11.07918715, 54.80701375], [11.07958114, 54.80509615], [11.06849515, 54.79898775], [11.04557967, 54.79881167], [11.03977323, 54.81151795], [11.02991223, 54.81072175], [11.02614963, 54.81428921], [11.01790655, 54.81766653], [11.01543462, 54.81712687], [11.01535261, 54.81500161], [11.01305783, 54.81501472], [11.00004077, 54.82011175], [10.98443556, 54.821352], [10.99626625, 54.81579638], [11.00977743, 54.81207383], [11.01258862, 54.80774045], [11.00956416, 54.80266738], [10.99656725, 54.79736042], [10.99324715, 54.79690695], [10.98296511, 54.79845643], [10.97783077, 54.79428506], [10.97415137, 54.79632413], [10.97421837, 54.79821742], [10.97094536, 54.7980839], [10.96241653, 54.80535364], [10.96823013, 54.79784036], [10.98036945, 54.78840971], [10.99164665, 54.77638948], [10.99741866, 54.76858538], [10.92819668, 54.75880371], [10.8589747, 54.74902204], [10.78975272, 54.73924038], [10.72053074, 54.72945871], [10.72812641, 54.73371172], [10.73537445, 54.74106586], [10.73453403, 54.74199784], [10.73669493, 54.74369824], [10.74217474, 54.75682724], [10.74646735, 54.76254094], [10.74561167, 54.76427126], [10.75031495, 54.77082157], [10.75237071, 54.78055358], [10.75672555, 54.78985405], [10.76863873, 54.8057363], [10.77075565, 54.81334841], [10.77597725, 54.82008004], [10.77776062, 54.83058286], [10.77798724, 54.83102381], [10.78607237, 54.84375], [10.81297421, 54.88217866], [10.81831086, 54.89686883], [10.81722784, 54.90639544], [10.8259232, 54.91420245], [10.82998872, 54.93013644], [10.83033144, 54.93066394], [10.83591354, 54.9329468], [10.83687627, 54.93453062], [10.83464325, 54.93619096], [10.83850682, 54.94288313], [10.86170805, 54.97108161], [10.87215912, 54.97967815], [10.8887428, 54.98764026], [10.89255941, 54.99169016], [10.89645147, 54.99998903], [10.89516854, 55.00267994], [10.89819527, 55.01143956], [10.8984375, 55.01283467], [10.90376425, 55.01953125], [10.90428054, 55.01953125], [10.91122317, 55.03891754], [10.91588843, 55.04322755], [10.91460717, 55.04473162], [10.92078125, 55.05148685], [10.92369366, 55.05991888], [10.92293274, 55.06268573], [10.93404162, 55.08260858], [10.94415236, 55.11464596], [10.94550383, 55.12297881], [10.94630575, 55.12825882], [10.94993901, 55.13785267], [10.95542085, 55.1454972], [10.95576942, 55.15292442], [10.95340908, 55.15837264], [10.94109738, 55.16375256], [10.93977666, 55.16400814], [10.93875301, 55.16390181], [10.93090415, 55.16014421], [10.93060768, 55.15997613], [10.92550981, 55.15238285], [10.92051852, 55.14845622], [10.90170443, 55.13773143], [10.90145361, 55.13740802], [10.90051055, 55.13462555], [10.90220642, 55.13126481], [10.89905012, 55.12539005], [10.90034378, 55.12304485], [10.8984375, 55.12248886], [10.8984375, 55.12276781], [10.89560425, 55.12147546], [10.888291, 55.11486137], [10.88424277, 55.10804713], [10.88398635, 55.10776854], [10.87587011, 55.10117316], [10.87111795, 55.0825212], [10.86274135, 55.06910372], [10.86206102, 55.05924284], [10.84808493, 55.04230905], [10.84913194, 55.03761125], [10.84894454, 55.03698874], [10.84688055, 55.03394783], [10.84645307, 55.03359234], [10.83761775, 55.02882075], [10.83221412, 55.02490413], [10.82734585, 55.02022874], [10.82734585, 55.01953125], [10.82725334, 55.01953125], [10.82476854, 55.01084542], [10.81772935, 55.00505126], [10.81353235, 55.00329816], [10.81260216, 55.00245035], [10.81139004, 55], [10.80975235, 54.99514341], [10.79101515, 54.98240197], [10.78936994, 54.9817034], [10.78678215, 54.98105764], [10.78030884, 54.98105454], [10.76970995, 54.98271143], [10.76811242, 54.97926307], [10.75732923, 54.97557914], [10.73420596, 54.95944595], [10.72526574, 54.95525897], [10.72426963, 54.9505192], [10.72403193, 54.95013905], [10.71918786, 54.94501364], [10.7168256, 54.94307363], [10.71617055, 54.94262636], [10.71139622, 54.94216466], [10.70287263, 54.93790472], [10.69874203, 54.93031466], [10.6941694, 54.92950165], [10.68352151, 54.92122102], [10.68261194, 54.91362071], [10.67478526, 54.91020477], [10.67569864, 54.90199256], [10.67927575, 54.90168965], [10.6791898, 54.89870834], [10.68131018, 54.89763558], [10.68602395, 54.90091395], [10.69823134, 54.89712405], [10.70278931, 54.90444374], [10.70546937, 54.90701997], [10.70755041, 54.90721822], [10.70627511, 54.89723551], [10.71640182, 54.89589775], [10.71771634, 54.89458406], [10.71065772, 54.8927834], [10.71540415, 54.88965476], [10.71540356, 54.88573372], [10.71319175, 54.88354135], [10.71724117, 54.88432932], [10.72299004, 54.88041615], [10.72687495, 54.87987936], [10.72726655, 54.8773216], [10.71151817, 54.87530828], [10.70505488, 54.87607348], [10.70286286, 54.87381256], [10.70348644, 54.87119555], [10.70174456, 54.87050343], [10.69448054, 54.87312055], [10.68795121, 54.87315392], [10.68269813, 54.88279271], [10.67686355, 54.88141692], [10.67445421, 54.88275278], [10.67156315, 54.88215923], [10.66798973, 54.87466156], [10.66642761, 54.85646868], [10.66319585, 54.85164773], [10.66752791, 54.84702778], [10.66043508, 54.8465389], [10.65784252, 54.84487605], [10.65728295, 54.84375], [10.65682864, 54.84375], [10.64950335, 54.83182096], [10.64733112, 54.83018112], [10.64359927, 54.82930267], [10.64158702, 54.82956505], [10.64115715, 54.82990766], [10.64209735, 54.83220518], [10.64015222, 54.83285677], [10.63759541, 54.83312762], [10.63716102, 54.832937], [10.63708353, 54.83050454], [10.63681376, 54.83035016], [10.63305557, 54.83025563], [10.62209797, 54.83521974], [10.61279476, 54.83500993], [10.60627496, 54.83669865], [10.59866893, 54.83603966], [10.59856892, 54.83897555], [10.60159445, 54.84028983], [10.59572446, 54.83886242], [10.59559464, 54.83873165], [10.60232031, 54.83030784], [10.62212265, 54.82483876], [10.63740921, 54.81708658], [10.64759803, 54.80924368], [10.65778744, 54.79757607], [10.66181457, 54.79615235], [10.66029751, 54.7923882], [10.66032875, 54.77874756], [10.67090845, 54.76669395], [10.67606783, 54.75644672], [10.67590964, 54.75347996], [10.67040491, 54.75265765], [10.66496444, 54.74878085], [10.66978717, 54.74237895], [10.66887875, 54.74146236], [10.5889902, 54.76690006], [10.50910165, 54.79233776], [10.42921311, 54.81777546], [10.43209708, 54.81912875], [10.43686831, 54.82380116], [10.43774796, 54.82507575], [10.43839276, 54.83125591], [10.45360923, 54.83805466], [10.45441115, 54.8382498], [10.47454035, 54.84148824], [10.51504624, 54.84375], [10.52024138, 54.84375], [10.52037156, 54.84383476], [10.52079582, 54.84750032], [10.52403498, 54.84961653], [10.52034426, 54.85786808], [10.50632787, 54.86763525], [10.49917674, 54.86969864], [10.48258257, 54.88028991], [10.47284126, 54.88455248], [10.47155237, 54.88655424], [10.46036208, 54.88822055], [10.45881927, 54.89086103], [10.46109593, 54.89241993], [10.46072316, 54.89253998], [10.45070732, 54.89231014], [10.44962943, 54.89009297], [10.46085107, 54.88613451], [10.46594572, 54.88263571], [10.47080958, 54.87620854], [10.47587848, 54.87497807], [10.47616732, 54.87480176], [10.47914314, 54.87027311], [10.48556006, 54.86775327], [10.48693907, 54.86577451], [10.48319745, 54.86399055], [10.48025763, 54.86431491], [10.47959387, 54.86456597], [10.46968508, 54.87154841], [10.46050215, 54.87524211], [10.45934796, 54.87255847], [10.46094394, 54.86846685], [10.45760381, 54.86812556], [10.45695937, 54.87044275], [10.45190585, 54.87092745], [10.45583475, 54.86623204], [10.45085406, 54.86281335], [10.44855225, 54.86256385], [10.43782914, 54.86549103], [10.43669915, 54.86605144], [10.42987835, 54.87243175], [10.42006886, 54.87658381], [10.41986895, 54.87680626], [10.41714835, 54.8810606], [10.41710985, 54.88519144], [10.41383398, 54.88834035], [10.41530645, 54.88988602], [10.41443396, 54.89151037], [10.41004646, 54.89404666], [10.40704691, 54.89411652], [10.40671241, 54.89434993], [10.40604305, 54.89624345], [10.40622342, 54.89801657], [10.40685904, 54.89850771], [10.41113281, 54.89852774], [10.41330862, 54.90221405], [10.41307986, 54.90249586], [10.39506376, 54.91434145], [10.3891685, 54.9144212], [10.38984084, 54.91224265], [10.39246654, 54.91034317], [10.39796925, 54.91015625], [10.40202844, 54.90858257], [10.40703964, 54.90478051], [10.40588474, 54.90072346], [10.39910138, 54.8955518], [10.38957167, 54.89273477], [10.38476014, 54.88681436], [10.38021207, 54.88428426], [10.37214124, 54.8841089], [10.36414385, 54.89471054], [10.35701203, 54.89669144], [10.34276795, 54.89698493], [10.33690405, 54.89994764], [10.32564557, 54.91148031], [10.32455516, 54.91519821], [10.31216931, 54.92116547], [10.30793965, 54.92568231], [10.29562044, 54.93126845], [10.28468966, 54.93912363], [10.27323735, 54.94121826], [10.26236522, 54.94090545], [10.26246333, 54.94285035], [10.25034785, 54.94423413], [10.24382305, 54.94895971], [10.23457932, 54.95209563], [10.23006415, 54.95561027], [10.222965, 54.96158826], [10.22094333, 54.96842325], [10.22056365, 54.96872246], [10.21571672, 54.96894312], [10.20525301, 54.97178674], [10.20379734, 54.96665788], [10.20390618, 54.96637845], [10.20924711, 54.95986092], [10.21190596, 54.95769155], [10.23979735, 54.94086564], [10.24465215, 54.92916644], [10.24427497, 54.92147517], [10.24597526, 54.91901815], [10.24672604, 54.91844678], [10.25866318, 54.91251576], [10.28795075, 54.88841832], [10.3050431, 54.88333428], [10.31956661, 54.87684262], [10.34029782, 54.85817397], [10.34941578, 54.85285926], [10.35615027, 54.84615326], [10.36145377, 54.84389341], [10.36140883, 54.84375], [10.36168981, 54.84375], [10.3745532, 54.83653414], [10.40055835, 54.8275094], [10.40279293, 54.82644916], [10.40949273, 54.82078731], [10.41810077, 54.81692925], [10.33145308, 54.80739142], [10.24480539, 54.7978536], [10.15815769, 54.78831577], [10.07151, 54.77877795], [9.98486231, 54.76924013], [9.96633965, 54.76720123], [9.96341956, 54.76942801], [9.95664942, 54.77900326], [9.95580316, 54.77955127], [9.94160902, 54.78379297], [9.92552304, 54.79163897], [9.90756857, 54.7970885], [9.90710926, 54.79685223], [9.90311885, 54.78942895], [9.90446293, 54.78230906], [9.90215361, 54.77681792], [9.90211487, 54.77443635], [9.90666401, 54.769086], [9.90600395, 54.76381814], [9.90565646, 54.76366794], [9.90429115, 54.76356423], [9.90078104, 54.76712883], [9.89666653, 54.76815212], [9.8939656, 54.76744664], [9.89474607, 54.76966751], [9.89270842, 54.77016044], [9.89215541, 54.77000332], [9.88126636, 54.76215184], [9.87976408, 54.76050556], [9.87801194, 54.75407076], [9.87713885, 54.75336635], [9.87489772, 54.75215077], [9.87320888, 54.75186503], [9.86521614, 54.75215101], [9.86477053, 54.75405383], [9.85178447, 54.75421393], [9.84375, 54.75613844], [9.843068, 54.75615275], [9.83186698, 54.76044905], [9.82874012, 54.76433158], [9.80937862, 54.77736676], [9.79508066, 54.79025567], [9.79454827, 54.79475927], [9.79234016, 54.79686224], [9.79194784, 54.79698575], [9.78551757, 54.79574215], [9.77167726, 54.79523885], [9.760921, 54.80102336], [9.71142113, 54.80881298], [9.68046594, 54.81881213], [9.66941571, 54.81997597], [9.66181481, 54.82297885], [9.64959848, 54.82190704], [9.62294686, 54.83143032], [9.61267745, 54.82958615], [9.60496354, 54.83041131], [9.59400761, 54.83974922], [9.59158266, 54.84305024], [9.59153163, 54.84375], [9.59145784, 54.84375], [9.58957851, 54.85227907], [9.59137976, 54.85331702], [9.59346604, 54.86043417], [9.59732914, 54.86477804], [9.60047412, 54.86771536], [9.61321485, 54.87432516], [9.61332488, 54.8757838], [9.58937287, 54.87581468], [9.58595836, 54.87227631], [9.58762968, 54.86738515], [9.58438957, 54.86471915], [9.57519102, 54.86408615], [9.56591702, 54.85520887], [9.54429424, 54.85004675], [9.53241885, 54.84472895], [9.53141141, 54.84375], [9.53076768, 54.84375], [9.53006995, 54.84158766], [9.52572036, 54.83948874], [9.51587474, 54.83824837], [9.50314558, 54.82887757], [9.50053954, 54.82423031], [9.49612594, 54.82200515], [9.4921875, 54.82226563], [9.47268426, 54.82382154], [9.46540213, 54.82261658], [9.46480465, 54.82241583], [9.46103418, 54.82021105], [9.45539534, 54.81522012], [9.45345354, 54.81241083], [9.45447671, 54.81029952], [9.45294785, 54.80758882], [9.439906, 54.80437946], [9.43822026, 54.80283451], [9.4360249, 54.79837596], [9.43553126, 54.7887336], [9.43329334, 54.79199743], [9.43451524, 54.79393017], [9.42913973, 54.80050623], [9.43507576, 54.80331826], [9.43955421, 54.80794895], [9.43249655, 54.81096542], [9.42919695, 54.8137629], [9.42092228, 54.825441], [9.42038095, 54.82665575], [9.41991425, 54.83022976], [9.4203968, 54.83105695], [9.42153323, 54.83143234], [9.42359698, 54.8321141], [9.43460095, 54.83236384], [9.44761324, 54.83816886], [9.45568252, 54.83819985], [9.46167076, 54.83915222], [9.46330714, 54.83958411], [9.46855712, 54.84375], [9.46878707, 54.84382665], [9.48282874, 54.84776795], [9.49127007, 54.85702646], [9.4921875, 54.85714281], [9.49892068, 54.86010754], [9.50642288, 54.86874294], [9.50987852, 54.87099731], [9.5111407, 54.87127698], [9.51910222, 54.87140512], [9.52568793, 54.87713206], [9.52632797, 54.87732971], [9.53541505, 54.87650514], [9.53565085, 54.87991691], [9.53823078, 54.88122702], [9.53892732, 54.88137364], [9.54626691, 54.88007045], [9.55251825, 54.87670803], [9.55597734, 54.87615252], [9.55792451, 54.87642145], [9.55753267, 54.87792063], [9.56271172, 54.88117754], [9.56121051, 54.87809312], [9.56592762, 54.87918735], [9.56797743, 54.88025796], [9.56923437, 54.88243937], [9.57590807, 54.88666916], [9.57918501, 54.89330888], [9.57789946, 54.89737165], [9.57434571, 54.89981353], [9.57467806, 54.90163755], [9.58247411, 54.90540051], [9.59230816, 54.90575004], [9.59822202, 54.90729105], [9.60205436, 54.91042256], [9.60014772, 54.91327214], [9.59659314, 54.91443121], [9.58922136, 54.91415286], [9.59598005, 54.91801345], [9.60251653, 54.91835463], [9.60945237, 54.91423392], [9.6118468, 54.9156121], [9.61185241, 54.92113674], [9.61555243, 54.93010116], [9.62350631, 54.93502712], [9.63722753, 54.93280947], [9.64275217, 54.92925966], [9.65174663, 54.92714667], [9.659536, 54.92253935], [9.66955447, 54.91885257], [9.67361915, 54.91604388], [9.67453361, 54.91278815], [9.66868424, 54.90932655], [9.65725875, 54.90945804], [9.65393257, 54.90990496], [9.64759243, 54.91415155], [9.64159203, 54.91567493], [9.62937236, 54.91325402], [9.60984421, 54.91161334], [9.60146713, 54.90836883], [9.59853566, 54.90583825], [9.59993994, 54.90450788], [9.61016452, 54.90327656], [9.61796784, 54.89971733], [9.61635721, 54.89653206], [9.63984013, 54.89239466], [9.64267945, 54.88933516], [9.64280605, 54.88437295], [9.64664304, 54.88196445], [9.65644956, 54.88056266], [9.65653396, 54.87738907], [9.65096855, 54.87296176], [9.64690673, 54.87162375], [9.64620948, 54.86943626], [9.63734067, 54.86625707], [9.63894165, 54.86097026], [9.64561713, 54.85756278], [9.65951097, 54.85496044], [9.66443527, 54.85480654], [9.67462826, 54.85711324], [9.68167996, 54.85711336], [9.70770633, 54.85206902], [9.70853746, 54.84989715], [9.70531225, 54.84647667], [9.70554066, 54.84610975], [9.71203506, 54.84375], [9.7125771, 54.84375], [9.7231642, 54.84023964], [9.72529185, 54.83662927], [9.72692728, 54.83598924], [9.72768581, 54.83590662], [9.74321556, 54.83657694], [9.74675667, 54.83747542], [9.75212514, 54.83947611], [9.75405085, 54.84375], [9.7546488, 54.84375], [9.76180053, 54.85057485], [9.75857615, 54.8564465], [9.75856996, 54.86146617], [9.74866116, 54.86414766], [9.74251032, 54.86974514], [9.74150574, 54.87908614], [9.73877931, 54.88243544], [9.73846567, 54.88271058], [9.73421371, 54.88492155], [9.72827065, 54.88618875], [9.72582686, 54.88822413], [9.72396112, 54.88694262], [9.71808815, 54.88699782], [9.71231484, 54.88730526], [9.70740855, 54.88861334], [9.70314705, 54.89012635], [9.70083332, 54.89475966], [9.70192337, 54.89854753], [9.70285821, 54.90010583], [9.70581055, 54.90217411], [9.70883715, 54.90309751], [9.72672474, 54.90354705], [9.75348246, 54.89707255], [9.75915956, 54.89707196], [9.77572656, 54.90182257], [9.77999258, 54.90440893], [9.78018701, 54.9048295], [9.78186441, 54.91019285], [9.78017914, 54.91358018], [9.77978444, 54.91387534], [9.76995552, 54.91538847], [9.7665987, 54.91658688], [9.76600742, 54.91702855], [9.76338065, 54.92098737], [9.76428628, 54.92530823], [9.75564182, 54.92705262], [9.75584877, 54.93851626], [9.75179935, 54.94712603], [9.74996555, 54.95896888], [9.75227797, 54.9660691], [9.74281871, 54.97339141], [9.73959076, 54.97446632], [9.73862362, 54.98683858], [9.72546828, 54.9871937], [9.71543884, 54.98988187], [9.69152164, 54.98773766], [9.68236792, 54.99466991], [9.67665982, 54.99583065], [9.67067528, 54.99904072], [9.66194475, 55.00057113], [9.65389454, 55.00528681], [9.63817966, 55.00952578], [9.63032424, 55.00986135], [9.62684822, 55.01402903], [9.61872804, 55.01713896], [9.61827076, 55.01755154], [9.61712277, 55.01953125], [9.61684108, 55.01953125], [9.60899746, 55.02991831], [9.60739994, 55.03506505], [9.60057366, 55.03884101], [9.59199417, 55.04032767], [9.58110786, 55.04401135], [9.58057284, 55.04401302], [9.57379842, 55.04316223], [9.57570004, 55.03700936], [9.57276452, 55.03378081], [9.55990064, 55.03342974], [9.54237986, 55.03046525], [9.51950407, 55.0248512], [9.51166463, 55.01953125], [9.51155734, 55.01953125], [9.50839293, 55.01762772], [9.50500524, 55.01668048], [9.49466646, 55.01465034], [9.4921875, 55.01478791], [9.4816488, 55.01718116], [9.45066202, 55.01702821], [9.44860542, 55.01953125], [9.44787705, 55.01953125], [9.44547641, 55.02265871], [9.44075871, 55.02545893], [9.43351364, 55.02425194], [9.43460882, 55.02232075], [9.43283963, 55.02222407], [9.42712617, 55.02355194], [9.42454791, 55.02536285], [9.42378676, 55.02642107], [9.42167962, 55.03202343], [9.42433095, 55.03511476], [9.42205632, 55.035308], [9.42180347, 55.03815651], [9.42449927, 55.03868747], [9.4278692, 55.03748047], [9.42618418, 55.04066706], [9.42264605, 55.04023254], [9.42685831, 55.04158425], [9.42264605, 55.04158425], [9.42719507, 55.04254985], [9.42576313, 55.04670203], [9.42761636, 55.04684675], [9.42871165, 55.04192233], [9.43684268, 55.04054511], [9.44209397, 55.04054427], [9.4430598, 55.04065156], [9.46089315, 55.04374683], [9.46554863, 55.04766464], [9.48061883, 55.04802036], [9.4921875, 55.046875], [9.49579501, 55.04710674], [9.49679816, 55.04696596], [9.50028706, 55.04548216], [9.51629043, 55.05245531], [9.5331732, 55.06463265], [9.54505765, 55.07015145], [9.55209064, 55.07574522], [9.55292547, 55.08185875], [9.5505625, 55.08873916], [9.53922892, 55.09180415], [9.53421044, 55.09744406], [9.53400695, 55.10004842], [9.52693331, 55.10333538], [9.52431238, 55.10681105], [9.51582861, 55.10981107], [9.50648057, 55.11088026], [9.50112057, 55.11651838], [9.50043571, 55.11697805], [9.49632645, 55.11914063], [9.4921875, 55.11914063], [9.49097013, 55.11914063], [9.48510981, 55.11741805], [9.48310781, 55.11522996], [9.4821943, 55.11499703], [9.47964704, 55.11739993], [9.47686422, 55.11787331], [9.46732557, 55.11434126], [9.46007574, 55.11576676], [9.4600383, 55.11760735], [9.46327555, 55.11996496], [9.46533024, 55.11900616], [9.46295154, 55.11600685], [9.46769965, 55.1159662], [9.46955085, 55.12135005], [9.46393406, 55.12323797], [9.46928501, 55.12603307], [9.47413635, 55.13065004], [9.47500145, 55.13094544], [9.48207605, 55.12924135], [9.48954606, 55.12940955], [9.4921875, 55.12862706], [9.49988687, 55.12644505], [9.50103641, 55.12630916], [9.51599062, 55.12524962], [9.52014053, 55.12733197], [9.52038693, 55.12782145], [9.52013564, 55.12910354], [9.50343287, 55.13693893], [9.50292492, 55.14883006], [9.49735022, 55.15071082], [9.49702418, 55.15538502], [9.50328565, 55.15845263], [9.52781427, 55.1640439], [9.54967904, 55.17459762], [9.56200755, 55.17719924], [9.57856858, 55.18850231], [9.59419525, 55.19388795], [9.60867155, 55.19316053], [9.62057996, 55.18932855], [9.62356031, 55.18707597], [9.62026572, 55.18454754], [9.62030506, 55.18012905], [9.62531161, 55.17532575], [9.63051784, 55.17386186], [9.62816656, 55.17908347], [9.62844956, 55.18433857], [9.63209415, 55.18354654], [9.64007151, 55.17571056], [9.66537154, 55.18669784], [9.69013405, 55.19275105], [9.69108176, 55.19309056], [9.6952368, 55.1953125], [9.69510603, 55.1953125], [9.69744194, 55.19773221], [9.69743264, 55.19815397], [9.69279146, 55.20757985], [9.69150913, 55.22093272], [9.69172657, 55.22133613], [9.69785476, 55.22929072], [9.71057451, 55.23224962], [9.71493077, 55.23573267], [9.71541667, 55.23652256], [9.7153306, 55.23810935], [9.71252835, 55.24029446], [9.71228361, 55.24273527], [9.71893215, 55.25177741], [9.71315312, 55.26229584], [9.71278048, 55.26251078], [9.70423102, 55.26335072], [9.6933068, 55.26892102], [9.68318844, 55.27097344], [9.6674664, 55.27710176], [9.65958953, 55.28309608], [9.65181947, 55.28127944], [9.64504695, 55.28112233], [9.637169, 55.28553331], [9.63670611, 55.28563106], [9.62936366, 55.28512776], [9.62727857, 55.28428543], [9.61839104, 55.27803981], [9.61460435, 55.27268422], [9.58980024, 55.27038693], [9.58575666, 55.26856816], [9.58422506, 55.26659691], [9.58872914, 55.26102436], [9.58885014, 55.2600435], [9.5878092, 55.25638044], [9.58641446, 55.25512981], [9.58584213, 55.25494921], [9.57184875, 55.25202918], [9.56716406, 55.24758267], [9.56473935, 55.24816012], [9.56598544, 55.24946034], [9.56461024, 55.24992204], [9.55178213, 55.24727857], [9.53985596, 55.24824715], [9.54093266, 55.24965417], [9.55547857, 55.24891436], [9.5612632, 55.25072575], [9.56626832, 55.25078726], [9.56898165, 55.25353158], [9.56893623, 55.25600946], [9.58344734, 55.25881767], [9.58433032, 55.26172817], [9.58173335, 55.26684046], [9.58488858, 55.27062404], [9.59998834, 55.27352858], [9.61092102, 55.27387655], [9.61425436, 55.2783941], [9.6200881, 55.2816385], [9.62624145, 55.28775966], [9.63203704, 55.29030967], [9.6394757, 55.29046786], [9.64065301, 55.29348981], [9.64397216, 55.29329133], [9.64285338, 55.28953636], [9.65079463, 55.28601015], [9.66150475, 55.28731191], [9.67092836, 55.28567314], [9.66885054, 55.28904104], [9.65472591, 55.29807663], [9.64906144, 55.30372655], [9.64473402, 55.31145072], [9.63974071, 55.31330705], [9.63505936, 55.31113827], [9.62360287, 55.30866373], [9.62189591, 55.30933261], [9.63131952, 55.31231391], [9.63644385, 55.31546164], [9.63858891, 55.31902683], [9.64957893, 55.32589936], [9.65036428, 55.32876825], [9.65025413, 55.32922995], [9.64566946, 55.33662212], [9.64785147, 55.33834386], [9.64803886, 55.33987355], [9.64762914, 55.34102046], [9.64361644, 55.34483981], [9.63414657, 55.35150886], [9.62792301, 55.35457694], [9.61995316, 55.35696101], [9.61898601, 55.35707128], [9.60294521, 55.35603583], [9.59935546, 55.35813844], [9.59895277, 55.36051512], [9.61462045, 55.37088394], [9.61604416, 55.37234294], [9.62028694, 55.37938285], [9.62264347, 55.38570714], [9.62264156, 55.39042926], [9.61960435, 55.39313614], [9.61416221, 55.39518225], [9.59730256, 55.41092265], [9.59633148, 55.41189885], [9.59337914, 55.41586745], [9.59312141, 55.41694856], [9.59299135, 55.41980875], [9.59485495, 55.42309391], [9.59661806, 55.42463314], [9.60006821, 55.42646337], [9.60586083, 55.42834735], [9.6138525, 55.43026078], [9.62013197, 55.42915905], [9.62884521, 55.42962074], [9.64140534, 55.43223333], [9.6579293, 55.4376682], [9.66734946, 55.44237983], [9.67504156, 55.44895971], [9.68412304, 55.45136082], [9.6921457, 55.45711243], [9.69315517, 55.46124792], [9.69268632, 55.46171081], [9.68321085, 55.46743846], [9.67343831, 55.47118175], [9.66825044, 55.47673833], [9.66142547, 55.48062706], [9.64865005, 55.48580563], [9.64471555, 55.48984218], [9.63146615, 55.49334133], [9.62440658, 55.49758804], [9.60948372, 55.49488246], [9.602723, 55.49535215], [9.59820163, 55.49125564], [9.58655381, 55.48558915], [9.57772326, 55.48644423], [9.56670582, 55.49158347], [9.54636657, 55.49047434], [9.54054105, 55.48849332], [9.52640593, 55.48724675], [9.51433325, 55.48382688], [9.50282896, 55.48696506], [9.50190568, 55.48849404], [9.498142, 55.48821235], [9.49629545, 55.48958015], [9.50318396, 55.49050558], [9.5029, 55.49223554], [9.49246073, 55.49211502], [9.48180771, 55.48961008], [9.49792886, 55.49432766], [9.49856806, 55.49814987], [9.51426244, 55.50048351], [9.52115083, 55.49782813], [9.52924645, 55.49810958], [9.54103506, 55.49650025], [9.56553531, 55.49754643], [9.57355988, 55.49903512], [9.58260405, 55.49701381], [9.58459771, 55.49748337], [9.58655703, 55.49918222], [9.58034217, 55.50901306], [9.57179177, 55.51118231], [9.56624866, 55.51411176], [9.56102121, 55.51386774], [9.55794275, 55.51493335], [9.55870831, 55.51609194], [9.56184375, 55.51653314], [9.56984818, 55.51493394], [9.57714498, 55.51162231], [9.58961892, 55.51681066], [9.58834374, 55.51862967], [9.57988906, 55.51867604], [9.57542622, 55.51654744], [9.57106638, 55.51763284], [9.56504512, 55.5241518], [9.56884706, 55.52743781], [9.58235705, 55.52382004], [9.58810318, 55.52347004], [9.59713602, 55.51949346], [9.60387182, 55.51937628], [9.60578454, 55.51367342], [9.60915804, 55.51132858], [9.60965025, 55.51118445], [9.62005985, 55.50935304], [9.62066364, 55.50940514], [9.61978471, 55.51070476], [9.62535405, 55.51275885], [9.6328032, 55.51180255], [9.63876986, 55.50913966], [9.64045453, 55.50899017], [9.64177311, 55.50922418], [9.65757287, 55.51688051], [9.65884721, 55.51928627], [9.66598046, 55.52336204], [9.66800535, 55.52614355], [9.67559803, 55.52774811], [9.6764183, 55.52781928], [9.6944313, 55.52517855], [9.72381902, 55.51790285], [9.73999655, 55.51852942], [9.74165964, 55.52393401], [9.73241293, 55.53711426], [9.72889054, 55.54464602], [9.72934484, 55.546875], [9.72780955, 55.55175662], [9.72968745, 55.55259335], [9.72917545, 55.55388093], [9.72780955, 55.55240035], [9.72832191, 55.55491078], [9.73361385, 55.55384874], [9.73617434, 55.55645585], [9.73327243, 55.55751801], [9.73463798, 55.55886984], [9.73645902, 55.55925596], [9.74027145, 55.55735695], [9.74362874, 55.55774331], [9.74635994, 55.55861235], [9.74356365, 55.55961013], [9.75050735, 55.56009293], [9.74914134, 55.55883765], [9.75267005, 55.56041467], [9.75454831, 55.55983543], [9.75586351, 55.56030373], [9.75500357, 55.55896628], [9.76763892, 55.55577993], [9.76940334, 55.56936264], [9.79060388, 55.58235145], [9.79414225, 55.59337091], [9.81105566, 55.60115087], [9.82180822, 55.60435271], [9.82982683, 55.60994351], [9.83171666, 55.61075318], [9.84301043, 55.61467636], [9.84375, 55.61467636], [9.84760654, 55.61595452], [9.85748172, 55.62183631], [9.8589766, 55.62343013], [9.85938072, 55.62423587], [9.85739672, 55.62577951], [9.84515882, 55.62423265], [9.84375, 55.62444186], [9.82880056, 55.6271857], [9.80704212, 55.62800705], [9.80653024, 55.6280061], [9.79659486, 55.62530577], [9.7727288, 55.62285984], [9.76112425, 55.62256086], [9.75603688, 55.62355733], [9.75502348, 55.62388814], [9.75090933, 55.62615073], [9.75063705, 55.62636948], [9.74615157, 55.63192034], [9.74310553, 55.65166771], [9.73790717, 55.65843773], [9.71952784, 55.66457832], [9.71254992, 55.66593707], [9.70592654, 55.66472435], [9.69737542, 55.66814756], [9.68843126, 55.67592072], [9.68837643, 55.67896295], [9.68544662, 55.68286085], [9.67609966, 55.68686712], [9.6681478, 55.69321501], [9.65563166, 55.68976235], [9.64973891, 55.69032002], [9.64494205, 55.69316745], [9.63983381, 55.69384456], [9.6097033, 55.69272423], [9.5872333, 55.68980443], [9.57380795, 55.69256985], [9.56177354, 55.69649935], [9.55662358, 55.69981492], [9.55874646, 55.70396662], [9.54252553, 55.70670235], [9.55474818, 55.70625174], [9.55637133, 55.71030724], [9.55897474, 55.71046817], [9.56337273, 55.70927727], [9.565943, 55.70602655], [9.56794202, 55.70728183], [9.57913673, 55.70403087], [9.58564806, 55.70500791], [9.586676, 55.70638061], [9.59267306, 55.70573676], [9.59627128, 55.7073462], [9.59901285, 55.70718515], [9.60272551, 55.70506096], [9.6075232, 55.70683122], [9.62513387, 55.70739532], [9.63100624, 55.70863032], [9.63420713, 55.70773876], [9.64151883, 55.70794785], [9.67213118, 55.71199191], [9.68515015, 55.70951331], [9.68666005, 55.70817673], [9.69414401, 55.70644367], [9.70036232, 55.70269895], [9.71363282, 55.7027204], [9.71854413, 55.69689381], [9.72325993, 55.69546223], [9.72690284, 55.69187248], [9.74412465, 55.68368578], [9.74621236, 55.68068266], [9.76707685, 55.67996645], [9.78230131, 55.68128204], [9.78855956, 55.68068123], [9.79812837, 55.67790067], [9.80701733, 55.67798305], [9.81266165, 55.6758666], [9.81813812, 55.67092085], [9.81824434, 55.66917324], [9.8201853, 55.66858757], [9.82134497, 55.66859448], [9.83857155, 55.67068684], [9.84375, 55.67215395], [9.84375, 55.67243302], [9.8492856, 55.67330527], [9.85445046, 55.67717743], [9.86821854, 55.68299842], [9.86870015, 55.68312383], [9.91458035, 55.69162774], [9.93422925, 55.69363844], [9.95379531, 55.69342875], [9.96408606, 55.69500482], [9.97614217, 55.69490004], [9.98844981, 55.69691992], [10.00231516, 55.70114422], [10.01587021, 55.70082486], [10.02934766, 55.69692731], [10.02804387, 55.70050776], [10.02223444, 55.70578361], [10.01868176, 55.7152878], [10.00978756, 55.71721315], [10.00322461, 55.71715331], [9.99903691, 55.7183094], [9.99757886, 55.71917141], [9.9970963, 55.72265625], [9.99675393, 55.72265625], [9.99638832, 55.72411883], [9.99924696, 55.72804165], [10.00453782, 55.73036695], [10.02025604, 55.73394394], [10.03748655, 55.73457885], [10.04286087, 55.74004185], [10.05444562, 55.7453233], [10.05509496, 55.74549484], [10.07966006, 55.74476302], [10.08208954, 55.74532366], [10.08235347, 55.7458353], [10.07615185, 55.75228107], [10.06024635, 55.75443482], [10.04837346, 55.75451708], [10.02872312, 55.75747025], [10.02803755, 55.75767291], [10.02308655, 55.75988257], [10.01555824, 55.76659226], [10.01513207, 55.77357864], [10.01940465, 55.77953506], [10.02573097, 55.78184414], [10.04211843, 55.79140437], [10.05672741, 55.8033725], [10.06651735, 55.80755317], [10.0556246, 55.81326604], [10.05335462, 55.81746686], [10.05390584, 55.82214367], [10.04867744, 55.8233093], [10.03376555, 55.82347131], [10.01461065, 55.81768215], [10.01494753, 55.81962395], [10.02100456, 55.82421863], [10.01547074, 55.82723856], [10.02084267, 55.82802773], [10.0225352, 55.83005023], [10.02301931, 55.84131014], [10.01848841, 55.83384538], [10.01009011, 55.82657754], [10.00364852, 55.82513726], [9.98780584, 55.82739091], [9.98074424, 55.82708144], [9.97334754, 55.82884204], [9.96794987, 55.83180654], [9.96187532, 55.83097041], [9.94405878, 55.8334558], [9.92515445, 55.83814037], [9.89133787, 55.84321356], [9.87846518, 55.8469547], [9.87781346, 55.85031855], [9.86026502, 55.8533442], [9.86078095, 55.85466385], [9.87758422, 55.85224974], [9.87718272, 55.85440636], [9.85935378, 55.85687864], [9.85742915, 55.85882795], [9.85963345, 55.85757256], [9.86032236, 55.85878372], [9.86210012, 55.85871935], [9.87385654, 55.85688472], [9.87471676, 55.86019993], [9.8798207, 55.86213112], [9.89272416, 55.86341846], [9.8978281, 55.86592913], [9.90889633, 55.86251736], [9.9155488, 55.85785031], [9.92076743, 55.85804343], [9.92323327, 55.85981357], [9.93265617, 55.86097705], [9.94199634, 55.86079991], [9.94827688, 55.85845482], [9.96371377, 55.85816371], [9.96630645, 55.85850215], [9.96839654, 55.86092722], [9.9622277, 55.86669135], [9.96398735, 55.87120664], [9.96676481, 55.87310982], [9.96560872, 55.87529182], [9.96873605, 55.87944186], [9.97522187, 55.87994945], [9.98541212, 55.87898266], [9.99800873, 55.88023341], [10.01309407, 55.87563765], [10.02310336, 55.87632263], [10.02969515, 55.87534106], [10.03908694, 55.87558627], [10.04610395, 55.87873328], [10.05918896, 55.87866914], [10.07276082, 55.88448656], [10.0789119, 55.88445711], [10.09947705, 55.88148928], [10.10923457, 55.88214135], [10.11342192, 55.87961161], [10.11227012, 55.87655401], [10.11366475, 55.87288046], [10.11951423, 55.87090325], [10.12598383, 55.87241006], [10.12855816, 55.87549818], [10.12835574, 55.87795854], [10.13192487, 55.88039947], [10.13532031, 55.88069296], [10.14325607, 55.87588871], [10.14546025, 55.8721596], [10.14520574, 55.86930084], [10.14084494, 55.86621094], [10.13903487, 55.86115384], [10.14089704, 55.85839522], [10.16504657, 55.84426165], [10.17999494, 55.83961332], [10.19307721, 55.83758211], [10.1953125, 55.83816957], [10.1953125, 55.83872771], [10.19717884, 55.84128106], [10.19717872, 55.84229696], [10.1953125, 55.84430802], [10.1953125, 55.84570312], [10.19168901, 55.84967792], [10.19148183, 55.85015595], [10.19188666, 55.85185146], [10.19266665, 55.85306478], [10.19349503, 55.85359073], [10.1950649, 55.85407364], [10.1953125, 55.85407364], [10.19919682, 55.85479236], [10.20413065, 55.85874546], [10.20410907, 55.85916507], [10.20238936, 55.86063993], [10.20324123, 55.86342871], [10.1953125, 55.86802447], [10.1953125, 55.86830354], [10.19339228, 55.87034917], [10.19433487, 55.87458992], [10.19239616, 55.87627876], [10.19119716, 55.88491035], [10.19129992, 55.88532233], [10.19456971, 55.88671875], [10.1953125, 55.88671875], [10.1953125, 55.88699782], [10.20285654, 55.88596427], [10.20782804, 55.88728797], [10.21926641, 55.89381063], [10.22403157, 55.8984375], [10.22419441, 55.8984375], [10.24146843, 55.90928972], [10.25147724, 55.91105044], [10.25486076, 55.90991986], [10.25965226, 55.91175056], [10.25661385, 55.91587615], [10.25671601, 55.92284036], [10.25810838, 55.9325546], [10.26140237, 55.93876493], [10.26017761, 55.94600105], [10.26393807, 55.95216346], [10.26547265, 55.95992196], [10.26147652, 55.96661866], [10.25371206, 55.97433972], [10.25220478, 55.98365736], [10.25323856, 55.99238884], [10.25805593, 55.99874425], [10.26317, 56.00125074], [10.26986837, 56.01384103], [10.28091073, 56.02037036], [10.27517831, 56.02346957], [10.26868796, 56.02324414], [10.2655586, 56.02628601], [10.26532364, 56.02677846], [10.27186978, 56.04069006], [10.27101612, 56.04841805], [10.26020837, 56.05897725], [10.25850117, 56.06766474], [10.25512576, 56.07300484], [10.25506806, 56.07421875], [10.25482297, 56.07421875], [10.25456631, 56.08011842], [10.24933624, 56.08444691], [10.24950087, 56.09206617], [10.24927294, 56.09239471], [10.24090743, 56.09958506], [10.23594177, 56.10950995], [10.22972548, 56.11523283], [10.22798657, 56.11931646], [10.21495903, 56.12699378], [10.20896184, 56.13572443], [10.20946717, 56.13692605], [10.21340787, 56.13788354], [10.21192515, 56.13825905], [10.21239698, 56.13899136], [10.21313834, 56.13916028], [10.21826005, 56.13929164], [10.21529496, 56.13773346], [10.21708083, 56.13773346], [10.22125924, 56.13987374], [10.22685266, 56.13923538], [10.22716165, 56.13933015], [10.23402524, 56.1423521], [10.23312247, 56.14320707], [10.240556, 56.14595175], [10.24090254, 56.14746451], [10.24720085, 56.15042555], [10.24829864, 56.15129471], [10.24714315, 56.15238905], [10.24968553, 56.15396607], [10.24592972, 56.15818262], [10.23048925, 56.14886725], [10.23102176, 56.14665985], [10.21888745, 56.1417675], [10.21755862, 56.14237905], [10.22270107, 56.14630568], [10.22154546, 56.14740014], [10.22780406, 56.15502834], [10.22541487, 56.15545738], [10.22718763, 56.15773201], [10.22595453, 56.15794647], [10.21978903, 56.15026474], [10.21300697, 56.14601612], [10.21570444, 56.14833355], [10.21354651, 56.14897716], [10.21501076, 56.15103722], [10.21878707, 56.15180957], [10.21963477, 56.15266788], [10.21770883, 56.15264654], [10.2221781, 56.15614414], [10.21986616, 56.15725994], [10.2143172, 56.15245342], [10.21524203, 56.15442753], [10.21269882, 56.15447044], [10.21354651, 56.15554333], [10.21701455, 56.15554333], [10.21716881, 56.15657318], [10.21393192, 56.15661621], [10.21454835, 56.15880477], [10.2180196, 56.15773201], [10.21955335, 56.15833282], [10.2157768, 56.16013515], [10.21739531, 56.16107941], [10.22117186, 56.15931976], [10.22124875, 56.16030693], [10.22494841, 56.16137981], [10.22163415, 56.16318226], [10.22340691, 56.16429806], [10.22818542, 56.16193771], [10.23180771, 56.16549957], [10.22533357, 56.16979122], [10.22348404, 56.16640091], [10.21793485, 56.16382587], [10.22264588, 56.17022026], [10.24010932, 56.18560553], [10.25957382, 56.19506836], [10.28101325, 56.19987476], [10.28518605, 56.20623434], [10.29213071, 56.20775676], [10.29138315, 56.21384764], [10.29265881, 56.21548486], [10.30304587, 56.22393465], [10.30817604, 56.22653306], [10.32560456, 56.22967064], [10.33622956, 56.23392332], [10.34461141, 56.24471605], [10.35315704, 56.24757206], [10.35267627, 56.24929225], [10.35134017, 56.25], [10.35000002, 56.25], [10.34840345, 56.25182354], [10.34763753, 56.25716853], [10.34408653, 56.26002717], [10.34409535, 56.26089597], [10.34505486, 56.26238382], [10.35682607, 56.2673974], [10.36330211, 56.27172041], [10.36381078, 56.27186251], [10.36724305, 56.27159834], [10.37068486, 56.26930523], [10.37438977, 56.26906943], [10.37831354, 56.27013874], [10.3810904, 56.27162933], [10.38934684, 56.27801084], [10.38945925, 56.27831137], [10.38769436, 56.28088164], [10.38396275, 56.2828269], [10.38350677, 56.28343475], [10.38127172, 56.28757584], [10.38179004, 56.28810954], [10.39113784, 56.29244781], [10.4029299, 56.29069936], [10.40808928, 56.29236126], [10.41559684, 56.29033685], [10.42871213, 56.29522932], [10.43437064, 56.29470122], [10.44625318, 56.29079366], [10.45016086, 56.29179561], [10.45252776, 56.29449344], [10.45310235, 56.29459834], [10.45502937, 56.29428411], [10.45623422, 56.29310358], [10.45274866, 56.28760445], [10.45263481, 56.28672075], [10.45364237, 56.28217793], [10.45977736, 56.28016543], [10.46975815, 56.2805649], [10.47347522, 56.27869582], [10.46518624, 56.27556801], [10.46518827, 56.27410591], [10.46585727, 56.27381766], [10.47369933, 56.27261782], [10.47464585, 56.27780104], [10.47973204, 56.28202832], [10.48310494, 56.28269625], [10.49449456, 56.2757616], [10.49809456, 56.27671897], [10.50374234, 56.27542186], [10.50435364, 56.27453065], [10.50442886, 56.27329016], [10.50172365, 56.26924765], [10.50804675, 56.26520002], [10.50847292, 56.26465976], [10.50817013, 56.26239026], [10.50788426, 56.26205003], [10.50504768, 56.26038945], [10.49041414, 56.26213837], [10.48967564, 56.26208115], [10.48340547, 56.25974333], [10.48380613, 56.25182176], [10.48136318, 56.25], [10.48146296, 56.24901414], [10.47714484, 56.24823725], [10.47527313, 56.24403214], [10.46824694, 56.24093986], [10.46323514, 56.24012971], [10.46046436, 56.23830104], [10.44624746, 56.22680044], [10.44932234, 56.22384465], [10.45772016, 56.22936523], [10.45913684, 56.22956657], [10.46012366, 56.22948384], [10.46261954, 56.22785044], [10.46811366, 56.22775984], [10.47109973, 56.22579885], [10.47127545, 56.22510564], [10.46823585, 56.22077096], [10.47595632, 56.21476436], [10.47655475, 56.21207976], [10.48007906, 56.21024501], [10.48030853, 56.20687306], [10.47981715, 56.20639956], [10.47549737, 56.20381177], [10.47094333, 56.20324135], [10.46450245, 56.19876027], [10.45825815, 56.19721532], [10.45306671, 56.19990754], [10.44208205, 56.20013833], [10.43602395, 56.20166278], [10.42964804, 56.20691156], [10.42521512, 56.20835042], [10.43252623, 56.21697414], [10.43972302, 56.21886063], [10.44025505, 56.21966815], [10.43981135, 56.22004867], [10.43755186, 56.22057045], [10.4255836, 56.22062445], [10.41707981, 56.22006273], [10.40895498, 56.21774447], [10.41152263, 56.21222436], [10.40859282, 56.21152461], [10.40678334, 56.20707774], [10.40299833, 56.20747435], [10.40177345, 56.20636857], [10.38797665, 56.20437086], [10.38086295, 56.20183074], [10.36454332, 56.19933867], [10.35764575, 56.19912934], [10.35552681, 56.20105123], [10.34937644, 56.20125055], [10.34492874, 56.19809675], [10.34511483, 56.19440746], [10.34863484, 56.19190276], [10.35413873, 56.19329226], [10.35959876, 56.19213271], [10.37397873, 56.18492675], [10.37729955, 56.17780745], [10.37737215, 56.16775453], [10.38654554, 56.16371834], [10.39623261, 56.1615808], [10.41708863, 56.16190124], [10.42202437, 56.16325164], [10.434816, 56.17009652], [10.43414736, 56.17284381], [10.43818772, 56.17827952], [10.44942224, 56.18162525], [10.46118414, 56.18126631], [10.47562325, 56.17854142], [10.49316371, 56.17018771], [10.50361621, 56.16836476], [10.51348615, 56.17156112], [10.51946175, 56.17225301], [10.52476108, 56.17095912], [10.52980804, 56.16551971], [10.52598941, 56.15801966], [10.52192462, 56.15499461], [10.52171874, 56.15061414], [10.51767266, 56.14572716], [10.51054001, 56.14430726], [10.49429858, 56.14641643], [10.49110818, 56.14569485], [10.48571205, 56.14338684], [10.48155951, 56.13960302], [10.4823426, 56.13585424], [10.48977578, 56.12802577], [10.49675143, 56.11393607], [10.50595975, 56.10506845], [10.50894916, 56.09751272], [10.51188576, 56.09475446], [10.53666377, 56.10099733], [10.54493785, 56.10208035], [10.546875, 56.10267854], [10.546875, 56.10295761], [10.54954827, 56.10470641], [10.55392897, 56.11090946], [10.55772054, 56.113451], [10.55882347, 56.12641645], [10.55374837, 56.13350892], [10.55264366, 56.1467452], [10.546875, 56.14927447], [10.546875, 56.14955354], [10.54320335, 56.15187848], [10.54193294, 56.15444267], [10.53358066, 56.16090131], [10.53248537, 56.16303372], [10.53302383, 56.16762376], [10.53531325, 56.16950405], [10.53624582, 56.17422736], [10.53647375, 56.17453373], [10.54393923, 56.18202865], [10.54662478, 56.18387282], [10.546875, 56.18387282], [10.546875, 56.18415165], [10.55615604, 56.18897414], [10.56242597, 56.19708025], [10.57698977, 56.20296526], [10.57793534, 56.20968103], [10.58588851, 56.21993268], [10.59440041, 56.22239697], [10.60445297, 56.22774065], [10.60615492, 56.22820675], [10.61561775, 56.22820437], [10.61927211, 56.22635925], [10.62321877, 56.22736216], [10.62878215, 56.22598755], [10.64100921, 56.22676945], [10.65022933, 56.22496164], [10.65347743, 56.22566044], [10.66437125, 56.22133255], [10.66884661, 56.21858585], [10.67239595, 56.21523845], [10.67548227, 56.21154785], [10.67687118, 56.20845795], [10.67715394, 56.20454681], [10.67536414, 56.20095873], [10.67508686, 56.20066667], [10.67244315, 56.19986927], [10.66712356, 56.19403875], [10.66737115, 56.1868335], [10.65451372, 56.18351448], [10.64477003, 56.18772686], [10.63971865, 56.1878556], [10.63742685, 56.18706357], [10.63622916, 56.18450725], [10.63644385, 56.18038356], [10.64898705, 56.16599214], [10.65791023, 56.16147947], [10.65805232, 56.15861785], [10.66109407, 56.16008317], [10.66997516, 56.15834522], [10.66574323, 56.15553856], [10.66591144, 56.15303326], [10.66958642, 56.15299857], [10.67395723, 56.15638185], [10.67751873, 56.15531266], [10.68234503, 56.14995575], [10.68053567, 56.14556205], [10.68374252, 56.14337254], [10.68487763, 56.14445627], [10.68637216, 56.14230883], [10.69322205, 56.14037502], [10.71222198, 56.14177251], [10.71520483, 56.14223135], [10.71611643, 56.14275897], [10.7228955, 56.15058482], [10.72876394, 56.1630969], [10.73506916, 56.16948974], [10.73907077, 56.17920744], [10.7392776, 56.17976761], [10.73309934, 56.20157921], [10.73534512, 56.20507968], [10.73446965, 56.2106564], [10.73746157, 56.21748555], [10.74876475, 56.2303406], [10.75677562, 56.23518562], [10.77107012, 56.24172103], [10.79166043, 56.24422395], [10.79461646, 56.24765205], [10.79891968, 56.25], [10.79949772, 56.25], [10.81191134, 56.25682437], [10.81413972, 56.25849485], [10.81903183, 56.26577175], [10.82622814, 56.27911806], [10.835536, 56.28866673], [10.84708047, 56.29498076], [10.85553741, 56.29599166], [10.86238885, 56.29908836], [10.86573207, 56.29920268], [10.86492276, 56.30317521], [10.87254381, 56.31227624], [10.88679326, 56.32098877], [10.89818633, 56.33063614], [10.8984375, 56.33063614], [10.8984375, 56.33119404], [10.91416693, 56.34339094], [10.91442335, 56.34402895], [10.91213441, 56.35209882], [10.91339135, 56.36047113], [10.91151536, 56.36112845], [10.91346455, 56.36406744], [10.91312456, 56.37880886], [10.91405952, 56.38430035], [10.91558754, 56.387519], [10.92011464, 56.39261985], [10.91954732, 56.40580225], [10.92468977, 56.40271306], [10.92949104, 56.40917671], [10.92184555, 56.41211641], [10.92214656, 56.41396916], [10.92279196, 56.41495132], [10.92792916, 56.41497648], [10.93234777, 56.41676283], [10.93255174, 56.41730988], [10.9321655, 56.41845346], [10.92706466, 56.42089844], [10.92706466, 56.42368865], [10.927567, 56.42578125], [10.92819667, 56.42578125], [10.92920554, 56.42578125], [10.93236566, 56.42816591], [10.93551672, 56.4324578], [10.94012272, 56.43427372], [10.94117951, 56.43596983], [10.94822013, 56.43713963], [10.95533001, 56.43650711], [10.95617294, 56.43866932], [10.95405602, 56.43934202], [10.95759428, 56.43996525], [10.95933807, 56.443717], [10.94993353, 56.44969904], [10.95335472, 56.45303917], [10.95095778, 56.45641243], [10.93818104, 56.46023452], [10.92947865, 56.4683665], [10.91539276, 56.47214103], [10.8984375, 56.48102665], [10.8984375, 56.48130584], [10.89123046, 56.48217082], [10.87998795, 56.48579681], [10.87775815, 56.48682261], [10.87464547, 56.48951912], [10.86974025, 56.49706638], [10.86768281, 56.51019394], [10.86353195, 56.51634002], [10.86092401, 56.51800907], [10.85589576, 56.51956916], [10.83718145, 56.5300796], [10.83603382, 56.53034568], [10.81802774, 56.53155827], [10.80203176, 56.53473854], [10.79464996, 56.53751862], [10.76683235, 56.53776085], [10.74327564, 56.53313935], [10.72049356, 56.53113627], [10.71697271, 56.53103423], [10.71324074, 56.53323615], [10.70854235, 56.5306406], [10.68192995, 56.53060496], [10.67469966, 56.53006566], [10.66978645, 56.52954197], [10.65643096, 56.52658868], [10.62094784, 56.52372217], [10.59538341, 56.51800621], [10.58762467, 56.51808012], [10.58543181, 56.51671255], [10.57022226, 56.51631594], [10.55930936, 56.51403725], [10.55259573, 56.51342165], [10.546875, 56.51367176], [10.54204404, 56.51268804], [10.51634192, 56.51207936], [10.50871205, 56.51264012], [10.49271977, 56.51472116], [10.492033, 56.51485515], [10.47360063, 56.5197432], [10.43165457, 56.52405047], [10.41145325, 56.53071785], [10.3957864, 56.53803492], [10.39525235, 56.53832543], [10.36752093, 56.55591381], [10.35610902, 56.56513512], [10.35262954, 56.56851292], [10.34517121, 56.57905853], [10.34501505, 56.59011054], [10.34188902, 56.59570444], [10.32767034, 56.60025728], [10.31797493, 56.59974527], [10.3168714, 56.6015625], [10.31638372, 56.6015625], [10.31211257, 56.60564613], [10.31149995, 56.60591602], [10.30308163, 56.60677946], [10.30217183, 56.60673487], [10.30140746, 56.60619485], [10.30067992, 56.6015625], [10.30022645, 56.6015625], [10.29985177, 56.59996974], [10.30261636, 56.59257913], [10.29939783, 56.5885483], [10.29165423, 56.58489025], [10.28721726, 56.58090615], [10.2742213, 56.57706845], [10.27018011, 56.57437766], [10.26190436, 56.56397808], [10.25331664, 56.55973434], [10.25428367, 56.55409765], [10.25133836, 56.55093777], [10.24222493, 56.54834604], [10.23695457, 56.54205155], [10.23488271, 56.54174173], [10.23204553, 56.54420233], [10.23033965, 56.54405296], [10.23014653, 56.53736854], [10.22820616, 56.53459764], [10.22997463, 56.53039134], [10.22984815, 56.51964712], [10.23180103, 56.51890087], [10.23403835, 56.51430786], [10.23226273, 56.50494695], [10.23409748, 56.49383104], [10.22708023, 56.48354936], [10.22268772, 56.48085666], [10.21861505, 56.48213017], [10.21760595, 56.48129976], [10.22078633, 56.47875881], [10.23188138, 56.47966516], [10.24002183, 56.47400081], [10.24738038, 56.47213864], [10.26845515, 56.47234774], [10.29253376, 56.47056067], [10.27482355, 56.47011483], [10.26150441, 56.46794331], [10.25213444, 56.46794236], [10.21957171, 56.47493625], [10.21736705, 56.47683394], [10.21368957, 56.47540498], [10.21321273, 56.47297776], [10.20751977, 56.47216916], [10.21563256, 56.47891092], [10.22797561, 56.50286305], [10.22690535, 56.50627184], [10.2250216, 56.50682402], [10.22426808, 56.52406526], [10.21964645, 56.52786696], [10.21766305, 56.53419936], [10.21838462, 56.54052305], [10.21662223, 56.54312491], [10.21896505, 56.55091882], [10.22055197, 56.55338764], [10.22242355, 56.55419648], [10.22423244, 56.55463052], [10.22959685, 56.55434346], [10.23042417, 56.55453253], [10.23409736, 56.55677998], [10.24146867, 56.56770837], [10.24390316, 56.56875885], [10.24551845, 56.57881153], [10.25124645, 56.57856965], [10.25439358, 56.58243191], [10.2641623, 56.58789063], [10.27794075, 56.58982956], [10.28236961, 56.59190667], [10.27932227, 56.59502876], [10.28704905, 56.60071635], [10.28761661, 56.6015625], [10.28750885, 56.6015625], [10.28870213, 56.60396814], [10.29680943, 56.60843027], [10.30094135, 56.61003745], [10.30197871, 56.61032605], [10.30616415, 56.61016214], [10.30669546, 56.61185825], [10.34420824, 56.62268055], [10.35483861, 56.63214195], [10.35855258, 56.63657892], [10.36038756, 56.63962173], [10.36183763, 56.64435232], [10.35394144, 56.65093732], [10.35359633, 56.65138865], [10.35088432, 56.65727067], [10.35088754, 56.6597352], [10.35217774, 56.66096044], [10.36228752, 56.66085625], [10.36240494, 56.66114032], [10.36236894, 56.66199732], [10.35192823, 56.69738698], [10.33467627, 56.70223677], [10.33406258, 56.70225322], [10.30961072, 56.70143676], [10.2945019, 56.69573152], [10.28373063, 56.69343185], [10.26951313, 56.69612432], [10.26461792, 56.69848502], [10.25356376, 56.69796753], [10.23881924, 56.69415414], [10.21577752, 56.68503833], [10.20674014, 56.68252826], [10.20447314, 56.68226755], [10.19695067, 56.68396175], [10.1953125, 56.68415165], [10.1953125, 56.68443084], [10.18615842, 56.68799245], [10.18257642, 56.69288921], [10.17897296, 56.69539428], [10.17258561, 56.69823205], [10.16292846, 56.70587397], [10.14714813, 56.70719314], [10.15353131, 56.70541811], [10.15474713, 56.70449984], [10.15332055, 56.70431864], [10.14016366, 56.70745575], [10.13618743, 56.71014345], [10.12622952, 56.70941234], [10.12278485, 56.71187484], [10.11830437, 56.71296108], [10.11230946, 56.70558894], [10.11202133, 56.69829094], [10.10866094, 56.69390094], [10.1012516, 56.6910336], [10.09707475, 56.68782377], [10.09219575, 56.68708003], [10.090433, 56.68521643], [10.0870738, 56.68445325], [10.08707833, 56.68321526], [10.07995474, 56.68175924], [10.07635772, 56.68208778], [10.06093097, 56.68804705], [10.05771613, 56.69081175], [10.05197775, 56.69110942], [10.04539466, 56.68527985], [10.03805733, 56.68242705], [10.03144753, 56.67743003], [10.03112245, 56.67254913], [10.01901412, 56.66930556], [10.0107944, 56.67060363], [10.00741351, 56.66973448], [10.00114226, 56.66464436], [9.99400091, 56.66508067], [9.99030483, 56.66408944], [9.99027836, 56.66145325], [9.98253763, 56.65819764], [9.98527956, 56.65634894], [9.98458946, 56.65471292], [9.96914065, 56.65536296], [9.95981097, 56.65003848], [9.94727492, 56.6474514], [9.93949628, 56.64903188], [9.92583227, 56.64580345], [9.91549385, 56.64477873], [9.90170264, 56.64586556], [9.88280678, 56.64399183], [9.88001084, 56.64539766], [9.87242115, 56.64388716], [9.85923505, 56.64371431], [9.85254717, 56.64135182], [9.84919298, 56.63824332], [9.84434867, 56.63685143], [9.84375, 56.63699782], [9.82465625, 56.6402117], [9.81664515, 56.63998783], [9.81162632, 56.63821304], [9.80551505, 56.63916194], [9.80244112, 56.63787794], [9.79958141, 56.63825417], [9.80718064, 56.64162171], [9.82379818, 56.64617455], [9.83719432, 56.64679253], [9.84375, 56.64592636], [9.84497786, 56.64593327], [9.85013986, 56.6474303], [9.85378361, 56.64956903], [9.854514, 56.6496973], [9.86155546, 56.6484884], [9.86252105, 56.64849103], [9.87439382, 56.65008366], [9.88425302, 56.64962482], [9.90031946, 56.65227234], [9.91725552, 56.65131474], [9.91838813, 56.65142071], [9.92945445, 56.65468645], [9.93375814, 56.65387166], [9.93699574, 56.65661657], [9.93823493, 56.65704131], [9.94755125, 56.65949702], [9.94874716, 56.65972424], [9.95302355, 56.65951002], [9.95344281, 56.65970075], [9.95390046, 56.66332936], [9.94995225, 56.66530013], [9.95020151, 56.66647875], [9.95419908, 56.66536224], [9.96355486, 56.66517854], [9.97160566, 56.67148745], [9.983814, 56.67770493], [10.00165105, 56.68047106], [10.00606465, 56.67937887], [10.01312637, 56.68091536], [10.01376593, 56.68118465], [10.01452374, 56.6887753], [10.02024984, 56.69241238], [10.02089703, 56.69270205], [10.02780294, 56.69439971], [10.03441525, 56.69377446], [10.04035842, 56.69472015], [10.0427891, 56.69792712], [10.04815471, 56.69949913], [10.06092155, 56.70165241], [10.06238723, 56.70157516], [10.06945395, 56.69985676], [10.0732069, 56.69790936], [10.07550132, 56.69361818], [10.08056486, 56.69361925], [10.0845679, 56.69650984], [10.10013485, 56.70070934], [10.099195, 56.70272768], [10.10316932, 56.70803261], [10.11199546, 56.71294916], [10.11580825, 56.71463895], [10.12914133, 56.71757531], [10.14097154, 56.71868181], [10.14346886, 56.71991766], [10.1535145, 56.7185781], [10.16118085, 56.71943283], [10.16092384, 56.71527374], [10.16477132, 56.70985103], [10.18369651, 56.70327055], [10.1953125, 56.70507812], [10.19954395, 56.70591772], [10.20299304, 56.71135604], [10.20858145, 56.71528852], [10.21836066, 56.71956551], [10.22314715, 56.72007072], [10.23510575, 56.71900237], [10.23710275, 56.71579123], [10.25430095, 56.71269822], [10.27371991, 56.71073055], [10.30190611, 56.71090877], [10.32452917, 56.70598412], [10.33243036, 56.7072916], [10.33014536, 56.71270192], [10.33405614, 56.71584332], [10.33201313, 56.72400033], [10.31236017, 56.73851872], [10.29678524, 56.75488245], [10.29779565, 56.7559849], [10.28764045, 56.77253306], [10.28852212, 56.77734375], [10.28804338, 56.77734375], [10.28299856, 56.78235745], [10.28646088, 56.7838155], [10.28377926, 56.78539908], [10.27605462, 56.80145216], [10.27593255, 56.80209446], [10.27665114, 56.80427527], [10.28108335, 56.8036437], [10.28426743, 56.80455828], [10.27750123, 56.80488765], [10.27485287, 56.80705798], [10.27043247, 56.84784484], [10.26662886, 56.8551048], [10.26577735, 56.85914147], [10.26525605, 56.86407495], [10.26556468, 56.88267505], [10.26269805, 56.89360428], [10.26374853, 56.90589035], [10.26954794, 56.91774356], [10.27077377, 56.93563521], [10.27281714, 56.9393872], [10.27843595, 56.94478941], [10.28191447, 56.94585037], [10.28855288, 56.953125], [10.28895998, 56.953125], [10.29114222, 56.95493042], [10.29095137, 56.95741606], [10.29024625, 56.95770526], [10.28409576, 56.95626485], [10.28336513, 56.96077395], [10.28862977, 56.96498644], [10.28918385, 56.96521986], [10.29844332, 56.96596062], [10.30425775, 56.98251224], [10.26327372, 56.98127544], [10.24789524, 56.978953], [10.24504554, 56.97744131], [10.24103415, 56.97858596], [10.23827171, 56.97778594], [10.23616433, 56.97883224], [10.22835672, 56.97883356], [10.22624505, 56.9801501], [10.21134555, 56.98177671], [10.20203865, 56.98484945], [10.1953125, 56.98577011], [10.19503737, 56.98604238], [10.17836463, 56.99159217], [10.17296874, 56.99229884], [10.16826725, 56.99507284], [10.16807544, 56.99653244], [10.16101265, 57.00006104], [10.14783287, 57.00585794], [10.13821554, 57.00842094], [10.12676835, 57.01498592], [10.1224755, 57.02054214], [10.09732723, 57.03428304], [10.0844264, 57.03851891], [10.08042943, 57.03881538], [10.07511592, 57.04124916], [10.07561874, 57.04318941], [10.07271504, 57.04255176], [10.06925821, 57.04454684], [10.06396353, 57.04351413], [10.06283927, 57.04512632], [10.06576896, 57.04733932], [10.06412411, 57.04891765], [10.06353211, 57.04909563], [10.05739236, 57.04852748], [10.05415034, 57.04720604], [10.05382645, 57.04847646], [10.05763614, 57.04962564], [10.05758071, 57.05164611], [10.05040133, 57.05197012], [10.05173636, 57.05437922], [10.03631365, 57.06033587], [10.03475142, 57.06433785], [10.02535677, 57.07549214], [10.02486372, 57.07597804], [10.01994276, 57.07749987], [10.01827764, 57.07779181], [10.00884175, 57.07889998], [10.00360274, 57.07888985], [9.99986005, 57.07863033], [9.99179244, 57.07652462], [9.98523366, 57.07418323], [9.97904933, 57.0700798], [9.97373748, 57.0685116], [9.96773481, 57.06152797], [9.96227014, 57.05756354], [9.95812535, 57.05527461], [9.94699872, 57.05089176], [9.94374263, 57.05025363], [9.937114, 57.04913676], [9.93048823, 57.04913926], [9.92446578, 57.05036342], [9.92368817, 57.05061305], [9.90450084, 57.05824804], [9.90378261, 57.05838263], [9.89664674, 57.05965257], [9.88207734, 57.05935061], [9.88097358, 57.05928814], [9.87420964, 57.0571475], [9.86821258, 57.05440974], [9.85718966, 57.04745352], [9.85636294, 57.04707205], [9.84761226, 57.04387033], [9.84375, 57.04380584], [9.82827711, 57.04467225], [9.82413495, 57.04526937], [9.80634212, 57.04986966], [9.78879034, 57.05053175], [9.77787054, 57.05210376], [9.76013458, 57.04972351], [9.74425662, 57.04611945], [9.70681286, 57.04246783], [9.68736672, 57.0382632], [9.68379354, 57.03717125], [9.67865026, 57.03487575], [9.67138505, 57.02823865], [9.67014158, 57.02606535], [9.66919386, 57.02419424], [9.66937923, 57.02288842], [9.67175257, 57.01800072], [9.67175257, 57.01565588], [9.66984797, 57.01061904], [9.65193307, 56.99843812], [9.64499176, 56.99118602], [9.63945723, 56.98829055], [9.63368642, 56.98826206], [9.62905633, 56.98684001], [9.63053834, 56.98333764], [9.61955786, 56.96922362], [9.61578441, 56.96711302], [9.60445964, 56.96422946], [9.59756756, 56.96350396], [9.59284341, 56.96430194], [9.58341897, 56.96125913], [9.57879341, 56.96108675], [9.5743916, 56.95774472], [9.57414532, 56.95729876], [9.57713556, 56.953125], [9.57676625, 56.953125], [9.57444882, 56.94238317], [9.57172406, 56.93815374], [9.57314312, 56.93680024], [9.57270324, 56.92787027], [9.57011652, 56.92660606], [9.569103, 56.92628324], [9.56589234, 56.92663753], [9.55974913, 56.93114734], [9.55950773, 56.93134665], [9.56044698, 56.93305075], [9.56010544, 56.93352461], [9.55699825, 56.93555832], [9.55253255, 56.93627214], [9.54917252, 56.94437945], [9.53702438, 56.953125], [9.53670835, 56.953125], [9.53676975, 56.95405448], [9.53756154, 56.95558465], [9.54878378, 56.96473706], [9.55208182, 56.96584761], [9.55734587, 56.96419525], [9.55858207, 56.96077454], [9.56383312, 56.95631611], [9.57170904, 56.9598906], [9.57150686, 56.96308362], [9.56748354, 56.96555424], [9.56548095, 56.97078586], [9.56570828, 56.97244418], [9.56783462, 56.97866154], [9.57991886, 56.98457837], [9.58267736, 56.98734498], [9.582322, 56.9881103], [9.58141565, 56.98881197], [9.56613076, 56.99604023], [9.55531955, 57.00024295], [9.55216455, 57.00124931], [9.54208207, 57.00327075], [9.51272941, 57.01242542], [9.50063944, 57.01498032], [9.4921875, 57.01590395], [9.46583295, 57.01534593], [9.43875337, 57.01621246], [9.42669356, 57.01750565], [9.37556827, 57.00983262], [9.3680736, 57.0092464], [9.36559642, 57.02410948], [9.37736213, 57.02335215], [9.39828396, 57.02929676], [9.40334356, 57.02745485], [9.40415943, 57.03122675], [9.42234874, 57.03592634], [9.4505825, 57.03928328], [9.45468974, 57.03870976], [9.45550466, 57.03590596], [9.45764434, 57.03945005], [9.45832658, 57.03993535], [9.45993304, 57.04030907], [9.47388816, 57.04204285], [9.48630238, 57.04520094], [9.48937285, 57.04520094], [9.4921875, 57.04380584], [9.49449122, 57.04187906], [9.49601543, 57.04164565], [9.49752533, 57.0416404], [9.50168633, 57.04209018], [9.50881696, 57.04433417], [9.54291642, 57.04457104], [9.55260313, 57.04377592], [9.5553869, 57.04213154], [9.57695246, 57.04080522], [9.58053231, 57.04123306], [9.58415461, 57.04269207], [9.58478522, 57.04366612], [9.58461714, 57.04400337], [9.58187628, 57.04391122], [9.58148885, 57.04413235], [9.58163273, 57.04568326], [9.58276832, 57.04739177], [9.58687675, 57.04942596], [9.59067833, 57.04990435], [9.59537053, 57.0482887], [9.61244965, 57.04953146], [9.61393142, 57.05013525], [9.62382841, 57.0570389], [9.62680066, 57.06259573], [9.63542283, 57.0660429], [9.63165462, 57.06743026], [9.63163555, 57.06556904], [9.62904906, 57.06692934], [9.62780321, 57.06635261], [9.63020837, 57.06445682], [9.62672806, 57.06427014], [9.62349904, 57.06597042], [9.62411666, 57.06733584], [9.63778985, 57.06916106], [9.63832498, 57.06645131], [9.64183593, 57.06732404], [9.64208734, 57.06775546], [9.641837, 57.06883335], [9.64096856, 57.06937885], [9.63937747, 57.06985164], [9.63780046, 57.06997407], [9.62266302, 57.06895447], [9.61436105, 57.07433951], [9.61397147, 57.07618785], [9.6142596, 57.0764147], [9.61773324, 57.07686305], [9.62325382, 57.080742], [9.63241231, 57.08364725], [9.63954544, 57.08797896], [9.64262974, 57.08788812], [9.66495335, 57.09541702], [9.66836345, 57.09461784], [9.67201686, 57.09621286], [9.68650854, 57.09616923], [9.68709874, 57.09462762], [9.6800729, 57.09357035], [9.67861664, 57.09157884], [9.67207325, 57.08864045], [9.67031395, 57.08517444], [9.66675425, 57.08520913], [9.66789901, 57.08374345], [9.65186274, 57.08352065], [9.64780796, 57.07905376], [9.65218425, 57.07116878], [9.66286933, 57.07386625], [9.67406905, 57.07223606], [9.68735611, 57.06860864], [9.69880414, 57.06322336], [9.69738865, 57.06202114], [9.69935071, 57.06144083], [9.71487761, 57.06354415], [9.72868276, 57.06320024], [9.74535418, 57.0657742], [9.74615026, 57.06591296], [9.75952804, 57.07147324], [9.76098371, 57.07251286], [9.76729524, 57.07937658], [9.77686655, 57.09378874], [9.78466153, 57.09453666], [9.78770232, 57.09312427], [9.79151487, 57.09503245], [9.79173934, 57.0952847], [9.79153597, 57.09664726], [9.78914416, 57.09761536], [9.78879511, 57.09773254], [9.78366101, 57.09929883], [9.77953684, 57.09915721], [9.78156805, 57.10123384], [9.77824831, 57.10433745], [9.78214121, 57.10479021], [9.78100443, 57.10613], [9.78310347, 57.10667741], [9.81152165, 57.09867156], [9.82915127, 57.09175003], [9.83853292, 57.08991206], [9.84375, 57.0859375], [9.84596884, 57.08411002], [9.86488545, 57.07644296], [9.87042522, 57.07121766], [9.87774003, 57.06785286], [9.89612842, 57.06264722], [9.90514564, 57.06331456], [9.91932821, 57.05650532], [9.92346334, 57.05516446], [9.93574286, 57.05336475], [9.93650973, 57.05336475], [9.95567667, 57.05786276], [9.95923781, 57.06771576], [9.96350992, 57.07317376], [9.96648014, 57.07441771], [9.96570921, 57.0757817], [9.97274387, 57.08043683], [9.99139035, 57.08739674], [9.99217916, 57.08755672], [10.00260985, 57.08926713], [10.01028466, 57.08897555], [10.01287806, 57.08840084], [10.01843154, 57.08612835], [10.02628255, 57.08499181], [10.03446054, 57.0798279], [10.03966784, 57.07850671], [10.04013634, 57.07616556], [10.03700995, 57.07526565], [10.03559685, 57.07273185], [10.03696764, 57.07145727], [10.04514921, 57.07057416], [10.07040656, 57.05924952], [10.0759896, 57.05500126], [10.08410275, 57.05282295], [10.09524202, 57.05241692], [10.1036123, 57.046893], [10.10979962, 57.04643452], [10.11522675, 57.04216063], [10.12328076, 57.03962147], [10.13821626, 57.03023446], [10.14449048, 57.02834141], [10.15152085, 57.02270031], [10.16076827, 57.02033901], [10.16296291, 57.01914477], [10.1679548, 57.01636994], [10.17489576, 57.01214457], [10.1774559, 57.00820768], [10.18080986, 57.00645602], [10.1953125, 56.99972093], [10.19817054, 56.99815023], [10.2189244, 56.99065542], [10.21952915, 56.99046147], [10.23545814, 56.98668897], [10.25583065, 56.98611903], [10.2732172, 56.99112844], [10.285622, 56.99299133], [10.29491985, 56.99354875], [10.30093658, 56.99357402], [10.3044219, 56.99209452], [10.30352187, 56.99061692], [10.30646658, 56.98995435], [10.30633855, 56.99173272], [10.30857921, 56.99133158], [10.30704284, 56.99009383], [10.30710685, 56.98998916], [10.30851507, 56.98969293], [10.30982745, 56.98941386], [10.30998755, 56.99105275], [10.31123567, 56.99011135], [10.3128041, 56.99161065], [10.31709194, 56.99183536], [10.33263755, 56.98885322], [10.34998107, 57.00739718], [10.36893344, 57.0384171], [10.37300861, 57.04989004], [10.37319183, 57.05016613], [10.37840235, 57.05515647], [10.38204014, 57.05619693], [10.37772965, 57.05838656], [10.37760341, 57.05901647], [10.37881684, 57.06390274], [10.38226867, 57.06964385], [10.38624775, 57.08354461], [10.40194797, 57.11461675], [10.40056801, 57.11606145], [10.40999615, 57.12762356], [10.41024137, 57.12890625], [10.40964222, 57.12890625], [10.4181354, 57.14285421], [10.41947424, 57.14407778], [10.41974771, 57.14423704], [10.42175472, 57.14438355], [10.42220962, 57.14424515], [10.42247307, 57.14343011], [10.42143643, 57.14191127], [10.41836107, 57.14066255], [10.41838181, 57.14051127], [10.42171085, 57.14003706], [10.42840374, 57.14356947], [10.42828608, 57.14503765], [10.42737007, 57.14571035], [10.42340326, 57.1461271], [10.42249584, 57.14793682], [10.42278445, 57.14877987], [10.431517, 57.15919805], [10.44392645, 57.17030787], [10.44599783, 57.17387462], [10.46140087, 57.18334174], [10.46931815, 57.19043195], [10.48409355, 57.20007682], [10.48514116, 57.20064914], [10.49264431, 57.20325995], [10.49986637, 57.20034516], [10.50498974, 57.20041263], [10.49748993, 57.20389247], [10.49747264, 57.20598185], [10.50303221, 57.20674884], [10.50811303, 57.20897651], [10.51426947, 57.20945895], [10.51481855, 57.20968676], [10.51848495, 57.21261215], [10.52798176, 57.21652913], [10.53073871, 57.21803391], [10.53613245, 57.22248185], [10.54448426, 57.22651374], [10.54547381, 57.22724354], [10.54641283, 57.22906911], [10.54661787, 57.23214281], [10.546875, 57.23214281], [10.546875, 57.24162936], [10.54879415, 57.25232387], [10.546875, 57.26478791], [10.546875, 57.26785708], [10.54630661, 57.27062476], [10.54371548, 57.27936947], [10.53536916, 57.29469836], [10.53299737, 57.3046875], [10.53293645, 57.3046875], [10.52833867, 57.31307185], [10.52988851, 57.31526828], [10.52783287, 57.31710565], [10.52662873, 57.32401502], [10.52660894, 57.32442582], [10.52835631, 57.32853186], [10.53494024, 57.33281136], [10.52679038, 57.33601975], [10.51809931, 57.35317564], [10.51687801, 57.3670485], [10.51498151, 57.36915863], [10.51461256, 57.38714862], [10.51471365, 57.38759112], [10.52348185, 57.40457284], [10.52419877, 57.41416454], [10.52790487, 57.41605043], [10.52901971, 57.41968453], [10.52609015, 57.42862165], [10.52811301, 57.43061185], [10.53597868, 57.42986357], [10.53725028, 57.42967296], [10.53432083, 57.43057418], [10.53522754, 57.43327785], [10.54157495, 57.43297756], [10.54534137, 57.43459225], [10.53889275, 57.43543983], [10.53871512, 57.43782163], [10.54203641, 57.43593872], [10.54436493, 57.43707061], [10.54200256, 57.43807912], [10.54219544, 57.43939865], [10.54938376, 57.43699551], [10.54694104, 57.43556845], [10.55154705, 57.43586886], [10.55245435, 57.43800926], [10.55077946, 57.43823457], [10.55287325, 57.43913591], [10.55168664, 57.43988693], [10.54945338, 57.4388355], [10.55043054, 57.44048774], [10.54575455, 57.44105101], [10.54554534, 57.44307876], [10.54728997, 57.44213986], [10.54777861, 57.44367945], [10.55538547, 57.43932354], [10.55873537, 57.44112611], [10.55559504, 57.44386733], [10.56075942, 57.44720936], [10.55650222, 57.44987535], [10.55224514, 57.45025086], [10.54742956, 57.45265424], [10.54338181, 57.45524526], [10.54149747, 57.45685995], [10.53948557, 57.46414661], [10.53646517, 57.46717405], [10.52649295, 57.47189975], [10.52514136, 57.47399676], [10.51331913, 57.48046875], [10.51364005, 57.48046875], [10.50594246, 57.48549485], [10.50471163, 57.48644245], [10.50266683, 57.48838401], [10.50837004, 57.49189031], [10.50592828, 57.49272418], [10.50634325, 57.49506426], [10.49926198, 57.49664485], [10.48908615, 57.50276625], [10.48771095, 57.50495064], [10.47692311, 57.51013136], [10.44571817, 57.53558147], [10.44366002, 57.53779745], [10.43690896, 57.54717004], [10.43114853, 57.55697], [10.42688334, 57.56736422], [10.4244554, 57.58249331], [10.42467165, 57.58351076], [10.42697096, 57.59122038], [10.42993045, 57.59228337], [10.42738235, 57.59398532], [10.42860043, 57.59825945], [10.43846405, 57.61531961], [10.43871701, 57.61565804], [10.45503616, 57.63346434], [10.46030235, 57.63830376], [10.48248243, 57.65625], [10.48218214, 57.65639675], [10.49911225, 57.67009485], [10.53190064, 57.69197798], [10.5462445, 57.70080161], [10.55988824, 57.70814526], [10.57692575, 57.71541405], [10.58235085, 57.71386921], [10.58877027, 57.71502793], [10.59247744, 57.71367598], [10.58949375, 57.71507621], [10.59157324, 57.71526933], [10.58940315, 57.7158004], [10.59003615, 57.71777976], [10.58325505, 57.71526933], [10.58117545, 57.7158004], [10.59374332, 57.72072494], [10.59464741, 57.7198559], [10.59130204, 57.71874535], [10.59211564, 57.71594524], [10.59500897, 57.71671772], [10.59446645, 57.71821427], [10.59609413, 57.71884203], [10.59799278, 57.71787643], [10.60070515, 57.71975935], [10.59817362, 57.72140086], [10.60052454, 57.72212505], [10.60450268, 57.7198559], [10.60631096, 57.7205801], [10.60459316, 57.72231805], [10.60884273, 57.72560108], [10.61110306, 57.72680807], [10.6300873, 57.73523296]], [[11.62466514, 57.73294115], [11.63893914, 57.73179805], [11.64174986, 57.73855615], [11.64375734, 57.73446095], [11.64136946, 57.73264396], [11.64959252, 57.72912824], [11.65342605, 57.72554517], [11.65479302, 57.72560132], [11.65864074, 57.72667837], [11.65908515, 57.72923243], [11.66244912, 57.73181605], [11.65695047, 57.73682356], [11.65625441, 57.74138665], [11.64973903, 57.74410856], [11.64227653, 57.74416375], [11.64168167, 57.74432015], [11.63980353, 57.74607325], [11.63934636, 57.74620175], [11.63402796, 57.74696052], [11.63291764, 57.74648166], [11.63154531, 57.74291575], [11.62791026, 57.74117374], [11.63702548, 57.73819697], [11.63499475, 57.73668325], [11.63688946, 57.73464704], [11.63037348, 57.73317421], [11.62991405, 57.73649538], [11.62599063, 57.73705995], [11.62466514, 57.73294115]], [[11.61928272, 57.73573983], [11.61251426, 57.73831606], [11.61109304, 57.73702562], [11.61252356, 57.73306358], [11.61770427, 57.73207653], [11.61792314, 57.73248863], [11.61928272, 57.73573983]], [[11.58481026, 57.73728788], [11.58388054, 57.73764825], [11.57992196, 57.73730552], [11.57931137, 57.73697102], [11.57920063, 57.73660946], [11.58167922, 57.73580885], [11.58364928, 57.73592937], [11.58481026, 57.73728788]], [[11.65313983, 57.74655044], [11.65458786, 57.74646282], [11.65729475, 57.74874103], [11.65532684, 57.75040615], [11.65674877, 57.7528764], [11.6549226, 57.75401795], [11.65543425, 57.75663114], [11.64683855, 57.75953686], [11.64658451, 57.75353611], [11.64756954, 57.75121057], [11.64916396, 57.74817705], [11.64968407, 57.74759924], [11.65313983, 57.74655044]], [[11.61422455, 57.75402784], [11.61760557, 57.75641978], [11.61706352, 57.76129794], [11.61685801, 57.76326334], [11.61557841, 57.76521444], [11.61386228, 57.76625335], [11.61280441, 57.76630688], [11.60491884, 57.76331151], [11.60430944, 57.76298571], [11.6015625, 57.76060271], [11.60114515, 57.76046312], [11.6015625, 57.76032364], [11.6015625, 57.75864947], [11.59904015, 57.75870216], [11.59900486, 57.7583009], [11.60130584, 57.75641441], [11.6015625, 57.75641727], [11.61195874, 57.75511062], [11.60679054, 57.75288117], [11.61205137, 57.75084472], [11.61641908, 57.75193608], [11.61422455, 57.75402784]], [[11.67723966, 57.76548314], [11.68079615, 57.76522672], [11.68285394, 57.76789045], [11.68049037, 57.77019906], [11.68227124, 57.77185404], [11.67790902, 57.77234483], [11.67342556, 57.77109325], [11.67324352, 57.77051795], [11.67373204, 57.76887465], [11.67601263, 57.76838565], [11.67723966, 57.76548314]], [[11.61120987, 57.76992166], [11.60940325, 57.77091742], [11.61109698, 57.77166367], [11.61507142, 57.77159357], [11.61747837, 57.77009606], [11.62016118, 57.7702651], [11.61878407, 57.77115607], [11.62501276, 57.77036083], [11.62559843, 57.77043164], [11.6280303, 57.77350211], [11.62784028, 57.77385187], [11.62441051, 57.77545536], [11.62100732, 57.78059113], [11.61582196, 57.78392541], [11.61310124, 57.78343153], [11.61190867, 57.78674901], [11.60945535, 57.78785932], [11.61062503, 57.78920424], [11.61034906, 57.78943431], [11.60793281, 57.79030383], [11.60342705, 57.7929455], [11.6015625, 57.79296875], [11.60021198, 57.79298961], [11.59696686, 57.79058504], [11.59965515, 57.78999746], [11.60096991, 57.78752244], [11.5978837, 57.78346694], [11.60039926, 57.77525008], [11.59925425, 57.77249098], [11.59946108, 57.77198946], [11.6015625, 57.77120531], [11.60616827, 57.76900363], [11.61120987, 57.76992166]], [[11.71643317, 57.79400945], [11.71994185, 57.79245865], [11.72034073, 57.79263532], [11.72292972, 57.79380345], [11.72253227, 57.79510582], [11.71643746, 57.79437017], [11.71643317, 57.79400945]], [[11.71071458, 57.79496014], [11.71088457, 57.79549694], [11.71506762, 57.79656315], [11.72440243, 57.79674852], [11.72487104, 57.79689515], [11.72526133, 57.79771614], [11.7197957, 57.80099726], [11.71457243, 57.80009675], [11.70985401, 57.79851663], [11.70924771, 57.79805863], [11.70702684, 57.79385924], [11.71046543, 57.79388237], [11.71071458, 57.79496014]], [[11.57378817, 57.79450405], [11.57701457, 57.79547417], [11.57683754, 57.79582167], [11.57273686, 57.7978549], [11.57134891, 57.79810095], [11.5692836, 57.79686606], [11.5695436, 57.79644346], [11.57378817, 57.79450405]], [[11.60580564, 57.79661083], [11.60826528, 57.79532886], [11.60852516, 57.79555631], [11.60827053, 57.79842293], [11.60578585, 57.79710102], [11.60580564, 57.79661083]], [[11.66018307, 57.79586756], [11.66064191, 57.79579866], [11.66235077, 57.79696083], [11.66120803, 57.79849625], [11.66749215, 57.79663575], [11.66780746, 57.79684925], [11.66690946, 57.79868484], [11.66409516, 57.80088294], [11.66307354, 57.80105197], [11.65655255, 57.79983675], [11.66018307, 57.79586756]], [[11.59213555, 57.80062151], [11.59263694, 57.80144274], [11.59152293, 57.80278504], [11.59044766, 57.8031677], [11.58797157, 57.80243075], [11.58677483, 57.80114734], [11.59137297, 57.80053675], [11.59213555, 57.80062151]], [[11.69822955, 57.80347645], [11.69948375, 57.80239236], [11.69627452, 57.80154765], [11.69522417, 57.80036533], [11.69534373, 57.79840124], [11.69884467, 57.79874265], [11.70360255, 57.79758358], [11.70400775, 57.79771531], [11.70650804, 57.80191696], [11.7105689, 57.80217898], [11.70644057, 57.80321884], [11.70459378, 57.80227387], [11.70442796, 57.80233812], [11.70241725, 57.80408621], [11.70089281, 57.80419421], [11.69822955, 57.80347645]], [[11.72510695, 57.80178392], [11.72636783, 57.80043781], [11.72695243, 57.80026937], [11.73350501, 57.79925406], [11.73378694, 57.79951978], [11.73347485, 57.80045617], [11.72510695, 57.80178392]], [[11.67272973, 57.80261624], [11.66665375, 57.80280602], [11.67120326, 57.80006766], [11.6724447, 57.80007887], [11.67323685, 57.80113542], [11.67272973, 57.80261624]], [[11.67652535, 57.80361235], [11.67668736, 57.80422497], [11.67644155, 57.80462205], [11.67358303, 57.80513954], [11.67393506, 57.80645287], [11.66939867, 57.80654716], [11.66942513, 57.80457365], [11.67047656, 57.80404675], [11.67588055, 57.80318081], [11.67652535, 57.80361235]], [[11.69028914, 57.80652833], [11.69726217, 57.80523884], [11.70178795, 57.80636215], [11.70348394, 57.80495191], [11.70521474, 57.80687344], [11.70676744, 57.80565095], [11.70927644, 57.8063364], [11.71200228, 57.80550253], [11.70950985, 57.80898094], [11.70461607, 57.81079435], [11.69925165, 57.81076407], [11.69424045, 57.80777836], [11.69346797, 57.80779123], [11.69161415, 57.81043375], [11.68735576, 57.81038368], [11.68691552, 57.81024635], [11.68632615, 57.80808926], [11.69028914, 57.80652833]], [[11.68128335, 57.80957127], [11.68195927, 57.81075942], [11.68288827, 57.81153917], [11.69133687, 57.81413865], [11.69238532, 57.81469917], [11.69462645, 57.81714261], [11.69406462, 57.81741548], [11.68932343, 57.81783533], [11.68316722, 57.81506801], [11.67724144, 57.81422186], [11.67642522, 57.81098688], [11.67672706, 57.81071794], [11.68089855, 57.80942714], [11.68128335, 57.80957127]], [[11.67340577, 57.81457961], [11.67072284, 57.81673384], [11.66663361, 57.81458116], [11.67044651, 57.81375515], [11.67340577, 57.81457961]], [[11.59776795, 57.81430554], [11.6001271, 57.81620514], [11.59476686, 57.81831324], [11.59297872, 57.81842661], [11.59206653, 57.8180443], [11.59241045, 57.81729174], [11.59504735, 57.81479156], [11.59709156, 57.81417954], [11.59776795, 57.81430554]], [[11.61799705, 57.81879592], [11.62068057, 57.81482661], [11.62386692, 57.81652605], [11.62425566, 57.81683552], [11.62277114, 57.81888294], [11.62282014, 57.81943333], [11.61827183, 57.81905305], [11.61799705, 57.81879592]], [[11.6776607, 57.81962144], [11.67759275, 57.81654358], [11.68128765, 57.81628275], [11.68186295, 57.81980514], [11.68234706, 57.82006657], [11.68791926, 57.82020283], [11.69198656, 57.82428706], [11.69788241, 57.82359147], [11.70026696, 57.82426906], [11.70058894, 57.82490468], [11.69985962, 57.82530713], [11.69505405, 57.82630384], [11.68556714, 57.82700515], [11.68387854, 57.82847142], [11.67790246, 57.82753873], [11.68108356, 57.82636464], [11.67588985, 57.82628751], [11.67412043, 57.82478487], [11.67367685, 57.82402074], [11.67682815, 57.82101464], [11.67970276, 57.82214761], [11.68056405, 57.82197773], [11.68076217, 57.82154965], [11.6776607, 57.81962144]], [[11.57920873, 57.82022417], [11.57992542, 57.82244492], [11.57716656, 57.8221333], [11.57527745, 57.82258105], [11.57451057, 57.82111943], [11.57474196, 57.82090235], [11.57920873, 57.82022417]], [[11.6573863, 57.82272601], [11.66014004, 57.82202291], [11.66239476, 57.82293868], [11.66399646, 57.82145703], [11.66459262, 57.82157826], [11.66640985, 57.82176316], [11.66671515, 57.8221879], [11.66658998, 57.82561624], [11.65996516, 57.82583773], [11.65807593, 57.82650924], [11.65709841, 57.82554698], [11.6573863, 57.82272601]], [[11.69783962, 57.81453383], [11.69923365, 57.81310284], [11.70254576, 57.81322646], [11.70430374, 57.81381083], [11.70427835, 57.81398201], [11.70104754, 57.81651628], [11.69791436, 57.81497312], [11.69783962, 57.81453383]], [[11.70570075, 57.81338084], [11.70885277, 57.81223333], [11.71312881, 57.81347895], [11.70692611, 57.81448972], [11.70565033, 57.81412375], [11.70570075, 57.81338084]], [[11.71317482, 57.81224823], [11.71894264, 57.80889404], [11.72068512, 57.80874765], [11.72488785, 57.80933595], [11.72524381, 57.81112885], [11.72062135, 57.81292248], [11.71917367, 57.81318045], [11.71701884, 57.81338835], [11.71325135, 57.81271565], [11.71317482, 57.81224823]], [[11.7143563, 57.80966604], [11.7135359, 57.80974555], [11.71308994, 57.80954266], [11.71753705, 57.80526447], [11.71922481, 57.80681396], [11.7143563, 57.80966604]], [[11.70875907, 57.78825665], [11.70936131, 57.78780091], [11.71085191, 57.78797185], [11.71361101, 57.79076338], [11.71131301, 57.79213905], [11.70865238, 57.79006314], [11.70860076, 57.78979075], [11.70875907, 57.78825665]], [[11.63648307, 57.78684986], [11.63398004, 57.78805614], [11.63086247, 57.78720355], [11.62885737, 57.78591526], [11.62875843, 57.78532612], [11.63122225, 57.78344214], [11.62956083, 57.78374636], [11.62863612, 57.78255916], [11.63027585, 57.78027534], [11.63332581, 57.78054261], [11.63674962, 57.7787497], [11.63763738, 57.78338552], [11.63396561, 57.78410506], [11.63345945, 57.78507566], [11.63369572, 57.78587997], [11.63626897, 57.78641295], [11.63648307, 57.78684986]], [[11.72454047, 57.77908754], [11.72630227, 57.77887321], [11.72982776, 57.78022981], [11.72557306, 57.78100741], [11.72340345, 57.78057051], [11.72234487, 57.78000402], [11.72222781, 57.77976048], [11.72454047, 57.77908754]], [[11.64983344, 57.77885747], [11.64878225, 57.77907145], [11.64772677, 57.77804601], [11.64782655, 57.77777624], [11.65049315, 57.77546096], [11.65116632, 57.77501881], [11.65599775, 57.77433395], [11.65685546, 57.77766132], [11.65652072, 57.77790892], [11.65176153, 57.7783854], [11.64983344, 57.77885747]], [[11.62879634, 57.75853562], [11.62903452, 57.75840688], [11.63386846, 57.75928605], [11.63439667, 57.75971961], [11.63416421, 57.76081395], [11.63364184, 57.76102281], [11.62846065, 57.75985622], [11.62769473, 57.75990224], [11.62624025, 57.76218986], [11.62593043, 57.76230466], [11.62393785, 57.76150823], [11.62336564, 57.76449955], [11.62066877, 57.76267612], [11.62067425, 57.76121223], [11.62148726, 57.76055014], [11.62879634, 57.75853562]], [[11.69265163, 57.75973725], [11.69678986, 57.75458646], [11.69955647, 57.75432444], [11.70103073, 57.75650096], [11.69851625, 57.76017964], [11.69265163, 57.75973725]], [[11.77510095, 57.75854528], [11.77523541, 57.75449717], [11.7828902, 57.75452006], [11.78826022, 57.75912905], [11.78020871, 57.75965285], [11.77669251, 57.76008415], [11.77583837, 57.75987828], [11.77510095, 57.75854528]], [[11.78583241, 57.75459254], [11.78571391, 57.75323606], [11.78593945, 57.75304365], [11.79064465, 57.75306904], [11.79298735, 57.75432777], [11.78697038, 57.75646687], [11.78583241, 57.75459254]], [[11.75902033, 57.75289488], [11.75882745, 57.75309312], [11.75308895, 57.75306904], [11.74974763, 57.75018251], [11.74994862, 57.74945402], [11.75070763, 57.74895132], [11.75574982, 57.74852335], [11.75978971, 57.75124896], [11.75902033, 57.75289488]], [[11.68961, 57.74902153], [11.6911695, 57.75183475], [11.69246936, 57.75249124], [11.69278431, 57.75237477], [11.69398856, 57.74954307], [11.69927466, 57.74921036], [11.70034575, 57.74944556], [11.70105958, 57.75034964], [11.70107782, 57.75363994], [11.70073044, 57.75390434], [11.69825316, 57.75283575], [11.69306564, 57.75407755], [11.69253886, 57.75406861], [11.69029415, 57.75325704], [11.68810296, 57.75769114], [11.68524742, 57.75867474], [11.67940831, 57.7559551], [11.67276001, 57.75548792], [11.6738193, 57.75354815], [11.67101955, 57.75198305], [11.674793, 57.74199796], [11.67104447, 57.74257076], [11.66706955, 57.7412225], [11.66789031, 57.73522365], [11.67232263, 57.73195481], [11.67054641, 57.72946727], [11.67289412, 57.72304952], [11.68223083, 57.71876836], [11.68194962, 57.71499598], [11.68792355, 57.70969272], [11.69229424, 57.71289206], [11.69008195, 57.71382034], [11.69050896, 57.72081327], [11.68748367, 57.72597218], [11.69150007, 57.72807658], [11.69032145, 57.72979796], [11.69307745, 57.73111105], [11.69320202, 57.73407316], [11.70150185, 57.73719895], [11.70262063, 57.74011874], [11.70086145, 57.74271631], [11.69838464, 57.74335158], [11.69407797, 57.74129462], [11.69120955, 57.74185288], [11.69057643, 57.74233353], [11.69031322, 57.74309361], [11.69245863, 57.74511993], [11.69243491, 57.74547517], [11.68961, 57.74902153]], [[11.67828095, 57.71313632], [11.67761636, 57.71321201], [11.67661417, 57.71265817], [11.67788136, 57.70689964], [11.68502843, 57.70426631], [11.6854403, 57.70439947], [11.68645167, 57.70600247], [11.68358731, 57.71060765], [11.67828095, 57.71313632]], [[11.65826786, 57.71293366], [11.6592046, 57.71441662], [11.65829515, 57.71614075], [11.65567791, 57.72300375], [11.65472317, 57.72381485], [11.65305054, 57.72447872], [11.6410681, 57.72718406], [11.62858713, 57.72738588], [11.63015437, 57.72628725], [11.62931681, 57.72438967], [11.631953, 57.72390175], [11.6313827, 57.72060633], [11.63373578, 57.71982014], [11.62723756, 57.71925902], [11.62725174, 57.71741247], [11.62356675, 57.71654725], [11.62906945, 57.71582055], [11.63144994, 57.71331644], [11.63147974, 57.70933723], [11.63405406, 57.70781445], [11.63166344, 57.70591724], [11.63303137, 57.7043395], [11.63830686, 57.70351005], [11.64259911, 57.7010957], [11.64618206, 57.70093215], [11.64846611, 57.70127785], [11.65144205, 57.70430016], [11.65303957, 57.70325482], [11.65062404, 57.70227814], [11.65707421, 57.70064116], [11.65490782, 57.70331991], [11.65966547, 57.70368433], [11.66070175, 57.70524693], [11.66660404, 57.70751858], [11.66620922, 57.70931554], [11.66033041, 57.71106935], [11.65826786, 57.71293366]], [[11.70430005, 57.70069516], [11.70429838, 57.70051694], [11.70050085, 57.69921863], [11.69858253, 57.69674206], [11.69855523, 57.69539797], [11.70153272, 57.69285417], [11.70407808, 57.69322157], [11.70420837, 57.6940459], [11.70459676, 57.69550002], [11.70729017, 57.69604504], [11.71005714, 57.6986978], [11.70192218, 57.70232403], [11.70430005, 57.70069516]], [[11.73048258, 57.69298184], [11.73449993, 57.69283795], [11.73512578, 57.68935776], [11.73788667, 57.68868482], [11.73905993, 57.6886785], [11.74135351, 57.68925774], [11.74277306, 57.69171405], [11.74701345, 57.6923691], [11.74411142, 57.69309807], [11.73864365, 57.69517708], [11.73378956, 57.6953125], [11.73089182, 57.69341862], [11.73048258, 57.69298184]], [[11.68567276, 57.692644], [11.68526995, 57.69314325], [11.68569422, 57.69595742], [11.68751836, 57.69710553], [11.68130195, 57.69925082], [11.67614245, 57.69700944], [11.67533541, 57.69484293], [11.68169105, 57.68974352], [11.68925715, 57.68816936], [11.68986654, 57.69100213], [11.68567276, 57.692644]], [[11.66921926, 57.69919181], [11.66874444, 57.69968712], [11.66531074, 57.7005316], [11.65960383, 57.70002127], [11.65861177, 57.69986451], [11.65673792, 57.69813371], [11.64736807, 57.69956505], [11.6462841, 57.69944763], [11.64301884, 57.69667256], [11.64088821, 57.70029902], [11.64045763, 57.70045698], [11.63778186, 57.70018518], [11.63520265, 57.7020936], [11.63423586, 57.70225942], [11.62406123, 57.70310855], [11.62443864, 57.70585465], [11.62297344, 57.7062782], [11.61647165, 57.70469785], [11.61699581, 57.70353425], [11.60946834, 57.70069182], [11.60568786, 57.69388843], [11.60769224, 57.69340527], [11.61274314, 57.69561887], [11.61587644, 57.69482791], [11.61672854, 57.69215405], [11.60922396, 57.69163465], [11.61476934, 57.68951082], [11.61970544, 57.69080555], [11.62080336, 57.69391751], [11.6254487, 57.69486845], [11.62916994, 57.69447005], [11.63013411, 57.69413626], [11.63480938, 57.69021094], [11.63469541, 57.68961894], [11.63422585, 57.68917656], [11.62809718, 57.68825245], [11.63449121, 57.68478191], [11.63501453, 57.68154585], [11.63525856, 57.68141651], [11.6420927, 57.67870545], [11.64745092, 57.68082964], [11.64432025, 57.68214941], [11.64955795, 57.68340456], [11.6511234, 57.68288958], [11.64859486, 57.68147337], [11.65184593, 57.68053997], [11.65286934, 57.68050778], [11.65459394, 57.68063056], [11.65648592, 57.68277657], [11.65966737, 57.68117595], [11.66386461, 57.68106377], [11.66439342, 57.67704475], [11.66847396, 57.67935205], [11.67303956, 57.68016458], [11.67556226, 57.68201506], [11.67445195, 57.68564367], [11.66962016, 57.68414605], [11.66653132, 57.68682361], [11.6703701, 57.69058704], [11.66474926, 57.69668877], [11.66840196, 57.69803917], [11.66921926, 57.69919181]], [[11.72551274, 57.68105066], [11.72656655, 57.68071556], [11.72892034, 57.68088186], [11.72976685, 57.68110764], [11.73350954, 57.68388486], [11.73071325, 57.68420947], [11.72561955, 57.68292701], [11.72482753, 57.68248272], [11.72464931, 57.68194544], [11.72551274, 57.68105066]], [[11.79517686, 57.68262446], [11.79736936, 57.68260038], [11.79819643, 57.6830157], [11.79930103, 57.68708503], [11.79147005, 57.69007635], [11.7885195, 57.68787575], [11.79369235, 57.68608451], [11.79404044, 57.68585253], [11.79433382, 57.68314946], [11.79517686, 57.68262446]], [[11.81266093, 57.68289566], [11.81263626, 57.68258405], [11.81451845, 57.68171155], [11.81953824, 57.68216956], [11.81990516, 57.68287873], [11.81960225, 57.68340886], [11.81579995, 57.68419862], [11.81266093, 57.68289566]], [[11.60744512, 57.68938875], [11.60619152, 57.69095278], [11.60434425, 57.69097996], [11.60395145, 57.69077551], [11.60421181, 57.68876445], [11.60774004, 57.68837261], [11.60814178, 57.68849206], [11.60744512, 57.68938875]], [[11.67078495, 57.71533847], [11.67162657, 57.71436298], [11.67291725, 57.71463466], [11.67474556, 57.71601915], [11.67498624, 57.71670604], [11.67389846, 57.71705675], [11.67149246, 57.71718848], [11.67035246, 57.71683431], [11.67078495, 57.71533847]], [[11.70722425, 57.75429094], [11.70734155, 57.75329864], [11.70815396, 57.75294066], [11.70986223, 57.75316513], [11.70981765, 57.75685656], [11.70946562, 57.75710666], [11.70669246, 57.75729394], [11.70487881, 57.75651646], [11.70710075, 57.75542784], [11.70722425, 57.75429094]], [[11.76528156, 57.75705707], [11.76731455, 57.75629425], [11.76999414, 57.75642562], [11.77319396, 57.75789201], [11.77276814, 57.75825143], [11.77169335, 57.75846386], [11.76547122, 57.75722885], [11.76528156, 57.75705707]], [[11.62464595, 57.75562191], [11.62874567, 57.75473642], [11.62899816, 57.75491035], [11.62809575, 57.75741458], [11.62684905, 57.75777423], [11.62342167, 57.75768244], [11.62405586, 57.75599933], [11.62464595, 57.75562191]], [[11.62981367, 57.73137045], [11.62900054, 57.73176158], [11.62516332, 57.73001981], [11.62923741, 57.72908294], [11.63040435, 57.73069715], [11.62981367, 57.73137045]], [[11.82516384, 57.67527688], [11.82879651, 57.67513573], [11.82878637, 57.67551064], [11.82774341, 57.67628515], [11.82233024, 57.67692482], [11.82111227, 57.67619622], [11.82516384, 57.67527688]], [[11.66565514, 57.67517471], [11.66341245, 57.67526627], [11.65802145, 57.67437577], [11.6530683, 57.67199385], [11.65184331, 57.67193782], [11.64635301, 57.67383802], [11.64676011, 57.67027652], [11.65027213, 57.66753387], [11.65019858, 57.66587722], [11.65399075, 57.66632688], [11.65606356, 57.66518724], [11.65714264, 57.66556537], [11.66031516, 57.66723382], [11.66225445, 57.66951585], [11.66245604, 57.66992795], [11.66107965, 57.67197013], [11.66654992, 57.67113936], [11.66562748, 57.67467105], [11.66821313, 57.6719712], [11.67009151, 57.67245531], [11.67011225, 57.67347801], [11.66789877, 57.67475283], [11.66565514, 57.67517471]], [[11.82018864, 57.67392981], [11.81916141, 57.67336476], [11.82070565, 57.67147684], [11.82257175, 57.67137551], [11.82667613, 57.67188203], [11.82567477, 57.67379165], [11.82018864, 57.67392981]], [[11.67448354, 57.67337871], [11.67388225, 57.67376244], [11.66770136, 57.67081451], [11.66789901, 57.67063272], [11.67346024, 57.67047918], [11.67407286, 57.67072582], [11.67472625, 57.67152762], [11.67448354, 57.67337871]], [[11.6613847, 57.66536152], [11.66056442, 57.66327727], [11.66041708, 57.66085064], [11.66286182, 57.66049993], [11.66352296, 57.66062045], [11.66518962, 57.66107666], [11.66513991, 57.6639117], [11.66716838, 57.66525972], [11.66553044, 57.66814697], [11.66495836, 57.66831005], [11.6613847, 57.66536152]], [[11.79744995, 57.66348422], [11.79411232, 57.66079557], [11.79531753, 57.65846145], [11.79455161, 57.6582309], [11.78495646, 57.65964913], [11.78645611, 57.65638554], [11.78621101, 57.65625], [11.78591216, 57.65625], [11.78393555, 57.6549741], [11.78529406, 57.65370464], [11.78480876, 57.65349793], [11.77396834, 57.65625], [11.77127075, 57.6564244], [11.77137184, 57.65625], [11.77163625, 57.65557706], [11.76746547, 57.65494585], [11.76961458, 57.6531018], [11.76720703, 57.65005744], [11.76198387, 57.64873791], [11.76132095, 57.65119696], [11.76149523, 57.65153551], [11.76472414, 57.65242457], [11.76505995, 57.65466356], [11.76484537, 57.65507567], [11.76188421, 57.65434146], [11.75933874, 57.65544915], [11.75808954, 57.65539098], [11.75702035, 57.65468526], [11.75877357, 57.65215874], [11.75005412, 57.65013826], [11.74592614, 57.65127683], [11.74081326, 57.64563382], [11.73115337, 57.64949775], [11.72672081, 57.64882207], [11.72641516, 57.64780664], [11.73164582, 57.64313614], [11.73742831, 57.64306855], [11.74441814, 57.63981295], [11.75459051, 57.63884413], [11.75404286, 57.63620555], [11.7571187, 57.63766396], [11.7534703, 57.64222121], [11.75569785, 57.64248467], [11.75885665, 57.63930213], [11.76337636, 57.64102566], [11.76615226, 57.63507485], [11.77255225, 57.63258076], [11.77541447, 57.63463211], [11.7812376, 57.63058186], [11.78977776, 57.64056301], [11.78553867, 57.64654577], [11.78610063, 57.64947677], [11.78844655, 57.64916301], [11.78996694, 57.65203238], [11.79134226, 57.65105546], [11.78924906, 57.64745724], [11.79622495, 57.64406598], [11.79910886, 57.64010131], [11.8000375, 57.63966501], [11.80145526, 57.63962936], [11.80540335, 57.64037716], [11.80941796, 57.64547741], [11.80768895, 57.65170205], [11.79636371, 57.65266275], [11.79866636, 57.65368497], [11.80081975, 57.65322495], [11.80369997, 57.65526843], [11.80460656, 57.65625], [11.80446732, 57.65625], [11.80483961, 57.65750825], [11.80251443, 57.65821743], [11.80414104, 57.66055453], [11.80386341, 57.66087174], [11.80074561, 57.66361976], [11.80017924, 57.6637578], [11.79744995, 57.66348422]], [[11.79659581, 57.64019322], [11.79558241, 57.64039326], [11.79425311, 57.63975024], [11.79379451, 57.63820541], [11.79380095, 57.63715315], [11.79558122, 57.63519645], [11.79750252, 57.63481331], [11.80078304, 57.6354084], [11.80142605, 57.63566566], [11.80035973, 57.63655305], [11.79813576, 57.63719678], [11.79877162, 57.63911176], [11.79838264, 57.63959801], [11.79659581, 57.64019322]], [[11.80510271, 57.63584697], [11.80516303, 57.63480067], [11.80391347, 57.63413346], [11.79763043, 57.63323712], [11.79700804, 57.63294554], [11.79634726, 57.63198936], [11.79496205, 57.62791801], [11.79715955, 57.62552643], [11.79789293, 57.62519014], [11.80697918, 57.62423897], [11.80921376, 57.62472022], [11.81154895, 57.62682867], [11.81176484, 57.62734795], [11.81042576, 57.62924755], [11.81331074, 57.63165808], [11.81197131, 57.63340545], [11.80450714, 57.63875961], [11.80322492, 57.63768005], [11.80510271, 57.63584697]], [[11.86366236, 57.63211262], [11.86168754, 57.62960994], [11.86153007, 57.62954271], [11.85821128, 57.63037884], [11.85712028, 57.62843144], [11.85667205, 57.62521124], [11.85833943, 57.62282348], [11.85913444, 57.62259114], [11.86164856, 57.62345815], [11.86219788, 57.62904942], [11.86691856, 57.62666762], [11.87137771, 57.62658298], [11.86934865, 57.62980092], [11.86871445, 57.63297534], [11.86841345, 57.63321078], [11.86649466, 57.63340986], [11.86366236, 57.63211262]], [[11.85495245, 57.62290847], [11.85299015, 57.62326181], [11.85117185, 57.62280273], [11.85039115, 57.62372184], [11.85033953, 57.62396896], [11.85397375, 57.62599885], [11.85311234, 57.63003004], [11.85299337, 57.63110065], [11.85233355, 57.63125718], [11.84909964, 57.62980175], [11.84459245, 57.63030326], [11.84098828, 57.62621105], [11.84610295, 57.62599516], [11.84632218, 57.62577808], [11.84458065, 57.6216284], [11.84915221, 57.620525], [11.85104775, 57.61713862], [11.85309112, 57.61778021], [11.85193884, 57.61889374], [11.85406518, 57.61927807], [11.85491443, 57.61738157], [11.8521111, 57.61584783], [11.85802555, 57.61582851], [11.85881185, 57.61880863], [11.85454083, 57.61962128], [11.85513222, 57.62268114], [11.85495245, 57.62290847]], [[11.79884982, 57.61594915], [11.80578661, 57.6217972], [11.80539358, 57.62256563], [11.80286062, 57.62410033], [11.80158305, 57.62437642], [11.79695785, 57.62475073], [11.79638934, 57.62460661], [11.7945106, 57.62267828], [11.79165924, 57.62258947], [11.79039848, 57.62152183], [11.79021537, 57.62126815], [11.79445195, 57.62043405], [11.79758644, 57.61823213], [11.79540157, 57.61771774], [11.77964926, 57.61990631], [11.77587855, 57.6195271], [11.76940715, 57.62129593], [11.76785386, 57.62117577], [11.76660538, 57.62082303], [11.76416671, 57.61848044], [11.76020956, 57.61863208], [11.75962198, 57.61578953], [11.75219667, 57.61289644], [11.75945854, 57.61192966], [11.76312411, 57.61291742], [11.76953566, 57.61243415], [11.77237356, 57.61109304], [11.77271092, 57.60969555], [11.77226603, 57.60921526], [11.76821876, 57.6074506], [11.76922667, 57.60889554], [11.76818287, 57.60970521], [11.76721942, 57.61025631], [11.76479864, 57.60999334], [11.76399088, 57.60973191], [11.76318097, 57.60905731], [11.76589596, 57.60671365], [11.76603258, 57.60638905], [11.76477134, 57.605425], [11.76288021, 57.60476541], [11.76206601, 57.60482466], [11.75735402, 57.60798001], [11.75663698, 57.60784304], [11.75508165, 57.60562015], [11.75173712, 57.60446608], [11.75181294, 57.60386872], [11.7522881, 57.60339916], [11.75648665, 57.6013962], [11.75802481, 57.60134387], [11.76689351, 57.60297227], [11.76706851, 57.60060501], [11.76417685, 57.60066104], [11.76646376, 57.59858286], [11.77100325, 57.60145128], [11.77581346, 57.60208726], [11.77729082, 57.60114396], [11.77322972, 57.59829211], [11.78165495, 57.59677803], [11.78332233, 57.59781516], [11.78129756, 57.59886265], [11.78376317, 57.59923005], [11.79040623, 57.6042819], [11.78996575, 57.60705185], [11.79503882, 57.60655475], [11.79779565, 57.60245132], [11.79218018, 57.6032536], [11.79382825, 57.60166526], [11.78853822, 57.59604025], [11.78900957, 57.59575236], [11.79834664, 57.59431291], [11.80275536, 57.59226906], [11.80338597, 57.59216321], [11.81089997, 57.59162581], [11.81699932, 57.59331524], [11.81797647, 57.59514344], [11.81782424, 57.59556103], [11.80941331, 57.60008216], [11.80934715, 57.60031414], [11.81006086, 57.60133231], [11.81335056, 57.60047317], [11.80981851, 57.60290384], [11.81235445, 57.60319257], [11.81152427, 57.60552514], [11.81813026, 57.60550141], [11.81882048, 57.60631084], [11.82006276, 57.60980988], [11.8198719, 57.61029565], [11.81866825, 57.61157608], [11.81632614, 57.61257124], [11.81230021, 57.61023676], [11.8076117, 57.61159134], [11.80545938, 57.60919285], [11.79894936, 57.60669661], [11.79702961, 57.60675526], [11.79484355, 57.60846186], [11.79498625, 57.60879171], [11.79887211, 57.60871756], [11.79866922, 57.61100543], [11.80202544, 57.61329472], [11.79976285, 57.61374795], [11.79665875, 57.61248517], [11.79801714, 57.61384606], [11.79477406, 57.61636567], [11.79841316, 57.61582565], [11.79884982, 57.61594915]], [[11.86694443, 57.61329186], [11.86659157, 57.61146295], [11.86762178, 57.61092484], [11.86970305, 57.61089444], [11.87307847, 57.61192095], [11.86683345, 57.61366212], [11.86694443, 57.61329186]], [[11.84163284, 57.60818803], [11.84258795, 57.60638964], [11.8444519, 57.60658288], [11.84586155, 57.60818934], [11.84345341, 57.60996962], [11.84163284, 57.60818803]], [[11.87577593, 57.60643971], [11.87554896, 57.60613406], [11.87591314, 57.6044929], [11.87987113, 57.60362971], [11.88333595, 57.60641432], [11.88332736, 57.60705996], [11.88187921, 57.60783195], [11.88127196, 57.60667765], [11.87577593, 57.60643971]], [[11.88275325, 57.60145915], [11.88674843, 57.60056233], [11.88864815, 57.60084558], [11.88732624, 57.60263085], [11.88190424, 57.60240114], [11.88275325, 57.60145915]], [[11.78871107, 57.59194267], [11.78553581, 57.59222543], [11.78513634, 57.59202397], [11.78586841, 57.58989871], [11.78740251, 57.58924735], [11.78860652, 57.58926415], [11.79038835, 57.59025037], [11.79026937, 57.59092307], [11.78871107, 57.59194267]], [[11.78072655, 57.59058332], [11.78208375, 57.59237993], [11.78161716, 57.59279072], [11.77992666, 57.59322715], [11.77076364, 57.59190631], [11.77063596, 57.5888015], [11.78072655, 57.59058332]], [[11.74906635, 57.59018493], [11.74702835, 57.59145796], [11.75076377, 57.59118855], [11.7531656, 57.59235632], [11.75276065, 57.59285677], [11.74789071, 57.59253883], [11.74230111, 57.59082973], [11.74747252, 57.58883047], [11.74863362, 57.58886671], [11.74906635, 57.59018493]], [[11.75888205, 57.59122252], [11.76273453, 57.59083581], [11.76732254, 57.59154022], [11.76771605, 57.59181881], [11.76808083, 57.5947417], [11.76332283, 57.59458697], [11.76155484, 57.59360504], [11.75888205, 57.59122252]], [[11.75888515, 57.59420645], [11.76400161, 57.59587157], [11.76533306, 57.59755206], [11.76382995, 57.59842455], [11.7622652, 57.59941435], [11.75273705, 57.60162103], [11.7465862, 57.59859753], [11.75082326, 57.59752905], [11.75655985, 57.59771836], [11.74660695, 57.59562731], [11.75065196, 57.59332216], [11.75796151, 57.59307468], [11.75888515, 57.59420645]], [[11.75480843, 57.60794413], [11.75565386, 57.60861504], [11.75179684, 57.60928166], [11.75146866, 57.60941911], [11.75187755, 57.61045873], [11.74873745, 57.61137915], [11.74618375, 57.61042535], [11.74592328, 57.60993767], [11.74690747, 57.60869956], [11.75048804, 57.60938025], [11.74965, 57.60726094], [11.75120521, 57.60643876], [11.75267935, 57.60637355], [11.75480843, 57.60794413]], [[11.74071944, 57.61590087], [11.74186254, 57.61834538], [11.74404931, 57.61726105], [11.74945736, 57.61794674], [11.75206923, 57.61621201], [11.76334417, 57.62147915], [11.75899863, 57.62307978], [11.75031531, 57.62331176], [11.74751842, 57.62064207], [11.74719095, 57.62095571], [11.74675083, 57.62378311], [11.74547827, 57.62404704], [11.74318123, 57.62422526], [11.73813701, 57.62205172], [11.73777187, 57.61786008], [11.74004412, 57.61581504], [11.74071944, 57.61590087]], [[11.72637033, 57.62416637], [11.73001885, 57.62559855], [11.72935986, 57.62691355], [11.72474325, 57.62599981], [11.72438455, 57.62454927], [11.72637033, 57.62416637]], [[11.63470352, 57.62676716], [11.64209402, 57.62919343], [11.64200282, 57.62949586], [11.63732016, 57.62948155], [11.63465667, 57.63006425], [11.63012695, 57.6272372], [11.63035917, 57.62696362], [11.63470352, 57.62676716]], [[11.61561763, 57.62985325], [11.61514175, 57.63039732], [11.6110574, 57.63136125], [11.61088896, 57.63157415], [11.61351514, 57.63303661], [11.61379957, 57.63348305], [11.61271012, 57.63412571], [11.61088395, 57.63507855], [11.60624194, 57.63619661], [11.6015625, 57.63616073], [11.60070086, 57.63607931], [11.59482384, 57.634552], [11.59992695, 57.63379288], [11.59572077, 57.63295865], [11.59512055, 57.63170326], [11.59578645, 57.63109052], [11.59720314, 57.63054073], [11.6015625, 57.63058031], [11.6040647, 57.63050544], [11.60702026, 57.62891746], [11.61388826, 57.62897098], [11.61561763, 57.62985325]], [[11.66652513, 57.63651431], [11.67010975, 57.63564384], [11.67218065, 57.63639533], [11.67524981, 57.63567686], [11.67604315, 57.63579345], [11.68399274, 57.63803017], [11.68392193, 57.63825226], [11.67620611, 57.6396538], [11.67599106, 57.63829565], [11.67353034, 57.6379528], [11.67157817, 57.63991427], [11.66648865, 57.63692462], [11.66652513, 57.63651431]], [[11.72955716, 57.63970792], [11.7285099, 57.63901556], [11.73358083, 57.63763511], [11.73798418, 57.63852584], [11.74367785, 57.63535261], [11.74506736, 57.635625], [11.74589276, 57.63630664], [11.74574816, 57.63876832], [11.74489963, 57.63913608], [11.73682356, 57.64171445], [11.73528755, 57.64212167], [11.72874284, 57.64306712], [11.72647333, 57.64316547], [11.72463524, 57.64243865], [11.72680235, 57.64114594], [11.73169255, 57.64146495], [11.73187721, 57.64127731], [11.72955716, 57.63970792]], [[11.62134755, 57.64122021], [11.62389231, 57.64242935], [11.62400556, 57.64336073], [11.61664486, 57.64643562], [11.60941005, 57.64793515], [11.60779405, 57.64718175], [11.60753286, 57.64357901], [11.61168063, 57.64295197], [11.61270857, 57.6417042], [11.62134755, 57.64122021]], [[11.63693583, 57.64192855], [11.63700175, 57.64171207], [11.64247477, 57.64175451], [11.64459133, 57.64421761], [11.63922346, 57.64443767], [11.63855863, 57.64454114], [11.63693583, 57.64192855]], [[11.74736846, 57.63555241], [11.75395525, 57.63313794], [11.75206852, 57.63569605], [11.74736846, 57.63555241]], [[11.73770571, 57.63499594], [11.73573732, 57.63556397], [11.73421907, 57.63372445], [11.73409522, 57.63394833], [11.73251951, 57.63693547], [11.72732043, 57.63758361], [11.72637868, 57.63580191], [11.73085391, 57.63474071], [11.72958446, 57.63282144], [11.73413456, 57.63239586], [11.73775137, 57.633816], [11.73770571, 57.63499594]], [[11.72460592, 57.63626575], [11.7238965, 57.63640726], [11.71919131, 57.63515711], [11.71920586, 57.63470733], [11.72333765, 57.63426352], [11.72460592, 57.63626575]], [[11.74578667, 57.63203931], [11.74322367, 57.62997246], [11.74102032, 57.62791181], [11.74081385, 57.62756395], [11.74450314, 57.6245718], [11.75387681, 57.62630951], [11.75677514, 57.62396264], [11.75821304, 57.62370741], [11.76400435, 57.62434816], [11.76458955, 57.62484157], [11.76316214, 57.62690043], [11.75548005, 57.62991464], [11.74917996, 57.63053608], [11.74578667, 57.63203931]], [[11.76696205, 57.62899292], [11.76970375, 57.62877071], [11.77003086, 57.62901223], [11.7702291, 57.63103712], [11.76959932, 57.63132405], [11.76475358, 57.63203073], [11.76404703, 57.63183558], [11.76500285, 57.63072801], [11.76696205, 57.62899292]], [[11.76789367, 57.62588203], [11.76864254, 57.62559605], [11.77069354, 57.62571895], [11.77237773, 57.62658632], [11.77249157, 57.62774634], [11.76827145, 57.6270647], [11.76798165, 57.62678587], [11.76789367, 57.62588203]], [[11.77460766, 57.62585735], [11.77422607, 57.62484312], [11.77157974, 57.62519145], [11.77177501, 57.62480152], [11.77817786, 57.62252462], [11.78324926, 57.62293828], [11.78717542, 57.62516022], [11.78719223, 57.6254003], [11.78336954, 57.62514985], [11.78359091, 57.62684345], [11.78106117, 57.62754393], [11.77526855, 57.62630606], [11.77460766, 57.62585735]], [[11.81636763, 57.61802316], [11.81852305, 57.61786425], [11.81887674, 57.61813152], [11.8196218, 57.62130046], [11.81790781, 57.62198818], [11.81741345, 57.62562871], [11.81526172, 57.62641656], [11.81355154, 57.62237704], [11.81531096, 57.61853302], [11.81636763, 57.61802316]], [[11.82278991, 57.62034071], [11.8291018, 57.61871243], [11.83004785, 57.61874235], [11.83620584, 57.62322557], [11.82515514, 57.62729144], [11.82283962, 57.62569606], [11.82278991, 57.62034071]], [[11.83048105, 57.63012266], [11.83021331, 57.63072145], [11.82828283, 57.63177395], [11.82674837, 57.63201475], [11.82589781, 57.63155675], [11.82587028, 57.6287384], [11.82740867, 57.62815225], [11.830006, 57.62806368], [11.83048105, 57.63012266]], [[11.73944223, 57.64707565], [11.74043465, 57.64703095], [11.74206674, 57.64791763], [11.74205911, 57.64834762], [11.73981071, 57.64984202], [11.73355806, 57.64984226], [11.7335155, 57.64971805], [11.73944223, 57.64707565]], [[11.62894225, 57.65504742], [11.62698865, 57.65538025], [11.62389505, 57.65523112], [11.62372434, 57.65405631], [11.62418366, 57.65350473], [11.62770236, 57.65268075], [11.62800193, 57.65276921], [11.62912714, 57.65453982], [11.62894225, 57.65504742]], [[11.61564577, 57.65625], [11.61300874, 57.65820825], [11.60889184, 57.65737057], [11.61042964, 57.65625], [11.61135387, 57.65570951], [11.61247456, 57.65553868], [11.61558342, 57.65625], [11.61564577, 57.65625]], [[11.65291035, 57.65762901], [11.65735698, 57.65755737], [11.65901661, 57.65821254], [11.65790927, 57.65940881], [11.65653312, 57.65988767], [11.65189743, 57.65987706], [11.65158761, 57.65952563], [11.652233, 57.65777028], [11.65291035, 57.65762901]], [[11.62352252, 57.65838671], [11.62528181, 57.65869308], [11.62821484, 57.66012025], [11.63342345, 57.65851045], [11.63383806, 57.65864146], [11.63442373, 57.6619699], [11.62331343, 57.66318822], [11.61819911, 57.66181004], [11.61776876, 57.66153133], [11.61955261, 57.66049993], [11.62553751, 57.66129303], [11.62084937, 57.65997195], [11.61966133, 57.65886974], [11.62045264, 57.65850246], [11.62352252, 57.65838671]], [[11.63785052, 57.6638962], [11.64401615, 57.66224647], [11.6463623, 57.66225171], [11.64685547, 57.6628139], [11.64487016, 57.66406965], [11.64640164, 57.66506684], [11.64535928, 57.66613615], [11.63757706, 57.66505134], [11.63714707, 57.66470516], [11.63785052, 57.6638962]], [[11.63992226, 57.65960252], [11.64373386, 57.65909576], [11.64475024, 57.65927303], [11.64526784, 57.66031063], [11.64256072, 57.66198981], [11.63912344, 57.66137004], [11.63885915, 57.66086388], [11.63992226, 57.65960252]], [[11.64658344, 57.65952861], [11.6495471, 57.65946615], [11.650864, 57.65999746], [11.65115285, 57.66072857], [11.65050793, 57.66119516], [11.64917135, 57.66141057], [11.6463654, 57.65985441], [11.64658344, 57.65952861]], [[11.72025132, 57.66096628], [11.71777511, 57.65962601], [11.71752965, 57.65919721], [11.71892393, 57.65625], [11.72257495, 57.65625], [11.72273672, 57.65809345], [11.72322071, 57.65819538], [11.72479475, 57.65710056], [11.7255702, 57.65708828], [11.7264173, 57.65748632], [11.72680092, 57.65851605], [11.72433603, 57.65991425], [11.72186327, 57.65940225], [11.72158277, 57.65971851], [11.72025132, 57.66096628]], [[11.78359616, 57.58692145], [11.78156126, 57.58557773], [11.77557123, 57.58643866], [11.77455556, 57.58471537], [11.77692676, 57.58387613], [11.77419555, 57.58177543], [11.78090811, 57.57977354], [11.78170395, 57.57863724], [11.78131795, 57.57844794], [11.77420521, 57.58026755], [11.77175534, 57.57957292], [11.76877034, 57.58087575], [11.76611757, 57.57966006], [11.7729032, 57.57870138], [11.77271855, 57.5767318], [11.78059495, 57.57470775], [11.77755964, 57.57110906], [11.77784955, 57.56710804], [11.77443516, 57.56613743], [11.77472734, 57.5659039], [11.78015244, 57.56285357], [11.78701484, 57.56170344], [11.78920102, 57.56256771], [11.79393494, 57.56171596], [11.79231906, 57.56630051], [11.79593694, 57.56474125], [11.79827011, 57.56617284], [11.7913835, 57.56874967], [11.79193056, 57.57074285], [11.79431951, 57.57128167], [11.79426873, 57.57381356], [11.7913872, 57.57518005], [11.79403293, 57.57688796], [11.79323065, 57.58077955], [11.78918183, 57.5826323], [11.79148138, 57.58329797], [11.79339576, 57.58572936], [11.79355454, 57.58678281], [11.79223394, 57.58751595], [11.78584194, 57.58817553], [11.78359616, 57.58692145]], [[11.89255571, 57.58292055], [11.8937602, 57.58273733], [11.89746201, 57.5835793], [11.89603925, 57.58646655], [11.89538217, 57.58658397], [11.89162385, 57.58560717], [11.89139545, 57.58524275], [11.89255571, 57.58292055]], [[11.90813756, 57.5781821], [11.90648842, 57.57667172], [11.90674102, 57.57602882], [11.90802765, 57.57535207], [11.90979385, 57.57625163], [11.91397965, 57.57602584], [11.91549253, 57.57781625], [11.92319655, 57.57540607], [11.92309225, 57.5779891], [11.91949153, 57.57877564], [11.91499615, 57.57849574], [11.91493011, 57.57866287], [11.91047132, 57.57960343], [11.90813756, 57.5781821]], [[11.82422316, 57.5777868], [11.82281101, 57.57787097], [11.81922233, 57.57505834], [11.82246625, 57.57338166], [11.82366097, 57.57358086], [11.82587397, 57.57729304], [11.82422316, 57.5777868]], [[11.90717006, 57.57341135], [11.90496802, 57.57186007], [11.90509856, 57.57148027], [11.90657544, 57.57014406], [11.91036391, 57.56954825], [11.91354144, 57.5701462], [11.91397262, 57.57048643], [11.91336036, 57.57213128], [11.91304195, 57.57237411], [11.90717006, 57.57341135]], [[11.91737521, 57.56989074], [11.91874206, 57.56979156], [11.92325282, 57.57167578], [11.91646946, 57.57313836], [11.91686344, 57.57044876], [11.91737521, 57.56989074]], [[11.90585983, 57.56981301], [11.90557277, 57.57002044], [11.89849782, 57.56928313], [11.89742255, 57.56942022], [11.89396393, 57.57009232], [11.89340627, 57.56986392], [11.89379907, 57.56794786], [11.89443862, 57.56744742], [11.89819372, 57.56787765], [11.89989805, 57.56570268], [11.90760374, 57.56502533], [11.90790474, 57.56515253], [11.90585983, 57.56981301]], [[11.83718085, 57.56599677], [11.83521461, 57.56799042], [11.83046401, 57.56839144], [11.82889664, 57.5678637], [11.82972693, 57.56660032], [11.83282805, 57.56570923], [11.82876205, 57.56530035], [11.82877505, 57.56481731], [11.83160353, 57.56252575], [11.83234894, 57.56259835], [11.83696842, 57.56457782], [11.83719873, 57.5654217], [11.83718085, 57.56599677]], [[11.91373742, 57.56371975], [11.91075325, 57.56259966], [11.91126764, 57.56143093], [11.9136554, 57.56129193], [11.91539526, 57.56202245], [11.91617537, 57.56355226], [11.91554058, 57.56384265], [11.91373742, 57.56371975]], [[11.9089421, 57.56346285], [11.90837145, 57.56360507], [11.90361381, 57.56245065], [11.90174866, 57.56038666], [11.90185142, 57.56014812], [11.90393102, 57.56003177], [11.90922225, 57.56172836], [11.9089421, 57.56346285]], [[11.90592015, 57.56004906], [11.90487277, 57.55718935], [11.90512645, 57.5567677], [11.90750003, 57.55634475], [11.90836024, 57.55650115], [11.90918946, 57.55871153], [11.90896261, 57.55905151], [11.90592015, 57.56004906]], [[11.91016126, 57.55671477], [11.91115165, 57.55524623], [11.91144836, 57.55537295], [11.91468835, 57.55649924], [11.91467333, 57.55708027], [11.91148996, 57.55868268], [11.91016126, 57.55671477]], [[11.88245428, 57.55452776], [11.88668442, 57.55629361], [11.88158214, 57.55625045], [11.88074934, 57.55667985], [11.87813902, 57.55606306], [11.87784135, 57.55590546], [11.87734723, 57.55496132], [11.87854934, 57.55447447], [11.88104856, 57.55426228], [11.88245428, 57.55452776]], [[11.80247021, 57.5562185], [11.80286062, 57.55870056], [11.79871261, 57.55949831], [11.79865181, 57.55542803], [11.78927505, 57.55405664], [11.79161012, 57.55255914], [11.78995955, 57.5466876], [11.79390705, 57.54721308], [11.79479122, 57.54896486], [11.80298853, 57.54950464], [11.80207646, 57.55232954], [11.80140471, 57.55369711], [11.79951405, 57.55483127], [11.80247021, 57.5562185]], [[11.8892827, 57.55409682], [11.89485574, 57.55315101], [11.89744246, 57.55499077], [11.89430046, 57.55503476], [11.89379716, 57.55518246], [11.8892827, 57.55409682]], [[11.76899004, 57.55113471], [11.77231777, 57.55355835], [11.7732141, 57.55141616], [11.77674925, 57.55216205], [11.7771033, 57.55243623], [11.77906585, 57.55659652], [11.77593064, 57.55800974], [11.78009355, 57.55865884], [11.78161144, 57.55786955], [11.78206933, 57.55831897], [11.78219831, 57.55898035], [11.77932215, 57.56134331], [11.77797985, 57.56178284], [11.77414036, 57.56226027], [11.77161253, 57.56104827], [11.76790357, 57.56152022], [11.76687181, 57.5610975], [11.76694965, 57.55986154], [11.77019382, 57.55830824], [11.75701785, 57.55819786], [11.75933981, 57.55698311], [11.75840688, 57.55129898], [11.76274776, 57.55150473], [11.76467943, 57.55014801], [11.76674151, 57.55042255], [11.76899004, 57.55113471]], [[11.88602591, 57.55958891], [11.88933075, 57.55871916], [11.89320922, 57.56041551], [11.89008117, 57.56091022], [11.88616025, 57.56012106], [11.88602591, 57.55958891]], [[11.75723445, 57.57878435], [11.75395823, 57.58074367], [11.74989831, 57.58017767], [11.74962115, 57.58039153], [11.74842727, 57.58254206], [11.74748087, 57.58270144], [11.74391866, 57.58098865], [11.74953985, 57.57814133], [11.74786675, 57.57575166], [11.75115383, 57.57310414], [11.75167775, 57.57312036], [11.75722051, 57.57834554], [11.75723445, 57.57878435]], [[11.74991071, 57.58258843], [11.75152671, 57.58217084], [11.75308633, 57.58217776], [11.75404477, 57.58272648], [11.75496221, 57.58536744], [11.75011301, 57.58523917], [11.74746168, 57.58569765], [11.74629736, 57.5849663], [11.74991071, 57.58258843]], [[11.76315117, 57.5406599], [11.7663604, 57.54065084], [11.76954865, 57.54135835], [11.77067447, 57.5419836], [11.77037525, 57.54293227], [11.7676326, 57.54393482], [11.76386476, 57.54315627], [11.76262152, 57.54211533], [11.76315117, 57.5406599]], [[11.90755105, 57.54083347], [11.90884244, 57.54027605], [11.90971363, 57.54049444], [11.9126724, 57.54134905], [11.91385365, 57.54347897], [11.90711212, 57.54301918], [11.90755105, 57.54083347]], [[11.75636268, 57.52222586], [11.75730813, 57.52217412], [11.75879574, 57.52385974], [11.75857031, 57.52421701], [11.75409436, 57.52658927], [11.75516593, 57.52318788], [11.75636268, 57.52222586]], [[11.89816046, 57.52221203], [11.90016997, 57.52200472], [11.90082848, 57.52268112], [11.89956737, 57.52438653], [11.89723122, 57.52459514], [11.89558017, 57.52415216], [11.89513206, 57.52337646], [11.89576948, 57.52297723], [11.89816046, 57.52221203]], [[11.87496316, 57.52199066], [11.87445033, 57.52207291], [11.87457633, 57.51883566], [11.87419224, 57.51832235], [11.87033165, 57.51696503], [11.8697983, 57.51578546], [11.86975265, 57.51466155], [11.87031496, 57.51395893], [11.87114787, 57.51356077], [11.87365043, 57.51316834], [11.87542415, 57.51324582], [11.88216114, 57.51507008], [11.88306356, 57.51649201], [11.88123536, 57.51885283], [11.87496316, 57.52199066]], [[11.90218091, 57.51775885], [11.9065268, 57.51619005], [11.90686035, 57.5162822], [11.90796125, 57.51852262], [11.90775597, 57.51882708], [11.90087986, 57.51986146], [11.90039384, 57.5184592], [11.90115738, 57.51797342], [11.90218091, 57.51775885]], [[11.92485416, 57.51623416], [11.92232347, 57.5147891], [11.92650712, 57.51204705], [11.92862725, 57.51461041], [11.92485416, 57.51623416]], [[11.90861785, 57.51361001], [11.90778637, 57.51369762], [11.90199757, 57.50995076], [11.90409064, 57.50854802], [11.90698731, 57.50845861], [11.90946674, 57.50957894], [11.90997767, 57.51313627], [11.90861785, 57.51361001]], [[11.73178565, 57.50856721], [11.73319173, 57.50927412], [11.73550355, 57.50871694], [11.74060607, 57.51049554], [11.73604906, 57.51219511], [11.73706532, 57.51274526], [11.73753786, 57.51348901], [11.73649144, 57.51363838], [11.73109496, 57.51262176], [11.72349954, 57.51328444], [11.72228694, 57.51302815], [11.7221266, 57.51269925], [11.72408211, 57.51163137], [11.72047615, 57.51059377], [11.72315931, 57.50872815], [11.72568846, 57.50816357], [11.73178565, 57.50856721]], [[11.89390731, 57.51018167], [11.89533424, 57.51015055], [11.89729798, 57.51144648], [11.89718914, 57.51224911], [11.89366567, 57.51327872], [11.8922981, 57.51273966], [11.89271712, 57.51149487], [11.89390731, 57.51018167]], [[11.90225446, 57.51368165], [11.90286243, 57.51540947], [11.90003574, 57.51707578], [11.89638925, 57.51713073], [11.90225446, 57.51368165]], [[10.60171294, 57.49456108], [10.60216165, 57.49299276], [10.59856951, 57.49412704], [10.59778345, 57.49370468], [10.59801257, 57.49313104], [10.60302115, 57.48986185], [10.60368454, 57.48971295], [10.61003065, 57.48901308], [10.61050546, 57.48912394], [10.61597216, 57.49211323], [10.61607385, 57.49325335], [10.61151362, 57.49245906], [10.60383546, 57.49527895], [10.60157895, 57.49745953], [10.600299, 57.49784756], [10.59839261, 57.49813187], [10.59594965, 57.49632776], [10.59682035, 57.49485731], [10.60171294, 57.49456108]], [[11.91425955, 57.49675548], [11.91198564, 57.4950037], [11.90920377, 57.49592185], [11.91151857, 57.49258304], [11.91653514, 57.49512863], [11.91622937, 57.49660385], [11.91468573, 57.49701583], [11.91425955, 57.49675548]], [[11.94170678, 57.49267983], [11.94306922, 57.49088335], [11.94401336, 57.49056256], [11.94620276, 57.49042904], [11.94758105, 57.491171], [11.94773471, 57.49150205], [11.94578338, 57.49282885], [11.94170678, 57.49267983]], [[11.93508434, 57.49072325], [11.93356192, 57.49081755], [11.93332505, 57.49034512], [11.93414545, 57.48802352], [11.93914032, 57.48727453], [11.93990028, 57.48751402], [11.94043457, 57.49010134], [11.93508434, 57.49072325]], [[11.89437056, 57.48991537], [11.8918575, 57.49137032], [11.8903923, 57.49156964], [11.88617122, 57.49127388], [11.88572812, 57.49039567], [11.88591146, 57.48944175], [11.88687873, 57.48916662], [11.88874435, 57.48941386], [11.88993645, 57.49049222], [11.89296102, 57.48915815], [11.89362872, 57.4892379], [11.89437056, 57.48991537]], [[10.62511671, 57.48342741], [10.62485421, 57.4832983], [10.61960781, 57.48340452], [10.62762284, 57.48104894], [10.62711215, 57.48533821], [10.62405145, 57.48686171], [10.62083411, 57.48708093], [10.61942077, 57.48763764], [10.61861825, 57.48716617], [10.61754036, 57.48535955], [10.61771774, 57.48520732], [10.62447584, 57.48407125], [10.62511671, 57.48342741]], [[11.88996303, 57.48634303], [11.89135921, 57.48464358], [11.89452088, 57.48526061], [11.89516366, 57.48599768], [11.89507174, 57.48710585], [11.89247394, 57.48707163], [11.89043474, 57.48675835], [11.88996303, 57.48634303]], [[10.60278594, 57.47297442], [10.60356605, 57.47251725], [10.60481632, 57.47254431], [10.60614336, 57.47348416], [10.60472894, 57.47539413], [10.60407674, 57.47553062], [10.60306942, 57.47486901], [10.60278594, 57.47297442]], [[11.90761948, 57.47171986], [11.90845418, 57.4702661], [11.91331804, 57.47059381], [11.91344726, 57.47079277], [11.91105104, 57.47209823], [11.90795362, 57.47209823], [11.90761948, 57.47171986]], [[10.57942855, 57.44925237], [10.58221281, 57.44873142], [10.58211064, 57.45044458], [10.58038545, 57.45181537], [10.57850981, 57.45252001], [10.57557917, 57.4522562], [10.57543588, 57.45211518], [10.57942855, 57.44925237]], [[11.88493097, 57.43533421], [11.88358831, 57.43277144], [11.88445544, 57.43184471], [11.88578928, 57.43178534], [11.88746655, 57.43321884], [11.88748884, 57.43397236], [11.88493097, 57.43533421]], [[11.89473486, 57.43194175], [11.89920306, 57.43064892], [11.89974451, 57.43065274], [11.90143514, 57.43163586], [11.90025175, 57.43298781], [11.89656961, 57.43334234], [11.89396107, 57.43234515], [11.89473486, 57.43194175]], [[11.90069926, 57.42268455], [11.90127325, 57.42254853], [11.90556717, 57.42342937], [11.90704346, 57.42586541], [11.90664065, 57.4264574], [11.90459192, 57.42657602], [11.90228724, 57.42723215], [11.9000864, 57.42409253], [11.90069926, 57.42268455]], [[11.91695797, 57.40596902], [11.91932452, 57.40546417], [11.92040622, 57.40554035], [11.92104125, 57.40802884], [11.92054963, 57.40817022], [11.91959441, 57.40824294], [11.91685152, 57.40635884], [11.91695797, 57.40596902]], [[11.91038144, 57.37949634], [11.91123867, 57.37923372], [11.91359735, 57.37952328], [11.91906297, 57.38192582], [11.91873956, 57.38225245], [11.91398752, 57.38263202], [11.91273475, 57.38283515], [11.91085827, 57.38199341], [11.90988088, 57.38072753], [11.91038144, 57.37949634]], [[11.92789531, 57.37931562], [11.92657554, 57.37891054], [11.92720163, 57.37781465], [11.92826974, 57.37732863], [11.93235636, 57.37712443], [11.93246222, 57.37689221], [11.92790115, 57.37442136], [11.93061244, 57.37149835], [11.9213407, 57.37192452], [11.92015266, 57.37121701], [11.9215008, 57.36932087], [11.92465985, 57.36804366], [11.92553842, 57.37032497], [11.93884003, 57.37027955], [11.94014227, 57.37239528], [11.94899321, 57.37625694], [11.94142151, 57.37873614], [11.936975, 57.37812281], [11.93127334, 57.37996936], [11.92984772, 57.38006926], [11.92789531, 57.37931562]], [[11.92189205, 57.37770665], [11.92034352, 57.37810087], [11.91955757, 57.37760127], [11.91988051, 57.37549436], [11.92102301, 57.37512887], [11.92432773, 57.37552786], [11.92560244, 57.37655306], [11.92557955, 57.37705493], [11.92189205, 57.37770665]], [[10.91623926, 57.35914326], [10.92373252, 57.35677445], [10.92510247, 57.35868704], [10.92528915, 57.35895872], [10.92954922, 57.35913694], [10.93011415, 57.35943437], [10.93234122, 57.36418593], [10.91623926, 57.35914326]], [[11.96450913, 57.34719706], [11.96489942, 57.34686792], [11.96655786, 57.34696317], [11.96802044, 57.34726644], [11.97009861, 57.34961247], [11.96943808, 57.34998667], [11.9689033, 57.35010672], [11.96531045, 57.34915841], [11.96450913, 57.34719706]], [[11.93915856, 57.34401011], [11.93484986, 57.34134102], [11.94487596, 57.34150267], [11.94992804, 57.34407234], [11.95058465, 57.34400225], [11.9525429, 57.34218848], [11.9512012, 57.33986712], [11.95182717, 57.33896232], [11.953125, 57.33900654], [11.95748985, 57.33898306], [11.95916283, 57.33547843], [11.95981646, 57.33499527], [11.96211958, 57.33459914], [11.96419954, 57.33458185], [11.96700084, 57.33499396], [11.96868253, 57.33765328], [11.97274137, 57.33830047], [11.97309256, 57.33895934], [11.97216916, 57.34090388], [11.97137654, 57.34157264], [11.96658266, 57.34402871], [11.95160615, 57.34589064], [11.9468472, 57.34588957], [11.94430625, 57.34568524], [11.93915856, 57.34401011]], [[11.13533807, 57.32309365], [11.13096535, 57.32161736], [11.12585986, 57.32250464], [11.11956108, 57.32115567], [11.1191411, 57.31916821], [11.09149742, 57.31786942], [11.07797992, 57.31827962], [11.05866861, 57.31682122], [11.02674091, 57.3188827], [11.02200401, 57.31619084], [11.01966882, 57.31168878], [11.00788116, 57.3046875], [11.00585926, 57.3046875], [11.00603461, 57.30454457], [10.9855839, 57.30365777], [10.98118818, 57.3046875], [10.97642732, 57.30493164], [10.97502053, 57.3046875], [10.96581686, 57.30238366], [10.94802356, 57.30271328], [10.93031514, 57.2989583], [10.92686021, 57.29694116], [10.92240858, 57.29807854], [10.92542684, 57.29638326], [10.92296457, 57.29518175], [10.92014897, 57.29762793], [10.92228365, 57.29472435], [10.91744912, 57.28971005], [10.90460515, 57.27859926], [10.8984375, 57.27539062], [10.88953924, 57.27017105], [10.87270772, 57.26516914], [10.86980402, 57.25641823], [10.86996675, 57.25598836], [10.87554622, 57.2527256], [10.8984375, 57.24748886], [10.9028424, 57.24658465], [10.9129225, 57.24289525], [10.91363037, 57.24278986], [10.91676855, 57.2433753], [10.91734195, 57.24368834], [10.91900051, 57.24604666], [10.93058455, 57.24577665], [10.93507266, 57.24362123], [10.93808556, 57.24421883], [10.93745208, 57.24550426], [10.93794882, 57.24551094], [10.94284272, 57.24411237], [10.94566858, 57.24111474], [10.94977343, 57.24002445], [10.94713664, 57.23777318], [10.94797111, 57.23615003], [10.95584524, 57.23606574], [10.96240854, 57.23284555], [10.96598697, 57.23378956], [10.96494722, 57.230726], [10.96536875, 57.23032308], [10.96842873, 57.23097062], [10.96980202, 57.23021793], [10.97450662, 57.22056365], [10.97450662, 57.22000563], [10.96856725, 57.21634471], [10.96721911, 57.21214676], [10.96970594, 57.21243405], [10.97639334, 57.21818995], [10.97867978, 57.21610534], [10.98585153, 57.21961677], [10.99328005, 57.21927905], [10.99351287, 57.21905112], [10.99102581, 57.21715975], [10.98434556, 57.21582353], [10.97764254, 57.21270502], [10.97769141, 57.21039927], [10.99026024, 57.21478641], [10.99681926, 57.21845925], [11.0010308, 57.21893501], [11.00084555, 57.21732974], [11.00291443, 57.21654797], [11.03642201, 57.22802305], [11.061167, 57.23459125], [11.06776917, 57.23817778], [11.08296883, 57.25176501], [11.0880419, 57.25402307], [11.09183216, 57.26808774], [11.09549594, 57.27083027], [11.09348595, 57.27919078], [11.07911885, 57.27988422], [11.07344067, 57.28243446], [11.07455826, 57.28455293], [11.07982075, 57.28672886], [11.07914615, 57.28842235], [11.08681202, 57.2918421], [11.10840476, 57.29734993], [11.11861527, 57.29792345], [11.12397862, 57.29703796], [11.14660263, 57.30047274], [11.15153563, 57.3004719], [11.15918624, 57.29835057], [11.17012656, 57.29779422], [11.17461145, 57.29953492], [11.17489338, 57.29999542], [11.17467415, 57.30072784], [11.17204571, 57.30066693], [11.17212415, 57.30147135], [11.17275357, 57.3018589], [11.17710733, 57.30305362], [11.17958474, 57.3046875], [11.17979074, 57.3046875], [11.18426895, 57.30795181], [11.18443692, 57.3046875], [11.18472445, 57.3046875], [11.18468094, 57.30337405], [11.18161035, 57.30137634], [11.18608725, 57.29819775], [11.19265902, 57.29768956], [11.19295812, 57.29338205], [11.18674445, 57.29080951], [11.18699098, 57.28863394], [11.18348932, 57.28820431], [11.18310535, 57.28647578], [11.18439746, 57.28499126], [11.18494976, 57.28493178], [11.19003582, 57.2851876], [11.19481063, 57.28588927], [11.19803393, 57.29064953], [11.19705987, 57.3046875], [11.19682682, 57.3046875], [11.19688141, 57.30773985], [11.20036852, 57.31950676], [11.20030713, 57.32158065], [11.19656861, 57.32359374], [11.19594014, 57.32379115], [11.17588186, 57.32334185], [11.17029715, 57.32369006], [11.16608083, 57.32455432], [11.15933573, 57.32724214], [11.1484971, 57.32843351], [11.14089501, 57.32718527], [11.13533807, 57.32309365]], [[12.09220445, 57.31321645], [12.09588683, 57.31237674], [12.09641564, 57.31251454], [12.09370542, 57.31349623], [12.09393251, 57.31383622], [12.09550178, 57.31577206], [12.09184504, 57.31642997], [12.09167886, 57.31370294], [12.09220445, 57.31321645]], [[12.11018038, 57.31413984], [12.11079693, 57.31393361], [12.11283314, 57.31407833], [12.11507273, 57.31483471], [12.11519694, 57.31595206], [12.11091471, 57.31526542], [12.11060655, 57.31511807], [12.11018038, 57.31413984]], [[12.12124264, 57.31414855], [12.11948514, 57.31207395], [12.12267256, 57.30892646], [12.12960315, 57.31071854], [12.13196325, 57.3127501], [12.12314403, 57.31476021], [12.12124264, 57.31414855]], [[12.11517966, 57.30878603], [12.11059844, 57.30614495], [12.10565281, 57.30578351], [12.10593343, 57.3046875], [12.10680497, 57.3046875], [12.10692453, 57.29595494], [12.10765421, 57.29556107], [12.11491632, 57.29496646], [12.11689484, 57.29510284], [12.12107897, 57.29772174], [12.12489724, 57.29840565], [12.12582242, 57.3046875], [12.12658298, 57.3046875], [12.12688076, 57.30652165], [12.12625146, 57.30680275], [12.12316716, 57.30551815], [12.12024891, 57.30593264], [12.11856663, 57.3061763], [12.11517966, 57.30878603]], [[12.08892274, 57.29513025], [12.08920693, 57.29728305], [12.08574235, 57.29665065], [12.08528435, 57.29684031], [12.08396244, 57.29779685], [12.08012021, 57.29689348], [12.07814896, 57.29232335], [12.07815814, 57.29194355], [12.08004975, 57.28974116], [12.08229101, 57.28987575], [12.08324587, 57.29054785], [12.08608055, 57.29267645], [12.09121215, 57.29321814], [12.08892274, 57.29513025]], [[12.1120851, 57.28975987], [12.11253166, 57.28908837], [12.11804283, 57.28896606], [12.11812484, 57.28950596], [12.11782873, 57.29013705], [12.11434007, 57.29097712], [12.11356747, 57.29105175], [12.1120851, 57.28975987]], [[11.90067625, 57.30115175], [11.91324878, 57.30396163], [11.91335857, 57.30437374], [11.91252053, 57.3046875], [11.9094367, 57.3046875], [11.90686667, 57.3046875], [11.90635276, 57.3046875], [11.90107715, 57.30432987], [11.90040398, 57.30420411], [11.89662445, 57.30245352], [11.89660656, 57.30216217], [11.90067625, 57.30115175]], [[12.09189963, 57.3046875], [12.0948956, 57.30391145], [12.09858143, 57.3046875], [12.09870577, 57.3046875], [12.09877884, 57.30617154], [12.09554005, 57.30772126], [12.09237444, 57.30661714], [12.09142995, 57.30498791], [12.09147835, 57.3046875], [12.09189963, 57.3046875]], [[12.09104562, 57.21971023], [12.09364855, 57.21909368], [12.09421778, 57.21909463], [12.09934604, 57.22029424], [12.10003078, 57.22142982], [12.09927547, 57.22237384], [12.0943613, 57.22386551], [12.09108996, 57.22397697], [12.08954024, 57.22307158], [12.08944845, 57.22230065], [12.09054971, 57.22011161], [12.09104562, 57.21971023]], [[11.01099455, 57.21360385], [11.01487982, 57.21335566], [11.01760161, 57.21395051], [11.02069461, 57.21480215], [11.02187204, 57.21538365], [11.0196352, 57.21574712], [11.01198602, 57.21477497], [11.01099455, 57.21360385]], [[11.02827811, 57.21403623], [11.00877392, 57.21084344], [11.00244463, 57.21035242], [10.99960005, 57.21116412], [10.98806036, 57.20751166], [10.98753226, 57.20718586], [10.98436224, 57.20241106], [10.98486435, 57.20189905], [10.99118948, 57.20128834], [10.99413145, 57.19853795], [10.99832034, 57.19781506], [11.00439894, 57.19913006], [11.00325275, 57.20054817], [11.00252485, 57.20103764], [11.00353777, 57.20190632], [11.01242173, 57.20106435], [11.03579175, 57.20480144], [11.03943825, 57.2073642], [11.03966725, 57.20793974], [11.03870761, 57.21048224], [11.03739285, 57.21106875], [11.03439391, 57.21308887], [11.03385806, 57.21326518], [11.02827811, 57.21403623]], [[12.10565245, 57.20569563], [12.10757887, 57.20454252], [12.11387742, 57.20466495], [12.1142019, 57.20493901], [12.11821568, 57.20916164], [12.11095357, 57.21040881], [12.10971093, 57.21010423], [12.10552275, 57.20626235], [12.10565245, 57.20569563]], [[10.96556532, 57.21032667], [10.96609545, 57.21201158], [10.96297514, 57.21239436], [10.96067584, 57.21262062], [10.96015513, 57.2128427], [10.95805883, 57.21525538], [10.95475936, 57.21253312], [10.95145774, 57.21244288], [10.9514302, 57.21221733], [10.95452416, 57.20888591], [10.95566392, 57.20860851], [10.9593538, 57.20847917], [10.96187341, 57.20872533], [10.96556532, 57.21032667]], [[10.95952833, 57.22138333], [10.95943415, 57.22158325], [10.95369041, 57.22154021], [10.94701874, 57.21844387], [10.94708908, 57.21803653], [10.95204484, 57.21551096], [10.95372844, 57.21585727], [10.95952833, 57.22138333]], [[10.89683366, 57.23844051], [10.88952994, 57.24458551], [10.88223004, 57.24702084], [10.8888669, 57.24214423], [10.89223301, 57.23990476], [10.89683366, 57.23844051]], [[10.8984375, 57.24051344], [10.90596724, 57.23914886], [10.91475391, 57.23920357], [10.91663396, 57.24009562], [10.91675377, 57.24036646], [10.91529214, 57.24124014], [10.8984375, 57.24441957], [10.89801121, 57.24456394], [10.89626515, 57.24652088], [10.89504945, 57.24665546], [10.89338934, 57.24624825], [10.89288855, 57.24488473], [10.89309084, 57.2443186], [10.89558125, 57.24155128], [10.89699602, 57.24057162], [10.8984375, 57.24051344]], [[12.11625254, 57.19209003], [12.11932504, 57.19173861], [12.12155128, 57.19199777], [12.12367976, 57.19315624], [12.11625254, 57.19209003]], [[12.14248502, 57.19207144], [12.14125895, 57.19123876], [12.14143026, 57.19040167], [12.14618075, 57.19024408], [12.14648986, 57.19044805], [12.14480627, 57.19167781], [12.14248502, 57.19207144]], [[12.16822565, 57.17159593], [12.16385055, 57.16975582], [12.15837955, 57.17015398], [12.16122174, 57.16596484], [12.15605962, 57.16446102], [12.15502942, 57.15907848], [12.15130985, 57.15800178], [12.15177214, 57.15693796], [12.14903891, 57.15543985], [12.14972174, 57.15453112], [12.1534003, 57.15437162], [12.15620184, 57.15831721], [12.15947115, 57.15897834], [12.16429114, 57.15859342], [12.16911984, 57.15482771], [12.17688596, 57.15465271], [12.17780113, 57.15504003], [12.17850924, 57.15649581], [12.17813885, 57.15712094], [12.1752367, 57.15903985], [12.17601025, 57.16081822], [12.18051875, 57.16345274], [12.18959987, 57.16526425], [12.1904515, 57.16803324], [12.18217218, 57.16986096], [12.17619491, 57.16876936], [12.17362237, 57.17006135], [12.17130947, 57.17159593], [12.16822565, 57.17159593]], [[12.20031953, 57.13590777], [12.20157111, 57.13542914], [12.20480061, 57.13723958], [12.20480061, 57.13787186], [12.20009255, 57.13978791], [12.19892704, 57.13742065], [12.19929004, 57.13663137], [12.20031953, 57.13590777]], [[12.18260682, 57.13041997], [12.18314064, 57.12954307], [12.18478703, 57.12979054], [12.18648243, 57.13136303], [12.18673873, 57.13234925], [12.18537545, 57.13327098], [12.18260682, 57.13041997]], [[12.18701923, 57.12688017], [12.18709946, 57.12505651], [12.18800187, 57.12507093], [12.19092858, 57.12710178], [12.19010365, 57.12719095], [12.18701923, 57.12688017]], [[12.21926665, 57.10533476], [12.22144413, 57.10526752], [12.22346306, 57.10603738], [12.22387648, 57.1064713], [12.22413218, 57.10790157], [12.22269583, 57.10832512], [12.21853077, 57.10701632], [12.2181946, 57.1066786], [12.21926665, 57.10533476]], [[9.86100531, 57.05563796], [9.87586617, 57.06317675], [9.87585676, 57.06350207], [9.87515795, 57.0644145], [9.86471963, 57.06718242], [9.85997593, 57.07313824], [9.85500061, 57.07347262], [9.84375, 57.07533467], [9.84208393, 57.07530534], [9.81641614, 57.07253528], [9.8118968, 57.0693984], [9.8159821, 57.06186151], [9.82312036, 57.05806506], [9.83894575, 57.05329943], [9.84375, 57.05329227], [9.86037052, 57.05544662], [9.86100531, 57.05563796]], [[9.78998065, 57.07496905], [9.78986943, 57.07635045], [9.78937685, 57.07662356], [9.78687346, 57.07704282], [9.78229833, 57.07627225], [9.78159475, 57.07586563], [9.77986336, 57.07427311], [9.78009081, 57.07348907], [9.78161216, 57.07273471], [9.78387022, 57.07269871], [9.78809786, 57.07395375], [9.78998065, 57.07496905]], [[9.83267331, 57.08269441], [9.82657421, 57.0834527], [9.82439446, 57.08216476], [9.82448912, 57.08186293], [9.82719684, 57.08082426], [9.82851076, 57.08067763], [9.83174706, 57.08082771], [9.83365393, 57.08171415], [9.83365238, 57.08225405], [9.83267331, 57.08269441]], [[9.48588836, 57.02945077], [9.48931634, 57.02828097], [9.4921875, 57.03013384], [9.49250734, 57.03089118], [9.4921875, 57.03097093], [9.4888612, 57.03095675], [9.48588836, 57.02945077]], [[9.6068747, 57.02474725], [9.61174655, 57.02457452], [9.61276913, 57.02488863], [9.61255705, 57.02513003], [9.60911214, 57.02573562], [9.6068747, 57.02474725]], [[9.50530243, 57.01782501], [9.50482166, 57.01744413], [9.50496042, 57.01665032], [9.50688434, 57.01607144], [9.51174712, 57.01610458], [9.51229155, 57.01812661], [9.50530243, 57.01782501]], [[9.55801296, 57.00631392], [9.56105316, 57.00239277], [9.56664896, 57.00254226], [9.57100678, 57.00390041], [9.57202828, 57.00450361], [9.57206655, 57.00724506], [9.56794631, 57.00709164], [9.56491065, 57.01163685], [9.55373442, 57.0131433], [9.55000567, 57.01180482], [9.54978454, 57.01048946], [9.54998636, 57.01024747], [9.55801296, 57.00631392]], [[9.59930885, 56.98022282], [9.60053766, 56.98008692], [9.61062062, 56.98143494], [9.6075356, 56.98304963], [9.60458624, 56.98116148], [9.60191405, 56.98107576], [9.59827185, 56.98409605], [9.59746063, 56.98441851], [9.59295177, 56.98526013], [9.59142196, 56.98435271], [9.59198666, 56.9828546], [9.59930885, 56.98022282]], [[12.35358357, 56.92640674], [12.35790205, 56.92595172], [12.35903406, 56.92677832], [12.35844326, 56.92705965], [12.35756505, 56.92724407], [12.35358357, 56.92640674]], [[12.60656321, 56.81096315], [12.60928726, 56.81037724], [12.60748696, 56.81270397], [12.60713232, 56.81291342], [12.60594356, 56.81227815], [12.60656321, 56.81096315]], [[11.59382582, 56.72686112], [11.58101737, 56.72463882], [11.56420708, 56.72268558], [11.54965472, 56.72324371], [11.53997338, 56.72599816], [11.53042674, 56.72550035], [11.52532315, 56.72402215], [11.51422584, 56.71777511], [11.50792694, 56.71658635], [11.50644636, 56.71498656], [11.50647116, 56.71469367], [11.50935853, 56.7134546], [11.51423156, 56.7136445], [11.51917815, 56.71089756], [11.52866936, 56.69628894], [11.53140736, 56.69340885], [11.53691554, 56.68956542], [11.53759408, 56.68925965], [11.5461086, 56.68697143], [11.55770373, 56.68697202], [11.57933795, 56.68948245], [11.58477151, 56.69270754], [11.6015625, 56.70814717], [11.60595763, 56.71173716], [11.60928476, 56.71390402], [11.62808466, 56.7234236], [11.6571151, 56.73391426], [11.65747821, 56.73418105], [11.65646374, 56.73653817], [11.65602803, 56.73672485], [11.64925921, 56.73754132], [11.60716796, 56.73040175], [11.6015625, 56.72907364], [11.59382582, 56.72686112]], [[10.28591776, 56.70465255], [10.28102207, 56.70573378], [10.27536762, 56.70556021], [10.27023792, 56.70605016], [10.27936256, 56.70346916], [10.28591776, 56.70465255]], [[10.23262525, 56.70548737], [10.23542273, 56.70610237], [10.24001503, 56.70777094], [10.23662567, 56.70836842], [10.23666346, 56.70978642], [10.23605621, 56.70997477], [10.22866845, 56.70902705], [10.22652197, 56.71169472], [10.22261393, 56.71181011], [10.22748876, 56.70594513], [10.23262525, 56.70548737]], [[12.70945621, 56.64604127], [12.71335697, 56.64582193], [12.71397412, 56.64610195], [12.71488905, 56.64745557], [12.71246397, 56.64927101], [12.71124756, 56.64966071], [12.70899284, 56.64883113], [12.70877314, 56.64859712], [12.70823824, 56.64653206], [12.70945621, 56.64604127]], [[10.31957293, 56.61341763], [10.32354665, 56.61164975], [10.32447207, 56.61165655], [10.3303951, 56.61369073], [10.32223105, 56.61430097], [10.32162273, 56.61441135], [10.31957293, 56.61341763]], [[10.32336831, 56.61025524], [10.31938541, 56.60890603], [10.31949222, 56.60872364], [10.323107, 56.60833394], [10.32553315, 56.60885704], [10.32644045, 56.61003935], [10.32541573, 56.61018622], [10.32336831, 56.61025524]], [[12.54346526, 56.44851935], [12.54393446, 56.44571054], [12.54599595, 56.44630313], [12.54863286, 56.44548273], [12.55497706, 56.44073403], [12.55989027, 56.43553054], [12.55976021, 56.43345547], [12.55795765, 56.43279135], [12.55872214, 56.43096495], [12.55926132, 56.43051922], [12.56341982, 56.42947054], [12.56477952, 56.42970407], [12.56873643, 56.43329406], [12.56948137, 56.43353045], [12.57128942, 56.4325881], [12.57565415, 56.43302083], [12.58140755, 56.43621635], [12.58297336, 56.43857408], [12.58152938, 56.44173634], [12.57604921, 56.44464874], [12.57438827, 56.44499767], [12.56848025, 56.44256806], [12.56400824, 56.44403815], [12.56368935, 56.44860995], [12.56148267, 56.45012856], [12.56226063, 56.45249534], [12.55700636, 56.45429051], [12.55570078, 56.45653915], [12.54862678, 56.45260167], [12.54624152, 56.45218003], [12.54255474, 56.45189953], [12.54048026, 56.45041585], [12.54346526, 56.44851935]], [[12.55241346, 56.4297384], [12.55151582, 56.43003297], [12.55020583, 56.42920876], [12.55054176, 56.42875814], [12.55418515, 56.42647302], [12.55438352, 56.42888701], [12.55241346, 56.4297384]], [[12.58701575, 56.42393458], [12.58885503, 56.42358458], [12.59022868, 56.42366982], [12.59099996, 56.42394543], [12.58844864, 56.42578125], [12.58866107, 56.42578125], [12.58726513, 56.42622972], [12.58694196, 56.42578125], [12.58701575, 56.42393458]], [[11.70128894, 56.19354081], [11.71307123, 56.19228268], [11.71546876, 56.1923418], [11.71586061, 56.19267774], [11.71496093, 56.19874263], [11.6966784, 56.20026815], [11.69590533, 56.20033455], [11.69393694, 56.19919741], [11.69448757, 56.19808817], [11.70128894, 56.19354081]], [[10.79132926, 56.12977064], [10.80587637, 56.12955225], [10.80699706, 56.13026726], [10.81026328, 56.13351631], [10.80830777, 56.13575566], [10.80535805, 56.13696682], [10.80373073, 56.1373769], [10.80180371, 56.13640201], [10.79822612, 56.13266516], [10.79154325, 56.13072824], [10.79098666, 56.13001883], [10.79132926, 56.12977064]], [[10.51997173, 55.97500217], [10.52153134, 55.96066546], [10.5281955, 55.94225848], [10.53514302, 55.93610215], [10.546875, 55.9375], [10.546875, 55.93777895], [10.55155218, 55.93689001], [10.55456364, 55.93836403], [10.55641437, 55.93826997], [10.5575515, 55.93814445], [10.56578636, 55.93581557], [10.58295286, 55.92877746], [10.59102404, 55.92412508], [10.59380865, 55.92075956], [10.59864545, 55.91445851], [10.60152137, 55.90635288], [10.60152161, 55.90584743], [10.59725332, 55.8984375], [10.59561324, 55.89527225], [10.59577036, 55.88693535], [10.59324133, 55.87974405], [10.58322835, 55.86740065], [10.57444501, 55.86444557], [10.54936445, 55.86346066], [10.54815137, 55.86311424], [10.546875, 55.86160707], [10.54456282, 55.85942376], [10.53160632, 55.85333264], [10.53087342, 55.85290778], [10.52892542, 55.85056508], [10.52563787, 55.82154834], [10.52991164, 55.80422306], [10.53016973, 55.79704106], [10.52767026, 55.79638255], [10.52761614, 55.79567027], [10.52785981, 55.79504204], [10.53060734, 55.78931475], [10.53938115, 55.78103364], [10.53903484, 55.77827084], [10.546875, 55.77148426], [10.546875, 55.77092636], [10.55015004, 55.76927304], [10.55110025, 55.76906073], [10.58323562, 55.77031636], [10.59770405, 55.76625848], [10.60201216, 55.76660001], [10.60261583, 55.76654518], [10.61731732, 55.76428974], [10.61915076, 55.76433742], [10.62088776, 55.76490307], [10.62157714, 55.76606894], [10.62549412, 55.77692044], [10.63444543, 55.78336632], [10.64412367, 55.80028486], [10.64330935, 55.80985725], [10.63969612, 55.81342244], [10.64309216, 55.81627393], [10.63905478, 55.81712651], [10.63516045, 55.82101846], [10.63735688, 55.82361424], [10.63782287, 55.83232105], [10.6380769, 55.83286595], [10.64340973, 55.83891368], [10.64447701, 55.84465206], [10.64477623, 55.84507525], [10.65788138, 55.85897994], [10.66942835, 55.86494315], [10.6744765, 55.86581755], [10.67934823, 55.87063146], [10.67743266, 55.87306094], [10.67816985, 55.88244975], [10.67665291, 55.88346136], [10.67284763, 55.88335335], [10.66729617, 55.88162744], [10.65857327, 55.87755871], [10.65164673, 55.8774966], [10.64550102, 55.87403357], [10.64150381, 55.87713385], [10.63733983, 55.87646055], [10.63384676, 55.87721193], [10.63304234, 55.87771213], [10.63198483, 55.88074136], [10.62492096, 55.88643014], [10.62471974, 55.88710844], [10.62535405, 55.88794446], [10.62983263, 55.88948274], [10.61888361, 55.89091241], [10.61866283, 55.89105237], [10.61571658, 55.89554751], [10.61570203, 55.8984375], [10.61559403, 55.8984375], [10.61554313, 55.89939284], [10.60974765, 55.90749335], [10.61103952, 55.91089284], [10.62142801, 55.91375756], [10.62431276, 55.91187656], [10.62676334, 55.91188824], [10.62888443, 55.91353333], [10.62553358, 55.91688776], [10.63045311, 55.91903055], [10.63477445, 55.9168154], [10.63512027, 55.91351294], [10.63935375, 55.91562927], [10.63929927, 55.91707444], [10.64241874, 55.91514874], [10.64719021, 55.91595936], [10.65212345, 55.91439438], [10.65254736, 55.91560328], [10.63262582, 55.92294836], [10.61985743, 55.92433214], [10.60971725, 55.92731774], [10.60827851, 55.92785323], [10.59438026, 55.93433225], [10.58677006, 55.94031906], [10.57782125, 55.94985116], [10.57112157, 55.96128964], [10.57093143, 55.96170425], [10.56879854, 55.9713726], [10.56545424, 55.97721016], [10.56329513, 55.98677885], [10.56296217, 55.99629605], [10.56277394, 56.00167716], [10.56214976, 56.0018841], [10.55699134, 56.00019658], [10.54893482, 55.99647415], [10.546875, 55.99525654], [10.5252074, 55.98133183], [10.52184224, 55.97809827], [10.51997173, 55.97500217]], [[10.75298548, 55.94366705], [10.76209188, 55.94231105], [10.76515245, 55.94242013], [10.76752245, 55.94327974], [10.76812327, 55.94400096], [10.76810098, 55.94496894], [10.76584136, 55.94699025], [10.75214803, 55.94807303], [10.74705637, 55.94768405], [10.75298548, 55.94366705]], [[10.66704571, 55.93288481], [10.66751075, 55.93097651], [10.66984391, 55.93109202], [10.67605591, 55.92859328], [10.67398655, 55.93066466], [10.67618132, 55.93178666], [10.67606485, 55.93296874], [10.67238915, 55.93459296], [10.66922617, 55.93434334], [10.66746581, 55.93369901], [10.66704571, 55.93288481]], [[10.78487825, 55.93323123], [10.78796792, 55.93310428], [10.79520786, 55.93373144], [10.78363705, 55.93365276], [10.78487825, 55.93323123]], [[10.69148648, 55.92609382], [10.69342482, 55.9259665], [10.69548535, 55.92628455], [10.70096445, 55.92807555], [10.70001853, 55.9282428], [10.69219053, 55.92731404], [10.69148648, 55.92609382]], [[10.67205834, 55.91928172], [10.67316616, 55.91637695], [10.67610514, 55.9169687], [10.67920244, 55.91057324], [10.67696536, 55.90947545], [10.67714834, 55.90918183], [10.68063164, 55.90809965], [10.68103242, 55.90780103], [10.68739331, 55.90163231], [10.6873008, 55.8984375], [10.6875, 55.8984375], [10.68803036, 55.89735615], [10.68894994, 55.89735615], [10.68948054, 55.8984375], [10.68979061, 55.8984375], [10.6892724, 55.90422916], [10.68485117, 55.90612984], [10.68237591, 55.90917993], [10.67832434, 55.91532731], [10.67832255, 55.92061663], [10.67927217, 55.92132056], [10.67568541, 55.92579198], [10.67205834, 55.91928172]], [[11.08372736, 55.90472245], [11.08708024, 55.90286267], [11.09195495, 55.90326512], [11.09692085, 55.89991045], [11.10225773, 55.89927018], [11.10359848, 55.8984375], [11.10392821, 55.8984375], [11.10547996, 55.89768255], [11.11208117, 55.89757192], [11.11699033, 55.89617407], [11.11725056, 55.89596307], [11.11862421, 55.89318597], [11.13318872, 55.8803215], [11.13570845, 55.87888706], [11.13955474, 55.87903178], [11.14308035, 55.87546122], [11.14338386, 55.87529028], [11.15264487, 55.87119555], [11.15316701, 55.87101245], [11.16312134, 55.86849165], [11.1638571, 55.8683753], [11.17509675, 55.86815131], [11.18168116, 55.86504352], [11.19279933, 55.86419487], [11.20021915, 55.86251795], [11.20072305, 55.86239314], [11.21505904, 55.85661721], [11.21579325, 55.85670853], [11.21625304, 55.85726178], [11.21479285, 55.86364162], [11.19815171, 55.86755836], [11.19043732, 55.87167966], [11.18876791, 55.87441885], [11.17294061, 55.87985337], [11.16479111, 55.88685417], [11.15339816, 55.89131844], [11.14687645, 55.89607835], [11.14419591, 55.89756441], [11.14056993, 55.8984375], [11.13945186, 55.8984375], [11.12277865, 55.90355885], [11.11859405, 55.90611124], [11.11769903, 55.90721285], [11.11737883, 55.91192865], [11.10718715, 55.91253531], [11.10548866, 55.91279161], [11.08828187, 55.91624653], [11.08400202, 55.91772318], [11.08153355, 55.91923785], [11.08072281, 55.91913176], [11.07831395, 55.9134711], [11.07831776, 55.91293645], [11.08252394, 55.90575242], [11.08372736, 55.90472245]], [[10.66648352, 55.88694656], [10.66590881, 55.88702846], [10.66434014, 55.88525414], [10.6645447, 55.88482034], [10.66675043, 55.88363636], [10.66758895, 55.88371706], [10.66861331, 55.88577533], [10.66846704, 55.88630033], [10.66648352, 55.88694656]], [[10.65483165, 55.88653946], [10.65172803, 55.88692832], [10.64767933, 55.88646305], [10.64812314, 55.88558984], [10.65011895, 55.88438785], [10.65473628, 55.88377666], [10.65483165, 55.88653946]], [[10.6378746, 55.89470434], [10.63635898, 55.89503002], [10.63282084, 55.89445734], [10.63312364, 55.89212167], [10.63435018, 55.89092124], [10.63571227, 55.89026475], [10.64183736, 55.88881266], [10.64287496, 55.8887465], [10.64527762, 55.88936186], [10.64579344, 55.89031875], [10.64326036, 55.89236403], [10.6378746, 55.89470434]], [[10.63147306, 55.89566731], [10.63239956, 55.8979516], [10.63204217, 55.8984375], [10.63006163, 55.8984375], [10.6287024, 55.89717555], [10.62884676, 55.89679802], [10.63104963, 55.89540708], [10.63147306, 55.89566731]], [[10.64194536, 55.8984375], [10.64612496, 55.89592874], [10.64838242, 55.8984375], [10.65144742, 55.8984375], [10.65544105, 55.90044892], [10.65781963, 55.90388381], [10.65786231, 55.90411127], [10.65319026, 55.90569186], [10.65269232, 55.90569186], [10.64905667, 55.90404642], [10.64878583, 55.90162694], [10.65146744, 55.90055001], [10.64792645, 55.90149164], [10.64610231, 55.90034771], [10.64293361, 55.9009217], [10.64111555, 55.89883745], [10.64148808, 55.8984375], [10.64194536, 55.8984375]], [[10.61911786, 55.90110421], [10.62463832, 55.90276575], [10.61843955, 55.90376842], [10.61612415, 55.90312612], [10.61572361, 55.90233946], [10.61617601, 55.90193546], [10.61911786, 55.90110421]], [[10.61680233, 55.90550005], [10.61838901, 55.90585053], [10.61943078, 55.90753734], [10.61557174, 55.90853822], [10.61614072, 55.90585363], [10.61680233, 55.90550005]], [[10.64434147, 55.91117012], [10.63985312, 55.91412854], [10.63947475, 55.91387105], [10.63964856, 55.91223431], [10.64170671, 55.91018236], [10.64224184, 55.91033447], [10.64434147, 55.91117012]], [[11.29799676, 55.76649725], [11.30696475, 55.7645694], [11.30310905, 55.76867127], [11.3044368, 55.77624214], [11.30355644, 55.77700555], [11.2909168, 55.78474855], [11.29510868, 55.78764927], [11.29534757, 55.78806186], [11.29568946, 55.79092884], [11.29436564, 55.79230952], [11.28795922, 55.79443276], [11.28631532, 55.79627848], [11.28591335, 55.79639757], [11.28135622, 55.79589736], [11.27779245, 55.78894746], [11.2793318, 55.78552651], [11.29000962, 55.77518022], [11.29118025, 55.77042246], [11.29673934, 55.76865876], [11.29799676, 55.76649725]], [[10.32200384, 55.74543786], [10.32838142, 55.76868045], [10.32367742, 55.78026748], [10.31285155, 55.79089928], [10.31203532, 55.79107833], [10.31073666, 55.790362], [10.30388117, 55.78166115], [10.30539203, 55.77750504], [10.29786325, 55.77141297], [10.29744232, 55.77058327], [10.29662645, 55.76631594], [10.29683554, 55.76604855], [10.29922485, 55.76544416], [10.30111492, 55.76250768], [10.29120386, 55.76224732], [10.2775346, 55.75917721], [10.2728821, 55.75896263], [10.27189052, 55.76145172], [10.27200484, 55.75967073], [10.26742876, 55.75924146], [10.24837863, 55.76067913], [10.24175036, 55.75658703], [10.24142957, 55.75611126], [10.23851633, 55.75065684], [10.23891854, 55.74904215], [10.24097884, 55.74788296], [10.24825513, 55.74662232], [10.2583822, 55.74797475], [10.26901782, 55.74727845], [10.28265548, 55.74801743], [10.29638815, 55.74542212], [10.31015944, 55.74132204], [10.32200384, 55.74543786]], [[10.0857656, 55.83359075], [10.08265507, 55.83382595], [10.09222805, 55.82965422], [10.0922631, 55.82940364], [10.09093654, 55.82929361], [10.07495046, 55.83433127], [10.06192327, 55.83263683], [10.05868876, 55.83102155], [10.05825615, 55.83036292], [10.06347024, 55.82376134], [10.06421435, 55.82270467], [10.07028484, 55.82087052], [10.08021367, 55.82057762], [10.08330441, 55.81899607], [10.07639313, 55.81785345], [10.07382357, 55.8191756], [10.06913388, 55.81926942], [10.07008362, 55.81793535], [10.07279205, 55.81729007], [10.08311641, 55.81727266], [10.09052861, 55.81831253], [10.09399903, 55.81951904], [10.0997864, 55.82303596], [10.10035872, 55.82350445], [10.10111177, 55.82497346], [10.10111177, 55.82541645], [10.0997864, 55.82706535], [10.09263074, 55.83107364], [10.09199643, 55.83132887], [10.0857656, 55.83359075]], [[10.24090493, 55.88222897], [10.24027598, 55.88229632], [10.24176705, 55.87964225], [10.23696375, 55.87930167], [10.23438024, 55.88052237], [10.23404086, 55.88009262], [10.23445404, 55.87849903], [10.23471952, 55.87834895], [10.23764968, 55.87785852], [10.24189925, 55.87820053], [10.24307144, 55.87863255], [10.24301243, 55.87947524], [10.24090493, 55.88222897]], [[10.28306007, 55.90499437], [10.28740585, 55.90788937], [10.28419888, 55.90736604], [10.27787817, 55.90315533], [10.27844012, 55.90046895], [10.27996576, 55.89986527], [10.28086984, 55.89998853], [10.28306007, 55.90499437]], [[10.41165507, 55.96058702], [10.40998125, 55.96068788], [10.40448594, 55.95976114], [10.40402007, 55.95938802], [10.40600586, 55.95637584], [10.40951204, 55.95329165], [10.41451836, 55.95044672], [10.42703521, 55.94508505], [10.43749571, 55.94312406], [10.43853354, 55.94309521], [10.44870114, 55.94743884], [10.44951308, 55.94765794], [10.45565951, 55.94777107], [10.45286393, 55.94933903], [10.45895076, 55.95206594], [10.45882583, 55.95224202], [10.44452107, 55.95598853], [10.44378507, 55.95612967], [10.43807483, 55.95667791], [10.42700946, 55.95779395], [10.42006791, 55.95961654], [10.41165507, 55.96058702]], [[10.05464518, 55.84779215], [10.0675925, 55.84871376], [10.07862234, 55.84850335], [10.08022678, 55.84891736], [10.08411396, 55.85257065], [10.09369671, 55.85713804], [10.09633243, 55.85820842], [10.10292506, 55.85967922], [10.10244966, 55.86075175], [10.10483587, 55.86138105], [10.10798597, 55.86143601], [10.11642683, 55.85970175], [10.11783016, 55.85975015], [10.11929667, 55.86055934], [10.11905336, 55.86286044], [10.11877584, 55.8630023], [10.11031425, 55.86494815], [10.09808087, 55.8664366], [10.08745062, 55.86643755], [10.07981944, 55.86814237], [10.07544005, 55.86824465], [10.05892336, 55.86916971], [10.05547106, 55.86528695], [10.04610217, 55.86122131], [10.04170954, 55.85363472], [10.03738737, 55.85167074], [10.03642297, 55.85028374], [10.0364151, 55.84381854], [10.03749704, 55.84307325], [10.03866494, 55.84293425], [10.04556704, 55.84350348], [10.05223143, 55.8472681], [10.05464518, 55.84779215]], [[10.01258898, 55.86887681], [10.01246047, 55.86935091], [9.99965513, 55.87048185], [9.99754036, 55.87057352], [9.99531996, 55.86969244], [9.99434924, 55.86607075], [9.9950155, 55.86533964], [9.99806356, 55.86502397], [10.00706673, 55.86544144], [10.00872874, 55.86579955], [10.01258898, 55.86887681]], [[10.16941345, 55.63514018], [10.18068755, 55.62947714], [10.18357682, 55.63331592], [10.18989074, 55.63580334], [10.19177592, 55.63784051], [10.18959868, 55.64224315], [10.18683684, 55.64290774], [10.18328285, 55.64304018], [10.17282224, 55.64599717], [10.17185807, 55.64613652], [10.16181433, 55.64627504], [10.16280293, 55.64133036], [10.16941345, 55.63514018]], [[10.28961694, 55.61891067], [10.29256737, 55.61383235], [10.29279065, 55.61360848], [10.29953122, 55.60902572], [10.30115223, 55.60323775], [10.30375028, 55.60362446], [10.30286026, 55.59701037], [10.30611408, 55.59382784], [10.31443334, 55.5894134], [10.31730783, 55.58588755], [10.31385612, 55.58441806], [10.30848587, 55.58523715], [10.30028534, 55.58460391], [10.29285181, 55.5820744], [10.28012276, 55.58304036], [10.28276205, 55.58694661], [10.27952635, 55.58744991], [10.28205395, 55.58961272], [10.28111911, 55.59169698], [10.28480136, 55.59500182], [10.28387392, 55.60000586], [10.28046656, 55.60255444], [10.27975285, 55.60620618], [10.28344846, 55.60765874], [10.29363453, 55.60643268], [10.29214215, 55.60787988], [10.28606892, 55.60902345], [10.27194655, 55.60633516], [10.24392092, 55.60532987], [10.22403634, 55.60252225], [10.22016394, 55.6005187], [10.21042371, 55.59943175], [10.20764685, 55.59510303], [10.20204306, 55.59187925], [10.20179522, 55.5919702], [10.19956827, 55.59531224], [10.19904006, 55.59559131], [10.1953125, 55.59598208], [10.18957484, 55.59619427], [10.18897748, 55.59593105], [10.1953125, 55.59040165], [10.1953125, 55.58928573], [10.19220555, 55.58745778], [10.19079185, 55.57985401], [10.18898726, 55.57906151], [10.18610191, 55.57906246], [10.17637515, 55.58432662], [10.1794641, 55.58826733], [10.17829466, 55.58860445], [10.17338908, 55.58580327], [10.15406847, 55.58367574], [10.13917887, 55.57682812], [10.13815296, 55.57663584], [10.12489021, 55.57580435], [10.12414575, 55.57862973], [10.12057614, 55.57903576], [10.11661458, 55.57778501], [10.11175823, 55.57254112], [10.10519338, 55.57398164], [10.08907104, 55.56811786], [10.08167326, 55.56810856], [10.07660735, 55.56928217], [10.07882261, 55.56591511], [10.07862318, 55.5639261], [10.07780874, 55.56354964], [10.06982172, 55.56053865], [10.05664492, 55.56001914], [10.03828335, 55.55716908], [10.03446674, 55.55515516], [10.03239834, 55.55155647], [10.02668083, 55.546875], [10.02640533, 55.546875], [10.0253731, 55.54621685], [10.02115488, 55.54439223], [9.9951663, 55.53756797], [9.97858512, 55.52859712], [9.95249605, 55.51720023], [9.95061958, 55.51516724], [9.94663656, 55.51362085], [9.93503487, 55.51009273], [9.93283784, 55.50967956], [9.92185795, 55.50889838], [9.89385128, 55.50951648], [9.88007843, 55.51033151], [9.87694454, 55.51075506], [9.86403275, 55.51358998], [9.86324537, 55.51397276], [9.85471165, 55.51936865], [9.85018694, 55.52385712], [9.85117662, 55.53969502], [9.85294557, 55.54186046], [9.85209715, 55.546875], [9.8511461, 55.546875], [9.84840548, 55.55017865], [9.84762585, 55.55061734], [9.84375, 55.55189717], [9.84375, 55.55217636], [9.83564305, 55.55429626], [9.82831454, 55.55437887], [9.80686533, 55.55167544], [9.79810321, 55.54929042], [9.79394925, 55.546875], [9.79366696, 55.546875], [9.79234743, 55.54550076], [9.78120232, 55.54220486], [9.76575994, 55.54400468], [9.75752616, 55.54312885], [9.75702882, 55.54270208], [9.76160812, 55.53824592], [9.76781774, 55.53530955], [9.76906502, 55.52978528], [9.76729333, 55.52547085], [9.75662565, 55.51696014], [9.75584245, 55.51130247], [9.74924815, 55.50730002], [9.74874794, 55.50716925], [9.73833382, 55.50719702], [9.73734844, 55.50590694], [9.72177267, 55.50839984], [9.70356691, 55.51478791], [9.69833267, 55.51774991], [9.69355357, 55.51868582], [9.68494928, 55.51868713], [9.68032527, 55.51682961], [9.67749226, 55.51496446], [9.67644346, 55.5131911], [9.67644405, 55.51275742], [9.68122602, 55.50934696], [9.68122983, 55.50649941], [9.68631446, 55.50345838], [9.69521975, 55.50111604], [9.70276856, 55.49420714], [9.72740257, 55.49343455], [9.73510635, 55.47891414], [9.73976731, 55.47674584], [9.74144137, 55.47334993], [9.74777985, 55.47188747], [9.75954735, 55.46669984], [9.76989114, 55.46715856], [9.77639365, 55.46905243], [9.78369045, 55.46348202], [9.78695631, 55.46301484], [9.79017985, 55.46413362], [9.79083538, 55.46023214], [9.79686463, 55.45930541], [9.78997147, 55.45891011], [9.77899075, 55.46225893], [9.77648592, 55.46099913], [9.77695096, 55.45785654], [9.78181458, 55.45789421], [9.78334582, 55.45481384], [9.79292095, 55.45273554], [9.79629576, 55.4497472], [9.802531, 55.45058835], [9.80453777, 55.44582236], [9.80809534, 55.44308233], [9.81954026, 55.44101024], [9.82475054, 55.43508685], [9.81939244, 55.43306684], [9.81374884, 55.43296456], [9.78347623, 55.4404999], [9.77573526, 55.44446683], [9.76784766, 55.44624591], [9.76433826, 55.45226717], [9.75325441, 55.45455503], [9.74186564, 55.46121645], [9.7284826, 55.46661794], [9.72189581, 55.47167695], [9.71929932, 55.47138274], [9.71734595, 55.46793926], [9.72397935, 55.46021438], [9.74450445, 55.448246], [9.74820876, 55.44486773], [9.74746501, 55.44283652], [9.7404772, 55.438187], [9.7404772, 55.43653393], [9.74315441, 55.43490303], [9.74822152, 55.43332875], [9.7553091, 55.43352151], [9.77086556, 55.43111205], [9.78237545, 55.43249178], [9.79286838, 55.43170774], [9.81896365, 55.42554915], [9.82801807, 55.42171288], [9.82838571, 55.41694975], [9.82274032, 55.41298425], [9.81417155, 55.41230166], [9.79658925, 55.41507041], [9.79060006, 55.41348445], [9.78778374, 55.41100085], [9.7993679, 55.40879071], [9.81163847, 55.40812266], [9.81991875, 55.40477276], [9.83007491, 55.39639056], [9.84021163, 55.39224541], [9.84213173, 55.38906002], [9.84021461, 55.38457024], [9.8399415, 55.38422108], [9.83074725, 55.37893534], [9.82175565, 55.37787533], [9.81429756, 55.37567043], [9.8131119, 55.37544715], [9.78960228, 55.37485647], [9.78793442, 55.37437761], [9.78556371, 55.37109375], [9.78520072, 55.36725426], [9.78539014, 55.36559248], [9.78751671, 55.36323774], [9.78821421, 55.3629173], [9.79692233, 55.36147332], [9.8283571, 55.35205615], [9.83969164, 55.35046506], [9.84375, 55.35044634], [9.86411405, 55.35075426], [9.87379444, 55.34975183], [9.88213325, 55.34291291], [9.88842463, 55.34317327], [9.89626372, 55.34047234], [9.8976835, 55.33952165], [9.89842415, 55.3383342], [9.89818954, 55.33763516], [9.89673567, 55.33647525], [9.89427257, 55.33575976], [9.89264882, 55.33569705], [9.89146042, 55.33584487], [9.88118637, 55.33974993], [9.87745273, 55.33828068], [9.87753797, 55.33136165], [9.8794775, 55.32858264], [9.88362634, 55.32563865], [9.88769567, 55.32742262], [9.88867605, 55.32676065], [9.8881247, 55.32549572], [9.88492131, 55.32464576], [9.88843358, 55.31909823], [9.88731706, 55.31686473], [9.89297521, 55.30873322], [9.89265728, 55.3020457], [9.8903532, 55.29892802], [9.89005911, 55.27492785], [9.88693178, 55.27239811], [9.88796365, 55.27017963], [9.88557374, 55.26904297], [9.88267934, 55.27033401], [9.88132072, 55.2640233], [9.88354194, 55.26129222], [9.88654637, 55.26161802], [9.88948035, 55.26031625], [9.88479948, 55.25964475], [9.89255571, 55.25748146], [9.89791417, 55.25437355], [9.89836204, 55.25029445], [9.89817131, 55.24880314], [9.8968364, 55.24705017], [9.88998055, 55.24447536], [9.88343084, 55.24778223], [9.88407171, 55.24932826], [9.87725008, 55.25041497], [9.87753475, 55.25234425], [9.87662923, 55.25305426], [9.87573075, 55.25344896], [9.86999071, 55.25347626], [9.86897016, 55.25101781], [9.87768006, 55.24347734], [9.87867904, 55.24292803], [9.87972105, 55.2429316], [9.88428807, 55.24518836], [9.89048255, 55.24163151], [9.89730752, 55.24140453], [9.90177226, 55.23859191], [9.90629363, 55.23923123], [9.90345085, 55.23792148], [9.91307902, 55.23422265], [9.92096233, 55.22937584], [9.92330623, 55.22549045], [9.92209876, 55.22362065], [9.9230448, 55.22202694], [9.92704201, 55.21894705], [9.92790592, 55.21868086], [9.93889403, 55.21712255], [9.94514024, 55.21835017], [9.96574354, 55.21816134], [9.98292065, 55.21305871], [9.98698211, 55.21102536], [9.98447704, 55.20996225], [9.98934865, 55.20556235], [9.98933864, 55.20493662], [9.98801875, 55.20040774], [9.98569047, 55.19935203], [9.9864217, 55.19624925], [9.98554838, 55.1953125], [9.98593307, 55.1953125], [9.9835906, 55.18855023], [9.98380244, 55.18817782], [9.99449563, 55.18384278], [9.99599135, 55.18373787], [9.99591231, 55.18591106], [9.99643505, 55.18609762], [10.00105846, 55.18589282], [10.00646424, 55.19067287], [10.00277674, 55.19005907], [9.99692261, 55.19228518], [9.99668467, 55.19243562], [9.99746287, 55.19438565], [9.99518466, 55.1953125], [9.99532771, 55.1953125], [9.99072266, 55.19897771], [9.99060476, 55.19944692], [9.99253523, 55.20140076], [9.99334598, 55.20179045], [9.99480867, 55.20158422], [10.00229943, 55.19857931], [10.01781976, 55.1953125], [10.01807046, 55.1953125], [10.02094138, 55.18665886], [10.01790488, 55.18407965], [10.01886976, 55.18192518], [10.02370822, 55.18087566], [10.03152275, 55.18118405], [10.03230143, 55.18105495], [10.05426991, 55.17558324], [10.06147754, 55.17529976], [10.08464384, 55.17553866], [10.08520508, 55.17568445], [10.08895087, 55.17761493], [10.09143055, 55.1824671], [10.10031581, 55.18291652], [10.10592341, 55.18964636], [10.10923386, 55.19032347], [10.11199987, 55.18947136], [10.117329, 55.18545365], [10.12036765, 55.17595971], [10.13228166, 55.1668328], [10.13513172, 55.16310585], [10.13311374, 55.15847135], [10.13414395, 55.15433133], [10.14402425, 55.15472102], [10.14314425, 55.15256286], [10.14768791, 55.15086186], [10.14941061, 55.14605784], [10.15872145, 55.13989091], [10.16225231, 55.13243532], [10.17406654, 55.12881243], [10.17522383, 55.12798452], [10.17523217, 55.12731183], [10.17363334, 55.12647057], [10.16594994, 55.12580526], [10.15830982, 55.12186635], [10.14666414, 55.12319171], [10.14702046, 55.12086773], [10.13908947, 55.12097371], [10.13414717, 55.11721873], [10.11639094, 55.11605811], [10.11410916, 55.11282635], [10.10672736, 55.10977697], [10.10470355, 55.10620725], [10.10136664, 55.10529852], [10.09821844, 55.10509026], [10.08912528, 55.10762787], [10.08304882, 55.1064769], [10.08152795, 55.10456467], [10.09086335, 55.10573685], [10.09380984, 55.10412276], [10.09371698, 55.10279608], [10.09174585, 55.10026801], [10.08111763, 55.09791982], [10.07088375, 55.08620608], [10.07356644, 55.07632995], [10.07383788, 55.0761559], [10.07859051, 55.07580554], [10.09615457, 55.07945466], [10.10644484, 55.08385634], [10.11234856, 55.08472431], [10.1287204, 55.09061384], [10.16196585, 55.07917035], [10.17166495, 55.07791114], [10.18094385, 55.07917416], [10.18436551, 55.07875276], [10.18489814, 55.07856715], [10.1953125, 55.07087052], [10.19795775, 55.06909072], [10.19817591, 55.06868207], [10.19689906, 55.06504154], [10.19758582, 55.06313026], [10.19858086, 55.06208217], [10.20384717, 55.05969405], [10.2047677, 55.05934334], [10.20717227, 55.05936551], [10.21695924, 55.06254518], [10.21305633, 55.0688045], [10.2160871, 55.07084584], [10.22468054, 55.07225752], [10.2253195, 55.07467926], [10.22994137, 55.07829547], [10.2220329, 55.08885193], [10.2090013, 55.09437788], [10.21536911, 55.09544575], [10.21634817, 55.09753907], [10.22887266, 55.10087192], [10.23473692, 55.09775782], [10.23212123, 55.09652674], [10.23060226, 55.09698534], [10.23304927, 55.09570587], [10.23165715, 55.09481275], [10.23355555, 55.09548855], [10.23385096, 55.09416103], [10.23499, 55.09512663], [10.23731041, 55.09348512], [10.23815405, 55.09512663], [10.24017906, 55.09362996], [10.23866045, 55.0928092], [10.24583244, 55.0925436], [10.25968826, 55.08531046], [10.27141964, 55.08479261], [10.28183806, 55.08087802], [10.28530765, 55.07902551], [10.29052293, 55.07265306], [10.2975198, 55.07106543], [10.29811764, 55.0673933], [10.30198097, 55.06493652], [10.32027245, 55.06214595], [10.32116056, 55.05942655], [10.31862056, 55.0556879], [10.31973541, 55.05418575], [10.33090711, 55.05251634], [10.33919597, 55.05379725], [10.34597421, 55.05349398], [10.3490535, 55.05117464], [10.35575485, 55.05053055], [10.35987794, 55.05181146], [10.36550212, 55.05738711], [10.37110615, 55.05900514], [10.37113142, 55.06151187], [10.36865902, 55.06336606], [10.37357533, 55.06461453], [10.37839484, 55.05924225], [10.38377094, 55.05842495], [10.38794482, 55.05534875], [10.38825202, 55.04808056], [10.41372335, 55.03980565], [10.41664743, 55.03996336], [10.41811371, 55.0420444], [10.42589986, 55.04085398], [10.43135226, 55.04230785], [10.43680465, 55.04108775], [10.45992827, 55.03996181], [10.47028303, 55.04253781], [10.47212815, 55.04087734], [10.47471511, 55.04133785], [10.4824692, 55.03780353], [10.48976231, 55.03076553], [10.51273692, 55.02653623], [10.52105784, 55.02757907], [10.52759922, 55.0314995], [10.53392291, 55.03318393], [10.54041874, 55.03302085], [10.546875, 55.03487706], [10.55334783, 55.03578103], [10.55957794, 55.03715014], [10.56657875, 55.04011977], [10.59469736, 55.04628551], [10.59678614, 55.04698718], [10.59968197, 55.04820704], [10.60008764, 55.05014062], [10.60481644, 55.05183041], [10.60420775, 55.05333245], [10.60579956, 55.05252767], [10.61080921, 55.05239356], [10.61235416, 55.05301046], [10.61338425, 55.05346656], [10.61478925, 55.05523682], [10.61432111, 55.05912602], [10.61661565, 55.05743623], [10.61872292, 55.05899191], [10.6205492, 55.05853593], [10.62148583, 55.05934048], [10.61769271, 55.0604403], [10.61689663, 55.06049395], [10.61446154, 55.05958188], [10.61488295, 55.06210315], [10.62410808, 55.05952835], [10.63661122, 55.05958188], [10.64546096, 55.05426705], [10.64952445, 55.05573857], [10.65355825, 55.05506051], [10.65853596, 55.05754948], [10.6643877, 55.05610001], [10.66834855, 55.05802012], [10.67566943, 55.05690968], [10.68426836, 55.05751252], [10.68494666, 55.05966616], [10.68815982, 55.06032598], [10.68871284, 55.06297505], [10.69116652, 55.06330752], [10.70393455, 55.06128538], [10.70549488, 55.05935407], [10.70370436, 55.05694175], [10.70627856, 55.05618286], [10.71227884, 55.06054318], [10.72486293, 55.06490445], [10.74278581, 55.06861258], [10.7510308, 55.07832086], [10.75279164, 55.08309245], [10.75199747, 55.09033883], [10.75483978, 55.09504402], [10.76549494, 55.1006937], [10.77452338, 55.10143101], [10.77050126, 55.10855818], [10.77315915, 55.11454105], [10.77883661, 55.11952364], [10.77988863, 55.13296521], [10.78650546, 55.13901114], [10.78357601, 55.14305925], [10.78357351, 55.1477195], [10.79141533, 55.15571344], [10.79049468, 55.15923715], [10.7924968, 55.16606367], [10.79974842, 55.17009676], [10.8014909, 55.17177117], [10.80386305, 55.17597163], [10.80536056, 55.17890394], [10.80932951, 55.1953125], [10.80895758, 55.1953125], [10.80901444, 55.19715095], [10.81226075, 55.20393181], [10.81225657, 55.20455694], [10.80861175, 55.21923602], [10.81476235, 55.23104107], [10.80737162, 55.2398262], [10.80517244, 55.24603462], [10.79919207, 55.25244451], [10.79623175, 55.26267076], [10.78779793, 55.27247965], [10.78654695, 55.27735198], [10.79269505, 55.28726256], [10.78837574, 55.29170907], [10.78227484, 55.29440641], [10.74789345, 55.29570484], [10.75079477, 55.29680717], [10.75588095, 55.29649961], [10.75919616, 55.29823375], [10.76226473, 55.29740357], [10.76937151, 55.29847598], [10.77841234, 55.29690731], [10.78002107, 55.29894233], [10.78364921, 55.30022967], [10.78864372, 55.29816437], [10.78982174, 55.30119526], [10.78902066, 55.30411887], [10.78647625, 55.30419946], [10.78661764, 55.30773985], [10.78925622, 55.30484307], [10.78972745, 55.30859816], [10.7913295, 55.30859816], [10.79415655, 55.30318022], [10.79726624, 55.30529904], [10.80442822, 55.30269742], [10.80725515, 55.29910314], [10.81078911, 55.29805708], [10.81319213, 55.29878128], [10.8108834, 55.29642105], [10.81517112, 55.29537487], [10.81922007, 55.29792881], [10.82689464, 55.29533803], [10.82473767, 55.29208303], [10.8308953, 55.28867555], [10.82858467, 55.28686655], [10.82682812, 55.28849256], [10.82517493, 55.28834212], [10.8225553, 55.28580344], [10.82742023, 55.28522682], [10.83903158, 55.28712106], [10.84245145, 55.2890625], [10.85111022, 55.28973865], [10.85076106, 55.29203224], [10.84632742, 55.29350281], [10.84270775, 55.29710758], [10.85288072, 55.29869115], [10.85223126, 55.30001605], [10.84406555, 55.29955375], [10.83548844, 55.3011229], [10.81815016, 55.31067693], [10.81245255, 55.31820846], [10.80822945, 55.32966042], [10.80837774, 55.33393896], [10.80297506, 55.34327233], [10.78983974, 55.36021244], [10.78329277, 55.36676371], [10.77619743, 55.37109375], [10.77568507, 55.37109375], [10.77163041, 55.37610304], [10.76906133, 55.38374984], [10.76455915, 55.38751245], [10.75331306, 55.39240861], [10.73818827, 55.40126193], [10.73348331, 55.40458715], [10.73056722, 55.40704453], [10.7247771, 55.41541111], [10.71489966, 55.41648817], [10.70824826, 55.41970086], [10.6966207, 55.42781973], [10.68911052, 55.43654561], [10.67098677, 55.443928], [10.67009115, 55.44449866], [10.66738641, 55.44748843], [10.66695213, 55.45016694], [10.66624165, 55.45085192], [10.66540933, 55.45445144], [10.66572154, 55.45574963], [10.66759455, 55.45923114], [10.66950393, 55.46137691], [10.67313874, 55.46389055], [10.6895473, 55.46675396], [10.69507313, 55.47016871], [10.70632684, 55.47426236], [10.70938528, 55.47482097], [10.71495748, 55.47537506], [10.71602595, 55.47526455], [10.72542763, 55.47304881], [10.73588765, 55.47356045], [10.73680794, 55.47369635], [10.74720502, 55.47672462], [10.74839842, 55.47731876], [10.74923754, 55.47904563], [10.74915314, 55.4817003], [10.74845314, 55.48252523], [10.73865676, 55.49040306], [10.73983336, 55.49340796], [10.72185266, 55.50290751], [10.71331835, 55.51129484], [10.70314252, 55.52728045], [10.70597434, 55.53948617], [10.69614172, 55.546875], [10.69627666, 55.546875], [10.69629765, 55.54707026], [10.68863404, 55.54938614], [10.68006325, 55.55453706], [10.67892265, 55.56037295], [10.67277145, 55.56848955], [10.66275847, 55.57354963], [10.65184784, 55.58914626], [10.63204372, 55.60412812], [10.61983311, 55.61867201], [10.61602986, 55.61933565], [10.60915744, 55.61814105], [10.61499906, 55.61871147], [10.61833537, 55.61746097], [10.61850941, 55.61423731], [10.61547554, 55.61039054], [10.60498261, 55.61021233], [10.60101914, 55.60915053], [10.59579265, 55.61110747], [10.5995748, 55.61314237], [10.59559846, 55.61545491], [10.59318733, 55.62000871], [10.59110892, 55.62076986], [10.58785856, 55.61646473], [10.58785868, 55.61342096], [10.5883708, 55.61271334], [10.59006476, 55.61146116], [10.60194635, 55.60789752], [10.60836887, 55.60287464], [10.61283207, 55.60308695], [10.60731804, 55.60529542], [10.61012816, 55.60817945], [10.61088955, 55.60844195], [10.61357915, 55.60876965], [10.6159451, 55.60829616], [10.61692882, 55.60778415], [10.61960685, 55.60561991], [10.62070572, 55.60132146], [10.62070644, 55.60067093], [10.61915565, 55.59719634], [10.62890065, 55.58940995], [10.62908804, 55.58891988], [10.62750077, 55.58583117], [10.63113856, 55.57963026], [10.63142276, 55.57432723], [10.62638652, 55.57532787], [10.62238753, 55.57349706], [10.62362981, 55.57116008], [10.62866378, 55.57153034], [10.63362551, 55.56766283], [10.6299901, 55.56654716], [10.63173401, 55.56527245], [10.62901866, 55.56178915], [10.63048816, 55.56070948], [10.62681115, 55.55798364], [10.62605906, 55.55785251], [10.62349641, 55.55849397], [10.61855352, 55.56176674], [10.61808467, 55.56213152], [10.61719465, 55.56581032], [10.61357641, 55.56681788], [10.61247861, 55.56797266], [10.60414493, 55.57737553], [10.60298634, 55.58136022], [10.60271215, 55.58164454], [10.59989846, 55.58390474], [10.59742141, 55.58409596], [10.59666276, 55.58363795], [10.59931004, 55.58158207], [10.60049915, 55.57291818], [10.60543954, 55.56992066], [10.60538137, 55.55873477], [10.61535096, 55.55283725], [10.61837077, 55.546875], [10.61905324, 55.546875], [10.62085307, 55.54496205], [10.62077618, 55.54152823], [10.61838675, 55.53042781], [10.62726283, 55.52572465], [10.62965894, 55.52413631], [10.6307137, 55.52231336], [10.63058007, 55.52166212], [10.62559867, 55.51733768], [10.62104416, 55.51624584], [10.61590636, 55.51677334], [10.59981883, 55.52267706], [10.5994426, 55.5228585], [10.60173535, 55.52423596], [10.60033047, 55.52771437], [10.59678686, 55.53030801], [10.58945847, 55.53202856], [10.58827782, 55.53203571], [10.57801962, 55.53019714], [10.56961525, 55.52610326], [10.5675503, 55.52413523], [10.56715167, 55.52016282], [10.571123, 55.51631343], [10.57885432, 55.51389933], [10.58884084, 55.51364243], [10.61752272, 55.50566566], [10.62052631, 55.50320876], [10.61955404, 55.49602675], [10.62525582, 55.49432397], [10.6271553, 55.49158084], [10.62537205, 55.48814476], [10.61234522, 55.47858596], [10.60736978, 55.47952521], [10.60308814, 55.48352551], [10.58831227, 55.48202217], [10.5808115, 55.48244321], [10.57298446, 55.47646165], [10.55728173, 55.47543311], [10.55905116, 55.47329581], [10.55658925, 55.47109878], [10.55607832, 55.47103393], [10.54975951, 55.47155523], [10.54909694, 55.47173822], [10.546875, 55.47321415], [10.54006052, 55.47645092], [10.53570616, 55.47115076], [10.53903842, 55.47002971], [10.53424835, 55.47056067], [10.53070796, 55.46772826], [10.53070796, 55.46973455], [10.52352321, 55.46525002], [10.51675475, 55.46578097], [10.49126852, 55.47240162], [10.48366761, 55.47331095], [10.48312211, 55.47107971], [10.48949885, 55.46231031], [10.49738133, 55.45553374], [10.49778855, 55.45187438], [10.49336076, 55.45018828], [10.49101818, 55.44644666], [10.48242176, 55.4444586], [10.47408044, 55.43829644], [10.47052395, 55.43932867], [10.46786106, 55.4383074], [10.4645977, 55.44117534], [10.45740545, 55.44359112], [10.44984674, 55.44136834], [10.44416153, 55.43714166], [10.44055808, 55.43680286], [10.4332633, 55.43912816], [10.42576361, 55.43754256], [10.42541981, 55.43912721], [10.43163884, 55.44453454], [10.43580735, 55.45184934], [10.43349564, 55.45355952], [10.42771626, 55.45343292], [10.43683207, 55.45857155], [10.43736434, 55.4645859], [10.44477975, 55.46604764], [10.43793011, 55.46606207], [10.43444347, 55.46406806], [10.43098831, 55.45843935], [10.43046606, 55.46003354], [10.42440045, 55.45963144], [10.42461324, 55.46109724], [10.43083751, 55.46296406], [10.43616474, 55.46644855], [10.44231713, 55.47256982], [10.44250572, 55.47786486], [10.44548702, 55.47954226], [10.45132685, 55.4779216], [10.45326424, 55.47836554], [10.4554193, 55.48275816], [10.45483911, 55.48668075], [10.46036196, 55.48879635], [10.47297394, 55.48652124], [10.48746121, 55.48546171], [10.48931146, 55.48729694], [10.48780215, 55.48901165], [10.47925031, 55.49121058], [10.48468304, 55.49683964], [10.48753285, 55.49752188], [10.49364901, 55.49531114], [10.50432408, 55.49933577], [10.50310016, 55.50232542], [10.49923193, 55.50441396], [10.49153304, 55.50566947], [10.48402584, 55.51269531], [10.48449028, 55.52031815], [10.4703474, 55.52885604], [10.47181654, 55.53051805], [10.47554445, 55.53049207], [10.48354805, 55.53416133], [10.49755955, 55.53216255], [10.48848522, 55.53793287], [10.49602747, 55.53910673], [10.49149895, 55.54589856], [10.49237287, 55.546875], [10.49362278, 55.546875], [10.49362278, 55.54701436], [10.49490476, 55.54734933], [10.49559522, 55.546875], [10.49581003, 55.546875], [10.49762261, 55.54530132], [10.50696766, 55.54367626], [10.51807666, 55.53986144], [10.52815545, 55.53415167], [10.53711903, 55.52310872], [10.546875, 55.51925206], [10.54771423, 55.51924956], [10.55253851, 55.51374173], [10.55860496, 55.51398301], [10.56116605, 55.51553726], [10.56098843, 55.51596236], [10.55846524, 55.52000964], [10.546875, 55.52706456], [10.546875, 55.52762282], [10.54154396, 55.53043282], [10.51986742, 55.54044485], [10.50366604, 55.546875], [10.50299132, 55.546875], [10.46128845, 55.56310976], [10.42973471, 55.5802747], [10.4227041, 55.58568287], [10.42030513, 55.58679545], [10.41442215, 55.58924615], [10.38780963, 55.59789705], [10.36568606, 55.60328221], [10.35979223, 55.60524905], [10.33142745, 55.61666918], [10.32575762, 55.61909354], [10.32226145, 55.62030387], [10.31303406, 55.62199771], [10.31183302, 55.62214172], [10.29915667, 55.62273824], [10.29129124, 55.62105048], [10.28980815, 55.62013054], [10.28961694, 55.61891067]], [[10.61134768, 55.59480143], [10.61117244, 55.59046125], [10.61583495, 55.58737075], [10.61413705, 55.58538246], [10.61767602, 55.58397007], [10.61882818, 55.58637011], [10.62260413, 55.58850944], [10.62235916, 55.58905041], [10.61691415, 55.58830857], [10.61226654, 55.59802055], [10.61134768, 55.59480143]], [[10.60963285, 55.58586836], [10.60885572, 55.58596265], [10.60740387, 55.58469915], [10.60666513, 55.58196986], [10.60887921, 55.57828975], [10.6081866, 55.57591534], [10.61038506, 55.57560503], [10.61127806, 55.57574785], [10.61539364, 55.57805026], [10.61537302, 55.57821906], [10.61240232, 55.5838443], [10.60963285, 55.58586836]], [[10.6056813, 55.59423447], [10.60388637, 55.59464014], [10.60145915, 55.59374046], [10.60033262, 55.59220672], [10.60840225, 55.58961713], [10.60848701, 55.59146595], [10.6056813, 55.59423447]], [[10.48556018, 55.53154886], [10.48470092, 55.53174818], [10.48304367, 55.53138936], [10.48304367, 55.53055251], [10.48529351, 55.52935743], [10.49120355, 55.52806115], [10.48556018, 55.53154886]], [[10.46401644, 55.47864485], [10.46191204, 55.47561896], [10.45600927, 55.47374213], [10.45501041, 55.4722718], [10.45852947, 55.47090757], [10.46457911, 55.47070277], [10.46834743, 55.46644592], [10.47405815, 55.46596825], [10.47506893, 55.46761525], [10.47336066, 55.46998703], [10.46642733, 55.47275031], [10.46713185, 55.47503304], [10.47176135, 55.47696125], [10.47199762, 55.47728002], [10.47113824, 55.47885442], [10.46936655, 55.47880626], [10.46401644, 55.47864485]], [[10.46045935, 55.46701956], [10.45936775, 55.46710801], [10.45903695, 55.4669795], [10.45783532, 55.46360755], [10.46324337, 55.46295273], [10.46507704, 55.46443057], [10.46213543, 55.46670592], [10.46045935, 55.46701956]], [[10.47977507, 55.45708811], [10.48829508, 55.45510805], [10.48942876, 55.45529866], [10.48936987, 55.45569372], [10.48707414, 55.45915842], [10.48662293, 55.45951676], [10.48271203, 55.46230555], [10.48068345, 55.46203172], [10.47977507, 55.45708811]], [[10.59977114, 55.61428416], [10.60137892, 55.61424565], [10.60195041, 55.61453474], [10.60325408, 55.61636722], [10.60472405, 55.61409831], [10.60677183, 55.61646914], [10.6065768, 55.61669934], [10.60295224, 55.61781502], [10.59994733, 55.61690331], [10.59965563, 55.61673641], [10.59901226, 55.61465335], [10.59977114, 55.61428416]], [[10.78059065, 55.50873351], [10.78719234, 55.50728297], [10.78766835, 55.50745428], [10.79996002, 55.51063705], [10.80108941, 55.51298034], [10.79040611, 55.51807654], [10.78936398, 55.51816964], [10.78078246, 55.51656115], [10.77945995, 55.51567817], [10.77925265, 55.51487887], [10.78059065, 55.50873351]], [[11.07903194, 55.48218453], [11.07249904, 55.47413886], [11.07608724, 55.47459757], [11.07923436, 55.47477901], [11.08023202, 55.47514677], [11.07813215, 55.47725272], [11.07829487, 55.47984362], [11.08037436, 55.48144448], [11.07967305, 55.48211098], [11.07903194, 55.48218453]], [[11.08304965, 55.4760102], [11.08131421, 55.4752022], [11.08783996, 55.47527862], [11.08524716, 55.47733438], [11.08475685, 55.47733665], [11.0802356, 55.47698784], [11.08304965, 55.4760102]], [[10.95104694, 55.32865584], [10.9448626, 55.32475793], [10.95362163, 55.32749712], [10.96615565, 55.32884896], [10.98763073, 55.33382165], [10.9912523, 55.33534515], [10.99149823, 55.33617127], [10.99012995, 55.33650935], [10.97948205, 55.33488393], [10.97761464, 55.33555985], [10.98907375, 55.3397119], [10.98915863, 55.34111202], [10.98839462, 55.34154654], [10.98695171, 55.34173965], [10.97829366, 55.33937395], [10.97160065, 55.33902037], [10.96343946, 55.33541501], [10.95894074, 55.33121455], [10.95104694, 55.32865584]], [[11.17041886, 55.23076475], [11.17239678, 55.20011151], [11.17272913, 55.19899642], [11.17306554, 55.19868255], [11.18105662, 55.1953125], [11.18231678, 55.1953125], [11.19204426, 55.19270682], [11.20414984, 55.18730426], [11.20895207, 55.18341792], [11.21230257, 55.18304133], [11.21674538, 55.18571103], [11.2165277, 55.19151795], [11.21834958, 55.1953125], [11.21870637, 55.1953125], [11.22058964, 55.19720161], [11.22025454, 55.19808745], [11.21803105, 55.19893014], [11.21730113, 55.19867694], [11.21728432, 55.19663203], [11.21479476, 55.1953125], [11.21445406, 55.1953125], [11.21410227, 55.19488776], [11.21537995, 55.19373345], [11.21538281, 55.19357002], [11.21268165, 55.18957198], [11.21247268, 55.18933833], [11.20982265, 55.18947852], [11.20836401, 55.18754578], [11.20719004, 55.18965972], [11.19900727, 55.19238555], [11.19975746, 55.19307387], [11.19754231, 55.19404793], [11.19741166, 55.1953125], [11.20314765, 55.19403446], [11.20388293, 55.19405484], [11.20568955, 55.1953125], [11.20550466, 55.1953125], [11.20712686, 55.19827771], [11.20374334, 55.20058727], [11.19676411, 55.20216668], [11.20239234, 55.20527983], [11.19844985, 55.20883787], [11.19972646, 55.21104705], [11.19675755, 55.21361315], [11.19581926, 55.21922481], [11.19546235, 55.21977842], [11.19101202, 55.22428894], [11.18333685, 55.22715151], [11.17932415, 55.2305001], [11.18195486, 55.23338783], [11.17987037, 55.23733234], [11.18008256, 55.23755026], [11.18566525, 55.23916435], [11.18513036, 55.24024045], [11.18943405, 55.23923671], [11.19050825, 55.23954082], [11.19057155, 55.24067664], [11.18978691, 55.24352825], [11.18674827, 55.24626613], [11.1739434, 55.25092745], [11.17229557, 55.25107205], [11.17011857, 55.25026572], [11.16833305, 55.24874377], [11.16833115, 55.24734998], [11.17456996, 55.24204254], [11.17132866, 55.23702502], [11.17041886, 55.23076475]], [[11.36788344, 55.18641341], [11.37318671, 55.18639135], [11.35961235, 55.18875372], [11.35325146, 55.19335377], [11.34970951, 55.19264841], [11.33437812, 55.19503343], [11.33034325, 55.1953125], [11.32790863, 55.1953125], [11.32794762, 55.19516528], [11.32756281, 55.19504738], [11.32713401, 55.19494021], [11.32676816, 55.19486654], [11.32664025, 55.19493163], [11.32677245, 55.19510996], [11.32693458, 55.1953125], [11.32676673, 55.1953125], [11.32689035, 55.19605875], [11.32616544, 55.19611001], [11.32206535, 55.1953125], [11.31982911, 55.19374037], [11.33335531, 55.19212735], [11.34703934, 55.19193375], [11.3520081, 55.19101942], [11.35940015, 55.18727863], [11.36788344, 55.18641341]], [[11.41612053, 55.19648647], [11.41575754, 55.1953125], [11.41555572, 55.1953125], [11.41549015, 55.19237363], [11.41571188, 55.19208932], [11.42060256, 55.19072306], [11.42164421, 55.18916845], [11.4176259, 55.18918943], [11.41743696, 55.19031537], [11.40826571, 55.19358075], [11.40276635, 55.19417596], [11.40045226, 55.19249022], [11.39882696, 55.19487846], [11.39802635, 55.1953125], [11.3951863, 55.19576585], [11.39364386, 55.1953125], [11.39225686, 55.19485605], [11.38703012, 55.18892324], [11.38391232, 55.18834555], [11.40418971, 55.1900053], [11.43742084, 55.18551743], [11.46069074, 55.18735874], [11.46590185, 55.1889466], [11.46699905, 55.19013548], [11.45915008, 55.18921638], [11.45502377, 55.19231701], [11.45638323, 55.19393527], [11.45499694, 55.1953125], [11.45536327, 55.1953125], [11.45578277, 55.19636345], [11.45530391, 55.19666827], [11.44855285, 55.19849503], [11.44834804, 55.19878185], [11.44883156, 55.20137918], [11.45078397, 55.20216191], [11.45071101, 55.20224798], [11.44882166, 55.20357394], [11.44580042, 55.20471501], [11.44058597, 55.20532465], [11.43811262, 55.20628834], [11.43439984, 55.20649684], [11.43279624, 55.20526588], [11.42582285, 55.20643556], [11.42466485, 55.20624268], [11.42423415, 55.20412445], [11.41343093, 55.2021656], [11.41612053, 55.19648647]], [[11.45281923, 55.20198882], [11.45679176, 55.20160544], [11.45858943, 55.20192945], [11.46305835, 55.20410323], [11.45443654, 55.20521605], [11.4524883, 55.20240724], [11.45281923, 55.20198882]], [[11.47020066, 55.19209945], [11.47539055, 55.19174957], [11.47676492, 55.19187474], [11.48113441, 55.19318747], [11.48469961, 55.1953125], [11.48567891, 55.1953125], [11.49060023, 55.19718075], [11.49095273, 55.19776773], [11.48991954, 55.19915092], [11.48936856, 55.19939876], [11.48785555, 55.19874406], [11.48769975, 55.19882262], [11.48521185, 55.19992614], [11.47940385, 55.19897687], [11.47394383, 55.1953125], [11.47350025, 55.1953125], [11.47020066, 55.19209945]], [[10.88802314, 55.21945655], [10.88749325, 55.21954572], [10.88530242, 55.21917868], [10.88285816, 55.21716714], [10.88265443, 55.21694374], [10.88044143, 55.21326804], [10.88065493, 55.21209514], [10.88159263, 55.21235561], [10.88802314, 55.21945655]], [[11.17892528, 55.17637527], [11.16422331, 55.17050683], [11.16142774, 55.17238855], [11.15777707, 55.17176127], [11.14120555, 55.16280937], [11.13259113, 55.16001916], [11.14085436, 55.15342832], [11.14187706, 55.14638877], [11.15090776, 55.13960016], [11.15304506, 55.14074445], [11.15465498, 55.1462785], [11.16242623, 55.15692556], [11.16752267, 55.16124737], [11.18054748, 55.16642702], [11.17817247, 55.16937745], [11.17868674, 55.17445803], [11.17945576, 55.17564893], [11.17983305, 55.17629135], [11.17892528, 55.17637527]], [[11.7152853, 55.1413635], [11.71166122, 55.13849354], [11.71132016, 55.13750613], [11.71126497, 55.13571811], [11.71342862, 55.13147032], [11.7130692, 55.12458146], [11.71532345, 55.12334585], [11.71747243, 55.1230787], [11.71792126, 55.12338674], [11.723158, 55.13131654], [11.72877598, 55.13620472], [11.72899306, 55.13655221], [11.72724855, 55.13828981], [11.72117925, 55.14209533], [11.72328258, 55.14585304], [11.72055161, 55.14706087], [11.71892846, 55.14724696], [11.71693206, 55.14617741], [11.7152853, 55.1413635]], [[10.70042515, 55.05504036], [10.69274497, 55.05421495], [10.67123365, 55.04997373], [10.65608966, 55.05212975], [10.65347922, 55.05405664], [10.6553148, 55.05186784], [10.65137756, 55.05123067], [10.64674544, 55.04855931], [10.65046668, 55.04201984], [10.64996076, 55.03929198], [10.65074456, 55.03844798], [10.65262914, 55.03782284], [10.65328097, 55.03785324], [10.66587806, 55.04140592], [10.70016396, 55.04118574], [10.69984365, 55.03963017], [10.69116485, 55.03769696], [10.67096603, 55.03678381], [10.66849387, 55.03372157], [10.66814756, 55.02974975], [10.68441796, 55.0296061], [10.70099044, 55.03408945], [10.70912504, 55.03061545], [10.71593225, 55.02989638], [10.71568632, 55.03781295], [10.7110697, 55.04448402], [10.71092355, 55.04875016], [10.7085253, 55.05228734], [10.70739961, 55.05299854], [10.70218897, 55.05434763], [10.70042515, 55.05504036]], [[10.65741015, 55.03332531], [10.64962006, 55.03505433], [10.64478695, 55.03500044], [10.63857091, 55.03702486], [10.64348078, 55.04058385], [10.64371061, 55.04473114], [10.63979328, 55.04738367], [10.63417077, 55.04874456], [10.63780165, 55.05115795], [10.6369065, 55.05340123], [10.63070714, 55.05505323], [10.62504196, 55.05456614], [10.62139022, 55.05534411], [10.62059426, 55.05526364], [10.6204071, 55.05416393], [10.62265444, 55.05239356], [10.62457395, 55.05258143], [10.60594165, 55.04593873], [10.59648621, 55.03772593], [10.58998275, 55.03757906], [10.58376753, 55.03551447], [10.57880557, 55.03219521], [10.57307124, 55.03053427], [10.57317924, 55.02803481], [10.57032931, 55.02628005], [10.56417775, 55.02511072], [10.55815482, 55.02119911], [10.546875, 55.01729906], [10.54525864, 55.01689064], [10.54517245, 55.01624143], [10.54183567, 55.01615667], [10.54027593, 55.01522613], [10.53266525, 55.00849187], [10.52966607, 55.00788534], [10.51757813, 55.00920761], [10.51417232, 55.00750554], [10.51400244, 55.00460374], [10.51831186, 54.99851048], [10.52424204, 54.99657571], [10.53510547, 54.99640381], [10.53368962, 54.99486375], [10.52859747, 54.99509823], [10.52358174, 54.99258924], [10.52551568, 54.98976386], [10.52423501, 54.98360455], [10.52492845, 54.97691202], [10.52564001, 54.97589481], [10.52962875, 54.97219884], [10.546875, 54.96428573], [10.546875, 54.96400654], [10.54993391, 54.96247005], [10.55110645, 54.96079957], [10.55065727, 54.95809722], [10.54779744, 54.95441484], [10.549968, 54.95181835], [10.55392158, 54.95172453], [10.55685055, 54.95337141], [10.56288457, 54.95252705], [10.56353867, 54.95156133], [10.56664121, 54.95196736], [10.56169403, 54.94858205], [10.55867052, 54.94882691], [10.55517054, 54.94758975], [10.55377233, 54.94485712], [10.55375958, 54.94408262], [10.55479515, 54.94268775], [10.55533195, 54.94270182], [10.56787181, 54.94682205], [10.57017076, 54.94858456], [10.57985675, 54.94861591], [10.57837045, 54.94981253], [10.57980001, 54.95172966], [10.57607591, 54.95339274], [10.57704866, 54.95537102], [10.5875653, 54.95530474], [10.60257816, 54.95337451], [10.61252785, 54.94897842], [10.62040186, 54.94810355], [10.62354398, 54.95316935], [10.62899601, 54.95553625], [10.6330893, 54.96159256], [10.64391208, 54.96403623], [10.65318215, 54.97183955], [10.67068684, 54.97397506], [10.68470228, 54.97405875], [10.68699145, 54.9720937], [10.68877196, 54.97363472], [10.68965447, 54.97839081], [10.68962133, 54.978652], [10.68687606, 54.98646665], [10.69056225, 54.98859036], [10.69073546, 54.99176657], [10.69350576, 54.99378896], [10.69276261, 54.996912], [10.68362606, 54.99813175], [10.6783849, 54.99558294], [10.67145133, 54.99453485], [10.66798961, 54.9897629], [10.66678476, 54.98449874], [10.65488684, 54.97817624], [10.64516902, 54.9807775], [10.63220382, 54.98150921], [10.62640524, 54.98534453], [10.62391663, 54.99053585], [10.62607634, 54.99305963], [10.63173687, 54.99372828], [10.63597524, 54.99547315], [10.63640916, 54.99595416], [10.63834631, 54.99818635], [10.63904703, 55.00486934], [10.64844155, 55.01827145], [10.64953506, 55.01953125], [10.65010393, 55.01953125], [10.65675986, 55.02159476], [10.65722716, 55.02186477], [10.65976465, 55.02469015], [10.65990615, 55.02533722], [10.65704036, 55.02858937], [10.65741015, 55.03332531]], [[10.67835653, 54.95726335], [10.67964017, 54.95407891], [10.68537605, 54.95457232], [10.69077134, 54.94904721], [10.69504893, 54.9503808], [10.69870818, 54.94927967], [10.70136488, 54.94927883], [10.70185411, 54.94976413], [10.7017765, 54.95585978], [10.69610846, 54.95781231], [10.68531203, 54.96003294], [10.67944884, 54.95848191], [10.66837084, 54.9613198], [10.66622925, 54.96075702], [10.66508234, 54.95870483], [10.66506076, 54.95841873], [10.66708744, 54.9577738], [10.67835653, 54.95726335]], [[10.58676946, 54.94861472], [10.58213174, 54.95121157], [10.58188307, 54.95105672], [10.58083665, 54.94940686], [10.58620608, 54.94722283], [10.58797574, 54.94743907], [10.58784437, 54.94802237], [10.58676946, 54.94861472]], [[10.49003434, 54.95917046], [10.49004054, 54.96109831], [10.49073243, 54.96175814], [10.49710357, 54.96538746], [10.49699974, 54.96697235], [10.49643874, 54.96765554], [10.495314, 54.96847546], [10.49463856, 54.96805906], [10.49387205, 54.96715605], [10.49099243, 54.96703506], [10.49081004, 54.96574032], [10.47683156, 54.96674156], [10.47799313, 54.96451426], [10.47150016, 54.96578085], [10.47071552, 54.96772563], [10.46673012, 54.96776176], [10.48086274, 54.95928311], [10.48341274, 54.95849228], [10.48441255, 54.95849574], [10.49003434, 54.95917046]], [[10.42712545, 54.96265805], [10.44072604, 54.97081435], [10.43808234, 54.97430003], [10.42543185, 54.98144591], [10.42371762, 54.98151422], [10.42566955, 54.97708046], [10.42484605, 54.97594881], [10.42324555, 54.97493553], [10.4148339, 54.97440815], [10.41389143, 54.97447944], [10.41202223, 54.97492552], [10.40838885, 54.97843671], [10.4025104, 54.97691345], [10.38928366, 54.97816706], [10.38605773, 54.97882163], [10.38565147, 54.97911108], [10.38603556, 54.98225176], [10.38557231, 54.98238897], [10.38467562, 54.98246026], [10.38004184, 54.98157155], [10.37765682, 54.97952425], [10.37526035, 54.97823894], [10.37410533, 54.97803927], [10.36715746, 54.97929287], [10.36583746, 54.9791857], [10.36231816, 54.97801936], [10.36145675, 54.97682691], [10.36542654, 54.97181523], [10.36964083, 54.97074175], [10.37263691, 54.97099304], [10.3734045, 54.97122395], [10.37453961, 54.9733392], [10.38095736, 54.9766469], [10.38577104, 54.97760427], [10.39035165, 54.97710597], [10.39746833, 54.9729737], [10.40755486, 54.96928275], [10.41243732, 54.96578765], [10.42045474, 54.96252501], [10.42172444, 54.9624027], [10.42712545, 54.96265805]], [[10.01426923, 54.96254992], [10.00053668, 54.98117542], [9.99446726, 54.98576343], [9.98920286, 54.98791897], [9.98623466, 54.99158788], [9.98506582, 54.99126613], [9.9842242, 54.99204385], [9.98600101, 54.99424326], [9.98417735, 54.99502122], [9.98169935, 54.99351907], [9.97842598, 54.99403477], [9.96864414, 55.00187147], [9.96637476, 55.00532091], [9.96501005, 55.00636935], [9.95782948, 55.01021361], [9.94028735, 55.01605821], [9.91832376, 55.01953125], [9.91687095, 55.01953125], [9.91705585, 55.01938808], [9.90926683, 55.01848745], [9.90234375, 55.01953125], [9.90072048, 55.01953125], [9.87901342, 55.02643836], [9.87114906, 55.03221393], [9.86126804, 55.03704917], [9.852777, 55.04529703], [9.84375, 55.04799104], [9.84375, 55.04827011], [9.8430196, 55.04827011], [9.8308444, 55.05387926], [9.81983447, 55.06270111], [9.81580114, 55.06467175], [9.81300187, 55.06570935], [9.7992866, 55.06950498], [9.77280343, 55.07941127], [9.77139688, 55.07979095], [9.76035011, 55.08208835], [9.75245082, 55.08370531], [9.74381757, 55.08367157], [9.72163785, 55.07896912], [9.71300852, 55.07916903], [9.69995654, 55.07710683], [9.69468153, 55.07436383], [9.66703415, 55.06536496], [9.65120757, 55.05387986], [9.64021444, 55.05202735], [9.63929296, 55.04310823], [9.64366674, 55.03953075], [9.64418924, 55.03935528], [9.65223992, 55.03830123], [9.66109252, 55.03887212], [9.6621803, 55.03873301], [9.67892456, 55.03487706], [9.68408191, 55.03489041], [9.68740535, 55.03519905], [9.68823886, 55.03608871], [9.68591726, 55.03708208], [9.68334305, 55.03601372], [9.67843771, 55.036026], [9.67591584, 55.03707516], [9.67553687, 55.03848183], [9.67595315, 55.03861988], [9.68667364, 55.03823614], [9.69499457, 55.04148698], [9.69719505, 55.0436517], [9.69775891, 55.04380107], [9.70614803, 55.04399741], [9.70721805, 55.04356384], [9.70772386, 55.04294097], [9.70011103, 55.04043484], [9.69884264, 55.03879213], [9.70757175, 55.03880525], [9.70836627, 55.03686774], [9.71076214, 55.03674853], [9.71624994, 55.03185475], [9.70508337, 55.03170991], [9.70306814, 55.03291214], [9.70542765, 55.03699315], [9.69635141, 55.03762376], [9.68971252, 55.03361785], [9.68166494, 55.03127992], [9.67069244, 55.03091872], [9.66278613, 55.02915037], [9.66146398, 55.02872145], [9.65930188, 55.02608717], [9.66075993, 55.02234685], [9.66729474, 55.02183735], [9.66803122, 55.02156556], [9.67040324, 55.01953125], [9.67039001, 55.01953125], [9.67684281, 55.01517713], [9.69181681, 55.00997162], [9.69232547, 55.00968516], [9.69289315, 55.00789964], [9.69347656, 55.00768948], [9.69920504, 55.00677896], [9.70404506, 55.00669634], [9.71808863, 55.00728393], [9.72439957, 55.00914443], [9.73698545, 55.00778341], [9.76614225, 55.01081336], [9.78595626, 55.01129484], [9.79163301, 55.01068175], [9.79238462, 55.01049161], [9.79608285, 55.00826132], [9.79631281, 55.00598276], [9.79435015, 55.00439823], [9.77763963, 55.00023687], [9.77645504, 54.99899793], [9.77627122, 54.99574077], [9.77864027, 54.99346971], [9.79454041, 54.99488664], [9.78617334, 54.99199545], [9.78141034, 54.98877025], [9.782552, 54.98497236], [9.79366922, 54.98191893], [9.79459333, 54.98178828], [9.82230127, 54.97940814], [9.82325423, 54.97920632], [9.83813643, 54.97285581], [9.84160185, 54.97332585], [9.84024394, 54.97053635], [9.8407948, 54.97004688], [9.84375, 54.96958697], [9.84375, 54.96930802], [9.84715128, 54.96848476], [9.84813285, 54.96838605], [9.85112393, 54.97025776], [9.85964, 54.97075403], [9.85876203, 54.9697175], [9.85318124, 54.9688462], [9.85499561, 54.96604967], [9.84986937, 54.96474338], [9.84670377, 54.96622014], [9.845348, 54.96618295], [9.84375, 54.96595967], [9.84375, 54.96568084], [9.83869863, 54.96419775], [9.83710122, 54.96013343], [9.83381045, 54.95805275], [9.83362496, 54.95731998], [9.83465564, 54.95557356], [9.83717072, 54.95469856], [9.84375, 54.95479906], [9.84375, 54.95452011], [9.84716332, 54.9537549], [9.85422838, 54.95441926], [9.85615826, 54.95381737], [9.8563714, 54.95336628], [9.85594201, 54.95261848], [9.85020506, 54.95279348], [9.84375, 54.95061386], [9.83718896, 54.94947445], [9.83701766, 54.94925594], [9.83826005, 54.94685423], [9.83856654, 54.94654691], [9.84375, 54.94475436], [9.84375, 54.94447541], [9.84698153, 54.94283128], [9.85575306, 54.94148862], [9.87259471, 54.9436717], [9.87608016, 54.9460721], [9.88057637, 54.94705856], [9.88377798, 54.94579816], [9.88371456, 54.94542384], [9.87500596, 54.94242823], [9.86386251, 54.94090915], [9.84375, 54.93610477], [9.84375, 54.93582594], [9.84243786, 54.93577921], [9.84091365, 54.93481195], [9.83982873, 54.93210566], [9.83815396, 54.93137443], [9.83723724, 54.93140495], [9.83457243, 54.93354332], [9.82505298, 54.93309653], [9.82503545, 54.93407083], [9.8286823, 54.93487537], [9.82903552, 54.93855107], [9.81990337, 54.94186604], [9.81318641, 54.94932234], [9.79072511, 54.96844137], [9.78685105, 54.96955752], [9.77472234, 54.97004437], [9.7629323, 54.97812665], [9.76020467, 54.98156404], [9.75359082, 54.97828686], [9.75891101, 54.97182453], [9.76079512, 54.96508205], [9.76153421, 54.94598043], [9.76539743, 54.9426949], [9.77248478, 54.94158626], [9.76983118, 54.94077861], [9.76542091, 54.94164753], [9.76341236, 54.94015574], [9.76469886, 54.93736255], [9.76363444, 54.93286896], [9.76990807, 54.926862], [9.76902294, 54.91941011], [9.76983762, 54.91844034], [9.77060127, 54.91807938], [9.78093147, 54.91562331], [9.78506267, 54.91090155], [9.78403056, 54.90590262], [9.79290891, 54.90112495], [9.79258001, 54.89797544], [9.79316497, 54.89769614], [9.79870844, 54.89735854], [9.80007756, 54.89702201], [9.80931175, 54.89374816], [9.82352698, 54.89223075], [9.83086705, 54.88889515], [9.83205235, 54.88875902], [9.84375, 54.89034593], [9.84399271, 54.89037526], [9.87656665, 54.9016422], [9.8795557, 54.90071356], [9.87684846, 54.89926195], [9.87929952, 54.89922392], [9.88142395, 54.89988315], [9.88196886, 54.90043032], [9.88400078, 54.90495133], [9.88566971, 54.90594637], [9.89338505, 54.90812695], [9.89866447, 54.90789545], [9.91175115, 54.90500557], [9.91262865, 54.90470982], [9.91902244, 54.90031672], [9.94861865, 54.89264143], [9.95442796, 54.888345], [9.96398234, 54.8858546], [9.98288715, 54.87749016], [9.98863482, 54.87291658], [9.99324715, 54.86507416], [9.99897873, 54.85965455], [10.00800407, 54.86713171], [10.01647556, 54.87106454], [10.03148746, 54.87499285], [10.06242144, 54.87340248], [10.06699502, 54.87440372], [10.07083344, 54.87694585], [10.07117927, 54.87752891], [10.07129455, 54.87901306], [10.06642985, 54.89304554], [10.06397235, 54.8958323], [10.05669832, 54.89801955], [10.04932678, 54.90901947], [10.04558504, 54.91657281], [10.04437864, 54.92067647], [10.04427958, 54.92704475], [10.04555392, 54.93278062], [10.04146338, 54.93367231], [10.02746737, 54.94686914], [10.02545631, 54.95163095], [10.01426923, 54.96254992]], [[9.90004957, 54.89487016], [9.89825165, 54.89661014], [9.88400745, 54.88906658], [9.88134515, 54.88460755], [9.86875963, 54.87853587], [9.86897993, 54.87625957], [9.89028966, 54.86475396], [9.90444124, 54.86492574], [9.91125405, 54.86380982], [9.9219557, 54.85856736], [9.93260527, 54.85540962], [9.93340147, 54.85523903], [9.95149148, 54.85276616], [9.96024144, 54.85247564], [9.96167672, 54.85246825], [9.98229361, 54.85403085], [9.98846161, 54.85239661], [9.98898172, 54.85255825], [9.99207938, 54.85465813], [9.99250174, 54.85547805], [9.98244834, 54.85778236], [9.96955216, 54.86696506], [9.95752466, 54.86740053], [9.95400596, 54.86828482], [9.95370674, 54.86851764], [9.95189178, 54.87413323], [9.94636714, 54.87664437], [9.93351543, 54.87906837], [9.92802, 54.88277411], [9.91479707, 54.88485646], [9.90794706, 54.89219165], [9.90004957, 54.89487016]], [[9.82956946, 54.97164416], [9.83336925, 54.97017145], [9.8340528, 54.97028935], [9.83245003, 54.97218645], [9.83195746, 54.97254992], [9.83003378, 54.97296894], [9.82913005, 54.97248685], [9.82956946, 54.97164416]], [[10.12529421, 55.04836631], [10.12668526, 55.04269278], [10.12697065, 55.04241204], [10.13278306, 55.03980434], [10.13770151, 55.03489482], [10.13837695, 55.03450751], [10.14229965, 55.0326817], [10.14514995, 55.03223741], [10.14835334, 55.03226745], [10.17058003, 55.03601956], [10.17129731, 55.03622878], [10.17715263, 55.04035616], [10.17305076, 55.04172945], [10.17850924, 55.04217911], [10.17872977, 55.04254913], [10.17642546, 55.045928], [10.17388713, 55.04720986], [10.17320347, 55.04739654], [10.15802014, 55.04995275], [10.15348995, 55.04973698], [10.14790106, 55.05014813], [10.14553845, 55.05064797], [10.13996625, 55.05232692], [10.13865602, 55.05366254], [10.13799095, 55.05608761], [10.13832915, 55.05733943], [10.14047313, 55.06092572], [10.14497936, 55.0631659], [10.14346695, 55.06451595], [10.13273037, 55.05713463], [10.13631058, 55.05487084], [10.13177896, 55.05298555], [10.12680221, 55.05298352], [10.12635922, 55.05263817], [10.12487757, 55.04994702], [10.12529421, 55.04836631]], [[10.25586021, 55.05555296], [10.26612854, 55.05394232], [10.26223385, 55.05699766], [10.26061356, 55.05809283], [10.25829434, 55.06276762], [10.24672675, 55.06833065], [10.23569512, 55.07119596], [10.23610532, 55.06600606], [10.24011457, 55.06300294], [10.25586021, 55.05555296]], [[10.32355225, 55.04007685], [10.32194185, 55.03831875], [10.32398641, 55.03712392], [10.32662594, 55.03690612], [10.32760537, 55.0370208], [10.33498061, 55.03948581], [10.3348937, 55.03978193], [10.33295345, 55.04067361], [10.32751346, 55.04073656], [10.32355225, 55.04007685]], [[10.25364947, 55.03939796], [10.25160921, 55.03957856], [10.23986435, 55.03825927], [10.23968375, 55.03805876], [10.23891735, 55.03632104], [10.24247205, 55.03226995], [10.24004924, 55.03028238], [10.23774767, 55.03030562], [10.25228298, 55.01953125], [10.25293767, 55.01953125], [10.26584804, 55.01736724], [10.29280233, 55.01838672], [10.30354142, 55.01478791], [10.30958223, 55.0099436], [10.3103199, 55.00968754], [10.32342625, 55.00730431], [10.32920635, 55.00446415], [10.33978021, 55.00508964], [10.34053504, 55.00990498], [10.33611202, 55.01646078], [10.3324486, 55.01644146], [10.31762922, 55.01183534], [10.31694424, 55.01191831], [10.31228912, 55.01314688], [10.30575264, 55.01765943], [10.29894114, 55.01953125], [10.2970041, 55.01953125], [10.29715896, 55.01941156], [10.29372704, 55.01874793], [10.28489804, 55.01953125], [10.28344655, 55.01953125], [10.27137244, 55.02557552], [10.2670449, 55.03021812], [10.26631904, 55.03076971], [10.25590134, 55.03609598], [10.25364947, 55.03939796]], [[10.45337892, 55.00627077], [10.45349121, 55.00204384], [10.45633745, 54.99922812], [10.46749365, 54.99907887], [10.47529674, 55.00383103], [10.48360384, 55.00392222], [10.48961353, 55.00205386], [10.48993063, 55.00230074], [10.48807943, 55.00395572], [10.4812597, 55.00809145], [10.47694254, 55.00809741], [10.47359526, 55.00989795], [10.4675467, 55.01077402], [10.46336257, 55.01541126], [10.45980752, 55.01034987], [10.45337892, 55.00627077]], [[10.42153096, 54.9828279], [10.42274177, 54.98247194], [10.42356586, 54.98278582], [10.42354465, 54.98316836], [10.42171454, 54.98471761], [10.42004442, 54.98363388], [10.42002726, 54.98346055], [10.42153096, 54.9828279]], [[10.49684107, 54.96968293], [10.49766088, 54.96961713], [10.50023508, 54.97139275], [10.49905825, 54.97341633], [10.50058198, 54.97531295], [10.49878907, 54.97622216], [10.49322057, 54.97212851], [10.49684107, 54.96968293]], [[10.5127207, 54.9624356], [10.51456594, 54.96152568], [10.51579976, 54.96165526], [10.51623034, 54.96216798], [10.51570606, 54.96465886], [10.51272607, 54.96282732], [10.5127207, 54.9624356]], [[10.52512884, 54.96263301], [10.51857507, 54.96032977], [10.51854646, 54.95957196], [10.52045906, 54.95941246], [10.52241015, 54.95985901], [10.52641058, 54.96249127], [10.52512884, 54.96263301]], [[9.57386863, 55.11604345], [9.57261968, 55.11991942], [9.56639004, 55.12425387], [9.56372952, 55.12872767], [9.55423975, 55.13050866], [9.55369937, 55.13060975], [9.54972768, 55.12957966], [9.54515743, 55.12443745], [9.54464817, 55.12385273], [9.54452884, 55.12130535], [9.54515576, 55.12016726], [9.54646993, 55.11936867], [9.55248284, 55.11766315], [9.55262101, 55.11426425], [9.55437481, 55.1119523], [9.55515897, 55.11152005], [9.55934286, 55.11208367], [9.56697106, 55.11085653], [9.56805468, 55.11095226], [9.57136273, 55.11200941], [9.5718677, 55.11250663], [9.57342982, 55.11497736], [9.57386863, 55.11604345]], [[10.00425875, 55.12327695], [10.02415526, 55.11994875], [10.02464735, 55.12005103], [10.02907038, 55.12187624], [10.03011095, 55.12231863], [10.03039145, 55.12262893], [10.0293411, 55.12372494], [10.03314734, 55.12373161], [10.04125297, 55.12846553], [10.04392922, 55.13274491], [10.03790832, 55.13667464], [10.02907276, 55.14665031], [10.01755095, 55.15425026], [10.01310945, 55.15966451], [9.99670517, 55.16680431], [9.99144006, 55.17510748], [9.99514627, 55.17918134], [9.99256063, 55.17911077], [9.98726475, 55.17593527], [9.98697424, 55.17623401], [9.98486483, 55.17972875], [9.98217678, 55.16770971], [9.99075115, 55.15242195], [9.99075115, 55.14816844], [9.98682857, 55.14077008], [9.97700942, 55.13523114], [9.97692645, 55.13322926], [9.98468065, 55.12923574], [10.00046206, 55.12430072], [10.00425875, 55.12327695]], [[10.11058485, 55.1428045], [10.11160862, 55.1426301], [10.11679065, 55.14344501], [10.12178731, 55.14786744], [10.11091244, 55.14339113], [10.11058485, 55.1428045]], [[10.09804332, 55.13800526], [10.09951651, 55.13785625], [10.10348928, 55.13870132], [10.10618913, 55.14156997], [10.09816897, 55.13833201], [10.09804332, 55.13800526]], [[10.09384155, 55.13403296], [10.09013176, 55.13239682], [10.07105386, 55.13250411], [10.06080544, 55.13111711], [10.06482077, 55.13009512], [10.06888044, 55.13092697], [10.089347, 55.13086081], [10.09302974, 55.13203752], [10.09557354, 55.13085115], [10.09727216, 55.13220072], [10.10583556, 55.13061655], [10.11261463, 55.13272774], [10.11274803, 55.13305867], [10.10842824, 55.13384545], [10.09954965, 55.13649654], [10.09384155, 55.13403296]], [[10.11745512, 55.12178874], [10.11552191, 55.11863792], [10.11592305, 55.11804604], [10.11670494, 55.11817336], [10.11898816, 55.12084317], [10.12132812, 55.12160957], [10.11745512, 55.12178874]], [[9.76271665, 55.25086665], [9.76793754, 55.25712335], [9.76078403, 55.25857604], [9.75979185, 55.26074851], [9.75913823, 55.26128304], [9.75784075, 55.27132547], [9.75349224, 55.27400684], [9.73609805, 55.27309072], [9.72663057, 55.27003038], [9.72700965, 55.26458454], [9.73227322, 55.26188636], [9.72867668, 55.26099563], [9.72570837, 55.25771081], [9.72997701, 55.25319684], [9.74050808, 55.24833202], [9.74690175, 55.24755275], [9.75425863, 55.24825525], [9.75934505, 55.24898815], [9.76271665, 55.25086665]], [[9.77498245, 55.26697433], [9.773072, 55.26592231], [9.77122855, 55.2663542], [9.7688359, 55.26415217], [9.76573777, 55.26491284], [9.76536834, 55.26476371], [9.76294005, 55.26271725], [9.76284921, 55.26216185], [9.76348591, 55.26129413], [9.77072728, 55.25993443], [9.77317584, 55.26052165], [9.77560008, 55.26211774], [9.77816796, 55.26707733], [9.77907777, 55.26880121], [9.77862823, 55.27046812], [9.77532077, 55.27530634], [9.77216995, 55.27655923], [9.77273345, 55.27404296], [9.7756803, 55.26901245], [9.77544773, 55.26771832], [9.77498245, 55.26697433]], [[9.77161956, 55.28530312], [9.76811957, 55.28591204], [9.76769745, 55.28559816], [9.76759756, 55.28391397], [9.76948476, 55.28318214], [9.77026141, 55.28347981], [9.77161956, 55.28530312]], [[9.71805155, 55.28806937], [9.71549904, 55.28985393], [9.71018136, 55.28968215], [9.7166785, 55.28771126], [9.71804392, 55.28782427], [9.71805155, 55.28806937]], [[9.80411136, 55.29630697], [9.80882156, 55.29868746], [9.80889285, 55.30021906], [9.81028748, 55.29844797], [9.81893134, 55.29864097], [9.82696021, 55.30012894], [9.82991326, 55.30282962], [9.83041644, 55.31013775], [9.82728922, 55.32108533], [9.82712853, 55.32141256], [9.82299304, 55.32469535], [9.81821525, 55.32622635], [9.81011021, 55.32408655], [9.80966997, 55.32382464], [9.81165814, 55.32293391], [9.81189835, 55.31882393], [9.80606055, 55.31902945], [9.80446553, 55.32018054], [9.80424452, 55.32065177], [9.80694556, 55.32323515], [9.80036604, 55.32462692], [9.79623592, 55.32422245], [9.79395366, 55.32198834], [9.78952575, 55.31652474], [9.78952217, 55.31602454], [9.79478097, 55.31036317], [9.79618895, 55.30647302], [9.79488647, 55.29803753], [9.79790795, 55.29529166], [9.80411136, 55.29630697]], [[9.79331136, 55.32605267], [9.79349685, 55.32626295], [9.78781986, 55.32800281], [9.78850806, 55.33131528], [9.79142916, 55.33159471], [9.78893483, 55.33265424], [9.78757966, 55.33213401], [9.78563893, 55.33032918], [9.78463066, 55.32722974], [9.79233503, 55.32595193], [9.79331136, 55.32605267]], [[9.70750904, 55.36446786], [9.70598865, 55.3647058], [9.7012974, 55.36441386], [9.69595051, 55.36235452], [9.69529223, 55.36204565], [9.68756235, 55.35681856], [9.68735838, 55.35647392], [9.69934392, 55.35097015], [9.70385838, 55.35107875], [9.70483625, 55.35126483], [9.70946944, 55.35337555], [9.72077978, 55.35560918], [9.72131038, 55.35609663], [9.72099865, 55.35755575], [9.71706796, 55.36113465], [9.71359992, 55.36302376], [9.70750904, 55.36446786]], [[9.68388808, 55.49851894], [9.67916036, 55.49977243], [9.6779654, 55.49931884], [9.67716753, 55.49818444], [9.675457, 55.49121511], [9.68704855, 55.48170137], [9.6886121, 55.47668028], [9.69665384, 55.47384501], [9.70878506, 55.47603393], [9.71495843, 55.47833896], [9.71522474, 55.48484886], [9.70364475, 55.48663938], [9.69472301, 55.49380696], [9.69246125, 55.49729037], [9.68388808, 55.49851894]], [[10.16988027, 55.59852016], [10.17059565, 55.60122943], [10.18194628, 55.60239124], [10.17704046, 55.60429871], [10.17524254, 55.60456264], [10.16984785, 55.60371637], [10.16931331, 55.60339153], [10.16725194, 55.60179937], [10.16703224, 55.60128367], [10.16723323, 55.59920192], [10.16752148, 55.59906006], [10.16988027, 55.59852016]], [[10.1953125, 55.60044634], [10.20608675, 55.59979177], [10.20208573, 55.60161591], [10.1953125, 55.60212052], [10.19240987, 55.60194552], [10.19511366, 55.60045683], [10.1953125, 55.60044634]], [[10.19057095, 55.60808635], [10.18181205, 55.61471724], [10.17765355, 55.60882604], [10.17795134, 55.60774446], [10.17997456, 55.60596907], [10.18323934, 55.60478055], [10.18655705, 55.60730302], [10.18693507, 55.60782492], [10.19057095, 55.60808635]], [[9.50724435, 54.85763407], [9.50931954, 54.85623717], [9.51179647, 54.85644615], [9.50792551, 54.85909593], [9.50613952, 54.85861111], [9.50724435, 54.85763407]], [[9.50290763, 54.85725474], [9.50145996, 54.85741055], [9.50058115, 54.85686541], [9.50119758, 54.85622525], [9.50398624, 54.85586011], [9.50509155, 54.85624564], [9.50443113, 54.85708416], [9.50290763, 54.85725474]], [[10.49711216, 54.92981815], [10.49849975, 54.92676771], [10.51121211, 54.92742574], [10.52071083, 54.92567611], [10.51067674, 54.93034518], [10.50757837, 54.93314433], [10.50249541, 54.93509603], [10.5006355, 54.93963218], [10.49559188, 54.93469155], [10.49518633, 54.93316853], [10.49711216, 54.92981815]], [[10.59236157, 54.92445827], [10.58925724, 54.92295742], [10.58781993, 54.92107105], [10.58868301, 54.92097044], [10.59192038, 54.92183495], [10.59236157, 54.92445827]], [[10.48467386, 54.92380154], [10.48203337, 54.92441785], [10.47936153, 54.92349255], [10.47698462, 54.92178082], [10.47480416, 54.91813064], [10.47476852, 54.91756082], [10.47895551, 54.91626561], [10.49043608, 54.91474736], [10.49072242, 54.91496825], [10.48906672, 54.91831017], [10.48546636, 54.91935492], [10.48397934, 54.92301917], [10.48608184, 54.92307496], [10.48467386, 54.92380154]], [[10.6067661, 54.91818082], [10.59199154, 54.91440523], [10.58980036, 54.91226506], [10.58961475, 54.91141868], [10.58980024, 54.90951586], [10.59153962, 54.90777183], [10.59293485, 54.90581322], [10.59941494, 54.90200424], [10.59725702, 54.89944255], [10.6020081, 54.89603364], [10.60604835, 54.89040983], [10.60791552, 54.89088535], [10.61112142, 54.88958192], [10.62185907, 54.89469993], [10.62547207, 54.89805162], [10.62552822, 54.90228784], [10.63020253, 54.90373957], [10.62481785, 54.90363896], [10.62004435, 54.90786612], [10.62003112, 54.91126025], [10.62274075, 54.91522443], [10.62144434, 54.91694617], [10.61840892, 54.91781676], [10.61645186, 54.91878045], [10.61186695, 54.91910994], [10.6067661, 54.91818082]], [[10.49190152, 54.8900249], [10.47990382, 54.89088535], [10.47796488, 54.89045644], [10.47889507, 54.88991642], [10.48707056, 54.88811386], [10.49573374, 54.88736367], [10.50627375, 54.88397253], [10.50925136, 54.88487744], [10.50804245, 54.88696313], [10.50215173, 54.88728392], [10.49190152, 54.8900249]], [[10.47129941, 54.89315927], [10.46947455, 54.89348114], [10.46357405, 54.89285636], [10.46369541, 54.89254212], [10.47130156, 54.89177847], [10.47129941, 54.89315927]], [[10.57645392, 54.90203094], [10.57584238, 54.90210664], [10.57104695, 54.90015864], [10.57066155, 54.89826393], [10.57143736, 54.89761007], [10.57684445, 54.89568865], [10.58243763, 54.89518023], [10.58448553, 54.89814186], [10.58436573, 54.89859271], [10.58276284, 54.90004206], [10.57645392, 54.90203094]], [[10.42593825, 54.8997277], [10.42378426, 54.90015876], [10.42103815, 54.89854026], [10.42015862, 54.89801872], [10.42029154, 54.8979274], [10.42503285, 54.89596391], [10.42705071, 54.89579332], [10.42870641, 54.89648104], [10.42868352, 54.89677012], [10.42650163, 54.89953232], [10.42593825, 54.8997277]], [[10.54769135, 54.90120566], [10.54536355, 54.90433645], [10.54768455, 54.90472472], [10.5477699, 54.90534735], [10.54712355, 54.90774703], [10.546875, 54.90764511], [10.54069602, 54.90783155], [10.53716815, 54.9074589], [10.53722584, 54.90727878], [10.54280782, 54.90264904], [10.546875, 54.90150654], [10.546875, 54.90122771], [10.54769135, 54.90120566]], [[10.49825227, 54.91253734], [10.49402726, 54.91281807], [10.49602377, 54.91073906], [10.49686193, 54.91087043], [10.4988116, 54.91145706], [10.49825227, 54.91253734]], [[10.46960652, 54.91464365], [10.46756065, 54.91607273], [10.46789384, 54.91768825], [10.46515214, 54.91560483], [10.46918631, 54.91453397], [10.46960652, 54.91464365]], [[10.42961442, 54.88212645], [10.43660212, 54.87849534], [10.43778431, 54.87869096], [10.43764687, 54.87916326], [10.42961442, 54.88212645]], [[10.53288364, 54.84650612], [10.53339291, 54.84630752], [10.53569603, 54.8464303], [10.53819585, 54.84690785], [10.53601944, 54.84840322], [10.53208184, 54.85041904], [10.52873576, 54.85042214], [10.53288364, 54.84650612]], [[10.58371973, 54.85009193], [10.58952093, 54.84595418], [10.58997285, 54.84375], [10.59075987, 54.84375], [10.59340823, 54.84154236], [10.59688604, 54.84127963], [10.59783244, 54.841416], [10.59751153, 54.84375], [10.59475577, 54.84350586], [10.59287834, 54.84375], [10.5928272, 54.84388185], [10.58703506, 54.84942222], [10.58411348, 54.85022926], [10.58371973, 54.85009193]], [[10.68781817, 54.88011634], [10.69041514, 54.87678301], [10.69110274, 54.87695873], [10.69198561, 54.88188851], [10.68781817, 54.88011634]], [[10.71279025, 54.88013482], [10.71345305, 54.87835252], [10.71400106, 54.88138616], [10.71338725, 54.88145626], [10.71279025, 54.88013482]], [[10.70624888, 54.87984145], [10.70481801, 54.87998915], [10.702461, 54.87942207], [10.70190597, 54.87909436], [10.70269811, 54.87797773], [10.70340824, 54.87765825], [10.70527411, 54.87778866], [10.7084496, 54.87923706], [10.70853591, 54.87955475], [10.70624888, 54.87984145]], [[11.61782718, 55.08040726], [11.61837494, 55.08040202], [11.62175953, 55.08203351], [11.62379384, 55.08038497], [11.63176775, 55.07951951], [11.63889301, 55.0768522], [11.64400935, 55.07835555], [11.6513288, 55.07502151], [11.65902805, 55.07331431], [11.66994226, 55.07354581], [11.66755843, 55.07518947], [11.65597212, 55.07703853], [11.65187526, 55.07953155], [11.64768112, 55.07952631], [11.63700831, 55.08210528], [11.63449335, 55.08265257], [11.61884844, 55.08342636], [11.61634815, 55.08128226], [11.61624634, 55.08091521], [11.61782718, 55.08040726]], [[11.34425724, 55.02318084], [11.34662974, 55.02294564], [11.34726036, 55.02321243], [11.34839988, 55.02502692], [11.35634565, 55.02939475], [11.35784304, 55.02982152], [11.37412596, 55.03423035], [11.37525105, 55.03862512], [11.36749101, 55.04014826], [11.36421526, 55.03942776], [11.36376071, 55.03931022], [11.35623133, 55.03664446], [11.34524214, 55.03121245], [11.34440804, 55.03012097], [11.34264565, 55.0285176], [11.343261, 55.02465224], [11.34425724, 55.02318084]], [[11.87504804, 54.99263012], [11.88057065, 54.98658574], [11.88499916, 54.98405385], [11.88580072, 54.98083615], [11.88999605, 54.98123515], [11.89253414, 54.97899652], [11.89155424, 54.97781432], [11.89676642, 54.97689867], [11.89746571, 54.97704625], [11.89806795, 54.9775207], [11.89810836, 54.9803133], [11.89724958, 54.98259926], [11.89467156, 54.98444402], [11.89447916, 54.98981583], [11.89096475, 54.99279284], [11.89127195, 54.99457073], [11.89099896, 54.99487877], [11.88506794, 54.99708533], [11.88424456, 54.99729061], [11.8805238, 54.99758375], [11.87920213, 54.99778116], [11.87563932, 54.99581826], [11.87447834, 54.99374235], [11.87504804, 54.99263012]], [[11.88154685, 54.97905076], [11.87983322, 54.97912598], [11.87749934, 54.97788537], [11.87789142, 54.97688484], [11.87840438, 54.97692764], [11.88236117, 54.97887814], [11.88154685, 54.97905076]], [[11.56656361, 54.97370136], [11.56112015, 54.97987103], [11.55682325, 54.98400295], [11.55227315, 54.98677647], [11.54274964, 54.98960495], [11.52682495, 54.98884606], [11.52610135, 54.98905694], [11.51728392, 54.99196422], [11.50964463, 54.98980963], [11.50591052, 54.98852301], [11.50199711, 54.9867835], [11.49791241, 54.98337412], [11.49798834, 54.97949314], [11.49906313, 54.97835004], [11.51065326, 54.97392941], [11.51287377, 54.97183073], [11.51702738, 54.97058284], [11.52370274, 54.96357334], [11.52354324, 54.95758462], [11.53827286, 54.94832075], [11.54302454, 54.95505905], [11.54346704, 54.95544541], [11.56228614, 54.96809852], [11.56664181, 54.97269464], [11.56656361, 54.97370136]], [[11.82065105, 54.97088981], [11.82363784, 54.97029436], [11.8249402, 54.97051835], [11.82469821, 54.97082675], [11.82023215, 54.97203362], [11.8201797, 54.97105145], [11.82065105, 54.97088981]], [[11.44987965, 54.96460247], [11.44063926, 54.96539462], [11.43105924, 54.96290565], [11.42649102, 54.96278751], [11.41154706, 54.9684298], [11.41033137, 54.96778953], [11.4079802, 54.96365046], [11.40796614, 54.96294844], [11.41005731, 54.96115255], [11.41160846, 54.95349371], [11.41160011, 54.95324993], [11.41061807, 54.94956565], [11.4094882, 54.94868493], [11.40660667, 54.94797194], [11.4026829, 54.94823062], [11.40041935, 54.94897723], [11.39454734, 54.95340395], [11.38878524, 54.95340943], [11.37996924, 54.95556653], [11.37838316, 54.95517731], [11.37965155, 54.95360696], [11.3763864, 54.94995964], [11.37614214, 54.94980705], [11.37033284, 54.94924891], [11.36642432, 54.95043802], [11.36578417, 54.95102966], [11.36570394, 54.95498574], [11.36539376, 54.9550879], [11.36330128, 54.95410585], [11.3633008, 54.94996071], [11.37242651, 54.93785965], [11.37224853, 54.93535805], [11.38003302, 54.9332782], [11.3950603, 54.9265722], [11.40233886, 54.92050624], [11.40656376, 54.92255604], [11.41227973, 54.93032706], [11.42460644, 54.93643486], [11.42777586, 54.94066477], [11.43400872, 54.94434547], [11.44342506, 54.94314313], [11.45127463, 54.94434547], [11.45937514, 54.94343495], [11.46765625, 54.94381917], [11.46827435, 54.94387805], [11.47095156, 54.94770694], [11.47118866, 54.94813478], [11.47038841, 54.95086277], [11.46880066, 54.95257616], [11.46356094, 54.955935], [11.46197343, 54.95678318], [11.45661485, 54.96221948], [11.45093012, 54.96433795], [11.44987965, 54.96460247]], [[11.69524026, 54.94347811], [11.6960963, 54.94302332], [11.69857657, 54.94293964], [11.70054245, 54.94414115], [11.70416415, 54.94339621], [11.70464385, 54.94353521], [11.70391846, 54.94426906], [11.69964826, 54.9447993], [11.69539261, 54.94396901], [11.69524026, 54.94347811]], [[11.36422157, 54.96550345], [11.35832214, 54.9682548], [11.35338974, 54.96812057], [11.34975457, 54.96777344], [11.34980583, 54.96470416], [11.35446525, 54.95763743], [11.35497475, 54.95707333], [11.35679126, 54.95647705], [11.36178768, 54.95813453], [11.36656237, 54.9559468], [11.36851394, 54.96015096], [11.36810744, 54.96096313], [11.36422157, 54.96550345]], [[11.31770635, 54.96817601], [11.31725192, 54.96893525], [11.30968261, 54.97231173], [11.30889094, 54.97240293], [11.30318284, 54.97111523], [11.30252373, 54.97048795], [11.3023746, 54.96955812], [11.30483043, 54.96326911], [11.30522561, 54.96279836], [11.30860293, 54.96184206], [11.30954587, 54.96184385], [11.31387603, 54.96357226], [11.31807494, 54.96668065], [11.31816256, 54.96713603], [11.31770635, 54.96817601]], [[11.29813516, 54.97228563], [11.29330063, 54.97382367], [11.29188716, 54.97349334], [11.28966331, 54.97197831], [11.29049754, 54.96965635], [11.29091012, 54.96937203], [11.29381335, 54.96922934], [11.29466355, 54.9695158], [11.29813516, 54.97228563]], [[11.04150975, 54.92481053], [11.04247975, 54.92474365], [11.05204904, 54.93150115], [11.05141616, 54.93178606], [11.05013561, 54.9319849], [11.04617882, 54.93034053], [11.04199231, 54.92642856], [11.04150975, 54.92481053]], [[11.05322337, 54.85263073], [11.04937291, 54.84962726], [11.04935241, 54.84878504], [11.04990804, 54.84792078], [11.05452454, 54.84790075], [11.05514348, 54.84815574], [11.05941474, 54.85119987], [11.05958831, 54.85201263], [11.0593754, 54.85290384], [11.05276811, 54.85884452], [11.05110657, 54.85709035], [11.05359483, 54.85318804], [11.05322337, 54.85263073]], [[11.01960111, 54.85183561], [11.01764536, 54.85232842], [11.0168308, 54.85224295], [11.01547945, 54.85143805], [11.01430142, 54.84798181], [11.01368785, 54.84375], [11.01369596, 54.84375], [11.01369596, 54.83886707], [11.01617813, 54.83095157], [11.02033007, 54.82845485], [11.01953888, 54.83245194], [11.02598453, 54.84195626], [11.02166915, 54.84273624], [11.02141201, 54.84375], [11.02143586, 54.84375], [11.02308965, 54.84868574], [11.01960111, 54.85183561]], [[11.03257346, 54.84375], [11.03420031, 54.84328163], [11.03684413, 54.84375], [11.0374161, 54.84375], [11.03765345, 54.84512925], [11.03572476, 54.84568918], [11.03255975, 54.84413946], [11.03257346, 54.84375]], [[11.05614662, 54.83738422], [11.05716825, 54.83730102], [11.06033063, 54.83892167], [11.06230474, 54.8399595], [11.06076384, 54.84141696], [11.05815685, 54.84229434], [11.05741405, 54.84239185], [11.05487895, 54.84142637], [11.05403948, 54.84050882], [11.05434418, 54.83803451], [11.05480897, 54.83769882], [11.05614662, 54.83738422]], [[10.97070634, 54.82627511], [10.96336305, 54.83100677], [10.96306312, 54.83136904], [10.96351027, 54.83422863], [10.96405244, 54.83468056], [10.96765602, 54.83451796], [10.97266877, 54.83178377], [10.98408782, 54.82905734], [10.97428203, 54.83477378], [10.97328246, 54.83521247], [10.96760118, 54.83691955], [10.96137154, 54.83705354], [10.95388365, 54.83189118], [10.95595002, 54.81496131], [10.95615065, 54.81434536], [10.96001315, 54.80787802], [10.96112514, 54.80727041], [10.96199095, 54.80722392], [10.96275604, 54.80781758], [10.95877016, 54.81442583], [10.95840895, 54.81889737], [10.95770466, 54.82322741], [10.9608314, 54.82550764], [10.96267033, 54.82630885], [10.96780181, 54.82540834], [10.97070634, 54.82627511]], [[11.08558524, 54.82559645], [11.08682346, 54.82523668], [11.09116626, 54.82595778], [11.09200406, 54.82619226], [11.09258211, 54.82737482], [11.08927083, 54.82793272], [11.08558524, 54.82559645]], [[11.49348521, 54.91364145], [11.48218262, 54.91218185], [11.47321522, 54.91338146], [11.47138643, 54.91108227], [11.48131716, 54.9051553], [11.49047172, 54.91031635], [11.49487507, 54.91152513], [11.50162947, 54.90973425], [11.50581515, 54.91220677], [11.50542593, 54.91319394], [11.49972177, 54.91437101], [11.49348521, 54.91364145]], [[11.63618612, 54.91015625], [11.63471913, 54.90969968], [11.63019395, 54.90561116], [11.62988114, 54.90345347], [11.63033044, 54.90294886], [11.63382101, 54.90679574], [11.63914657, 54.90876246], [11.64451194, 54.90845597], [11.64641285, 54.90623975], [11.64731514, 54.90629685], [11.64777505, 54.90775084], [11.64558816, 54.90912461], [11.64148104, 54.91012692], [11.63618612, 54.91015625]], [[11.4898349, 54.90006232], [11.48905253, 54.89918375], [11.48821545, 54.89898098], [11.48421907, 54.89927661], [11.48028398, 54.89691055], [11.47539485, 54.89688456], [11.47619903, 54.88992643], [11.47957981, 54.88494694], [11.48113906, 54.88410938], [11.48290014, 54.88374841], [11.48378718, 54.88550174], [11.49678624, 54.88596475], [11.50727546, 54.88859797], [11.51659167, 54.88578725], [11.51908624, 54.88592696], [11.51956904, 54.8861922], [11.51958954, 54.88973427], [11.51905715, 54.89002717], [11.50284457, 54.89442027], [11.49895954, 54.89674497], [11.49726987, 54.89989698], [11.49692166, 54.9002285], [11.492365, 54.90234375], [11.49091232, 54.90234375], [11.4898349, 54.90006232]], [[11.45235145, 54.88360035], [11.45038331, 54.88376772], [11.44658256, 54.88277101], [11.44406664, 54.88153255], [11.44427824, 54.88127172], [11.4522686, 54.88148165], [11.45290256, 54.88191783], [11.45331907, 54.88321304], [11.45235145, 54.88360035]], [[11.86161184, 54.72945344], [11.86205506, 54.72909987], [11.86333215, 54.72920704], [11.8653028, 54.73140442], [11.8620069, 54.73118007], [11.86161184, 54.72945344]], [[11.85604072, 54.72631335], [11.85406637, 54.72534704], [11.8564918, 54.72391915], [11.86430955, 54.72128057], [11.86665547, 54.72116578], [11.86730218, 54.72153401], [11.86551976, 54.72505045], [11.85604072, 54.72631335]], [[11.82743752, 54.71693706], [11.82948005, 54.7168473], [11.82986152, 54.71834147], [11.82950342, 54.71865821], [11.82808506, 54.71909261], [11.82710195, 54.71813905], [11.82710207, 54.71736383], [11.82743752, 54.71693706]], [[11.83199155, 54.71716642], [11.83057857, 54.71632981], [11.83095646, 54.71553505], [11.83249128, 54.71463335], [11.83440626, 54.71436095], [11.83492625, 54.71475136], [11.83472872, 54.71606565], [11.83324456, 54.71690714], [11.83199155, 54.71716642]], [[12.10353935, 54.96188247], [12.09747934, 54.95985925], [12.09246755, 54.96079588], [12.08424592, 54.95676756], [12.07883668, 54.95656598], [12.07148325, 54.95426965], [12.06438887, 54.95423305], [12.05945146, 54.95270944], [12.07502401, 54.94740891], [12.07747233, 54.94742632], [12.07737064, 54.94948435], [12.08607245, 54.95083725], [12.09090066, 54.95309317], [12.09531367, 54.95218277], [12.09940302, 54.94895744], [12.09607196, 54.95405686], [12.09626055, 54.95448864], [12.10143054, 54.95575011], [12.10433757, 54.95993865], [12.10353935, 54.96188247]], [[11.99810875, 54.94989407], [11.99719143, 54.95549655], [11.99598074, 54.95619404], [11.99113834, 54.95619404], [11.98715174, 54.95539701], [11.98247266, 54.95270896], [11.98246884, 54.95046496], [11.98370075, 54.94922078], [11.99806285, 54.94214106], [11.99817085, 54.93902814], [11.99330628, 54.93624175], [11.99330461, 54.93291903], [11.99585307, 54.9278475], [11.99631596, 54.92731106], [12.00315416, 54.9211204], [12.00383902, 54.92081511], [12.01403117, 54.91858161], [12.02492535, 54.91817153], [12.03360713, 54.91568923], [12.04384077, 54.91469133], [12.07116401, 54.90831196], [12.08463264, 54.90800083], [12.08143353, 54.91136014], [12.07719183, 54.91047204], [12.08720851, 54.92173362], [12.08818805, 54.92598605], [12.08564711, 54.92841208], [12.08499682, 54.92874932], [12.07964015, 54.93008256], [12.07500064, 54.93305695], [12.07015562, 54.93765652], [12.06948006, 54.93797624], [12.06328917, 54.93988705], [12.05542684, 54.93811035], [12.03683174, 54.93854403], [12.03549671, 54.93842781], [12.02848196, 54.93690205], [12.02390122, 54.93365276], [12.02278292, 54.93333197], [12.01701581, 54.9329195], [12.01395106, 54.93324971], [12.00941694, 54.93426776], [12.00788236, 54.93516636], [12.00788701, 54.93534315], [12.01004732, 54.93743777], [12.00317955, 54.93872571], [12.00204384, 54.94276655], [11.99869525, 54.94311535], [11.99717855, 54.94518173], [11.99810875, 54.94989407]], [[12.04634094, 54.95159376], [12.04727805, 54.95152211], [12.04656374, 54.95482755], [12.04398096, 54.95568335], [12.04500675, 54.95240748], [12.04634094, 54.95159376]], [[12.10711563, 54.96929705], [12.10813606, 54.97265875], [12.11617076, 54.97095203], [12.11693811, 54.97741616], [12.12567735, 54.98190343], [12.12593663, 54.98212326], [12.13025117, 54.98590124], [12.13221216, 54.98789501], [12.13021255, 54.98892307], [12.12955856, 54.98814845], [12.12416351, 54.98583412], [12.11940396, 54.98781013], [12.11559868, 54.98770821], [12.11534941, 54.98754418], [12.11110306, 54.98412037], [12.11465526, 54.98086214], [12.11458123, 54.97952175], [12.11435485, 54.97920966], [12.10089993, 54.97228694], [12.10247076, 54.96794581], [12.10449362, 54.96747375], [12.10711563, 54.96929705]], [[11.70207071, 55.15495574], [11.69752347, 55.15572667], [11.69699895, 55.15440774], [11.69942963, 55.15289903], [11.70067215, 55.15281582], [11.70118988, 55.15307522], [11.70207071, 55.15495574]], [[11.69521141, 55.17130554], [11.69906974, 55.17364943], [11.70547998, 55.17403746], [11.71108222, 55.17335153], [11.71586406, 55.17137206], [11.71656334, 55.17135787], [11.71805775, 55.17186642], [11.72032118, 55.17318606], [11.71837294, 55.17756164], [11.72121823, 55.1784718], [11.72217691, 55.18429792], [11.72239375, 55.18456304], [11.73059487, 55.190364], [11.7320106, 55.1940093], [11.73108554, 55.1953125], [11.72967005, 55.1953125], [11.7298485, 55.19545448], [11.71654296, 55.19746363], [11.7157613, 55.19764256], [11.71272922, 55.20004225], [11.70662212, 55.20214486], [11.70599258, 55.2022109], [11.70069814, 55.20140195], [11.70036781, 55.20104516], [11.70082128, 55.1953125], [11.70089591, 55.1953125], [11.70083713, 55.19349945], [11.70033574, 55.19278526], [11.69393265, 55.18913007], [11.68781185, 55.17997503], [11.69026196, 55.17790055], [11.68574965, 55.17568636], [11.68710506, 55.17303562], [11.68745542, 55.17261112], [11.69097126, 55.17132616], [11.69521141, 55.17130554]], [[11.68094361, 55.18771291], [11.68997407, 55.19069433], [11.68653417, 55.19062185], [11.68623924, 55.19074416], [11.68715477, 55.19193172], [11.68226016, 55.19257104], [11.67633331, 55.19069326], [11.67582464, 55.18878877], [11.68094361, 55.18771291]], [[11.71541572, 55.19899952], [11.71884096, 55.19844723], [11.71866453, 55.20050657], [11.71758044, 55.20086122], [11.71552193, 55.20081568], [11.71508324, 55.19936335], [11.71541572, 55.19899952]], [[11.88940346, 55.91442156], [11.89001751, 55.91397047], [11.89171422, 55.91398525], [11.8952291, 55.91474891], [11.89629698, 55.91738725], [11.88940346, 55.91442156]], [[11.82179677, 55.80648768], [11.8211416, 55.80368042], [11.82132244, 55.80324924], [11.82679331, 55.79717863], [11.82391465, 55.79596126], [11.82166028, 55.78771222], [11.81840241, 55.78480673], [11.81136382, 55.78299034], [11.79885042, 55.79209173], [11.79599464, 55.79171276], [11.79620814, 55.78891802], [11.79118192, 55.78619444], [11.78846705, 55.78552032], [11.78205085, 55.78620672], [11.78150487, 55.78606308], [11.77565825, 55.78253758], [11.77544534, 55.78197944], [11.77641058, 55.77867413], [11.78092825, 55.77437174], [11.78284776, 55.76769686], [11.79388237, 55.76075637], [11.79221427, 55.75882637], [11.80094898, 55.75834513], [11.80908263, 55.75172985], [11.81416273, 55.75030637], [11.83400786, 55.75647855], [11.83439016, 55.76299453], [11.84442413, 55.77424324], [11.84685123, 55.77939081], [11.84703267, 55.78022885], [11.84610116, 55.78578567], [11.84525275, 55.78987145], [11.84176874, 55.79311824], [11.84085691, 55.79698193], [11.84049761, 55.79742134], [11.833287, 55.80258787], [11.83305633, 55.80545628], [11.83094585, 55.80767143], [11.83012044, 55.80813444], [11.82659614, 55.80918694], [11.82449615, 55.80879891], [11.82355356, 55.80850232], [11.82179677, 55.80648768]], [[11.79915106, 55.74676371], [11.80151451, 55.74545515], [11.80579615, 55.74569857], [11.80917347, 55.74441016], [11.81227183, 55.74222636], [11.81055546, 55.73731911], [11.81843615, 55.73598194], [11.81781566, 55.74140561], [11.81490445, 55.74502981], [11.81590342, 55.74666727], [11.81552994, 55.74689054], [11.81383014, 55.74717546], [11.81119025, 55.74555671], [11.8102802, 55.74574161], [11.80472815, 55.74718201], [11.79940796, 55.74690342], [11.79915106, 55.74676371]], [[11.83194947, 55.74342465], [11.83457017, 55.74331844], [11.83559585, 55.74345994], [11.83717966, 55.74563897], [11.83188868, 55.74670315], [11.83153987, 55.74368584], [11.83194947, 55.74342465]], [[11.76612365, 55.73333216], [11.76529074, 55.73294747], [11.76312613, 55.72984934], [11.77373672, 55.72780585], [11.77208972, 55.73129034], [11.76612365, 55.73333216]], [[11.80633926, 55.67275906], [11.80859542, 55.67214894], [11.80854321, 55.67244387], [11.80452216, 55.67777526], [11.80254102, 55.67615485], [11.80247271, 55.67462444], [11.8028841, 55.67400706], [11.80633926, 55.67275906]], [[12.01026106, 55.87296724], [12.01189566, 55.87249601], [12.01254022, 55.87267041], [12.01198936, 55.87709332], [12.00875401, 55.87894916], [12.00705624, 55.87925446], [12.00567603, 55.87798095], [12.01026106, 55.87296724]], [[12.09302104, 55.75226963], [12.09602344, 55.75206184], [12.09700275, 55.75215423], [12.09768415, 55.7527498], [12.09405041, 55.75595856], [12.09341705, 55.75620914], [12.09111285, 55.75518811], [12.09106481, 55.75433195], [12.09237027, 55.75257397], [12.09302104, 55.75226963]], [[12.06961441, 55.73451984], [12.07100308, 55.72953653], [12.07596064, 55.72842574], [12.07077003, 55.72685587], [12.07976365, 55.72676003], [12.08260524, 55.72774601], [12.08202326, 55.72846591], [12.08897412, 55.72918892], [12.09301555, 55.72826374], [12.09670424, 55.72467971], [12.09755945, 55.72462583], [12.09898567, 55.72633708], [12.09929812, 55.72689748], [12.09793222, 55.72924316], [12.09761751, 55.72947836], [12.09328413, 55.72926235], [12.08665156, 55.73225904], [12.08718085, 55.73494184], [12.08377016, 55.73942447], [12.07932675, 55.74361682], [12.07647097, 55.7437185], [12.07609475, 55.73842776], [12.06961441, 55.73451984]], [[12.69189966, 55.89945197], [12.69260132, 55.8984375], [12.69289172, 55.8984375], [12.69520545, 55.89638293], [12.69599795, 55.89172113], [12.70615733, 55.88954794], [12.70737112, 55.88956118], [12.71752667, 55.89161277], [12.72153461, 55.89533412], [12.72260106, 55.8984375], [12.72247922, 55.8984375], [12.72356892, 55.90636611], [12.72654963, 55.90947604], [12.71404672, 55.91313171], [12.71066165, 55.91601765], [12.70277905, 55.91941297], [12.69433022, 55.92011023], [12.68833733, 55.92156637], [12.67054546, 55.92100143], [12.66773975, 55.92059791], [12.66666615, 55.92013764], [12.66548824, 55.91704404], [12.66703534, 55.91385436], [12.68039787, 55.90697265], [12.69189966, 55.89945197]], [[12.81372273, 55.84920394], [12.8201673, 55.84897888], [12.82603145, 55.84999132], [12.82683206, 55.85040188], [12.82592642, 55.85305965], [12.82420492, 55.85920823], [12.82415605, 55.85986507], [12.82659745, 55.86007214], [12.82592011, 55.86024702], [12.82321632, 55.86427033], [12.82177925, 55.86550307], [12.81908107, 55.86629462], [12.81384516, 55.86653018], [12.8137356, 55.86234295], [12.82181501, 55.85992634], [12.82249391, 55.85870123], [12.82059562, 55.85561705], [12.81328344, 55.85257232], [12.81372273, 55.84920394]], [[12.62164247, 55.69783294], [12.60918784, 55.69712687], [12.61235654, 55.69505095], [12.60753405, 55.69742358], [12.60738933, 55.69529235], [12.60987294, 55.69490612], [12.60927343, 55.6939888], [12.60696113, 55.69423008], [12.60609603, 55.69086325], [12.60961604, 55.69007814], [12.60670424, 55.69007814], [12.60532832, 55.68540275], [12.60156715, 55.68394828], [12.59729254, 55.67888415], [12.58409286, 55.67269111], [12.56951165, 55.66330147], [12.5606389, 55.65294504], [12.56021714, 55.64914954], [12.54967785, 55.63852417], [12.53333676, 55.62999785], [12.53274953, 55.62955832], [12.51070595, 55.61167967], [12.5085119, 55.60875893], [12.50835514, 55.60710657], [12.51413226, 55.58970392], [12.52893114, 55.57544851], [12.53971267, 55.57201612], [12.55699825, 55.57413256], [12.55898654, 55.56752861], [12.55774725, 55.56439292], [12.56392014, 55.55997014], [12.57564044, 55.55952775], [12.57930326, 55.55700088], [12.57992685, 55.55680692], [12.59103584, 55.55471694], [12.59287775, 55.55450094], [12.59439325, 55.55467224], [12.59509325, 55.55616474], [12.59746802, 55.55623925], [12.60380924, 55.5610646], [12.60583663, 55.56032455], [12.61084163, 55.56358945], [12.6204046, 55.5667032], [12.63331616, 55.57703495], [12.64161694, 55.57704008], [12.64516294, 55.57759857], [12.64884341, 55.5794872], [12.65625, 55.58063614], [12.66618192, 55.58234274], [12.66687274, 55.58252656], [12.67269862, 55.58638024], [12.68070042, 55.58844996], [12.67855084, 55.59124815], [12.68088841, 55.59397531], [12.6725738, 55.59664345], [12.66968751, 55.60362315], [12.6716392, 55.6058346], [12.67986596, 55.60842693], [12.68104982, 55.61085784], [12.68184376, 55.61403286], [12.68175375, 55.62444842], [12.68005776, 55.63072526], [12.67985535, 55.63098526], [12.66995287, 55.63399947], [12.65726495, 55.63424325], [12.65682495, 55.63441253], [12.65809512, 55.63518405], [12.65625, 55.63616073], [12.65625, 55.63671875], [12.65391886, 55.63991475], [12.65448964, 55.64277875], [12.649423, 55.64419401], [12.64793777, 55.64581633], [12.64825165, 55.65159905], [12.65065706, 55.65437245], [12.64270937, 55.65927017], [12.64103568, 55.66086352], [12.63957131, 55.66587925], [12.63862944, 55.66558421], [12.63719034, 55.66178608], [12.64001405, 55.65768242], [12.64600408, 55.65449595], [12.64181125, 55.65130937], [12.63530755, 55.66024125], [12.63556206, 55.66290367], [12.63157511, 55.67048585], [12.62777782, 55.6724807], [12.62069654, 55.68094635], [12.63576973, 55.6877017], [12.63282013, 55.69038391], [12.61800873, 55.68689156], [12.61381233, 55.68698823], [12.61372673, 55.68829167], [12.62426055, 55.69002986], [12.62554514, 55.69268525], [12.63051224, 55.69442332], [12.62929964, 55.69714296], [12.62164247, 55.69783294]], [[12.62473273, 55.68019152], [12.63348615, 55.67010641], [12.63605511, 55.67016006], [12.63813543, 55.66782105], [12.63710785, 55.66656578], [12.63941967, 55.66661406], [12.63924837, 55.66849697], [12.63938522, 55.6697309], [12.64338136, 55.66887248], [12.64423764, 55.66989183], [12.64128804, 55.67096472], [12.64461815, 55.67187655], [12.64789724, 55.67622185], [12.64430034, 55.67931175], [12.64014626, 55.67879665], [12.63938522, 55.676651], [12.63662601, 55.67702651], [12.63310564, 55.67584634], [12.63500845, 55.67756295], [12.63396192, 55.67911863], [12.63938522, 55.68062055], [12.63529384, 55.68496585], [12.62473273, 55.68019152]], [[12.76386845, 55.66914201], [12.76164401, 55.66756904], [12.76096034, 55.66744685], [12.75717378, 55.66907418], [12.75412953, 55.66607666], [12.7447468, 55.66669917], [12.74545181, 55.66393328], [12.74306345, 55.66360354], [12.74437487, 55.66049445], [12.73890173, 55.65588987], [12.73850274, 55.64817333], [12.73616421, 55.64615858], [12.73597574, 55.64073396], [12.73405552, 55.63893545], [12.73591316, 55.63682616], [12.73372722, 55.63467717], [12.73373711, 55.63405502], [12.73705494, 55.6325711], [12.73606491, 55.62764895], [12.73812175, 55.62726235], [12.74043608, 55.62861907], [12.74248517, 55.62681305], [12.74260116, 55.62334633], [12.73911512, 55.62332785], [12.73858941, 55.6223309], [12.73885965, 55.6220628], [12.74308121, 55.62120211], [12.74238896, 55.61945426], [12.74285305, 55.61921775], [12.74535835, 55.62077367], [12.74790776, 55.61894572], [12.75422144, 55.62043583], [12.75209165, 55.61875546], [12.75634015, 55.61732614], [12.75805795, 55.61370206], [12.75981832, 55.61383092], [12.76255393, 55.60694325], [12.77251935, 55.60551286], [12.77538395, 55.60747266], [12.78151202, 55.60614955], [12.78443336, 55.60824931], [12.79487395, 55.60998428], [12.78501296, 55.61667931], [12.78824711, 55.61969805], [12.78731501, 55.62245464], [12.78400028, 55.62384701], [12.78361583, 55.62468851], [12.78252637, 55.62938261], [12.78252637, 55.63239634], [12.78488255, 55.63943398], [12.78133464, 55.64199388], [12.78143275, 55.65322876], [12.77660525, 55.66615868], [12.77232456, 55.66766703], [12.77287126, 55.67042816], [12.77124548, 55.67114234], [12.76851213, 55.67162168], [12.76551485, 55.67093837], [12.76492333, 55.67067051], [12.76386845, 55.66914201]], [[12.7371608, 55.60869014], [12.72822726, 55.61109924], [12.72513688, 55.61076033], [12.72627831, 55.60930204], [12.74130535, 55.60267854], [12.75739527, 55.59233105], [12.76804304, 55.59007227], [12.77031088, 55.58712721], [12.77729297, 55.58823526], [12.77726746, 55.58976841], [12.75806987, 55.59821415], [12.7463299, 55.60466993], [12.74394238, 55.60668027], [12.7371608, 55.60869014]], [[12.51036727, 55.6144613], [12.50571311, 55.61472416], [12.50544715, 55.61431098], [12.50544715, 55.61292172], [12.51050031, 55.61322212], [12.51081443, 55.61361325], [12.51036727, 55.6144613]], [[12.91458881, 55.50982976], [12.91761887, 55.50813007], [12.91662645, 55.51007843], [12.91604483, 55.51082945], [12.91541004, 55.51096702], [12.91444683, 55.51029134], [12.91458881, 55.50982976]], [[12.92687404, 55.47893107], [12.93047357, 55.47693515], [12.92892754, 55.47959685], [12.92686892, 55.47916961], [12.92687404, 55.47893107]], [[12.9386121, 55.46354032], [12.93816662, 55.46241665], [12.93870223, 55.46136272], [12.94141364, 55.46072543], [12.94007194, 55.45981574], [12.9418596, 55.45918727], [12.94377482, 55.46158803], [12.94367886, 55.46172404], [12.94151413, 55.46344221], [12.94118631, 55.46361721], [12.9386121, 55.46354032]], [[12.93521166, 55.46321285], [12.93433535, 55.4635179], [12.93364894, 55.46307957], [12.93451285, 55.46214175], [12.93681467, 55.46123636], [12.93709075, 55.46137512], [12.93521166, 55.46321285]], [[12.03860176, 57.35674834], [12.03759015, 57.35841525], [12.03605354, 57.35523844], [12.03652084, 57.35526764], [12.03860176, 57.35674834]], [[12.04045582, 57.35748625], [12.04093432, 57.35699785], [12.04307497, 57.35708332], [12.04556215, 57.35790777], [12.0455265, 57.35807717], [12.04243994, 57.35991943], [12.04178703, 57.35999286], [12.04045582, 57.35748625]], [[12.05183303, 57.35996842], [12.05234468, 57.35942602], [12.05402458, 57.35969687], [12.06143665, 57.36319578], [12.06168997, 57.36361742], [12.06240797, 57.36717582], [12.0621798, 57.36764145], [12.05923915, 57.36935568], [12.05870664, 57.36944675], [12.05623996, 57.36856043], [12.05258977, 57.36349833], [12.05228722, 57.36301434], [12.05183303, 57.35996842]], [[12.04881036, 57.36913204], [12.04954958, 57.37097943], [12.04732955, 57.3721987], [12.04056811, 57.36913645], [12.04229295, 57.36717022], [12.04114997, 57.36461723], [12.0431993, 57.36279857], [12.04396403, 57.36254954], [12.04578125, 57.36260664], [12.04641497, 57.36282575], [12.04803622, 57.36456394], [12.04883432, 57.36609673], [12.04881036, 57.36913204]], [[12.06675351, 57.36677992], [12.06838512, 57.36582196], [12.06967771, 57.36593473], [12.07079315, 57.36756694], [12.07075095, 57.36816585], [12.06888401, 57.36869144], [12.06675017, 57.36730015], [12.06675351, 57.36677992]], [[12.0622282, 57.37693846], [12.06346643, 57.38253915], [12.06134045, 57.38536394], [12.05877471, 57.37949526], [12.06191301, 57.37527156], [12.06225288, 57.37527597], [12.0622282, 57.37693846]], [[12.05200446, 57.38444757], [12.05042982, 57.38469553], [12.04806864, 57.38464475], [12.04875123, 57.38107622], [12.04899454, 57.38069832], [12.05199897, 57.37880921], [12.05306435, 57.37880695], [12.05395818, 57.37913787], [12.05517554, 57.38105953], [12.05490315, 57.38196444], [12.05373311, 57.38326383], [12.05200446, 57.38444757]], [[12.06960964, 57.38401365], [12.07105625, 57.38012373], [12.07176554, 57.38022876], [12.072299, 57.38266754], [12.06960964, 57.38401365]], [[12.08398986, 57.38032734], [12.08467412, 57.38017726], [12.08417594, 57.38365936], [12.08020258, 57.38282025], [12.08008313, 57.3825289], [12.08398986, 57.38032734]], [[12.07540977, 57.39213252], [12.07522285, 57.39232051], [12.0735687, 57.39125991], [12.07356632, 57.38973916], [12.07522416, 57.38850546], [12.07575107, 57.38856935], [12.07676995, 57.38939774], [12.07540977, 57.39213252]], [[12.07753992, 57.39690292], [12.07728183, 57.39704227], [12.07408667, 57.39439428], [12.07580185, 57.39327574], [12.07753754, 57.39342546], [12.07753992, 57.39690292]], [[12.07166707, 57.39686465], [12.07275236, 57.39796793], [12.07248795, 57.39813936], [12.06871808, 57.39876366], [12.06882644, 57.39648271], [12.07055926, 57.39637196], [12.07166707, 57.39686465]], [[12.07385731, 57.40236735], [12.07565868, 57.39855838], [12.07682824, 57.39870131], [12.07725334, 57.40169108], [12.07385731, 57.40236735]], [[12.06856751, 57.42708552], [12.06798923, 57.42724991], [12.06137562, 57.42494178], [12.06090534, 57.42449307], [12.05951226, 57.42233884], [12.05974805, 57.42220402], [12.06318188, 57.42140055], [12.06398666, 57.42149746], [12.06894708, 57.42281437], [12.06940722, 57.42330325], [12.07016087, 57.42525351], [12.07004964, 57.42584205], [12.06856751, 57.42708552]], [[11.97533452, 57.35524762], [11.97455227, 57.35562336], [11.97192526, 57.35435176], [11.97193575, 57.35379827], [11.97406685, 57.35269046], [11.97575617, 57.35288274], [11.97611785, 57.35329688], [11.97533452, 57.35524762]], [[11.65709984, 57.83203125], [11.65735555, 57.83277655], [11.65599346, 57.83283401], [11.65186048, 57.83203125], [11.65111494, 57.83203125], [11.65072346, 57.83114648], [11.65148294, 57.83094895], [11.65280044, 57.83095264], [11.65633106, 57.83203125], [11.65709984, 57.83203125]], [[11.58893585, 57.83425331], [11.58747613, 57.83532035], [11.58099175, 57.83709824], [11.57914364, 57.83523047], [11.57987535, 57.83411193], [11.58331752, 57.83505476], [11.5873996, 57.83347535], [11.58893585, 57.83425331]], [[11.62313926, 57.83611965], [11.62452102, 57.83515525], [11.62553716, 57.83534932], [11.62638557, 57.83613944], [11.62651396, 57.83723986], [11.62582433, 57.83799756], [11.62462533, 57.83838403], [11.6236006, 57.83767045], [11.62313926, 57.83611965]], [[11.65251923, 57.83835483], [11.65483415, 57.83738196], [11.65538406, 57.83746672], [11.65964687, 57.83922935], [11.65369666, 57.84070992], [11.65279531, 57.83871341], [11.65251923, 57.83835483]], [[11.55953884, 57.84046757], [11.55894482, 57.84083855], [11.55669737, 57.84127414], [11.55460608, 57.84052527], [11.55461562, 57.83979094], [11.55790734, 57.83966625], [11.55953884, 57.84046757]], [[11.63477242, 57.84652412], [11.63193834, 57.84706974], [11.62738597, 57.84575546], [11.62697697, 57.84835136], [11.62321985, 57.84769511], [11.61898267, 57.84956634], [11.6186558, 57.84964275], [11.61714303, 57.8489573], [11.62228751, 57.84640205], [11.61761558, 57.84568322], [11.61631274, 57.8444916], [11.61648846, 57.84436464], [11.62180781, 57.84294736], [11.62652731, 57.84328663], [11.63054085, 57.84155524], [11.63398564, 57.84369445], [11.63477242, 57.84652412]], [[11.55301356, 57.84754944], [11.55221975, 57.84988606], [11.54562068, 57.84835613], [11.54892635, 57.84571803], [11.54990315, 57.84572434], [11.55301356, 57.84754944]], [[11.58235586, 57.84818482], [11.58290744, 57.84779322], [11.58898747, 57.84835553], [11.59235465, 57.84936476], [11.59253252, 57.84948003], [11.59031987, 57.85098445], [11.59071624, 57.85110676], [11.59749341, 57.85148811], [11.59816396, 57.85172403], [11.5988487, 57.85278094], [11.59833503, 57.85316515], [11.595173, 57.85486913], [11.59422934, 57.85497427], [11.59339333, 57.85442555], [11.5922631, 57.85363555], [11.58617115, 57.85268223], [11.58624125, 57.85146058], [11.58296025, 57.85153425], [11.58404601, 57.84983611], [11.58235586, 57.84818482]], [[11.54706192, 57.85145485], [11.55233896, 57.85380042], [11.55209947, 57.85404718], [11.54818416, 57.85428596], [11.54301381, 57.85578132], [11.54241657, 57.85538864], [11.54427338, 57.85220885], [11.54542577, 57.85175645], [11.54706192, 57.85145485]], [[11.6015625, 57.85518956], [11.60235477, 57.85514545], [11.60369372, 57.85725903], [11.60804093, 57.85783446], [11.60762835, 57.86035144], [11.61139548, 57.86073792], [11.61264801, 57.86276305], [11.62029552, 57.86393487], [11.62091935, 57.86488295], [11.61602962, 57.86744475], [11.622352, 57.87014782], [11.6239773, 57.86839843], [11.62873185, 57.87048185], [11.62981212, 57.87205625], [11.62643611, 57.87326527], [11.62755334, 57.87442803], [11.63583004, 57.8773036], [11.63672745, 57.87742567], [11.64191854, 57.87617075], [11.64325583, 57.87640631], [11.64344704, 57.87673843], [11.6429553, 57.87789714], [11.64010835, 57.87794101], [11.63925958, 57.87848187], [11.63903201, 57.87906694], [11.64087355, 57.88294005], [11.6371237, 57.88618696], [11.63429117, 57.88659322], [11.63241935, 57.89187181], [11.62652075, 57.89643872], [11.62381065, 57.90071762], [11.61608815, 57.90092576], [11.61305058, 57.89929175], [11.61313891, 57.90172362], [11.61006784, 57.90097606], [11.60804427, 57.90182745], [11.60501075, 57.90051711], [11.6017549, 57.90211976], [11.6015625, 57.90206456], [11.59851074, 57.90203393], [11.59804165, 57.90112805], [11.59003186, 57.89975286], [11.58417058, 57.90061462], [11.57863367, 57.89943695], [11.57815588, 57.89917147], [11.58070505, 57.89793432], [11.57816935, 57.89730251], [11.57488215, 57.89223015], [11.58134365, 57.8890419], [11.55888498, 57.89072073], [11.55622423, 57.88773644], [11.55656254, 57.88733256], [11.56094563, 57.88759518], [11.56817794, 57.88380075], [11.57446313, 57.88218331], [11.57572091, 57.88202834], [11.58534122, 57.88199556], [11.58595276, 57.88678777], [11.58620882, 57.88687384], [11.58949327, 57.88460886], [11.59573114, 57.88678336], [11.59640276, 57.88667536], [11.60012495, 57.88381267], [11.59976673, 57.88205373], [11.6015625, 57.88113844], [11.60612178, 57.88010371], [11.60625374, 57.87975395], [11.60354841, 57.87862504], [11.6015625, 57.87890625], [11.60017276, 57.87815535], [11.59587288, 57.87923205], [11.59501934, 57.88130236], [11.5889399, 57.87992597], [11.58587503, 57.88032675], [11.58223736, 57.87854636], [11.58531535, 57.87722552], [11.57987416, 57.8774966], [11.57341051, 57.87487793], [11.57665348, 57.87258971], [11.57328165, 57.87353826], [11.56464255, 57.87127435], [11.56481123, 57.86896658], [11.57061696, 57.86701477], [11.56490862, 57.86828184], [11.56310546, 57.86724555], [11.55896842, 57.86909473], [11.55865967, 57.86890197], [11.55455136, 57.86563492], [11.55931187, 57.86401272], [11.55997217, 57.86152351], [11.54886377, 57.86131728], [11.5486685, 57.86108434], [11.55040646, 57.85794616], [11.55660546, 57.85717845], [11.55736184, 57.85730326], [11.55902958, 57.85806251], [11.55812275, 57.86006236], [11.56325746, 57.85950947], [11.56530166, 57.86188281], [11.56171715, 57.862993], [11.56513977, 57.86388767], [11.57060385, 57.86146081], [11.57632673, 57.86172914], [11.57704401, 57.85845625], [11.57933021, 57.85717642], [11.58121395, 57.85976136], [11.58499455, 57.86062682], [11.58694756, 57.86440325], [11.58738208, 57.86448991], [11.59135842, 57.86330974], [11.5824368, 57.85728276], [11.58274818, 57.85676992], [11.58506823, 57.85607254], [11.6015625, 57.85518956]], [[11.55134094, 57.86760414], [11.55734396, 57.86960053], [11.55456221, 57.87098014], [11.56106305, 57.87039375], [11.56797946, 57.87285185], [11.56600583, 57.87522495], [11.56959808, 57.87543821], [11.5698899, 57.87569714], [11.56998444, 57.87640572], [11.56466091, 57.87786257], [11.56369305, 57.87800884], [11.55959356, 57.87732434], [11.55823147, 57.87508798], [11.55350912, 57.8739289], [11.55134094, 57.86760414]], [[11.56469774, 57.88514137], [11.55935705, 57.88591135], [11.5591408, 57.88576865], [11.55884087, 57.88466871], [11.55941224, 57.88432765], [11.56248915, 57.88371742], [11.56460476, 57.88380992], [11.5651654, 57.88397527], [11.56512725, 57.88498473], [11.56469774, 57.88514137]], [[11.46804166, 57.89727485], [11.46736073, 57.89743006], [11.46188617, 57.89616001], [11.46551323, 57.89421988], [11.46668255, 57.89379466], [11.46721637, 57.8940891], [11.46777081, 57.89487755], [11.46804166, 57.89727485]], [[11.49471951, 57.90142465], [11.49618316, 57.90336156], [11.49392474, 57.90404487], [11.49062514, 57.90334678], [11.49015546, 57.90272367], [11.48908365, 57.90162385], [11.48949575, 57.90132892], [11.49387264, 57.90112114], [11.49471951, 57.90142465]], [[11.58286274, 57.90359831], [11.58430421, 57.9035418], [11.58735776, 57.90484536], [11.59372652, 57.90429771], [11.59422612, 57.90485382], [11.59415591, 57.90536225], [11.59055531, 57.90578091], [11.58050787, 57.90430605], [11.58286274, 57.90359831]], [[11.62518275, 57.90522563], [11.62779045, 57.90464413], [11.62863445, 57.90496826], [11.62924695, 57.90589523], [11.63157475, 57.90723395], [11.63027835, 57.90846026], [11.62930894, 57.9085325], [11.62518275, 57.90522563]], [[11.66104543, 57.90632105], [11.66594541, 57.90610957], [11.66703725, 57.90630102], [11.66791737, 57.90757632], [11.67173815, 57.90838587], [11.67158794, 57.90876865], [11.66417313, 57.90876114], [11.66073644, 57.90663373], [11.66104543, 57.90632105]], [[11.64790535, 57.90585542], [11.64519596, 57.90628374], [11.64366496, 57.90467012], [11.64289415, 57.90448046], [11.63829052, 57.90407526], [11.63747251, 57.90413582], [11.63704574, 57.90576005], [11.6362344, 57.90591645], [11.6346544, 57.90576541], [11.62840188, 57.903813], [11.62835062, 57.90344107], [11.63350213, 57.90314198], [11.62834203, 57.89911103], [11.63329291, 57.89326811], [11.63686872, 57.89225757], [11.63775575, 57.88891315], [11.64191532, 57.88609087], [11.64581585, 57.88537872], [11.64693344, 57.88247561], [11.65339494, 57.88640475], [11.65308416, 57.89111352], [11.66055942, 57.89154041], [11.65764475, 57.89373481], [11.66311955, 57.89692295], [11.66333163, 57.89735305], [11.65968084, 57.89962506], [11.66362751, 57.90186715], [11.66528904, 57.90255797], [11.66528058, 57.90298736], [11.65958941, 57.90537965], [11.65531266, 57.90426946], [11.65422785, 57.90203881], [11.64874721, 57.90250432], [11.64714956, 57.90366375], [11.65132511, 57.90579891], [11.64790535, 57.90585542]], [[11.67048037, 57.90412188], [11.67368627, 57.90388966], [11.67917931, 57.90520751], [11.67911911, 57.90562022], [11.67584765, 57.90605223], [11.67052138, 57.90452707], [11.67048037, 57.90412188]], [[11.69003367, 57.90491927], [11.68566573, 57.90360975], [11.68562794, 57.90297651], [11.68825495, 57.902812], [11.69028544, 57.90347362], [11.69071293, 57.90481114], [11.69003367, 57.90491927]], [[11.67956615, 57.90339637], [11.67807782, 57.90382481], [11.67629194, 57.90289366], [11.67209172, 57.90328825], [11.67082095, 57.90228832], [11.67292261, 57.90100741], [11.67398155, 57.90109146], [11.67830122, 57.90189028], [11.67960358, 57.90292954], [11.67956615, 57.90339637]], [[11.68004525, 57.90395296], [11.68100596, 57.90367806], [11.68246007, 57.90370333], [11.68388236, 57.90403545], [11.68485916, 57.9043715], [11.68517673, 57.90465057], [11.68442321, 57.90482116], [11.68262637, 57.90490425], [11.68146467, 57.90460694], [11.68086457, 57.90451646], [11.68028605, 57.90438366], [11.67989266, 57.90421653], [11.68004525, 57.90395296]], [[11.69265902, 57.89736867], [11.6962682, 57.89688575], [11.6963793, 57.89715564], [11.69513178, 57.8986268], [11.69198966, 57.89930773], [11.69265902, 57.89736867]], [[11.69142091, 57.89689291], [11.69042861, 57.89708686], [11.68963468, 57.89673543], [11.68749142, 57.89330971], [11.67254472, 57.89035344], [11.67099094, 57.88974381], [11.66997457, 57.88817894], [11.67174888, 57.88761175], [11.67248583, 57.88788283], [11.67293382, 57.88977134], [11.67409372, 57.88992631], [11.67914808, 57.88942957], [11.67884481, 57.88926721], [11.67135942, 57.88642001], [11.66881871, 57.88693726], [11.66695511, 57.88658106], [11.66673827, 57.88609302], [11.66817617, 57.88481808], [11.66977525, 57.88459885], [11.67147768, 57.88506496], [11.682428, 57.88942301], [11.68858063, 57.88879085], [11.68783605, 57.88538206], [11.68992114, 57.88649547], [11.69770515, 57.88634336], [11.69853985, 57.88657546], [11.70202792, 57.88913822], [11.69670165, 57.89045525], [11.69521081, 57.89330125], [11.69530737, 57.89510095], [11.69448352, 57.89590275], [11.69142091, 57.89689291]], [[11.70065594, 57.88541305], [11.69355547, 57.88133275], [11.69352937, 57.87978351], [11.69429851, 57.87943363], [11.69700634, 57.87907112], [11.70915794, 57.88196635], [11.71041727, 57.88145125], [11.71095812, 57.88159323], [11.71466374, 57.88453805], [11.71467865, 57.88500822], [11.71113682, 57.88491726], [11.70712423, 57.88622594], [11.70065594, 57.88541305]], [[11.66921246, 57.88021123], [11.66777933, 57.88031113], [11.66551375, 57.87852752], [11.66572511, 57.87835312], [11.67207181, 57.87930012], [11.67225921, 57.87784612], [11.67321861, 57.87798643], [11.67597866, 57.87881577], [11.67645037, 57.87943101], [11.67561746, 57.88015962], [11.66921246, 57.88021123]], [[11.65839553, 57.87799704], [11.65808105, 57.87836945], [11.65572011, 57.87869286], [11.65401125, 57.87792885], [11.65216434, 57.87507963], [11.65787077, 57.87394261], [11.65904391, 57.87425315], [11.65932834, 57.87497664], [11.65839553, 57.87799704]], [[11.67597365, 57.87438512], [11.67632592, 57.87383652], [11.68102896, 57.87346685], [11.68481195, 57.87677205], [11.6793673, 57.87667406], [11.67649126, 57.87519181], [11.67597365, 57.87438512]], [[11.65467417, 57.87385535], [11.65427172, 57.87392414], [11.64472544, 57.87149227], [11.64206553, 57.86938345], [11.65011644, 57.87001276], [11.6506201, 57.87015557], [11.65214145, 57.87208927], [11.65385354, 57.87216806], [11.65513146, 57.87279642], [11.65537775, 57.87317252], [11.65467417, 57.87385535]], [[11.63753402, 57.87367606], [11.63752711, 57.87483537], [11.63621592, 57.87539065], [11.63388777, 57.87570596], [11.63303804, 57.87545991], [11.6323781, 57.87413025], [11.63353705, 57.87322056], [11.63506401, 57.87308967], [11.63753402, 57.87367606]], [[11.65898144, 57.8841747], [11.66040361, 57.88568103], [11.65896797, 57.88681304], [11.6547209, 57.88523102], [11.65463304, 57.88455784], [11.65535831, 57.88404465], [11.65836811, 57.88378525], [11.65898144, 57.8841747]], [[11.66733408, 57.86336517], [11.66479266, 57.86226273], [11.66455293, 57.86165512], [11.66513598, 57.86085474], [11.66827786, 57.85941625], [11.66856277, 57.85953641], [11.66915011, 57.86171114], [11.67368865, 57.86286223], [11.67643833, 57.86580014], [11.67594695, 57.86602652], [11.66733408, 57.86336517]], [[11.65305495, 57.85753703], [11.65296054, 57.86046636], [11.64982724, 57.85910547], [11.64918411, 57.85606718], [11.6498723, 57.85611045], [11.65305495, 57.85753703]], [[11.64405656, 57.85579991], [11.63902402, 57.85714281], [11.62366903, 57.8552109], [11.62581491, 57.85271156], [11.63775635, 57.85075975], [11.64290404, 57.85283017], [11.64405656, 57.85579991]], [[11.62007654, 57.85201216], [11.61524773, 57.85228634], [11.6166867, 57.85070336], [11.61793745, 57.85032856], [11.62035036, 57.85037613], [11.62075782, 57.85076272], [11.62007654, 57.85201216]], [[11.62611365, 57.85055172], [11.62201345, 57.85027885], [11.62218821, 57.84944201], [11.62705874, 57.84927845], [11.62723041, 57.84968054], [11.62690532, 57.85040164], [11.62611365, 57.85055172]], [[11.61411285, 57.85004985], [11.6138916, 57.8503437], [11.61074865, 57.85078776], [11.60908234, 57.84801316], [11.6124469, 57.84781086], [11.61388206, 57.8494879], [11.61411285, 57.85004985]], [[11.61261797, 57.85556626], [11.61031771, 57.85617304], [11.60843623, 57.85637045], [11.60550606, 57.8543086], [11.60554206, 57.8536396], [11.60802555, 57.85246325], [11.61467993, 57.85249793], [11.61562324, 57.85332894], [11.61543655, 57.85349011], [11.61261797, 57.85556626]], [[11.61918116, 57.85678661], [11.62316978, 57.85616732], [11.62456393, 57.85617936], [11.63062358, 57.85797691], [11.62752736, 57.86089575], [11.61918116, 57.85678661]], [[11.63571811, 57.85842025], [11.63627481, 57.85830057], [11.63921535, 57.85921657], [11.63790154, 57.86089802], [11.63670027, 57.8618288], [11.63679898, 57.86217225], [11.63928425, 57.86301458], [11.635607, 57.86333895], [11.63326216, 57.86287284], [11.63264787, 57.86261451], [11.63386774, 57.86151588], [11.63337255, 57.86116695], [11.63216412, 57.86079896], [11.63180053, 57.86081076], [11.63186336, 57.86187267], [11.63013434, 57.86148417], [11.62994266, 57.86118615], [11.63571811, 57.85842025]], [[11.65933716, 57.85503483], [11.66009104, 57.85410273], [11.66069937, 57.85423815], [11.66381705, 57.85702944], [11.66369605, 57.85732114], [11.66222405, 57.85776293], [11.66006017, 57.85640705], [11.65933716, 57.85503483]], [[11.70671976, 57.85400021], [11.70673132, 57.85536087], [11.70135391, 57.85424364], [11.69932973, 57.852898], [11.6981014, 57.85142374], [11.70044684, 57.85115445], [11.70314956, 57.85198474], [11.70671976, 57.85400021]], [[11.59510446, 57.90987825], [11.6015625, 57.91350436], [11.60241377, 57.91392303], [11.6015625, 57.91462052], [11.59570897, 57.91417265], [11.59429634, 57.91440225], [11.59107745, 57.91504252], [11.58823442, 57.91083443], [11.58840406, 57.91025972], [11.58978987, 57.90980244], [11.59510446, 57.90987825]], [[11.70879912, 57.91556394], [11.70033276, 57.91456115], [11.70039094, 57.91437566], [11.70748925, 57.91242683], [11.70831764, 57.9126873], [11.70879912, 57.91556394]], [[11.68670142, 57.91521406], [11.68771315, 57.9155755], [11.68847585, 57.91734362], [11.691504, 57.91690588], [11.69428241, 57.91817105], [11.69337428, 57.91961491], [11.71806645, 57.92062962], [11.72303915, 57.92154574], [11.72380722, 57.92214251], [11.72242856, 57.92463481], [11.71491206, 57.92677414], [11.70672321, 57.92832196], [11.70338297, 57.92731571], [11.69718611, 57.92608798], [11.69128513, 57.92585731], [11.67198718, 57.92679644], [11.66321015, 57.92483425], [11.66142547, 57.92345154], [11.68237793, 57.92156625], [11.6802839, 57.91871452], [11.68627822, 57.91773117], [11.67694986, 57.91794395], [11.67942405, 57.91629076], [11.68559146, 57.91523635], [11.68670142, 57.91521406]], [[11.5031929, 57.91669667], [11.5075525, 57.91838646], [11.50597274, 57.92000246], [11.50514364, 57.92014122], [11.49980915, 57.91924918], [11.49914193, 57.91887403], [11.50211406, 57.91661525], [11.5031929, 57.91669667]], [[11.49180806, 57.91890836], [11.49087811, 57.91902316], [11.48599255, 57.918347], [11.48656166, 57.91679406], [11.49293184, 57.91677284], [11.49302638, 57.91719174], [11.49180806, 57.91890836]], [[11.58119798, 57.92008913], [11.58436978, 57.92008102], [11.58911824, 57.92187095], [11.5895344, 57.92214632], [11.59095347, 57.92422116], [11.59080386, 57.92462027], [11.58954585, 57.92517614], [11.58889031, 57.92525637], [11.58124375, 57.92392433], [11.58089817, 57.92369485], [11.57919967, 57.92170107], [11.57953346, 57.92119396], [11.58119798, 57.92008913]], [[11.51031601, 57.92514205], [11.51024973, 57.92539275], [11.50723195, 57.92626917], [11.50613821, 57.92636752], [11.50108314, 57.92479277], [11.50599515, 57.92368674], [11.51031601, 57.92514205]], [[11.50421846, 57.92632234], [11.50486505, 57.92796636], [11.50445378, 57.92809856], [11.49961448, 57.92734635], [11.49936295, 57.92704082], [11.50108337, 57.92592776], [11.50308061, 57.92595434], [11.50421846, 57.92632234]], [[11.54664564, 57.9264152], [11.5488708, 57.92633772], [11.54976511, 57.92681634], [11.54989541, 57.92735577], [11.5481863, 57.92824614], [11.54415655, 57.92948377], [11.54010415, 57.92945588], [11.54104841, 57.92838275], [11.54390943, 57.92691791], [11.54664564, 57.9264152]], [[11.59909523, 57.92871833], [11.59904742, 57.92614162], [11.60059273, 57.92349243], [11.6015625, 57.92354906], [11.61026764, 57.92290163], [11.61118674, 57.92304194], [11.62160528, 57.92561781], [11.62409174, 57.92731583], [11.62383902, 57.93048704], [11.62244308, 57.93149233], [11.61748671, 57.93397284], [11.6163367, 57.93410861], [11.60706377, 57.93303573], [11.6015625, 57.93136156], [11.60129213, 57.93138433], [11.59909523, 57.92871833]], [[11.62612593, 57.93525565], [11.62638974, 57.93141162], [11.62702107, 57.9315114], [11.62754667, 57.93224764], [11.62612593, 57.93525565]], [[11.62861967, 57.93539417], [11.63753235, 57.93361866], [11.64101124, 57.93595684], [11.64676487, 57.93550384], [11.64898253, 57.93264461], [11.65535927, 57.93268192], [11.65463424, 57.93536222], [11.66208231, 57.93528795], [11.66400874, 57.93252325], [11.65997601, 57.93189228], [11.66003633, 57.9317069], [11.66264033, 57.9308542], [11.6639899, 57.93099844], [11.66779304, 57.93281186], [11.66791797, 57.93313384], [11.66473532, 57.93457413], [11.66926467, 57.93518603], [11.66993666, 57.93560422], [11.66944885, 57.93626595], [11.66838837, 57.93624723], [11.66361105, 57.93530548], [11.66327918, 57.93533111], [11.6578809, 57.93658853], [11.65071344, 57.93542326], [11.6508373, 57.93562233], [11.66173506, 57.93820012], [11.66582334, 57.93794656], [11.66624784, 57.93809462], [11.66454244, 57.94077456], [11.67315733, 57.94156194], [11.67347598, 57.94172645], [11.67274332, 57.94248903], [11.67365193, 57.9441874], [11.67133963, 57.9448657], [11.66819286, 57.94343698], [11.66840553, 57.94231665], [11.66672397, 57.94350803], [11.66255975, 57.94356906], [11.65469873, 57.94185984], [11.65309536, 57.94010365], [11.64037132, 57.94076836], [11.62690544, 57.93788934], [11.62625372, 57.93733573], [11.62639666, 57.93673944], [11.62861967, 57.93539417]], [[11.71734202, 57.93875432], [11.72083616, 57.93574691], [11.72286224, 57.93734503], [11.73295903, 57.93406463], [11.73641992, 57.93406224], [11.73903966, 57.93499994], [11.74045897, 57.93710494], [11.74042046, 57.94264305], [11.73848927, 57.94501424], [11.7362802, 57.94596624], [11.73146296, 57.94665051], [11.72806001, 57.94608414], [11.72116256, 57.95042777], [11.71523285, 57.94988871], [11.71785796, 57.94714046], [11.71787524, 57.94347262], [11.72029924, 57.94259107], [11.72032964, 57.94215715], [11.71725476, 57.94127226], [11.71734202, 57.93875432]], [[11.69161677, 57.94944775], [11.68865478, 57.95069444], [11.6875869, 57.95096648], [11.68127716, 57.94896364], [11.68183291, 57.94659448], [11.68994165, 57.94638813], [11.69039786, 57.94673753], [11.69161677, 57.94944775]], [[11.75118053, 57.95065117], [11.75419247, 57.95057106], [11.75367916, 57.95330155], [11.7485671, 57.95306838], [11.74986148, 57.95125186], [11.75118053, 57.95065117]], [[11.72361994, 57.93104207], [11.72449195, 57.93088317], [11.72709942, 57.93256021], [11.72497511, 57.93383932], [11.72373414, 57.93391526], [11.72239041, 57.93267655], [11.72252095, 57.93214154], [11.72361994, 57.93104207]], [[11.66065943, 57.93073285], [11.65720284, 57.93191862], [11.65534937, 57.93189907], [11.65315866, 57.93058658], [11.65157998, 57.93136442], [11.65115941, 57.93123531], [11.65002286, 57.92899632], [11.64004755, 57.93244851], [11.63725853, 57.93309724], [11.63450241, 57.93335223], [11.63148224, 57.93214643], [11.63144255, 57.93172777], [11.63675118, 57.92880034], [11.63903022, 57.92932451], [11.64042652, 57.92804265], [11.64979815, 57.92631936], [11.65110314, 57.9284271], [11.65322423, 57.92730105], [11.65606678, 57.92753875], [11.66105366, 57.93038034], [11.66065943, 57.93073285]], [[11.73266602, 57.92280161], [11.73093605, 57.92187297], [11.72988915, 57.92167723], [11.72579646, 57.92249644], [11.72421944, 57.92121685], [11.72377086, 57.92037356], [11.72422588, 57.91872597], [11.72507274, 57.91797376], [11.72805333, 57.91660726], [11.73905468, 57.91660297], [11.74118137, 57.9170686], [11.74515271, 57.91817796], [11.74713933, 57.91899085], [11.74923456, 57.92018497], [11.75082004, 57.92183793], [11.75068843, 57.92255712], [11.74653184, 57.92532671], [11.74562013, 57.92544472], [11.74230528, 57.92446566], [11.74170113, 57.92455745], [11.73657274, 57.92584252], [11.73266602, 57.92280161]], [[11.62835526, 57.91058207], [11.62967515, 57.90999651], [11.63277757, 57.91004241], [11.63442552, 57.91034365], [11.63555562, 57.91147041], [11.63506043, 57.91177595], [11.62955701, 57.91106975], [11.62835526, 57.91058207]], [[11.66685545, 57.95766437], [11.6649549, 57.95823658], [11.6598531, 57.95740414], [11.65956533, 57.95703793], [11.66397846, 57.95624816], [11.66480994, 57.95634413], [11.66685796, 57.95723164], [11.66685545, 57.95766437]], [[11.69055557, 57.96376121], [11.68708575, 57.96468234], [11.68653285, 57.96439731], [11.68508446, 57.96309221], [11.68551588, 57.96273577], [11.68934536, 57.96222186], [11.69000328, 57.96242321], [11.69055557, 57.96376121]], [[11.69842696, 57.97450018], [11.70144784, 57.97622514], [11.70048463, 57.97718883], [11.69939065, 57.97750926], [11.69690764, 57.97614646], [11.69740045, 57.97444403], [11.69842696, 57.97450018]], [[11.76201785, 57.97798026], [11.76147306, 57.97566831], [11.77315223, 57.97628343], [11.77703095, 57.97813737], [11.77638495, 57.97955954], [11.78163803, 57.98044515], [11.78189814, 57.98092878], [11.78119922, 57.98128605], [11.77262783, 57.98209763], [11.77014506, 57.98234045], [11.76333582, 57.98203623], [11.76067972, 57.98091066], [11.76146448, 57.97872877], [11.76755726, 57.97893727], [11.76201785, 57.97798026]], [[11.70525801, 57.97869802], [11.70583904, 57.97942555], [11.70339525, 57.98023295], [11.69975316, 57.97965705], [11.70010173, 57.97849441], [11.70503986, 57.97849035], [11.70525801, 57.97869802]], [[11.7843523, 57.98251772], [11.78255141, 57.98566532], [11.77793837, 57.98561752], [11.77769935, 57.98575222], [11.7717458, 57.98748064], [11.77120304, 57.98692918], [11.77257383, 57.98448455], [11.7843523, 57.98251772]], [[11.7910428, 57.99825883], [11.78992605, 57.99944615], [11.78022528, 57.99930251], [11.78462875, 57.99681282], [11.78566503, 57.99667335], [11.78841972, 57.99682796], [11.79053485, 57.99789262], [11.7910428, 57.99825883]], [[11.78750575, 58.00260246], [11.78728366, 58.00276351], [11.78255725, 58.00258994], [11.78194416, 58.00240564], [11.78050792, 58.00098622], [11.78334892, 58.00097573], [11.78491032, 58.00122345], [11.78750575, 58.00260246]], [[11.80532217, 58.02551115], [11.79748726, 58.02681422], [11.79700935, 58.02662265], [11.79325604, 58.0238198], [11.79719472, 58.02243257], [11.79714346, 58.02234411], [11.79287636, 58.02113736], [11.79265285, 58.02044392], [11.79445755, 58.0198251], [11.79928947, 58.01981854], [11.79979932, 58.02017248], [11.79994023, 58.02292907], [11.80532217, 58.02551115]], [[11.76739657, 58.0430727], [11.77234936, 58.04729331], [11.77014422, 58.04852235], [11.77094293, 58.05004191], [11.76798952, 58.0511868], [11.76860845, 58.05207217], [11.76989186, 58.05288601], [11.76940835, 58.05338836], [11.76828921, 58.05361354], [11.76593316, 58.0525012], [11.76442134, 58.05203521], [11.75962257, 58.05231226], [11.75958335, 58.05073345], [11.76005983, 58.0497545], [11.76555073, 58.04709041], [11.76464951, 58.04441345], [11.76739657, 58.0430727]], [[11.77523124, 58.04506636], [11.77604806, 58.04481494], [11.77882206, 58.04483116], [11.78282535, 58.0467329], [11.78330481, 58.04925632], [11.78311205, 58.04948366], [11.77650475, 58.05167413], [11.77551711, 58.04867446], [11.77370346, 58.04658484], [11.77523124, 58.04506636]], [[11.78793633, 58.05543685], [11.78975594, 58.05682707], [11.78955746, 58.05874968], [11.78707278, 58.05983317], [11.78642941, 58.06023395], [11.78326654, 58.0592097], [11.78373551, 58.05671751], [11.78572917, 58.05543661], [11.78793633, 58.05543685]], [[11.55310535, 57.93315721], [11.55210376, 57.93336534], [11.55065227, 57.93263435], [11.55210948, 57.93138945], [11.55302036, 57.93112004], [11.55790007, 57.93078184], [11.55599391, 57.93246806], [11.55310535, 57.93315721]], [[11.52894604, 57.9332782], [11.52098072, 57.93519676], [11.51798451, 57.93424356], [11.51788223, 57.9342978], [11.51179123, 57.93561864], [11.50834084, 57.93365896], [11.50839913, 57.93330586], [11.5141232, 57.93166304], [11.51905382, 57.93257451], [11.52752996, 57.93165708], [11.52964663, 57.93243957], [11.52894604, 57.9332782]], [[11.53924835, 57.93557215], [11.53527236, 57.93467462], [11.53570998, 57.93346703], [11.53843606, 57.93333387], [11.54177475, 57.93435192], [11.54213202, 57.93524075], [11.53924835, 57.93557215]], [[11.52588773, 57.93709958], [11.53031814, 57.93862462], [11.52410865, 57.93816006], [11.52362156, 57.93718553], [11.52588773, 57.93709958]]]]}, "geometry_name": "the_geom", "properties": {"name": "Kattegat", "id": "2", "longitude": 11.30411886559, "latitude": 56.3431976427, "min_x": 9.36559641892, "min_y": 54.63373190945, "max_x": 13.06291067639, "max_y": 58.07746934863, "area": 35447, "mrgid": 2374}}], "totalFeatures": 1, "numberMatched": 1, "numberReturned": 1, "timeStamp": "2026-08-12T16:56:03.684Z", "crs": {"type": "name", "properties": {"name": "urn:ogc:def:crs:EPSG::4326"}}}