{"type": "FeatureCollection", "features": [{"type": "Feature", "id": "iho.32", "geometry": {"type": "MultiPolygon", "coordinates": [[[[-4.52852321, 51.01675606], [-4.55313623, 51.05300817], [-4.57774925, 51.08926028], [-4.60236227, 51.12551239], [-4.6269753, 51.1617645], [-4.65158832, 51.19801661], [-4.67620134, 51.23426872], [-4.70081437, 51.27052084], [-4.72542739, 51.30677295], [-4.75004041, 51.34302506], [-4.77465343, 51.37927717], [-4.79926646, 51.41552928], [-4.82387948, 51.45178139], [-4.8484925, 51.4880335], [-4.87310553, 51.52428561], [-4.89771855, 51.56053773], [-4.92233157, 51.59678984], [-4.92237151, 51.5974251], [-4.92270207, 51.59782422], [-4.92320895, 51.59797192], [-4.92363405, 51.5981127], [-4.92399263, 51.59846616], [-4.92431736, 51.59915185], [-4.92430306, 51.60004711], [-4.92395437, 51.60075748], [-4.92361391, 51.60119104], [-4.92334831, 51.60146987], [-4.92315996, 51.60167325], [-4.92291856, 51.60181165], [-4.92255747, 51.60192776], [-4.92213047, 51.60208535], [-4.921875, 51.60212052], [-4.921875, 51.60239947], [-4.92120242, 51.60239947], [-4.92097807, 51.60253894], [-4.92119575, 51.60504246], [-4.92096376, 51.60545051], [-4.92045081, 51.60583341], [-4.91994405, 51.60606861], [-4.91966295, 51.60623705], [-4.91965222, 51.60640526], [-4.91988003, 51.60654354], [-4.92027211, 51.6066668], [-4.92072773, 51.60683012], [-4.921875, 51.60686386], [-4.921875, 51.60742176], [-4.92215896, 51.60753345], [-4.92227852, 51.60775673], [-4.92230845, 51.60837054], [-4.92209923, 51.60881686], [-4.921875, 51.60881686], [-4.921875, 51.609375], [-4.92166793, 51.60944855], [-4.92122126, 51.60958326], [-4.92073405, 51.60959446], [-4.92014694, 51.60947227], [-4.91947424, 51.60927761], [-4.91892576, 51.60899305], [-4.91861427, 51.6086874], [-4.91841757, 51.60840845], [-4.91826916, 51.60817587], [-4.91797566, 51.60797358], [-4.91735494, 51.60770905], [-4.91643333, 51.60736907], [-4.91555941, 51.60722816], [-4.91488802, 51.6073209], [-4.91428244, 51.60752606], [-4.91365755, 51.60779405], [-4.91317165, 51.60803175], [-4.91292977, 51.60834146], [-4.91294932, 51.60874391], [-4.91318727, 51.60901785], [-4.91351843, 51.60917723], [-4.91374695, 51.60938442], [-4.91375887, 51.60966921], [-4.91355014, 51.60987747], [-4.91320407, 51.60999024], [-4.91269922, 51.61008048], [-4.91183472, 51.60986471], [-4.91092014, 51.60984135], [-4.90997887, 51.60995305], [-4.90942836, 51.61018646], [-4.90920794, 51.61049533], [-4.90900314, 51.61071885], [-4.90864241, 51.61085618], [-4.90811467, 51.610991], [-4.90747356, 51.61112833], [-4.90682697, 51.61129546], [-4.9060899, 51.61144447], [-4.90510893, 51.61150551], [-4.90369415, 51.61129761], [-4.90214944, 51.61084032], [-4.90086043, 51.61048305], [-4.89981937, 51.61021495], [-4.89866376, 51.60991943], [-4.89738452, 51.60957503], [-4.8962481, 51.60948348], [-4.89557683, 51.60974097], [-4.89544761, 51.61024964], [-4.89566314, 51.61097908], [-4.89600158, 51.61193681], [-4.89645767, 51.6128211], [-4.89796424, 51.61277008], [-4.89834785, 51.61311436], [-4.89864171, 51.61337376], [-4.89900625, 51.61351538], [-4.89948428, 51.61359346], [-4.89985526, 51.61372626], [-4.90009737, 51.61399364], [-4.90025091, 51.61442435], [-4.90014482, 51.61496317], [-4.89974475, 51.61537147], [-4.89930272, 51.61557758], [-4.8990252, 51.61572182], [-4.89899278, 51.61588263], [-4.89923978, 51.61604166], [-4.89980745, 51.61623383], [-4.90068376, 51.61649501], [-4.90164566, 51.61669993], [-4.90237296, 51.61682451], [-4.90287316, 51.61682355], [-4.90322173, 51.61676908], [-4.90343118, 51.61682725], [-4.90357423, 51.61698687], [-4.90378666, 51.6171329], [-4.9040879, 51.61723006], [-4.90439546, 51.61732244], [-4.90460432, 51.61817575], [-4.90451348, 51.61848271], [-4.90409446, 51.61875296], [-4.90346956, 51.6189332], [-4.90289175, 51.61907816], [-4.9023385, 51.61920357], [-4.90163004, 51.61936414], [-4.9006983, 51.61956978], [-4.89983141, 51.61983287], [-4.89919865, 51.62003195], [-4.89873385, 51.62017095], [-4.89837742, 51.62025714], [-4.89812791, 51.62039483], [-4.89793384, 51.62071586], [-4.8977617, 51.62134111], [-4.89777052, 51.62220764], [-4.8980056, 51.62286425], [-4.89836526, 51.62330532], [-4.89876366, 51.62368333], [-4.89888716, 51.62402725], [-4.89869821, 51.62440658], [-4.89835095, 51.62487078], [-4.89792001, 51.62532616], [-4.89761984, 51.6256603], [-4.89740181, 51.62589347], [-4.89697766, 51.62583303], [-4.89684665, 51.62600994], [-4.89670718, 51.62618387], [-4.89645922, 51.62633085], [-4.89607585, 51.62653232], [-4.89566076, 51.62693417], [-4.89528334, 51.62748027], [-4.89473963, 51.62796474], [-4.89392567, 51.62840295], [-4.89291465, 51.62889564], [-4.89213896, 51.62922955], [-4.89157844, 51.62945175], [-4.89097333, 51.62965071], [-4.89013445, 51.62985492], [-4.88917136, 51.62990415], [-4.88833845, 51.62983847], [-4.88763452, 51.62987983], [-4.88712454, 51.63011634], [-4.88675594, 51.63043821], [-4.88620031, 51.63075125], [-4.88525212, 51.63101625], [-4.88381183, 51.63128674], [-4.88209724, 51.6314857], [-4.88091004, 51.63163602], [-4.88016427, 51.63173294], [-4.88021743, 51.63191533], [-4.880059, 51.63251841], [-4.87984693, 51.63301444], [-4.87963653, 51.63348126], [-4.87938511, 51.63397491], [-4.87908781, 51.63450635], [-4.87868404, 51.63488865], [-4.87829876, 51.63508403], [-4.87796235, 51.63528955], [-4.87747395, 51.63566661], [-4.87669206, 51.63615525], [-4.87596107, 51.63648367], [-4.875319, 51.63667727], [-4.87467444, 51.63681126], [-4.87407672, 51.63696992], [-4.8700695, 51.63708174], [-4.86939347, 51.63743293], [-4.86867404, 51.63765693], [-4.86761045, 51.63775647], [-4.8661437, 51.63766694], [-4.86495686, 51.6374495], [-4.86414683, 51.63735831], [-4.86332297, 51.63744545], [-4.86231184, 51.63763404], [-4.86151588, 51.63794005], [-4.86103785, 51.63832414], [-4.86074245, 51.63874185], [-4.86073554, 51.63908982], [-4.86087167, 51.63933313], [-4.8611176, 51.63947296], [-4.86151266, 51.63957155], [-4.86211515, 51.63972926], [-4.86301243, 51.63999522], [-4.86413395, 51.64040613], [-4.86527455, 51.64081514], [-4.86631072, 51.64123476], [-4.86705327, 51.64157307], [-4.86748087, 51.64194012], [-4.86753166, 51.64235353], [-4.86731505, 51.64274347], [-4.86717927, 51.64297545], [-4.86690676, 51.64303875], [-4.86662281, 51.64317667], [-4.86632144, 51.64358068], [-4.86582208, 51.64431894], [-4.86498272, 51.64506245], [-4.86414826, 51.64558101], [-4.86347318, 51.64600408], [-4.86304331, 51.64630091], [-4.86255276, 51.64646626], [-4.86181915, 51.64658034], [-4.86107576, 51.64672971], [-4.85665524, 51.6467334], [-4.85621548, 51.64655685], [-4.85571337, 51.64641643], [-4.85504675, 51.64627326], [-4.85420704, 51.64613271], [-4.85341966, 51.64595628], [-4.84948361, 51.64600337], [-4.84897006, 51.64606214], [-4.84841144, 51.64601433], [-4.8478595, 51.64591515], [-4.84750736, 51.64575374], [-4.84731007, 51.64551592], [-4.84710431, 51.64523292], [-4.84683323, 51.64493453], [-4.84638071, 51.64464724], [-4.84577703, 51.64437807], [-4.84504831, 51.64403546], [-4.83980644, 51.64394844], [-4.83830476, 51.64413321], [-4.8366487, 51.64440727], [-4.83558261, 51.64496684], [-4.83518422, 51.64574218], [-4.83502674, 51.64632452], [-4.83474481, 51.64664483], [-4.83387244, 51.64676201], [-4.83233845, 51.64671397], [-4.83089006, 51.64655042], [-4.82641304, 51.64650464], [-4.82620764, 51.64608157], [-4.82624865, 51.64561296], [-4.82642686, 51.64508975], [-4.82666266, 51.644683], [-4.82687533, 51.64443111], [-4.8271358, 51.64429617], [-4.82744265, 51.64416933], [-4.82764971, 51.64389682], [-4.82764888, 51.64349306], [-4.82744014, 51.64321554], [-4.82713234, 51.64307678], [-4.82687748, 51.64293158], [-4.82668745, 51.64270866], [-4.82649112, 51.64244556], [-4.82631445, 51.64221227], [-4.82606721, 51.64205384], [-4.8257004, 51.64193141], [-4.82526994, 51.64177346], [-4.81988263, 51.64182246], [-4.81868064, 51.64215386], [-4.81752527, 51.64237106], [-4.81672001, 51.64252925], [-4.81618583, 51.64265275], [-4.81575418, 51.64278185], [-4.8153944, 51.64289856], [-4.81518912, 51.64304698], [-4.81520581, 51.64322412], [-4.81543565, 51.64336288], [-4.81576335, 51.64346588], [-4.81599414, 51.64360535], [-4.81601036, 51.64378655], [-4.81579781, 51.64394546], [-4.81541777, 51.64407325], [-4.81496417, 51.64418066], [-4.81446934, 51.64417815], [-4.81390286, 51.64406204], [-4.81327665, 51.64392245], [-4.81272566, 51.64377212], [-4.81222165, 51.64363587], [-4.81163776, 51.64347172], [-4.81090224, 51.64326942], [-4.81014347, 51.64301193], [-4.8094753, 51.64280558], [-4.80905473, 51.64317167], [-4.80793083, 51.64309156], [-4.80683184, 51.64295495], [-4.80570102, 51.64273214], [-4.80498683, 51.64231956], [-4.80498934, 51.64178681], [-4.80569482, 51.64134181], [-4.80677402, 51.64093244], [-4.80762744, 51.64031661], [-4.80781722, 51.63958931], [-4.80745053, 51.63908124], [-4.80691254, 51.63884282], [-4.80642652, 51.638713], [-4.80608225, 51.63861775], [-4.80588281, 51.63848281], [-4.80560803, 51.63830805], [-4.80484045, 51.63815951], [-4.80350351, 51.63803172], [-4.80222654, 51.63786685], [-4.79787803, 51.63784385], [-4.79778397, 51.63765204], [-4.79766631, 51.63745666], [-4.79733694, 51.6372987], [-4.79659581, 51.63717151], [-4.7953583, 51.63706136], [-4.79374492, 51.63706624], [-4.79257405, 51.63721168], [-4.79183066, 51.63743293], [-4.79122043, 51.63767612], [-4.79070675, 51.63775444], [-4.79025042, 51.63766694], [-4.78980196, 51.63753581], [-4.78933525, 51.63736892], [-4.78885615, 51.63713241], [-4.78843713, 51.63672483], [-4.78817844, 51.63625097], [-4.78796887, 51.63596535], [-4.78773856, 51.63583243], [-4.78745496, 51.63564456], [-4.7868458, 51.63526475], [-4.78560913, 51.63476896], [-4.78413451, 51.63443542], [-4.78300643, 51.63424873], [-4.78209627, 51.63415456], [-4.78174865, 51.63444912], [-4.78129482, 51.63450527], [-4.78082955, 51.63463044], [-4.78034794, 51.63491285], [-4.77988315, 51.63556635], [-4.7794888, 51.63652563], [-4.77910304, 51.63727737], [-4.77883506, 51.63767111], [-4.77850544, 51.63785934], [-4.77786672, 51.63806593], [-4.77689695, 51.63841224], [-4.77596438, 51.63878977], [-4.77540123, 51.63932037], [-4.77538991, 51.63997805], [-4.77583313, 51.64046693], [-4.77640855, 51.64077115], [-4.77683687, 51.64111376], [-4.77686942, 51.64155161], [-4.77656043, 51.64201546], [-4.7709527, 51.6420176], [-4.77049112, 51.64242744], [-4.77002561, 51.64284575], [-4.76940322, 51.64325357], [-4.76871526, 51.64351797], [-4.76786828, 51.64364445], [-4.76686871, 51.64357185], [-4.76616943, 51.6433115], [-4.7657541, 51.64304244], [-4.76504505, 51.64292181], [-4.7636286, 51.64301133], [-4.76176405, 51.64322031], [-4.75976753, 51.64329565], [-4.7584964, 51.64323306], [-4.75782526, 51.64321935], [-4.75728643, 51.64332426], [-4.75667143, 51.6435045], [-4.75613201, 51.64378083], [-4.75578976, 51.64410234], [-4.75557923, 51.6444627], [-4.75557923, 51.64486325], [-4.75581074, 51.64524353], [-4.75623012, 51.64562857], [-4.75687766, 51.64601374], [-4.75755, 51.64629114], [-4.75849748, 51.64672804], [-4.75921345, 51.64680076], [-4.75982106, 51.64693177], [-4.76033986, 51.64716613], [-4.76071787, 51.64764214], [-4.76078296, 51.64830995], [-4.76059032, 51.64892626], [-4.76051223, 51.65162468], [-4.76017356, 51.65175355], [-4.75971222, 51.65193593], [-4.75908518, 51.65221787], [-4.75827241, 51.65249824], [-4.75704157, 51.65274155], [-4.75545704, 51.65280223], [-4.75407577, 51.65272927], [-4.7528969, 51.65272296], [-4.75203025, 51.65284073], [-4.75132811, 51.65299118], [-4.75067258, 51.65310156], [-4.74992526, 51.65302622], [-4.74908674, 51.65274656], [-4.74814904, 51.65243566], [-4.74698007, 51.6522156], [-4.74545085, 51.65236533], [-4.7437222, 51.65292537], [-4.73966026, 51.65320361], [-4.73897493, 51.65297484], [-4.73820806, 51.65267634], [-4.73751545, 51.65221512], [-4.73703015, 51.65177131], [-4.73640871, 51.65154386], [-4.73546886, 51.65154862], [-4.73459661, 51.65169644], [-4.73388004, 51.65185988], [-4.73333085, 51.65199125], [-4.7328186, 51.65199757], [-4.73216653, 51.65188205], [-4.73133743, 51.65172935], [-4.73055541, 51.65153623], [-4.72254455, 51.65147781], [-4.72210622, 51.65128386], [-4.7216804, 51.65112913], [-4.7212677, 51.65101004], [-4.72081268, 51.6510154], [-4.7201519, 51.65116274], [-4.71907985, 51.65138233], [-4.71754515, 51.65161598], [-4.71556854, 51.6516782], [-4.71361554, 51.65159333], [-4.71176016, 51.65155745], [-4.71072698, 51.65166962], [-4.71035194, 51.65192425], [-4.71020865, 51.65226865], [-4.71027768, 51.65262103], [-4.71064091, 51.65286148], [-4.71124065, 51.65305054], [-4.71177185, 51.65329897], [-4.71207821, 51.65354025], [-4.71233785, 51.65370595], [-4.71268988, 51.65382385], [-4.71311796, 51.65395772], [-4.71357262, 51.6540879], [-4.71402872, 51.65422404], [-4.71448195, 51.65432596], [-4.71541905, 51.6547904], [-4.71592486, 51.65497196], [-4.716313, 51.65524352], [-4.71639514, 51.65554905], [-4.71623003, 51.65583444], [-4.71601522, 51.65605903], [-4.71575296, 51.65619636], [-4.71545565, 51.65630567], [-4.71521628, 51.65651608], [-4.71502674, 51.65685773], [-4.71480894, 51.65720296], [-4.71459711, 51.65750992], [-4.71436298, 51.65779674], [-4.71415091, 51.65807974], [-4.71393216, 51.65835142], [-4.71374142, 51.65857601], [-4.713503, 51.65871584], [-4.71321464, 51.65880656], [-4.71297598, 51.65894425], [-4.71278572, 51.65916455], [-4.71256936, 51.65943515], [-4.71236193, 51.65973771], [-4.71212995, 51.66008961], [-4.71189916, 51.66049194], [-4.71161234, 51.66087651], [-4.71157706, 51.66113985], [-4.71127045, 51.66122115], [-4.71096373, 51.66130495], [-4.71072745, 51.66145158], [-4.71054113, 51.66168094], [-4.71032453, 51.66195202], [-4.71011245, 51.66223025], [-4.70987904, 51.66251421], [-4.70967054, 51.66283786], [-4.70945966, 51.66324961], [-4.70927227, 51.66370583], [-4.70900273, 51.66400707], [-4.70859945, 51.66420794], [-4.70817327, 51.66445982], [-4.70787036, 51.66474605], [-4.70762885, 51.66503441], [-4.70743155, 51.66532016], [-4.70719755, 51.66560817], [-4.70690501, 51.66589904], [-4.70646715, 51.66616941], [-4.7059741, 51.66640377], [-4.70549166, 51.66670954], [-4.70497954, 51.66709161], [-4.70422232, 51.66748917], [-4.70332837, 51.66777766], [-4.70285595, 51.6679399], [-4.70235562, 51.66804147], [-4.70179105, 51.66817665], [-4.70116532, 51.66830516], [-4.70061815, 51.66843867], [-4.70013714, 51.66856527], [-4.69960916, 51.66875803], [-4.69892395, 51.66908371], [-4.69816887, 51.6695677], [-4.69770062, 51.66995215], [-4.69729376, 51.67020917], [-4.69655454, 51.67052555], [-4.69541848, 51.67100477], [-4.69437838, 51.67141831], [-4.69375277, 51.67181182], [-4.69364202, 51.67217445], [-4.69394982, 51.6723994], [-4.69448841, 51.67252445], [-4.6950227, 51.67264187], [-4.69569194, 51.67275572], [-4.69694042, 51.67291856], [-4.69892836, 51.67317247], [-4.70092463, 51.67358112], [-4.70075262, 51.67731547], [-4.70046747, 51.67760098], [-4.70024598, 51.67788506], [-4.70003712, 51.67815387], [-4.69985378, 51.67837691], [-4.69958842, 51.67853546], [-4.69919038, 51.67869735], [-4.69876683, 51.67895305], [-4.69844425, 51.67925036], [-4.69812846, 51.67954993], [-4.69811261, 51.6796875], [-4.69815326, 51.6796875], [-4.69810247, 51.68097043], [-4.69784856, 51.68120587], [-4.69764757, 51.68139195], [-4.69737756, 51.68153715], [-4.69697583, 51.68183517], [-4.69654882, 51.68258905], [-4.69624126, 51.68369985], [-4.69599164, 51.68449473], [-4.69579113, 51.68493712], [-4.69558716, 51.68526006], [-4.69540107, 51.68555987], [-4.69512963, 51.68577111], [-4.69472492, 51.68597031], [-4.6943047, 51.68630195], [-4.69402146, 51.68671644], [-4.69380224, 51.68706846], [-4.69356287, 51.68731272], [-4.69307673, 51.68746495], [-4.69230103, 51.68762076], [-4.6916157, 51.68789864], [-4.69114614, 51.68827307], [-4.69074225, 51.68868077], [-4.6904422, 51.68898845], [-4.69006646, 51.68915296], [-4.68950403, 51.68922424], [-4.68919814, 51.68931007], [-4.68903315, 51.68957913], [-4.68881226, 51.68985915], [-4.68859756, 51.69018412], [-4.68837655, 51.69059706], [-4.68819368, 51.69104576], [-4.68797791, 51.6913166], [-4.68770683, 51.69146431], [-4.68739653, 51.69171762], [-4.68688714, 51.69220054], [-4.68606734, 51.69275618], [-4.68532908, 51.69314945], [-4.68482661, 51.69352186], [-4.68455064, 51.69402361], [-4.68428648, 51.69476163], [-4.68386257, 51.69573784], [-4.68313551, 51.69648838], [-4.68235981, 51.69684386], [-4.68175793, 51.69697177], [-4.68127155, 51.69693565], [-4.68073392, 51.69678998], [-4.67999828, 51.69663513], [-4.67901242, 51.69650221], [-4.67780483, 51.69646692], [-4.6767987, 51.6965183], [-4.67733824, 51.69703877], [-4.67802155, 51.69742262], [-4.67850375, 51.69756198], [-4.67884946, 51.6977365], [-4.68352366, 51.69782364], [-4.68397391, 51.69810271], [-4.68803263, 51.69800544], [-4.68819654, 51.69842267], [-4.68836343, 51.69897425], [-4.6885699, 51.69958842], [-4.68876338, 51.70019603], [-4.68900645, 51.70054924], [-4.68929374, 51.70071626], [-4.68951774, 51.70090914], [-4.68968105, 51.70117295], [-4.68989766, 51.70135772], [-4.69017744, 51.70147586], [-4.69044054, 51.70170271], [-4.69073427, 51.70217288], [-4.69114184, 51.70285535], [-4.69154143, 51.70359898], [-4.69203186, 51.70412075], [-4.69262731, 51.70442545], [-4.69331956, 51.70469141], [-4.69401824, 51.70492685], [-4.69469404, 51.70518005], [-4.69519317, 51.70542324], [-4.69543767, 51.70580018], [-4.69542742, 51.70632505], [-4.69520152, 51.70668018], [-4.69484615, 51.70685446], [-4.6945405, 51.70689094], [-4.69484818, 51.706972], [-4.69515598, 51.70707405], [-4.69539273, 51.70728266], [-4.69557858, 51.70760918], [-4.69579625, 51.70794046], [-4.69601464, 51.70830822], [-4.69626582, 51.70886612], [-4.69649696, 51.7096616], [-4.69668603, 51.71043468], [-4.69668603, 51.71115935], [-4.6964972, 51.71171486], [-4.69626605, 51.71215141], [-4.69601524, 51.71249127], [-4.69579625, 51.71278012], [-4.69557571, 51.71304107], [-4.69538283, 51.71324956], [-4.69514155, 51.71337593], [-4.69485664, 51.71349025], [-4.69464338, 51.71376622], [-4.69450974, 51.71428597], [-4.69432926, 51.71492755], [-4.69392621, 51.7156198], [-4.69289446, 51.71610761], [-4.69116402, 51.71637225], [-4.69025564, 51.71638644], [-4.68976021, 51.71666574], [-4.689327, 51.71715856], [-4.68904722, 51.71780765], [-4.68883264, 51.71829104], [-4.68862975, 51.71855283], [-4.68826675, 51.71869123], [-4.68769181, 51.71891475], [-4.68711472, 51.71947455], [-4.68658781, 51.72031987], [-4.68594193, 51.72101796], [-4.68529618, 51.72143984], [-4.68322635, 51.72253442], [-4.68227816, 51.72294974], [-4.68113911, 51.72351074], [-4.67997325, 51.72405911], [-4.67877138, 51.72459173], [-4.67788494, 51.72490895], [-4.67746151, 51.72510445], [-4.67729342, 51.72531772], [-4.67713344, 51.72557497], [-4.6768887, 51.72586715], [-4.67637014, 51.72619426], [-4.67547154, 51.72658718], [-4.67419004, 51.72709334], [-4.67299986, 51.72748637], [-4.67225516, 51.72781873], [-4.67182851, 51.72812796], [-4.67129064, 51.72841263], [-4.67045724, 51.72866297], [-4.66932642, 51.72894776], [-4.66801906, 51.72921515], [-4.66690135, 51.72948492], [-4.66607416, 51.72967875], [-4.66547668, 51.7298516], [-4.66490877, 51.73006356], [-4.66424286, 51.73038745], [-4.66366017, 51.73055017], [-4.66297197, 51.73088121], [-4.66234636, 51.73109782], [-4.66164613, 51.73125565], [-4.66079974, 51.73138166], [-4.66002572, 51.73151994], [-4.65935183, 51.73165131], [-4.65880334, 51.73179615], [-4.65824246, 51.73193038], [-4.65745986, 51.73207581], [-4.65646637, 51.73220992], [-4.65570438, 51.73235488], [-4.65518594, 51.73248875], [-4.65466237, 51.73263335], [-4.65384495, 51.73276675], [-4.65249622, 51.73291254], [-4.65064466, 51.73305082], [-4.64917195, 51.73320615], [-4.64811957, 51.73334885], [-4.64737093, 51.73346543], [-4.64669287, 51.73346424], [-4.64596224, 51.73334563], [-4.64506042, 51.73320222], [-4.64402533, 51.73305535], [-4.64274097, 51.73294771], [-4.64169347, 51.73350751], [-4.64125335, 51.73360753], [-4.64073253, 51.73374522], [-4.64000106, 51.73388922], [-4.63890457, 51.73405647], [-4.63727784, 51.73420477], [-4.63539135, 51.73428392], [-4.63351941, 51.73394108], [-4.63321471, 51.73414206], [-4.63149846, 51.73379016], [-4.63047516, 51.73349595], [-4.62991357, 51.73328221], [-4.62944162, 51.73313534], [-4.62874293, 51.73306656], [-4.62770665, 51.73321438], [-4.62666094, 51.73356545], [-4.62593555, 51.73384821], [-4.62544274, 51.73403704], [-4.62495601, 51.73416913], [-4.62427187, 51.73432422], [-4.62335098, 51.73452163], [-4.62249815, 51.73477507], [-4.6218518, 51.73497284], [-4.62124395, 51.73515081], [-4.62049842, 51.73536515], [-4.6196537, 51.73568952], [-4.61815631, 51.73590374], [-4.61687231, 51.73638773], [-4.61579156, 51.73667765], [-4.61507738, 51.73684871], [-4.61459255, 51.73696673], [-4.61417127, 51.73709786], [-4.61374545, 51.73723567], [-4.61330795, 51.73741281], [-4.60434675, 51.73741424], [-4.60373104, 51.73723781], [-4.6030575, 51.73709714], [-4.60238814, 51.73695397], [-4.60171473, 51.73681354], [-4.60109901, 51.73663712], [-4.59460163, 51.73657763], [-4.59330332, 51.73639905], [-4.59180605, 51.73625576], [-4.59057975, 51.73611283], [-4.58962965, 51.73598576], [-4.58899832, 51.73585165], [-4.58854926, 51.73572206], [-4.58807611, 51.73553836], [-4.58736825, 51.73526168], [-4.58632767, 51.73488295], [-4.58521688, 51.73460627], [-4.58425152, 51.73442352], [-4.58334887, 51.73429704], [-4.582587, 51.7341665], [-4.58188164, 51.73403573], [-4.58118892, 51.73386085], [-4.58042991, 51.73364031], [-4.57970154, 51.73339224], [-4.57911301, 51.73331201], [-4.57855368, 51.73345804], [-4.57785845, 51.73380005], [-4.57707965, 51.73430943], [-4.57658565, 51.73470271], [-4.57624483, 51.73491275], [-4.5758568, 51.73506892], [-4.57545102, 51.73531234], [-4.57515323, 51.73562372], [-4.5749042, 51.73599148], [-4.57469976, 51.73640013], [-4.57449114, 51.73674881], [-4.57430816, 51.73699892], [-4.57406795, 51.73714042], [-4.57374275, 51.73720694], [-4.57227814, 51.73770463], [-4.57125783, 51.73766744], [-4.57077765, 51.73751855], [-4.5703125, 51.73744404], [-4.5703125, 51.73716521], [-4.57013345, 51.73717213], [-4.57000852, 51.73696804], [-4.56974232, 51.73676956], [-4.56903923, 51.73665071], [-4.56791425, 51.73666], [-4.56704354, 51.73676264], [-4.56656384, 51.73687983], [-4.56626701, 51.73708165], [-4.56580365, 51.73746932], [-4.56494355, 51.73801684], [-4.56397831, 51.73854804], [-4.5630939, 51.73909497], [-4.56258857, 51.73947668], [-4.56229234, 51.73966014], [-4.56203234, 51.73975146], [-4.56183422, 51.73987412], [-4.56168294, 51.74003696], [-4.56147444, 51.74016547], [-4.56120157, 51.74026585], [-4.56092513, 51.74044454], [-4.56054664, 51.74076533], [-4.55994618, 51.74114954], [-4.55932844, 51.74141276], [-4.55870366, 51.74157906], [-4.55799651, 51.74167371], [-4.55758035, 51.74135041], [-4.55691802, 51.74150634], [-4.55610025, 51.74161053], [-4.55513632, 51.74150264], [-4.55414915, 51.74131668], [-4.55331242, 51.74109495], [-4.54674304, 51.74100482], [-4.54619813, 51.74096155], [-4.54553747, 51.74099517], [-4.54476893, 51.74098206], [-4.54411948, 51.74087298], [-4.54339814, 51.74073756], [-4.54215586, 51.74058473], [-4.54037976, 51.74044657], [-4.53902984, 51.74030066], [-4.53816974, 51.74016702], [-4.53754497, 51.74002206], [-4.536888, 51.73988843], [-4.53605545, 51.73974335], [-4.53489041, 51.73960924], [-4.53343844, 51.73946416], [-4.53156245, 51.73933065], [-4.52964115, 51.73918593], [-4.52769303, 51.73905182], [-4.52636302, 51.73890424], [-4.52550066, 51.73876333], [-4.52477133, 51.73861015], [-4.52399015, 51.73848915], [-4.52329326, 51.7384268], [-4.52255297, 51.73847926], [-4.52161551, 51.73855984], [-4.52084315, 51.73833334], [-4.51944125, 51.73812723], [-4.51832294, 51.73786831], [-4.51747775, 51.73766077], [-4.51679981, 51.73748744], [-4.51616347, 51.73735118], [-4.51562023, 51.73724961], [-4.51515365, 51.73726082], [-4.51472175, 51.73734975], [-4.51430213, 51.73735786], [-4.51386511, 51.73724842], [-4.51332128, 51.73710334], [-4.51252604, 51.73694325], [-4.51151347, 51.73682475], [-4.51072705, 51.7367686], [-4.5101943, 51.73680437], [-4.50974047, 51.73679495], [-4.50921345, 51.73668802], [-4.50853968, 51.73655283], [-4.50775397, 51.73639965], [-4.50683415, 51.73626041], [-4.50592935, 51.73611188], [-4.50505006, 51.73597717], [-4.50437355, 51.73584151], [-4.50384235, 51.73574054], [-4.50346613, 51.73549104], [-4.49780846, 51.73546147], [-4.49669552, 51.73528385], [-4.49535024, 51.73514116], [-4.49401987, 51.73499596], [-4.49267244, 51.73486078], [-4.49156833, 51.73471165], [-4.49056685, 51.73458028], [-4.48958135, 51.73447084], [-4.48851001, 51.73443365], [-4.48758984, 51.73439658], [-4.48676026, 51.73426247], [-4.48602343, 51.73420262], [-4.48545027, 51.73421586], [-4.48498273, 51.7341572], [-4.48454607, 51.73403692], [-4.48411131, 51.73385668], [-4.47889101, 51.73374248], [-4.47777116, 51.73361456], [-4.47644806, 51.73360992], [-4.4752202, 51.73372495], [-4.47407258, 51.73386586], [-4.47318804, 51.73402047], [-4.47247875, 51.73416793], [-4.4718858, 51.7343471], [-4.45912695, 51.73429525], [-4.45867681, 51.73413575], [-4.45777655, 51.73405612], [-4.45732617, 51.73389673], [-4.45262432, 51.73378694], [-4.45244157, 51.73400962], [-4.45218766, 51.73427463], [-4.45176446, 51.73454034], [-4.45127916, 51.7347331], [-4.45080471, 51.73489141], [-4.4503504, 51.73500013], [-4.44990766, 51.73505104], [-4.44946241, 51.73501384], [-4.44898283, 51.73502362], [-4.44842148, 51.73513114], [-4.44779062, 51.73526645], [-4.44722855, 51.73541951], [-4.4467169, 51.73555756], [-4.44615877, 51.73570383], [-4.44553542, 51.73583746], [-4.44497705, 51.73598218], [-4.44446647, 51.73611605], [-4.44391167, 51.73626125], [-4.44329655, 51.736395], [-4.44274545, 51.73653901], [-4.44221187, 51.73667073], [-4.4415462, 51.73681486], [-4.44071114, 51.73695755], [-4.43992627, 51.73713565], [-4.43958437, 51.73713541], [-4.43940282, 51.73735857], [-4.43911576, 51.73762357], [-4.43857706, 51.73788655], [-4.43790853, 51.73807073], [-4.43733597, 51.73821747], [-4.43687725, 51.73833716], [-4.43642926, 51.73848295], [-4.43582118, 51.73868036], [-4.43486595, 51.73899925], [-4.43358815, 51.73941386], [-4.43232715, 51.73991966], [-4.43147731, 51.74026155], [-4.43087816, 51.74049652], [-4.43021727, 51.7407552], [-4.42943203, 51.74110174], [-4.42885184, 51.74136567], [-4.42855835, 51.7416234], [-4.42839372, 51.74196815], [-4.42814922, 51.7423377], [-4.42773974, 51.74272716], [-4.42712057, 51.74310446], [-4.42659616, 51.74333775], [-4.42630672, 51.74350965], [-4.42617881, 51.74370122], [-4.42571676, 51.74401546], [-4.42603505, 51.74432313], [-4.42647922, 51.7445873], [-4.42688751, 51.74474502], [-4.42705917, 51.74485123], [-4.42690623, 51.74493217], [-4.42651296, 51.74499667], [-4.42604005, 51.745103], [-4.42563176, 51.74535036], [-4.42541313, 51.74600565], [-4.42542303, 51.7463994], [-4.42543936, 51.74705827], [-4.42566538, 51.74784398], [-4.42598271, 51.74827623], [-4.42640364, 51.74851251], [-4.42679894, 51.74864292], [-4.42714775, 51.74883783], [-4.42765522, 51.74921691], [-4.42843664, 51.74969792], [-4.42906415, 51.75001013], [-4.42939723, 51.75021756], [-4.42957425, 51.7504456], [-4.42975175, 51.7507025], [-4.42992175, 51.75093317], [-4.43016017, 51.75108135], [-4.43048716, 51.75115764], [-4.43118036, 51.75134897], [-4.43240225, 51.75144434], [-4.43337965, 51.75161517], [-4.43434501, 51.75189137], [-4.43541181, 51.75229192], [-4.4364084, 51.75263846], [-4.43720114, 51.75293052], [-4.43769693, 51.75311685], [-4.43793941, 51.75327301], [-4.43807745, 51.75343585], [-4.43828213, 51.75355792], [-4.43856144, 51.75366235], [-4.43880045, 51.75387025], [-4.43899035, 51.75424504], [-4.43920326, 51.75472605], [-4.43941331, 51.75528371], [-4.43968022, 51.75580406], [-4.44000936, 51.75631416], [-4.44041622, 51.75676894], [-4.44071305, 51.75706828], [-4.44095814, 51.75720584], [-4.44121826, 51.75727534], [-4.44150496, 51.75744355], [-4.44200313, 51.75784886], [-4.44288361, 51.75849807], [-4.44358873, 51.75864971], [-4.44406855, 51.75905192], [-4.44463265, 51.75945926], [-4.44551647, 51.75986075], [-4.44650304, 51.76016295], [-4.44717813, 51.76043987], [-4.44749546, 51.76067698], [-4.44779384, 51.76087284], [-4.44834745, 51.76112354], [-4.44913054, 51.76147783], [-4.44984126, 51.76174545], [-4.45053971, 51.76196826], [-4.45140386, 51.76224196], [-4.45232642, 51.76261187], [-4.45302057, 51.76288152], [-4.45352304, 51.76305437], [-4.45399237, 51.76316595], [-4.45455325, 51.76329804], [-4.45521462, 51.76351345], [-4.45579624, 51.76394474], [-4.45624125, 51.76455045], [-4.45667326, 51.76510346], [-4.45698857, 51.76549697], [-4.45722854, 51.76579094], [-4.45738447, 51.76605415], [-4.4575541, 51.76615715], [-4.45802784, 51.76624477], [-4.45848763, 51.76636326], [-4.45887232, 51.76649415], [-4.45907414, 51.76671851], [-4.45903027, 51.76706922], [-4.45879066, 51.76744235], [-4.45863783, 51.77024925], [-4.45838583, 51.77050924], [-4.45815861, 51.77072763], [-4.45779121, 51.77088046], [-4.45722675, 51.77103817], [-4.45666933, 51.77131414], [-4.45614481, 51.77169776], [-4.4554069, 51.77215755], [-4.45446742, 51.77262771], [-4.45341825, 51.77313435], [-4.45270407, 51.77345085], [-4.45237112, 51.77364802], [-4.45220482, 51.77385557], [-4.45201731, 51.77410507], [-4.45181775, 51.77441454], [-4.45158374, 51.77484095], [-4.45136845, 51.77540231], [-4.45114982, 51.77596152], [-4.45096874, 51.77645147], [-4.45075274, 51.77671003], [-4.45047712, 51.77680826], [-4.4501549, 51.77697635], [-4.44963336, 51.77742195], [-4.44884014, 51.77820396], [-4.44817376, 51.77911305], [-4.44802475, 51.77921724], [-4.44767916, 51.77936256], [-4.44747043, 51.77964485], [-4.44747758, 51.78004396], [-4.44768906, 51.78031623], [-4.44799018, 51.78048587], [-4.44823074, 51.78075886], [-4.44842124, 51.78120673], [-4.44869983, 51.78166223], [-4.44912934, 51.78213537], [-4.4497205, 51.78264284], [-4.45016754, 51.78299975], [-4.45057034, 51.78316915], [-4.45103133, 51.78325772], [-4.45141578, 51.78342044], [-4.45182621, 51.78372526], [-4.45239747, 51.78408277], [-4.45288336, 51.78431857], [-4.45324504, 51.78453887], [-4.45374286, 51.78490245], [-4.45457697, 51.78540611], [-4.45542443, 51.78590345], [-4.45612967, 51.78654075], [-4.45656252, 51.78727186], [-4.45690072, 51.78790057], [-4.45686591, 51.78810465], [-4.45709455, 51.78838706], [-4.45742094, 51.78862476], [-4.45822084, 51.78874946], [-4.45959675, 51.78872216], [-4.46094644, 51.78857625], [-4.46223664, 51.788414], [-4.46341693, 51.78829217], [-4.46455467, 51.78834271], [-4.4652549, 51.78859818], [-4.46526241, 51.78866792], [-4.46529055, 51.78892875], [-4.46477985, 51.78922451], [-4.46407425, 51.78942096], [-4.46346295, 51.78958237], [-4.46291161, 51.78971791], [-4.46224654, 51.78982866], [-4.46141553, 51.78982246], [-4.46063375, 51.78969431], [-4.4561069, 51.78964007], [-4.45571876, 51.78898025], [-4.45545435, 51.78835487], [-4.45520425, 51.78800464], [-4.45492136, 51.7878654], [-4.45468795, 51.78773308], [-4.4545027, 51.78751695], [-4.45429826, 51.78725457], [-4.45410907, 51.78702152], [-4.45386922, 51.78687155], [-4.45358586, 51.78677392], [-4.45336866, 51.78664458], [-4.45320845, 51.78647685], [-4.45296395, 51.78632247], [-4.45258117, 51.78614485], [-4.45214832, 51.78586137], [-4.45173216, 51.7855401], [-4.45117176, 51.78529263], [-4.45051408, 51.78522873], [-4.44991815, 51.78526366], [-4.44934237, 51.78522837], [-4.44870031, 51.78513336], [-4.44798946, 51.78495812], [-4.44707775, 51.78466094], [-4.44596708, 51.78417206], [-4.44497585, 51.78413641], [-4.44434071, 51.78410816], [-4.44370043, 51.78395784], [-4.44322443, 51.78377855], [-4.44296992, 51.78346586], [-4.44284058, 51.78287876], [-4.44267702, 51.78204656], [-4.44234264, 51.78107774], [-4.44149745, 51.78048527], [-4.44015503, 51.78021204], [-4.43916655, 51.77999485], [-4.43872237, 51.77981472], [-4.43846405, 51.77968526], [-4.43819165, 51.7794522], [-4.43799806, 51.77882195], [-4.43803227, 51.77783525], [-4.43838596, 51.77718246], [-4.43899476, 51.77687836], [-4.43955314, 51.77663195], [-4.43989801, 51.77636671], [-4.44014788, 51.77608705], [-4.44034874, 51.77580392], [-4.44055831, 51.77553058], [-4.44072545, 51.77528811], [-4.44088876, 51.77508545], [-4.44126105, 51.77516365], [-4.44148052, 51.7749083], [-4.44190037, 51.77456975], [-4.44273281, 51.77419126], [-4.44376886, 51.77393687], [-4.44473481, 51.77376926], [-4.44563591, 51.77364707], [-4.44632411, 51.7735008], [-4.44684613, 51.77331436], [-4.44725084, 51.77305186], [-4.44750571, 51.77280974], [-4.44774675, 51.77265775], [-4.44802523, 51.77254343], [-4.44825745, 51.77233255], [-4.44844627, 51.77199173], [-4.44866645, 51.77164686], [-4.44888568, 51.77134097], [-4.44913721, 51.77105856], [-4.44936836, 51.77078331], [-4.44955683, 51.77051115], [-4.44955516, 51.77024484], [-4.44936347, 51.76997721], [-4.44913232, 51.76967013], [-4.44889545, 51.76924372], [-4.44872165, 51.76865864], [-4.44849992, 51.76846635], [-4.44763196, 51.76825964], [-4.44686651, 51.76800215], [-4.44628835, 51.76780164], [-4.44583297, 51.76764297], [-4.44541311, 51.76751554], [-4.44495904, 51.76736093], [-4.44438136, 51.76716232], [-4.44360864, 51.76688647], [-4.44271565, 51.76661396], [-4.44179368, 51.76631856], [-4.44090652, 51.76605022], [-4.44011033, 51.76576388], [-4.43941092, 51.76550102], [-4.43870246, 51.76520276], [-4.43800163, 51.76488423], [-4.43735802, 51.76448131], [-4.43696415, 51.76409125], [-4.43672848, 51.7637223], [-4.43656743, 51.76337445], [-4.43630457, 51.7631253], [-4.43582773, 51.76291704], [-4.43520033, 51.76270175], [-4.4346199, 51.76264167], [-4.43410623, 51.76274085], [-4.43111384, 51.76290917], [-4.43015504, 51.76303732], [-4.42908335, 51.76304185], [-4.42818975, 51.76292562], [-4.42747295, 51.76278257], [-4.42692721, 51.76262724], [-4.42647707, 51.76248932], [-4.42604446, 51.76234257], [-4.42557335, 51.76220417], [-4.42501426, 51.76204956], [-4.42438304, 51.76191115], [-4.42382252, 51.76180565], [-4.42331755, 51.76181865], [-4.42277098, 51.76191592], [-4.42214453, 51.76192772], [-4.42151511, 51.76178336], [-4.42080224, 51.7615118], [-4.4200021, 51.76114714], [-4.41941547, 51.76089036], [-4.4190464, 51.76065385], [-4.418648, 51.76027942], [-4.41809404, 51.75978494], [-4.41769242, 51.7594099], [-4.41738915, 51.75922215], [-4.41706526, 51.75914824], [-4.41552114, 51.75839972], [-4.41458786, 51.75829864], [-4.41390455, 51.75816286], [-4.41338158, 51.75803018], [-4.41284263, 51.75788784], [-4.41222644, 51.75775492], [-4.41163766, 51.75759006], [-4.41104221, 51.75738525], [-4.41040623, 51.75712454], [-4.40984786, 51.75692153], [-4.40936995, 51.75675786], [-4.40892434, 51.75661743], [-4.40848458, 51.756446], [-4.40526545, 51.75643134], [-4.40402675, 51.75642562], [-4.40339422, 51.75660992], [-4.40292025, 51.75674868], [-4.40272295, 51.75680637], [-4.40213156, 51.75710654], [-4.40160763, 51.75748634], [-4.40099597, 51.75786531], [-4.40049803, 51.75811863], [-4.40017581, 51.75838244], [-4.39987814, 51.75878227], [-4.39948583, 51.75923502], [-4.39917004, 51.75965285], [-4.39892066, 51.76009071], [-4.39873111, 51.76054382], [-4.39849865, 51.76081681], [-4.39821267, 51.76093841], [-4.39797378, 51.7610712], [-4.39778066, 51.76130736], [-4.39755845, 51.76165104], [-4.39734554, 51.76205575], [-4.39712393, 51.76240456], [-4.39695191, 51.76266861], [-4.39678741, 51.76287031], [-4.39277565, 51.76287675], [-4.39181316, 51.76324546], [-4.39076614, 51.76357937], [-4.38962746, 51.76397753], [-4.38859868, 51.76442337], [-4.38789892, 51.76511073], [-4.38772357, 51.76599777], [-4.38777912, 51.76684284], [-4.38750505, 51.76769435], [-4.38675177, 51.76839614], [-4.38600135, 51.76884115], [-4.38546395, 51.76927924], [-4.38515794, 51.76980746], [-4.3849287, 51.77029896], [-4.38473642, 51.77073765], [-4.3845278, 51.77107835], [-4.38433862, 51.77131295], [-4.38409877, 51.77144384], [-4.38380873, 51.77152431], [-4.38356864, 51.77165973], [-4.38337553, 51.77190363], [-4.38315296, 51.77224815], [-4.38293946, 51.77265012], [-4.38271928, 51.77300811], [-4.38255501, 51.77332175], [-4.38231933, 51.77361333], [-4.38203096, 51.77381051], [-4.38144922, 51.77395034], [-4.38060057, 51.77405095], [-4.38003242, 51.77418745], [-4.37977505, 51.77435887], [-4.37956846, 51.77449393], [-4.37931442, 51.77459681], [-4.37907016, 51.77475548], [-4.37878954, 51.77499938], [-4.37837481, 51.77525067], [-4.37797213, 51.77542126], [-4.37770057, 51.7755897], [-4.37751842, 51.77582026], [-4.37732923, 51.77608442], [-4.37715375, 51.77631903], [-4.37690163, 51.77647877], [-4.37652624, 51.77659357], [-4.37609553, 51.77671695], [-4.37569416, 51.77681863], [-4.37535656, 51.77691984], [-4.37534785, 51.78029466], [-4.37508297, 51.78056288], [-4.37487805, 51.78078496], [-4.37463963, 51.78091621], [-4.37435353, 51.78098798], [-4.37411737, 51.78111506], [-4.37392986, 51.78140545], [-4.37371266, 51.78195035], [-4.37348616, 51.78272367], [-4.37319875, 51.78343177], [-4.37311363, 51.78589535], [-4.37250686, 51.78614712], [-4.37196112, 51.78635705], [-4.37151384, 51.78662252], [-4.37122166, 51.78699148], [-4.37098372, 51.78756821], [-4.37078464, 51.78834343], [-4.37057686, 51.78897572], [-4.37039351, 51.7894001], [-4.37015295, 51.78960836], [-4.36982751, 51.78968716], [-4.36762691, 51.79091978], [-4.36666894, 51.79133725], [-4.36563683, 51.791839], [-4.36487293, 51.79217744], [-4.36435044, 51.79237318], [-4.36385965, 51.79249644], [-4.36322224, 51.79262233], [-4.36243284, 51.79274738], [-4.36173451, 51.79291034], [-4.36101615, 51.79311371], [-4.36004591, 51.79337144], [-4.35893452, 51.79357493], [-4.35808885, 51.79375827], [-4.35744762, 51.79395914], [-4.35684264, 51.79421067], [-4.35628772, 51.79440916], [-4.35568273, 51.79458797], [-4.35490656, 51.79478967], [-4.35401821, 51.79506564], [-4.35313666, 51.79533505], [-4.35238004, 51.79560304], [-4.35178626, 51.79579258], [-4.35116506, 51.79597962], [-4.35029733, 51.79626513], [-4.34920084, 51.79674161], [-4.34809983, 51.79695475], [-4.34742546, 51.79727244], [-4.34683132, 51.79748416], [-4.34617925, 51.79768085], [-4.34532034, 51.79794908], [-4.34439754, 51.79832125], [-4.34371507, 51.79859936], [-4.34323215, 51.79879403], [-4.34274065, 51.79893553], [-4.34200144, 51.79904711], [-4.34090447, 51.79904032], [-4.33963633, 51.79889286], [-4.33810854, 51.79867077], [-4.33657408, 51.7984277], [-4.33514822, 51.79835248], [-4.33413613, 51.79844964], [-4.33333361, 51.79859364], [-4.33246815, 51.79874921], [-4.33139396, 51.79888153], [-4.33037198, 51.79902804], [-4.32942963, 51.79920793], [-4.32874477, 51.79949391], [-4.32829666, 51.79986155], [-4.32789075, 51.80027676], [-4.32759535, 51.80066812], [-4.32745338, 51.80075514], [-4.32699823, 51.80085623], [-4.32655954, 51.80098414], [-4.32616901, 51.80109107], [-4.32584226, 51.80119574], [-4.32583487, 51.80355978], [-4.32554865, 51.80447614], [-4.32532275, 51.80553246], [-4.32510233, 51.80635715], [-4.32490218, 51.8069185], [-4.32464492, 51.80718827], [-4.32435966, 51.80728495], [-4.3242383, 51.80735815], [-4.32439137, 51.80743885], [-4.32467902, 51.80751622], [-4.32482541, 51.80761075], [-4.324687, 51.80770731], [-4.32438207, 51.80780196], [-4.32415402, 51.80794442], [-4.32414782, 51.80812335], [-4.32436943, 51.80826557], [-4.32469535, 51.80836737], [-4.32492113, 51.80849016], [-4.32492733, 51.80862916], [-4.32471883, 51.80874884], [-4.32440984, 51.80898106], [-4.32415366, 51.80962241], [-4.32395875, 51.81066155], [-4.32374763, 51.81143272], [-4.32354796, 51.81187356], [-4.32330596, 51.81221354], [-4.32300234, 51.81257284], [-4.32254314, 51.81289434], [-4.32202363, 51.81322074], [-4.32156455, 51.81378055], [-4.32125974, 51.81453836], [-4.32101381, 51.8151108], [-4.32080746, 51.81546998], [-4.32059622, 51.81573951], [-4.32043743, 51.8159914], [-4.32024205, 51.81618905], [-4.31972945, 51.81601417], [-4.31927395, 51.81575286], [-4.3189882, 51.81545484], [-4.31887031, 51.81513965], [-4.31899977, 51.81478274], [-4.31929767, 51.81439435], [-4.31974304, 51.81408048], [-4.32015896, 51.81380773], [-4.32043302, 51.81329668], [-4.32062077, 51.81247616], [-4.32083166, 51.81178415], [-4.32104015, 51.81129074], [-4.3212738, 51.81094372], [-4.32148612, 51.810642], [-4.32170641, 51.81031311], [-4.32190406, 51.80998194], [-4.32216001, 51.80977011], [-4.32246745, 51.80963302], [-4.32267392, 51.80942738], [-4.32266724, 51.80913997], [-4.32244992, 51.80893087], [-4.32215106, 51.80881822], [-4.32196951, 51.80871737], [-4.32195282, 51.80860305], [-4.32258403, 51.80868804], [-4.32268846, 51.80807555], [-4.32265615, 51.80740035], [-4.32243574, 51.80699146], [-4.32211685, 51.80682445], [-4.32189286, 51.80669785], [-4.32188237, 51.80653977], [-4.32208765, 51.80640757], [-4.32241511, 51.80631816], [-4.32274675, 51.80622923], [-4.32278645, 51.80380285], [-4.32306063, 51.80321252], [-4.32326913, 51.80251145], [-4.32348156, 51.80181694], [-4.32374525, 51.80113041], [-4.32424355, 51.80061245], [-4.32508433, 51.80018008], [-4.3263154, 51.79964137], [-4.32765472, 51.7991116], [-4.32897174, 51.79856396], [-4.33005357, 51.7981559], [-4.33104277, 51.79778135], [-4.33232677, 51.79736555], [-4.33423102, 51.79689562], [-4.33644271, 51.79669666], [-4.33820844, 51.79677701], [-4.33971345, 51.79694247], [-4.34103906, 51.79707444], [-4.34242761, 51.79702234], [-4.34364915, 51.79676402], [-4.34475398, 51.79642212], [-4.3458631, 51.79599762], [-4.34686816, 51.79558778], [-4.34765101, 51.79508662], [-4.34813774, 51.79452777], [-4.34820795, 51.79441488], [-4.34853184, 51.79434061], [-4.34880066, 51.79417145], [-4.34908664, 51.79386163], [-4.34946215, 51.79347086], [-4.34977984, 51.79316115], [-4.35017157, 51.79299188], [-4.35074317, 51.79291737], [-4.35298455, 51.79168093], [-4.35391736, 51.79127824], [-4.35500085, 51.79075932], [-4.35604203, 51.79030132], [-4.35714805, 51.78982925], [-4.35825825, 51.78930664], [-4.35920274, 51.78857505], [-4.3597151, 51.78784788], [-4.36003196, 51.78742826], [-4.36039054, 51.78720212], [-4.36076486, 51.78695762], [-4.36105823, 51.78672194], [-4.36143684, 51.78658998], [-4.36198843, 51.78660715], [-4.36253488, 51.78673744], [-4.36301518, 51.78688824], [-4.36346185, 51.78705382], [-4.36393034, 51.78719962], [-4.36448824, 51.78731644], [-4.36515474, 51.78731716], [-4.3658303, 51.78720415], [-4.36649561, 51.78706658], [-4.36706877, 51.78690553], [-4.36760235, 51.78672135], [-4.36816823, 51.78646564], [-4.36814797, 51.78617692], [-4.36788213, 51.78560042], [-4.36767077, 51.78502035], [-4.36741555, 51.78467631], [-4.36711061, 51.78448975], [-4.36690617, 51.78421998], [-4.36691785, 51.7838248], [-4.36714601, 51.78354764], [-4.36745274, 51.78341937], [-4.36760175, 51.78333712], [-4.36747432, 51.78326094], [-4.36718535, 51.78316033], [-4.366925, 51.78294361], [-4.36672318, 51.78259695], [-4.36651015, 51.78225064], [-4.36631775, 51.78194475], [-4.36609542, 51.78165734], [-4.36581135, 51.78136587], [-4.36530793, 51.78107238], [-4.36454666, 51.78077912], [-4.36357784, 51.78042507], [-4.36277175, 51.78007436], [-4.36238027, 51.77948606], [-4.36234164, 51.77857101], [-4.36248207, 51.77776086], [-4.36302781, 51.77809834], [-4.36319137, 51.7771641], [-4.36336005, 51.7760359], [-4.36357355, 51.77514875], [-4.36378002, 51.77449691], [-4.36402452, 51.77401483], [-4.36432254, 51.77360106], [-4.36476624, 51.77327847], [-4.36527085, 51.77303803], [-4.36576843, 51.77274203], [-4.36626971, 51.77237308], [-4.36691678, 51.7719804], [-4.36753345, 51.77165675], [-4.36803913, 51.77127028], [-4.36844325, 51.77078438], [-4.36888206, 51.77029765], [-4.3692888, 51.76991355], [-4.36973882, 51.76965666], [-4.37013745, 51.76953566], [-4.37040067, 51.76940191], [-4.37058723, 51.76905537], [-4.37080145, 51.76830065], [-4.37101126, 51.76719236], [-4.37123096, 51.76631892], [-4.37139595, 51.76565838], [-4.37173605, 51.76544821], [-4.37188435, 51.76524603], [-4.37213004, 51.76510525], [-4.37242055, 51.7650218], [-4.37255168, 51.76494193], [-4.37240458, 51.76485455], [-4.37209785, 51.76472294], [-4.37186694, 51.76443708], [-4.37185025, 51.76402235], [-4.37205315, 51.76373696], [-4.37238038, 51.76360655], [-4.37271237, 51.76352084], [-4.37274647, 51.76106036], [-4.37303448, 51.76068175], [-4.37326622, 51.76024473], [-4.37349927, 51.75975156], [-4.37370777, 51.75919485], [-4.37392426, 51.75870991], [-4.37411153, 51.75833952], [-4.37434316, 51.75815427], [-4.37462926, 51.75808573], [-4.37490034, 51.75794637], [-4.37520754, 51.75753796], [-4.37561476, 51.75671673], [-4.37593663, 51.75565243], [-4.37618721, 51.75492811], [-4.37638175, 51.75458991], [-4.37663054, 51.75446475], [-4.37693834, 51.75438273], [-4.37704623, 51.75429404], [-4.37715423, 51.75420511], [-4.37715805, 51.75394165], [-4.37691808, 51.75373113], [-4.37649405, 51.75348341], [-4.37604642, 51.75295985], [-4.37573194, 51.75216198], [-4.37549567, 51.75135505], [-4.37534261, 51.75048161], [-4.37496352, 51.75017166], [-4.37530315, 51.74985385], [-4.37564826, 51.74947357], [-4.37605047, 51.74901307], [-4.37634623, 51.74860406], [-4.37660682, 51.74838126], [-4.37689865, 51.74828005], [-4.37719083, 51.74813044], [-4.37752986, 51.74782372], [-4.37789261, 51.74736905], [-4.37788868, 51.74689925], [-4.37736762, 51.74651241], [-4.37654972, 51.7461096], [-4.37579584, 51.74545705], [-4.37532246, 51.7446984], [-4.37483525, 51.74421644], [-4.37412477, 51.74388337], [-4.37351096, 51.74341726], [-4.37350583, 51.74286175], [-4.37402713, 51.74242425], [-4.37407041, 51.74238777], [-4.37441635, 51.74223697], [-4.37463856, 51.74214017], [-4.37482607, 51.74201918], [-4.37453365, 51.74194634], [-4.37447381, 51.74193144], [-4.37369931, 51.74182916], [-4.37288845, 51.74167073], [-4.37160218, 51.74160016], [-4.37115586, 51.74142182], [-4.3706423, 51.74127793], [-4.36996114, 51.74113226], [-4.36913085, 51.74100113], [-4.36844385, 51.74086738], [-4.36792982, 51.74076247], [-4.36751783, 51.74065125], [-4.36718917, 51.74046695], [-4.36690736, 51.73998427], [-4.36646044, 51.73912382], [-4.36564815, 51.73829174], [-4.36463904, 51.73773515], [-4.36329102, 51.73735535], [-4.36163914, 51.73724973], [-4.3598808, 51.73732316], [-4.35801137, 51.73734474], [-4.35679305, 51.73724961], [-4.3561362, 51.73711705], [-4.35561621, 51.73696351], [-4.35502875, 51.73681498], [-4.35444713, 51.73663485], [-4.34595215, 51.73657835], [-4.34534085, 51.73640823], [-4.34469831, 51.73626876], [-4.34411526, 51.73610413], [-4.34354675, 51.73589194], [-4.34294271, 51.73560846], [-4.34235084, 51.73538291], [-4.34160912, 51.73527491], [-4.34053266, 51.73542905], [-4.33925903, 51.73586965], [-4.33338106, 51.73601961], [-4.33259642, 51.73584163], [-4.33176124, 51.73569882], [-4.33109534, 51.73555458], [-4.33056188, 51.73542285], [-4.33001101, 51.73527884], [-4.32939613, 51.73514533], [-4.32884145, 51.73500013], [-4.3283298, 51.73486602], [-4.32776701, 51.73472083], [-4.32713676, 51.73458648], [-4.32658112, 51.73444164], [-4.32611203, 51.73430943], [-4.32567, 51.73416901], [-4.32518125, 51.7340399], [-4.32456565, 51.73388517], [-4.32384157, 51.73369575], [-4.32360971, 51.73358214], [-4.32329917, 51.73343003], [-4.32327735, 51.73317504], [-4.32393432, 51.73299718], [-4.32508945, 51.73287332], [-4.32601976, 51.73277295], [-4.32661605, 51.73277855], [-4.32705915, 51.73288596], [-4.32746851, 51.73299491], [-4.32796431, 51.73274314], [-4.32829022, 51.73266625], [-4.32853055, 51.73251581], [-4.32871103, 51.73228025], [-4.32891154, 51.73202086], [-4.32910335, 51.73181057], [-4.32935846, 51.73167145], [-4.32966626, 51.73147535], [-4.32987761, 51.73098588], [-4.32988822, 51.73023665], [-4.32970238, 51.72975564], [-4.32940912, 51.72956073], [-4.32907414, 51.72937393], [-4.32855511, 51.72900975], [-4.32776773, 51.72853172], [-4.32715261, 51.72821558], [-4.32685196, 51.72801888], [-4.32669294, 51.72785461], [-4.32639468, 51.72773445], [-4.32583165, 51.72762907], [-4.32507074, 51.72743905], [-4.32404923, 51.7270987], [-4.32291818, 51.72660661], [-4.32208467, 51.72624171], [-4.32148588, 51.72596645], [-4.32128453, 51.72594261], [-4.31950986, 51.72560823], [-4.31773102, 51.72534335], [-4.31673145, 51.72503674], [-4.31664121, 51.7247498], [-4.31661201, 51.72465682], [-4.31695366, 51.7242254], [-4.31757271, 51.72387302], [-4.31827366, 51.72368085], [-4.31887627, 51.72361481], [-4.31944954, 51.72368884], [-4.32013333, 51.72381306], [-4.32099605, 51.72395456], [-4.32214487, 51.72408676], [-4.32346523, 51.72428656], [-4.3250612, 51.72462964], [-4.32653177, 51.72513902], [-4.3276633, 51.72555602], [-4.32886016, 51.72589493], [-4.33024871, 51.72616351], [-4.33134007, 51.72642565], [-4.33201957, 51.72661507], [-4.33250105, 51.72677803], [-4.33294725, 51.72695684], [-4.33335316, 51.72722256], [-4.33363116, 51.72752631], [-4.33380175, 51.72756255], [-4.33412528, 51.72773051], [-4.33439815, 51.72811294], [-4.33469713, 51.72875667], [-4.33509386, 51.72935784], [-4.33540702, 51.7297945], [-4.33566976, 51.73017573], [-4.33594274, 51.73058248], [-4.33636868, 51.73092961], [-4.3369534, 51.73115587], [-4.33776236, 51.73129606], [-4.33870554, 51.73124814], [-4.33929884, 51.73089838], [-4.33956564, 51.73030353], [-4.33974254, 51.72981095], [-4.33989251, 51.72950721], [-4.34012914, 51.72933555], [-4.340505, 51.7292124], [-4.34097064, 51.72911787], [-4.34146416, 51.72921085], [-4.34190178, 51.72959185], [-4.34219265, 51.73013008], [-4.34244525, 51.73058224], [-4.34272432, 51.73094595], [-4.34312367, 51.73130047], [-4.34404326, 51.73139477], [-4.34471548, 51.73133206], [-4.34548104, 51.73117554], [-4.34622753, 51.73111844], [-4.34681785, 51.73120928], [-4.34729373, 51.73135746], [-4.34773087, 51.73155272], [-4.35174525, 51.73145127], [-4.35353136, 51.7309674], [-4.35522461, 51.73067713], [-4.35637832, 51.73050475], [-4.35716414, 51.73038375], [-4.35780776, 51.73025107], [-4.35844231, 51.73012435], [-4.35897636, 51.72998965], [-4.35935783, 51.7298727], [-4.35957122, 51.72972858], [-4.35970676, 51.72955155], [-4.35995305, 51.7293843], [-4.36041367, 51.72919464], [-4.36102974, 51.72894156], [-4.36165321, 51.72873437], [-4.36236584, 51.72855926], [-4.36325431, 51.72841895], [-4.36415696, 51.72830987], [-4.36504138, 51.72831881], [-4.36570966, 51.72843874], [-4.36619735, 51.72855473], [-4.36662388, 51.72861421], [-4.36707962, 51.72859764], [-4.36764133, 51.72868633], [-4.36833644, 51.72895515], [-4.36895633, 51.72915757], [-4.36977482, 51.72946024], [-4.37042642, 51.72965181], [-4.37082398, 51.72984326], [-4.37123525, 51.73015153], [-4.37199688, 51.73055697], [-4.37303126, 51.73094523], [-4.37414885, 51.73135555], [-4.37506783, 51.73170435], [-4.3756752, 51.73210824], [-4.37610066, 51.7325654], [-4.37665987, 51.73289323], [-4.37700546, 51.73289537], [-4.37734771, 51.73289776], [-4.37792206, 51.7325263], [-4.37826002, 51.73187637], [-4.37845016, 51.73106933], [-4.37846196, 51.73015976], [-4.37837672, 51.72952437], [-4.37833607, 51.72913551], [-4.37821555, 51.72881854], [-4.37804723, 51.72853053], [-4.37779951, 51.72835696], [-4.37750041, 51.72817576], [-4.37727261, 51.72767413], [-4.37714064, 51.72671974], [-4.37691987, 51.72645438], [-4.37660074, 51.72620285], [-4.37636805, 51.72563601], [-4.37618482, 51.72471535], [-4.37593782, 51.72393203], [-4.37561595, 51.72324026], [-4.37520814, 51.72243011], [-4.37490034, 51.72155833], [-4.37462926, 51.72106123], [-4.37434328, 51.72088873], [-4.37411177, 51.72077036], [-4.37392402, 51.72055841], [-4.37370467, 51.72023368], [-4.37349093, 51.71982586], [-4.37325716, 51.71940041], [-4.37305176, 51.71892285], [-4.37284815, 51.71837747], [-4.37266386, 51.71779776], [-4.37236202, 51.71741462], [-4.37184095, 51.71711302], [-4.37122178, 51.71667755], [-4.37079895, 51.71618855], [-4.37052977, 51.71575046], [-4.37037075, 51.71536541], [-4.37022805, 51.71506381], [-4.36966813, 51.71511245], [-4.36968458, 51.71499145], [-4.36986637, 51.71488833], [-4.37016511, 51.71479511], [-4.37038255, 51.71465754], [-4.37038922, 51.71448708], [-4.37018275, 51.71435332], [-4.36987507, 51.71423554], [-4.36961913, 51.71401942], [-4.36942077, 51.71367693], [-4.36920106, 51.71333647], [-4.36899233, 51.71304154], [-4.36876702, 51.71276486], [-4.36856496, 51.71245062], [-4.36833036, 51.71202743], [-4.36803353, 51.71150315], [-4.36755061, 51.71106517], [-4.36692321, 51.71071637], [-4.36626041, 51.71031415], [-4.36575615, 51.70994318], [-4.36530006, 51.70966852], [-4.36492264, 51.70951176], [-4.36464596, 51.70934296], [-4.36433268, 51.70905065], [-4.36383343, 51.70863807], [-4.36364734, 51.70742846], [-4.36340284, 51.70718515], [-4.36320412, 51.70697975], [-4.36290205, 51.70680177], [-4.36239171, 51.70650244], [-4.36179984, 51.70591974], [-4.36141408, 51.70525384], [-4.36112046, 51.70486307], [-4.360762, 51.70470905], [-4.36032808, 51.70459282], [-4.35985112, 51.70438945], [-4.35936105, 51.70395064], [-4.35885596, 51.70332825], [-4.35823154, 51.70279801], [-4.35772586, 51.70252347], [-4.35743856, 51.70235407], [-4.35725856, 51.70214415], [-4.35702515, 51.70186162], [-4.35671675, 51.70150745], [-4.35632575, 51.70112205], [-4.35602605, 51.70082855], [-4.35569715, 51.70063376], [-4.35518932, 51.70040667], [-4.35458005, 51.7000339], [-4.35411513, 51.69963205], [-4.35384822, 51.69931805], [-4.35372865, 51.69913077], [-4.35352063, 51.69900691], [-4.35323775, 51.69891787], [-4.35293865, 51.69873655], [-4.35252225, 51.69836271], [-4.35191095, 51.69784141], [-4.35138214, 51.69739783], [-4.35089958, 51.69710302], [-4.35050726, 51.69694614], [-4.35022903, 51.69677794], [-4.34994495, 51.69648612], [-4.3495388, 51.69609201], [-4.34912777, 51.69572151], [-4.34863794, 51.69542205], [-4.34812331, 51.69518948], [-4.34767866, 51.69491816], [-4.34738696, 51.69462156], [-4.34712946, 51.69431972], [-4.34683466, 51.69402051], [-4.34641635, 51.69376385], [-4.34601712, 51.69360137], [-4.34574711, 51.69344223], [-4.34554565, 51.69322097], [-4.34529114, 51.69296026], [-4.34522045, 51.69266117], [-4.34490776, 51.69236445], [-4.34459615, 51.69207501], [-4.34419358, 51.69183373], [-4.34380305, 51.69167662], [-4.34344006, 51.69145441], [-4.34291041, 51.69101012], [-4.34215045, 51.69039702], [-4.34163165, 51.68995881], [-4.34132326, 51.68976712], [-4.34106433, 51.68968344], [-4.34078455, 51.68951011], [-4.34029508, 51.68912995], [-4.33946073, 51.68861306], [-4.33862317, 51.68821025], [-4.33790696, 51.68790805], [-4.33742547, 51.68772602], [-4.33717692, 51.68757224], [-4.33703065, 51.68740475], [-4.33681965, 51.68727386], [-4.33653772, 51.68717575], [-4.33631277, 51.68703651], [-4.33617926, 51.68683887], [-4.33419454, 51.68560874], [-4.3338809, 51.68552947], [-4.33356202, 51.68533206], [-4.33306575, 51.68494642], [-4.33230317, 51.68446886], [-4.33169162, 51.68415833], [-4.33128798, 51.68390834], [-4.33079481, 51.68353331], [-4.33001471, 51.68304968], [-4.32930315, 51.68267822], [-4.32876003, 51.68234134], [-4.32826793, 51.68196726], [-4.32756794, 51.68153667], [-4.32672966, 51.68109393], [-4.32587767, 51.68056905], [-4.32532585, 51.68012941], [-4.32492602, 51.67977858], [-4.32498395, 51.6796875], [-4.32368064, 51.6796875], [-4.32347143, 51.67915726], [-4.32305276, 51.67893398], [-4.32272387, 51.67887831], [-4.32044065, 51.67756414], [-4.31947911, 51.67715621], [-4.31840074, 51.67663026], [-4.31750047, 51.67617071], [-4.31681144, 51.67572892], [-4.31632447, 51.67535532], [-4.31572592, 51.67504287], [-4.31487691, 51.6747328], [-4.31386256, 51.67430675], [-4.31279266, 51.67382956], [-4.31155074, 51.67326236], [-4.31032956, 51.67278004], [-4.30921078, 51.67235792], [-4.30833757, 51.67209434], [-4.30771291, 51.67190647], [-4.30715084, 51.67171216], [-4.30654263, 51.67146146], [-4.30596924, 51.67126274], [-4.30539775, 51.67110336], [-4.30479205, 51.67097354], [-4.30422092, 51.67081511], [-4.30355275, 51.67061555], [-4.30259538, 51.67035615], [-4.30144954, 51.67013943], [-4.30044651, 51.66992903], [-4.3002218, 51.66991472], [-4.29955947, 51.66970456], [-4.29877412, 51.66948795], [-4.29792285, 51.66922808], [-4.29712343, 51.66902626], [-4.29642272, 51.66886377], [-4.29573655, 51.66873264], [-4.29508364, 51.66859138], [-4.29445612, 51.66845524], [-4.29393315, 51.66830122], [-4.29341412, 51.66816235], [-4.29265177, 51.66805255], [-4.29147697, 51.66805446], [-4.29003251, 51.66813803], [-4.28838575, 51.66816711], [-4.28715324, 51.66815102], [-4.28610373, 51.66818154], [-4.2849071, 51.66815686], [-4.28384876, 51.66803324], [-4.27820325, 51.66797483], [-4.27773702, 51.66816342], [-4.27718961, 51.66836786], [-4.27647984, 51.66867673], [-4.2755903, 51.66908872], [-4.27449751, 51.66964054], [-4.27346432, 51.67012835], [-4.27244747, 51.67056024], [-4.27153397, 51.6708281], [-4.27070296, 51.6709975], [-4.26986706, 51.67112112], [-4.26921725, 51.67125475], [-4.2687391, 51.67137802], [-4.26832044, 51.67150426], [-4.26785016, 51.67161727], [-4.26719344, 51.67179537], [-4.26628172, 51.67214537], [-4.26540256, 51.67278254], [-4.26505923, 51.67351115], [-4.26516843, 51.67419696], [-4.26540256, 51.67488766], [-4.26567745, 51.67545104], [-4.26601136, 51.67590904], [-4.26656711, 51.67623544], [-4.26730335, 51.67642486], [-4.2678138, 51.67658901], [-4.26826692, 51.67669046], [-4.26880765, 51.67682636], [-4.26954973, 51.67695892], [-4.27057075, 51.6771003], [-4.27189863, 51.6772294], [-4.27310371, 51.67738843], [-4.27407467, 51.67759621], [-4.27443945, 51.67789674], [-4.27391434, 51.67816007], [-4.27278996, 51.67822385], [-4.27161455, 51.67811644], [-4.27049458, 51.67796755], [-4.26961696, 51.67780673], [-4.26873481, 51.67766666], [-4.26751065, 51.67752147], [-4.26589978, 51.67738903], [-4.2646687, 51.67724335], [-4.26387715, 51.67710304], [-4.26337886, 51.67694306], [-4.26295662, 51.67679834], [-4.26234615, 51.67670023], [-4.26127195, 51.67676854], [-4.25956404, 51.67699754], [-4.25712025, 51.67721295], [-4.25620174, 51.67744064], [-4.25581765, 51.67755091], [-4.25539243, 51.67765868], [-4.25475502, 51.67765975], [-4.25361347, 51.6775434], [-4.25203001, 51.67739415], [-4.25088835, 51.67722416], [-4.25028336, 51.67708254], [-4.24997866, 51.67700517], [-4.24979782, 51.67710185], [-4.24947095, 51.67734754], [-4.24863815, 51.67758346], [-4.24732435, 51.67763793], [-4.24595225, 51.67756152], [-4.24446535, 51.67754865], [-4.24299955, 51.67765296], [-4.24152136, 51.67779601], [-4.24053037, 51.67795551], [-4.23996115, 51.678074], [-4.23954427, 51.67813015], [-4.23913646, 51.67809522], [-4.23870611, 51.67810917], [-4.23826265, 51.67822528], [-4.23337281, 51.67820156], [-4.23291182, 51.67814827], [-4.23234034, 51.67823148], [-4.23152816, 51.67842805], [-4.23044884, 51.67870545], [-4.22916818, 51.67891931], [-4.2278887, 51.67904937], [-4.22660267, 51.67905915], [-4.22571242, 51.67901886], [-4.22517753, 51.67906332], [-4.22481585, 51.67914832], [-4.22453618, 51.67925501], [-4.22457945, 51.6796875], [-4.22460175, 51.6796875], [-4.22458422, 51.68035722], [-4.22490168, 51.68043268], [-4.22522986, 51.68059444], [-4.22549462, 51.68102813], [-4.22566307, 51.68173444], [-4.22567463, 51.68231428], [-4.22534811, 51.68268836], [-4.22479606, 51.68293917], [-4.22413921, 51.68318856], [-4.22344375, 51.68337905], [-4.22251487, 51.68353915], [-4.22130001, 51.68367112], [-4.22026503, 51.68380284], [-4.21936667, 51.68390107], [-4.21897495, 51.68415165], [-4.21875, 51.68415165], [-4.21875, 51.68443084], [-4.21834493, 51.68450522], [-4.21798468, 51.68465388], [-4.21744454, 51.68469107], [-4.21668982, 51.68502045], [-4.21520972, 51.68491232], [-4.21370316, 51.68476605], [-4.21201992, 51.68462706], [-4.21070802, 51.68451846], [-4.2096982, 51.68452597], [-4.20884943, 51.6846143], [-4.20791423, 51.684623], [-4.20681906, 51.68451655], [-4.20545864, 51.68437827], [-4.20411992, 51.68422365], [-4.20280671, 51.68408477], [-4.20181525, 51.68393874], [-4.20096076, 51.68380535], [-4.19997144, 51.68366063], [-4.19878721, 51.68352675], [-4.19790876, 51.68338156], [-4.19729733, 51.68324781], [-4.19664371, 51.68310273], [-4.19579434, 51.68296874], [-4.19490993, 51.68282366], [-4.19400883, 51.68268967], [-4.19322991, 51.68254471], [-4.19248796, 51.68241072], [-4.19170916, 51.68226564], [-4.19083965, 51.68213153], [-4.19006944, 51.68198585], [-4.18940854, 51.68185127], [-4.18887365, 51.68170774], [-4.18830323, 51.68158102], [-4.18743014, 51.68145001], [-4.18621337, 51.68132186], [-4.18509507, 51.68111825], [-4.18398714, 51.6807729], [-4.18289757, 51.68025732], [-4.18213844, 51.67996144], [-4.18168092, 51.67976332], [-4.18153095, 51.6796875], [-4.18153143, 51.67927158], [-4.18087447, 51.67897892], [-4.18021143, 51.67863774], [-4.17958021, 51.67810011], [-4.17918158, 51.67747533], [-4.17892981, 51.67696094], [-4.17875445, 51.67658532], [-4.17853117, 51.67638803], [-4.17824876, 51.67627633], [-4.17801094, 51.6760776], [-4.17781937, 51.67572773], [-4.17760026, 51.67531765], [-4.17738771, 51.67487931], [-4.17715275, 51.67445123], [-4.17693961, 51.67401254], [-4.17672253, 51.67360151], [-4.17654192, 51.67325056], [-4.17632723, 51.67305291], [-4.17605722, 51.67295051], [-4.17574847, 51.67277634], [-4.17524195, 51.67242217], [-4.17442536, 51.67194355], [-4.17368555, 51.67150557], [-4.17317057, 51.67088974], [-4.17312408, 51.67074633], [-4.17287481, 51.66997814], [-4.17260551, 51.66958582], [-4.17244971, 51.66917181], [-4.17224562, 51.66861033], [-4.17205167, 51.66793573], [-4.17180932, 51.66751754], [-4.17152607, 51.66728783], [-4.17130995, 51.66694856], [-4.17115116, 51.66643751], [-4.17091143, 51.66606963], [-4.17053556, 51.66587293], [-4.17010307, 51.6657567], [-4.16973007, 51.66579557], [-4.1694988, 51.66606593], [-4.1693542, 51.66649473], [-4.16913724, 51.66680956], [-4.16877663, 51.66698015], [-4.16829872, 51.66706431], [-4.16771781, 51.66698647], [-4.16708994, 51.66676712], [-4.16661024, 51.66657758], [-4.1663084, 51.66637921], [-4.16602683, 51.66608095], [-4.16562855, 51.66568923], [-4.16523194, 51.66529608], [-4.16477263, 51.66490304], [-4.16426134, 51.66492546], [-4.16409886, 51.66472256], [-4.16392875, 51.66447997], [-4.16370535, 51.66420841], [-4.16347897, 51.6639297], [-4.16322875, 51.66365552], [-4.16302156, 51.66338241], [-4.16289413, 51.66308355], [-4.16295433, 51.66270554], [-4.16300404, 51.66222644], [-4.16263354, 51.66176772], [-4.16208005, 51.66144252], [-4.16154611, 51.66111934], [-4.16104114, 51.66074431], [-4.16040146, 51.66035414], [-4.15975666, 51.66007006], [-4.15753818, 51.65883398], [-4.15707707, 51.65866005], [-4.15662515, 51.65837395], [-4.15614271, 51.65798736], [-4.15541327, 51.65752947], [-4.15448225, 51.65706611], [-4.15345645, 51.65657008], [-4.15276015, 51.65625346], [-4.1523571, 51.65599966], [-4.15188205, 51.65561736], [-4.15112185, 51.65513337], [-4.15043855, 51.65480363], [-4.14992666, 51.65460086], [-4.14964175, 51.65451503], [-4.14947796, 51.65446556], [-4.14894342, 51.65435815], [-4.14818501, 51.65435755], [-4.14714384, 51.65447783], [-4.14588165, 51.65466392], [-4.14499867, 51.65494168], [-4.14459515, 51.65527058], [-4.14435804, 51.65565097], [-4.14410102, 51.65607202], [-4.14370108, 51.65640485], [-4.14328122, 51.65658081], [-4.14292145, 51.65669215], [-4.14305186, 51.65706921], [-4.14213276, 51.65722072], [-4.14109695, 51.65717733], [-4.13999355, 51.65700054], [-4.13874698, 51.65698826], [-4.13729715, 51.65718412], [-4.13572013, 51.65738738], [-4.13456166, 51.65757346], [-4.13377357, 51.65777326], [-4.13325417, 51.65806305], [-4.13288724, 51.65837204], [-4.13242376, 51.65857697], [-4.13185215, 51.65857768], [-4.13128126, 51.65847731], [-4.13092625, 51.65831387], [-4.13075984, 51.65811038], [-4.13063216, 51.65791321], [-4.12588763, 51.6578505], [-4.12459934, 51.65772104], [-4.12315893, 51.65771353], [-4.12208903, 51.65782523], [-4.12134552, 51.65796995], [-4.12067807, 51.65815544], [-4.11970663, 51.65837645], [-4.11818552, 51.65861905], [-4.11638558, 51.65870035], [-4.11535573, 51.65858996], [-4.11501455, 51.65839612], [-4.11474395, 51.65827107], [-4.11412776, 51.65828431], [-4.11303365, 51.65836883], [-4.11146927, 51.65836513], [-4.10997474, 51.65827632], [-4.10868466, 51.65827525], [-4.10802996, 51.65845203], [-4.10796213, 51.65873957], [-4.10823035, 51.65895486], [-4.10860217, 51.65912128], [-4.10885346, 51.65940225], [-4.10884476, 51.65980721], [-4.10851586, 51.66009104], [-4.10792243, 51.66023636], [-4.10752964, 51.66040528], [-4.10681093, 51.66050315], [-4.10568655, 51.66063821], [-4.10407305, 51.66078222], [-4.1026206, 51.66096342], [-4.09826458, 51.66107404], [-4.09758627, 51.66139853], [-4.09703147, 51.66161251], [-4.09653485, 51.66178846], [-4.09595597, 51.66198266], [-4.09522188, 51.66223562], [-4.09446335, 51.66244948], [-4.09379447, 51.66265917], [-4.08681071, 51.66262293], [-4.08585763, 51.66242981], [-4.08479071, 51.66231191], [-4.08389366, 51.66231453], [-4.08315635, 51.66250265], [-4.08257675, 51.66274846], [-4.08214247, 51.66304755], [-4.08187211, 51.66335547], [-4.08163142, 51.66365516], [-4.08134592, 51.66395104], [-4.08090854, 51.66422558], [-4.08041275, 51.66445982], [-4.07995021, 51.66473961], [-4.07952452, 51.66503906], [-4.07892954, 51.66532004], [-4.07822132, 51.66559625], [-4.07769251, 51.66601896], [-4.07754791, 51.66655254], [-4.07769775, 51.666978], [-4.07800221, 51.66724694], [-4.07861602, 51.66739202], [-4.07955217, 51.66748905], [-4.08034766, 51.66762102], [-4.08095944, 51.66779554], [-4.08153474, 51.66805041], [-4.08146107, 51.66871774], [-4.08090937, 51.66895127], [-4.08048511, 51.66912651], [-4.08022535, 51.66934884], [-4.08004153, 51.66967106], [-4.07981873, 51.67000365], [-4.07959795, 51.67038274], [-4.07941055, 51.67094481], [-4.07940984, 51.67168057], [-4.0795964, 51.67224395], [-4.07982028, 51.67264223], [-4.08005536, 51.67303574], [-4.08025885, 51.67344844], [-4.08051431, 51.6737138], [-4.08081973, 51.67396331], [-4.08102691, 51.67451525], [-4.08102715, 51.67536354], [-4.08082056, 51.67591214], [-4.08051741, 51.67617536], [-4.08026385, 51.67651165], [-4.08005393, 51.67707217], [-4.07978904, 51.67763448], [-4.07973933, 51.6796875], [-4.07964373, 51.67982161], [-4.07995141, 51.67988634], [-4.08025885, 51.6799885], [-4.08049572, 51.68026507], [-4.08068323, 51.68079793], [-4.08090425, 51.68149674], [-4.08112597, 51.68232095], [-4.08136821, 51.68301058], [-4.08155322, 51.68357134], [-4.08164835, 51.68400812], [-4.08160627, 51.68450534], [-4.08164156, 51.68523586], [-4.08179176, 51.68614435], [-4.08183515, 51.68718135], [-4.0816648, 51.68789613], [-4.08123636, 51.68830276], [-4.08032477, 51.68856347], [-4.07907987, 51.68872535], [-4.07814956, 51.68883371], [-4.07757676, 51.68882537], [-4.07714665, 51.68870652], [-4.07670331, 51.68856585], [-4.07615995, 51.68841195], [-4.0755167, 51.68826497], [-4.07489514, 51.68808603], [-4.07314146, 51.68811548], [-4.07270706, 51.68815923], [-4.07223654, 51.68814707], [-4.07165253, 51.68823075], [-4.07089877, 51.68844473], [-4.07007647, 51.68861973], [-4.06926692, 51.68875694], [-4.06849897, 51.68895507], [-4.06800842, 51.68947673], [-4.06766856, 51.69040215], [-4.06726491, 51.69130445], [-4.06686926, 51.69200587], [-4.06642497, 51.69241297], [-4.06602967, 51.6925863], [-4.06574273, 51.6927433], [-4.06545472, 51.69302523], [-4.06504846, 51.69341564], [-4.06463873, 51.69378591], [-4.06414616, 51.69408774], [-4.06361783, 51.69432616], [-4.06314611, 51.69460475], [-4.06284475, 51.69489396], [-4.06270432, 51.69513392], [-4.06282163, 51.69528115], [-4.06312466, 51.69535446], [-4.06366372, 51.69556344], [-4.06415713, 51.69549215], [-4.06466353, 51.69551027], [-4.06512415, 51.69577324], [-4.06539476, 51.69619155], [-4.06542325, 51.69658613], [-4.06510007, 51.69688714], [-4.06461358, 51.69706666], [-4.06413233, 51.69719708], [-4.06374705, 51.69729924], [-4.06350362, 51.69744766], [-4.06333125, 51.69768023], [-4.06310415, 51.6979686], [-4.06280303, 51.6982733], [-4.06237495, 51.69853854], [-4.06197882, 51.69870615], [-4.06173706, 51.69885504], [-4.06158841, 51.69902575], [-4.06133986, 51.69918871], [-4.06087935, 51.69937694], [-4.06026065, 51.69962955], [-4.05962944, 51.69983244], [-4.05891311, 51.69999754], [-4.05805695, 51.7001307], [-4.05727422, 51.70027184], [-4.05658686, 51.70040154], [-4.05603361, 51.70053685], [-4.05553031, 51.70065284], [-4.05495524, 51.70079136], [-4.05429542, 51.70100212], [-4.05375051, 51.70142031], [-4.05341065, 51.70203304], [-4.05294907, 51.70257592], [-4.05265176, 51.70248842], [-4.05222034, 51.70236135], [-4.05140436, 51.70210433], [-4.05072093, 51.70172584], [-4.05050528, 51.70132256], [-4.05066252, 51.70086694], [-4.05090475, 51.70032716], [-4.05113304, 51.69984436], [-4.05128646, 51.69946265], [-4.05150604, 51.69924271], [-4.05200458, 51.69912255], [-4.05300903, 51.69900525], [-4.05451047, 51.69889235], [-4.05591106, 51.69874573], [-4.05711985, 51.69853985], [-4.05788362, 51.69819176], [-4.05822885, 51.69776893], [-4.05842674, 51.6974169], [-4.05858636, 51.69718134], [-4.05882406, 51.69704604], [-4.05912971, 51.69689655], [-4.05934393, 51.69655168], [-4.05935204, 51.69602811], [-4.05914307, 51.69566727], [-4.05879736, 51.69548798], [-4.05850947, 51.69542646], [-4.05830324, 51.69495475], [-4.05814016, 51.69451344], [-4.0582937, 51.69408596], [-4.05889845, 51.69376111], [-4.05967331, 51.69358194], [-4.06015611, 51.69343722], [-4.06040847, 51.69327033], [-4.060781, 51.69310915], [-4.06143987, 51.69292533], [-4.06216812, 51.69268632], [-4.06269467, 51.69250226], [-4.06297982, 51.69232285], [-4.06314933, 51.69208968], [-4.06333351, 51.69183564], [-4.06350934, 51.69162846], [-4.06374037, 51.69149816], [-4.06402814, 51.69133091], [-4.06430018, 51.69088638], [-4.06460846, 51.69012201], [-4.06501877, 51.68944323], [-4.06534696, 51.68900526], [-4.06560004, 51.68871677], [-4.06576824, 51.68849552], [-4.06592214, 51.68831384], [-4.066383, 51.6883707], [-4.06654596, 51.68817318], [-4.06671405, 51.68791676], [-4.06692803, 51.68757486], [-4.06713724, 51.68715286], [-4.06739044, 51.68671906], [-4.06769931, 51.68629563], [-4.06812882, 51.68597448], [-4.0685333, 51.68575835], [-4.06879675, 51.68545651], [-4.06896245, 51.68499458], [-4.06914115, 51.68457985], [-4.06936812, 51.68429852], [-4.06983507, 51.68417323], [-4.07059681, 51.68420637], [-4.07136858, 51.68435156], [-4.07212472, 51.68450856], [-4.07291257, 51.68463862], [-4.07382596, 51.68464875], [-4.07474756, 51.68453598], [-4.07566357, 51.6843667], [-4.07632387, 51.68410873], [-4.07666957, 51.68374825], [-4.07688296, 51.68315935], [-4.07700968, 51.68226242], [-4.07737482, 51.68153834], [-4.07731473, 51.68105471], [-4.07707465, 51.68079424], [-4.0769546, 51.6796875], [-4.07699704, 51.6781553], [-4.07673216, 51.67778194], [-4.07652676, 51.67743444], [-4.07628965, 51.67722178], [-4.07601166, 51.67711031], [-4.07579613, 51.67698765], [-4.07563138, 51.67683113], [-4.07537878, 51.67668045], [-4.07499838, 51.67647338], [-4.07461882, 51.67608905], [-4.07435811, 51.67561507], [-4.07399797, 51.67525125], [-4.0732789, 51.67488813], [-4.07225776, 51.67440605], [-4.07145786, 51.67402411], [-4.07104504, 51.67370057], [-4.07095265, 51.67340207], [-4.07083213, 51.67310882], [-4.07057846, 51.67281365], [-4.07015824, 51.67255378], [-4.06975412, 51.67238462], [-4.0694983, 51.67222798], [-4.06933951, 51.67205286], [-4.06912375, 51.67191851], [-4.06881332, 51.67183983], [-4.06855905, 51.67178762], [-4.06835341, 51.67119348], [-4.06814575, 51.67048991], [-4.06814563, 51.66968143], [-4.06851268, 51.66916001], [-4.06922805, 51.66881931], [-4.06996453, 51.66838884], [-4.07040894, 51.66792691], [-4.07068753, 51.66754532], [-4.07095885, 51.66722655], [-4.07140064, 51.66694283], [-4.07198203, 51.66669607], [-4.07263684, 51.66643655], [-4.07324338, 51.66624427], [-4.07385075, 51.66608036], [-4.07449532, 51.66590261], [-4.07501972, 51.66563785], [-4.07540655, 51.6653285], [-4.07593036, 51.66499591], [-4.07674205, 51.66460228], [-4.07781601, 51.66407776], [-4.07875538, 51.66361701], [-4.07946801, 51.66317785], [-4.07988632, 51.66281152], [-4.08021033, 51.66249967], [-4.08013284, 51.66226423], [-4.08050287, 51.66215217], [-4.08095205, 51.66199541], [-4.08140755, 51.66172898], [-4.0816853, 51.66141391], [-4.08168745, 51.66109681], [-4.08125317, 51.66082096], [-4.08058095, 51.66064203], [-4.07998502, 51.66050828], [-4.07956553, 51.66040528], [-4.07932067, 51.66025507], [-4.07916486, 51.66000843], [-4.07899737, 51.65968287], [-4.07882404, 51.65933955], [-4.07849205, 51.65906095], [-4.07786345, 51.65872848], [-4.07707596, 51.6582458], [-4.07656062, 51.65786433], [-4.07622814, 51.65766954], [-4.07593417, 51.65757251], [-4.07574201, 51.65744841], [-4.07574272, 51.65728033], [-4.07596076, 51.65713358], [-4.07634473, 51.65700555], [-4.07679605, 51.65684021], [-4.07723296, 51.65671241], [-4.07800126, 51.65655613], [-4.07875621, 51.65658224], [-4.07921433, 51.656919], [-4.07943845, 51.65753162], [-4.07964754, 51.65811753], [-4.07992065, 51.65861046], [-4.08034873, 51.65896034], [-4.08083212, 51.65913975], [-4.08130515, 51.65919936], [-4.08176124, 51.65912235], [-4.08220768, 51.65899146], [-4.08264613, 51.65883565], [-4.08307695, 51.65869665], [-4.08351862, 51.65855432], [-4.0840373, 51.65842521], [-4.08473814, 51.65827072], [-4.08558917, 51.65808094], [-4.08622706, 51.65781581], [-4.08654201, 51.65756524], [-4.08678532, 51.6573987], [-4.08715415, 51.65728426], [-4.08768737, 51.65715444], [-4.08833802, 51.65701675], [-4.08896685, 51.65683937], [-4.08936787, 51.65677845], [-4.08980894, 51.65660048], [-4.09028113, 51.65645754], [-4.09084117, 51.65631306], [-4.09150875, 51.65618086], [-4.09218526, 51.65603721], [-4.09284782, 51.65590715], [-4.09339821, 51.65577245], [-4.09386671, 51.65565002], [-4.09434605, 51.65548551], [-4.09492195, 51.65522873], [-4.09558082, 51.65480864], [-4.09618497, 51.65434444], [-4.09684455, 51.65392315], [-4.09741986, 51.65366137], [-4.09789252, 51.65348721], [-4.09834313, 51.6533606], [-4.0988754, 51.65326452], [-4.09957671, 51.65327704], [-4.10047173, 51.65336537], [-4.10160565, 51.65337253], [-4.10273421, 51.65326345], [-4.10382712, 51.65312445], [-4.10461557, 51.65297806], [-4.10518587, 51.65287006], [-4.10596526, 51.65237915], [-4.10642564, 51.65228307], [-4.10689783, 51.65213621], [-4.10737622, 51.65194476], [-4.10779536, 51.65167952], [-4.10806596, 51.65143693], [-4.10831392, 51.65128505], [-4.10859394, 51.65116954], [-4.10882592, 51.65095425], [-4.10900712, 51.65060711], [-4.10919905, 51.65026736], [-4.1093688, 51.65001166], [-4.10961223, 51.64985561], [-4.11000896, 51.6497488], [-4.11055613, 51.64962471], [-4.11119854, 51.64949751], [-4.11179876, 51.649333], [-4.11239374, 51.64912832], [-4.11302614, 51.64887035], [-4.11358893, 51.64866996], [-4.11408925, 51.64849746], [-4.11456823, 51.64831364], [-4.11498201, 51.64805567], [-4.11523116, 51.64779365], [-4.11541176, 51.64757144], [-4.11580658, 51.64764965], [-4.11602235, 51.64741445], [-4.11631215, 51.64709663], [-4.11671865, 51.64670336], [-4.11704373, 51.64634526], [-4.11729562, 51.64605427], [-4.117486, 51.64584005], [-4.11771965, 51.64570951], [-4.11800385, 51.64558077], [-4.11822486, 51.64529455], [-4.11836731, 51.64482963], [-4.11852443, 51.64441824], [-4.1188066, 51.6441431], [-4.11958802, 51.64398861], [-4.12104213, 51.64388454], [-4.12271655, 51.64375925], [-4.12458777, 51.64363301], [-4.12625992, 51.64348853], [-4.12783885, 51.64334416], [-4.12909532, 51.64316535], [-4.13269258, 51.64310455], [-4.13382411, 51.64292741], [-4.13515854, 51.6427896], [-4.13637078, 51.64265954], [-4.13739705, 51.64254522], [-4.13797414, 51.64237857], [-4.13829231, 51.6421293], [-4.13867176, 51.64186752], [-4.13912141, 51.64168155], [-4.1396209, 51.64152122], [-4.14020085, 51.64135385], [-4.14083075, 51.64112353], [-4.14131522, 51.64082587], [-4.14159405, 51.64022624], [-4.14176536, 51.63929987], [-4.14194214, 51.63860285], [-4.14209807, 51.63819575], [-4.14231944, 51.63790154], [-4.14276278, 51.63761973], [-4.14376032, 51.63739204], [-4.14519346, 51.63734615], [-4.14633322, 51.6374588], [-4.14717567, 51.63760722], [-4.14795995, 51.63775826], [-4.14889681, 51.63786805], [-4.14926147, 51.63783467], [-4.14906585, 51.63734555], [-4.14889574, 51.63660085], [-4.14898264, 51.63561821], [-4.14942181, 51.63500857], [-4.15004277, 51.63490283], [-4.15063417, 51.63500953], [-4.15089238, 51.63515782], [-4.15076041, 51.63527894], [-4.15045345, 51.63536656], [-4.15027797, 51.63546813], [-4.15039551, 51.63558674], [-4.15079606, 51.63572085], [-4.15120733, 51.63580978], [-4.15175605, 51.63574326], [-4.15245044, 51.63547397], [-4.15335941, 51.63512325], [-4.15464544, 51.63472497], [-4.1560384, 51.63445091], [-4.15704274, 51.63423264], [-4.15790558, 51.63396215], [-4.15901935, 51.63359213], [-4.16026175, 51.63331926], [-4.16134882, 51.63314426], [-4.16243613, 51.63304496], [-4.16332543, 51.63257372], [-4.16383672, 51.63252676], [-4.16443086, 51.63240182], [-4.16511178, 51.63208032], [-4.16567504, 51.63130772], [-4.16598463, 51.63018882], [-4.16608691, 51.6293956], [-4.16595006, 51.62897241], [-4.16571891, 51.62869871], [-4.16549051, 51.62845027], [-4.16544688, 51.62823164], [-4.16565251, 51.62811077], [-4.16604507, 51.62812471], [-4.16649377, 51.62822807], [-4.16688001, 51.62832844], [-4.16713536, 51.62848067], [-4.16731525, 51.62880886], [-4.16751802, 51.62943876], [-4.16771615, 51.63031113], [-4.16795802, 51.63096488], [-4.16825461, 51.63136435], [-4.16868973, 51.63162661], [-4.16917252, 51.6317873], [-4.16964412, 51.6319164], [-4.17010307, 51.63200533], [-4.17066658, 51.63152337], [-4.1708256, 51.63132203], [-4.17116976, 51.63117266], [-4.17175031, 51.63105714], [-4.17241013, 51.63092446], [-4.17309546, 51.63079834], [-4.17375004, 51.63066244], [-4.17445743, 51.63053346], [-4.17530012, 51.63035381], [-4.17641234, 51.63008392], [-4.1775949, 51.62970245], [-4.17854846, 51.62938142], [-4.17914987, 51.62907433], [-4.17945456, 51.62875712], [-4.17966998, 51.62839794], [-4.17985165, 51.62799835], [-4.18005085, 51.62766063], [-4.18023431, 51.6274209], [-4.18049312, 51.62726331], [-4.18087173, 51.62709272], [-4.1812824, 51.62680244], [-4.18167496, 51.62646484], [-4.18227851, 51.62623715], [-4.18318737, 51.62633252], [-4.18431962, 51.62675405], [-4.18485236, 51.62702751], [-4.18529665, 51.62715554], [-4.18583941, 51.62716007], [-4.18662465, 51.62704444], [-4.18761861, 51.62690175], [-4.18839586, 51.62674534], [-4.18898451, 51.62660265], [-4.18964565, 51.62644625], [-4.19050813, 51.62630391], [-4.19139731, 51.62618804], [-4.19226217, 51.62619245], [-4.19290853, 51.62632], [-4.19342542, 51.62647164], [-4.19405985, 51.62659812], [-4.19499755, 51.62659812], [-4.19622695, 51.62647176], [-4.19776046, 51.62632024], [-4.19911563, 51.62619245], [-4.20029414, 51.62618566], [-4.20116425, 51.62629736], [-4.20183837, 51.62643814], [-4.20238984, 51.62661254], [-4.20297444, 51.62681973], [-4.20372295, 51.62707818], [-4.20457423, 51.62728405], [-4.20513165, 51.62747502], [-4.20544815, 51.62755716], [-4.20567215, 51.62769651], [-4.20583355, 51.62787306], [-4.20605457, 51.62801015], [-4.20633793, 51.62811005], [-4.20656991, 51.62825906], [-4.20674062, 51.62849188], [-4.20693088, 51.62876058], [-4.20716906, 51.62899685], [-4.20763755, 51.62915504], [-4.20836127, 51.62926662], [-4.20900846, 51.62939274], [-4.20957243, 51.62952042], [-4.21027493, 51.62968504], [-4.21126151, 51.62989116], [-4.21234345, 51.63015306], [-4.21333015, 51.63035595], [-4.21402085, 51.63051558], [-4.21454024, 51.63064516], [-4.21511197, 51.63080478], [-4.21584165, 51.63100743], [-4.21658456, 51.63126767], [-4.21717834, 51.63147116], [-4.21765602, 51.63163495], [-4.21809316, 51.63177538], [-4.21852565, 51.6319468], [-4.21875, 51.63197541], [-4.21875, 51.63225436], [-4.21908927, 51.63232625], [-4.21975291, 51.6326369], [-4.22022545, 51.63286197], [-4.22050524, 51.63313425], [-4.2207669, 51.6335175], [-4.22119415, 51.63381386], [-4.2216928, 51.63379288], [-4.22211456, 51.63342023], [-4.22235572, 51.63290966], [-4.22259331, 51.63256156], [-4.22304368, 51.63238084], [-4.22386396, 51.63230646], [-4.22501945, 51.63245416], [-4.22600186, 51.63285446], [-4.22660077, 51.63328683], [-4.22710288, 51.63357496], [-4.22759593, 51.63352585], [-4.22798085, 51.63306797], [-4.22806656, 51.63237464], [-4.22790992, 51.63179028], [-4.22769856, 51.63138294], [-4.22740591, 51.63115907], [-4.22699654, 51.63099444], [-4.22657645, 51.63074887], [-4.2262783, 51.63045835], [-4.22595453, 51.63010192], [-4.22576535, 51.6294353], [-4.22556984, 51.62885153], [-4.22554243, 51.62835085], [-4.22576416, 51.62810814], [-4.22617567, 51.62816036], [-4.22660124, 51.62841487], [-4.22688162, 51.62866855], [-4.22712207, 51.62881768], [-4.22739637, 51.62894297], [-4.22768903, 51.62926352], [-4.22809815, 51.62990582], [-4.22866845, 51.63068664], [-4.22907877, 51.63133013], [-4.22940338, 51.63167286], [-4.22978973, 51.63187301], [-4.23020792, 51.63213575], [-4.23058581, 51.63243282], [-4.2310425, 51.63263571], [-4.23154128, 51.63261604], [-4.23203492, 51.63244116], [-4.23245502, 51.63215756], [-4.23271954, 51.63189304], [-4.23296654, 51.63172984], [-4.23327684, 51.63164938], [-4.23423767, 51.63137436], [-4.23549533, 51.63146877], [-4.23599458, 51.63163221], [-4.23575056, 51.63183963], [-4.23521423, 51.63199413], [-4.23463905, 51.63214862], [-4.23409832, 51.63241148], [-4.23371291, 51.63297403], [-4.23372233, 51.63375247], [-4.23412824, 51.63431513], [-4.234676, 51.63460731], [-4.23517311, 51.63486791], [-4.23550487, 51.63524473], [-4.23572445, 51.63587451], [-4.23574495, 51.63668847], [-4.2355268, 51.6371994], [-4.23512566, 51.63740587], [-4.23466194, 51.63751721], [-4.23425913, 51.63760841], [-4.23403478, 51.63774538], [-4.23404515, 51.63792014], [-4.23426521, 51.63805842], [-4.23457694, 51.63815928], [-4.23481751, 51.63829887], [-4.2349565, 51.63849604], [-4.23531568, 51.63889265], [-4.23549616, 51.63950872], [-4.23567677, 51.64000845], [-4.23568904, 51.64043546], [-4.23549747, 51.64078796], [-4.23518658, 51.64109552], [-4.2347182, 51.64135623], [-4.23419166, 51.6415261], [-4.23370254, 51.64166331], [-4.23339117, 51.64180207], [-4.23347843, 51.64203882], [-4.23399115, 51.64236104], [-4.23450542, 51.64259768], [-4.23483145, 51.6428076], [-4.23509455, 51.64306545], [-4.23548925, 51.64329696], [-4.23598731, 51.64334452], [-4.23660433, 51.64320898], [-4.23737001, 51.64300084], [-4.23813093, 51.64280164], [-4.23871374, 51.64277446], [-4.23910654, 51.64285743], [-4.23934174, 51.64302337], [-4.23952317, 51.64326417], [-4.23976922, 51.64353943], [-4.23986185, 51.64416325], [-4.24058414, 51.64439583], [-4.24120545, 51.64457262], [-4.24157405, 51.64480436], [-4.24177802, 51.6451472], [-4.24197614, 51.64549291], [-4.24216127, 51.64580214], [-4.24236548, 51.64607751], [-4.24257636, 51.64630222], [-4.2429316, 51.64645302], [-4.24347484, 51.64656997], [-4.24402964, 51.64672065], [-4.24459124, 51.64688277], [-4.24526417, 51.6470226], [-4.24600267, 51.64696801], [-4.24647474, 51.64655805], [-4.24671352, 51.64585257], [-4.24690986, 51.64528132], [-4.24709535, 51.64491153], [-4.24733758, 51.64463794], [-4.2476449, 51.64440024], [-4.24807656, 51.64419115], [-4.24848294, 51.64393091], [-4.24873853, 51.64326012], [-4.24886703, 51.64199448], [-4.24847257, 51.64147854], [-4.24815977, 51.64142704], [-4.24802923, 51.64135396], [-4.24816728, 51.64127481], [-4.24845791, 51.64114273], [-4.24871624, 51.64079237], [-4.24891806, 51.64016533], [-4.24913943, 51.63947141], [-4.24935102, 51.63874662], [-4.24958408, 51.63811195], [-4.24979603, 51.63750935], [-4.25001454, 51.63696611], [-4.25020528, 51.63649023], [-4.25044382, 51.63622344], [-4.25073195, 51.63609028], [-4.25097024, 51.63589251], [-4.25116122, 51.63554645], [-4.25137985, 51.63513637], [-4.25159216, 51.63469422], [-4.25182652, 51.63426447], [-4.25203764, 51.63384485], [-4.25225246, 51.63350117], [-4.25243735, 51.63325608], [-4.25267684, 51.63311636], [-4.25300026, 51.63305044], [-4.25327575, 51.63296306], [-4.25336206, 51.63269794], [-4.25342596, 51.63240182], [-4.2534337, 51.63200843], [-4.25367272, 51.63146734], [-4.25419235, 51.63089848], [-4.25460851, 51.63051593], [-4.25498497, 51.63030064], [-4.25550485, 51.63007414], [-4.2561028, 51.62970984], [-4.25649571, 51.62934804], [-4.25672376, 51.62905586], [-4.25687516, 51.62883127], [-4.25719762, 51.62862873], [-4.25793862, 51.62831235], [-4.25906491, 51.62782824], [-4.26006365, 51.6274358], [-4.26069951, 51.62710214], [-4.26111424, 51.62678564], [-4.26170361, 51.62646663], [-4.26260376, 51.62613595], [-4.26366365, 51.62578416], [-4.26456296, 51.62564874], [-4.26519036, 51.62572122], [-4.26567614, 51.62583542], [-4.26636815, 51.62551916], [-4.26743054, 51.62561035], [-4.26801395, 51.62576175], [-4.26822245, 51.62594211], [-4.26833534, 51.62602842], [-4.26844621, 51.62595141], [-4.26857984, 51.62577867], [-4.26883614, 51.62561357], [-4.26923823, 51.62544072], [-4.26966095, 51.62518275], [-4.26996553, 51.62488556], [-4.27024627, 51.62456846], [-4.27056408, 51.62420654], [-4.27096236, 51.62381554], [-4.27126491, 51.62352025], [-4.27153397, 51.62336385], [-4.27181923, 51.62328053], [-4.27205002, 51.62315011], [-4.27223682, 51.62291276], [-4.2724545, 51.62257016], [-4.27266765, 51.62214816], [-4.27290511, 51.62172234], [-4.27312314, 51.6213063], [-4.27334237, 51.62095594], [-4.27350485, 51.62065184], [-4.27377284, 51.62056243], [-4.27448034, 51.62046576], [-4.27503824, 51.62033916], [-4.275424, 51.62021816], [-4.27564931, 51.62006497], [-4.27580726, 51.61988294], [-4.27603924, 51.61974227], [-4.27632058, 51.61965704], [-4.27645397, 51.61958075], [-4.27631962, 51.61950171], [-4.27602196, 51.61936486], [-4.27575064, 51.61901724], [-4.27556396, 51.61843884], [-4.27546537, 51.61788654], [-4.27555013, 51.61733854], [-4.2757225, 51.61676753], [-4.27600682, 51.61641037], [-4.27641904, 51.61620283], [-4.27684104, 51.61595714], [-4.27713275, 51.61565423], [-4.27737987, 51.61528945], [-4.27765715, 51.61487687], [-4.27810574, 51.61452174], [-4.27870572, 51.61423445], [-4.27943253, 51.61389327], [-4.28069377, 51.61380947], [-4.28164411, 51.61361706], [-4.28280616, 51.61346495], [-4.28403664, 51.61334944], [-4.28530586, 51.6133517], [-4.28618968, 51.61347067], [-4.28676093, 51.61361861], [-4.28729141, 51.61378372], [-4.28791666, 51.61392474], [-4.28857601, 51.61402714], [-4.28927612, 51.61401057], [-4.28996706, 51.61392403], [-4.29065335, 51.61396134], [-4.29120505, 51.61419904], [-4.29159915, 51.61454201], [-4.29201961, 51.61493135], [-4.29793167, 51.61494851], [-4.29836094, 51.61478913], [-4.29871404, 51.61460555], [-4.29891968, 51.61424756], [-4.29903984, 51.61371744], [-4.29928505, 51.61332727], [-4.29985416, 51.61307526], [-4.30082655, 51.61286712], [-4.30196714, 51.61282051], [-4.30280566, 51.61289704], [-4.30334985, 51.61291575], [-4.30375254, 51.61283231], [-4.30406845, 51.61271608], [-4.30432785, 51.61252284], [-4.30471683, 51.61220133], [-4.305444, 51.61181748], [-4.30634296, 51.61152601], [-4.30868077, 51.61027324], [-4.30914307, 51.61008], [-4.30954862, 51.60980797], [-4.30986893, 51.60955024], [-4.31034231, 51.60941184], [-4.31105137, 51.60943305], [-4.31169736, 51.60957408], [-4.31229866, 51.60973167], [-4.31308806, 51.60986376], [-4.31413054, 51.60987365], [-4.31506765, 51.6097517], [-4.31584263, 51.60955715], [-4.31633878, 51.60927165], [-4.31643975, 51.60896075], [-4.31627011, 51.60867298], [-4.31602812, 51.60844088], [-4.31565952, 51.60828686], [-4.31513715, 51.60816896], [-4.31460762, 51.60802341], [-4.3139683, 51.60788262], [-4.31291413, 51.60778308], [-4.31142056, 51.60784984], [-4.31021667, 51.60808027], [-4.30949223, 51.60830593], [-4.30900085, 51.60853052], [-4.30832243, 51.60862815], [-4.30733275, 51.60875165], [-4.3062613, 51.60871625], [-4.30550027, 51.60848403], [-4.30512595, 51.60814405], [-4.30489957, 51.60769725], [-4.30472231, 51.60713041], [-4.30452216, 51.60657072], [-4.30433536, 51.60607505], [-4.30409574, 51.60580015], [-4.30380583, 51.60568595], [-4.30356705, 51.60556042], [-4.30337882, 51.60533214], [-4.3031677, 51.60499275], [-4.30296397, 51.60456586], [-4.30271637, 51.60412538], [-4.30241716, 51.60369575], [-4.30200136, 51.60337985], [-4.30159473, 51.60320771], [-4.30125535, 51.60301495], [-4.30087197, 51.60265481], [-4.30043137, 51.60215461], [-4.30026591, 51.60172856], [-4.30017924, 51.60140502], [-4.29999423, 51.60112512], [-4.29992604, 51.60086656], [-4.29961944, 51.60078645], [-4.29931271, 51.60068285], [-4.29907644, 51.60046518], [-4.29889023, 51.60011888], [-4.29867387, 51.59977424], [-4.29846215, 51.59947193], [-4.29822803, 51.59918726], [-4.29801571, 51.59888577], [-4.29779696, 51.59854543], [-4.29760623, 51.5982089], [-4.29736793, 51.59799981], [-4.29707944, 51.59787035], [-4.29684091, 51.59766364], [-4.29664981, 51.597332], [-4.29643178, 51.59699404], [-4.29622364, 51.59667504], [-4.29599762, 51.59632313], [-4.29578912, 51.59590685], [-4.29553914, 51.59547794], [-4.29523194, 51.59505713], [-4.29480147, 51.59474015], [-4.29439592, 51.59453237], [-4.29414046, 51.59423542], [-4.29401195, 51.59374332], [-4.29368365, 51.59325325], [-4.29351985, 51.59264612], [-4.29330051, 51.59214497], [-4.29308784, 51.59167695], [-4.29286623, 51.59120536], [-4.29267371, 51.59074974], [-4.29243505, 51.59048271], [-4.2921468, 51.5903306], [-4.29190862, 51.59006584], [-4.29171777, 51.58959413], [-4.29149926, 51.58905041], [-4.29128695, 51.58844185], [-4.29105306, 51.5878036], [-4.29084075, 51.58709991], [-4.29062212, 51.58649194], [-4.29043162, 51.5860157], [-4.29019475, 51.58576345], [-4.28990936, 51.58555031], [-4.28967178, 51.58501422], [-4.28946793, 51.58407128], [-4.28920424, 51.58317792], [-4.28915215, 51.58049655], [-4.28870368, 51.58021748], [-4.28875303, 51.57330477], [-4.28903961, 51.57280982], [-4.28926528, 51.57224035], [-4.28948152, 51.57168877], [-4.28966582, 51.57119834], [-4.28989506, 51.57092237], [-4.29017508, 51.57079828], [-4.29042995, 51.57065535], [-4.29071236, 51.57042682], [-4.29112661, 51.57017982], [-4.29152715, 51.56999111], [-4.29178536, 51.56976521], [-4.29192746, 51.56945705], [-4.29205835, 51.56916714], [-4.29651105, 51.5691874], [-4.29715085, 51.56899774], [-4.29782021, 51.56879926], [-4.29837203, 51.56851566], [-4.29877615, 51.56819546], [-4.29922187, 51.56791234], [-4.29969394, 51.56772935], [-4.30013263, 51.56759405], [-4.30048204, 51.56748855], [-4.30072761, 51.56733465], [-4.30102456, 51.56709182], [-4.30160356, 51.56679821], [-4.30239785, 51.56648636], [-4.30310476, 51.56610918], [-4.30349064, 51.56580603], [-4.30384886, 51.56558764], [-4.3045789, 51.56528866], [-4.30578446, 51.56478047], [-4.30705082, 51.56419265], [-4.30800974, 51.56339836], [-4.3082484, 51.56253493], [-4.30791998, 51.56187201], [-4.3074398, 51.56145012], [-4.30680704, 51.56118286], [-4.30604315, 51.56103325], [-4.30556655, 51.56081116], [-4.30512595, 51.56092012], [-4.30457306, 51.56102693], [-4.30373883, 51.56103003], [-4.30249763, 51.56092525], [-4.30098295, 51.56080151], [-4.3000828, 51.56064784], [-4.29976213, 51.56046617], [-4.29953086, 51.56029737], [-4.29909885, 51.56010723], [-4.29848587, 51.55985558], [-4.29790902, 51.55965865], [-4.29743946, 51.55950761], [-4.29708874, 51.55938828], [-4.29684424, 51.55921543], [-4.29655528, 51.55895901], [-4.29602206, 51.55872285], [-4.29534221, 51.55866396], [-4.29474866, 51.55876148], [-4.29432285, 51.55889451], [-4.29410684, 51.55905962], [-4.29412067, 51.55924594], [-4.29433775, 51.55938756], [-4.29466701, 51.55947685], [-4.2949965, 51.55956376], [-4.29499304, 51.56068838], [-4.29472435, 51.56075728], [-4.29444337, 51.56084466], [-4.29413795, 51.56105423], [-4.29360974, 51.56145751], [-4.29270196, 51.56193054], [-4.29181278, 51.56213236], [-4.29118395, 51.5620681], [-4.29073131, 51.56191492], [-4.29028463, 51.56172085], [-4.28965223, 51.56150842], [-4.28868175, 51.56128371], [-4.28752887, 51.56118011], [-4.2866044, 51.56111872], [-4.28590107, 51.56094956], [-4.28535235, 51.56080997], [-4.28476512, 51.56076574], [-4.28393483, 51.56078887], [-4.28284287, 51.56067121], [-4.28167915, 51.56051028], [-4.28086901, 51.56035614], [-4.28042042, 51.56023574], [-4.28019488, 51.56008172], [-4.28003037, 51.55985534], [-4.27979577, 51.55958915], [-4.27977574, 51.55812621], [-4.27945185, 51.55808985], [-4.27906716, 51.55813372], [-4.27863777, 51.55823255], [-4.27818573, 51.55824006], [-4.27769315, 51.55811143], [-4.27711666, 51.55790317], [-4.27648807, 51.55764091], [-4.27601278, 51.55744612], [-4.2757622, 51.55727744], [-4.27562881, 51.5571022], [-4.27541566, 51.5569638], [-4.27501941, 51.55685413], [-4.27444124, 51.55671334], [-4.27375865, 51.55653036], [-4.27320886, 51.55625534], [-4.27290475, 51.5559504], [-4.27270234, 51.55566716], [-4.27248251, 51.55543625], [-4.27199805, 51.5552634], [-4.27117145, 51.55507946], [-4.27034175, 51.55482996], [-4.26963794, 51.55462778], [-4.26880205, 51.55447161], [-4.26763511, 51.5543704], [-4.26693654, 51.55419195], [-4.26662862, 51.55411422], [-4.26631784, 51.55391657], [-4.26582706, 51.55352426], [-4.26504362, 51.55302727], [-4.26434004, 51.55269134], [-4.26377583, 51.5524677], [-4.26321232, 51.55226302], [-4.26259232, 51.55204582], [-4.26203895, 51.55198765], [-4.26156032, 51.55209613], [-4.26110733, 51.55223501], [-4.2606498, 51.55232573], [-4.26019645, 51.55228174], [-4.25980973, 51.55213404], [-4.25959516, 51.55183077], [-4.25961745, 51.55140984], [-4.25985897, 51.55112791], [-4.26018238, 51.55100667], [-4.26034045, 51.55092657], [-4.26015878, 51.55081415], [-4.25965345, 51.55059505], [-4.25901246, 51.55021095], [-4.25850034, 51.54979765], [-4.2580049, 51.54938626], [-4.25607705, 51.54930365], [-4.25540102, 51.54898167], [-4.25492215, 51.54877353], [-4.25467336, 51.54860616], [-4.25453722, 51.54845583], [-4.25433338, 51.54841113], [-4.25400305, 51.54847956], [-4.25358605, 51.54848826], [-4.25304747, 51.54832995], [-4.25222635, 51.54798245], [-4.25106883, 51.54745865], [-4.24994385, 51.54703426], [-4.24899554, 51.54671443], [-4.24825144, 51.54652262], [-4.2477169, 51.54638874], [-4.24721706, 51.54627705], [-4.24647808, 51.54609418], [-4.24532104, 51.54575682], [-4.24400353, 51.54521334], [-4.2429074, 51.54467142], [-4.24205661, 51.54412723], [-4.24158263, 51.54375315], [-4.2411406, 51.54353333], [-4.24037337, 51.54327345], [-4.23931813, 51.54282582], [-4.23859835, 51.54257858], [-4.23747146, 51.5420624], [-4.23652017, 51.54169834], [-4.23575115, 51.54141045], [-4.23499537, 51.54121995], [-4.23385775, 51.54106963], [-4.23231471, 51.54094565], [-4.23120236, 51.54081035], [-4.23054135, 51.54067671], [-4.22995985, 51.54050207], [-4.22924244, 51.54028487], [-4.22852015, 51.54004133], [-4.22801554, 51.53995502], [-4.22777081, 51.5400604], [-4.22766936, 51.54026306], [-4.2275176, 51.54044056], [-4.22716141, 51.54054165], [-4.22639346, 51.54052806], [-4.22491264, 51.54032481], [-4.22291315, 51.54005802], [-4.22144103, 51.53976893], [-4.22066295, 51.53956091], [-4.22021461, 51.53939974], [-4.21983075, 51.53926158], [-4.21943522, 51.53909171], [-4.21875, 51.5390625], [-4.21875, 51.53878343], [-4.21863437, 51.53877413], [-4.21778214, 51.5385673], [-4.21681094, 51.53835845], [-4.21596932, 51.53811014], [-4.21545446, 51.5379039], [-4.21523631, 51.53766632], [-4.21512473, 51.53737235], [-4.21482205, 51.53715801], [-4.21409535, 51.53702462], [-4.2128607, 51.53689635], [-4.21124613, 51.53677177], [-4.21007395, 51.53660965], [-4.20933187, 51.53640485], [-4.20872843, 51.53614247], [-4.20822644, 51.53593385], [-4.20776951, 51.53575981], [-4.20725596, 51.53561485], [-4.20659244, 51.5354861], [-4.20585346, 51.53546143], [-4.20538855, 51.53558481], [-4.20516515, 51.53584564], [-4.20496273, 51.53621352], [-4.20466864, 51.53663862], [-4.20412242, 51.53698373], [-4.20338428, 51.53719652], [-4.20260704, 51.53755772], [-4.20338082, 51.53781915], [-4.20412016, 51.53806365], [-4.20467436, 51.53840423], [-4.20499182, 51.53882694], [-4.20522392, 51.53925848], [-4.20541477, 51.53972197], [-4.20561945, 51.54020906], [-4.20580292, 51.54068685], [-4.20603967, 51.54097104], [-4.20634735, 51.5410887], [-4.20665455, 51.54116404], [-4.20665598, 51.54366386], [-4.20632565, 51.54375112], [-4.20599902, 51.54386115], [-4.20579445, 51.54407108], [-4.20580566, 51.54436076], [-4.20603216, 51.54457116], [-4.20635664, 51.54471493], [-4.20657885, 51.54492354], [-4.20658135, 51.54520965], [-4.20637286, 51.54541731], [-4.20608044, 51.54553783], [-4.20587432, 51.54567063], [-4.2057507, 51.54584146], [-4.20549536, 51.54600728], [-4.20485342, 51.54619491], [-4.20367682, 51.54643726], [-4.20228541, 51.54662251], [-4.20147157, 51.54678762], [-4.20105827, 51.54697073], [-4.20038927, 51.54714584], [-4.19922507, 51.54733038], [-4.19811487, 51.54750943], [-4.19717836, 51.54750192], [-4.19619346, 51.54731536], [-4.19519806, 51.54697275], [-4.19303513, 51.54697061], [-4.19221807, 51.54707932], [-4.19136214, 51.54702187], [-4.19076395, 51.54677546], [-4.19047785, 51.54650497], [-4.19014955, 51.54634976], [-4.18940723, 51.54635978], [-4.18804348, 51.54651058], [-4.18615043, 51.54673827], [-4.1847223, 51.54703081], [-4.18387985, 51.54725516], [-4.18314481, 51.54736185], [-4.18223822, 51.54723167], [-4.18144751, 51.54687285], [-4.18102694, 51.54654014], [-4.18075132, 51.54634345], [-4.18038344, 51.54622734], [-4.17985666, 51.54610193], [-4.17920983, 51.54596722], [-4.17858243, 51.54579115], [-4.17465675, 51.54572844], [-4.17389596, 51.54555142], [-4.17306077, 51.54541111], [-4.17230105, 51.54527175], [-4.17149162, 51.54514205], [-4.17044878, 51.54497826], [-4.16911638, 51.54477274], [-4.16802466, 51.54451132], [-4.16734135, 51.5443114], [-4.16690612, 51.54416025], [-4.16660488, 51.54404116], [-4.16638148, 51.54386854], [-4.16603637, 51.54361594], [-4.16529143, 51.54338956], [-4.16427374, 51.54334152], [-4.16346955, 51.54342031], [-4.16283095, 51.5434376], [-4.16205645, 51.54334545], [-4.16106975, 51.54321826], [-4.16025138, 51.54303896], [-4.15959263, 51.54277492], [-4.15899026, 51.54237294], [-4.15847886, 51.54198158], [-4.15777814, 51.54168165], [-4.15681148, 51.54149771], [-4.15574682, 51.54101562], [-4.151703, 51.54105496], [-4.15075338, 51.54143763], [-4.14984012, 51.54178655], [-4.14910531, 51.54217911], [-4.14871216, 51.54248405], [-4.14846492, 51.54264462], [-4.14821255, 51.54273725], [-4.14794564, 51.54290545], [-4.14755583, 51.54321814], [-4.14695752, 51.54359055], [-4.14644814, 51.54383791], [-4.14616156, 51.54401445], [-4.14599562, 51.54418123], [-4.14577055, 51.54430962], [-4.14547217, 51.54442394], [-4.14525795, 51.54461467], [-4.14525306, 51.54487371], [-4.14549017, 51.54508591], [-4.14590704, 51.54538786], [-4.1463418, 51.54606986], [-4.14664948, 51.54706061], [-4.14692914, 51.54779637], [-4.14724672, 51.54826474], [-4.14765286, 51.54865146], [-4.14797997, 51.54899526], [-4.14800453, 51.54900336], [-4.14896023, 51.54942024], [-4.15002465, 51.54993975], [-4.15090311, 51.55034256], [-4.15159535, 51.55064213], [-4.15213585, 51.55083334], [-4.15269053, 51.55104017], [-4.15346813, 51.55136955], [-4.15443766, 51.55183482], [-4.15512896, 51.55215716], [-4.15554035, 51.5524168], [-4.15602756, 51.55279922], [-4.15681076, 51.5532937], [-4.15752447, 51.55367613], [-4.15801525, 51.55398953], [-4.15831018, 51.55422986], [-4.15867341, 51.55437231], [-4.15922594, 51.55445588], [-4.15977836, 51.55456543], [-4.16020775, 51.55477464], [-4.1604408, 51.55527556], [-4.16044056, 51.55603492], [-4.16020215, 51.55654693], [-4.15975451, 51.55680954], [-4.15917873, 51.55704474], [-4.1591289, 51.55753016], [-4.15876174, 51.55816674], [-4.15832341, 51.55888677], [-4.1577214, 51.55945516], [-4.15722072, 51.55979872], [-4.15691447, 51.56019521], [-4.15664876, 51.56077385], [-4.15623736, 51.56123698], [-4.15575624, 51.56147611], [-4.15529466, 51.56161094], [-4.15491652, 51.56170535], [-4.15466547, 51.56184721], [-4.15448415, 51.56207061], [-4.15428686, 51.56233895], [-4.15412736, 51.56262314], [-4.15397584, 51.56293082], [-4.15375173, 51.56329524], [-4.15320206, 51.56370592], [-4.15251124, 51.56408107], [-4.15184283, 51.56449723], [-4.15132213, 51.56487668], [-4.15068674, 51.56520617], [-4.14981794, 51.56552505], [-4.14885426, 51.56590414], [-4.14801455, 51.56620395], [-4.14615631, 51.56741834], [-4.14603114, 51.56760871], [-4.14582992, 51.56774557], [-4.14559245, 51.56786513], [-4.14539981, 51.56807315], [-4.14507294, 51.56836605], [-4.14417088, 51.56858563], [-4.14264154, 51.56872427], [-4.14129746, 51.56886101], [-4.14019465, 51.56899536], [-4.13920867, 51.56914854], [-4.13819003, 51.56927156], [-4.13734102, 51.56932914], [-4.13649583, 51.56925011], [-4.13552773, 51.5691148], [-4.13473761, 51.56900835], [-4.13399827, 51.56907666], [-4.13303316, 51.56931806], [-4.13193846, 51.56954062], [-4.13114071, 51.56968713], [-4.13060272, 51.56968856], [-4.13008606, 51.56956553], [-4.12941074, 51.56941915], [-4.12850082, 51.56927144], [-4.12726665, 51.56916392], [-4.12621975, 51.56956923], [-4.12495196, 51.56941462], [-4.12424517, 51.56909275], [-4.12382996, 51.56859863], [-4.12318993, 51.56823802], [-4.1222651, 51.56821227], [-4.12140763, 51.56843555], [-4.1207962, 51.56866026], [-4.12029874, 51.56885827], [-4.11969256, 51.56905961], [-4.11883676, 51.56931782], [-4.11788452, 51.56956971], [-4.11715043, 51.56988275], [-4.11659324, 51.57025576], [-4.11595344, 51.57064271], [-4.11535442, 51.57096696], [-4.11489785, 51.57139611], [-4.11463284, 51.57200885], [-4.11440444, 51.57274854], [-4.11406291, 51.57356465], [-4.11337256, 51.5740664], [-4.11239934, 51.57411325], [-4.11152387, 51.57388175], [-4.11094546, 51.57366526], [-4.11057127, 51.57349646], [-4.11059678, 51.57185996], [-4.11028063, 51.57157457], [-4.11011517, 51.57126105], [-4.11022556, 51.57089186], [-4.11072874, 51.57051384], [-4.1112498, 51.57027364], [-4.11153495, 51.57010114], [-4.11154163, 51.56993544], [-4.11132896, 51.56980991], [-4.11102581, 51.56970775], [-4.11076462, 51.56954026], [-4.1104964, 51.5692873], [-4.11008036, 51.56905973], [-4.10956955, 51.56901038], [-4.10897684, 51.56908846], [-4.10832322, 51.56910634], [-4.10776734, 51.56902051], [-4.10736716, 51.56890833], [-4.10712457, 51.56874311], [-4.10696387, 51.56848705], [-4.1067934, 51.56815612], [-4.10663295, 51.56781435], [-4.10635114, 51.56756473], [-4.10580564, 51.56731248], [-4.10500574, 51.56692672], [-4.10484457, 51.56595385], [-4.10422254, 51.56566942], [-4.10359776, 51.56541908], [-4.10295355, 51.56515396], [-4.10239315, 51.56494391], [-4.10190082, 51.56474006], [-4.09705424, 51.56480575], [-4.09649396, 51.56494141], [-4.09585226, 51.56495321], [-4.09506488, 51.56482911], [-4.09387767, 51.56462586], [-4.09216046, 51.56432533], [-4.09008312, 51.56396866], [-4.08865285, 51.56349874], [-4.08807814, 51.56307495], [-4.08786905, 51.56284356], [-4.08770132, 51.56271327], [-4.08749425, 51.56247616], [-4.08702564, 51.56204498], [-4.08597183, 51.56158423], [-4.08450305, 51.56129384], [-4.08309436, 51.56114995], [-4.08179045, 51.56116581], [-4.08091605, 51.56130493], [-4.08028722, 51.56146061], [-4.07952595, 51.56158555], [-4.07854855, 51.56158245], [-4.07776952, 51.56145787], [-4.07722855, 51.56132805], [-4.07678986, 51.5612545], [-4.07637155, 51.56129956], [-4.07596171, 51.56145763], [-4.07534516, 51.56158614], [-4.07470524, 51.56159306], [-4.07415652, 51.56148148], [-4.07368636, 51.561342], [-4.07321191, 51.56117117], [-4.07264924, 51.5609678], [-4.07199466, 51.56070065], [-4.07140493, 51.56044924], [-4.07095838, 51.56016505], [-4.0706886, 51.55986655], [-4.07041895, 51.55955005], [-4.06998765, 51.55918396], [-4.06924391, 51.55879271], [-4.06843615, 51.55848491], [-4.06782436, 51.55817521], [-4.06741416, 51.55785775], [-4.0669831, 51.55757535], [-4.06652665, 51.55738962], [-4.06607652, 51.55727315], [-4.06562972, 51.55725944], [-4.06515491, 51.55729055], [-4.06459796, 51.55726576], [-4.06395435, 51.55729091], [-4.06333661, 51.55741346], [-4.06142151, 51.55758893], [-4.06045556, 51.55806363], [-4.05972922, 51.55839956], [-4.05920303, 51.55876458], [-4.05880725, 51.55928695], [-4.05847085, 51.56002522], [-4.05841315, 51.56097543], [-4.05854785, 51.5619899], [-4.05847812, 51.56306541], [-4.05795622, 51.56380391], [-4.05703211, 51.56422985], [-4.05588436, 51.56451535], [-4.05474055, 51.56448841], [-4.05370462, 51.56423497], [-4.05291724, 51.56412601], [-4.05234015, 51.56417525], [-4.05199671, 51.56434774], [-4.05169845, 51.56461096], [-4.05119824, 51.56488061], [-4.05056918, 51.56507897], [-4.04998493, 51.56527483], [-4.04935014, 51.56549406], [-4.04845548, 51.56569338], [-4.0472697, 51.56561327], [-4.04594564, 51.56521118], [-4.04515505, 51.56519973], [-4.04398596, 51.5658164], [-4.04326224, 51.56615925], [-4.04294586, 51.56635904], [-4.04279983, 51.56657565], [-4.04265034, 51.56682551], [-4.04251277, 51.56705356], [-4.04228878, 51.56721115], [-4.04184842, 51.56732631], [-4.04107344, 51.56745851], [-4.03995645, 51.56758916], [-4.03880584, 51.56773472], [-4.03768933, 51.56786537], [-4.03691614, 51.56799698], [-4.03647804, 51.56810951], [-4.03625333, 51.56826234], [-4.03610063, 51.56849015], [-4.03590775, 51.56876397], [-4.03571045, 51.5690577], [-4.03546703, 51.56936514], [-4.03516936, 51.56967485], [-4.03473413, 51.56991494], [-4.03425133, 51.56996405], [-4.03377974, 51.56986201], [-4.03332067, 51.56974435], [-4.0328207, 51.56951022], [-4.03250754, 51.56943095], [-4.03228581, 51.56929696], [-4.03211844, 51.56912518], [-4.03186631, 51.56897664], [-4.03152037, 51.56881452], [-4.03126073, 51.56853366], [-4.03119004, 51.56813598], [-4.03092372, 51.56763804], [-4.03023195, 51.56716478], [-4.02942514, 51.56683385], [-4.02884042, 51.56654716], [-4.02854872, 51.56631196], [-4.02830505, 51.5661633], [-4.02791536, 51.56606221], [-4.02733862, 51.56592846], [-4.02665913, 51.56573021], [-4.02616501, 51.56538904], [-4.0260421, 51.56497097], [-4.02610385, 51.56460238], [-4.02602494, 51.56428742], [-4.02577448, 51.56399202], [-4.02533615, 51.56372857], [-4.02484035, 51.56353748], [-4.02435064, 51.56334877], [-4.02168858, 51.56336462], [-4.02126646, 51.56354523], [-4.02078891, 51.56369436], [-4.02013314, 51.56384921], [-4.01920187, 51.56398082], [-4.01807118, 51.56406724], [-4.01673496, 51.56402254], [-4.01557481, 51.56392574], [-4.01461685, 51.56408274], [-4.01405013, 51.56474686], [-4.01391113, 51.56576598], [-4.01386046, 51.56651485], [-4.01349938, 51.56690097], [-4.012977, 51.56706154], [-4.01261675, 51.56719506], [-4.01235867, 51.56736183], [-4.01190281, 51.56747401], [-4.0111742, 51.56745803], [-4.01051354, 51.56733322], [-4.01000273, 51.56719005], [-4.00956285, 51.56703925], [-4.00910544, 51.56690681], [-4.00854445, 51.56675541], [-4.00784326, 51.56657624], [-4.00710225, 51.56632233], [-4.00711071, 51.56595254], [-4.00618732, 51.56568623], [-4.00531077, 51.56545126], [-4.00476384, 51.56516266], [-4.00447607, 51.56484878], [-4.00394523, 51.56457007], [-4.00312984, 51.56437326], [-4.00232983, 51.56418371], [-3.99838495, 51.56414461], [-3.99776626, 51.56396651], [-3.99712443, 51.56382382], [-3.99657845, 51.56368005], [-3.99612677, 51.56354892], [-3.9956938, 51.56340432], [-3.99516082, 51.56326628], [-3.99437594, 51.56311107], [-3.99337268, 51.56296873], [-3.99258447, 51.56285143], [-3.99201524, 51.56284916], [-3.99146926, 51.56296146], [-3.99085844, 51.56310213], [-3.99027622, 51.56327522], [-3.98969543, 51.5634793], [-3.98909366, 51.56373274], [-3.98857713, 51.56393921], [-3.98805284, 51.56415665], [-3.98724794, 51.5644443], [-3.98595047, 51.56477964], [-3.98449612, 51.56486285], [-3.98355901, 51.56466186], [-3.98317444, 51.56439698], [-3.98295736, 51.56421757], [-3.98270035, 51.56412387], [-3.98227167, 51.56384444], [-3.98158812, 51.56401718], [-3.98083305, 51.56425035], [-3.98017347, 51.56450856], [-3.97980285, 51.56496775], [-3.97962594, 51.56567323], [-3.97943485, 51.56625497], [-3.97910774, 51.56664217], [-3.97843277, 51.56685174], [-3.97746074, 51.56681335], [-3.97649157, 51.56662524], [-3.97560191, 51.56655073], [-3.97461498, 51.56656384], [-3.97329485, 51.56641281], [-3.97190344, 51.56605101], [-3.97076452, 51.56576741], [-3.97009826, 51.56569886], [-3.9698348, 51.56597912], [-3.96984863, 51.56650507], [-3.97007894, 51.56687713], [-3.97052193, 51.56706011], [-3.97122073, 51.56721008], [-3.97218645, 51.56739557], [-3.97319257, 51.56764567], [-3.97416222, 51.56785023], [-3.9746083, 51.56802166], [-3.97507977, 51.56820834], [-3.97548795, 51.56846905], [-3.97577906, 51.56871808], [-3.9761492, 51.5688858], [-3.97669566, 51.56900263], [-3.97724235, 51.56913304], [-3.97772467, 51.56925964], [-3.97816575, 51.56939983], [-3.97859883, 51.56953228], [-3.97907221, 51.56969714], [-3.97966325, 51.56990266], [-3.98040354, 51.57016492], [-3.98113096, 51.57037044], [-3.98170948, 51.57053375], [-3.98226237, 51.57066095], [-3.98302042, 51.57079136], [-3.98403633, 51.57091868], [-3.98499692, 51.57110202], [-3.98598564, 51.57137835], [-3.98702872, 51.57175624], [-3.98790252, 51.5720309], [-3.98851371, 51.57221401], [-3.98897576, 51.57235205], [-3.98939633, 51.57251692], [-3.99110353, 51.57257521], [-3.99190271, 51.57275355], [-3.99275434, 51.57289422], [-3.99341154, 51.57302904], [-3.9938246, 51.57314408], [-3.99403775, 51.57328641], [-3.9941715, 51.57345676], [-3.9944036, 51.57360554], [-3.99479282, 51.57377136], [-3.99524283, 51.57405138], [-3.99565327, 51.57442355], [-3.99609911, 51.57484341], [-3.99650764, 51.57521272], [-3.99698782, 51.57550287], [-3.99749827, 51.57572377], [-3.99794877, 51.57598984], [-3.99825478, 51.57632017], [-3.99851131, 51.57675076], [-3.99872208, 51.57726598], [-3.99888504, 51.57768774], [-3.99886835, 51.57800496], [-3.99872804, 51.57827961], [-3.99872124, 51.57854843], [-3.99890423, 51.57882023], [-3.99890387, 51.58455312], [-3.99872148, 51.58533084], [-3.99872935, 51.58624256], [-3.99887025, 51.58706045], [-3.99888384, 51.58790731], [-3.99870837, 51.5888828], [-3.99847555, 51.59000981], [-3.99821866, 51.59076488], [-3.99802744, 51.59116054], [-3.99793601, 51.59143913], [-3.99799335, 51.59176004], [-3.99798214, 51.59214711], [-3.99782515, 51.59248972], [-3.99763215, 51.59273565], [-3.99738133, 51.59287465], [-3.99708605, 51.59296095], [-3.99684596, 51.59309578], [-3.99665546, 51.59331572], [-3.99643791, 51.59358764], [-3.99622715, 51.59389305], [-3.99599552, 51.59424853], [-3.99578285, 51.59464586], [-3.99555075, 51.59499621], [-3.99532104, 51.59529471], [-3.99503505, 51.59557235], [-3.99503696, 51.59610474], [-3.99468851, 51.59621155], [-3.99426591, 51.59636855], [-3.99381137, 51.59665561], [-3.99340153, 51.59703481], [-3.99298322, 51.59743845], [-3.99268961, 51.59773195], [-3.99243534, 51.59788096], [-3.99215925, 51.59798026], [-3.99190521, 51.5982033], [-3.99161077, 51.59863818], [-3.99118936, 51.59918547], [-3.9907732, 51.59969676], [-3.99031615, 51.60004616], [-3.98991942, 51.60021985], [-3.98966455, 51.60036445], [-3.98948348, 51.6005789], [-3.98924267, 51.60086942], [-3.98892486, 51.60123122], [-3.98851895, 51.60162687], [-3.9882102, 51.60192645], [-3.98793554, 51.60208845], [-3.98764753, 51.60217965], [-3.987432, 51.60230911], [-3.98730755, 51.60249996], [-3.98641145, 51.60320175], [-3.98629951, 51.60341096], [-3.98585105, 51.60369003], [-3.98551464, 51.60375965], [-3.98313415, 51.60514092], [-3.98252797, 51.6053406], [-3.98190522, 51.60558772], [-3.98137045, 51.60578155], [-3.98085678, 51.60597396], [-3.98017144, 51.60624194], [-3.97918928, 51.60665011], [-3.97807014, 51.6070652], [-3.97692692, 51.60749984], [-3.9759351, 51.60783625], [-3.97516835, 51.60811257], [-3.97461426, 51.60830235], [-3.97406876, 51.60851455], [-3.97326457, 51.60885596], [-3.97215497, 51.60934532], [-3.97119272, 51.60968637], [-3.97055757, 51.60987866], [-3.97007954, 51.60999918], [-3.96951723, 51.6101644], [-3.96869886, 51.61043596], [-3.96765792, 51.61084282], [-3.96646404, 51.61119962], [-3.96489167, 51.61147106], [-3.96293855, 51.61153567], [-3.96128082, 51.61142683], [-3.96073043, 51.61135745], [-3.96011925, 51.61153555], [-3.95945275, 51.6116786], [-3.95879126, 51.61182272], [-3.95811355, 51.61195421], [-3.95745146, 51.61209714], [-3.95673954, 51.61222863], [-3.95596564, 51.61237276], [-3.9551028, 51.61251557], [-3.95432258, 51.61269367], [-3.94292665, 51.61275315], [-3.94181383, 51.61292946], [-3.94050217, 51.61307013], [-3.93928981, 51.6132133], [-3.93814695, 51.61335385], [-3.93720806, 51.61353016], [-3.93071067, 51.61353075], [-3.92992413, 51.61335254], [-3.92908287, 51.61320901], [-3.92840886, 51.61306453], [-3.92789185, 51.61293495], [-3.92744565, 51.61279964], [-3.92707372, 51.61268163], [-3.92686415, 51.6125375], [-3.92688155, 51.61237001], [-3.92711687, 51.61223507], [-3.92745483, 51.61209416], [-3.92768955, 51.61181712], [-3.92766643, 51.61141431], [-3.9273113, 51.61112237], [-3.92706203, 51.61104083], [-3.92670214, 51.61092293], [-3.92615533, 51.61066556], [-3.925843, 51.61033273], [-3.92563462, 51.6099081], [-3.9253906, 51.60944343], [-3.92482793, 51.60914695], [-3.92387891, 51.60898745], [-3.92294121, 51.60883272], [-3.91705143, 51.60895121], [-3.91594851, 51.60943425], [-3.91507995, 51.60972214], [-3.91449225, 51.60988915], [-3.91401637, 51.61000741], [-3.91345334, 51.61015904], [-3.91269541, 51.61035931], [-3.91184115, 51.61062074], [-3.91103601, 51.61082661], [-3.91033626, 51.61099136], [-3.90965855, 51.61112344], [-3.90901017, 51.61126375], [-3.90834796, 51.61139548], [-3.90769315, 51.61153984], [-3.90695334, 51.61167192], [-3.90606856, 51.61181247], [-3.90501535, 51.61194313], [-3.90408933, 51.61210215], [-3.90322244, 51.61229825], [-3.90236413, 51.61256051], [-3.90158606, 51.61281586], [-3.90098202, 51.61313355], [-3.90047431, 51.61351526], [-3.89985096, 51.61391187], [-3.89925516, 51.61421895], [-3.89873874, 51.61454213], [-3.89824104, 51.61492014], [-3.89759636, 51.61531591], [-3.89698565, 51.61561763], [-3.89652133, 51.61590731], [-3.89623654, 51.61620164], [-3.89595544, 51.61651862], [-3.89554834, 51.61688745], [-3.8949393, 51.61726224], [-3.8944211, 51.61749828], [-3.89413345, 51.61767232], [-3.89400601, 51.61786473], [-3.89342201, 51.6183331], [-3.89301944, 51.61823201], [-3.89259708, 51.61809576], [-3.89204741, 51.61796093], [-3.89115703, 51.61781347], [-3.88988137, 51.61767852], [-3.88864517, 51.61753297], [-3.88746357, 51.61739945], [-3.88646674, 51.61725545], [-3.88552833, 51.61712384], [-3.88465774, 51.61697984], [-3.88378203, 51.61683703], [-3.88301444, 51.61665893], [-3.87723446, 51.61671281], [-3.87654674, 51.61705375], [-3.87588847, 51.61727285], [-3.87508154, 51.61739731], [-3.87408304, 51.61740816], [-3.87326956, 51.61737013], [-3.87261724, 51.61738694], [-3.87199211, 51.61736512], [-3.87145174, 51.61729026], [-3.87098312, 51.61727536], [-3.87054074, 51.61730134], [-3.87010205, 51.61725235], [-3.8671875, 51.6171875], [-3.86606646, 51.6171875], [-3.86561787, 51.61746645], [-3.86083007, 51.61749828], [-3.8598814, 51.61768675], [-3.85876155, 51.61783123], [-3.85766733, 51.61793721], [-3.85659885, 51.61794448], [-3.85575473, 51.61790812], [-3.85491061, 51.61796391], [-3.85383904, 51.61807811], [-3.85272682, 51.61822593], [-3.85156631, 51.61835682], [-3.8505882, 51.61848855], [-3.84981501, 51.61862504], [-3.84936607, 51.61886382], [-3.84894598, 51.61922956], [-3.84809363, 51.61956131], [-3.84687626, 51.61976361], [-3.84592915, 51.61991942], [-3.84531391, 51.62009025], [-3.84489787, 51.62035632], [-3.84465814, 51.62068033], [-3.84447336, 51.62103903], [-3.84427154, 51.62138724], [-3.84382451, 51.62160683], [-3.84300423, 51.62173295], [-3.84197152, 51.621876], [-3.84074604, 51.62207007], [-3.83962023, 51.62234974], [-3.83867276, 51.62262785], [-3.83790195, 51.62291002], [-3.83732676, 51.62310874], [-3.83687842, 51.62325215], [-3.83652687, 51.62335527], [-3.83629131, 51.62350154], [-3.83611381, 51.62374687], [-3.83590245, 51.62408936], [-3.83569193, 51.62448871], [-3.83545744, 51.62484705], [-3.83524477, 51.62517273], [-3.83502615, 51.62551141], [-3.83483553, 51.62583816], [-3.83459675, 51.62603986], [-3.83430672, 51.6261816], [-3.83406436, 51.62645388], [-3.83387184, 51.62691963], [-3.83366871, 51.62741232], [-3.83351314, 51.62791693], [-3.83288038, 51.62837672], [-3.83241034, 51.62829244], [-3.83195364, 51.62816966], [-3.83156824, 51.62801063], [-3.83135223, 51.62772095], [-3.83136225, 51.62732136], [-3.83157766, 51.62705314], [-3.83188617, 51.62688911], [-3.83214057, 51.62661326], [-3.83233666, 51.62612915], [-3.83255494, 51.62557733], [-3.83276534, 51.62500131], [-3.83299911, 51.62450755], [-3.83321667, 51.62407935], [-3.83345127, 51.62373316], [-3.83366084, 51.62343943], [-3.8338716, 51.62317264], [-3.83404827, 51.62295103], [-3.83428371, 51.62280405], [-3.83463693, 51.62269652], [-3.83509254, 51.62255323], [-3.83568084, 51.62236083], [-3.83645403, 51.62208664], [-3.83733726, 51.62179554], [-3.83825314, 51.62143171], [-3.83921325, 51.62129104], [-3.8399049, 51.62096655], [-3.84054303, 51.62075496], [-3.84126616, 51.62058616], [-3.84211087, 51.62040317], [-3.84274995, 51.62014484], [-3.84307873, 51.6199007], [-3.84331667, 51.61974692], [-3.84357715, 51.61965096], [-3.84379995, 51.61951101], [-3.8440001, 51.61928833], [-3.84426415, 51.61902165], [-3.84430802, 51.61649263], [-3.84461486, 51.61640525], [-3.84491754, 51.61629403], [-3.84513867, 51.61608124], [-3.84529996, 51.61578894], [-3.84552038, 51.61558557], [-3.84580338, 51.61547744], [-3.84604335, 51.61534131], [-3.84624231, 51.61508775], [-3.84647751, 51.61468565], [-3.84670246, 51.61416721], [-3.84688985, 51.61367786], [-3.84688985, 51.61316311], [-3.84670246, 51.61252666], [-3.84647727, 51.61176384], [-3.84624207, 51.61121118], [-3.84604383, 51.61091554], [-3.84580505, 51.61079204], [-3.84552336, 51.61073315], [-3.84530056, 51.61061215], [-3.84512556, 51.61035001], [-3.84487367, 51.60990465], [-3.84447515, 51.60929847], [-3.84384394, 51.60875773], [-3.84317994, 51.60840654], [-3.84211481, 51.60778117], [-3.84197044, 51.60734773], [-3.84178317, 51.6070106], [-3.8415997, 51.60677671], [-3.84130216, 51.60660422], [-3.84079194, 51.60637212], [-3.84016931, 51.60598707], [-3.83967257, 51.60560012], [-3.83920145, 51.60530198], [-3.83874488, 51.60512423], [-3.83828104, 51.6049726], [-3.83772564, 51.60478234], [-3.83699214, 51.60447133], [-3.83608413, 51.60406745], [-3.83506608, 51.60357845], [-3.83436418, 51.60323918], [-3.83396876, 51.60292232], [-3.83357143, 51.60244083], [-3.83300936, 51.60187304], [-3.83259296, 51.60142922], [-3.83233094, 51.60112238], [-3.83216298, 51.6009078], [-3.83190692, 51.60075176], [-3.83142984, 51.60056317], [-3.83075702, 51.60025454], [-3.83029926, 51.60020423], [-3.8296957, 51.59992957], [-3.82889485, 51.59956765], [-3.82789862, 51.59908235], [-3.82712626, 51.59874892], [-3.82657886, 51.59854305], [-3.82603717, 51.59835207], [-3.82533264, 51.59805214], [-3.82444048, 51.59765136], [-3.82340324, 51.59714377], [-3.82260501, 51.59675455], [-3.82202864, 51.59639204], [-3.82143676, 51.59594464], [-3.82055867, 51.59539366], [-3.81961584, 51.59487593], [-3.81876171, 51.59434485], [-3.81827354, 51.59397161], [-3.81792521, 51.59375477], [-3.81744075, 51.59352291], [-3.81683576, 51.59314621], [-3.81633353, 51.59276521], [-3.81585693, 51.59247351], [-3.8154608, 51.59230495], [-3.81522012, 51.59215498], [-3.81510127, 51.59196603], [-3.81477892, 51.59160936], [-3.81462514, 51.59116948], [-3.8143903, 51.59080195], [-3.81408286, 51.59049177], [-3.81365287, 51.59024131], [-3.81324792, 51.59008515], [-3.81297827, 51.58992887], [-3.81279421, 51.58970678], [-3.81259143, 51.58943725], [-3.81239164, 51.58914888], [-3.81214213, 51.58885336], [-3.81183422, 51.58855832], [-3.81140745, 51.58829927], [-3.81101155, 51.58811355], [-3.81076348, 51.58789325], [-3.81060457, 51.58760774], [-3.81036603, 51.58738267], [-3.80999446, 51.58719182], [-3.80959845, 51.58694267], [-3.80925834, 51.58670545], [-3.80874527, 51.58653462], [-3.80797934, 51.58636856], [-3.80733383, 51.58611262], [-3.80695081, 51.58581603], [-3.80663943, 51.58551705], [-3.80666637, 51.58523262], [-3.80635786, 51.58515203], [-3.80604053, 51.58506906], [-3.80577505, 51.58492303], [-3.80555546, 51.58468986], [-3.80539167, 51.58440483], [-3.80552244, 51.58410335], [-3.80606425, 51.58382344], [-3.80678678, 51.58358955], [-3.80730236, 51.58331454], [-3.80739236, 51.58301663], [-3.80724633, 51.58271325], [-3.80728197, 51.582479], [-3.80729306, 51.58240592], [-3.80775261, 51.58212781], [-3.80854225, 51.58194375], [-3.80958271, 51.58183372], [-3.8108139, 51.58183432], [-3.81177855, 51.58187556], [-3.81260025, 51.5818032], [-3.81350815, 51.58162522], [-3.81431282, 51.58137655], [-3.81489575, 51.58118367], [-3.8154335, 51.58097541], [-3.81621861, 51.58061326], [-3.81738412, 51.57998335], [-3.81815541, 51.57982993], [-3.81827736, 51.57953262], [-3.81826973, 51.57921576], [-3.81805933, 51.57899165], [-3.81764495, 51.57885206], [-3.81707108, 51.57874823], [-3.81641936, 51.57874596], [-3.81588244, 51.57884038], [-3.81550837, 51.57896054], [-3.81521285, 51.57917726], [-3.81473267, 51.57957935], [-3.81385624, 51.58008766], [-3.81285608, 51.58042371], [-3.81176054, 51.58057892], [-3.81047475, 51.58056521], [-3.80936086, 51.58047271], [-3.8083986, 51.58046603], [-3.8076272, 51.58054352], [-3.80696416, 51.58055067], [-3.80643046, 51.58044875], [-3.80597425, 51.58031344], [-3.80550945, 51.58014035], [-3.80496013, 51.57993305], [-3.80431902, 51.57967413], [-3.80370152, 51.57946801], [-3.80360341, 51.57942867], [-3.80327988, 51.57900381], [-3.80285013, 51.57851481], [-3.8024379, 51.57803786], [-3.80198956, 51.57770216], [-3.80159342, 51.57753205], [-3.80130005, 51.57736552], [-3.80100095, 51.57706225], [-3.80060387, 51.57660496], [-3.80028677, 51.5761075], [-3.80003774, 51.57566655], [-3.79984355, 51.57530403], [-3.79959595, 51.57509506], [-3.79929113, 51.57498646], [-3.79907656, 51.57485807], [-3.79906654, 51.57468986], [-3.79928255, 51.57454395], [-3.79966736, 51.57441616], [-3.80011988, 51.57425106], [-3.80425036, 51.57429206], [-3.80438316, 51.57378495], [-3.80439234, 51.57322896], [-3.80419326, 51.57287872], [-3.8037281, 51.57271385], [-3.80293524, 51.57258904], [-3.80187798, 51.57247186], [-3.8009634, 51.57233202], [-3.8002305, 51.57219851], [-3.79967236, 51.57205892], [-3.79920971, 51.57194412], [-3.79878557, 51.57182491], [-3.79841483, 51.57166564], [-3.79812872, 51.57130253], [-3.79788554, 51.57067633], [-3.7977072, 51.57002151], [-3.79793477, 51.56941235], [-3.79887414, 51.5690248], [-3.80031157, 51.56894708], [-3.80150223, 51.56908965], [-3.80250275, 51.56932211], [-3.80356646, 51.56960535], [-3.80470037, 51.5698179], [-3.80562961, 51.56997383], [-3.80645931, 51.57007205], [-3.80684352, 51.57028592], [-3.80733335, 51.57038045], [-3.80788243, 51.57050574], [-3.80849898, 51.57062995], [-3.80909705, 51.57080042], [-3.80978572, 51.57106507], [-3.8106842, 51.5714879], [-3.81169975, 51.57196903], [-3.81285405, 51.57255018], [-3.81388974, 51.57308912], [-3.81473815, 51.57363164], [-3.81518912, 51.57401717], [-3.81550646, 51.57424235], [-3.81603634, 51.57443392], [-3.81690574, 51.57463646], [-3.81789064, 51.57464683], [-3.81854737, 51.57441962], [-3.81870616, 51.57410955], [-3.81855977, 51.57382274], [-3.81835747, 51.57359684], [-3.81801546, 51.57340443], [-3.81732547, 51.57310212], [-3.81626058, 51.57258391], [-3.81509304, 51.57200325], [-3.81374276, 51.57126975], [-3.81297827, 51.57098651], [-3.81175101, 51.57031715], [-3.81074154, 51.56987953], [-3.8097018, 51.56957758], [-3.80858195, 51.56939256], [-3.80768394, 51.56924784], [-3.80696011, 51.56912601], [-3.8063308, 51.56899166], [-3.80566394, 51.56886196], [-3.80488145, 51.56869662], [-3.80382454, 51.56848454], [-3.80252588, 51.56820714], [-3.80107164, 51.56798923], [-3.79977667, 51.56786752], [-3.7985512, 51.56793654], [-3.79757667, 51.56818747], [-3.79685783, 51.56846666], [-3.79622531, 51.5687685], [-3.79563475, 51.56905103], [-3.79495275, 51.56939065], [-3.79398525, 51.56976306], [-3.7924118, 51.57011735], [-3.79048276, 51.57011163], [-3.78909338, 51.56963491], [-3.78833485, 51.56890225], [-3.78800154, 51.56843066], [-3.78767955, 51.56832755], [-3.78740776, 51.56809223], [-3.78710735, 51.56767702], [-3.78670478, 51.56721032], [-3.78638423, 51.56680763], [-3.786134, 51.56644237], [-3.78594494, 51.56611037], [-3.78571522, 51.56590974], [-3.78543806, 51.56578887], [-3.78521574, 51.56559265], [-3.78503072, 51.56526303], [-3.78474975, 51.56487834], [-3.78431356, 51.56440425], [-3.78371978, 51.56382251], [-3.78329885, 51.5633409], [-3.78299785, 51.56309354], [-3.78271627, 51.56298864], [-3.78249335, 51.56286311], [-3.78231084, 51.56265223], [-3.78209603, 51.56238472], [-3.78188801, 51.56208241], [-3.78165543, 51.56173003], [-3.78142452, 51.56132734], [-3.78113771, 51.56094253], [-3.78110385, 51.56011927], [-3.78080785, 51.56005228], [-3.78050482, 51.55998194], [-3.7802366, 51.55982256], [-3.77993464, 51.55948496], [-3.77953064, 51.55894661], [-3.77920961, 51.55832934], [-3.77895987, 51.5578196], [-3.7787714, 51.55744565], [-3.77854002, 51.55725074], [-3.77825487, 51.55714345], [-3.77801764, 51.55694485], [-3.77782953, 51.55657065], [-3.77761853, 51.55608451], [-3.77741468, 51.55554044], [-3.77716517, 51.55510116], [-3.77685904, 51.55476975], [-3.77643263, 51.55452228], [-3.77602982, 51.55437541], [-3.77576005, 51.55422318], [-3.77557111, 51.55398226], [-3.77535725, 51.55364263], [-3.77514851, 51.5532428], [-3.77492976, 51.55288506], [-3.77476585, 51.55257106], [-3.77442277, 51.55212116], [-3.77429247, 51.55146825], [-3.77406895, 51.55111468], [-3.77377784, 51.55098462], [-3.77353513, 51.55086386], [-3.77334237, 51.55064106], [-3.77312398, 51.55030513], [-3.77291298, 51.54988396], [-3.77267897, 51.54945672], [-3.77246177, 51.54903758], [-3.77222765, 51.54868412], [-3.77201653, 51.54838431], [-3.77179837, 51.54811752], [-3.77160776, 51.54790246], [-3.77136946, 51.54776704], [-3.77108121, 51.54765725], [-3.77084291, 51.54744613], [-3.77065217, 51.54710412], [-3.7704339, 51.54675865], [-3.77022123, 51.54645205], [-3.7699846, 51.54616725], [-3.7697674, 51.54588854], [-3.76954651, 51.54561901], [-3.76937604, 51.54537761], [-3.76921284, 51.54517508], [-3.76866984, 51.54517555], [-3.76826024, 51.54481995], [-3.76797044, 51.54450238], [-3.76772726, 51.54421127], [-3.76752412, 51.54392803], [-3.76731205, 51.54365695], [-3.76712275, 51.54343283], [-3.76688552, 51.54329395], [-3.76660323, 51.54320514], [-3.76637912, 51.54306865], [-3.76619911, 51.54284191], [-3.76593614, 51.54254437], [-3.76552844, 51.54219472], [-3.76492834, 51.54183924], [-3.76441014, 51.54154098], [-3.76403427, 51.54104424], [-3.76361871, 51.54017794], [-3.7631005, 51.53925622], [-3.76286674, 51.53851903], [-3.76286757, 51.53803694], [-3.76280165, 51.53767324], [-3.76266253, 51.53734934], [-3.76242554, 51.53714812], [-3.76210904, 51.53705001], [-3.76179457, 51.53697038], [-3.76179504, 51.53645802], [-3.76212466, 51.53637552], [-3.76245046, 51.53616631], [-3.76265538, 51.53560114], [-3.76265025, 51.5347352], [-3.76243985, 51.53418231], [-3.76213312, 51.53394556], [-3.76187885, 51.53368533], [-3.76168227, 51.53321171], [-3.7614634, 51.53260446], [-3.76125205, 51.53187728], [-3.76101863, 51.53116572], [-3.76080656, 51.53046036], [-3.76058805, 51.52991903], [-3.76039708, 51.52954984], [-3.76015878, 51.52936101], [-3.75987065, 51.52921355], [-3.75963235, 51.52887285], [-3.75944173, 51.52828884], [-3.75922334, 51.52773595], [-3.75901043, 51.52726185], [-3.75877321, 51.52684796], [-3.75855541, 51.52643251], [-3.75833595, 51.52601576], [-3.75817335, 51.52556121], [-3.75783133, 51.52521515], [-3.75770092, 51.52504086], [-3.75747704, 51.52491558], [-3.75718546, 51.52476895], [-3.75694311, 51.52441716], [-3.75675321, 51.52382696], [-3.75654221, 51.52326942], [-3.75633884, 51.52278447], [-3.75608945, 51.52235222], [-3.75578332, 51.5219382], [-3.75535727, 51.52162671], [-3.75495517, 51.52144325], [-3.75468552, 51.52122605], [-3.75449216, 51.52086008], [-3.75426531, 51.52037776], [-3.75403917, 51.51979661], [-3.7538377, 51.51924145], [-3.75381863, 51.51876271], [-3.75402701, 51.51849997], [-3.75434315, 51.51833773], [-3.75455451, 51.51800311], [-3.75454116, 51.51738954], [-3.75434184, 51.51670265], [-3.75409245, 51.51599216], [-3.75378263, 51.5153923], [-3.75368774, 51.51409376], [-3.75344527, 51.51373446], [-3.75324881, 51.51339424], [-3.75294805, 51.51314712], [-3.75243187, 51.51289415], [-3.75181925, 51.51251841], [-3.75140393, 51.51214981], [-3.75113881, 51.51185167], [-3.75095904, 51.51163864], [-3.75073552, 51.51150978], [-3.75045335, 51.51136422], [-3.75021625, 51.51101196], [-3.75002766, 51.51043725], [-3.74981642, 51.50994897], [-3.74961257, 51.50959992], [-3.74936306, 51.50930774], [-3.74905694, 51.50902486], [-3.74863052, 51.50877786], [-3.74822772, 51.50862205], [-3.74795795, 51.50846505], [-3.74776888, 51.50822258], [-3.74755514, 51.50788307], [-3.74734616, 51.50748372], [-3.74712765, 51.50712621], [-3.74696374, 51.50681233], [-3.74736786, 51.50648773], [-3.74766123, 51.50603807], [-3.74806905, 51.50571394], [-3.74845743, 51.50554335], [-3.74874854, 51.50537574], [-3.74906754, 51.50508702], [-3.74956703, 51.50467694], [-3.74970102, 51.50390625], [-3.75014877, 51.50390625], [-3.75021434, 51.50338721], [-3.74913836, 51.50319576], [-3.74804532, 51.50316322], [-3.74725354, 51.50324762], [-3.74672163, 51.50327325], [-3.74630475, 51.50319207], [-3.74597394, 51.50304866], [-3.74576533, 51.50275493], [-3.74561095, 51.50226808], [-3.74533212, 51.50172663], [-3.74478424, 51.50112212], [-3.74386716, 51.50054801], [-3.74298465, 51.50021517], [-3.74236071, 51.50004196], [-3.74186861, 51.49992776], [-3.74127924, 51.49976075], [-3.74042881, 51.49949837], [-3.73940802, 51.49914384], [-3.73844743, 51.49889636], [-3.73749888, 51.49867928], [-3.73638678, 51.49828768], [-3.73542261, 51.49751854], [-3.73506844, 51.49660337], [-3.73518133, 51.49590301], [-3.73539472, 51.49533725], [-3.73476946, 51.49502575], [-3.73416746, 51.49482918], [-3.73354185, 51.49458611], [-3.73298562, 51.49439192], [-3.73242784, 51.49417865], [-3.7317276, 51.49384785], [-3.73094356, 51.49335587], [-3.73044932, 51.49297357], [-3.73014212, 51.4927839], [-3.72987151, 51.49267435], [-3.72965646, 51.49247563], [-3.72947597, 51.49214435], [-3.72925925, 51.49180233], [-3.72904634, 51.49147534], [-3.72881377, 51.49111795], [-3.72860944, 51.49072313], [-3.72840595, 51.49038982], [-3.72822165, 51.49014866], [-3.72792578, 51.48996806], [-3.72742665, 51.48973453], [-3.72684693, 51.48937273], [-3.72644007, 51.48905957], [-3.72602654, 51.48886538], [-3.72541964, 51.48870516], [-3.72472155, 51.48847711], [-3.72475624, 51.48782194], [-3.72532904, 51.48758233], [-3.72577131, 51.48737836], [-3.72599876, 51.48708332], [-3.72598815, 51.48668587], [-3.72577691, 51.48641956], [-3.72547102, 51.48626995], [-3.72518575, 51.48604655], [-3.72487533, 51.48565423], [-3.72447014, 51.48519802], [-3.7241503, 51.48475683], [-3.72390366, 51.48424697], [-3.72372413, 51.4836812], [-3.72350943, 51.4833461], [-3.72323227, 51.48321187], [-3.72293246, 51.48305416], [-3.72251201, 51.48270345], [-3.72192216, 51.48213863], [-3.72149837, 51.48149765], [-3.72124207, 51.48076665], [-3.7210716, 51.47994888], [-3.72076607, 51.47941196], [-3.72015822, 51.47902715], [-3.71935225, 51.47854292], [-3.71871555, 51.47806573], [-3.71865571, 51.47795761], [-3.71467733, 51.47796965], [-3.71414554, 51.47774768], [-3.71354377, 51.47747815], [-3.71292615, 51.47708833], [-3.71252406, 51.47671318], [-3.71226764, 51.47640824], [-3.71209157, 51.47618234], [-3.71187437, 51.47604787], [-3.71160686, 51.47595596], [-3.7113837, 51.47580278], [-3.71116114, 51.47555566], [-3.71077275, 51.47529054], [-3.71013105, 51.47510338], [-3.70899212, 51.47495747], [-3.70735145, 51.47483695], [-3.70593727, 51.47467232], [-3.70478153, 51.47441804], [-3.70395255, 51.47402585], [-3.70353735, 51.4736433], [-3.70333254, 51.47332621], [-3.70322382, 51.47308743], [-3.70303547, 51.47296906], [-3.70258582, 51.47299433], [-3.70167506, 51.47311711], [-3.70023406, 51.47323346], [-3.69965684, 51.47330761], [-3.69998622, 51.47338915], [-3.70031154, 51.47359812], [-3.70051551, 51.47416484], [-3.70050406, 51.47503805], [-3.70027804, 51.47560453], [-3.69995356, 51.47584462], [-3.69973063, 51.47604227], [-3.69973052, 51.47630465], [-3.69995391, 51.47650075], [-3.70028114, 51.47661996], [-3.70051265, 51.47675335], [-3.70052445, 51.47691917], [-3.70029366, 51.47706807], [-3.69988275, 51.47723341], [-3.69943321, 51.47750115], [-3.69904673, 51.47783685], [-3.69860876, 51.47821331], [-3.69274652, 51.47820675], [-3.69229305, 51.47802615], [-3.6918416, 51.47788262], [-3.69140625, 51.47774637], [-3.6910187, 51.47764277], [-3.69069445, 51.47754312], [-3.69072115, 51.47460055], [-3.68924975, 51.47423053], [-3.68793142, 51.47409737], [-3.68723011, 51.47418356], [-3.68698311, 51.47435296], [-3.68681562, 51.47450197], [-3.68661034, 51.47472155], [-3.68643522, 51.47524703], [-3.68618631, 51.47603357], [-3.68552673, 51.47646534], [-3.68434691, 51.47631085], [-3.68322802, 51.47568238], [-3.68262911, 51.47502804], [-3.68229175, 51.47465742], [-3.68192816, 51.47446001], [-3.68154621, 51.47421765], [-3.68127835, 51.4738872], [-3.68106103, 51.47344637], [-3.68081856, 51.47295988], [-3.68032765, 51.47269416], [-3.67955303, 51.47274566], [-3.67889643, 51.47307634], [-3.67852747, 51.47351456], [-3.67830074, 51.47389698], [-3.67816865, 51.47422194], [-3.67753994, 51.47454524], [-3.6770488, 51.47471702], [-3.67661476, 51.47498095], [-3.67632103, 51.47530115], [-3.67608011, 51.47567105], [-3.675879, 51.47607791], [-3.67566931, 51.47641957], [-3.67548764, 51.47665513], [-3.67526782, 51.47678494], [-3.67500257, 51.47689211], [-3.674739, 51.47713387], [-3.67434823, 51.47756815], [-3.67364955, 51.47802174], [-3.67280567, 51.47830343], [-3.67187762, 51.47847557], [-3.67078078, 51.47859752], [-3.66968048, 51.47873116], [-3.66844904, 51.47886467], [-3.66712284, 51.47901952], [-3.66567326, 51.47916293], [-3.66458344, 51.47928131], [-3.66371477, 51.47928405], [-3.66274667, 51.47916865], [-3.66153038, 51.47901666], [-3.66043782, 51.47882426], [-3.65903413, 51.47878754], [-3.65804672, 51.47857678], [-3.65668464, 51.47835994], [-3.65493596, 51.47810066], [-3.65297222, 51.47790277], [-3.65160894, 51.47774923], [-3.65075111, 51.47762442], [-3.65006578, 51.47745466], [-3.6493206, 51.47719717], [-3.64863896, 51.47682035], [-3.64823914, 51.47650445], [-3.64793611, 51.47631264], [-3.64755666, 51.47614932], [-3.64715767, 51.47589815], [-3.64687061, 51.47560096], [-3.64661443, 51.47529423], [-3.64632452, 51.47498763], [-3.64589095, 51.47471607], [-3.64540291, 51.47453725], [-3.64494205, 51.47440374], [-3.64456654, 51.4743036], [-3.64431667, 51.47416031], [-3.64413607, 51.47391891], [-3.64394188, 51.47357154], [-3.64379132, 51.47313118], [-3.64359045, 51.47299814], [-3.64310515, 51.47282016], [-3.64267385, 51.4725548], [-3.64236462, 51.47225475], [-3.64206207, 51.47195554], [-3.6420269, 51.46790826], [-3.64202392, 51.46756732], [-3.64198911, 51.46356261], [-3.64172876, 51.46330798], [-3.64153576, 51.46310484], [-3.64132345, 51.46298134], [-3.64106131, 51.46283555], [-3.64076304, 51.46243846], [-3.64026225, 51.46170807], [-3.63941646, 51.46097314], [-3.63856101, 51.46046364], [-3.63785601, 51.46003115], [-3.63745415, 51.45965874], [-3.63722241, 51.45930791], [-3.63706875, 51.45897984], [-3.63684022, 51.45876455], [-3.63645875, 51.45858467], [-3.63595676, 51.45827818], [-3.63533604, 51.45782733], [-3.63452876, 51.45732558], [-3.63391638, 51.45701241], [-3.63358521, 51.45680022], [-3.63332868, 51.45655966], [-3.63293481, 51.45630693], [-3.63246942, 51.45612204], [-3.63200104, 51.45597684], [-3.63154125, 51.4558804], [-3.63022733, 51.45512855], [-3.62927091, 51.45492566], [-3.62828708, 51.45467281], [-3.62734973, 51.45447206], [-3.62663257, 51.45428884], [-3.6259948, 51.45408535], [-3.62526906, 51.45382798], [-3.62455177, 51.45362687], [-3.62398434, 51.45346892], [-3.62350166, 51.45334566], [-3.62294745, 51.45320094], [-3.62219834, 51.45300865], [-3.6212697, 51.45270026], [-3.6201725, 51.45229173], [-3.61897922, 51.45175195], [-3.61790955, 51.45127225], [-3.61681438, 51.45079291], [-3.61572766, 51.45033264], [-3.61481082, 51.44982481], [-3.61431324, 51.44945467], [-3.61394155, 51.44921935], [-3.61335528, 51.44892442], [-3.61257875, 51.44844055], [-3.61197257, 51.44796431], [-3.61143446, 51.44752562], [-3.61097574, 51.44747651], [-3.60970485, 51.44689596], [-3.60846293, 51.44638872], [-3.60731614, 51.44588327], [-3.60660446, 51.44557345], [-3.60629261, 51.44537544], [-3.60613954, 51.44515896], [-3.60595584, 51.44490504], [-3.60574901, 51.44463623], [-3.60549331, 51.44435716], [-3.60525405, 51.44403374], [-3.60508192, 51.44360387], [-3.60517633, 51.44308746], [-3.60556805, 51.44269514], [-3.60599422, 51.44244146], [-3.60624504, 51.44208956], [-3.6062746, 51.44155014], [-3.60616124, 51.44105685], [-3.59994221, 51.44111633], [-3.59895623, 51.44092691], [-3.59788883, 51.44073296], [-3.59713078, 51.4404639], [-3.59675813, 51.44016445], [-3.59653246, 51.43986738], [-3.59635556, 51.43957794], [-3.59615564, 51.43930626], [-3.59596896, 51.43908656], [-3.59573126, 51.43895042], [-3.59544873, 51.43884301], [-3.59522593, 51.43863666], [-3.59505022, 51.43829405], [-3.59479547, 51.43792117], [-3.59439242, 51.43753433], [-3.59376442, 51.43714833], [-3.59313953, 51.43684888], [-3.5925914, 51.43651247], [-3.59207356, 51.43607426], [-3.59148967, 51.43557191], [-3.59108984, 51.43521774], [-3.59076846, 51.43503237], [-3.59037888, 51.43484747], [-3.58997703, 51.43445396], [-3.58968925, 51.43385518], [-3.58942556, 51.43343854], [-3.58912766, 51.43313837], [-3.58871162, 51.43288183], [-3.58831584, 51.43271971], [-3.58804834, 51.43256044], [-3.58784854, 51.43233943], [-3.58759606, 51.43207872], [-3.58754241, 51.42949235], [-3.58680356, 51.42924416], [-3.58609521, 51.42906928], [-3.58550572, 51.42890763], [-3.58500695, 51.42872143], [-3.58459961, 51.42846048], [-3.58434343, 51.42821765], [-3.58410895, 51.42806911], [-3.58383536, 51.42797625], [-3.58357334, 51.42781734], [-3.58327007, 51.42751968], [-3.58286536, 51.42712414], [-3.5825448, 51.42676067], [-3.58229578, 51.42646694], [-3.58210826, 51.42625165], [-3.58187795, 51.42612064], [-3.58159471, 51.4259938], [-3.58135796, 51.4257158], [-3.58116806, 51.42526746], [-3.58095014, 51.42486453], [-3.58073795, 51.42452526], [-3.58050156, 51.42412794], [-3.58028448, 51.42356968], [-3.58006597, 51.42285335], [-3.57990408, 51.42190015], [-3.57968664, 51.42169261], [-3.57937038, 51.4215703], [-3.57910776, 51.42126322], [-3.57881701, 51.42068505], [-3.57840061, 51.41999435], [-3.57798743, 51.41934764], [-3.57753134, 51.4189291], [-3.57713151, 51.41873836], [-3.57686925, 51.41859341], [-3.57668757, 51.41838384], [-3.57648778, 51.41812086], [-3.57630217, 51.41784024], [-3.57608688, 51.41755748], [-3.57581055, 51.41726768], [-3.57529902, 51.41695297], [-3.57447398, 51.41656411], [-3.57336056, 51.41601503], [-3.57231343, 51.41547871], [-3.57144523, 51.41493857], [-3.5709722, 51.41457021], [-3.57064354, 51.41436636], [-3.57017636, 51.41413391], [-3.56956065, 51.41368484], [-3.56895375, 51.41308677], [-3.56822205, 51.41242182], [-3.5676614, 51.41243625], [-3.56749892, 51.41212857], [-3.56732905, 51.41176498], [-3.56710911, 51.41142535], [-3.56689274, 51.41112554], [-3.56665695, 51.4108417], [-3.56644511, 51.41055894], [-3.56622708, 51.41028643], [-3.56603706, 51.41006136], [-3.56580055, 51.40992391], [-3.56551695, 51.40984225], [-3.56528676, 51.40971887], [-3.56509924, 51.40949416], [-3.56485057, 51.40913284], [-3.56453025, 51.4085741], [-3.56412566, 51.40782356], [-3.56382072, 51.40704596], [-3.5635519, 51.40661573], [-3.56326807, 51.40645456], [-3.56303811, 51.40626848], [-3.56285024, 51.40587342], [-3.56263006, 51.40525687], [-3.5624181, 51.40448988], [-3.56219924, 51.40391231], [-3.56203592, 51.40350735], [-3.56170535, 51.40324116], [-3.56158125, 51.40290916], [-3.56133735, 51.40268624], [-3.56095266, 51.40246415], [-3.56052995, 51.40205395], [-3.56013656, 51.40150738], [-3.55958664, 51.40108252], [-3.55884182, 51.40085554], [-3.55793345, 51.40070915], [-3.55687857, 51.40059137], [-3.55600047, 51.40045548], [-3.55525172, 51.40032363], [-3.55449653, 51.40017951], [-3.55356467, 51.40005183], [-3.55247855, 51.39992142], [-3.55122483, 51.39979625], [-3.55014336, 51.39959824], [-3.54904735, 51.39925253], [-3.54780865, 51.39873767], [-3.54665804, 51.39831901], [-3.54560745, 51.39800024], [-3.54466212, 51.39780355], [-3.54398465, 51.39765441], [-3.5434978, 51.39752126], [-3.54307401, 51.39735246], [-3.54196382, 51.39729154], [-3.54051983, 51.39709997], [-3.53892744, 51.39694858], [-3.53784502, 51.39683187], [-3.53716743, 51.39682746], [-3.53643906, 51.39693081], [-3.53546751, 51.39706695], [-3.53450346, 51.39728022], [-3.53342175, 51.39763224], [-3.53220034, 51.39812815], [-3.53115535, 51.39847553], [-3.53030217, 51.39867806], [-3.52950263, 51.39880514], [-3.52887785, 51.39893472], [-3.52828336, 51.39905906], [-3.52741456, 51.39920175], [-3.52620411, 51.39934516], [-3.52509201, 51.39952397], [-3.52132678, 51.39952385], [-3.52038097, 51.39934576], [-3.51932597, 51.3992033], [-3.51844442, 51.39906025], [-3.51770544, 51.39893067], [-3.51705086, 51.39878786], [-3.51640224, 51.39864504], [-3.51580465, 51.39846694], [-3.515625, 51.3984375], [-3.51503325, 51.39840806], [-3.51426721, 51.39822972], [-3.51342428, 51.39808667], [-3.51266432, 51.39794314], [-3.51190424, 51.39781356], [-3.51102614, 51.39767444], [-3.50994778, 51.39754283], [-3.50891745, 51.39737904], [-3.50790667, 51.39717615], [-3.50704372, 51.39691818], [-3.50635743, 51.39671183], [-3.50429177, 51.39538741], [-3.50370598, 51.39519596], [-3.50303125, 51.39502394], [-3.50224066, 51.39504862], [-3.50121951, 51.39523375], [-3.50004494, 51.39547753], [-3.49876904, 51.39555585], [-3.49751616, 51.39545345], [-3.49616563, 51.39530504], [-3.49495995, 51.39518285], [-3.49385095, 51.39518416], [-3.49299073, 51.3952713], [-3.49221873, 51.39528036], [-3.49134696, 51.39517486], [-3.49027681, 51.3950392], [-3.48928738, 51.39488876], [-3.48840213, 51.39475203], [-3.4877212, 51.39458752], [-3.48707473, 51.39438713], [-3.48624992, 51.39413524], [-3.48531246, 51.39393544], [-3.48444796, 51.39373601], [-3.48354018, 51.39346755], [-3.48260045, 51.39309287], [-3.48179054, 51.39278471], [-3.48136842, 51.39260745], [-3.48067665, 51.39250684], [-3.48011184, 51.39237118], [-3.47964156, 51.39223671], [-3.47920227, 51.39208734], [-3.47876525, 51.39194405], [-3.47833216, 51.39178431], [-3.47791564, 51.39164996], [-3.47750735, 51.39158106], [-3.47702014, 51.39168465], [-3.47624075, 51.39195764], [-3.47498214, 51.39236105], [-3.47351253, 51.39265776], [-3.47230303, 51.39280105], [-3.47123635, 51.39272976], [-3.47027898, 51.39247262], [-3.46939063, 51.3921895], [-3.46851695, 51.39188755], [-3.46759844, 51.39161372], [-3.46655035, 51.39129841], [-3.46534145, 51.39095485], [-3.46416354, 51.39056027], [-3.46325505, 51.39028704], [-3.46264672, 51.39011681], [-3.46217942, 51.39002121], [-3.46164405, 51.38982606], [-3.46073151, 51.38972616], [-3.46003115, 51.38957036], [-3.45938051, 51.389364], [-3.45855701, 51.38909984], [-3.45761073, 51.38889325], [-3.45670855, 51.38872921], [-3.45573676, 51.38859975], [-3.45465505, 51.38846433], [-3.45336771, 51.38833523], [-3.4521327, 51.38817275], [-3.45077455, 51.38797057], [-3.44927716, 51.38771057], [-3.44767606, 51.38749397], [-3.4463613, 51.38728392], [-3.44038784, 51.38730454], [-3.43996835, 51.38748384], [-3.43946087, 51.38763106], [-3.43869603, 51.38778543], [-3.43758845, 51.38792574], [-3.43635702, 51.38804126], [-3.4349848, 51.38804114], [-3.43375301, 51.38792443], [-3.43261504, 51.38778186], [-3.43174088, 51.38762665], [-3.43105531, 51.38748872], [-3.43052197, 51.38734353], [-3.43003833, 51.38721001], [-3.42949367, 51.38706315], [-3.42888045, 51.38692248], [-3.42834282, 51.38676822], [-3.42786741, 51.38664186], [-3.42731965, 51.38657057], [-3.42654598, 51.38662314], [-3.42562854, 51.38675106], [-3.42506266, 51.3869791], [-3.42482293, 51.38728046], [-3.42460823, 51.38750207], [-3.42427433, 51.38764894], [-3.42386365, 51.38781142], [-3.42342257, 51.38790917], [-3.42282414, 51.38803732], [-3.42217445, 51.38804173], [-3.42152035, 51.38792527], [-3.42078805, 51.38778198], [-3.41992414, 51.38762677], [-3.4188894, 51.38749075], [-3.41791058, 51.38734961], [-3.4167937, 51.38721776], [-3.41530824, 51.38705444], [-3.41341376, 51.38685358], [-3.41201055, 51.38660133], [-3.41121602, 51.38640285], [-3.41060162, 51.38620865], [-3.40988183, 51.38594866], [-3.40919626, 51.38557124], [-3.40878963, 51.38525546], [-3.40851545, 51.38508344], [-3.40825081, 51.38499248], [-3.40803862, 51.38486254], [-3.40785873, 51.38464403], [-3.40761232, 51.38435471], [-3.40729106, 51.38400066], [-3.40687692, 51.38359463], [-3.40654457, 51.38320744], [-3.40629804, 51.38322425], [-3.40556347, 51.38295376], [-3.40502274, 51.38246381], [-3.40473771, 51.38178778], [-3.40454388, 51.38120735], [-3.40430331, 51.38078916], [-3.40374064, 51.38059425], [-3.40279543, 51.38060915], [-3.40187156, 51.38076973], [-3.40098965, 51.38099873], [-3.40013635, 51.38128197], [-3.39939702, 51.38149476], [-3.39884531, 51.38162041], [-3.39836037, 51.38160884], [-3.39772797, 51.38151526], [-3.39678812, 51.38150406], [-3.39624023, 51.38155091], [-3.39556205, 51.38160884], [-3.39404047, 51.3817451], [-3.39270306, 51.38189912], [-3.3915292, 51.38204694], [-3.39059615, 51.38222647], [-3.38004768, 51.38225436], [-3.37960112, 51.38253343], [-3.37249196, 51.38256335], [-3.37205827, 51.3827399], [-3.37153125, 51.38288045], [-3.37075853, 51.38302362], [-3.36972713, 51.38316405], [-3.36877406, 51.38334036], [-3.35690963, 51.38334095], [-3.35630035, 51.38316286], [-3.35553324, 51.38302004], [-3.35452855, 51.38287616], [-3.35332465, 51.38274443], [-3.35243738, 51.38260043], [-3.35182023, 51.38246655], [-3.35116494, 51.382321], [-3.35034525, 51.38218617], [-3.34957898, 51.38204145], [-3.34890938, 51.38191235], [-3.34838343, 51.38178015], [-3.34788585, 51.38165987], [-3.34718788, 51.38148797], [-3.34612501, 51.38119781], [-3.34485602, 51.38071382], [-3.34072983, 51.38061142], [-3.34029615, 51.38078773], [-3.33987534, 51.38092566], [-3.33946145, 51.3810606], [-3.33898366, 51.38118827], [-3.33826256, 51.38137043], [-3.33713365, 51.38164258], [-3.33575285, 51.38201225], [-3.33441937, 51.38228226], [-3.33340895, 51.38249433], [-3.33256996, 51.38274646], [-3.33190656, 51.38310897], [-3.33154237, 51.38342214], [-3.33121991, 51.38364625], [-3.33066654, 51.38390124], [-3.3298856, 51.38425696], [-3.329144, 51.38452494], [-3.32836103, 51.38472676], [-3.32742703, 51.38492155], [-3.32661486, 51.38515544], [-3.32612324, 51.38533556], [-3.32584822, 51.38553774], [-3.32543242, 51.38585281], [-3.32448852, 51.38623071], [-3.32311261, 51.38651931], [-3.32213247, 51.38666356], [-3.32070684, 51.38676286], [-3.31968725, 51.38695765], [-3.31880641, 51.38729727], [-3.31785905, 51.38777113], [-3.31719315, 51.38809538], [-3.31680763, 51.38835037], [-3.31641805, 51.38872206], [-3.31587756, 51.3892101], [-3.31548262, 51.38958144], [-3.3151679, 51.38977456], [-3.31479824, 51.38987517], [-3.31439507, 51.38997996], [-3.31405067, 51.39010203], [-3.31380928, 51.39032996], [-3.31352282, 51.3906939], [-3.31293583, 51.39107025], [-3.31204605, 51.39142644], [-3.31108904, 51.39182293], [-3.31037533, 51.39209855], [-3.30986977, 51.39224815], [-3.30943894, 51.39224434], [-3.30901241, 51.39211941], [-3.30857456, 51.39196301], [-3.30813015, 51.39176917], [-3.30518925, 51.39173412], [-3.30404687, 51.39153862], [-3.30269516, 51.39133143], [-3.30147541, 51.39104223], [-3.30038035, 51.39070296], [-3.29926336, 51.39027274], [-3.29814208, 51.38986266], [-3.29704344, 51.38944554], [-3.29615247, 51.38912594], [-3.29556572, 51.38882256], [-3.29517901, 51.38851786], [-3.29470575, 51.38821888], [-3.29409826, 51.38791275], [-3.29346788, 51.38751805], [-3.2930721, 51.38715243], [-3.29285037, 51.38685977], [-3.29271674, 51.38662946], [-3.29243422, 51.38642704], [-3.29173923, 51.38615394], [-3.29054725, 51.38580763], [-3.28925395, 51.38570213], [-3.28845644, 51.38594055], [-3.28828752, 51.38645172], [-3.28847814, 51.38728118], [-3.28871048, 51.38853085], [-3.28788173, 51.38907564], [-3.28732634, 51.38929152], [-3.28699291, 51.38979542], [-3.28681552, 51.39065087], [-3.28658164, 51.39146435], [-3.28613436, 51.39217556], [-3.28529704, 51.39266098], [-3.28430462, 51.39279354], [-3.28346515, 51.39272332], [-3.28273404, 51.39270234], [-3.28206635, 51.39276934], [-3.28140676, 51.39277697], [-3.28085125, 51.39268124], [-3.28044474, 51.39253914], [-3.28023565, 51.39231014], [-3.28025413, 51.39201415], [-3.28047216, 51.39181018], [-3.28077722, 51.39169967], [-3.28101945, 51.39156032], [-3.28119683, 51.39131546], [-3.28141725, 51.39096022], [-3.28173161, 51.39053917], [-3.28227174, 51.39019382], [-3.28295016, 51.38997805], [-3.28359938, 51.38978934], [-3.28426731, 51.38980746], [-3.28446305, 51.38936782], [-3.28420424, 51.38888896], [-3.28347492, 51.38840222], [-3.28283608, 51.38811028], [-3.28246391, 51.38790035], [-3.28217626, 51.38759291], [-3.28179312, 51.38714123], [-3.2813971, 51.3866595], [-3.28088272, 51.38626325], [-3.28026211, 51.38592613], [-3.27964711, 51.38553607], [-3.2792623, 51.38523555], [-3.27896225, 51.38513064], [-3.27860236, 51.38520551], [-3.27824152, 51.38535178], [-3.27802145, 51.38558078], [-3.27802396, 51.38586605], [-3.27823615, 51.38606656], [-3.27855015, 51.38624036], [-3.27882111, 51.38659561], [-3.27903151, 51.38716698], [-3.27920282, 51.38765228], [-3.2791903, 51.38799727], [-3.27898467, 51.38828051], [-3.27890217, 51.38909388], [-3.27860045, 51.38919485], [-3.27824402, 51.38930035], [-3.27782035, 51.38943756], [-3.27724695, 51.38957596], [-3.27635145, 51.38973355], [-3.27518344, 51.38988125], [-3.27429903, 51.39000797], [-3.27363586, 51.39001715], [-3.27281475, 51.38987517], [-3.27169704, 51.38960636], [-3.27073407, 51.3891952], [-3.27014816, 51.38880432], [-3.26969945, 51.38851953], [-3.26934326, 51.38835931], [-3.26909852, 51.38818634], [-3.26886141, 51.38788807], [-3.2684828, 51.38748181], [-3.26791978, 51.38709915], [-3.26681614, 51.38682663], [-3.26522517, 51.38674355], [-3.26386476, 51.38678944], [-3.26411176, 51.39018655], [-3.26444042, 51.39027095], [-3.26476705, 51.39041996], [-3.26497865, 51.39077377], [-3.26498306, 51.39130235], [-3.26476514, 51.39166605], [-3.26438141, 51.39185321], [-3.26393056, 51.39201426], [-3.25980735, 51.39196992], [-3.2597028, 51.39237165], [-3.25973344, 51.39280295], [-3.25995088, 51.39307547], [-3.26027048, 51.39320815], [-3.26051021, 51.39334095], [-3.26055682, 51.39351726], [-3.26037121, 51.39368105], [-3.25990844, 51.39380836], [-3.25905693, 51.39386785], [-3.25778234, 51.39371467], [-3.25650167, 51.39339316], [-3.25551617, 51.39324117], [-3.25479054, 51.39330494], [-3.25414968, 51.39344132], [-3.25359666, 51.39361048], [-3.25310493, 51.39380276], [-3.25268996, 51.39407468], [-3.25242114, 51.39437854], [-3.25218535, 51.39468503], [-3.25188994, 51.39499032], [-3.25137007, 51.39526284], [-3.25066173, 51.39544702], [-3.24983776, 51.39558804], [-3.24883831, 51.39568114], [-3.24823201, 51.39589667], [-3.24676633, 51.39599776], [-3.24527705, 51.39613402], [-3.24361205, 51.39626884], [-3.24229956, 51.39641631], [-3.24123275, 51.39655125], [-3.24024737, 51.39669681], [-3.23922467, 51.39683092], [-3.23846424, 51.39697564], [-3.23794854, 51.39710724], [-3.23753023, 51.39724755], [-3.23711932, 51.39737821], [-3.23665583, 51.39753795], [-3.23605907, 51.39773607], [-3.23528731, 51.39800096], [-3.23450267, 51.39825273], [-3.23392355, 51.39854515], [-3.23360801, 51.39886916], [-3.23340118, 51.39922321], [-3.23324645, 51.39956832], [-3.23302186, 51.39978552], [-3.23266721, 51.39990866], [-3.23220634, 51.40005052], [-3.23163044, 51.40025783], [-3.23092747, 51.40058506], [-3.23031557, 51.40075314], [-3.22961295, 51.40108335], [-3.22904181, 51.40129483], [-3.22859645, 51.40143871], [-3.22826421, 51.40154696], [-3.22802556, 51.40170741], [-3.22770774, 51.40195501], [-3.22707272, 51.40222061], [-3.22623301, 51.40241528], [-3.22554564, 51.40258122], [-3.22501254, 51.40271938], [-3.22446394, 51.40283072], [-3.22378755, 51.40282404], [-3.22302115, 51.40269732], [-3.22220314, 51.40255046], [-3.22155273, 51.40243435], [-3.22094846, 51.40244114], [-3.22007811, 51.40253377], [-3.21885705, 51.40254521], [-3.21770906, 51.40241957], [-3.21659148, 51.40220904], [-3.21551716, 51.40193546], [-3.21455336, 51.40172434], [-3.21386206, 51.40156746], [-3.21334076, 51.40146792], [-3.21297586, 51.40127242], [-3.21196985, 51.40100205], [-3.21100485, 51.40071738], [-3.21018696, 51.40059566], [-3.20934951, 51.4004786], [-3.20840335, 51.40026045], [-3.20740438, 51.40006554], [-3.20649195, 51.39989865], [-3.20560455, 51.39975464], [-3.20483887, 51.39958131], [-3.20046937, 51.39955354], [-3.20002282, 51.39927447], [-3.19026482, 51.39926863], [-3.18944883, 51.39946103], [-3.18859327, 51.39969623], [-3.18799674, 51.40009284], [-3.18772471, 51.40056968], [-3.18744004, 51.40091705], [-3.18676281, 51.40121436], [-3.18551886, 51.40157485], [-3.18403602, 51.40183723], [-3.18284178, 51.40201604], [-3.18188071, 51.40214372], [-3.18113244, 51.40227413], [-3.18045843, 51.40239477], [-3.17980266, 51.40254343], [-3.17907047, 51.40273821], [-3.17828035, 51.40304828], [-3.17738295, 51.40345943], [-3.17622101, 51.40400207], [-3.17488706, 51.40447795], [-3.17318833, 51.40492821], [-3.17114317, 51.40531945], [-3.16924775, 51.40577066], [-3.16947115, 51.40816426], [-3.16975343, 51.40917301], [-3.16997838, 51.41035426], [-3.17020774, 51.41131234], [-3.17043281, 51.41207373], [-3.17071497, 51.41264975], [-3.17065728, 51.42162526], [-3.17058885, 51.42204452], [-3.1706413, 51.42267394], [-3.17061245, 51.42355704], [-3.17042232, 51.42435682], [-3.17026734, 51.42787325], [-3.16998208, 51.42816067], [-3.16975772, 51.42844653], [-3.16954195, 51.42871368], [-3.16935563, 51.42892253], [-3.16911995, 51.42904663], [-3.16883314, 51.42917633], [-3.16859555, 51.42951918], [-3.16840518, 51.43016493], [-3.16818738, 51.43092632], [-3.16797614, 51.43173933], [-3.16774285, 51.43237054], [-3.16753161, 51.43291414], [-3.16731393, 51.43352234], [-3.16712368, 51.43419647], [-3.16688633, 51.43459451], [-3.16659915, 51.43479455], [-3.16636181, 51.43512511], [-3.16617203, 51.43574846], [-3.16595435, 51.43650317], [-3.16574216, 51.43733895], [-3.16550601, 51.43803215], [-3.16528893, 51.43863642], [-3.16507041, 51.43919373], [-3.16490853, 51.43981373], [-3.16473246, 51.44001114], [-3.1640625, 51.44001114], [-3.16473818, 51.44133341], [-3.16490257, 51.44163156], [-3.16507316, 51.44204676], [-3.16528785, 51.44260073], [-3.16548455, 51.44328952], [-3.1656872, 51.44390726], [-3.16590345, 51.44441223], [-3.16631115, 51.44472623], [-3.16699088, 51.44500852], [-3.16767943, 51.44543815], [-3.16788316, 51.44558418], [-3.16862822, 51.44613898], [-3.16938722, 51.44627452], [-3.17028034, 51.44632482], [-3.17135143, 51.44621015], [-3.17250836, 51.44601977], [-3.17364514, 51.44611943], [-3.17409265, 51.44642341], [-3.17444813, 51.44666481], [-3.17468381, 51.44739807], [-3.1746062, 51.44794524], [-3.1746248, 51.44828665], [-3.17487586, 51.44850755], [-3.17558718, 51.44864452], [-3.17672265, 51.44874203], [-3.17761433, 51.44884384], [-3.17811525, 51.44892275], [-3.17835546, 51.44905746], [-3.17851353, 51.44938934], [-3.178725, 51.45008302], [-3.17894387, 51.45112073], [-3.17913127, 51.45203686], [-3.17912698, 51.45278728], [-3.17892504, 51.45332742], [-3.1786834, 51.45379961], [-3.17848015, 51.45433605], [-3.17847276, 51.45500088], [-3.17865694, 51.45562494], [-3.17888224, 51.45620668], [-3.17912996, 51.45668864], [-3.17936587, 51.4571141], [-3.17965281, 51.45748591], [-3.1795783, 51.46172798], [-3.17934, 51.46191394], [-3.17928052, 51.46210003], [-3.17790556, 51.46296501], [-3.17691195, 51.46282291], [-3.17674231, 51.46274388], [-3.17633533, 51.46255445], [-3.17636526, 51.46209645], [-3.17678845, 51.46133006], [-3.17707634, 51.46033931], [-3.17690361, 51.45952105], [-3.17612958, 51.45892334], [-3.17526495, 51.45860875], [-3.17461443, 51.45843565], [-3.17404485, 51.45831561], [-3.17328775, 51.45821583], [-3.17227411, 51.45822573], [-3.17133176, 51.45835388], [-3.1665138, 51.45832133], [-3.16635144, 51.45873046], [-3.16618192, 51.45929456], [-3.16596186, 51.45998538], [-3.16574514, 51.46076322], [-3.16550696, 51.46132338], [-3.16528988, 51.46169055], [-3.16507006, 51.46201801], [-3.16490054, 51.46236086], [-3.16473806, 51.46265471], [-3.1640625, 51.46261156], [-3.1640625, 51.46289062], [-3.16331685, 51.46292985], [-3.16294265, 51.46218181], [-3.16264582, 51.46145201], [-3.16223586, 51.46102071], [-3.16163826, 51.46073711], [-3.16114414, 51.46028137], [-3.16101825, 51.45965254], [-3.16120946, 51.45914984], [-3.16154385, 51.45880973], [-3.16199613, 51.45856273], [-3.16240144, 51.45833194], [-3.16264856, 51.45790148], [-3.16280007, 51.45726502], [-3.16275573, 51.45694613], [-3.16289341, 51.45666707], [-3.16304827, 51.45652771], [-3.16296232, 51.45632374], [-3.1631, 51.45602345], [-3.16323781, 51.45571232], [-3.16339266, 51.45550835], [-3.16349888, 51.45516706], [-3.16327894, 51.45453405], [-3.16306961, 51.45366275], [-3.16285634, 51.45302904], [-3.16267586, 51.45269716], [-3.1624341, 51.45254445], [-3.16207635, 51.45245326], [-3.16164231, 51.45237732], [-3.16114783, 51.45239937], [-3.16055608, 51.45248413], [-3.15988457, 51.45244503], [-3.15934074, 51.45220947], [-3.15903115, 51.45187485], [-3.15882456, 51.451496], [-3.1586405, 51.45113087], [-3.15829468, 51.45092905], [-3.15770543, 51.45092762], [-3.1570158, 51.45107126], [-3.15631115, 51.45128036], [-3.15577793, 51.45156038], [-3.15548766, 51.45181656], [-3.15524817, 51.45197535], [-3.15495098, 51.45205426], [-3.15474176, 51.45213783], [-3.15457976, 51.45241225], [-3.15433085, 51.45271313], [-3.15401196, 51.45308483], [-3.15361977, 51.45353425], [-3.15332341, 51.45393777], [-3.15300035, 51.45420456], [-3.15249896, 51.45447707], [-3.15188801, 51.45492351], [-3.15139341, 51.4554131], [-3.15090835, 51.45578527], [-3.15042162, 51.45603883], [-3.14994895, 51.45633197], [-3.14945936, 51.45670235], [-3.14878905, 51.45711863], [-3.14807785, 51.45749402], [-3.14742661, 51.45790601], [-3.14694536, 51.45828521], [-3.14638138, 51.45863712], [-3.14557028, 51.45902634], [-3.14457595, 51.45950174], [-3.14387715, 51.45981443], [-3.14351654, 51.4600358], [-3.14321744, 51.46032882], [-3.14275265, 51.46072924], [-3.14254916, 51.46113551], [-3.14200938, 51.46136224], [-3.14159214, 51.46151674], [-3.14131093, 51.46169651], [-3.1410315, 51.46199524], [-3.14063156, 51.46239066], [-3.14022875, 51.46275842], [-3.13974965, 51.46305311], [-3.13923836, 51.46328557], [-3.1387583, 51.4635812], [-3.13835084, 51.46395135], [-3.13794017, 51.46435046], [-3.1376512, 51.46464741], [-3.13739836, 51.46480143], [-3.13712025, 51.4648869], [-3.13685882, 51.46503866], [-3.13655674, 51.46533], [-3.13615346, 51.46572316], [-3.13583636, 51.46610427], [-3.13559496, 51.46646476], [-3.13541055, 51.46679211], [-3.13514996, 51.46700585], [-3.13475513, 51.46721196], [-3.13433826, 51.46761274], [-3.13403952, 51.46821225], [-3.13485694, 51.46868515], [-3.13518095, 51.46879315], [-3.13541985, 51.46901596], [-3.13559711, 51.46936941], [-3.13578832, 51.46971154], [-3.13596535, 51.46996784], [-3.13621831, 51.47012198], [-3.13659477, 51.4702214], [-3.13702536, 51.47033048], [-3.13741207, 51.47045135], [-3.13769364, 51.47067571], [-3.13791144, 51.47105277], [-3.13807845, 51.4714967], [-3.13796425, 51.47194338], [-3.13743234, 51.47222924], [-3.13663995, 51.47222745], [-3.13585818, 51.47206414], [-3.13525403, 51.47203195], [-3.13475966, 51.47216988], [-3.13426232, 51.47249866], [-3.13366115, 51.47297192], [-3.13285506, 51.47348404], [-3.1322329, 51.47379696], [-3.13192213, 51.47398996], [-3.13180065, 51.47417963], [-3.13104475, 51.47486711], [-3.13090014, 51.47567141], [-3.13071287, 51.47630393], [-3.13052916, 51.47679746], [-3.13023567, 51.47709751], [-3.12974048, 51.47734785], [-3.12914455, 51.47770941], [-3.12865508, 51.47808266], [-3.12807262, 51.47844267], [-3.12723851, 51.47884381], [-3.12621224, 51.4793328], [-3.12550426, 51.47964275], [-3.12527788, 51.47979295], [-3.12544656, 51.47987914], [-3.12578118, 51.47997534], [-3.12602305, 51.48016787], [-3.12604392, 51.48042905], [-3.12585306, 51.4806118], [-3.12555206, 51.48081362], [-3.12523508, 51.48135138], [-3.12481594, 51.48234487], [-3.12424326, 51.48334503], [-3.1238358, 51.48405421], [-3.12353396, 51.48437905], [-3.12321424, 51.48448408], [-3.12301242, 51.48447096], [-3.12285042, 51.48480487], [-3.12263191, 51.48522174], [-3.12241495, 51.48573935], [-3.12217867, 51.4862293], [-3.1219666, 51.48672688], [-3.12174785, 51.48727691], [-3.12155545, 51.48785222], [-3.12131596, 51.48819411], [-3.12103581, 51.48837495], [-3.12083077, 51.48864865], [-3.12070477, 51.48909676], [-3.12051022, 51.48951995], [-3.12002635, 51.48986256], [-3.11882734, 51.49012947], [-3.11701882, 51.49030352], [-3.11551607, 51.49046874], [-3.11421967, 51.49066663], [-3.11281896, 51.49092412], [-3.11125576, 51.49112785], [-3.11001372, 51.4912914], [-3.10906243, 51.49142122], [-3.10841715, 51.49156046], [-3.10795057, 51.49170101], [-3.10753584, 51.49187815], [-3.10667372, 51.49193704], [-3.10624504, 51.49210835], [-3.10577822, 51.49224901], [-3.10518897, 51.49241245], [-3.10441065, 51.49261558], [-3.10355234, 51.49287653], [-3.10278094, 51.49308145], [-3.10219526, 51.49324596], [-3.10169911, 51.49337757], [-3.10116065, 51.49351788], [-3.10055673, 51.49364972], [-3.10001397, 51.49379504], [-3.09948683, 51.49393022], [-3.09881437, 51.49407494], [-3.09793615, 51.49420166], [-3.09706485, 51.49432743], [-3.09628797, 51.49443924], [-3.09579217, 51.49462116], [-3.09534442, 51.49494088], [-3.09461617, 51.49534225], [-3.09374344, 51.49567592], [-3.09294867, 51.49596941], [-3.09235275, 51.49616885], [-3.09188521, 51.49631512], [-3.09145725, 51.4964087], [-3.09096551, 51.49660373], [-3.09009862, 51.49680197], [-3.08936203, 51.49704647], [-3.08888841, 51.49723685], [-3.08862436, 51.49743176], [-3.08832705, 51.49768054], [-3.08772635, 51.49789608], [-3.08691275, 51.49794483], [-3.08616734, 51.4979099], [-3.08533573, 51.49801421], [-3.08418083, 51.49833584], [-3.08293271, 51.49885273], [-3.08199036, 51.49927163], [-3.08130765, 51.49958062], [-3.08080316, 51.49977303], [-3.08026504, 51.49997604], [-3.07938743, 51.50030196], [-3.07805455, 51.50077713], [-3.07679605, 51.50114644], [-3.07614851, 51.50149572], [-3.07594037, 51.50190306], [-3.07575226, 51.50218022], [-3.07532215, 51.50232792], [-3.07456374, 51.50244784], [-3.07363665, 51.50255251], [-3.07306814, 51.50269222], [-3.07282782, 51.50287032], [-3.07257926, 51.50303996], [-3.07212591, 51.50322998], [-3.07152545, 51.50347364], [-3.07101023, 51.50365055], [-3.07062173, 51.50378442], [-3.07069957, 51.50390625], [-3.06989396, 51.50390625], [-3.06996882, 51.50405085], [-3.06948698, 51.50414395], [-3.06891656, 51.50424075], [-3.06836426, 51.50438142], [-3.06779301, 51.50457382], [-3.0670917, 51.50488091], [-3.06620955, 51.50529444], [-3.06508064, 51.50586772], [-3.06391525, 51.50642776], [-3.06269658, 51.50697601], [-3.06172442, 51.50731003], [-3.06111145, 51.50748456], [-3.06074822, 51.50758874], [-3.06051743, 51.50774038], [-3.06023943, 51.50797784], [-3.05974364, 51.50822151], [-3.05918431, 51.50838542], [-3.05878246, 51.50856817], [-3.05837786, 51.50887895], [-3.05768824, 51.50931442], [-3.05676281, 51.50978875], [-3.05570233, 51.51031542], [-3.05490625, 51.51065791], [-3.05437005, 51.51084375], [-3.05393386, 51.51093507], [-3.05311561, 51.51141024], [-3.05262577, 51.51151133], [-3.05206251, 51.5116477], [-3.05139637, 51.51178265], [-3.05072093, 51.51192963], [-3.05005801, 51.51206231], [-3.04950595, 51.51220274], [-3.04903805, 51.51233435], [-3.04856944, 51.51249874], [-3.0480237, 51.51270378], [-3.04739845, 51.51296556], [-3.04681265, 51.51317096], [-3.04622173, 51.51333547], [-3.04555798, 51.51346755], [-3.04488885, 51.51360762], [-3.04422712, 51.51373744], [-3.04366815, 51.51387727], [-3.04318857, 51.51400662], [-3.04272425, 51.51416194], [-3.04225433, 51.51435292], [-3.04184055, 51.51461995], [-3.04157448, 51.51487196], [-3.04132891, 51.51503217], [-3.04103231, 51.51512003], [-3.04073596, 51.51520085], [-3.04069996, 51.51599014], [-3.04041171, 51.51647901], [-3.04017818, 51.51702261], [-3.03994381, 51.51751256], [-3.03974235, 51.51794696], [-3.03955865, 51.51828671], [-3.03943634, 51.51853025], [-3.03923345, 51.51868665], [-3.03869045, 51.51879561], [-3.03747296, 51.51888156], [-3.03554893, 51.51886702], [-3.03368902, 51.51879752], [-3.03197706, 51.51885664], [-3.03081143, 51.51907134], [-3.03015935, 51.51927793], [-3.02965844, 51.51949024], [-3.02899361, 51.51976228], [-3.02810836, 51.52011704], [-3.02735746, 51.52036667], [-3.02691603, 51.52058184], [-3.02650428, 51.52089405], [-3.02576685, 51.52130127], [-3.02476525, 51.52169466], [-3.02363873, 51.52210331], [-3.02254355, 51.5224092], [-3.0215404, 51.52300143], [-3.02121878, 51.52339363], [-3.02082717, 51.52378905], [-3.0205363, 51.52408576], [-3.02026272, 51.52425575], [-3.01990497, 51.52436531], [-3.01947701, 51.52449095], [-3.01899505, 51.52461624], [-3.01843286, 51.52475667], [-3.01779676, 51.52488995], [-3.01720226, 51.52505493], [-3.01661265, 51.52525806], [-3.01599348, 51.52551424], [-3.01545727, 51.52571237], [-3.01496935, 51.52588665], [-3.0143857, 51.52608573], [-3.01357985, 51.52638137], [-3.01260674, 51.52672553], [-3.01165044, 51.52711737], [-3.01096785, 51.52738261], [-3.01047134, 51.52756166], [-3.00992966, 51.52774], [-3.00913918, 51.52803135], [-3.00802994, 51.52846444], [-3.00662446, 51.52913213], [-3.00596166, 51.52932811], [-3.005548, 51.52948666], [-3.00519776, 51.52961206], [-3.00493813, 51.52977908], [-3.00463855, 51.53002155], [-3.00412595, 51.53026748], [-3.00354302, 51.53043556], [-3.00312936, 51.53062201], [-3.00281322, 51.53091741], [-3.00246417, 51.53128386], [-3.00219631, 51.53158045], [-3.00183046, 51.53180826], [-3.00111902, 51.5321207], [-3.00010824, 51.53259552], [-2.99927843, 51.53300333], [-2.99871254, 51.53342175], [-2.99830961, 51.53390634], [-2.99790287, 51.53437853], [-2.99759924, 51.53475213], [-2.99735975, 51.53504157], [-2.99717224, 51.53526032], [-2.99693632, 51.53539526], [-2.99664831, 51.53548634], [-2.99642515, 51.53562057], [-2.99629438, 51.53581572], [-2.99543273, 51.53647006], [-2.99560893, 51.53711235], [-2.99578047, 51.53768396], [-2.99578035, 51.53824365], [-2.99559641, 51.53872788], [-2.99537694, 51.53915501], [-2.9951508, 51.53948665], [-2.99495661, 51.53971827], [-2.99468601, 51.53986645], [-2.99428332, 51.54001248], [-2.99385691, 51.54025805], [-2.99355114, 51.54058456], [-2.99330556, 51.54102111], [-2.9931128, 51.54158354], [-2.99291301, 51.54214287], [-2.99270153, 51.54264402], [-2.99233234, 51.54293561], [-2.99176466, 51.54307425], [-2.99121797, 51.54318702], [-2.99081314, 51.54329205], [-2.99057972, 51.54343808], [-2.99043345, 51.54361892], [-2.99022353, 51.54376066], [-2.98992455, 51.54385126], [-2.98961794, 51.54393911], [-2.98958302, 51.54404116], [-2.98929346, 51.54498994], [-2.98908734, 51.54604113], [-2.98890185, 51.54685473], [-2.98870957, 51.54740846], [-2.98829174, 51.54771435], [-2.98760593, 51.54792118], [-2.98746932, 51.54796255], [-2.98640156, 51.54831052], [-2.98545897, 51.54866087], [-2.98484325, 51.54911375], [-2.98453653, 51.54965067], [-2.98434377, 51.55007255], [-2.98419714, 51.55034006], [-2.98396563, 51.55048847], [-2.98356867, 51.55059075], [-2.98301756, 51.55071664], [-2.98238277, 51.55084312], [-2.98182726, 51.55098403], [-2.98132563, 51.55111694], [-2.98073876, 51.55128205], [-2.97996604, 51.55148852], [-2.97910643, 51.55175245], [-2.97832668, 51.55195868], [-2.97773147, 51.55211472], [-2.97724342, 51.55221462], [-2.97680116, 51.55240381], [-2.97595882, 51.55261016], [-2.97520411, 51.55286801], [-2.97456205, 51.55307066], [-2.97386682, 51.55323505], [-2.97305524, 51.55336821], [-2.97238195, 51.55350983], [-2.97186565, 51.55363774], [-2.97143352, 51.55376494], [-2.97108078, 51.55386484], [-2.97084022, 51.55399775], [-2.97065365, 51.55423105], [-2.97042596, 51.5546298], [-2.97020328, 51.55527866], [-2.97001684, 51.55620205], [-2.97001791, 51.55735958], [-2.97020316, 51.55820775], [-2.97041357, 51.55872774], [-2.97061396, 51.55903816], [-2.97078371, 51.55924547], [-2.97112036, 51.55943823], [-2.97185898, 51.55975437], [-2.97296822, 51.56023014], [-2.97395456, 51.56057274], [-2.97464812, 51.56079543], [-2.97523022, 51.56099284], [-2.97583127, 51.56123567], [-2.97637081, 51.56143177], [-2.97687507, 51.56161463], [-2.97743762, 51.56181896], [-2.97807443, 51.56207645], [-2.97864151, 51.56227493], [-2.97910273, 51.56242454], [-2.97945523, 51.56253755], [-2.97970355, 51.56269526], [-2.97997642, 51.56293666], [-2.98043394, 51.56320655], [-2.98096943, 51.56345057], [-2.98137462, 51.56374502], [-2.98138523, 51.56406057], [-2.98100543, 51.56433654], [-2.98048413, 51.56451905], [-2.98019063, 51.56466556], [-2.97940004, 51.56506026], [-2.97830296, 51.56486082], [-2.97744274, 51.56461334], [-2.97685838, 51.56441712], [-2.97635031, 51.56421912], [-2.97566974, 51.56394625], [-2.97472096, 51.56355345], [-2.97375822, 51.56321204], [-2.97295678, 51.56292176], [-2.97233725, 51.56272972], [-2.97171605, 51.56255031], [-2.97096097, 51.56229937], [-2.9702301, 51.56190932], [-2.96971035, 51.56152701], [-2.96922445, 51.56122291], [-2.96872985, 51.56098783], [-2.96825993, 51.56069255], [-2.96785426, 51.56032324], [-2.96744084, 51.55992413], [-2.96714652, 51.55962503], [-2.96688604, 51.55946565], [-2.96660638, 51.55937696], [-2.96637654, 51.55924201], [-2.96617615, 51.55902088], [-2.96591341, 51.55875444], [-2.96591067, 51.55452836], [-2.96616375, 51.55426765], [-2.96636403, 51.55404651], [-2.96663284, 51.55388713], [-2.96703315, 51.55372453], [-2.96745813, 51.55346775], [-2.96776414, 51.55316973], [-2.96801424, 51.55287135], [-2.96821892, 51.55258036], [-2.96843028, 51.55230665], [-2.96861458, 51.55208325], [-2.96883822, 51.55194438], [-2.96910095, 51.55184937], [-2.96933806, 51.55169547], [-2.96966255, 51.5514487], [-2.97030318, 51.55118382], [-2.97117674, 51.55099535], [-2.97198033, 51.55084467], [-2.97271335, 51.55071783], [-2.97341514, 51.55055785], [-2.97417974, 51.55035317], [-2.97491872, 51.55008936], [-2.97550356, 51.54988301], [-2.97597671, 51.54972684], [-2.97641218, 51.54962683], [-2.97727585, 51.54915035], [-2.97772884, 51.54905891], [-2.97822464, 51.54889727], [-2.9788146, 51.54863632], [-2.97945285, 51.5482347], [-2.97995245, 51.54784882], [-2.98041654, 51.54756117], [-2.98080075, 51.54738092], [-2.98104835, 51.54716361], [-2.98123515, 51.54683506], [-2.98149967, 51.54647875], [-2.98184645, 51.54608095], [-2.98221326, 51.54559636], [-2.98224652, 51.54510951], [-2.98188245, 51.54475045], [-2.98137581, 51.54455781], [-2.98089695, 51.5444386], [-2.98051751, 51.54435205], [-2.98024535, 51.544191], [-2.97996056, 51.54384875], [-2.97955096, 51.54329968], [-2.97882116, 51.54256892], [-2.97786033, 51.54164076], [-2.97735381, 51.54122043], [-2.97696745, 51.54092324], [-2.97647846, 51.54076982], [-2.97582996, 51.54068482], [-2.97538078, 51.54055035], [-2.97513986, 51.54032242], [-2.97491276, 51.54003417], [-2.9746263, 51.53973114], [-2.97420704, 51.53947258], [-2.97380686, 51.53931487], [-2.97354364, 51.53915775], [-2.97336566, 51.53890741], [-2.97314703, 51.53854275], [-2.97286058, 51.53811216], [-2.97242761, 51.53779507], [-2.97194183, 51.53772676], [-2.97145915, 51.53784382], [-2.96567106, 51.53791785], [-2.96506917, 51.53774607], [-2.96443617, 51.5376054], [-2.96385026, 51.53744197], [-2.96323204, 51.53724122], [-2.96249688, 51.53698575], [-2.96177292, 51.53678513], [-2.96118414, 51.53660595], [-2.96061385, 51.53640544], [-2.95987475, 51.53613055], [-2.95886481, 51.53585947], [-2.95743513, 51.53558064], [-2.95566678, 51.53536618], [-2.95416164, 51.53516245], [-2.94186962, 51.53515625], [-2.94142115, 51.53543532], [-2.92666721, 51.53546512], [-2.92622256, 51.53565705], [-2.9256742, 51.53580832], [-2.92487144, 51.53592324], [-2.92385376, 51.53592324], [-2.92309582, 51.53581464], [-2.92269576, 51.53568721], [-2.92251265, 51.53552866], [-2.92219114, 51.53534508], [-2.92119873, 51.5351963], [-2.91949463, 51.53507805], [-2.91803586, 51.53494251], [-2.91685796, 51.53481102], [-2.91573775, 51.5346657], [-2.91453254, 51.53453314], [-2.91367304, 51.53439355], [-2.91314197, 51.53426635], [-2.91270554, 51.53411126], [-2.91215467, 51.53390968], [-2.91135204, 51.53360903], [-2.9103322, 51.53326452], [-2.90925252, 51.53287816], [-2.90843618, 51.53262246], [-2.90803361, 51.53243911], [-2.907884, 51.53224361], [-2.90778947, 51.53208697], [-2.90339041, 51.53190255], [-2.90317166, 51.53279054], [-2.90275276, 51.53385925], [-2.90192187, 51.53464437], [-2.90088761, 51.53499865], [-2.89992726, 51.53515077], [-2.89904761, 51.53524756], [-2.89840746, 51.53537154], [-2.89793181, 51.53550661], [-2.89742136, 51.53566694], [-2.89667404, 51.53580916], [-2.89552522, 51.53589666], [-2.89390421, 51.53581464], [-2.89236104, 51.53560531], [-2.89108992, 51.53552365], [-2.89025891, 51.53562892], [-2.88965726, 51.53583372], [-2.88908231, 51.53609502], [-2.88856387, 51.53629863], [-2.88801014, 51.53651762], [-2.88722742, 51.53686035], [-2.88619614, 51.53736877], [-2.88529754, 51.53778303], [-2.88455856, 51.53809965], [-2.8839457, 51.53830302], [-2.88331234, 51.53847587], [-2.88179255, 51.5385735], [-2.88064456, 51.53870475], [-2.8797065, 51.53883803], [-2.87892675, 51.53900456], [-2.87816501, 51.53920901], [-2.87745297, 51.53946531], [-2.87686384, 51.53966355], [-2.87626624, 51.53983748], [-2.87550116, 51.54003644], [-2.87458372, 51.5403316], [-2.87358356, 51.54067457], [-2.87264383, 51.54106736], [-2.87198877, 51.54133952], [-2.87148845, 51.54153633], [-2.87081504, 51.54173172], [-2.86965561, 51.54198146], [-2.86811864, 51.54219306], [-2.86677301, 51.54240203], [-2.86122274, 51.54244006], [-2.86044133, 51.54261816], [-2.8596096, 51.54276121], [-2.85894656, 51.54290533], [-2.85841453, 51.54303682], [-2.85786176, 51.54317975], [-2.85724163, 51.54331112], [-2.85668564, 51.54345524], [-2.85620666, 51.54359817], [-2.85575914, 51.54377615], [-2.85136998, 51.54383612], [-2.85059083, 51.5440135], [-2.84973133, 51.54415405], [-2.84896493, 51.54429317], [-2.84825993, 51.54442096], [-2.84757698, 51.54457915], [-2.84679866, 51.54477787], [-2.84593737, 51.54504848], [-2.84504425, 51.54531407], [-2.84412098, 51.54561806], [-2.84311187, 51.54595005], [-2.84197533, 51.54638684], [-2.84077156, 51.54686642], [-2.83952653, 51.54745197], [-2.83838618, 51.54800224], [-2.83721948, 51.54853606], [-2.83614826, 51.54886866], [-2.83500075, 51.54909456], [-2.83356702, 51.54935551], [-2.83232105, 51.54971385], [-2.83154225, 51.54998183], [-2.83102405, 51.55018342], [-2.83050394, 51.55038273], [-2.82989073, 51.55063105], [-2.82928896, 51.55083072], [-2.82764006, 51.55185914], [-2.82704151, 51.55195951], [-2.82621777, 51.55211532], [-2.82512271, 51.55231965], [-2.82416642, 51.55257845], [-2.82342994, 51.5527786], [-2.82260728, 51.55295193], [-2.82153344, 51.55314386], [-2.82053995, 51.55342364], [-2.81965172, 51.55375552], [-2.81862295, 51.55419636], [-2.8174504, 51.55467784], [-2.81618965, 51.55526292], [-2.81503975, 51.55581295], [-2.81395805, 51.55635285], [-2.81318045, 51.55670488], [-2.81261623, 51.55695832], [-2.8125, 51.55691957], [-2.8125, 51.55719864], [-2.81209636, 51.55727303], [-2.81173766, 51.55742192], [-2.81119955, 51.55745912], [-2.80885124, 51.55880725], [-2.80806553, 51.559008], [-2.80701196, 51.5592947], [-2.80576587, 51.55961835], [-2.80482984, 51.56000364], [-2.80439413, 51.56031251], [-2.80405355, 51.56054187], [-2.80336487, 51.56085885], [-2.80222726, 51.56136417], [-2.80102265, 51.56184363], [-2.79992402, 51.56231666], [-2.79900396, 51.56272316], [-2.79816735, 51.56311226], [-2.79752636, 51.56337106], [-2.79694557, 51.56360114], [-2.79617214, 51.5639379], [-2.79518437, 51.56441832], [-2.79440224, 51.56475985], [-2.79383063, 51.56498146], [-2.79327726, 51.56518054], [-2.79266405, 51.56542707], [-2.79211211, 51.56562316], [-2.79163456, 51.56578541], [-2.79118895, 51.56592643], [-2.79075015, 51.56609845], [-2.78978515, 51.56620872], [-2.78909266, 51.56653965], [-2.78849411, 51.56675625], [-2.78790808, 51.56691456], [-2.78728056, 51.5670408], [-2.78672683, 51.56717885], [-2.78625476, 51.56730807], [-2.78582323, 51.56744731], [-2.7854017, 51.56757474], [-2.78494811, 51.56772983], [-2.78436887, 51.56793106], [-2.78356004, 51.56823111], [-2.78255367, 51.56857681], [-2.78148186, 51.56896985], [-2.78060126, 51.56924045], [-2.77995956, 51.56943405], [-2.77934694, 51.56962574], [-2.77860415, 51.56988156], [-2.77785373, 51.57013166], [-2.77730036, 51.57042491], [-2.77694535, 51.57073975], [-2.77649677, 51.57105494], [-2.77572775, 51.57137728], [-2.77440321, 51.57176161], [-2.77262652, 51.57206464], [-2.77182901, 51.57223952], [-2.77116394, 51.57232964], [-2.77062917, 51.57245076], [-2.77014482, 51.5725795], [-2.76950085, 51.57278502], [-2.76849973, 51.57313395], [-2.76726234, 51.57363021], [-2.76624835, 51.57397854], [-2.76558721, 51.57418132], [-2.76512027, 51.57430375], [-2.76472986, 51.57441998], [-2.76441431, 51.57452953], [-2.7641741, 51.57469606], [-2.76381981, 51.57494771], [-2.76306725, 51.57521236], [-2.76204264, 51.57539785], [-2.76124954, 51.57554305], [-2.76068616, 51.57566786], [-2.76008534, 51.57584703], [-2.75923562, 51.57612264], [-2.75820565, 51.57650316], [-2.75722802, 51.57678068], [-2.75628877, 51.57695711], [-2.75529563, 51.57705843], [-2.75449014, 51.57714665], [-2.75475526, 51.57740855], [-2.7543925, 51.5775423], [-2.75383902, 51.57772195], [-2.75300014, 51.57797515], [-2.75201094, 51.57817996], [-2.75107574, 51.57834542], [-2.75013447, 51.57847548], [-2.74926054, 51.57861066], [-2.74842441, 51.57873976], [-2.74775708, 51.57890463], [-2.74708664, 51.57911468], [-2.74613416, 51.57938635], [-2.74490082, 51.57959604], [-2.74362934, 51.57972193], [-2.7423501, 51.57971096], [-2.74147117, 51.57961774], [-2.74091208, 51.57960653], [-2.74039352, 51.57971215], [-2.73975158, 51.57985067], [-2.73898435, 51.58000815], [-2.73804045, 51.58015394], [-2.73702574, 51.58030796], [-2.73596287, 51.58042872], [-2.73517024, 51.58049071], [-2.73458922, 51.58043838], [-2.73380184, 51.58035707], [-2.73335361, 51.58063614], [-2.72948802, 51.58066583], [-2.72855353, 51.58085883], [-2.72738373, 51.58101141], [-2.72606206, 51.58112621], [-2.72455478, 51.58111894], [-2.7232728, 51.580989], [-2.71783161, 51.58083975], [-2.71674275, 51.58069098], [-2.71546435, 51.58067477], [-2.71425343, 51.58084071], [-2.71299207, 51.58118176], [-2.71173012, 51.58171153], [-2.71077383, 51.58220744], [-2.71006703, 51.58272934], [-2.70956337, 51.58320761], [-2.70901144, 51.58354044], [-2.70844698, 51.58378577], [-2.70809102, 51.5842216], [-2.70790827, 51.58494723], [-2.7077347, 51.58563077], [-2.70747137, 51.58616805], [-2.70686913, 51.58646584], [-2.70591235, 51.58665335], [-2.7051326, 51.58691001], [-2.70465398, 51.58721602], [-2.70421755, 51.58749664], [-2.70377505, 51.58768606], [-2.70333242, 51.58783984], [-2.70286024, 51.58796823], [-2.70229316, 51.58809924], [-2.70159912, 51.58819771], [-2.70098531, 51.58834517], [-2.70065773, 51.58850205], [-2.70048094, 51.58884811], [-2.70052516, 51.58941376], [-2.70068932, 51.58996272], [-2.70071995, 51.59056485], [-2.70056677, 51.59140742], [-2.70033693, 51.59245622], [-2.69996774, 51.59308565], [-2.69948387, 51.59330475], [-2.69912946, 51.59342492], [-2.69890845, 51.59361136], [-2.69869447, 51.59386671], [-2.69849134, 51.5941689], [-2.69826067, 51.59452546], [-2.69804394, 51.59492588], [-2.69781005, 51.59528124], [-2.69760215, 51.59558415], [-2.69739175, 51.59585094], [-2.69720495, 51.59606886], [-2.69693768, 51.59622526], [-2.69653952, 51.59638655], [-2.69611585, 51.59664261], [-2.69579351, 51.59694004], [-2.69547784, 51.59723973], [-2.69541001, 51.59753442], [-2.69516778, 51.59779513], [-2.69497824, 51.59802067], [-2.69469941, 51.59819508], [-2.69421518, 51.59838057], [-2.69358325, 51.59862745], [-2.69301188, 51.59881914], [-2.69256055, 51.59896028], [-2.69221544, 51.59907246], [-2.69190145, 51.59927475], [-2.69137394, 51.59966135], [-2.69048083, 51.60014308], [-2.68966877, 51.6004492], [-2.68923128, 51.60064781], [-2.68903971, 51.60088456], [-2.68886292, 51.60121441], [-2.68860483, 51.60162246], [-2.68809116, 51.60202014], [-2.68727064, 51.60243475], [-2.68621206, 51.60294843], [-2.68530333, 51.60335433], [-2.68454766, 51.60368574], [-2.68388712, 51.60395145], [-2.68323636, 51.60421443], [-2.68263805, 51.60440946], [-2.68186331, 51.60487235], [-2.67744565, 51.60709083], [-2.67497492, 51.60750377], [-2.67278922, 51.60874295], [-2.67022336, 51.60915613], [-2.66803777, 51.60945106], [-2.66661227, 51.61069035], [-2.66553521, 51.6118021], [-2.66530764, 51.61226845], [-2.66501844, 51.61263812], [-2.66498125, 51.61343384], [-2.66467404, 51.61349654], [-2.66436625, 51.61355472], [-2.66412926, 51.61368954], [-2.66394615, 51.61401522], [-2.66374314, 51.6146481], [-2.66368687, 51.61491203], [-2.66355574, 51.61552966], [-2.66332567, 51.61620295], [-2.66299605, 51.61661947], [-2.66239226, 51.61683297], [-2.66156554, 51.61675108], [-2.66078842, 51.61639237], [-2.66032207, 51.61594856], [-2.6592952, 51.61558795], [-2.65805984, 51.61364067], [-2.65739465, 51.61222446], [-2.65729964, 51.61039531], [-2.65653944, 51.61010015], [-2.65463865, 51.61004114], [-2.65330827, 51.60933316], [-2.65169287, 51.60939205], [-2.65045762, 51.60998225], [-2.64922225, 51.61098528], [-2.64846194, 51.61222446], [-2.64873445, 51.61282527], [-2.64741671, 51.61452591], [-2.64684653, 51.61541104], [-2.64789164, 51.61682725], [-2.64941216, 51.6178894], [-2.65045762, 51.61971855], [-2.65074253, 51.62408531], [-2.64991725, 51.62463105], [-2.65001845, 51.62542427], [-2.64991796, 51.62634325], [-2.64954185, 51.62717497], [-2.64911556, 51.62783885], [-2.64864588, 51.62823832], [-2.64824736, 51.62840664], [-2.64799738, 51.62853515], [-2.64781094, 51.62875736], [-2.64751971, 51.62912714], [-2.64707756, 51.62966776], [-2.64656067, 51.63027596], [-2.64642823, 51.63079047], [-2.64660883, 51.63122451], [-2.64664066, 51.63156986], [-2.64651096, 51.63186204], [-2.64629567, 51.6321274], [-2.6460973, 51.63234925], [-2.64584064, 51.63250065], [-2.64547265, 51.63262105], [-2.64504337, 51.63277912], [-2.64451826, 51.63287222], [-2.64377332, 51.63323534], [-2.64308953, 51.63352394], [-2.64243305, 51.63379335], [-2.64187443, 51.63398337], [-2.64138257, 51.63414574], [-2.64090705, 51.63432395], [-2.64047992, 51.63458717], [-2.64018667, 51.63488305], [-2.63994455, 51.63517952], [-2.63974321, 51.63548791], [-2.63953352, 51.63582551], [-2.63934934, 51.63615], [-2.63911676, 51.63634956], [-2.63882375, 51.63651526], [-2.63853931, 51.63688326], [-2.63823056, 51.63751698], [-2.63789415, 51.6381098], [-2.63779974, 51.63853824], [-2.63787878, 51.63892841], [-2.63778603, 51.63940692], [-2.63745356, 51.63992977], [-2.63715124, 51.64036346], [-2.63686454, 51.64059901], [-2.63653111, 51.64069772], [-2.63634586, 51.6407454], [-2.63618517, 51.64102495], [-2.63590193, 51.64134896], [-2.63545942, 51.64177823], [-2.63486421, 51.64228416], [-2.63445008, 51.64264691], [-2.63416421, 51.64281571], [-2.6338886, 51.64289987], [-2.63360405, 51.64307368], [-2.63320005, 51.64344215], [-2.63263106, 51.64393735], [-2.63221824, 51.64430273], [-2.63188577, 51.64448905], [-2.63148856, 51.64463866], [-2.63107705, 51.64494371], [-2.63077843, 51.64546907], [-2.63053036, 51.64626515], [-2.63032615, 51.6472764], [-2.63011491, 51.64797652], [-2.62992704, 51.64831185], [-2.62969041, 51.64843595], [-2.62940466, 51.64849782], [-2.62916684, 51.64862347], [-2.62896276, 51.64884448], [-2.62869906, 51.64911306], [-2.62863386, 51.64938545], [-2.62836087, 51.64977086], [-2.62806034, 51.65018773], [-2.62753475, 51.65058422], [-2.62671351, 51.65099573], [-2.62568271, 51.65148425], [-2.62487793, 51.65180552], [-2.62431037, 51.65200198], [-2.62382746, 51.65221155], [-2.62340176, 51.65259957], [-2.62313414, 51.65311766], [-2.62302542, 51.65358055], [-2.62313795, 51.65404105], [-2.6233443, 51.65459061], [-2.62359107, 51.65515041], [-2.62380576, 51.65570235], [-2.62402308, 51.65610504], [-2.62424374, 51.65633845], [-2.62459695, 51.65644956], [-2.62508166, 51.65658176], [-2.62545645, 51.65698278], [-2.62569773, 51.65775287], [-2.62585485, 51.6586585], [-2.62577605, 51.65966988], [-2.62544167, 51.66055584], [-2.62477565, 51.66049111], [-2.6246562, 51.66060257], [-2.62462616, 51.66077006], [-2.62257636, 51.66204727], [-2.62226462, 51.66212654], [-2.62194705, 51.66232407], [-2.62144971, 51.66271043], [-2.62068105, 51.66318846], [-2.62005877, 51.66349816], [-2.61966681, 51.6637423], [-2.61927426, 51.66410387], [-2.61874962, 51.66457713], [-2.61836612, 51.66494274], [-2.61796558, 51.66519725], [-2.61725604, 51.66552055], [-2.61626041, 51.66598546], [-2.61545813, 51.6663053], [-2.61492574, 51.66648746], [-2.61457157, 51.66665781], [-2.61433291, 51.66702461], [-2.61408353, 51.66760922], [-2.61370516, 51.66806292], [-2.61332715, 51.66828787], [-2.61299205, 51.66849303], [-2.61250246, 51.66885936], [-2.61170793, 51.66934955], [-2.61093545, 51.66973126], [-2.61022866, 51.67006874], [-2.61027837, 51.67031884], [-2.60991287, 51.67064524], [-2.60948122, 51.67100584], [-2.60889482, 51.67136502], [-2.60840786, 51.67161202], [-2.60806072, 51.67190278], [-2.60759318, 51.67239344], [-2.60677934, 51.67297757], [-2.60583723, 51.67345762], [-2.60474384, 51.67392945], [-2.60355711, 51.67439568], [-2.60234082, 51.67493761], [-2.60127533, 51.67540562], [-2.60018945, 51.67587423], [-2.59910464, 51.67633176], [-2.59815705, 51.67686355], [-2.59755444, 51.67731285], [-2.59701037, 51.6776638], [-2.59629846, 51.67798555], [-2.59536803, 51.67835915], [-2.59451604, 51.67862415], [-2.59390604, 51.67880237], [-2.59342432, 51.67893195], [-2.59289098, 51.67906964], [-2.59218705, 51.67919981], [-2.5913136, 51.67933595], [-2.59030592, 51.67944253], [-2.58947265, 51.67954445], [-2.58963454, 51.6796875], [-2.5893085, 51.67983091], [-2.58901227, 51.67993546], [-2.58855331, 51.68004262], [-2.58775675, 51.68017054], [-2.58656025, 51.68027151], [-2.58572686, 51.68055832], [-2.58474243, 51.68046355], [-2.58392906, 51.68032146], [-2.58317876, 51.68014061], [-2.5824573, 51.67988276], [-2.57977545, 51.6796875], [-2.57964432, 51.67982471], [-2.57950664, 51.68010521], [-2.57957065, 51.68039072], [-2.57971525, 51.68068504], [-2.57945097, 51.68097842], [-2.57839561, 51.68121827], [-2.57685423, 51.68134618], [-2.57587814, 51.68148804], [-2.57549596, 51.68184185], [-2.57530427, 51.68260825], [-2.57514358, 51.68372643], [-2.57493305, 51.68457067], [-2.57471907, 51.68508565], [-2.57448125, 51.68541765], [-2.57426643, 51.68576646], [-2.57404816, 51.68630505], [-2.57386684, 51.68698335], [-2.57365048, 51.687397], [-2.57337821, 51.68756557], [-2.57306814, 51.6877501], [-2.57256663, 51.68812108], [-2.57176924, 51.68861258], [-2.57105875, 51.68894553], [-2.57052112, 51.68913245], [-2.57006228, 51.68922722], [-2.56925714, 51.68947172], [-2.56847692, 51.68950891], [-2.56805682, 51.68965757], [-2.56316745, 51.68983281], [-2.56253183, 51.69032252], [-2.56214762, 51.69064653], [-2.56187451, 51.69080281], [-2.56160474, 51.69092345], [-2.56139505, 51.69119596], [-2.56123733, 51.69165444], [-2.56102991, 51.6920855], [-2.56070232, 51.69244027], [-2.56005335, 51.69273233], [-2.55909872, 51.69292665], [-2.55801165, 51.69301951], [-2.5568006, 51.69288337], [-2.55582905, 51.69249606], [-2.55519104, 51.69208014], [-2.5545212, 51.69177985], [-2.55379355, 51.69170284], [-2.55331886, 51.69183171], [-2.55299544, 51.69209182], [-2.55254245, 51.69239736], [-2.55194044, 51.69271851], [-2.55129254, 51.69312966], [-2.55079532, 51.69351566], [-2.55031705, 51.69381082], [-2.54983735, 51.69399202], [-2.54973412, 51.69404113], [-2.54922903, 51.69471908], [-2.54861605, 51.69539404], [-2.54818714, 51.69594288], [-2.54792035, 51.69630826], [-2.54774725, 51.69653463], [-2.54750741, 51.69667411], [-2.54712355, 51.69682884], [-2.54665697, 51.69711566], [-2.54615498, 51.69750488], [-2.54551744, 51.69790697], [-2.54493296, 51.69816744], [-2.54444301, 51.69833791], [-2.54396892, 51.69846332], [-2.54342008, 51.69859815], [-2.54277086, 51.69872308], [-2.54211617, 51.69885492], [-2.54143834, 51.69897556], [-2.54072166, 51.69914806], [-2.53981352, 51.69943833], [-2.53870714, 51.69992232], [-2.53418374, 51.70003963], [-2.53365505, 51.70027542], [-2.53292406, 51.70056331], [-2.53184915, 51.70095825], [-2.53062713, 51.70130205], [-2.52947485, 51.70160115], [-2.52845216, 51.70180297], [-2.52764416, 51.70195866], [-2.52692854, 51.70208085], [-2.52628064, 51.70220125], [-2.52571404, 51.70230162], [-2.52537084, 51.70245004], [-2.52518165, 51.70271826], [-2.52497566, 51.70313942], [-2.52468956, 51.70367134], [-2.52420175, 51.70411336], [-2.52356875, 51.70445764], [-2.52293277, 51.70484483], [-2.52253926, 51.70519996], [-2.52227676, 51.70550704], [-2.52197528, 51.70580173], [-2.52138925, 51.70610237], [-2.52050591, 51.70642042], [-2.51952136, 51.70680475], [-2.51866746, 51.70710885], [-2.51788056, 51.70755935], [-2.51743054, 51.70765722], [-2.51698041, 51.70779204], [-2.51653016, 51.70793617], [-2.51608014, 51.70811737], [-2.51120853, 51.70803952], [-2.51072252, 51.70798397], [-2.51006174, 51.7081058], [-2.5090487, 51.70844102], [-2.50780511, 51.70894492], [-2.50678885, 51.70930088], [-2.50612652, 51.70950723], [-2.5056535, 51.70962942], [-2.50524271, 51.70973837], [-2.50489295, 51.70982885], [-2.50465047, 51.70997465], [-2.50446832, 51.71026206], [-2.50425541, 51.7107501], [-2.50404775, 51.71138525], [-2.50382125, 51.71188283], [-2.50361514, 51.71222341], [-2.50337207, 51.71250296], [-2.50306892, 51.71277726], [-2.50260997, 51.71304142], [-2.50209105, 51.71328795], [-2.501634, 51.71363223], [-2.50133431, 51.71405995], [-2.50109315, 51.71448791], [-2.50087476, 51.7149111], [-2.5005995, 51.71529424], [-2.50056195, 51.71747625], [-2.50025415, 51.71755064], [-2.49994624, 51.71768868], [-2.49970913, 51.71804726], [-2.5, 51.71825695], [-2.49952185, 51.71864605], [-2.49930465, 51.71920252], [-2.4990921, 51.71965575], [-2.49885833, 51.72000515], [-2.49864948, 51.72033215], [-2.49843645, 51.72072744], [-2.49824047, 51.72116315], [-2.49795461, 51.72145665], [-2.49754322, 51.72171438], [-2.49717784, 51.72217607], [-2.49710131, 51.72280407], [-2.49722803, 51.7233026], [-2.4972496, 51.72368097], [-2.49708533, 51.72409201], [-2.49686515, 51.72457993], [-2.49661541, 51.72498965], [-2.49638951, 51.72534335], [-2.49615002, 51.72575915], [-2.49593282, 51.72626054], [-2.49571371, 51.72668242], [-2.49555111, 51.72702408], [-2.49533415, 51.72707045], [-2.49501026, 51.72714257], [-2.49473631, 51.72730744], [-2.49443305, 51.72761226], [-2.49403036, 51.72800922], [-2.49372172, 51.72836661], [-2.49350393, 51.72864854], [-2.49334598, 51.72886336], [-2.49303567, 51.72905505], [-2.49233925, 51.72936976], [-2.49125123, 51.72990382], [-2.4901123, 51.73045945], [-2.48897254, 51.73103201], [-2.48805153, 51.73144305], [-2.48724294, 51.73174405], [-2.48649216, 51.73193347], [-2.48578215, 51.73210168], [-2.48498821, 51.73229885], [-2.48414016, 51.73255456], [-2.48335028, 51.73275316], [-2.48267043, 51.73290491], [-2.48200405, 51.73302341], [-2.48129892, 51.73319066], [-2.48039508, 51.73347855], [-2.47928965, 51.7339617], [-2.47852123, 51.73423803], [-2.47812724, 51.73452187], [-2.47790217, 51.73482084], [-2.47739577, 51.73517466], [-2.47709072, 51.73844266], [-2.47683787, 51.73869908], [-2.47664082, 51.73891163], [-2.47637784, 51.73905957], [-2.47597825, 51.73923194], [-2.47552121, 51.73957956], [-2.47510803, 51.74010742], [-2.47469234, 51.74072134], [-2.47439635, 51.7412734], [-2.47410166, 51.74159193], [-2.47370565, 51.74178433], [-2.4732939, 51.74202812], [-2.47300434, 51.74231374], [-2.47275496, 51.74261045], [-2.47247303, 51.74291086], [-2.47202003, 51.74319684], [-2.47142565, 51.74344957], [-2.47073352, 51.74373567], [-2.47005022, 51.74400377], [-2.46939373, 51.74427462], [-2.46885323, 51.74446917], [-2.46837234, 51.74463832], [-2.46779835, 51.74483466], [-2.46699464, 51.7451303], [-2.46598422, 51.74547684], [-2.46489811, 51.74587667], [-2.46400225, 51.74615264], [-2.46338105, 51.74632335], [-2.46289885, 51.74641871], [-2.46251285, 51.74665165], [-2.4609375, 51.74665165], [-2.4609375, 51.74693084], [-2.46075106, 51.74696052], [-2.46012926, 51.7471323], [-2.45947432, 51.74727035], [-2.45889246, 51.74742413], [-2.45839167, 51.74760962], [-2.45799065, 51.74786902], [-2.45774007, 51.74811745], [-2.45745683, 51.74830401], [-2.45698607, 51.74848962], [-2.45637047, 51.7487328], [-2.45580041, 51.74893117], [-2.45528185, 51.74911368], [-2.45472515, 51.74931276], [-2.45411015, 51.74956048], [-2.45355666, 51.74975932], [-2.45301425, 51.74996233], [-2.45233512, 51.7502377], [-2.45150864, 51.7506119], [-2.45082223, 51.75088203], [-2.45031881, 51.75105131], [-2.44995391, 51.75115955], [-2.4497174, 51.75130355], [-2.44954145, 51.75152767], [-2.44934654, 51.75180054], [-2.44919395, 51.75208747], [-2.44812083, 51.75275445], [-2.44767976, 51.75284815], [-2.44720674, 51.75299382], [-2.44664097, 51.75319111], [-2.44595611, 51.75348008], [-2.44524872, 51.75381267], [-2.44457602, 51.75423396], [-2.44407618, 51.75462115], [-2.44361794, 51.75490463], [-2.44324183, 51.75506055], [-2.4430145, 51.75520396], [-2.44285774, 51.75542366], [-2.44257975, 51.75574493], [-2.44202685, 51.75619352], [-2.44109034, 51.75670254], [-2.44017434, 51.7570281], [-2.4395318, 51.75720787], [-2.43913758, 51.75731575], [-2.43893182, 51.75744975], [-2.43880212, 51.75762272], [-2.43858302, 51.75776911], [-2.4382205, 51.75788605], [-2.43777776, 51.75802135], [-2.43731511, 51.75816166], [-2.43685281, 51.75834], [-2.43575394, 51.75850666], [-2.4348284, 51.75897706], [-2.43422902, 51.75925183], [-2.43395841, 51.75942743], [-2.43383372, 51.75959146], [-2.43364012, 51.75972164], [-2.43330026, 51.75982904], [-2.43283856, 51.75997436], [-2.43222654, 51.76017106], [-2.43141472, 51.76046288], [-2.43052447, 51.76079476], [-2.42978036, 51.76119137], [-2.42933881, 51.76150465], [-2.42892456, 51.76169205], [-2.42835617, 51.76185536], [-2.42783284, 51.76211107], [-2.42750597, 51.76241136], [-2.42727423, 51.76269865], [-2.42709565, 51.76293015], [-2.42686641, 51.76307523], [-2.42658544, 51.76317275], [-2.42636454, 51.76330936], [-2.42620301, 51.76348627], [-2.42597795, 51.76362574], [-2.42565978, 51.76370811], [-2.4245342, 51.76420152], [-2.42361724, 51.76429892], [-2.42294455, 51.76443005], [-2.42239034, 51.76456285], [-2.42170036, 51.76472962], [-2.42078555, 51.76493597], [-2.41993165, 51.76519835], [-2.41928101, 51.76540363], [-2.41869426, 51.76556754], [-2.41804647, 51.76569724], [-2.41739333, 51.76583254], [-2.41674566, 51.76595986], [-2.41617358, 51.76611841], [-2.41557717, 51.76631761], [-2.41481328, 51.76658976], [-2.41388595, 51.76685977], [-2.41282225, 51.76716936], [-2.41171777, 51.76749516], [-2.41088104, 51.76788175], [-2.41046393, 51.76819456], [-2.41013455, 51.76841295], [-2.409572, 51.76866341], [-2.40878046, 51.76901972], [-2.40808916, 51.76930261], [-2.40752482, 51.76954365], [-2.40720987, 51.76945055], [-2.40694201, 51.76972365], [-2.40653741, 51.77014053], [-2.40595794, 51.77071023], [-2.40553904, 51.77119565], [-2.40523624, 51.77144766], [-2.40495336, 51.77155423], [-2.40472865, 51.77167785], [-2.40453815, 51.77188265], [-2.40430415, 51.7721436], [-2.40407491, 51.77245748], [-2.40387738, 51.77288043], [-2.40386772, 51.77343821], [-2.40407181, 51.77401686], [-2.4043982, 51.77458715], [-2.40485907, 51.77498686], [-2.40528953, 51.77518356], [-2.40552998, 51.77532125], [-2.4055202, 51.77546668], [-2.40528703, 51.7755903], [-2.40495634, 51.77574944], [-2.40472662, 51.77610242], [-2.40471435, 51.77662885], [-2.40492356, 51.77698958], [-2.40527093, 51.77716827], [-2.40674424, 51.77780366], [-2.40763783, 51.77809334], [-2.40841866, 51.77851546], [-2.40901816, 51.77897477], [-2.40965784, 51.779392], [-2.41032553, 51.77964795], [-2.41115165, 51.77981257], [-2.41215551, 51.77993512], [-2.41293585, 51.78006995], [-2.41349924, 51.78020012], [-2.41404724, 51.78034484], [-2.41468275, 51.78047943], [-2.41532946, 51.78062487], [-2.41598737, 51.78075886], [-2.4166398, 51.78090405], [-2.41744244, 51.78103805], [-2.41856861, 51.78118324], [-2.42004526, 51.78131688], [-2.42129362, 51.78146076], [-2.42226827, 51.78159261], [-2.42292881, 51.78173673], [-2.42340148, 51.78187954], [-2.42381954, 51.78205752], [-2.43170357, 51.78210211], [-2.43274236, 51.78184593], [-2.43405044, 51.78154731], [-2.43541312, 51.78119945], [-2.43665445, 51.78105545], [-2.43782151, 51.78112125], [-2.43908584, 51.78125751], [-2.44015467, 51.78146505], [-2.44113874, 51.78179991], [-2.44202936, 51.78230906], [-2.44260871, 51.78276634], [-2.44314122, 51.78312242], [-2.44387853, 51.78344464], [-2.44495952, 51.78383374], [-2.4461658, 51.78416347], [-2.44723284, 51.78446126], [-2.44807625, 51.78470433], [-2.44863665, 51.78497541], [-2.44893885, 51.78527558], [-2.44916165, 51.78563237], [-2.44934988, 51.78609455], [-2.44955432, 51.7866528], [-2.44973767, 51.78725004], [-2.44997895, 51.78761303], [-2.4503051, 51.78777635], [-2.45058405, 51.78780675], [-2.45063174, 51.79028595], [-2.45091891, 51.79064691], [-2.45114934, 51.7910552], [-2.45138252, 51.79152524], [-2.45159566, 51.79215765], [-2.451828, 51.79300225], [-2.45203841, 51.79407978], [-2.45225716, 51.79498672], [-2.45245421, 51.79566503], [-2.45271122, 51.7960031], [-2.45302618, 51.79614437], [-2.45325053, 51.79632068], [-2.45325696, 51.79658604], [-2.45298624, 51.79681694], [-2.45245147, 51.79706132], [-2.45182681, 51.79743195], [-2.45140708, 51.79785991], [-2.45110965, 51.79839826], [-2.45081556, 51.79904687], [-2.45040321, 51.79951263], [-2.45000374, 51.79972971], [-2.44973016, 51.79988134], [-2.44953954, 51.80008972], [-2.44934297, 51.8003515], [-2.44919252, 51.80063355], [-2.44808996, 51.80118716], [-2.447595, 51.80149364], [-2.44715774, 51.80205262], [-2.44686174, 51.80281246], [-2.44661975, 51.80339026], [-2.44641805, 51.80377305], [-2.44620645, 51.80409515], [-2.44601727, 51.80438781], [-2.44577801, 51.80457366], [-2.44548821, 51.80479264], [-2.44524872, 51.80535412], [-2.44505715, 51.80628932], [-2.44483757, 51.80705547], [-2.44462454, 51.80759001], [-2.44438887, 51.808007], [-2.44417524, 51.80842137], [-2.44395721, 51.80882084], [-2.44377291, 51.80916953], [-2.44354916, 51.80936694], [-2.44326913, 51.80946755], [-2.4429754, 51.80963814], [-2.44256544, 51.80999565], [-2.44196343, 51.81050563], [-2.44143987, 51.81097603], [-2.44092524, 51.81140363], [-2.44044936, 51.81134915], [-2.4402858, 51.81155002], [-2.44011712, 51.81181097], [-2.43990266, 51.81215441], [-2.43969512, 51.81255722], [-2.43944991, 51.81292415], [-2.43915653, 51.81324303], [-2.43873167, 51.81350684], [-2.43825924, 51.81368184], [-2.43776047, 51.81384361], [-2.43715787, 51.81403255], [-2.43639767, 51.81429064], [-2.43562186, 51.81454694], [-2.43499196, 51.81487036], [-2.4344604, 51.81525946], [-2.43384624, 51.81564653], [-2.43335843, 51.81588602], [-2.43310356, 51.81605244], [-2.43297672, 51.81621575], [-2.43275416, 51.81636405], [-2.43227327, 51.81654573], [-2.43148124, 51.81683636], [-2.43043852, 51.81718195], [-2.42923248, 51.81758034], [-2.42808425, 51.81785536], [-2.42713463, 51.81803465], [-2.42629278, 51.81816316], [-2.42566741, 51.81830025], [-2.42511046, 51.81843054], [-2.42432022, 51.81856585], [-2.42315245, 51.81866741], [-2.42253005, 51.81888795], [-2.42175877, 51.81870937], [-2.42090845, 51.81856573], [-2.4201349, 51.81842113], [-2.41935086, 51.81829238], [-2.41845167, 51.81816065], [-2.41741741, 51.81804848], [-2.41661751, 51.81790411], [-2.41605556, 51.81765687], [-2.41561747, 51.81715858], [-2.41525781, 51.81649363], [-2.41484058, 51.81601703], [-2.41445446, 51.81580055], [-2.41416681, 51.81563115], [-2.41387284, 51.81532764], [-2.41345668, 51.81486344], [-2.41304255, 51.8143754], [-2.41258454, 51.81402504], [-2.41218603, 51.81385088], [-2.4119302, 51.81371272], [-2.41174924, 51.81349921], [-2.41150904, 51.81316376], [-2.41118968, 51.81265497], [-2.41077375, 51.81195426], [-2.41043866, 51.81107557], [-2.41028452, 51.81089556], [-2.40996373, 51.8108294], [-2.40962708, 51.81062245], [-2.40910065, 51.8101511], [-2.4083358, 51.80946052], [-2.40780437, 51.80890274], [-2.40747035, 51.80863392], [-2.40718877, 51.80851293], [-2.40697205, 51.80831635], [-2.40679896, 51.80796087], [-2.40660465, 51.80755305], [-2.40642393, 51.80717945], [-2.40616775, 51.80695105], [-2.40578985, 51.80682874], [-2.40536356, 51.80672121], [-2.40498865, 51.80662131], [-2.40470994, 51.8064512], [-2.40442598, 51.80614841], [-2.40403247, 51.80574787], [-2.40364742, 51.80537212], [-2.40315974, 51.80505991], [-2.40251076, 51.80480862], [-2.40163982, 51.80454814], [-2.40067506, 51.80434084], [-2.39983404, 51.8041383], [-2.39949155, 51.8040992], [-2.39904261, 51.80392194], [-2.39859605, 51.80378163], [-2.39815354, 51.80364227], [-2.39770746, 51.80351281], [-2.39723015, 51.80334938], [-2.39667237, 51.80314446], [-2.39603674, 51.80288255], [-2.39544034, 51.80267715], [-2.39484668, 51.80251277], [-2.39422095, 51.80238116], [-2.39367807, 51.80224085], [-2.39319575, 51.80210924], [-2.39265692, 51.8019644], [-2.39195311, 51.80182946], [-2.39104831, 51.8016839], [-2.38989806, 51.80155218], [-2.38877368, 51.80141687], [-2.38777077, 51.80130064], [-2.3872261, 51.80115688], [-2.38698494, 51.80097961], [-2.38664174, 51.8008126], [-2.38600814, 51.80062485], [-2.38526165, 51.80037665], [-2.38457775, 51.80017447], [-2.38407755, 51.80000186], [-2.38334537, 51.79981482], [-2.38281476, 51.79955506], [-2.38254237, 51.79931331], [-2.38231945, 51.79916096], [-2.38198531, 51.79905307], [-2.38147724, 51.79886913], [-2.38069415, 51.79852831], [-2.37964666, 51.79801333], [-2.37866795, 51.79759276], [-2.37769842, 51.79727256], [-2.37676084, 51.79707873], [-2.37609303, 51.79694247], [-2.37569106, 51.79683471], [-2.37544811, 51.79667354], [-2.37516665, 51.79642963], [-2.37466145, 51.79617834], [-2.37408376, 51.79600465], [-2.37368083, 51.79582655], [-2.37336755, 51.79558325], [-2.37296224, 51.79533362], [-2.37257147, 51.79516327], [-2.37231708, 51.79500628], [-2.37217522, 51.79482031], [-2.37204313, 51.79463565], [-2.37157214, 51.79467416], [-2.37144136, 51.79437387], [-2.37130666, 51.79405403], [-2.37107086, 51.79383087], [-2.37069964, 51.79371154], [-2.37025475, 51.79366374], [-2.36978984, 51.79372716], [-2.36492777, 51.79381275], [-2.36426353, 51.79402316], [-2.36344635, 51.79423964], [-2.36249232, 51.79449952], [-2.3615334, 51.79470146], [-2.36073017, 51.79486418], [-2.35988605, 51.79499567], [-2.35876811, 51.79513621], [-2.3573724, 51.79526794], [-2.35636175, 51.79541302], [-2.35573423, 51.79554737], [-2.35519493, 51.79569197], [-2.35460842, 51.79582202], [-2.35407293, 51.7959578], [-2.35355973, 51.79608512], [-2.35294306, 51.79625952], [-2.35216951, 51.79651928], [-2.35145605, 51.79689705], [-2.35104263, 51.7972126], [-2.35073531, 51.7974025], [-2.35035014, 51.79756057], [-2.34993768, 51.79780602], [-2.34963644, 51.79811275], [-2.34940088, 51.79847944], [-2.34924531, 51.79891932], [-2.34891117, 51.79928684], [-2.34878194, 51.79947126], [-2.34855664, 51.79959333], [-2.34825504, 51.79968631], [-2.34798765, 51.79989123], [-2.34777117, 51.80031526], [-2.34760726, 51.80095983], [-2.34769034, 51.80175364], [-2.34807014, 51.80231214], [-2.34854376, 51.80257011], [-2.34901452, 51.80270934], [-2.34955156, 51.80281484], [-2.35032713, 51.80294001], [-2.35138345, 51.80306375], [-2.35241926, 51.80321944], [-2.35347807, 51.80342174], [-2.35451305, 51.80372286], [-2.35553467, 51.80406952], [-2.35648847, 51.80446255], [-2.35718083, 51.80472815], [-2.35768592, 51.80490625], [-2.35813785, 51.80507708], [-2.35857534, 51.80535066], [-2.35899973, 51.80572104], [-2.35955083, 51.80617225], [-2.35964322, 51.80650938], [-2.35995102, 51.80658674], [-2.36025858, 51.80666542], [-2.36049593, 51.80680966], [-2.36068392, 51.80705953], [-2.36090398, 51.80740595], [-2.36112034, 51.80780804], [-2.36135066, 51.80816305], [-2.36152816, 51.80846751], [-2.36166418, 51.80875838], [-2.36178875, 51.80905116], [-2.36211824, 51.80930984], [-2.3625102, 51.80947864], [-2.36275041, 51.80963445], [-2.3627429, 51.80980885], [-2.36250985, 51.80994523], [-2.36220026, 51.81003344], [-2.36205578, 51.81012034], [-2.36219895, 51.8102107], [-2.36250591, 51.81032312], [-2.36273754, 51.81053758], [-2.36275482, 51.81083548], [-2.36255205, 51.81104946], [-2.36222446, 51.81116033], [-2.36189246, 51.81124711], [-2.36198485, 51.81240475], [-2.36147642, 51.81246316], [-2.36087763, 51.81244504], [-2.36077595, 51.81242538], [-2.36033845, 51.81234074], [-2.35994482, 51.81218624], [-2.35971725, 51.81188774], [-2.35956693, 51.81142235], [-2.35933018, 51.81097734], [-2.35889852, 51.81056321], [-2.35812724, 51.81015646], [-2.35722256, 51.80983841], [-2.35641527, 51.80955684], [-2.35581708, 51.80936301], [-2.35534728, 51.80921245], [-2.35490584, 51.80908883], [-2.35444558, 51.80893874], [-2.3539716, 51.80875063], [-2.35355854, 51.8084861], [-2.35329938, 51.80823743], [-2.35305035, 51.80807436], [-2.35269582, 51.80795991], [-2.35223544, 51.80781043], [-2.35166836, 51.80761266], [-2.35101426, 51.80735505], [-2.35038948, 51.8071475], [-2.34893882, 51.80620193], [-2.34881163, 51.80602264], [-2.34852326, 51.80585706], [-2.34800076, 51.80559492], [-2.34738004, 51.80509746], [-2.34695625, 51.80448925], [-2.34667516, 51.80390191], [-2.34647501, 51.80320597], [-2.34626853, 51.80229795], [-2.34607244, 51.80122495], [-2.34581482, 51.8005892], [-2.34552526, 51.80037868], [-2.34539175, 51.80031228], [-2.34552455, 51.8002609], [-2.34581316, 51.80019104], [-2.34607196, 51.80004716], [-2.34627473, 51.79981566], [-2.34649634, 51.79953873], [-2.34670782, 51.79925215], [-2.34694183, 51.79896831], [-2.34716034, 51.79868805], [-2.34739852, 51.7984091], [-2.34761632, 51.79813027], [-2.34783602, 51.79785144], [-2.34799886, 51.79757261], [-2.3482306, 51.79747391], [-2.34855604, 51.79740047], [-2.34879684, 51.79725635], [-2.34898007, 51.79702604], [-2.34918725, 51.79675007], [-2.34938443, 51.79646206], [-2.34961975, 51.79616904], [-2.34991395, 51.79586935], [-2.35038197, 51.79557991], [-2.35098231, 51.79532504], [-2.35164344, 51.79505813], [-2.35221446, 51.79485905], [-2.35269213, 51.79469895], [-2.35313058, 51.79456866], [-2.35356903, 51.79442882], [-2.35404074, 51.79429936], [-2.35458636, 51.79415953], [-2.35519707, 51.79402745], [-2.35577595, 51.79386282], [-2.35644996, 51.79365766], [-2.35741961, 51.79339695], [-2.35859466, 51.79319382], [-2.35963654, 51.79303014], [-2.36057055, 51.79288971], [-2.3608433, 51.79282928], [-2.36134517, 51.79271817], [-2.36425877, 51.79268241], [-2.3647089, 51.79245818], [-2.36544526, 51.79223311], [-2.36686373, 51.79200125], [-2.36895585, 51.79192901], [-2.37102628, 51.79201794], [-2.37299085, 51.79215634], [-2.37426543, 51.79235017], [-2.37513244, 51.79263127], [-2.37604928, 51.7930299], [-2.37696111, 51.79337478], [-2.37773645, 51.7936697], [-2.37833917, 51.79386616], [-2.37893891, 51.79403532], [-2.37969983, 51.79422963], [-2.38057685, 51.79449916], [-2.38145983, 51.79476476], [-2.38225663, 51.79505086], [-2.38295805, 51.79531622], [-2.38369834, 51.79564142], [-2.38450706, 51.79604185], [-2.38532054, 51.79655695], [-2.38580954, 51.79694796], [-2.38611424, 51.79714096], [-2.3864181, 51.79721534], [-2.38794792, 51.79816413], [-2.38806665, 51.79836535], [-2.38830018, 51.79851425], [-2.38867307, 51.7986294], [-2.38911641, 51.79876304], [-2.38956952, 51.79889393], [-2.39001536, 51.79903901], [-2.39047945, 51.79917145], [-2.39102972, 51.79931223], [-2.39172626, 51.79944384], [-2.39255154, 51.79960656], [-2.39352286, 51.7998085], [-2.39438665, 51.80006826], [-2.39501143, 51.80028474], [-2.39550424, 51.80049515], [-2.40080595, 51.80050921], [-2.40130866, 51.80071998], [-2.40188074, 51.80093753], [-2.40252495, 51.80119705], [-2.40309596, 51.8013941], [-2.40356123, 51.80154288], [-2.40391815, 51.80165732], [-2.40416658, 51.80181992], [-2.40442026, 51.80206597], [-2.40482092, 51.80232537], [-2.40528452, 51.80251098], [-2.40577805, 51.80268085], [-2.40637922, 51.80287945], [-2.40716326, 51.80315554], [-2.40802658, 51.80342794], [-2.40880275, 51.80370414], [-2.40939164, 51.80390513], [-2.40989268, 51.80408394], [-2.41044283, 51.80428457], [-2.41106892, 51.80454135], [-2.41162968, 51.80474556], [-2.41211104, 51.80491185], [-2.41255856, 51.80504513], [-2.41300094, 51.80517638], [-2.41344547, 51.80527401], [-2.41405511, 51.80569494], [-2.41416812, 51.80588007], [-2.41440046, 51.80602455], [-2.41479373, 51.80619085], [-2.4153043, 51.80650306], [-2.41593325, 51.80696022], [-2.41675377, 51.80746233], [-2.41738045, 51.80776656], [-2.41770566, 51.80795956], [-2.41788375, 51.80819154], [-2.41807938, 51.8085196], [-2.41828132, 51.80893624], [-2.41851425, 51.8093667], [-2.41872811, 51.80979037], [-2.41894841, 51.81013191], [-2.41914034, 51.81036723], [-2.41937995, 51.81050074], [-2.41966963, 51.81060457], [-2.41990876, 51.81080675], [-2.42009795, 51.81113255], [-2.42031038, 51.8114655], [-2.42051423, 51.81181741], [-2.42075825, 51.81230974], [-2.42104924, 51.81298745], [-2.42146063, 51.81365573], [-2.42237246, 51.81364572], [-2.42313886, 51.81383765], [-2.42398095, 51.8139894], [-2.42474616, 51.81410563], [-2.42554665, 51.81410754], [-2.42654312, 51.81399834], [-2.42778897, 51.81385875], [-2.42887163, 51.81366575], [-2.42985797, 51.81339395], [-2.43075931, 51.81303835], [-2.43135297, 51.81278634], [-2.43170691, 51.81255138], [-2.43209267, 51.81217945], [-2.43263972, 51.81169164], [-2.43304396, 51.81132472], [-2.43337655, 51.81112337], [-2.43377686, 51.81096375], [-2.43419027, 51.81071711], [-2.43448722, 51.81042635], [-2.43472826, 51.81013441], [-2.43492687, 51.80984592], [-2.43516183, 51.80955243], [-2.43545401, 51.80925405], [-2.43589056, 51.80898833], [-2.43638587, 51.80880976], [-2.43653715, 51.80865455], [-2.43686152, 51.80795681], [-2.43729365, 51.80739605], [-2.43771148, 51.80700934], [-2.43816972, 51.80675244], [-2.43857133, 51.80659127], [-2.43883407, 51.8063755], [-2.43901575, 51.80602407], [-2.43921804, 51.80561423], [-2.43941498, 51.80517244], [-2.43965745, 51.80474293], [-2.43996215, 51.80432606], [-2.44042087, 51.80399334], [-2.44093704, 51.80371976], [-2.44138885, 51.80331492], [-2.44168937, 51.80275357], [-2.44196248, 51.80215788], [-2.44227433, 51.80152917], [-2.44266582, 51.80100966], [-2.44296575, 51.80069673], [-2.44326532, 51.80053425], [-2.44366205, 51.80035281], [-2.44407976, 51.79997075], [-2.44439948, 51.79943287], [-2.4447149, 51.79892266], [-2.44478464, 51.79868937], [-2.44504917, 51.79831612], [-2.44525385, 51.79797196], [-2.44549155, 51.79777133], [-2.44577754, 51.79767835], [-2.44601691, 51.7975502], [-2.44621575, 51.79727566], [-2.44645035, 51.79679132], [-2.44666874, 51.79613864], [-2.44684041, 51.79558313], [-2.44682717, 51.79515624], [-2.44668877, 51.79482615], [-2.44668746, 51.7944324], [-2.44687831, 51.79374754], [-2.44709265, 51.79278362], [-2.44721377, 51.79204071], [-2.44708645, 51.79147863], [-2.44677627, 51.79090011], [-2.44635355, 51.79039586], [-2.44603884, 51.79007745], [-2.44577515, 51.78993118], [-2.44550145, 51.78985631], [-2.44524884, 51.78971076], [-2.44492972, 51.78941655], [-2.44441974, 51.78899646], [-2.44440711, 51.78863955], [-2.44374156, 51.78853905], [-2.44293141, 51.78843546], [-2.44217706, 51.78830314], [-2.44151115, 51.78817081], [-2.44094574, 51.78800452], [-2.44029951, 51.7877984], [-2.43933845, 51.78753614], [-2.438097, 51.7873311], [-2.43683624, 51.78716683], [-2.43559062, 51.78703523], [-2.43472612, 51.78689516], [-2.43400943, 51.78676403], [-2.43291378, 51.78661835], [-2.43132794, 51.78648007], [-2.42998266, 51.78632724], [-2.42887938, 51.78619146], [-2.42787802, 51.78608274], [-2.42684996, 51.78606927], [-2.42607415, 51.78610301], [-2.42549765, 51.78605986], [-2.41720104, 51.78596306], [-2.41608512, 51.78578556], [-2.41483486, 51.78564441], [-2.41383815, 51.78550434], [-2.41302335, 51.78537703], [-2.41222656, 51.78522325], [-2.41137636, 51.78503716], [-2.41075873, 51.78478217], [-2.41044831, 51.78454304], [-2.41016698, 51.78435636], [-2.40969884, 51.78411925], [-2.40907288, 51.78371787], [-2.40844035, 51.78326035], [-2.40762508, 51.7828207], [-2.40669763, 51.78249097], [-2.40578103, 51.78220892], [-2.40498996, 51.78201783], [-2.40442502, 51.78187335], [-2.40407062, 51.78176057], [-2.40387952, 51.78161716], [-2.40367246, 51.78143847], [-2.40312982, 51.78128791], [-2.40216196, 51.78116775], [-2.40112472, 51.78104115], [-2.40000975, 51.78094435], [-2.39951885, 51.78073943], [-2.39888954, 51.78054094], [-2.39825904, 51.78029776], [-2.39779103, 51.78011215], [-2.39751208, 51.7799257], [-2.39726317, 51.77967703], [-2.39686024, 51.77941644], [-2.39635313, 51.77922845], [-2.39576554, 51.77907431], [-2.39512491, 51.77894688], [-2.39457893, 51.77881122], [-2.39412618, 51.77868247], [-2.39365971, 51.77852285], [-2.39300585, 51.77832425], [-2.39201617, 51.77805793], [-2.39087415, 51.77780283], [-2.39006245, 51.77750802], [-2.38956034, 51.77719438], [-2.38897252, 51.77688622], [-2.38821685, 51.77657843], [-2.38752556, 51.77620447], [-2.38707972, 51.77590251], [-2.38652956, 51.77569246], [-2.38555396, 51.77542436], [-2.38431632, 51.77496767], [-2.38373196, 51.77486718], [-2.38356841, 51.77466595], [-2.38339734, 51.77440405], [-2.38317621, 51.77406085], [-2.38295913, 51.77366245], [-2.38272154, 51.77330935], [-2.38250291, 51.77300835], [-2.38226795, 51.77272582], [-2.38205624, 51.77244341], [-2.38183737, 51.77217054], [-2.38164604, 51.77194905], [-2.38140666, 51.77182555], [-2.38111734, 51.77176857], [-2.38087797, 51.77164638], [-2.38068652, 51.77129185], [-2.38046706, 51.77052355], [-2.38025415, 51.76940405], [-2.38001943, 51.76854706], [-2.37980664, 51.76798832], [-2.37958682, 51.76758695], [-2.37939334, 51.767259], [-2.37914956, 51.76706433], [-2.37885737, 51.76695931], [-2.37863302, 51.76682818], [-2.37850225, 51.76663923], [-2.37886012, 51.76665246], [-2.37920713, 51.76634777], [-2.37941623, 51.76569986], [-2.37940335, 51.76472545], [-2.37917447, 51.76409781], [-2.37884784, 51.76380122], [-2.37862313, 51.76346254], [-2.37861764, 51.76297605], [-2.37882686, 51.76265585], [-2.37913692, 51.76252615], [-2.37939358, 51.76239276], [-2.37958467, 51.76207614], [-2.37977993, 51.76145816], [-2.37995112, 51.7606436], [-2.38019097, 51.76013756], [-2.38056576, 51.75993502], [-2.38106263, 51.75979006], [-2.38166952, 51.75956404], [-2.38228655, 51.75918925], [-2.38267076, 51.75881755], [-2.38293302, 51.75849712], [-2.38325822, 51.75820196], [-2.38391924, 51.75792372], [-2.38491082, 51.75765932], [-2.38597953, 51.75731826], [-2.38656735, 51.75714076], [-2.38767862, 51.75666046], [-2.38856935, 51.75632691], [-2.38920641, 51.75599182], [-2.38980627, 51.75554991], [-2.39068925, 51.75499153], [-2.39172256, 51.75445378], [-2.39284992, 51.75389576], [-2.39376867, 51.75348985], [-2.39447796, 51.75319302], [-2.39494097, 51.75301492], [-2.39517915, 51.75286317], [-2.39531446, 51.75269985], [-2.3955034, 51.75257576], [-2.3957628, 51.75247812], [-2.39603746, 51.75230145], [-2.39645016, 51.7519865], [-2.39716065, 51.75161386], [-2.39793754, 51.75135636], [-2.39861512, 51.75114298], [-2.39932084, 51.75087237], [-2.40012705, 51.75050116], [-2.40081692, 51.75022757], [-2.40144408, 51.75005257], [-2.40213621, 51.74995327], [-2.40264773, 51.74975026], [-2.40306926, 51.74964905], [-2.40349126, 51.74951303], [-2.40396452, 51.74937975], [-2.40462816, 51.74923706], [-2.40561783, 51.74910665], [-2.40689194, 51.74895096], [-2.40836894, 51.74875987], [-2.40935493, 51.74849451], [-2.40979862, 51.74824846], [-2.41013658, 51.74809766], [-2.41056073, 51.74800825], [-2.4108777, 51.74787128], [-2.4110769, 51.7476238], [-2.41129887, 51.7472651], [-2.4116168, 51.74684072], [-2.41216624, 51.74649346], [-2.41284072, 51.74628806], [-2.41342831, 51.74614024], [-2.41390896, 51.74602246], [-2.4143362, 51.74589753], [-2.41475844, 51.74577916], [-2.41524911, 51.74560714], [-2.41593611, 51.74531627], [-2.41688025, 51.74483204], [-2.41812634, 51.74459887], [-2.41874945, 51.74411321], [-2.41912532, 51.74378955], [-2.41942275, 51.74361765], [-2.41980946, 51.74344885], [-2.42025065, 51.74310935], [-2.42064834, 51.74260986], [-2.42104101, 51.74207735], [-2.42132127, 51.74164176], [-2.42168736, 51.74134171], [-2.42239022, 51.74100602], [-2.42336833, 51.74054003], [-2.42413855, 51.74020863], [-2.42470193, 51.73999286], [-2.42535174, 51.73979413], [-2.42635095, 51.73952556], [-2.42759526, 51.73926032], [-2.42859817, 51.73899925], [-2.42916775, 51.73883045], [-2.42941344, 51.73867714], [-2.42954707, 51.73842824], [-2.42977071, 51.73800361], [-2.43016672, 51.73736632], [-2.43082404, 51.73664093], [-2.43505406, 51.73660707], [-2.43550432, 51.73688614], [-2.43963945, 51.7369678], [-2.44031358, 51.73728454], [-2.4408673, 51.73749137], [-2.44138265, 51.73767483], [-2.44203246, 51.73792803], [-2.44289172, 51.73832464], [-2.44381356, 51.73875964], [-2.44486046, 51.73930764], [-2.45125794, 51.73936856], [-2.45169735, 51.73919725], [-2.45214391, 51.73905683], [-2.45262551, 51.73889303], [-2.45319056, 51.73868954], [-2.45382845, 51.73842895], [-2.45439208, 51.73822594], [-2.45487344, 51.73806596], [-2.45532787, 51.7379384], [-2.45579386, 51.73778713], [-2.45627105, 51.73759878], [-2.45668995, 51.73733735], [-2.45695448, 51.73710036], [-2.45718825, 51.73695815], [-2.45746267, 51.73684633], [-2.45775688, 51.73659265], [-2.45816565, 51.73610544], [-2.45872974, 51.73553908], [-2.45912957, 51.73514795], [-2.45946431, 51.73493862], [-2.45994413, 51.73475265], [-2.46060145, 51.73445892], [-2.4609375, 51.734375], [-2.4609375, 51.73409593], [-2.46112871, 51.73406637], [-2.46174335, 51.73388851], [-2.46238196, 51.73374558], [-2.46293855, 51.73360145], [-2.46344602, 51.73346984], [-2.46400261, 51.73332596], [-2.46462512, 51.73319197], [-2.46517992, 51.73304653], [-2.46568334, 51.73291194], [-2.46623671, 51.73276734], [-2.46688604, 51.73263753], [-2.46755028, 51.73250234], [-2.46825063, 51.73237753], [-2.46897376, 51.73220718], [-2.46977782, 51.73194635], [-2.47052622, 51.73154426], [-2.47105074, 51.73115754], [-2.47151172, 51.73087966], [-2.47189546, 51.73073816], [-2.47214794, 51.7305907], [-2.47232413, 51.73026896], [-2.47251594, 51.72965205], [-2.47269428, 51.72883761], [-2.47293508, 51.72831965], [-2.47326195, 51.72808242], [-2.47346246, 51.72802043], [-2.47357893, 51.72766721], [-2.47384095, 51.72742474], [-2.47431922, 51.72722435], [-2.47493875, 51.72697997], [-2.47552288, 51.72678375], [-2.4761126, 51.72662151], [-2.47683537, 51.72648907], [-2.47773445, 51.72634804], [-2.47880781, 51.72621596], [-2.47971237, 51.72607195], [-2.48043275, 51.72594023], [-2.48097634, 51.72579944], [-2.48143184, 51.72566676], [-2.48190236, 51.72550094], [-2.48246074, 51.72529626], [-2.48308325, 51.72504342], [-2.48359323, 51.72486365], [-2.48397255, 51.72473001], [-2.48390961, 51.72141135], [-2.48357725, 51.72132576], [-2.48324645, 51.72119725], [-2.4830327, 51.72091806], [-2.48303437, 51.72051144], [-2.48327684, 51.72021806], [-2.48369992, 51.72002006], [-2.48414397, 51.71976757], [-2.48445725, 51.71943915], [-2.48470795, 51.71900284], [-2.4849112, 51.71848011], [-2.48512125, 51.7180655], [-2.48530817, 51.71780705], [-2.48554802, 51.71767425], [-2.48584735, 51.71757364], [-2.48611331, 51.71736753], [-2.48633516, 51.71702635], [-2.48650634, 51.71668053], [-2.48640823, 51.71637416], [-2.48594046, 51.71609235], [-2.48527575, 51.71577394], [-2.4846878, 51.71524417], [-2.48458874, 51.71453845], [-2.48491752, 51.71373975], [-2.48528194, 51.71282864], [-2.4847517, 51.71248007], [-2.48490655, 51.71194553], [-2.48511112, 51.71138406], [-2.48531067, 51.71081126], [-2.48557067, 51.71046817], [-2.48588061, 51.71026134], [-2.48608685, 51.70992005], [-2.4860754, 51.70940804], [-2.48584712, 51.70905972], [-2.48554027, 51.70891201], [-2.48539114, 51.70883131], [-2.48551834, 51.70875955], [-2.48580647, 51.70866263], [-2.48606622, 51.70845342], [-2.48626935, 51.7081207], [-2.48649144, 51.70778], [-2.48670304, 51.70741677], [-2.48693717, 51.70692146], [-2.48715532, 51.70629418], [-2.48739028, 51.70579922], [-2.48760128, 51.70545554], [-2.48781657, 51.70518541], [-2.48800206, 51.70496845], [-2.48824251, 51.70483124], [-2.48856723, 51.70476055], [-2.48974681, 51.70397246], [-2.48985398, 51.70323765], [-2.48992515, 51.70267665], [-2.48987162, 51.70213676], [-2.48988903, 51.7015177], [-2.49004972, 51.70104742], [-2.49024403, 51.70077121], [-2.49049485, 51.70063925], [-2.49078727, 51.70056474], [-2.49102092, 51.70043635], [-2.49120951, 51.70021296], [-2.49145937, 51.69991422], [-2.49178207, 51.69954896], [-2.49219012, 51.69915295], [-2.49249792, 51.6988548], [-2.49276805, 51.69869638], [-2.49305034, 51.69861054], [-2.49327457, 51.69848084], [-2.49345994, 51.69825888], [-2.4937098, 51.69796145], [-2.49403167, 51.69759643], [-2.49443614, 51.69719791], [-2.49473774, 51.69689357], [-2.49501061, 51.69672954], [-2.49533367, 51.69665766], [-2.49555087, 51.69651604], [-2.49571395, 51.69608414], [-2.49593353, 51.69573152], [-2.49615133, 51.69543874], [-2.49638951, 51.69516551], [-2.49660826, 51.69489062], [-2.49684334, 51.69460881], [-2.49705505, 51.6943233], [-2.4972738, 51.6940515], [-2.49746525, 51.69383085], [-2.49770486, 51.69369316], [-2.49799526, 51.69358277], [-2.49823546, 51.69337201], [-2.49842441, 51.69303083], [-2.49863017, 51.69268668], [-2.49881637, 51.69238186], [-2.49904108, 51.6920948], [-2.49936604, 51.69180036], [-2.5, 51.69145477], [-2.50089216, 51.69117725], [-2.50182784, 51.69081855], [-2.50244474, 51.69058025], [-2.50279653, 51.69036376], [-2.50321126, 51.68999493], [-2.50393057, 51.689435], [-2.50407147, 51.68904364], [-2.50480795, 51.688694], [-2.50571024, 51.68830037], [-2.50682366, 51.68782032], [-2.50770664, 51.68749905], [-2.50820172, 51.68726063], [-2.50859702, 51.68695641], [-2.50914085, 51.68661284], [-2.5096184, 51.68638027], [-2.50998604, 51.68614614], [-2.51048088, 51.68575907], [-2.51125765, 51.68526924], [-2.51194632, 51.68494046], [-2.51247275, 51.68474758], [-2.51298261, 51.68462455], [-2.51363921, 51.68449867], [-2.51445007, 51.68437576], [-2.51515186, 51.68421745], [-2.51577556, 51.68401396], [-2.51643515, 51.68373215], [-2.51709044, 51.68345427], [-2.51774335, 51.68317091], [-2.51832604, 51.68296671], [-2.51891947, 51.68281567], [-2.51960981, 51.68271947], [-2.51984274, 51.68252325], [-2.52059925, 51.68242693], [-2.52192688, 51.68225634], [-2.52407503, 51.68198538], [-2.52627921, 51.68159962], [-2.52812171, 51.68126965], [-2.52916384, 51.68095064], [-2.52968335, 51.68063855], [-2.53029895, 51.68035841], [-2.53117311, 51.68012822], [-2.53207946, 51.67986357], [-2.53206015, 51.6796875], [-2.53240132, 51.67960155], [-2.53253281, 51.67922807], [-2.53302026, 51.67926085], [-2.53377485, 51.67933142], [-2.53477681, 51.67932797], [-2.53553724, 51.67922473], [-2.53582561, 51.67913485], [-2.53594828, 51.67909646], [-2.53614378, 51.67892897], [-2.5364536, 51.67874062], [-2.53735173, 51.67863107], [-2.53882802, 51.67866182], [-2.53994107, 51.67877388], [-2.54058886, 51.67879391], [-2.54110944, 51.67863846], [-2.54177022, 51.678303], [-2.54253435, 51.67780185], [-2.54302251, 51.67741573], [-2.54335237, 51.6772058], [-2.54372215, 51.67702091], [-2.54413128, 51.67668927], [-2.54453945, 51.67625964], [-2.54510772, 51.67590296], [-2.54577613, 51.67569387], [-2.54634404, 51.67555273], [-2.54676902, 51.67545891], [-2.54709208, 51.67536831], [-2.54703856, 51.67480564], [-2.54735184, 51.6745069], [-2.54769993, 51.67421246], [-2.54822075, 51.67396295], [-2.54878426, 51.67380571], [-2.54919016, 51.67362773], [-2.54960346, 51.67332065], [-2.55028367, 51.67289495], [-2.55112135, 51.67243791], [-2.55195773, 51.67191446], [-2.55245745, 51.67153466], [-2.5527904, 51.67133474], [-2.55317175, 51.67118192], [-2.55357456, 51.67093778], [-2.55387163, 51.67062545], [-2.55411875, 51.67025793], [-2.55431604, 51.66985452], [-2.55451214, 51.66951883], [-2.55469108, 51.66928017], [-2.55498385, 51.66910458], [-2.55549145, 51.66887188], [-2.55611301, 51.66848755], [-2.55661178, 51.66810048], [-2.55709493, 51.66779971], [-2.55757725, 51.66761375], [-2.55908287, 51.66667295], [-2.55921364, 51.66648817], [-2.55943787, 51.66636574], [-2.55972993, 51.66627157], [-2.55997193, 51.6660676], [-2.56015694, 51.66565061], [-2.56035602, 51.66502476], [-2.56054795, 51.66424942], [-2.56082678, 51.66364872], [-2.56128514, 51.66320765], [-2.5620234, 51.66284812], [-2.56272304, 51.66264045], [-2.56307054, 51.66247487], [-2.56310534, 51.66223574], [-2.56311071, 51.66189063], [-2.56337476, 51.6614691], [-2.56378508, 51.66109133], [-2.56438375, 51.66084135], [-2.56505525, 51.66079748], [-2.56556535, 51.66085434], [-2.56586385, 51.66079915], [-2.56605434, 51.66059566], [-2.56620908, 51.66031837], [-2.5661906, 51.66002583], [-2.56598341, 51.6597352], [-2.56592143, 51.6588757], [-2.56617296, 51.65863085], [-2.56636548, 51.65843284], [-2.56661594, 51.65828574], [-2.56699753, 51.65804267], [-2.56746483, 51.65747023], [-2.56800163, 51.65662563], [-2.56873846, 51.65595996], [-2.56943357, 51.65562546], [-2.56987274, 51.65535974], [-2.57019508, 51.65496433], [-2.57056642, 51.65452921], [-2.57085252, 51.65421796], [-2.57111716, 51.6540606], [-2.57140303, 51.65396035], [-2.57163513, 51.65376294], [-2.57182252, 51.65341413], [-2.57203984, 51.65300214], [-2.57225096, 51.65254128], [-2.57248521, 51.65204775], [-2.57270324, 51.6515249], [-2.57294071, 51.65111315], [-2.57315755, 51.65078676], [-2.57337642, 51.65044117], [-2.57353854, 51.65002322], [-2.57375157, 51.64988601], [-2.57408512, 51.64985526], [-2.57437253, 51.64971006], [-2.5746783, 51.64929998], [-2.57501733, 51.64848244], [-2.5751121, 51.64738524], [-2.57500315, 51.64651155], [-2.57499456, 51.64588368], [-2.57517421, 51.64547992], [-2.57539976, 51.64519584], [-2.57558608, 51.64494324], [-2.57558131, 51.64468944], [-2.57544184, 51.64441514], [-2.57542372, 51.64407051], [-2.57557857, 51.64358211], [-2.57577264, 51.6430093], [-2.57601857, 51.64266324], [-2.57630861, 51.64252245], [-2.57657242, 51.64237225], [-2.57686901, 51.64206612], [-2.57728708, 51.64159572], [-2.57769644, 51.64110124], [-2.57815063, 51.64074266], [-2.57857323, 51.64056575], [-2.57892168, 51.64045978], [-2.57855213, 51.64036584], [-2.57823801, 51.64030385], [-2.57810307, 51.64021647], [-2.57823372, 51.64013064], [-2.57852101, 51.64005208], [-2.57881105, 51.63990414], [-2.57912886, 51.63961565], [-2.57953727, 51.63916302], [-2.57985532, 51.63854921], [-2.58009625, 51.63768625], [-2.58027685, 51.63662815], [-2.58052707, 51.63597715], [-2.58090997, 51.63568294], [-2.58134806, 51.63543296], [-2.58178067, 51.63515627], [-2.58235407, 51.63489914], [-2.58295608, 51.63470936], [-2.58330202, 51.63448501], [-2.58332121, 51.634202], [-2.58308566, 51.63399828], [-2.58274913, 51.63385713], [-2.58251667, 51.63364744], [-2.58250356, 51.63335764], [-2.58271265, 51.63314676], [-2.58305895, 51.63303351], [-2.58304024, 51.63285577], [-2.58271456, 51.63276553], [-2.58250928, 51.63263106], [-2.58251476, 51.63247144], [-2.58272612, 51.63235092], [-2.58303416, 51.6322124], [-2.58328795, 51.63185823], [-2.58347654, 51.63120007], [-2.58367264, 51.63043976], [-2.58385575, 51.62968814], [-2.58412564, 51.62924278], [-2.58452523, 51.62899005], [-2.58493662, 51.62868333], [-2.58521748, 51.62834525], [-2.58547235, 51.62812924], [-2.58575404, 51.62801385], [-2.58598542, 51.62787032], [-2.586169, 51.62764311], [-2.58637202, 51.62737656], [-2.58656085, 51.62714398], [-2.58680451, 51.62699664], [-2.58709645, 51.62690115], [-2.58732057, 51.62676644], [-2.58745122, 51.62657225], [-2.58767211, 51.62643504], [-2.58798993, 51.62636566], [-2.58822191, 51.62622643], [-2.58840418, 51.62599564], [-2.58865035, 51.62569463], [-2.58897114, 51.62532961], [-2.58937788, 51.62493396], [-2.58968556, 51.62463582], [-2.58995581, 51.62447727], [-2.59023523, 51.62439156], [-2.59044814, 51.62426341], [-2.59061003, 51.62404537], [-2.59084415, 51.62375224], [-2.59124315, 51.62337911], [-2.59196472, 51.62293232], [-2.59290683, 51.6224761], [-2.59394157, 51.62198114], [-2.59464383, 51.62164271], [-2.59505224, 51.62131751], [-2.59552491, 51.62082875], [-2.59624922, 51.62030506], [-2.59683347, 51.61999762], [-2.59693384, 51.61806095], [-2.60465384, 51.61387682], [-2.60750473, 51.61263764], [-2.61035538, 51.61133945], [-2.61463177, 51.60956907], [-2.61710262, 51.60850704], [-2.62052345, 51.60679567], [-2.62537003, 51.60537946], [-2.62730086, 51.60484314], [-2.62793565, 51.60408127], [-2.62907612, 51.60118985], [-2.63202202, 51.59776735], [-2.63506293, 51.5931648], [-2.63582313, 51.59157145], [-2.64336872, 51.58625555], [-2.64525497, 51.58483684], [-2.64557946, 51.58456647], [-2.64593363, 51.58443427], [-2.64635074, 51.58431184], [-2.64679861, 51.58419085], [-2.64725292, 51.58405805], [-2.64770615, 51.58395636], [-2.64821136, 51.58376944], [-2.64852536, 51.58368146], [-2.64874876, 51.58347321], [-2.6489197, 51.58308673], [-2.64917254, 51.58256924], [-2.64957714, 51.58194685], [-2.6502074, 51.58141375], [-2.65082955, 51.58107102], [-2.65136504, 51.58074915], [-2.65186822, 51.58037877], [-2.65248251, 51.58000576], [-2.65298521, 51.57977295], [-2.65327704, 51.57959497], [-2.65345633, 51.57937467], [-2.65365052, 51.57911122], [-2.65383995, 51.57882953], [-2.65407336, 51.57854176], [-2.65437186, 51.57824814], [-2.65485287, 51.57795334], [-2.65546775, 51.57764947], [-2.65610194, 51.57725632], [-2.65657973, 51.57688332], [-2.65709794, 51.57655728], [-2.65780354, 51.57621551], [-2.65875423, 51.57572663], [-2.66026235, 51.57561874], [-2.66038632, 51.57543051], [-2.6605401, 51.57524693], [-2.66086686, 51.57511377], [-2.66141665, 51.57500362], [-2.6620748, 51.57481086], [-2.6629194, 51.57446957], [-2.66392624, 51.5739876], [-2.66463256, 51.57366145], [-2.66496873, 51.57345462], [-2.66513777, 51.57324183], [-2.66532564, 51.57298684], [-2.66552424, 51.57266808], [-2.66575623, 51.57223785], [-2.66596961, 51.5717175], [-2.66618931, 51.57130694], [-2.66638052, 51.57105672], [-2.66661882, 51.57092822], [-2.66690695, 51.57079566], [-2.66714561, 51.57046533], [-2.66733801, 51.56991303], [-2.66755974, 51.56939423], [-2.66777241, 51.56883585], [-2.66799176, 51.56796885], [-2.66815543, 51.56660402], [-2.66761255, 51.56603575], [-2.66777647, 51.56570315], [-2.66799605, 51.56527662], [-2.66820824, 51.56472003], [-2.66842771, 51.56416094], [-2.66861546, 51.56365907], [-2.66885221, 51.56337416], [-2.66915882, 51.56326115], [-2.6694653, 51.56318951], [-2.66939497, 51.56098986], [-2.66935742, 51.55980945], [-2.66916525, 51.55972958], [-2.66884494, 51.55968976], [-2.66865265, 51.55961013], [-2.66854596, 51.55314636], [-2.66885126, 51.55308914], [-2.66915417, 51.5530194], [-2.66938341, 51.55282116], [-2.66956687, 51.55236316], [-2.66981435, 51.551566], [-2.67013538, 51.55046165], [-2.67054212, 51.54956901], [-2.67084885, 51.54904401], [-2.67111838, 51.54883432], [-2.67139995, 51.54876876], [-2.67162252, 51.5486623], [-2.67180288, 51.54841614], [-2.67204404, 51.54798365], [-2.67236245, 51.54736793], [-2.67280006, 51.54674017], [-2.67322135, 51.54622042], [-2.67367816, 51.54588246], [-2.67407405, 51.54570091], [-2.67432821, 51.54548967], [-2.67450798, 51.54514253], [-2.67474735, 51.54471803], [-2.67506552, 51.54423106], [-2.67548001, 51.54375374], [-2.67581368, 51.54334044], [-2.67597377, 51.54333496], [-2.67646694, 51.54313767], [-2.67690265, 51.54280245], [-2.67719746, 51.54234731], [-2.67743862, 51.54183614], [-2.67763937, 51.54129314], [-2.67785025, 51.54087901], [-2.67803848, 51.54062045], [-2.67827702, 51.54048753], [-2.67856574, 51.54040754], [-2.67880428, 51.54027724], [-2.67899525, 51.54006314], [-2.67921376, 51.53979564], [-2.67942595, 51.53947365], [-2.67966044, 51.5390439], [-2.67987275, 51.53850305], [-2.6800909, 51.53801572], [-2.68027842, 51.53763771], [-2.68050885, 51.53743613], [-2.68079138, 51.53733885], [-2.68105376, 51.53719032], [-2.68134916, 51.53690374], [-2.68176293, 51.53650928], [-2.68216574, 51.53611243], [-2.68262684, 51.53571701], [-2.68313575, 51.53573895], [-2.68329954, 51.53554022], [-2.68347061, 51.53530323], [-2.68369102, 51.53503382], [-2.68390358, 51.53473318], [-2.68412852, 51.53437936], [-2.68432987, 51.53397667], [-2.68457615, 51.53361142], [-2.6849128, 51.53329778], [-2.68545306, 51.53305376], [-2.68604064, 51.53291655], [-2.68641734, 51.53276825], [-2.68662787, 51.53246343], [-2.68685055, 51.53189456], [-2.68714023, 51.53112674], [-2.68756211, 51.5305829], [-2.68796551, 51.53034651], [-2.68823576, 51.53019822], [-2.68842351, 51.52997553], [-2.68863416, 51.52964485], [-2.68884325, 51.52924621], [-2.68907964, 51.52889037], [-2.68929768, 51.52858937], [-2.68951726, 51.52831233], [-2.68967998, 51.52804005], [-2.68986154, 51.52797556], [-2.69035447, 51.52780128], [-2.69082153, 51.52751255], [-2.69122255, 51.52711916], [-2.69162786, 51.52665353], [-2.69191575, 51.52624857], [-2.69219804, 51.52600324], [-2.69258022, 51.52578127], [-2.69301093, 51.52537596], [-2.69343138, 51.52483678], [-2.69398022, 51.52442682], [-2.69455326, 51.52421725], [-2.69493854, 51.52404797], [-2.69523394, 51.52381361], [-2.69564223, 51.52355754], [-2.69611216, 51.52336907], [-2.69658506, 51.52321386], [-2.69704604, 51.52309036], [-2.69747984, 51.52296841], [-2.69785082, 51.52285993], [-2.69814456, 51.52268755], [-2.69845283, 51.5223881], [-2.69880307, 51.52199864], [-2.69890761, 51.52163935], [-2.69875371, 51.52132154], [-2.69897652, 51.52103674], [-2.69910502, 51.52084327], [-2.69936037, 51.52068913], [-2.69976676, 51.52052414], [-2.70019853, 51.52026486], [-2.70050645, 51.51996565], [-2.70075095, 51.51966834], [-2.70093918, 51.51938236], [-2.70113206, 51.51911736], [-2.7013458, 51.51889551], [-2.70175862, 51.51871407], [-2.70244896, 51.51848066], [-2.70314074, 51.51812661], [-2.70355892, 51.51781726], [-2.70393157, 51.51758301], [-2.70452654, 51.51727605], [-2.70526326, 51.51681006], [-2.70574832, 51.51642942], [-2.70617247, 51.51616585], [-2.70687675, 51.51584542], [-2.70783806, 51.51539266], [-2.70853877, 51.51508081], [-2.70890725, 51.51485527], [-2.70921135, 51.51455975], [-2.70967984, 51.51415825], [-2.70986056, 51.51298416], [-2.71014798, 51.51269841], [-2.71037447, 51.51239181], [-2.71058953, 51.51204801], [-2.71076655, 51.51171136], [-2.71098006, 51.51151013], [-2.71125031, 51.51140201], [-2.7115581, 51.51121986], [-2.71205831, 51.51084983], [-2.71286082, 51.51035511], [-2.71359146, 51.50995016], [-2.71415436, 51.50952494], [-2.71464741, 51.50902462], [-2.7152493, 51.50857556], [-2.71577311, 51.50832736], [-2.71616864, 51.50818515], [-2.71597731, 51.50483286], [-2.71575296, 51.50473332], [-2.71530461, 51.50461376], [-2.71463203, 51.50423515], [-2.71429563, 51.50390625], [-2.71420872, 51.50376785], [-2.71390498, 51.50347805], [-2.71358764, 51.50318897], [-2.71313453, 51.50292075], [-2.71262336, 51.50267863], [-2.71216953, 51.50233817], [-2.71186805, 51.50189137], [-2.71162713, 51.50138581], [-2.71142817, 51.50082564], [-2.71122026, 51.50034475], [-2.71103537, 51.49998081], [-2.71079922, 51.49978626], [-2.71050131, 51.49965656], [-2.71022475, 51.49938083], [-2.70997071, 51.49887967], [-2.70976222, 51.49831736], [-2.70992327, 51.49779415], [-2.71045434, 51.49761808], [-2.71079195, 51.49750626], [-2.71220982, 51.49747348], [-2.71317923, 51.49764121], [-2.71367717, 51.49796522], [-2.71406531, 51.49837005], [-2.71434426, 51.49873066], [-2.71457016, 51.49903381], [-2.71472311, 51.49931276], [-2.71488631, 51.49931777], [-2.71550596, 51.49967051], [-2.71608472, 51.50019503], [-2.71648407, 51.50074065], [-2.71699786, 51.50108421], [-2.71790135, 51.50130987], [-2.71907675, 51.5015583], [-2.7204051, 51.50176012], [-2.72168744, 51.50190747], [-2.72288513, 51.50193167], [-2.72350287, 51.50180328], [-2.72356093, 51.50153947], [-2.72339344, 51.50117707], [-2.72334766, 51.50077546], [-2.72340775, 51.50047076], [-2.7232908, 51.50030374], [-2.72294235, 51.50021112], [-2.72249114, 51.50010121], [-2.72208381, 51.49993134], [-2.72184515, 51.49956906], [-2.72183251, 51.49903715], [-2.72204626, 51.49867141], [-2.72245586, 51.49849284], [-2.72302902, 51.49837327], [-2.72374201, 51.49829662], [-2.72424066, 51.49854803], [-2.72484875, 51.49876726], [-2.72548163, 51.49904621], [-2.72603726, 51.49926615], [-2.72655702, 51.49937642], [-2.72714055, 51.49924815], [-2.72776914, 51.49887085], [-2.72825992, 51.49847186], [-2.72870815, 51.49817133], [-2.72906983, 51.49799824], [-2.72932112, 51.49782884], [-2.72963774, 51.49758947], [-2.73028004, 51.49733973], [-2.73117042, 51.49717343], [-2.73197484, 51.49703658], [-2.73259318, 51.49684525], [-2.73292315, 51.49641478], [-2.73307276, 51.49576485], [-2.73325884, 51.49532235], [-2.73358631, 51.49512672], [-2.73408604, 51.49505007], [-2.73486972, 51.49509215], [-2.73613512, 51.49516106], [-2.73802185, 51.49501956], [-2.73996985, 51.49459875], [-2.74016094, 51.49439001], [-2.74142086, 51.49421191], [-2.74286473, 51.49406934], [-2.74405777, 51.49392617], [-2.74514163, 51.49379683], [-2.74633467, 51.49365377], [-2.74777853, 51.49351132], [-2.74903846, 51.49333322], [-2.75553942, 51.49327493], [-2.7560091, 51.49344635], [-2.75648224, 51.49372053], [-2.75692356, 51.49433565], [-2.75729275, 51.49528003], [-2.75771844, 51.49618113], [-2.76167035, 51.49608648], [-2.76248705, 51.49587691], [-2.76347864, 51.4956609], [-2.76453185, 51.49540043], [-2.76557708, 51.49519396], [-2.76658976, 51.49502027], [-2.76774073, 51.49487996], [-2.76895213, 51.49476993], [-2.77030206, 51.49477911], [-2.77151167, 51.49490726], [-2.77261412, 51.49504697], [-2.77345884, 51.49513435], [-2.77423894, 51.49507713], [-2.77507627, 51.49488914], [-2.77561307, 51.49452281], [-2.77561414, 51.49402666], [-2.77531242, 51.49351966], [-2.77525544, 51.49307215], [-2.77553391, 51.49267483], [-2.77586651, 51.49239194], [-2.77632701, 51.49220586], [-2.77702737, 51.49198175], [-2.77775514, 51.49160826], [-2.77828026, 51.49120247], [-2.77876425, 51.49079466], [-2.77931035, 51.49076807], [-2.77970755, 51.49041271], [-2.77998471, 51.49009264], [-2.78023267, 51.48979235], [-2.78051233, 51.48949456], [-2.78093207, 51.48922765], [-2.78142655, 51.48904753], [-2.78197992, 51.48890185], [-2.78261042, 51.48877597], [-2.78330052, 51.48861575], [-2.78422988, 51.4884119], [-2.78552771, 51.48815131], [-2.78700697, 51.4879508], [-2.78801584, 51.48779511], [-2.78871512, 51.48766375], [-2.78964543, 51.4874773], [-2.79104197, 51.48720026], [-2.79238486, 51.48685467], [-2.79335225, 51.48669386], [-2.79407096, 51.48669314], [-2.79492724, 51.48669446], [-2.7960422, 51.4867382], [-2.79700816, 51.48676932], [-2.79807067, 51.48656786], [-2.7996037, 51.48613167], [-2.80119956, 51.48580205], [-2.80216443, 51.48553276], [-2.80280065, 51.48514795], [-2.80356812, 51.484658], [-2.80425441, 51.4842838], [-2.80474317, 51.4839673], [-2.80502176, 51.48367357], [-2.80524945, 51.4833858], [-2.80551922, 51.48309183], [-2.80596685, 51.48280728], [-2.80655944, 51.48255372], [-2.80725265, 51.48226798], [-2.80793715, 51.48200667], [-2.80857801, 51.48175371], [-2.80904818, 51.48157573], [-2.80937922, 51.48136318], [-2.80977607, 51.48098958], [-2.81033635, 51.48049951], [-2.81074238, 51.48014355], [-2.81103551, 51.47997332], [-2.81131005, 51.47983813], [-2.8115437, 51.47949707], [-2.81179821, 51.47887671], [-2.81218076, 51.47821856], [-2.8125, 51.47823656], [-2.8125, 51.47795761], [-2.81264877, 51.4779917], [-2.81323075, 51.47773075], [-2.81394136, 51.47738421], [-2.81472027, 51.47689438], [-2.81520712, 51.47651494], [-2.81553733, 51.47631025], [-2.81591952, 51.47614872], [-2.81635225, 51.47587764], [-2.81675291, 51.47551107], [-2.81716275, 51.47511542], [-2.81745315, 51.47482336], [-2.81773865, 51.47465146], [-2.81813157, 51.47447276], [-2.81857955, 51.47412574], [-2.81899011, 51.4736377], [-2.81940961, 51.4731667], [-2.81970644, 51.47285521], [-2.81996775, 51.47270203], [-2.8202486, 51.47258043], [-2.82047844, 51.47230816], [-2.82066667, 51.47185826], [-2.82088697, 51.47144747], [-2.82109916, 51.47110808], [-2.82131803, 51.47075462], [-2.82148135, 51.47033322], [-2.82182264, 51.46996915], [-2.82195401, 51.4697721], [-2.82217741, 51.46963215], [-2.82246375, 51.46953154], [-2.82269037, 51.4693948], [-2.82285535, 51.46922314], [-2.82307065, 51.46908855], [-2.82334304, 51.46898806], [-2.82358944, 51.4688344], [-2.82386374, 51.46859312], [-2.82429254, 51.46832323], [-2.82478273, 51.46808112], [-2.82523644, 51.46779108], [-2.82564652, 51.46747565], [-2.82623351, 51.46717668], [-2.82699835, 51.46692145], [-2.82773995, 51.4666599], [-2.82830405, 51.46646726], [-2.82878995, 51.4662981], [-2.82943201, 51.46610606], [-2.83044147, 51.46582794], [-2.83169651, 51.4655081], [-2.83269715, 51.46509635], [-2.83327675, 51.46468651], [-2.83373928, 51.46428466], [-2.83434045, 51.46416461], [-2.83565748, 51.46344483], [-2.83672321, 51.4628756], [-2.83757055, 51.46233833], [-2.83802974, 51.46196628], [-2.83832324, 51.46178007], [-2.83866894, 51.46168005], [-2.83906758, 51.46157324], [-2.83942866, 51.46146441], [-2.83969808, 51.46129656], [-2.83997262, 51.4610486], [-2.84037495, 51.46079755], [-2.84076273, 51.46063221], [-2.84101212, 51.46047366], [-2.84117842, 51.46024728], [-2.84142435, 51.45994473], [-2.84185827, 51.4595679], [-2.84259987, 51.45917606], [-2.84339452, 51.45892215], [-2.84400141, 51.45876145], [-2.84439755, 51.45865011], [-2.84461355, 51.45850861], [-2.84475064, 51.45833135], [-2.84496045, 51.45819283], [-2.84527075, 51.45811105], [-2.84724331, 51.45708227], [-2.84781086, 51.45700765], [-2.84819996, 51.45683861], [-2.84851456, 51.45652974], [-2.84888291, 51.45614243], [-2.84915745, 51.45583665], [-2.84941947, 51.45566344], [-2.84977496, 51.45555282], [-2.85024142, 51.45540667], [-2.85084963, 51.45521235], [-2.8515954, 51.4549669], [-2.85226548, 51.45478785], [-2.8526566, 51.45462108], [-2.8528645, 51.45438421], [-2.85306656, 51.45404828], [-2.85327101, 51.45361078], [-2.85350347, 51.45311618], [-2.85368955, 51.45258594], [-2.85380936, 51.45216405], [-2.85382915, 51.45182741], [-2.85392058, 51.45149314], [-2.85406578, 51.45116186], [-2.85432684, 51.45093477], [-2.85475826, 51.45075846], [-2.85531473, 51.45052516], [-2.85546696, 51.45012844], [-2.85636652, 51.44968045], [-2.85714531, 51.44930541], [-2.85779703, 51.44889605], [-2.85818541, 51.44850957], [-2.85842526, 51.44814265], [-2.85858881, 51.44780815], [-2.85879564, 51.44761455], [-2.85907173, 51.44751465], [-2.85937154, 51.44733584], [-2.85978675, 51.44694591], [-2.86036265, 51.44637442], [-2.86077297, 51.44588625], [-2.86106503, 51.44564104], [-2.86134291, 51.44554615], [-2.86159682, 51.4454056], [-2.86189425, 51.44508314], [-2.86229706, 51.44455016], [-2.86261785, 51.44393361], [-2.86286736, 51.44342554], [-2.86305714, 51.44305587], [-2.86329174, 51.44286275], [-2.86357784, 51.442734], [-2.86379981, 51.44245994], [-2.86392975, 51.44196761], [-2.86426473, 51.44144583], [-2.86441421, 51.44085395], [-2.86463964, 51.44041348], [-2.86493146, 51.44008756], [-2.86536062, 51.43983281], [-2.86584234, 51.43966222], [-2.86635053, 51.4394989], [-2.86692834, 51.43931031], [-2.86755311, 51.4390738], [-2.86802971, 51.43888235], [-2.86829472, 51.43864226], [-2.86845314, 51.43825507], [-2.86865974, 51.43775845], [-2.86897325, 51.43720353], [-2.86952007, 51.43679571], [-2.87019765, 51.43658614], [-2.87080467, 51.43643427], [-2.87131846, 51.43624091], [-2.87172925, 51.43591225], [-2.87198424, 51.43554628], [-2.87222648, 51.43531334], [-2.87253475, 51.43520033], [-2.87461066, 51.43396533], [-2.87573266, 51.43355191], [-2.87710917, 51.43306017], [-2.87834883, 51.43273854], [-2.87898695, 51.43254328], [-2.87921452, 51.43237865], [-2.87943041, 51.43223953], [-2.87980306, 51.43207777], [-2.88022947, 51.43181825], [-2.88051701, 51.43151963], [-2.88063717, 51.43122411], [-2.88053334, 51.43093562], [-2.88034415, 51.43065167], [-2.88012016, 51.43038344], [-2.87988591, 51.43016112], [-2.87948477, 51.43000257], [-2.87887716, 51.42984128], [-2.87835932, 51.42958522], [-2.87819028, 51.42928481], [-2.87835205, 51.42897725], [-2.87881696, 51.42867064], [-2.87983036, 51.42839766], [-2.88127053, 51.42821348], [-2.88244915, 51.42807245], [-2.88340747, 51.42797947], [-2.88374376, 51.42828381], [-2.88420272, 51.42839885], [-2.88467288, 51.42849565], [-2.88514972, 51.42843914], [-2.88556731, 51.42820394], [-2.88583672, 51.42794943], [-2.88608181, 51.42778563], [-2.88635707, 51.42768765], [-2.88658655, 51.42755246], [-2.88678193, 51.42733693], [-2.88702703, 51.42706192], [-2.88728261, 51.42672658], [-2.88750517, 51.42629993], [-2.88744748, 51.42584324], [-2.88689172, 51.42559958], [-2.88591135, 51.4255712], [-2.88506568, 51.42553914], [-2.88456798, 51.42524135], [-2.88449073, 51.42475605], [-2.88469481, 51.42432642], [-2.88495624, 51.42390275], [-2.88522804, 51.42327356], [-2.88543046, 51.42242587], [-2.88553035, 51.42178404], [-2.88544512, 51.42134643], [-2.88534963, 51.42032838], [-2.88595164, 51.42006505], [-2.88649333, 51.41977727], [-2.8869369, 51.41929925], [-2.88722646, 51.41867673], [-2.88746274, 51.41817975], [-2.88766146, 51.41773665], [-2.88787174, 51.41711485], [-2.88806045, 51.41632664], [-2.88829792, 51.41584551], [-2.88857961, 51.41565263], [-2.88880086, 51.41546166], [-2.88897276, 51.41510725], [-2.88922143, 51.41461003], [-2.88962603, 51.41399455], [-2.89029145, 51.41343892], [-2.89102483, 51.41300464], [-2.89170635, 51.41251862], [-2.89220381, 51.41203356], [-2.89269066, 51.41166747], [-2.89318907, 51.4114176], [-2.89363182, 51.41114914], [-2.89392841, 51.41086233], [-2.89415395, 51.41057646], [-2.89430261, 51.41029394], [-2.89459217, 51.40974486], [-2.89488256, 51.40867221], [-2.89531624, 51.40803325], [-2.89580166, 51.40778565], [-2.89625466, 51.40767825], [-2.89662111, 51.40759635], [-2.89688313, 51.40744436], [-2.89715171, 51.40720022], [-2.89755213, 51.40694797], [-2.89794302, 51.40678143], [-2.89820457, 51.40662456], [-2.89839053, 51.40640533], [-2.89863324, 51.40611374], [-2.89895117, 51.40573215], [-2.89935422, 51.40526676], [-2.89964891, 51.40485716], [-2.89988983, 51.40463734], [-2.90014374, 51.40453374], [-2.90043271, 51.40435767], [-2.90096188, 51.40398324], [-2.90192235, 51.40346003], [-2.90296233, 51.40300405], [-2.90376711, 51.40257537], [-2.90416884, 51.40224647], [-2.90437937, 51.40201104], [-2.90500617, 51.40191686], [-2.90586102, 51.40127361], [-2.90634477, 51.40086377], [-2.90667331, 51.40065622], [-2.90711713, 51.40048826], [-2.90770233, 51.40025842], [-2.90828156, 51.40006161], [-2.90890205, 51.39987445], [-2.90967345, 51.39967751], [-2.91053271, 51.39946365], [-2.91136062, 51.39935505], [-2.91208971, 51.39924765], [-2.91270876, 51.39896774], [-2.91307461, 51.39868581], [-2.91335797, 51.39848852], [-2.91370392, 51.39826381], [-2.91406131, 51.39785266], [-2.91440284, 51.39736652], [-2.91506135, 51.3971343], [-2.91623366, 51.39726365], [-2.91727626, 51.39754665], [-2.9174906, 51.39760494], [-2.91847944, 51.3977735], [-2.91920865, 51.39771247], [-2.91985297, 51.39756036], [-2.92042875, 51.39735484], [-2.92170787, 51.39728355], [-2.92249215, 51.39689112], [-2.92334342, 51.39653122], [-2.92439783, 51.39614427], [-2.92545736, 51.39586437], [-2.92632925, 51.39563334], [-2.93020856, 51.39564717], [-2.93065524, 51.39592636], [-2.93475211, 51.39600146], [-2.9356178, 51.39631796], [-2.93631446, 51.39653933], [-2.93665791, 51.39677441], [-2.93665385, 51.39706385], [-2.93640578, 51.39726913], [-2.93608832, 51.39737546], [-2.93593824, 51.39746022], [-2.93606603, 51.39754498], [-2.93634725, 51.39765394], [-2.93658066, 51.39786661], [-2.93673646, 51.39816785], [-2.93694794, 51.39839983], [-2.93730235, 51.39854741], [-2.93783701, 51.39865267], [-2.93863571, 51.39864516], [-2.93977475, 51.39852631], [-2.94118953, 51.39838386], [-2.9422034, 51.39822876], [-2.94279635, 51.39809096], [-2.94322157, 51.39794648], [-2.94362867, 51.39781535], [-2.94405651, 51.39767158], [-2.94449973, 51.39752901], [-2.94494808, 51.39735103], [-2.94593167, 51.39723861], [-2.94659746, 51.39691615], [-2.94713295, 51.39670873], [-2.94761205, 51.39654505], [-2.94822752, 51.39635646], [-2.94916403, 51.39605355], [-2.95034742, 51.39565456], [-2.95138335, 51.3951416], [-2.95192754, 51.39475214], [-2.95226026, 51.39453161], [-2.95270026, 51.39435267], [-2.95327938, 51.39411998], [-2.95381975, 51.39392686], [-2.95432401, 51.39374554], [-2.95493615, 51.39354455], [-2.95577872, 51.39328873], [-2.95672905, 51.39307427], [-2.95756316, 51.39286494], [-2.96546745, 51.39282525], [-2.96607876, 51.39264965], [-2.96670866, 51.39251423], [-2.96724117, 51.39238441], [-2.96770465, 51.39225864], [-2.96823943, 51.39205694], [-2.96901762, 51.39171135], [-2.97000992, 51.39122176], [-2.97077894, 51.39088082], [-2.97132087, 51.39066792], [-2.97186852, 51.39047301], [-2.97262251, 51.39018762], [-2.97363317, 51.38985085], [-2.97491264, 51.38946426], [-2.97634554, 51.38919866], [-2.97784805, 51.38899505], [-2.97950935, 51.38874245], [-2.98064065, 51.38835144], [-2.98077726, 51.38796306], [-2.97995365, 51.38765991], [-2.97856641, 51.38747275], [-2.97725332, 51.38732481], [-2.97610331, 51.38719904], [-2.97531831, 51.38706863], [-2.9747653, 51.38697004], [-2.97409832, 51.38674712], [-2.97268975, 51.38664925], [-2.97178757, 51.386518], [-2.97123325, 51.38638616], [-2.97068203, 51.38622355], [-2.96993494, 51.38602436], [-2.96906352, 51.38576162], [-2.96824348, 51.38551605], [-2.96765161, 51.38523161], [-2.96733391, 51.38489795], [-2.96718383, 51.38447285], [-2.96724033, 51.38395917], [-2.96737933, 51.38350975], [-2.96724284, 51.38310134], [-2.9666748, 51.38269806], [-2.96582365, 51.38238144], [-2.96459055, 51.38210833], [-2.96309948, 51.38193846], [-2.96188772, 51.38181746], [-2.96226764, 51.37688267], [-2.96244955, 51.37639964], [-2.96244204, 51.37582302], [-2.96230006, 51.37519753], [-2.96228194, 51.37451911], [-2.96244955, 51.37396455], [-2.9626857, 51.37351465], [-2.96299183, 51.37314045], [-2.96309376, 51.37011027], [-2.96335685, 51.3697623], [-2.96356034, 51.36945295], [-2.96379626, 51.36926496], [-2.96407676, 51.36903381], [-2.9643054, 51.36840701], [-2.96449268, 51.36733115], [-2.96474206, 51.36639321], [-2.96506345, 51.36566091], [-2.96546781, 51.36514091], [-2.96576631, 51.36484611], [-2.96601701, 51.36471546], [-2.96627974, 51.36461866], [-2.9665426, 51.3643831], [-2.96694374, 51.36395037], [-2.96764743, 51.36349654], [-2.96843326, 51.36321461], [-2.96914887, 51.36304176], [-2.96990192, 51.36291945], [-2.97078276, 51.36278605], [-2.97181988, 51.36265576], [-2.97269523, 51.36250877], [-2.97345722, 51.36237335], [-2.97424316, 51.36223674], [-2.97519886, 51.36213553], [-2.97559667, 51.36192453], [-2.97664356, 51.36182451], [-2.97805142, 51.36166835], [-2.97989881, 51.36146176], [-2.98128474, 51.36119831], [-2.98214495, 51.36099446], [-2.98303306, 51.36083472], [-2.98425853, 51.36070514], [-2.98549461, 51.36054516], [-2.98671412, 51.36034215], [-2.98766136, 51.36008143], [-2.98832774, 51.35987985], [-2.98899508, 51.35972404], [-2.98985267, 51.35959804], [-2.99078906, 51.35942936], [-2.99179947, 51.35917807], [-2.99260354, 51.35881591], [-2.99302554, 51.35851264], [-2.99338186, 51.35828114], [-2.99397647, 51.35792863], [-2.99473548, 51.35730445], [-2.99523234, 51.35668373], [-2.99554658, 51.35634243], [-2.99583805, 51.35621881], [-2.99611306, 51.35615218], [-2.99611366, 51.35504532], [-2.99582732, 51.35497701], [-2.99552667, 51.35489607], [-2.99522972, 51.35470724], [-2.99483037, 51.35433245], [-2.99428296, 51.35383821], [-2.99389327, 51.35346365], [-2.99352622, 51.35322785], [-2.99290741, 51.35297584], [-2.99200356, 51.35262096], [-2.99115443, 51.35235357], [-2.99053204, 51.35217035], [-2.98999667, 51.35203922], [-2.98934507, 51.35190332], [-2.98855543, 51.35177755], [-2.98790622, 51.35164273], [-2.98737896, 51.35151744], [-2.98677135, 51.35134971], [-2.98592508, 51.35109854], [-2.98495233, 51.35071135], [-2.98410273, 51.35027218], [-2.98339355, 51.34963083], [-2.98288834, 51.34882045], [-2.98245513, 51.34802711], [-2.98215163, 51.34724164], [-2.98258054, 51.34696746], [-2.98239625, 51.34668875], [-2.98239708, 51.34638917], [-2.98252535, 51.34603965], [-2.98253655, 51.34565067], [-2.98241997, 51.34531641], [-2.98238122, 51.34503162], [-2.98240864, 51.34471095], [-2.98235714, 51.3442291], [-2.98238695, 51.34354496], [-2.98256707, 51.34284341], [-2.98279226, 51.34216583], [-2.9830538, 51.34168553], [-2.98328912, 51.34133005], [-2.98347664, 51.34092867], [-2.98346877, 51.34042275], [-2.98326325, 51.33994317], [-2.98315978, 51.33699644], [-2.98346221, 51.33630383], [-2.98377573, 51.33555675], [-2.98422158, 51.33503711], [-2.98473036, 51.33464181], [-2.98521495, 51.33393514], [-2.98562527, 51.33280492], [-2.98603785, 51.33170307], [-2.98633051, 51.33082771], [-2.98658931, 51.33039892], [-2.98686755, 51.33024454], [-2.98709655, 51.33006406], [-2.98729634, 51.32974434], [-2.98755813, 51.32938576], [-2.98761106, 51.328125], [-2.98828125, 51.328125], [-2.98832881, 51.32551932], [-2.98860216, 51.32502794], [-2.98882186, 51.32450235], [-2.98906791, 51.32408321], [-2.98936772, 51.32377374], [-2.98978984, 51.32353234], [-2.99019134, 51.32330143], [-2.99046004, 51.32285738], [-2.99063826, 51.32216251], [-2.99081707, 51.32161248], [-2.99097192, 51.32129693], [-2.99120593, 51.32113707], [-2.99162912, 51.32103443], [-2.99229836, 51.32094133], [-2.99316835, 51.32094491], [-2.99383974, 51.32103586], [-2.99395394, 51.32105136], [-2.99456251, 51.32117713], [-2.99488831, 51.32133484], [-2.99504066, 51.3215183], [-2.99524856, 51.32166755], [-2.99562848, 51.32178676], [-2.99617422, 51.32192445], [-2.99681485, 51.32205665], [-2.99738634, 51.32219303], [-2.99788725, 51.32229495], [-2.99833906, 51.32258224], [-2.99919903, 51.32236695], [-2.99996364, 51.32213557], [-3.00055492, 51.32205975], [-3.00102472, 51.32214677], [-3.00139427, 51.32229614], [-3.0015974, 51.32253087], [-3.00157785, 51.32283127], [-3.00134945, 51.32304347], [-3.00102782, 51.32316685], [-3.00080585, 51.32330191], [-3.00078964, 51.32346392], [-3.00096321, 51.32358623], [-3.00122428, 51.32368314], [-3.00151861, 51.32388008], [-3.00207555, 51.32427073], [-3.00318944, 51.32477045], [-3.00460064, 51.32510853], [-3.00602365, 51.32531202], [-3.00746143, 51.32544124], [-3.00843525, 51.32553351], [-3.00912571, 51.32551825], [-3.00999534, 51.32542896], [-3.01114523, 51.32542121], [-3.01202357, 51.32552767], [-3.01257551, 51.32566345], [-3.01298594, 51.32581305], [-3.01340604, 51.32594967], [-3.01397026, 51.32611764], [-3.01480246, 51.32632935], [-3.01588476, 51.32659864], [-3.01702964, 51.32679105], [-3.01785553, 51.32687306], [-3.01844251, 51.32682014], [-3.02270734, 51.32673657], [-3.02319527, 51.32694721], [-3.02381456, 51.32716465], [-3.02467155, 51.32742643], [-3.02563167, 51.32762921], [-3.02643168, 51.32778418], [-3.02707136, 51.32788765], [-3.02754855, 51.32798254], [-3.02744257, 51.328125], [-3.03138888, 51.328125], [-3.03126097, 51.32826817], [-3.03174305, 51.32838047], [-3.03243732, 51.32849324], [-3.03340495, 51.32860792], [-3.03460348, 51.32864058], [-3.03560495, 51.32859135], [-3.03540933, 51.328125], [-3.03545284, 51.328125], [-3.0354017, 51.32742965], [-3.03513825, 51.32705653], [-3.03493392, 51.32670927], [-3.03469765, 51.32649696], [-3.03442395, 51.32638514], [-3.03422022, 51.32625937], [-3.03407705, 51.32609606], [-3.03383505, 51.32594001], [-3.03337491, 51.32575357], [-3.03269672, 51.32546163], [-3.03187585, 51.32511568], [-3.03091073, 51.32471836], [-3.03003025, 51.32444835], [-3.02932274, 51.32427895], [-3.02868664, 51.32415605], [-3.02809262, 51.32398295], [-3.02738321, 51.32371163], [-3.02647471, 51.32333314], [-3.02561653, 51.32305193], [-3.02490067, 51.32285714], [-3.02416754, 51.32271814], [-3.02330255, 51.32261145], [-3.02225912, 51.32262111], [-3.02131975, 51.32275081], [-3.01755583, 51.32274854], [-3.01678252, 51.32263482], [-3.01582444, 51.32264125], [-3.01470816, 51.32273543], [-3.01346052, 51.32275534], [-3.01255083, 51.32264721], [-3.01196766, 51.3224436], [-3.01155877, 51.32209635], [-3.01128244, 51.32166827], [-3.0110023, 51.32126164], [-3.01097703, 51.30538487], [-3.01142204, 51.30510604], [-3.01147473, 51.30015302], [-3.01173305, 51.29946125], [-3.01193082, 51.29874516], [-3.01216447, 51.29832697], [-3.01246595, 51.29817605], [-3.01276815, 51.29810596], [-3.01288426, 51.29348695], [-3.01313853, 51.29312813], [-3.01326573, 51.29225123], [-3.01352, 51.29189253], [-3.01369858, 51.28894424], [-3.01396036, 51.28846884], [-3.01416278, 51.28800905], [-3.01439858, 51.28774714], [-3.01468182, 51.28762674], [-3.01491666, 51.28743207], [-3.01510584, 51.28700626], [-3.01532292, 51.28632104], [-3.0155338, 51.28545535], [-3.01576614, 51.28482282], [-3.01597631, 51.28434658], [-3.01619101, 51.28372777], [-3.01637566, 51.28293896], [-3.01661015, 51.28244781], [-3.01691461, 51.28226757], [-3.01721895, 51.28219116], [-3.01725173, 51.27924824], [-3.01753855, 51.27878284], [-3.0177747, 51.27816737], [-3.01801956, 51.27733767], [-3.01823366, 51.27623391], [-3.01839435, 51.27517867], [-3.01837265, 51.27418721], [-3.01824701, 51.27349091], [-3.01832211, 51.27302527], [-3.01868474, 51.27272856], [-3.01909876, 51.27251625], [-3.01939642, 51.27215874], [-3.01959705, 51.27159643], [-3.01974964, 51.27111673], [-3.01973867, 51.27075565], [-3.01960957, 51.27040768], [-3.01957607, 51.27002537], [-3.0196135, 51.26968002], [-3.01953447, 51.26937163], [-3.01944411, 51.26637411], [-3.01913965, 51.26630735], [-3.01883543, 51.26609623], [-3.01860082, 51.26545894], [-3.01841593, 51.26438367], [-3.01820064, 51.26347554], [-3.01798987, 51.26278985], [-3.01775897, 51.26223636], [-3.01755595, 51.26167703], [-3.01735437, 51.26114893], [-3.01717186, 51.26066947], [-3.01687324, 51.26035666], [-3.01635885, 51.26009238], [-3.01574945, 51.25972235], [-3.01533675, 51.25935781], [-3.01507378, 51.25905454], [-3.01489556, 51.25882721], [-3.01467407, 51.25869155], [-3.01439464, 51.25860345], [-3.01415884, 51.25846457], [-3.01396716, 51.25823951], [-3.01374662, 51.25796545], [-3.01353526, 51.25767922], [-3.0133177, 51.25739503], [-3.01315522, 51.25711346], [-3.01281536, 51.25669432], [-3.01268578, 51.25620854], [-3.01246381, 51.25593615], [-3.01217461, 51.25578535], [-3.01193392, 51.25551641], [-3.01174545, 51.25503027], [-3.011536, 51.25447547], [-3.01133406, 51.25391352], [-3.01108682, 51.25347877], [-3.01078272, 51.2531563], [-3.01035905, 51.25291085], [-3.00995874, 51.2527405], [-3.00969183, 51.25251532], [-3.00950885, 51.25217712], [-3.0093075, 51.25183594], [-3.00910926, 51.25152755], [-3.00886178, 51.25123143], [-3.00855696, 51.25093782], [-3.00813365, 51.25068367], [-3.00773776, 51.25052464], [-3.00748146, 51.25037146], [-3.00730824, 51.25015426], [-3.00707901, 51.24987125], [-3.00674164, 51.24951363], [-3.00621486, 51.24907506], [-3.00609672, 51.2487396], [-3.00581265, 51.24867165], [-3.00551474, 51.24859095], [-3.00521755, 51.24840045], [-3.00480914, 51.24802053], [-3.00423741, 51.24751842], [-3.00382507, 51.24714768], [-3.00352621, 51.24696624], [-3.00324523, 51.24686027], [-3.00302303, 51.24666643], [-3.0028429, 51.24634445], [-3.00263584, 51.24600744], [-3.00244117, 51.24564338], [-3.00221467, 51.24514365], [-3.001935, 51.24450743], [-3.00147092, 51.24400568], [-3.00081372, 51.24364257], [-2.99996996, 51.24322677], [-2.99974024, 51.23770332], [-2.99951792, 51.23738444], [-2.99951792, 51.23666692], [-2.99974024, 51.23634803], [-2.99980891, 51.23255527], [-3.00014222, 51.23245335], [-3.00053835, 51.23235273], [-3.00096297, 51.23223615], [-3.00133348, 51.23213685], [-3.00158775, 51.23198915], [-3.00177956, 51.23170805], [-3.00199676, 51.23123515], [-3.00217116, 51.23060811], [-3.00226045, 51.23005724], [-3.00220954, 51.22950864], [-3.00223672, 51.22887385], [-3.00241625, 51.22833943], [-3.00260055, 51.22789955], [-3.00270224, 51.22749746], [-3.00265265, 51.22699404], [-3.00266576, 51.22636652], [-3.00282145, 51.22588635], [-3.00297356, 51.22566605], [-3.00301206, 51.22561038], [-3.00326145, 51.22548413], [-3.00355613, 51.22540021], [-3.00379813, 51.22520876], [-3.00398874, 51.22484171], [-3.00418997, 51.22434604], [-3.00434411, 51.22371912], [-3.00470662, 51.22324276], [-3.00485528, 51.22265315], [-3.00504816, 51.22223985], [-3.00523245, 51.22199666], [-3.00549686, 51.22185612], [-3.00589645, 51.22168672], [-3.00635004, 51.2213397], [-3.00675881, 51.22085094], [-3.0071696, 51.22037888], [-3.00746167, 51.22006011], [-3.00775242, 51.21988416], [-3.00814331, 51.21973038], [-3.00855112, 51.21948135], [-3.00884342, 51.21918273], [-3.00910544, 51.218876], [-3.00939774, 51.21857655], [-3.00980568, 51.21832514], [-3.0101968, 51.21816671], [-3.01048756, 51.21798885], [-3.0107795, 51.21768975], [-3.01118755, 51.21728826], [-3.01159024, 51.21691155], [-3.01204026, 51.21662533], [-3.01245975, 51.21646845], [-3.01280606, 51.21636164], [-3.01237774, 51.21634054], [-3.01178122, 51.21616328], [-3.01145267, 51.21580756], [-3.01146841, 51.21529293], [-3.01180184, 51.21494925], [-3.01230228, 51.21475601], [-3.01267207, 51.21447814], [-3.01289821, 51.21403766], [-3.01311135, 51.21363044], [-3.01331305, 51.21328652], [-3.01354134, 51.21292984], [-3.01375115, 51.21253443], [-3.01396763, 51.21219385], [-3.01415336, 51.21195185], [-3.01438236, 51.21181798], [-3.01466525, 51.21173692], [-3.01493347, 51.21159434], [-3.01523805, 51.21132565], [-3.01564085, 51.21094334], [-3.01595592, 51.21046507], [-3.01619196, 51.20974338], [-3.01636505, 51.20881915], [-3.01661456, 51.20823562], [-3.01703274, 51.20796251], [-3.01757991, 51.20773625], [-3.01778674, 51.20653582], [-3.01829255, 51.20612931], [-3.01861262, 51.20585191], [-3.01887035, 51.20570731], [-3.01914453, 51.20554936], [-3.01937008, 51.20514083], [-3.01955545, 51.20445454], [-3.01977205, 51.20384955], [-3.01998317, 51.20332384], [-3.02021587, 51.20270145], [-3.02042663, 51.20181322], [-3.02064335, 51.20077395], [-3.02083278, 51.19967568], [-3.02106941, 51.19905376], [-3.02135527, 51.19878948], [-3.02159202, 51.19846284], [-3.02178133, 51.19792807], [-3.02199841, 51.19745863], [-3.02220905, 51.19709635], [-3.02244163, 51.19674134], [-3.02265096, 51.19634974], [-3.02286434, 51.19600844], [-3.02304792, 51.19575942], [-3.02328551, 51.19561696], [-3.02360654, 51.19554973], [-3.02545714, 51.19455981], [-3.02576757, 51.19444835], [-3.02608287, 51.19417727], [-3.02657235, 51.19367588], [-3.02732241, 51.19312775], [-3.02792215, 51.19279671], [-3.02832592, 51.19254601], [-3.02885377, 51.19217575], [-3.02972531, 51.19171035], [-3.03052092, 51.19138813], [-3.03095448, 51.19111586], [-3.03115666, 51.19077396], [-3.03135717, 51.19042885], [-3.03162646, 51.19010913], [-3.03204524, 51.18983746], [-3.03250861, 51.18965638], [-3.03296304, 51.18950784], [-3.03346133, 51.18938065], [-3.0341264, 51.18923998], [-3.0350039, 51.18910766], [-3.03590286, 51.18896365], [-3.03678167, 51.18883157], [-3.03744793, 51.18868744], [-3.03793991, 51.18854451], [-3.03837001, 51.18836653], [-3.04368246, 51.18830681], [-3.04409635, 51.18812895], [-3.04452825, 51.18798792], [-3.04505777, 51.18784905], [-3.04582775, 51.18772387], [-3.04697394, 51.18757296], [-3.04852545, 51.18738186], [-3.0498811, 51.18709743], [-3.05091238, 51.18674684], [-3.05166924, 51.18625462], [-3.05215323, 51.18575025], [-3.05258524, 51.18539333], [-3.05295682, 51.18521321], [-3.05320597, 51.18506873], [-3.05338681, 51.18487], [-3.05359638, 51.18461752], [-3.05380416, 51.1842885], [-3.05403614, 51.18379128], [-3.05424702, 51.18309593], [-3.05446446, 51.18240094], [-3.05465603, 51.18178427], [-3.05489683, 51.18145156], [-3.05518556, 51.18127203], [-3.05540752, 51.18093073], [-3.05553675, 51.18029952], [-3.05589843, 51.17994201], [-3.05607796, 51.17952275], [-3.05625618, 51.17888176], [-3.05626452, 51.17796016], [-3.05606627, 51.17710185], [-3.0557543, 51.17636371], [-3.05532193, 51.17591143], [-3.05491877, 51.17572045], [-3.05462766, 51.17555797], [-3.05435216, 51.17525673], [-3.05398762, 51.17481577], [-3.05363417, 51.17440081], [-3.05310786, 51.17414534], [-3.05233634, 51.17396176], [-3.05169415, 51.17370784], [-3.05134475, 51.17341638], [-3.05113566, 51.17314112], [-3.05097604, 51.17291558], [-3.05069244, 51.17273665], [-3.05018342, 51.17250383], [-3.04957557, 51.17213094], [-3.04916108, 51.1717633], [-3.04888356, 51.17145038], [-3.04866731, 51.17116857], [-3.04840446, 51.17089546], [-3.04840755, 51.17035711], [-3.04806137, 51.17025053], [-3.04764187, 51.17009378], [-3.04719102, 51.16980672], [-3.04678452, 51.16942656], [-3.04637074, 51.16902018], [-3.04608154, 51.16872287], [-3.0458287, 51.16857696], [-3.04554105, 51.16850746], [-3.0452497, 51.16836011], [-3.04490936, 51.16799843], [-3.04455364, 51.16736543], [-3.04459131, 51.16662085], [-3.04511321, 51.16621065], [-3.04519606, 51.16614556], [-3.04609907, 51.16609001], [-3.04680443, 51.16634333], [-3.04717207, 51.16668308], [-3.04739082, 51.16699326], [-3.04754853, 51.16722751], [-3.0477612, 51.16736186], [-3.04803956, 51.16744733], [-3.0483067, 51.16760194], [-3.04860711, 51.16789424], [-3.04900336, 51.16829002], [-3.04932606, 51.16868365], [-3.05041444, 51.16932285], [-3.05073535, 51.16939604], [-3.05097306, 51.16954041], [-3.05115652, 51.16977131], [-3.05136967, 51.17004776], [-3.05157924, 51.17033613], [-3.05181158, 51.17062485], [-3.05202258, 51.17091167], [-3.05224085, 51.17118335], [-3.05243182, 51.17140496], [-3.05266786, 51.17154646], [-3.05294347, 51.1716609], [-3.05315101, 51.1718626], [-3.05330575, 51.17215347], [-3.05357206, 51.17239165], [-3.05404687, 51.17259252], [-3.05463934, 51.17282021], [-3.05511546, 51.17299712], [-3.05547607, 51.17321825], [-3.05596733, 51.17359817], [-3.05672181, 51.17406964], [-3.05732691, 51.17439032], [-3.05767775, 51.17467475], [-3.05798805, 51.17508841], [-3.05846381, 51.17559457], [-3.05864644, 51.17615235], [-3.05890465, 51.17673886], [-3.05910242, 51.17733312], [-3.0593363, 51.17768335], [-3.05963767, 51.17781746], [-3.05993974, 51.17789054], [-3.05994046, 51.18037701], [-3.05963612, 51.18044853], [-3.05933166, 51.18056154], [-3.05909717, 51.18084633], [-3.05891228, 51.18134856], [-3.05869782, 51.18190944], [-3.05848813, 51.18246913], [-3.05825651, 51.18289566], [-3.05804634, 51.18321216], [-3.05782616, 51.18347836], [-3.05762505, 51.18369746], [-3.05736852, 51.18383956], [-3.05708361, 51.18392491], [-3.05695784, 51.18401265], [-3.05710542, 51.18410397], [-3.05740857, 51.18419731], [-3.05763412, 51.18433905], [-3.0576452, 51.18451536], [-3.05744135, 51.18465161], [-3.05713737, 51.18474972], [-3.05688584, 51.18489397], [-3.05669391, 51.18512034], [-3.05647862, 51.18539405], [-3.05625594, 51.18568015], [-3.05597258, 51.18596625], [-3.05588663, 51.18682933], [-3.05531013, 51.18708682], [-3.05478954, 51.18733525], [-3.0543164, 51.18770635], [-3.05383444, 51.18820155], [-3.05316734, 51.18869436], [-3.05244827, 51.18909645], [-3.05177736, 51.18951964], [-3.05129111, 51.18989766], [-3.05082762, 51.19018555], [-3.05035961, 51.19036281], [-3.04811811, 51.19160044], [-3.0476284, 51.19181037], [-3.04719496, 51.19214797], [-3.04690051, 51.19255936], [-3.04666042, 51.1929239], [-3.04646945, 51.19324851], [-3.04629004, 51.19358695], [-3.04615045, 51.19393134], [-3.04590023, 51.19418883], [-3.04531753, 51.19440687], [-3.04423833, 51.19461524], [-3.04281211, 51.19461143], [-3.04153395, 51.19435596], [-3.04037166, 51.19399357], [-3.03910804, 51.19357121], [-3.03780913, 51.19328213], [-3.03665948, 51.19313073], [-3.03553176, 51.19313645], [-3.03454745, 51.19325936], [-3.03362298, 51.19340062], [-3.03283381, 51.19356191], [-3.03216135, 51.19374895], [-3.03174305, 51.19401884], [-3.03161335, 51.19431961], [-3.0314908, 51.19461846], [-3.0313133, 51.19522464], [-3.03080738, 51.19574702], [-3.03048754, 51.19616067], [-3.03022945, 51.19637847], [-3.02995551, 51.19649553], [-3.02972984, 51.19669354], [-3.02954447, 51.19704056], [-3.02932775, 51.19744301], [-3.02911675, 51.19786704], [-3.02888405, 51.19828856], [-3.02867365, 51.19878435], [-3.0284574, 51.19940591], [-3.02826846, 51.20010126], [-3.02803051, 51.20051312], [-3.02773666, 51.20070565], [-3.02748466, 51.20097137], [-3.02728856, 51.20144165], [-3.02713394, 51.20197535], [-3.02715182, 51.20252216], [-3.02729213, 51.20300102], [-3.02730322, 51.20353556], [-3.02712965, 51.20429301], [-3.0269078, 51.20528901], [-3.02667451, 51.20607674], [-3.02650201, 51.20669425], [-3.02610755, 51.20689166], [-3.02611935, 51.21023083], [-3.02581501, 51.21030593], [-3.02551055, 51.21042395], [-3.02527595, 51.21071076], [-3.02509105, 51.21119392], [-3.02487576, 51.21168375], [-3.02466512, 51.21212721], [-3.02443385, 51.21248186], [-3.02423036, 51.21277416], [-3.02402925, 51.21303093], [-3.02384961, 51.21324492], [-3.02355874, 51.21342134], [-3.02305257, 51.21366], [-3.02242732, 51.21404815], [-3.02192056, 51.21443295], [-3.02145231, 51.21471965], [-3.02107012, 51.21487665], [-3.02083278, 51.21502423], [-3.02066493, 51.21526587], [-3.02041018, 51.21563888], [-3.01999915, 51.21612895], [-3.01938558, 51.21658087], [-3.01886773, 51.21683884], [-3.01858187, 51.21701074], [-3.01845574, 51.21719623], [-3.01812863, 51.21746922], [-3.01836026, 51.21796167], [-3.01858997, 51.21844196], [-3.01875353, 51.21853626], [-3.01904213, 51.21870291], [-3.01984561, 51.21871424], [-3.02082837, 51.21857715], [-3.02197111, 51.21842074], [-3.02307796, 51.218261], [-3.02422845, 51.2181226], [-3.02531612, 51.21797764], [-3.02645314, 51.21784663], [-3.02753854, 51.21770811], [-3.02868712, 51.21758306], [-3.02980077, 51.21743298], [-3.03097475, 51.2172358], [-3.03201735, 51.21692145], [-3.03298485, 51.21651185], [-3.03400564, 51.21599674], [-3.03478682, 51.2155987], [-3.03533936, 51.21524155], [-3.03582168, 51.21486044], [-3.03642082, 51.21448576], [-3.03691697, 51.21425235], [-3.03719282, 51.21407986], [-3.03731585, 51.21388793], [-3.03846717, 51.21301878], [-3.03856266, 51.21283102], [-3.03886151, 51.21263897], [-3.03955054, 51.21232307], [-3.04061902, 51.21179652], [-3.04174387, 51.21124685], [-3.04293227, 51.21064007], [-3.04404807, 51.21008623], [-3.04515123, 51.20952797], [-3.04602575, 51.2091248], [-3.04671586, 51.20882595], [-3.04724646, 51.20863795], [-3.04771614, 51.20847476], [-3.04824257, 51.20828462], [-3.04887426, 51.20801985], [-3.04955935, 51.2077558], [-3.05038273, 51.20744956], [-3.05135441, 51.20711172], [-3.05239177, 51.20667064], [-3.05333185, 51.20620728], [-3.05413544, 51.20569384], [-3.05457783, 51.2053256], [-3.05494165, 51.20508742], [-3.05563128, 51.20475113], [-3.05675614, 51.20414925], [-3.05756962, 51.20399082], [-3.05767214, 51.20369256], [-3.0576086, 51.20338011], [-3.05728555, 51.20317376], [-3.05681276, 51.20306706], [-3.05651915, 51.20296955], [-3.05645263, 51.20285642], [-3.06409776, 51.20281637], [-3.06469715, 51.20263851], [-3.06538165, 51.20249557], [-3.06614506, 51.20235145], [-3.06702602, 51.20221972], [-3.06790304, 51.20207572], [-3.06885087, 51.20194221], [-3.06984365, 51.20179796], [-3.07094502, 51.20166636], [-3.07193375, 51.20152223], [-3.0728445, 51.20137942], [-3.07360983, 51.20120132], [-3.07800961, 51.20125961], [-3.07920396, 51.20180202], [-3.0803107, 51.20223772], [-3.08130765, 51.20265985], [-3.08209038, 51.20298755], [-3.08273804, 51.20326412], [-3.08325613, 51.2034533], [-3.08376265, 51.20364153], [-3.08445168, 51.20390964], [-3.08540595, 51.20430243], [-3.08637607, 51.20464861], [-3.08718264, 51.20494854], [-3.08776164, 51.2051475], [-3.08820665, 51.20529711], [-3.08861732, 51.20541954], [-3.08906507, 51.20557332], [-3.08963966, 51.20577431], [-3.09041262, 51.20605516], [-3.09130228, 51.20633185], [-3.09218836, 51.20661354], [-3.09295166, 51.20681775], [-3.09352124, 51.20697963], [-3.09400475, 51.20711005], [-3.09455085, 51.20724082], [-3.09522247, 51.20733833], [-3.09572184, 51.20755982], [-3.09621382, 51.20766091], [-3.09676182, 51.20779705], [-3.09736025, 51.20793176], [-3.09789705, 51.20807815], [-3.09847665, 51.20821095], [-3.09935093, 51.20835507], [-3.10056472, 51.208498], [-3.1016767, 51.20867574], [-3.10777211, 51.20867574], [-3.10821342, 51.20849836], [-3.10864651, 51.20835602], [-3.10906601, 51.2082113], [-3.10949457, 51.20807517], [-3.110026, 51.20792115], [-3.11082578, 51.20777857], [-3.11205316, 51.20766175], [-3.11369062, 51.20766175], [-3.11502385, 51.20777845], [-3.11605525, 51.20792115], [-3.11691284, 51.20807672], [-3.11782205, 51.20821524], [-3.11879897, 51.20836067], [-3.11990321, 51.20849204], [-3.12089503, 51.20863116], [-3.12177825, 51.20875788], [-3.12244594, 51.20891261], [-3.12302721, 51.20911336], [-3.12369513, 51.20941401], [-3.12448466, 51.20976281], [-3.12542915, 51.21016288], [-3.12630475, 51.21043837], [-3.12704074, 51.21060908], [-3.12777281, 51.21070445], [-3.12823856, 51.2109375], [-3.13355196, 51.21090806], [-3.13399458, 51.21072996], [-3.13450098, 51.21058714], [-3.13516295, 51.21044302], [-3.13595581, 51.21031117], [-3.13661063, 51.21016705], [-3.13719368, 51.21003366], [-3.13796234, 51.20988965], [-3.13900256, 51.2097578], [-3.13999772, 51.20961356], [-3.14092386, 51.20947075], [-3.14170074, 51.20929277], [-3.14915442, 51.20926344], [-3.14959943, 51.20898426], [-3.15444577, 51.20895505], [-3.15505111, 51.20877612], [-3.15571678, 51.20863211], [-3.15639245, 51.20848787], [-3.15710163, 51.20836234], [-3.15776885, 51.20823753], [-3.15831065, 51.20813036], [-3.15851581, 51.20796466], [-3.15844047, 51.20767093], [-3.15842521, 51.20726132], [-3.15861166, 51.20681012], [-3.1589272, 51.20631683], [-3.15932834, 51.20586514], [-3.15963113, 51.20555878], [-3.15995395, 51.20536685], [-3.16044641, 51.20514166], [-3.16103673, 51.20477474], [-3.16151023, 51.20440221], [-3.16203117, 51.20407164], [-3.16273582, 51.20372701], [-3.16368115, 51.20323694], [-3.1640625, 51.203125], [-3.16510355, 51.20297051], [-3.16585052, 51.20266163], [-3.16705835, 51.20254195], [-3.16758275, 51.20237255], [-3.17361295, 51.20220387], [-3.17480326, 51.20187604], [-3.17593408, 51.20166743], [-3.17669117, 51.20152307], [-3.17717195, 51.20139933], [-3.17767453, 51.20119298], [-3.1785264, 51.20083904], [-3.17986071, 51.20037234], [-3.18120253, 51.20015812], [-3.18207455, 51.20021665], [-3.18258715, 51.20036566], [-3.1829921, 51.20053566], [-3.18346405, 51.20068097], [-3.18412256, 51.20082796], [-3.18493903, 51.20096111], [-3.18561375, 51.20110524], [-3.18612182, 51.20123875], [-3.18655801, 51.20138371], [-3.18697858, 51.20151746], [-3.18740141, 51.20166302], [-3.18784678, 51.20179784], [-3.18837714, 51.2019453], [-3.18907404, 51.20208025], [-3.18998945, 51.20221627], [-3.19121802, 51.20231736], [-3.19187593, 51.20256686], [-3.19656205, 51.20253766], [-3.19799972, 51.20236635], [-3.19959462, 51.20222795], [-3.20070434, 51.20206952], [-3.20143187, 51.20187283], [-3.20215166, 51.20160377], [-3.20296776, 51.20133877], [-3.20387113, 51.20103312], [-3.20489025, 51.20069325], [-3.20605636, 51.2002424], [-3.20728123, 51.19976151], [-3.20842946, 51.199247], [-3.20913827, 51.19892311], [-3.20946062, 51.19870794], [-3.20968997, 51.19847035], [-3.21006465, 51.1982249], [-3.21052396, 51.19804335], [-3.21101987, 51.19787133], [-3.21157694, 51.19767678], [-3.2121824, 51.19743335], [-3.21271527, 51.19723833], [-3.21325958, 51.19702256], [-3.21404767, 51.19668615], [-3.21518481, 51.19618964], [-3.21637261, 51.19577587], [-3.21773446, 51.19507921], [-3.21804166, 51.19499946], [-3.21828401, 51.19483948], [-3.21853971, 51.19458282], [-3.21894956, 51.19430733], [-3.21945477, 51.1941148], [-3.22003555, 51.19399726], [-3.22067094, 51.19399226], [-3.22122276, 51.19403255], [-3.22169435, 51.19397914], [-3.22216475, 51.19386542], [-3.22270811, 51.19371486], [-3.22331953, 51.19357395], [-3.22386706, 51.19342577], [-3.22439766, 51.19329131], [-3.22506285, 51.19314694], [-3.2258991, 51.19301581], [-3.22666991, 51.19287574], [-3.22735083, 51.19274402], [-3.22792995, 51.19257927], [-3.22853434, 51.19237316], [-3.22926664, 51.19210911], [-3.23000085, 51.19190276], [-3.23059166, 51.19174695], [-3.23108566, 51.19164693], [-3.23161495, 51.19143581], [-3.23258495, 51.19133472], [-3.2333678, 51.19119847], [-3.23404992, 51.19106352], [-3.23468995, 51.19091582], [-3.23541665, 51.1907804], [-3.23629403, 51.1906358], [-3.23732853, 51.19050646], [-3.23819625, 51.19037175], [-3.23895228, 51.19024456], [-3.23976028, 51.19006574], [-3.24080825, 51.18979132], [-3.24196565, 51.18939352], [-3.24310482, 51.18904555], [-3.24434924, 51.18874514], [-3.24568391, 51.18854415], [-3.24669504, 51.18838954], [-3.24745238, 51.1882627], [-3.24809337, 51.18812454], [-3.24874735, 51.18799496], [-3.24939597, 51.18785095], [-3.25005651, 51.18770766], [-3.25066388, 51.18752945], [-3.25715137, 51.18749106], [-3.25815213, 51.18728805], [-3.25929844, 51.18708074], [-3.26025832, 51.18682158], [-3.26090395, 51.18657446], [-3.26136494, 51.18626833], [-3.26180518, 51.18588841], [-3.26248586, 51.18544364], [-3.26338935, 51.1849786], [-3.2644968, 51.18442583], [-3.26554418, 51.18395364], [-3.26656651, 51.18352771], [-3.26742184, 51.18321466], [-3.26802015, 51.18289697], [-3.26849675, 51.18251908], [-3.26915705, 51.18209004], [-3.27001405, 51.1816926], [-3.27109671, 51.18129003], [-3.27213442, 51.18102241], [-3.27285624, 51.18084931], [-3.27337801, 51.18072581], [-3.27390814, 51.18059182], [-3.27452338, 51.18045342], [-3.27512276, 51.18027663], [-3.27909911, 51.18024552], [-3.27954411, 51.18052447], [-3.28388095, 51.18049467], [-3.28402805, 51.18071794], [-3.28446448, 51.18098247], [-3.28564823, 51.18124545], [-3.28751516, 51.18143105], [-3.28920996, 51.18158317], [-3.29075444, 51.18170977], [-3.29217231, 51.18184948], [-3.29365635, 51.18199074], [-3.29489362, 51.18216836], [-3.29876268, 51.18211806], [-3.29942393, 51.18180108], [-3.29996765, 51.18159175], [-3.30048656, 51.18139946], [-3.30117655, 51.18113291], [-3.30212176, 51.18074191], [-3.30307555, 51.18039656], [-3.30387545, 51.18009627], [-3.30451882, 51.17989504], [-3.30519617, 51.17973995], [-3.30597925, 51.17961311], [-3.30662847, 51.17947495], [-3.30718362, 51.17934525], [-3.30783844, 51.17920125], [-3.30865645, 51.17905808], [-3.30942702, 51.17887986], [-3.31377923, 51.17887986], [-3.31438112, 51.17905796], [-3.31500328, 51.17920065], [-3.31554592, 51.17934465], [-3.31607068, 51.17947662], [-3.31673455, 51.17962122], [-3.31757724, 51.17975605], [-3.31836712, 51.17990172], [-3.31906927, 51.18003035], [-3.31961346, 51.18015695], [-3.31999552, 51.18026137], [-3.32023025, 51.18041575], [-3.32039666, 51.18069005], [-3.32058871, 51.18109882], [-3.32077205, 51.18156028], [-3.32100654, 51.18184972], [-3.32128024, 51.18200612], [-3.32149065, 51.18220627], [-3.32167256, 51.18248665], [-3.32201135, 51.18270111], [-3.32256436, 51.18284774], [-3.32315922, 51.18301165], [-3.32849574, 51.18303573], [-3.32894075, 51.18331456], [-3.33298278, 51.18330347], [-3.33962333, 51.18328524], [-3.34006345, 51.18310678], [-3.34050035, 51.18296385], [-3.34093773, 51.18282032], [-3.34140146, 51.18269098], [-3.34194541, 51.18255234], [-3.34259665, 51.18242133], [-3.343297, 51.18225622], [-3.34410203, 51.18204665], [-3.34494972, 51.18177462], [-3.34570241, 51.18156076], [-3.34627783, 51.18142462], [-3.34680247, 51.18142676], [-3.34745705, 51.18154836], [-3.34825647, 51.18169343], [-3.34892344, 51.18184924], [-3.34945762, 51.18198705], [-3.34998941, 51.1821326], [-3.35055816, 51.18226576], [-3.3510735, 51.18241084], [-3.35169101, 51.18254566], [-3.35276878, 51.182693], [-3.35440326, 51.18282795], [-3.35602021, 51.18296421], [-3.35774815, 51.18306506], [-3.35840607, 51.18328524], [-3.35942996, 51.18338621], [-3.36033785, 51.18352234], [-3.36122036, 51.18365741], [-3.36198246, 51.18380475], [-3.36268485, 51.18393981], [-3.36333585, 51.18408525], [-3.36396611, 51.18421876], [-3.36450446, 51.18436265], [-3.36502421, 51.18449426], [-3.36567915, 51.1846385], [-3.36650431, 51.18478131], [-3.36728036, 51.18495917], [-3.37728465, 51.18500412], [-3.3781507, 51.18476164], [-3.37925625, 51.18447137], [-3.38048768, 51.18409586], [-3.38163125, 51.18382347], [-3.38265276, 51.18364155], [-3.38379431, 51.18351257], [-3.38508356, 51.18337822], [-3.38671052, 51.18325114], [-3.38846302, 51.18310785], [-3.39040041, 51.18296456], [-3.39199817, 51.18278623], [-3.39613831, 51.18275654], [-3.39658332, 51.18247771], [-3.40212786, 51.18250716], [-3.40373421, 51.18268561], [-3.40551436, 51.1828289], [-3.40670145, 51.18297231], [-3.40740585, 51.18309975], [-3.40813315, 51.18323445], [-3.40909755, 51.18336201], [-3.41002953, 51.18353784], [-3.41100717, 51.18380046], [-3.4120506, 51.18417692], [-3.41293907, 51.18452275], [-3.41357183, 51.18493176], [-3.41407812, 51.18543303], [-3.41469645, 51.18590558], [-3.41527522, 51.18623376], [-3.41571808, 51.18651557], [-3.41604614, 51.18674624], [-3.41654217, 51.18690681], [-3.41729796, 51.18706787], [-3.41793263, 51.18732381], [-3.41828465, 51.18762434], [-3.41853297, 51.18793142], [-3.41880226, 51.1882354], [-3.41921914, 51.18850172], [-3.41970134, 51.18867946], [-3.42141163, 51.18964291], [-3.42235816, 51.19004548], [-3.42335343, 51.19052231], [-3.42402601, 51.19083798], [-3.42441881, 51.19109094], [-3.42489004, 51.19146657], [-3.42565405, 51.19195056], [-3.42635977, 51.19232404], [-3.42690492, 51.19266534], [-3.42739344, 51.19304097], [-3.42805016, 51.19345295], [-3.42876124, 51.19382942], [-3.42943072, 51.19424915], [-3.42992461, 51.1946274], [-3.43040955, 51.1949265], [-3.43090236, 51.19515741], [-3.43133247, 51.19542766], [-3.43161857, 51.19572413], [-3.43187344, 51.19602621], [-3.43216574, 51.19632542], [-3.43257964, 51.19658196], [-3.43297434, 51.19674444], [-3.43324125, 51.19690371], [-3.43344045, 51.19712484], [-3.43369186, 51.19738555], [-3.43387496, 51.19775557], [-3.43437076, 51.19816935], [-3.43468726, 51.19846416], [-3.43497622, 51.19863725], [-3.43536127, 51.19879353], [-3.4357661, 51.19904447], [-3.43605745, 51.19934356], [-3.43632007, 51.19965124], [-3.43661594, 51.19995356], [-3.43703187, 51.20021153], [-3.43742895, 51.20037174], [-3.43769622, 51.20052135], [-3.43788266, 51.20072281], [-3.43809295, 51.20097435], [-3.43830073, 51.20131791], [-3.43852985, 51.20188153], [-3.43872941, 51.20270598], [-3.43892396, 51.20353568], [-3.43910444, 51.20429981], [-3.43943381, 51.20477843], [-3.44005585, 51.20514834], [-3.44083226, 51.20561743], [-3.44133306, 51.20598722], [-3.44164968, 51.20617676], [-3.44195867, 51.20625353], [-3.44212961, 51.20632076], [-3.44227684, 51.20660555], [-3.44253325, 51.20691836], [-3.44293845, 51.20728767], [-3.44355202, 51.20766985], [-3.44414318, 51.20792246], [-3.44467175, 51.20810986], [-3.44523168, 51.20830345], [-3.44585311, 51.20855403], [-3.44641006, 51.20876646], [-3.44690394, 51.20897567], [-3.4521141, 51.209059], [-3.45288205, 51.20918596], [-3.45376694, 51.20918953], [-3.45465684, 51.20907402], [-3.45558906, 51.20893824], [-3.45644033, 51.20880163], [-3.45717931, 51.20868266], [-3.45765972, 51.20849514], [-3.45819235, 51.20817387], [-3.45922315, 51.20779336], [-3.46056402, 51.20753431], [-3.46161926, 51.20736051], [-3.46238804, 51.20722485], [-3.46298575, 51.20705998], [-3.46690154, 51.20706224], [-3.46784365, 51.20743597], [-3.46875477, 51.20779896], [-3.46950054, 51.20827484], [-3.46991813, 51.20876241], [-3.47015774, 51.20913374], [-3.47031868, 51.20937216], [-3.47052884, 51.20948493], [-3.4708029, 51.20953596], [-3.47106254, 51.20967865], [-3.47135663, 51.21009481], [-3.47176886, 51.2109282], [-3.47217464, 51.21200883], [-3.47264338, 51.21273065], [-3.47312391, 51.21302247], [-3.47356117, 51.21313667], [-3.47391963, 51.21321428], [-3.47420895, 51.21338081], [-3.47458065, 51.21368933], [-3.47514415, 51.21404851], [-3.47563076, 51.21428764], [-3.47598982, 51.21451771], [-3.47646833, 51.21489561], [-3.47725773, 51.21538997], [-3.47806513, 51.21578097], [-3.47861958, 51.21608496], [-3.47891927, 51.21646655], [-3.47928023, 51.21684766], [-3.47955525, 51.21713924], [-3.47992623, 51.21736646], [-3.48066425, 51.21768236], [-3.48174226, 51.21813977], [-3.4826287, 51.21846175], [-3.48312664, 51.21870637], [-3.48352158, 51.21902311], [-3.48408413, 51.21939135], [-3.48463345, 51.21964598], [-3.48510575, 51.21981835], [-3.48558855, 51.21994174], [-3.48623705, 51.22006857], [-3.48714662, 51.22019196], [-3.48821151, 51.22036564], [-3.48941696, 51.22062576], [-3.49034631, 51.22100353], [-3.49080193, 51.22131944], [-3.49108851, 51.22151136], [-3.49144554, 51.22167516], [-3.49184012, 51.22192585], [-3.49215198, 51.22221971], [-3.4924649, 51.22251773], [-3.49241245, 51.22278273], [-3.49310315, 51.22313452], [-3.49395371, 51.22353888], [-3.49506927, 51.22404695], [-3.49619854, 51.22439742], [-3.49740303, 51.22457635], [-3.49870801, 51.22458613], [-3.49946368, 51.22445846], [-3.49973655, 51.22427118], [-3.49995995, 51.22409797], [-3.50039411, 51.22389352], [-3.50103712, 51.22357595], [-3.50515342, 51.22352266], [-3.50559795, 51.22370136], [-3.50607455, 51.22384453], [-3.50662863, 51.22398758], [-3.50724423, 51.22411454], [-3.50778067, 51.22424877], [-3.50827146, 51.22437823], [-3.50887764, 51.22456205], [-3.50974321, 51.22483873], [-3.51077366, 51.22521734], [-3.51171601, 51.22549355], [-3.51255524, 51.22567618], [-3.51341546, 51.22580373], [-3.51417375, 51.22593796], [-3.51485944, 51.22607601], [-3.51546085, 51.22625232], [-3.515625, 51.22628343], [-3.51657045, 51.22631288], [-3.51767921, 51.22649085], [-3.51895595, 51.22663367], [-3.52005816, 51.22677791], [-3.52101004, 51.22690964], [-3.52177215, 51.22705376], [-3.52242661, 51.22718775], [-3.52296031, 51.22733235], [-3.52344441, 51.22746384], [-3.52398193, 51.22760415], [-3.52459407, 51.22773635], [-3.52517831, 51.22790122], [-3.52579916, 51.22810686], [-3.52653885, 51.22836745], [-3.52726495, 51.22856545], [-3.52782774, 51.2287153], [-3.52828956, 51.22884035], [-3.52881694, 51.22903848], [-3.52959084, 51.22938383], [-3.53058267, 51.2298789], [-3.53134966, 51.23022795], [-3.53187001, 51.23043382], [-3.53234994, 51.23056257], [-3.53300607, 51.23068357], [-3.53392196, 51.23077393], [-3.53585184, 51.23153317], [-3.53794765, 51.23173976], [-3.53939474, 51.23199785], [-3.54035151, 51.23220026], [-3.54121661, 51.23236287], [-3.54221523, 51.23249245], [-3.54307616, 51.23263192], [-3.54379594, 51.23277235], [-3.54440057, 51.23294961], [-3.55144882, 51.23297977], [-3.55189383, 51.23325884], [-3.55710638, 51.23323274], [-3.55800271, 51.23306632], [-3.55904591, 51.23292327], [-3.56008911, 51.2327311], [-3.56136656, 51.23245263], [-3.56296134, 51.23211312], [-3.56459486, 51.23197496], [-3.5656476, 51.23201406], [-3.56624925, 51.23201811], [-3.56676412, 51.23195064], [-3.56735444, 51.23195541], [-3.56793726, 51.23207176], [-3.57210457, 51.23206735], [-3.57372391, 51.23195362], [-3.57555795, 51.23196065], [-3.5768733, 51.23205745], [-3.57769346, 51.23208213], [-3.57823861, 51.23197496], [-3.57869387, 51.23174894], [-3.57909751, 51.23132622], [-3.57937992, 51.23078585], [-3.57961941, 51.23034406], [-3.57982123, 51.23001564], [-3.58003068, 51.22974765], [-3.58021092, 51.22953606], [-3.58042932, 51.22940588], [-3.58069754, 51.22931302], [-3.58097601, 51.2291404], [-3.58139145, 51.22883105], [-3.58208454, 51.22847271], [-3.5827744, 51.22823501], [-3.58324873, 51.22800815], [-3.58368504, 51.22763586], [-3.58423674, 51.2271409], [-3.58462834, 51.22676504], [-3.5849241, 51.22657704], [-3.58524215, 51.22650301], [-3.58702743, 51.22553456], [-3.58765531, 51.2252475], [-3.58827496, 51.22485006], [-3.58877575, 51.22446406], [-3.58938074, 51.22414386], [-3.59016442, 51.2238878], [-3.59100378, 51.22362614], [-3.5917598, 51.22343254], [-3.59242296, 51.2232784], [-3.59323776, 51.22315013], [-3.59448016, 51.22299015], [-3.59622037, 51.22278726], [-3.59774351, 51.22252667], [-3.59890473, 51.22232354], [-3.59980202, 51.22215974], [-3.60064614, 51.22201908], [-3.60137916, 51.22184765], [-3.60768557, 51.22163367], [-3.60919762, 51.22099662], [-3.61041427, 51.22063232], [-3.61125171, 51.22044611], [-3.61189866, 51.22033274], [-3.61241424, 51.22021127], [-3.61289716, 51.22009385], [-3.61346006, 51.21995091], [-3.61411703, 51.21977162], [-3.61469042, 51.21948016], [-3.61511421, 51.21908808], [-3.61549604, 51.21862114], [-3.61575282, 51.2181977], [-3.61606157, 51.21790028], [-3.61665738, 51.21761882], [-3.61758304, 51.21730876], [-3.61859453, 51.2172451], [-3.6196177, 51.21743298], [-3.62067747, 51.21764231], [-3.62177205, 51.21785045], [-3.62297845, 51.21811175], [-3.62386918, 51.21849525], [-3.62413585, 51.21886384], [-3.62398565, 51.21917582], [-3.62376297, 51.21946013], [-3.62451994, 51.21978712], [-3.62579978, 51.22008455], [-3.62689126, 51.22046685], [-3.62763107, 51.22080696], [-3.62809718, 51.22118413], [-3.62836361, 51.22159767], [-3.62858141, 51.22195661], [-3.62876725, 51.22225797], [-3.62895525, 51.22252333], [-3.62911046, 51.22274435], [-3.62935793, 51.22291553], [-3.62985241, 51.22310293], [-3.63067842, 51.22336125], [-3.63179624, 51.22357142], [-3.63318324, 51.22370911], [-3.63483202, 51.22371042], [-3.6360538, 51.22359085], [-3.63686144, 51.22343636], [-3.63745105, 51.22324324], [-3.64166832, 51.22324395], [-3.64242101, 51.22342205], [-3.64334786, 51.22356462], [-3.64444435, 51.22370756], [-3.64579105, 51.22383702], [-3.64711392, 51.22397995], [-3.64844525, 51.22412264], [-3.64954495, 51.22430074], [-3.6536169, 51.22435975], [-3.65488994, 51.22453785], [-3.65631974, 51.22468054], [-3.65740573, 51.22482467], [-3.65821576, 51.22495651], [-3.65897191, 51.22510052], [-3.65983856, 51.22523415], [-3.66069186, 51.22537935], [-3.66150355, 51.22551334], [-3.66212797, 51.22565854], [-3.66280317, 51.22579253], [-3.66400945, 51.22593772], [-3.66584873, 51.22607136], [-3.66752708, 51.22621524], [-3.66898453, 51.22634697], [-3.67007875, 51.22649121], [-3.67098272, 51.22663403], [-3.67171705, 51.226812], [-3.6758275, 51.22687101], [-3.67708957, 51.22704887], [-3.67860591, 51.22719181], [-3.68002915, 51.22733593], [-3.681427, 51.22746766], [-3.68263602, 51.22761154], [-3.68378556, 51.22774518], [-3.68476486, 51.22789037], [-3.68563068, 51.22802436], [-3.68626106, 51.22816956], [-3.68674135, 51.22830355], [-3.68726218, 51.22844875], [-3.68798554, 51.22858298], [-3.68898594, 51.22872806], [-3.69026387, 51.22886014], [-3.69137645, 51.22899985], [-3.69229126, 51.22912705], [-3.69295371, 51.22928095], [-3.69355094, 51.22947741], [-3.69431257, 51.22976816], [-3.69527733, 51.23011065], [-3.69638813, 51.23054337], [-3.69751132, 51.23095465], [-3.69863212, 51.23136866], [-3.69968986, 51.23167491], [-3.70051122, 51.23214614], [-3.70200241, 51.23204196], [-3.70363164, 51.23196495], [-3.70565355, 51.23204315], [-3.70747495, 51.23224378], [-3.7090013, 51.2323209], [-3.71013975, 51.23223913], [-3.71598887, 51.23215151], [-3.71680117, 51.23235297], [-3.7177608, 51.23256016], [-3.71872091, 51.23282421], [-3.71963394, 51.23308647], [-3.72057545, 51.23341465], [-3.72167325, 51.23382664], [-3.72296202, 51.23437333], [-3.72425222, 51.23485553], [-3.72558296, 51.23528433], [-3.72685397, 51.2355653], [-3.72786677, 51.23578715], [-3.73320591, 51.23583984], [-3.73358727, 51.23597932], [-3.73422313, 51.23597932], [-3.73460448, 51.23583984], [-3.74469841, 51.23577786], [-3.74635315, 51.23598576], [-3.74837983, 51.23619914], [-3.75019932, 51.23645711], [-3.75172353, 51.23667026], [-3.75286055, 51.23687816], [-3.75660098, 51.23688614], [-3.7570461, 51.23716521], [-3.76627183, 51.23719466], [-3.76722014, 51.23737276], [-3.76827967, 51.23751605], [-3.76916301, 51.23765981], [-3.76986861, 51.23778927], [-3.77040064, 51.23792851], [-3.7708379, 51.23805785], [-3.77128315, 51.23821664], [-3.77184343, 51.23841512], [-3.77259421, 51.23868716], [-3.77347243, 51.23896027], [-3.77442706, 51.23927951], [-3.77546024, 51.23961794], [-3.77649724, 51.23999262], [-3.77727365, 51.24024546], [-3.777722, 51.24046385], [-3.77814782, 51.24077046], [-3.77882481, 51.24112535], [-3.77949667, 51.24137676], [-3.77988935, 51.24162507], [-3.7800889, 51.24196565], [-3.78032184, 51.24233186], [-3.78070247, 51.24272025], [-3.78132355, 51.24310994], [-3.78198147, 51.24339044], [-3.78202784, 51.24346662], [-3.78265905, 51.24412906], [-3.78345692, 51.24470174], [-3.78405821, 51.24501646], [-3.78437483, 51.24521625], [-3.78460705, 51.24545205], [-3.78498876, 51.24571121], [-3.78554058, 51.24590755], [-3.7863394, 51.2460438], [-3.78735197, 51.24604917], [-3.78818512, 51.24590421], [-3.78885984, 51.24563491], [-3.7894752, 51.2452234], [-3.78993595, 51.24482584], [-3.79038787, 51.24452114], [-3.79083872, 51.24433494], [-3.79129136, 51.24419034], [-3.79180515, 51.24407256], [-3.79246092, 51.24395156], [-3.7931962, 51.24384165], [-3.79370165, 51.24366593], [-3.79405594, 51.24336326], [-3.79443037, 51.24298096], [-3.79469442, 51.24265861], [-3.79489613, 51.24241722], [-3.79532397, 51.24257147], [-3.79548526, 51.2421633], [-3.79565156, 51.24159944], [-3.79586327, 51.24090576], [-3.79607058, 51.24011898], [-3.79632056, 51.23954463], [-3.79662192, 51.23918271], [-3.79703772, 51.23894656], [-3.79743075, 51.23881233], [-3.79771721, 51.23864555], [-3.79799795, 51.23833108], [-3.79839754, 51.23786414], [-3.79883134, 51.23737681], [-3.79942155, 51.23700571], [-3.80010843, 51.2367506], [-3.80067575, 51.23647332], [-3.80108166, 51.23617434], [-3.80152404, 51.23589695], [-3.80200744, 51.23565865], [-3.80249631, 51.23534918], [-3.80299747, 51.2349658], [-3.80361927, 51.23458075], [-3.80412531, 51.23434186], [-3.80440235, 51.23416805], [-3.80452406, 51.2339766], [-3.80590355, 51.23303425], [-3.80704463, 51.23272395], [-3.80832195, 51.23239017], [-3.80963016, 51.23226786], [-3.81080341, 51.23230565], [-3.81202066, 51.23224211], [-3.81318104, 51.23198867], [-3.81992805, 51.23193896], [-3.82135975, 51.23207414], [-3.82318616, 51.23208177], [-3.82510436, 51.23194611], [-3.82711542, 51.23172784], [-3.82850575, 51.23144376], [-3.8292551, 51.23121905], [-3.82978416, 51.23106837], [-3.83035433, 51.23106217], [-3.83096027, 51.23123264], [-3.83167565, 51.23157465], [-3.83245373, 51.2320801], [-3.83297372, 51.23247314], [-3.8334167, 51.23268831], [-3.83395886, 51.23284864], [-3.8344202, 51.23307502], [-3.83472252, 51.23330927], [-3.83518112, 51.23353386], [-3.83609045, 51.23386514], [-3.83730292, 51.23434615], [-3.83831334, 51.23468745], [-3.83896971, 51.23488986], [-3.83942997, 51.23502648], [-3.83983648, 51.23518527], [-3.84948528, 51.23518264], [-3.85023677, 51.23501146], [-3.85117555, 51.23487246], [-3.85231638, 51.23471367], [-3.85373843, 51.23451746], [-3.85505581, 51.23425221], [-3.85611475, 51.23399568], [-3.85678363, 51.23369694], [-3.85717833, 51.23337901], [-3.85762024, 51.23307955], [-3.85818517, 51.23282218], [-3.85883307, 51.23255634], [-3.85940266, 51.23236346], [-3.85985374, 51.23221731], [-3.86017954, 51.23209965], [-3.8603971, 51.23192716], [-3.86070526, 51.23167443], [-3.86142874, 51.23144841], [-3.86259055, 51.23140085], [-3.86394048, 51.23147786], [-3.8654592, 51.23148727], [-3.86674094, 51.23138034], [-3.8671875, 51.23130584], [-3.86955822, 51.23139775], [-3.87037158, 51.23151624], [-3.87124181, 51.23147356], [-3.871894, 51.23123717], [-3.87225056, 51.23092175], [-3.87248695, 51.23057306], [-3.87263155, 51.23017836], [-3.87267578, 51.22971833], [-3.87258613, 51.22903144], [-3.87266946, 51.22813833], [-3.87320733, 51.22758365], [-3.87426794, 51.22757781], [-3.87579525, 51.22791958], [-3.87736118, 51.2282145], [-3.87821925, 51.2284379], [-3.87850106, 51.22868037], [-3.87864327, 51.22894895], [-3.87890184, 51.22919071], [-3.8795737, 51.22933245], [-3.88060474, 51.22933304], [-3.88130224, 51.2291913], [-3.88161814, 51.22894657], [-3.88180935, 51.22867012], [-3.88194203, 51.22841787], [-3.88208091, 51.2282083], [-3.88265824, 51.22822773], [-3.88331795, 51.22738278], [-3.88385356, 51.22660804], [-3.88452125, 51.22611916], [-3.88535452, 51.22590005], [-3.88615215, 51.22575426], [-3.88703096, 51.22557616], [-3.88812566, 51.22530627], [-3.88941824, 51.22502804], [-3.89063084, 51.22473562], [-3.89170122, 51.22452092], [-3.89260232, 51.22438383], [-3.89343643, 51.22438145], [-3.89408195, 51.22451305], [-3.89464211, 51.2247231], [-3.89530694, 51.22502947], [-3.89620793, 51.22537744], [-3.89752686, 51.22578681], [-3.89897001, 51.22611666], [-3.89989603, 51.22640836], [-3.90027964, 51.22663164], [-3.90049946, 51.22676063], [-3.9007405, 51.22689545], [-3.90093791, 51.22725022], [-3.90105867, 51.22790313], [-3.90131855, 51.22836375], [-3.90177405, 51.22878242], [-3.90239263, 51.22918296], [-3.90296865, 51.22943473], [-3.90343523, 51.22956288], [-3.90384734, 51.22956312], [-3.90431976, 51.22951794], [-3.90505564, 51.22956908], [-3.90622294, 51.22968233], [-3.90776205, 51.22983384], [-3.90974152, 51.22997975], [-3.91163051, 51.23013735], [-3.91355956, 51.23027623], [-3.91531837, 51.23038232], [-3.91701686, 51.23037374], [-3.9182018, 51.23028564], [-3.91906047, 51.23027766], [-3.91991782, 51.23038304], [-3.92089236, 51.23051453], [-3.92162764, 51.23065484], [-3.92212975, 51.23078501], [-3.92263222, 51.2309823], [-3.92340183, 51.23132014], [-3.92453587, 51.23182118], [-3.92572606, 51.23223841], [-3.92673016, 51.23167467], [-3.92727876, 51.23153043], [-3.92763054, 51.23122406], [-3.92789304, 51.23074007], [-3.92828751, 51.23033202], [-3.92884696, 51.23010313], [-3.92965448, 51.22995234], [-3.93066132, 51.22983277], [-3.93142223, 51.22969711], [-3.93190098, 51.22956562], [-3.93229544, 51.22941971], [-3.932904, 51.22928464], [-3.93412685, 51.22914147], [-3.93600643, 51.22901654], [-3.9376955, 51.22888732], [-3.93902385, 51.22875345], [-3.93969882, 51.22852421], [-3.9399358, 51.22817624], [-3.94007421, 51.22784805], [-3.94021344, 51.22760665], [-3.94049585, 51.22742975], [-3.94100356, 51.22718477], [-3.94161117, 51.22674787], [-3.94205034, 51.22625601], [-3.94241536, 51.22581875], [-3.94228852, 51.22560275], [-3.94266987, 51.22546875], [-3.94324732, 51.22529352], [-3.94408464, 51.22505665], [-3.94493937, 51.22487867], [-3.94544685, 51.22470915], [-3.94568396, 51.22446763], [-3.94587064, 51.22413015], [-3.94604456, 51.22370946], [-3.94626892, 51.22327483], [-3.94655895, 51.22283876], [-3.94702315, 51.22247994], [-3.94761717, 51.22221065], [-3.94826794, 51.22194815], [-3.94882298, 51.22175455], [-3.94928384, 51.22159696], [-3.94973254, 51.22146678], [-3.95027375, 51.22132635], [-3.95099211, 51.22119463], [-3.95187986, 51.22104955], [-3.95288694, 51.22091424], [-3.95364332, 51.22076666], [-3.95424092, 51.22063184], [-3.95502341, 51.22049546], [-3.95616734, 51.22039461], [-3.95745146, 51.21984744], [-3.95774806, 51.21981025], [-3.95804477, 51.21966135], [-3.97181284, 51.21962404], [-3.97310174, 51.2198137], [-3.97451961, 51.21994674], [-3.97549963, 51.22000921], [-3.97604811, 51.21994281], [-3.97641277, 51.21981752], [-3.97679532, 51.21966255], [-3.97744226, 51.21952093], [-3.97869003, 51.21937346], [-3.98044693, 51.21924245], [-3.98165846, 51.21910632], [-3.98218751, 51.21898305], [-3.98236573, 51.2188251], [-3.98264074, 51.21864116], [-3.98351526, 51.21853137], [-3.98497856, 51.21855545], [-3.98609495, 51.21865451], [-3.98676515, 51.21866834], [-3.98730755, 51.21856296], [-3.98790121, 51.21841466], [-3.98847985, 51.21822298], [-3.99590766, 51.21817684], [-3.9964447, 51.21841872], [-3.99721205, 51.21870816], [-3.99836552, 51.21908367], [-3.99962425, 51.21935964], [-4.00057864, 51.21955264], [-4.00127685, 51.21969736], [-4.00178242, 51.21982014], [-4.00224066, 51.21982658], [-4.00285721, 51.21966064], [-4.00380337, 51.21930885], [-4.00496435, 51.21876585], [-4.00601256, 51.21827424], [-4.00701523, 51.21784115], [-4.00794494, 51.21756923], [-4.00890994, 51.21737146], [-4.01003897, 51.21717322], [-4.0109905, 51.21695864], [-4.01162732, 51.21689558], [-4.01208842, 51.21696305], [-4.01250684, 51.21699226], [-4.01293373, 51.21695936], [-4.01337314, 51.21693587], [-4.01381767, 51.21685088], [-4.0214684, 51.21667075], [-4.02215767, 51.21640468], [-4.02272058, 51.21633554], [-4.02318752, 51.21640634], [-4.02362037, 51.21641314], [-4.02404916, 51.21630335], [-4.02448523, 51.21617985], [-4.02494943, 51.21611381], [-4.02548492, 51.21618187], [-4.02610254, 51.21629477], [-4.02674615, 51.21636844], [-4.02755856, 51.21631253], [-4.02858531, 51.21619308], [-4.02946937, 51.21604276], [-4.03018773, 51.21590292], [-4.0307728, 51.21573746], [-4.03134942, 51.21554077], [-4.03196144, 51.21529627], [-4.03244221, 51.21509802], [-4.03272855, 51.21486235], [-4.03288615, 51.21452212], [-4.03295803, 51.21414626], [-4.03285944, 51.21371543], [-4.03270602, 51.21322775], [-4.0325278, 51.2128185], [-4.03206217, 51.21296155], [-4.03186595, 51.21254945], [-4.03166914, 51.21206284], [-4.03149915, 51.21164536], [-4.03157461, 51.21130705], [-4.03197896, 51.21101022], [-4.03255665, 51.21075475], [-4.03319275, 51.21052086], [-4.03381085, 51.21046102], [-4.03460717, 51.21057236], [-4.03578937, 51.21072555], [-4.03724885, 51.21085537], [-4.03890204, 51.21086454], [-4.04002571, 51.21076596], [-4.04064071, 51.21066201], [-4.04103875, 51.21053505], [-4.04134464, 51.21027482], [-4.04156923, 51.20959735], [-4.04180884, 51.20852125], [-4.04220963, 51.20778418], [-4.04273641, 51.20758975], [-4.04342103, 51.20770943], [-4.04426253, 51.20790148], [-4.04504478, 51.20812571], [-4.05091524, 51.20826006], [-4.05186045, 51.20875072], [-4.05256486, 51.20909357], [-4.05308616, 51.20941651], [-4.05356038, 51.20977461], [-4.05415225, 51.21013725], [-4.05464566, 51.21042716], [-4.05496335, 51.21084261], [-4.05524456, 51.21149063], [-4.05560756, 51.21207964], [-4.05591917, 51.21244001], [-4.05629992, 51.21261215], [-4.05683112, 51.21271718], [-4.05736041, 51.21284998], [-4.0578984, 51.2129786], [-4.05859578, 51.21306002], [-4.05950725, 51.21298385], [-4.06036425, 51.21281922], [-4.06106675, 51.21284926], [-4.06178355, 51.21315682], [-4.06252825, 51.21372116], [-4.06298256, 51.21422994], [-4.06333828, 51.21454096], [-4.06391871, 51.21482885], [-4.06480253, 51.21527743], [-4.06690705, 51.21551275], [-4.06789172, 51.21602905], [-4.0686897, 51.21639311], [-4.06936407, 51.21668065], [-4.06990254, 51.21687114], [-4.07035518, 51.21702182], [-4.07078075, 51.21714807], [-4.07121074, 51.21728873], [-4.07167733, 51.21742535], [-4.07223415, 51.21758127], [-4.07289493, 51.2177248], [-4.07355213, 51.21784031], [-4.07417667, 51.21783304], [-4.07469904, 51.21770155], [-4.07526624, 51.21755195], [-4.07618773, 51.21745443], [-4.07758641, 51.21753228], [-4.07899904, 51.21774495], [-4.08014464, 51.21783686], [-4.08071494, 51.21774375], [-4.08092976, 51.21756804], [-4.08121312, 51.21745265], [-4.08177066, 51.21741927], [-4.08254898, 51.21731377], [-4.0835458, 51.21696961], [-4.08409715, 51.21680355], [-4.08459234, 51.21702838], [-4.08515358, 51.21725595], [-4.08578324, 51.21749163], [-4.08634794, 51.21756363], [-4.08684576, 51.21745396], [-4.08731747, 51.21725237], [-4.08772635, 51.21697426], [-4.08799171, 51.21672583], [-4.08823526, 51.21657395], [-4.08850813, 51.21646285], [-4.08873081, 51.21625757], [-4.08891594, 51.21591747], [-4.08916402, 51.21554887], [-4.08948076, 51.21516585], [-4.08987415, 51.21477234], [-4.09016216, 51.21447504], [-4.09043372, 51.21430492], [-4.09081304, 51.21419775], [-4.09132194, 51.21407604], [-4.09192812, 51.21395063], [-4.09257698, 51.21378696], [-4.09348202, 51.21358323], [-4.09494054, 51.21332455], [-4.09705806, 51.21311784], [-4.09797585, 51.21285796], [-4.09871638, 51.21296525], [-4.09939516, 51.21311235], [-4.10004246, 51.21325946], [-4.10058331, 51.21338773], [-4.10105085, 51.21339715], [-4.10153341, 51.21325707], [-4.10209882, 51.21299613], [-4.10269678, 51.21260095], [-4.10315871, 51.21221757], [-4.10368741, 51.21186984], [-4.10446095, 51.21147394], [-4.10555375, 51.21091115], [-4.10677385, 51.21034753], [-4.10821033, 51.20981562], [-4.10954487, 51.20958745], [-4.11039984, 51.20965958], [-4.11090875, 51.20993137], [-4.11129904, 51.21046567], [-4.11176086, 51.21115768], [-4.11264241, 51.21163046], [-4.11385512, 51.21174407], [-4.11477196, 51.21162713], [-4.11534858, 51.21145225], [-4.11578703, 51.2112416], [-4.11758733, 51.21125865], [-4.11777258, 51.21160448], [-4.11793566, 51.21187603], [-4.11852443, 51.21205211], [-4.11965895, 51.21217275], [-4.12080383, 51.21225345], [-4.1218667, 51.21217716], [-4.12271953, 51.21194375], [-4.12334061, 51.21173096], [-4.12389612, 51.21155703], [-4.12448132, 51.21142077], [-4.12501574, 51.21127915], [-4.12558305, 51.21114707], [-4.12637258, 51.21100354], [-4.12737262, 51.21087694], [-4.12812817, 51.21075082], [-4.12856495, 51.21063626], [-4.12883675, 51.21044946], [-4.12921631, 51.21012771], [-4.12990654, 51.20974565], [-4.13065827, 51.20948315], [-4.13125372, 51.20930636], [-4.13177991, 51.20917833], [-4.13244891, 51.20905185], [-4.13336384, 51.20895708], [-4.1339401, 51.20873475], [-4.13443506, 51.20863378], [-4.13499367, 51.20849764], [-4.13561571, 51.20836258], [-4.13616908, 51.20821536], [-4.13667524, 51.20808041], [-4.13723075, 51.20793498], [-4.13785517, 51.20780122], [-4.13841105, 51.20765614], [-4.13888407, 51.20752227], [-4.13931465, 51.20737731], [-4.13972783, 51.20724332], [-4.14015496, 51.20709765], [-4.14068627, 51.2069627], [-4.14147711, 51.20681715], [-4.14252233, 51.20668721], [-4.14341283, 51.20655715], [-4.14405072, 51.20644796], [-4.14438427, 51.20629907], [-4.14455974, 51.2060672], [-4.14479685, 51.20575905], [-4.14518917, 51.20538187], [-4.14579034, 51.20499945], [-4.14633155, 51.20476687], [-4.14674056, 51.20462143], [-4.14664376, 51.20422661], [-4.14792538, 51.20387006], [-4.14918268, 51.20375896], [-4.15030623, 51.20386446], [-4.15152025, 51.20402622], [-4.1528424, 51.20416725], [-4.15431786, 51.20418227], [-4.15543878, 51.20406234], [-4.15621758, 51.20386767], [-4.15672195, 51.2035768], [-4.15705216, 51.20324802], [-4.15748525, 51.20293307], [-4.15816855, 51.20266545], [-4.15924084, 51.20242774], [-4.16053343, 51.20236766], [-4.16155803, 51.20247972], [-4.16249657, 51.20263398], [-4.16372311, 51.2027688], [-4.16528463, 51.20278704], [-4.16636133, 51.20269227], [-4.16686726, 51.20255065], [-4.16710532, 51.20228577], [-4.16746986, 51.20184875], [-4.16828513, 51.20139205], [-4.16941226, 51.20106852], [-4.17022884, 51.20094228], [-4.17103362, 51.20087051], [-4.17152965, 51.20070696], [-4.17185402, 51.20040536], [-4.17222416, 51.20001113], [-4.17258835, 51.19964576], [-4.17308712, 51.19932461], [-4.17379975, 51.19898403], [-4.17475712, 51.19849503], [-4.17933273, 51.19841123], [-4.1799401, 51.19858921], [-4.18057132, 51.19873214], [-4.18112111, 51.19887626], [-4.18162322, 51.19900775], [-4.18217671, 51.19915056], [-4.18280005, 51.19928205], [-4.18335533, 51.19942617], [-4.18383133, 51.19956923], [-4.18427491, 51.19974732], [-4.19216847, 51.19971251], [-4.19310343, 51.19958937], [-4.1941154, 51.19956446], [-4.19489276, 51.19959056], [-4.19552004, 51.19956422], [-4.1962285, 51.19958472], [-4.19710493, 51.19969594], [-4.19812727, 51.19983125], [-4.19890428, 51.19998395], [-4.19942975, 51.20012546], [-4.19986582, 51.2002815], [-4.20032895, 51.20042634], [-4.20086837, 51.20055163], [-4.20141411, 51.20056593], [-4.20175874, 51.20044553], [-4.20194542, 51.20026147], [-4.2021569, 51.20011723], [-4.20242953, 51.20001602], [-4.20266366, 51.19987106], [-4.20285332, 51.19964325], [-4.20306337, 51.19936407], [-4.20325387, 51.19907093], [-4.20346391, 51.19879377], [-4.20371556, 51.19857395], [-4.20418012, 51.19844615], [-4.20483887, 51.19835567], [-4.20530355, 51.19815302], [-4.20555568, 51.19773102], [-4.20576501, 51.19709504], [-4.20595098, 51.19632065], [-4.20615256, 51.19577777], [-4.20633781, 51.19551015], [-4.20660615, 51.19537532], [-4.20700705, 51.19511747], [-4.20743203, 51.19444227], [-4.20773757, 51.19344497], [-4.20798373, 51.19272006], [-4.20817173, 51.19232035], [-4.20834613, 51.19207394], [-4.20850015, 51.19188344], [-4.20882273, 51.19169152], [-4.20954907, 51.19137061], [-4.21068335, 51.19087017], [-4.21180451, 51.19045687], [-4.21275675, 51.19013774], [-4.21353614, 51.18992734], [-4.21416736, 51.18973625], [-4.21875, 51.18973207], [-4.22153735, 51.18970263], [-4.22229052, 51.18952465], [-4.22318625, 51.18938184], [-4.22417545, 51.18923783], [-4.22535455, 51.18910587], [-4.22658491, 51.18896127], [-4.2278527, 51.18882644], [-4.22874045, 51.18868113], [-4.22929466, 51.18855202], [-4.22971714, 51.18842423], [-4.23008025, 51.18831682], [-4.23034775, 51.18816114], [-4.23047662, 51.18789816], [-4.2303406, 51.18753135], [-4.22973788, 51.18713868], [-4.22895265, 51.18688381], [-4.22823358, 51.18672276], [-4.22757626, 51.18660402], [-4.22697496, 51.18643475], [-4.22625732, 51.18616438], [-4.2253046, 51.18576694], [-4.22434056, 51.18541837], [-4.22353792, 51.18511784], [-4.2229588, 51.18491876], [-4.2225095, 51.18476915], [-4.22209024, 51.18464684], [-4.22163725, 51.18449557], [-4.22109354, 51.18430138], [-4.22044146, 51.18402791], [-4.21976066, 51.18373716], [-4.21901953, 51.18337381], [-4.21875, 51.18331456], [-4.21875, 51.18303573], [-4.21853054, 51.18300605], [-4.21808434, 51.18283403], [-4.21763146, 51.18269503], [-4.21716452, 51.18254006], [-4.21669304, 51.18235564], [-4.21628416, 51.18210566], [-4.21601844, 51.18188095], [-4.21574235, 51.18171656], [-4.21535516, 51.18147325], [-4.21494842, 51.18093193], [-4.21465993, 51.18016756], [-4.21440375, 51.17958498], [-4.21410465, 51.17921925], [-4.21364224, 51.17895854], [-4.21311855, 51.17870927], [-4.21271014, 51.17829812], [-4.21261895, 51.17774713], [-4.21278214, 51.17725396], [-4.21300197, 51.17687833], [-4.21327877, 51.17667115], [-4.21359324, 51.17652595], [-4.2138046, 51.17625582], [-4.21380985, 51.17585325], [-4.21360195, 51.17556834], [-4.21325946, 51.17542195], [-4.21317506, 51.17513525], [-4.21249795, 51.17385161], [-4.21155584, 51.17296851], [-4.21065664, 51.17258346], [-4.21001971, 51.17244077], [-4.20964575, 51.17236781], [-4.20955324, 51.17224562], [-4.20970345, 51.17205608], [-4.20989835, 51.16849422], [-4.21018136, 51.16778874], [-4.21040463, 51.16697586], [-4.21062243, 51.16628671], [-4.21081984, 51.16575801], [-4.21107495, 51.16548192], [-4.2113595, 51.1653769], [-4.21148515, 51.16530216], [-4.21133733, 51.16522241], [-4.21103323, 51.16513455], [-4.21080804, 51.16499758], [-4.21080291, 51.16482866], [-4.21102285, 51.16469145], [-4.21134603, 51.16454816], [-4.21156871, 51.16426837], [-4.21156895, 51.16386485], [-4.21134722, 51.16358376], [-4.21102452, 51.16342187], [-4.2108016, 51.16322374], [-4.21079564, 51.16296482], [-4.21100163, 51.16278315], [-4.21130645, 51.16261482], [-4.21155953, 51.16220653], [-4.21175492, 51.16144335], [-4.21197224, 51.16055298], [-4.21218181, 51.1595571], [-4.21241355, 51.15864801], [-4.21262383, 51.1576997], [-4.21284068, 51.15673256], [-4.21303034, 51.15575731], [-4.21326697, 51.15521657], [-4.21355283, 51.15504563], [-4.21378756, 51.15493703], [-4.2139734, 51.15469277], [-4.21418822, 51.15422905], [-4.21441185, 51.15357947], [-4.21469593, 51.15297544], [-4.21475995, 51.15234375], [-4.21482945, 51.15218163], [-4.21536684, 51.15195835], [-4.21578431, 51.15172303], [-4.21606791, 51.1512531], [-4.21634221, 51.1504842], [-4.21670485, 51.14981866], [-4.2170155, 51.14943731], [-4.21739912, 51.14926815], [-4.21795225, 51.14916837], [-4.21853554, 51.14903176], [-4.21875, 51.14899552], [-4.21875, 51.14815843], [-4.2189486, 51.14820504], [-4.21913874, 51.1478852], [-4.21939302, 51.14751637], [-4.21978235, 51.14720976], [-4.22015417, 51.14699125], [-4.22044063, 51.1466614], [-4.22082245, 51.14611435], [-4.22154045, 51.14556646], [-4.22249472, 51.14518475], [-4.22361493, 51.14491594], [-4.22482276, 51.14485097], [-4.22588682, 51.14498734], [-4.22689056, 51.14526665], [-4.22770333, 51.14569342], [-4.22830558, 51.14610112], [-4.22909236, 51.14637685], [-4.23012686, 51.14642787], [-4.23102415, 51.14631188], [-4.23174524, 51.14616203], [-4.23229194, 51.14600205], [-4.23274255, 51.14585352], [-4.23316681, 51.14567447], [-4.24453044, 51.14567685], [-4.24545348, 51.14585483], [-4.24657726, 51.14599764], [-4.24777663, 51.14614165], [-4.24910617, 51.14627337], [-4.25030541, 51.14641786], [-4.25147605, 51.14655197], [-4.25257218, 51.14669704], [-4.25373375, 51.14682794], [-4.25482047, 51.14696348], [-4.25579655, 51.14708543], [-4.25634098, 51.14724422], [-4.25659013, 51.14743853], [-4.25688875, 51.14757717], [-4.25732541, 51.14758623], [-4.25769687, 51.14743388], [-4.25803232, 51.14712513], [-4.25843096, 51.14672351], [-4.25872886, 51.14634454], [-4.25893784, 51.14599001], [-4.25908864, 51.14565372], [-4.25939441, 51.14538217], [-4.26010001, 51.14504838], [-4.26123154, 51.14456451], [-4.26243305, 51.14416015], [-4.26263762, 51.14411676], [-4.26282716, 51.14361715], [-4.26295865, 51.14308834], [-4.26276624, 51.14248037], [-4.26219273, 51.14195895], [-4.26157296, 51.1416229], [-4.26104331, 51.14130604], [-4.26055241, 51.14093316], [-4.25990474, 51.14052641], [-4.25921631, 51.14020026], [-4.25854433, 51.13991451], [-4.25799024, 51.13971984], [-4.25753164, 51.13957012], [-4.25710344, 51.13944662], [-4.25665021, 51.13929284], [-4.25611353, 51.13909388], [-4.25547302, 51.13881767], [-4.25479066, 51.13854277], [-4.25399411, 51.13824225], [-4.25308263, 51.13796926], [-4.25209558, 51.13769686], [-4.25114894, 51.13750124], [-4.25044835, 51.13733602], [-4.24989915, 51.13716102], [-4.24935496, 51.13691366], [-4.24942243, 51.13659501], [-4.24889982, 51.13648164], [-4.24828494, 51.13632286], [-4.24775934, 51.13605571], [-4.24744165, 51.13574767], [-4.24721766, 51.13545787], [-4.24704385, 51.13522768], [-4.24681926, 51.13508916], [-4.24654424, 51.13500226], [-4.24632704, 51.13486826], [-4.24615896, 51.13464165], [-4.24590683, 51.13433456], [-4.2454735, 51.13395596], [-4.24474287, 51.13356245], [-4.24396825, 51.13330066], [-4.24337494, 51.13312232], [-4.24293637, 51.13299751], [-4.24253345, 51.13291001], [-4.24198592, 51.13292587], [-4.24103033, 51.13297534], [-4.23961806, 51.13284266], [-4.2383641, 51.13251281], [-4.23761904, 51.1322546], [-4.23720145, 51.13207543], [-4.23736978, 51.12935293], [-4.23764873, 51.12927032], [-4.23790872, 51.12910295], [-4.23809636, 51.12868035], [-4.23836184, 51.12803495], [-4.23907495, 51.12758636], [-4.24031985, 51.12733781], [-4.24147534, 51.12712181], [-4.2422564, 51.12692106], [-4.24271536, 51.12656164], [-4.24321413, 51.12594032], [-4.24397588, 51.12531257], [-4.24460578, 51.12496221], [-4.24491394, 51.12477994], [-4.24490201, 51.12463021], [-4.2445904, 51.12448084], [-4.24403405, 51.12424922], [-4.24348521, 51.12384784], [-4.24338675, 51.12339938], [-4.24369717, 51.12297451], [-4.24402702, 51.12267435], [-4.24432981, 51.12251747], [-4.24462783, 51.12242913], [-4.24484265, 51.12230063], [-4.24496412, 51.12210965], [-4.24469161, 51.12196672], [-4.24423504, 51.12187088], [-4.24376726, 51.12172341], [-4.24329662, 51.12152803], [-4.24289322, 51.12125492], [-4.24264824, 51.12100744], [-4.24241495, 51.12088442], [-4.24205255, 51.12088227], [-4.24149525, 51.12086534], [-4.24068701, 51.12065935], [-4.23968005, 51.12033176], [-4.23860896, 51.11992836], [-4.23773873, 51.11964917], [-4.23715305, 51.11947215], [-4.23669446, 51.11934686], [-4.23615384, 51.11919296], [-4.23537052, 51.11899257], [-4.23433185, 51.11873174], [-4.23311973, 51.11852622], [-4.23189104, 51.11836123], [-4.23044193, 51.11822808], [-4.22881186, 51.11808574], [-4.22691846, 51.11795306], [-4.22533107, 51.11781752], [-4.22384584, 51.11771631], [-4.22369385, 51.11754978], [-4.22357345, 51.11737955], [-4.22333634, 51.11730385], [-4.22295964, 51.11730886], [-4.22253025, 51.1172595], [-4.22215676, 51.11716866], [-4.22190547, 51.11701214], [-4.22171187, 51.11677873], [-4.22146177, 51.11650717], [-4.22141004, 51.10309696], [-4.22185326, 51.10281813], [-4.22173572, 51.08779478], [-4.22156632, 51.08731568], [-4.22158015, 51.08680141], [-4.2216953, 51.08636892], [-4.22160315, 51.08596194], [-4.22123325, 51.08548927], [-4.22081161, 51.08501971], [-4.22034395, 51.08467913], [-4.21994007, 51.08448005], [-4.21967697, 51.08425355], [-4.21949506, 51.08391798], [-4.21930134, 51.08358753], [-4.21914101, 51.08332086], [-4.21898043, 51.08311236], [-4.21875, 51.08314717], [-4.21875, 51.08258915], [-4.21851802, 51.08257604], [-4.21803463, 51.08238876], [-4.21758854, 51.08220196], [-4.2173022, 51.08194745], [-4.21727681, 51.08165586], [-4.21724534, 51.08130622], [-4.21708107, 51.08080947], [-4.21690404, 51.08018124], [-4.21677613, 51.07969153], [-4.21674097, 51.07935774], [-4.21662104, 51.07908225], [-4.2164427, 51.07879233], [-4.21622396, 51.0784595], [-4.21603036, 51.07812953], [-4.21579826, 51.07792246], [-4.21552253, 51.07776856], [-4.21527886, 51.07747376], [-4.21501124, 51.07699943], [-4.21459413, 51.076599], [-4.21411443, 51.07638085], [-4.21364176, 51.07623625], [-4.21320546, 51.07607853], [-4.21284115, 51.07579017], [-4.2124933, 51.07534421], [-4.21187437, 51.07473874], [-4.21177292, 51.07409775], [-4.21124303, 51.07397735], [-4.21054435, 51.07380724], [-4.20976627, 51.07353151], [-4.20903146, 51.07320845], [-4.20838726, 51.07279861], [-4.20800245, 51.07240474], [-4.20777345, 51.07203567], [-4.20761287, 51.07169175], [-4.20734465, 51.07145298], [-4.20686185, 51.07125592], [-4.20625615, 51.07102072], [-4.20579255, 51.07083976], [-4.20555341, 51.07067287], [-4.20537913, 51.07049], [-4.20495534, 51.0703361], [-4.20411897, 51.07021701], [-4.20302141, 51.07012618], [-4.20175457, 51.07014632], [-4.20074356, 51.07022941], [-4.19988596, 51.07017481], [-4.1989845, 51.06990015], [-4.19790018, 51.06948626], [-4.19663012, 51.06895506], [-4.19540691, 51.06853175], [-4.19411945, 51.06786108], [-4.19380093, 51.06778753], [-4.19350028, 51.06759846], [-4.19309676, 51.06721854], [-4.19253647, 51.06671536], [-4.19214141, 51.06633997], [-4.19184852, 51.0661478], [-4.19150412, 51.06603265], [-4.19105756, 51.06586814], [-4.1904546, 51.06564033], [-4.18966043, 51.06540954], [-4.1888442, 51.06546724], [-4.18828475, 51.06595504], [-4.18821156, 51.06665742], [-4.18866324, 51.06711972], [-4.18947446, 51.06744182], [-4.19016683, 51.06797075], [-4.19055343, 51.06872761], [-4.19074774, 51.06936455], [-4.19072175, 51.06986082], [-4.19051754, 51.07027745], [-4.19028544, 51.07067621], [-4.19005156, 51.07100773], [-4.18987727, 51.07126248], [-4.18971503, 51.0714612], [-4.18881524, 51.07140005], [-4.18867517, 51.07169676], [-4.18853104, 51.07200754], [-4.18830693, 51.07221365], [-4.18802416, 51.07232976], [-4.18779993, 51.07245731], [-4.18763304, 51.0726124], [-4.18741155, 51.07274365], [-4.18713486, 51.07290542], [-4.18691373, 51.07325411], [-4.18674791, 51.07376754], [-4.18652523, 51.07411194], [-4.18624282, 51.07430768], [-4.18601048, 51.07459247], [-4.18583965, 51.07504201], [-4.1856606, 51.07544124], [-4.18546605, 51.0757122], [-4.18508053, 51.07588613], [-4.18438625, 51.0760622], [-4.18354273, 51.07630575], [-4.18276906, 51.07650685], [-4.18218672, 51.07667387], [-4.18169868, 51.07680798], [-4.18115413, 51.07693982], [-4.18048584, 51.07703745], [-4.17999542, 51.07725835], [-4.17951095, 51.07735944], [-4.17895412, 51.07749558], [-4.17829645, 51.07763052], [-4.17763138, 51.07777774], [-4.17697895, 51.07791293], [-4.17642832, 51.07805824], [-4.17593408, 51.07819211], [-4.17539966, 51.07833695], [-4.17480946, 51.07847095], [-4.17427003, 51.07861602], [-4.17367578, 51.07875001], [-4.17279005, 51.07889533], [-4.17162502, 51.07902956], [-4.17073095, 51.07917464], [-4.17009306, 51.07930636], [-4.16944587, 51.07944512], [-4.16875148, 51.07957077], [-4.16832364, 51.07972515], [-4.16811645, 51.07988465], [-4.1678586, 51.07994032], [-4.16740775, 51.07987785], [-4.16687202, 51.07985938], [-4.16651487, 51.07996714], [-4.16633523, 51.08016682], [-4.16562235, 51.0808053], [-4.16558552, 51.08086085], [-4.16549444, 51.08099782], [-4.16524041, 51.08114982], [-4.16483796, 51.08131182], [-4.16441643, 51.08157277], [-4.16413164, 51.08189344], [-4.16392291, 51.08224785], [-4.16373372, 51.08259463], [-4.16335654, 51.08283436], [-4.16265833, 51.08303201], [-4.16178894, 51.08328736], [-4.16097546, 51.0835402], [-4.16041184, 51.08382285], [-4.16012144, 51.08406925], [-4.1598953, 51.08422315], [-4.15964627, 51.08432233], [-4.15944743, 51.08445561], [-4.15926611, 51.08462966], [-4.15892994, 51.08477855], [-4.15839887, 51.08490252], [-4.15786016, 51.08504927], [-4.15732324, 51.08519006], [-4.15665984, 51.08530653], [-4.15583515, 51.08530247], [-4.15506256, 51.08517504], [-4.15198505, 51.08507836], [-4.15156341, 51.08470166], [-4.15116167, 51.08436275], [-4.15060115, 51.08408594], [-4.14993703, 51.08390856], [-4.14938045, 51.08377135], [-4.14900362, 51.08365965], [-4.14879525, 51.08351088], [-4.14860511, 51.08332038], [-4.14816654, 51.08316004], [-4.14741933, 51.08307135], [-4.14666677, 51.08309197], [-4.14597476, 51.08328307], [-4.14532423, 51.08347964], [-4.14452398, 51.08361506], [-4.14354205, 51.08362985], [-4.14278507, 51.08359182], [-4.14226842, 51.08364403], [-4.14179301, 51.08375478], [-4.14116061, 51.08390272], [-4.14030206, 51.08404732], [-4.13938475, 51.08421957], [-4.13840306, 51.08440876], [-4.13753855, 51.08459282], [-4.13684595, 51.08464575], [-4.13654828, 51.084571], [-4.13594794, 51.08474243], [-4.13531446, 51.08488286], [-4.13473225, 51.08504641], [-4.13415003, 51.08524954], [-4.13352942, 51.08551085], [-4.13298762, 51.08571625], [-4.13252115, 51.08588052], [-4.13205683, 51.08600855], [-4.1315217, 51.08613884], [-4.13091004, 51.08625972], [-4.13032067, 51.08642423], [-4.12967014, 51.08667767], [-4.12886345, 51.0870856], [-4.12871075, 51.09163058], [-4.12848985, 51.09210205], [-4.12829471, 51.09257138], [-4.12791622, 51.09288371], [-4.12716353, 51.09310687], [-4.12609375, 51.09335136], [-4.12494636, 51.09351778], [-4.12413371, 51.09358585], [-4.1235913, 51.09356785], [-4.12309384, 51.09364605], [-4.12252951, 51.09387004], [-4.12189627, 51.09407723], [-4.12095487, 51.09424138], [-4.11953938, 51.09434795], [-4.11863065, 51.09456837], [-4.11833525, 51.09453118], [-4.11803973, 51.09438241], [-4.11393297, 51.09427607], [-4.11332583, 51.09408772], [-4.11270034, 51.09394324], [-4.11217308, 51.09383726], [-4.11171794, 51.09382987], [-4.11119545, 51.09386682], [-4.1104238, 51.09381175], [-4.10939693, 51.09369755], [-4.10850024, 51.09354615], [-4.10777593, 51.09340453], [-4.10722375, 51.09325755], [-4.10677326, 51.09313285], [-4.10637593, 51.09301162], [-4.10603595, 51.09289873], [-4.10571706, 51.09269214], [-4.10522211, 51.09230268], [-4.10445178, 51.09181893], [-4.10383904, 51.09151077], [-4.10352576, 51.09131384], [-4.10336125, 51.0910933], [-4.10313475, 51.09080505], [-4.10275185, 51.09044027], [-4.10213017, 51.09004497], [-4.10147381, 51.08973825], [-4.10082304, 51.08943903], [-4.1007843, 51.08909666], [-4.10007596, 51.08885682], [-4.09947395, 51.08867252], [-4.09912741, 51.0884459], [-4.09891725, 51.08815694], [-4.09859943, 51.08795106], [-4.09815717, 51.08783221], [-4.09785271, 51.08770025], [-4.09769225, 51.08753026], [-4.09744406, 51.08736443], [-4.09688675, 51.08717394], [-4.09593737, 51.08692086], [-4.09483254, 51.08671975], [-4.0940274, 51.08656096], [-4.09344602, 51.08643794], [-4.09278715, 51.0862931], [-4.09190071, 51.08609915], [-4.09097302, 51.08578467], [-4.09002125, 51.08536792], [-4.08973086, 51.08522034], [-4.08896947, 51.08483362], [-4.08810008, 51.08441544], [-4.08740294, 51.08409786], [-4.08683908, 51.08390033], [-4.08627164, 51.08376002], [-4.08560312, 51.08367073], [-4.08511102, 51.08350503], [-4.08460546, 51.08356094], [-4.08406091, 51.08350766], [-4.08353245, 51.08340144], [-4.08319795, 51.08324695], [-4.08295095, 51.08306766], [-4.08251464, 51.08292866], [-4.08187997, 51.08280754], [-4.08144295, 51.08260226], [-4.08121967, 51.08231366], [-4.0809772, 51.08208334], [-4.08060884, 51.08188784], [-4.08021331, 51.08163416], [-4.07990921, 51.08139563], [-4.07955456, 51.08124375], [-4.07910585, 51.08114445], [-4.07875085, 51.08099258], [-4.07841337, 51.08075404], [-4.07789731, 51.0805006], [-4.07733107, 51.08030605], [-4.07697654, 51.08007705], [-4.07679355, 51.07978725], [-4.07657385, 51.07957268], [-4.07622767, 51.07942796], [-4.07580972, 51.07926536], [-4.07528472, 51.07937455], [-4.07385325, 51.07985795], [-4.07256603, 51.08014774], [-4.07165301, 51.08032036], [-4.07098818, 51.08044493], [-4.07048011, 51.08058751], [-4.06995285, 51.08072495], [-4.06918836, 51.08084083], [-4.06816506, 51.08084035], [-4.06726575, 51.08072364], [-4.06653476, 51.08058631], [-4.06598532, 51.08044815], [-4.06557953, 51.08033645], [-4.06530428, 51.08018041], [-4.06517601, 51.07991815], [-4.06526208, 51.07972622], [-4.06534064, 51.07955146], [-4.06606102, 51.07915795], [-4.06707776, 51.07890105], [-4.06802881, 51.07873905], [-4.06882656, 51.07862783], [-4.06926393, 51.07848716], [-4.06948078, 51.07831085], [-4.06978381, 51.07817054], [-4.07025623, 51.07807994], [-4.07071614, 51.07799184], [-4.07063365, 51.07769382], [-4.07095754, 51.07759786], [-4.07134807, 51.07751656], [-4.07179165, 51.07744098], [-4.07224405, 51.07736731], [-4.07264614, 51.07717061], [-4.07299817, 51.07693446], [-4.07359028, 51.07675695], [-4.07449734, 51.07663393], [-4.07525635, 51.07653427], [-4.07579267, 51.07651913], [-4.07625675, 51.07654667], [-4.07678843, 51.07651818], [-4.07742834, 51.07653308], [-4.0780766, 51.076635], [-4.07872236, 51.07676637], [-4.07933462, 51.07695746], [-4.08005786, 51.07723796], [-4.08097458, 51.07761753], [-4.08181381, 51.07789362], [-4.08242297, 51.07807577], [-4.08291602, 51.0782032], [-4.08344877, 51.07833755], [-4.08406997, 51.07847548], [-4.08467257, 51.07865191], [-4.08517814, 51.07872665], [-4.08551598, 51.07904875], [-4.08574653, 51.07930136], [-4.08607543, 51.0795114], [-4.08675754, 51.07983136], [-4.08779716, 51.08034885], [-4.08883774, 51.08083415], [-4.08986163, 51.08127093], [-4.09074104, 51.08154213], [-4.09144938, 51.08171117], [-4.09208465, 51.08183145], [-4.09260118, 51.08196056], [-4.09303403, 51.08208787], [-4.09348631, 51.08225203], [-4.09411788, 51.08245802], [-4.09507358, 51.08272123], [-4.09620547, 51.0829277], [-4.09713256, 51.08309114], [-4.09791172, 51.08321345], [-4.09864175, 51.08332992], [-4.09935141, 51.0834378], [-4.09985781, 51.08363736], [-4.10040426, 51.08402205], [-4.10130525, 51.08452666], [-4.10233927, 51.0849241], [-4.10296941, 51.08506346], [-4.10389531, 51.08516097], [-4.10460401, 51.08531225], [-4.10521221, 51.08551252], [-4.10584593, 51.08578205], [-4.10641682, 51.08603787], [-4.10686135, 51.08632684], [-4.10712922, 51.08662236], [-4.10734522, 51.08690834], [-4.10760093, 51.08719671], [-4.10808396, 51.08750916], [-4.10887337, 51.0878998], [-4.10998118, 51.08846056], [-4.11117315, 51.08902371], [-4.11249185, 51.08958137], [-4.11363173, 51.08990824], [-4.11435831, 51.09000838], [-4.11482036, 51.08992505], [-4.11522865, 51.08980513], [-4.11574745, 51.08973765], [-4.11651146, 51.08977914], [-4.11742914, 51.08978868], [-4.11801434, 51.08967328], [-4.11830068, 51.08944476], [-4.11854625, 51.08916736], [-4.1186769, 51.08693874], [-4.11887526, 51.08666146], [-4.1188755, 51.086326], [-4.11868691, 51.0858494], [-4.11848402, 51.08525515], [-4.11833346, 51.08478272], [-4.11828303, 51.08432102], [-4.11820233, 51.08355415], [-4.11822295, 51.08243144], [-4.11841404, 51.08150911], [-4.11871564, 51.08084846], [-4.11916912, 51.08044505], [-4.11966944, 51.08020234], [-4.12012756, 51.07993341], [-4.12053466, 51.07963061], [-4.12108135, 51.07935441], [-4.12172496, 51.07916772], [-4.12229228, 51.0790168], [-4.12280095, 51.07888925], [-4.12335372, 51.07874882], [-4.12397397, 51.07861543], [-4.12452662, 51.07846797], [-4.12500012, 51.0783329], [-4.12544, 51.07819653], [-4.12587333, 51.07809544], [-4.12628007, 51.07783175], [-4.12676811, 51.07794225], [-4.12732267, 51.07804894], [-4.12795806, 51.07804501], [-4.12856674, 51.07791984], [-4.13246596, 51.07789743], [-4.13290274, 51.07797027], [-4.1334722, 51.07799184], [-4.13436866, 51.07806802], [-4.1355499, 51.07818067], [-4.13643694, 51.07832086], [-4.13699436, 51.07845163], [-4.13744676, 51.07861185], [-4.13797534, 51.07882905], [-4.13863873, 51.07915986], [-4.14385104, 51.07927024], [-4.14476764, 51.07944775], [-4.14598703, 51.07959068], [-4.14753723, 51.07973731], [-4.14944875, 51.07987642], [-4.15100873, 51.08002961], [-4.15219986, 51.08015227], [-4.152951, 51.0802145], [-4.15343726, 51.08014977], [-4.15385163, 51.08003437], [-4.15425205, 51.07991064], [-4.15460253, 51.07981753], [-4.15486908, 51.07965422], [-4.15514421, 51.07925987], [-4.15552521, 51.07851493], [-4.15590143, 51.07756436], [-4.15641177, 51.07686567], [-4.1571629, 51.07637882], [-4.15820706, 51.07586014], [-4.15942681, 51.07540762], [-4.16114521, 51.07497632], [-4.16320455, 51.07464731], [-4.1646862, 51.07434785], [-4.16556418, 51.07406843], [-4.16626465, 51.07371998], [-4.16665626, 51.07362831], [-4.16724944, 51.07346404], [-4.1677978, 51.07333696], [-4.16812336, 51.07318962], [-4.16828215, 51.07301426], [-4.16848481, 51.07287121], [-4.16885698, 51.07275367], [-4.16943574, 51.07259846], [-4.17022514, 51.07240164], [-4.17107272, 51.07215774], [-4.17176557, 51.07197773], [-4.17218137, 51.07179475], [-4.17249382, 51.07151401], [-4.17287374, 51.07113147], [-4.17317831, 51.07069266], [-4.17341995, 51.07011116], [-4.17359745, 51.06942463], [-4.17380261, 51.06901562], [-4.17405713, 51.06885695], [-4.17433846, 51.06868863], [-4.17481744, 51.06832731], [-4.17568076, 51.06778645], [-4.17670381, 51.06725025], [-4.17781365, 51.06669795], [-4.17876804, 51.06628704], [-4.18011606, 51.06539202], [-4.18026292, 51.06519163], [-4.18051004, 51.06505287], [-4.18081141, 51.06496942], [-4.18095994, 51.06487882], [-4.18079293, 51.06475842], [-4.18031848, 51.06458116], [-4.17967856, 51.0643332], [-4.17908764, 51.06413925], [-4.1785655, 51.06397474], [-4.17807674, 51.06378055], [-4.17770123, 51.06344235], [-4.17762256, 51.06298256], [-4.17778575, 51.06248558], [-4.17799747, 51.06201386], [-4.17825651, 51.06174266], [-4.1785506, 51.06159008], [-4.17878687, 51.06132162], [-4.17897415, 51.06083965], [-4.17918932, 51.06028962], [-4.17939961, 51.05971885], [-4.17963398, 51.0592314], [-4.17984951, 51.05879116], [-4.18006635, 51.0583744], [-4.18022704, 51.05792534], [-4.18045414, 51.05781674], [-4.18077338, 51.05772102], [-4.18101215, 51.05751657], [-4.18120265, 51.05717611], [-4.18142915, 51.05677867], [-4.18164027, 51.05628204], [-4.18180323, 51.05558598], [-4.18178844, 51.05463052], [-4.18167818, 51.05369067], [-4.18176877, 51.0527786], [-4.18210065, 51.05212307], [-4.18241203, 51.05177963], [-4.18274355, 51.05161905], [-4.18317366, 51.0514549], [-4.18357027, 51.05114615], [-4.18366277, 51.0507884], [-4.18337297, 51.05055285], [-4.18280375, 51.05041695], [-4.18219376, 51.05026984], [-4.18157208, 51.05008197], [-4.18093431, 51.04983675], [-4.18045211, 51.04963303], [-4.18021524, 51.04939794], [-4.18020475, 51.04908752], [-4.18032992, 51.04879773], [-4.18084896, 51.04891062], [-4.18100035, 51.0486207], [-4.18116605, 51.04818833], [-4.18141615, 51.04754245], [-4.18174124, 51.04666054], [-4.18214643, 51.04584515], [-4.18244386, 51.04524684], [-4.18268693, 51.04495823], [-4.1829257, 51.04482937], [-4.18314934, 51.04463184], [-4.18354976, 51.04429746], [-4.18445444, 51.04396594], [-4.18571115, 51.04367542], [-4.18655586, 51.04326975], [-4.18675256, 51.0427531], [-4.18660724, 51.04226112], [-4.18654752, 51.04170203], [-4.18667841, 51.04093373], [-4.18686807, 51.03999901], [-4.18712068, 51.03943872], [-4.18741691, 51.03923786], [-4.18765855, 51.03911304], [-4.18784845, 51.0389173], [-4.18804884, 51.03865755], [-4.18820214, 51.03837454], [-4.18857253, 51.03802681], [-4.18869364, 51.03759384], [-4.18884635, 51.03725696], [-4.18900836, 51.03702235], [-4.18940771, 51.03684497], [-4.1903429, 51.03660226], [-4.19187737, 51.03621066], [-4.19364691, 51.03581297], [-4.19486725, 51.03539884], [-4.19541645, 51.0350914], [-4.19579875, 51.03491044], [-4.19632196, 51.0347321], [-4.19682157, 51.03441048], [-4.19714606, 51.03399873], [-4.19739056, 51.03362942], [-4.19758666, 51.03331792], [-4.19779241, 51.03304458], [-4.19797766, 51.0328269], [-4.19821346, 51.03270113], [-4.19849884, 51.03263521], [-4.19873297, 51.03251135], [-4.19891822, 51.03220451], [-4.1991322, 51.03159165], [-4.19935501, 51.03069663], [-4.19963801, 51.02988303], [-4.19924343, 51.02971542], [-4.19924343, 51.02664626], [-4.19879997, 51.02636707], [-4.19884658, 51.02191234], [-4.19913018, 51.02163434], [-4.19935822, 51.02133393], [-4.19958746, 51.02097833], [-4.19979274, 51.02057505], [-4.20000637, 51.02022958], [-4.20019484, 51.01998663], [-4.20043111, 51.01985455], [-4.20071733, 51.01977813], [-4.20095336, 51.01964104], [-4.20113802, 51.01936555], [-4.20133924, 51.01893222], [-4.20152485, 51.01842666], [-4.20176172, 51.01813376], [-4.20204306, 51.01819694], [-4.20226216, 51.01869345], [-4.20242202, 51.01948023], [-4.20264065, 51.01999271], [-4.20293975, 51.02018595], [-4.20324314, 51.0202682], [-4.20324492, 51.02327573], [-4.20294261, 51.02333915], [-4.20264006, 51.02348006], [-4.20240545, 51.02389252], [-4.20221496, 51.02464151], [-4.20198536, 51.02546775], [-4.20176315, 51.02637494], [-4.20157504, 51.02727854], [-4.20156968, 51.02826607], [-4.20175231, 51.02915525], [-4.2019937, 51.02999747], [-4.20229936, 51.03067887], [-4.20229805, 51.03389943], [-4.20202661, 51.03417873], [-4.20181131, 51.03446054], [-4.20157456, 51.03474855], [-4.20128286, 51.03504002], [-4.20083845, 51.03530896], [-4.20032847, 51.0355376], [-4.19984806, 51.03583348], [-4.19945455, 51.03621745], [-4.19907558, 51.03667462], [-4.19880295, 51.03708875], [-4.19843686, 51.03739095], [-4.19772911, 51.03772974], [-4.19675386, 51.03818977], [-4.19604325, 51.03850496], [-4.19570053, 51.03871405], [-4.19552934, 51.03893662], [-4.19534314, 51.03919423], [-4.19514716, 51.03946912], [-4.19491816, 51.03975391], [-4.19470835, 51.04006135], [-4.19449461, 51.04040861], [-4.19431126, 51.04075551], [-4.19407463, 51.04097354], [-4.19375491, 51.04107893], [-4.19356108, 51.04138804], [-4.1934427, 51.04220128], [-4.19317424, 51.04266524], [-4.19268382, 51.0429033], [-4.1920675, 51.04311657], [-4.19157815, 51.04327345], [-4.19129562, 51.0434376], [-4.19111848, 51.04366446], [-4.19091976, 51.04393482], [-4.19072127, 51.04421866], [-4.19049311, 51.04450202], [-4.19026434, 51.04478264], [-4.18998003, 51.04506195], [-4.18998051, 51.04865682], [-4.19028723, 51.0489248], [-4.19052947, 51.04927075], [-4.19071186, 51.04982126], [-4.19070041, 51.05058742], [-4.19049394, 51.05128801], [-4.19019401, 51.05366755], [-4.19008934, 51.05401576], [-4.19029796, 51.05444193], [-4.190804, 51.05493188], [-4.19120586, 51.05529034], [-4.1916126, 51.05552805], [-4.19232035, 51.05583787], [-4.19334388, 51.05633616], [-4.19425178, 51.05682123], [-4.19492304, 51.05733216], [-4.19532382, 51.0577718], [-4.19580126, 51.05803084], [-4.19661081, 51.05817056], [-4.19761276, 51.05825448], [-4.19869733, 51.05818808], [-4.19944036, 51.05795407], [-4.19981158, 51.05770445], [-4.2001754, 51.05752695], [-4.20072222, 51.05735755], [-4.20126951, 51.05707693], [-4.20170605, 51.05670297], [-4.20211697, 51.05629635], [-4.20239937, 51.05598915], [-4.20265675, 51.05582464], [-4.20296931, 51.05575335], [-4.20405877, 51.05532098], [-4.20502257, 51.05513632], [-4.20573413, 51.05483675], [-4.20626771, 51.05445027], [-4.20685446, 51.05406034], [-4.20732844, 51.05380702], [-4.20763326, 51.05359817], [-4.20792866, 51.05336714], [-4.20836997, 51.05323267], [-4.20876241, 51.05336571], [-4.20884991, 51.05368686], [-4.20872533, 51.05414081], [-4.20869756, 51.05467594], [-4.20884764, 51.05509746], [-4.2090559, 51.05536544], [-4.20933425, 51.05550683], [-4.20962644, 51.05558455], [-4.20971346, 51.05567098], [-4.20944202, 51.05576265], [-4.20896912, 51.0558393], [-4.20873725, 51.05592167], [-4.20894158, 51.05600381], [-4.20941246, 51.05612171], [-4.20977902, 51.05641103], [-4.20998228, 51.05691862], [-4.21028471, 51.05734456], [-4.21043801, 51.05763113], [-4.21063805, 51.05790043], [-4.21082711, 51.05811477], [-4.21106708, 51.05824673], [-4.21136296, 51.05837011], [-4.21162331, 51.05865145], [-4.21183884, 51.05914021], [-4.21200883, 51.05965495], [-4.21192992, 51.06012154], [-4.21151698, 51.06040561], [-4.21091485, 51.06040072], [-4.21024084, 51.06023991], [-4.20964158, 51.0602144], [-4.20911527, 51.06034744], [-4.20867515, 51.06062317], [-4.20843816, 51.06095874], [-4.2084316, 51.06133068], [-4.20868802, 51.06171656], [-4.20895255, 51.06200945], [-4.20929003, 51.06221175], [-4.20990205, 51.0624541], [-4.21082997, 51.06282473], [-4.21182418, 51.06318212], [-4.21278894, 51.06357682], [-4.21419776, 51.06392002], [-4.21529043, 51.06452775], [-4.21611381, 51.06472707], [-4.21654117, 51.06491637], [-4.21875, 51.06501114], [-4.22159314, 51.06502295], [-4.22210717, 51.06480193], [-4.22268736, 51.06453347], [-4.22330058, 51.06414402], [-4.22378588, 51.06376398], [-4.22430718, 51.06344223], [-4.22491968, 51.06314337], [-4.22554266, 51.06275475], [-4.22594416, 51.06234753], [-4.22619784, 51.06190765], [-4.22637224, 51.06145823], [-4.22659266, 51.06118715], [-4.22687173, 51.06102765], [-4.22710657, 51.06075728], [-4.22729611, 51.06029952], [-4.22751272, 51.05982292], [-4.22772264, 51.05934668], [-4.22795391, 51.05884981], [-4.22816324, 51.05829954], [-4.22837985, 51.05782092], [-4.22857034, 51.05745125], [-4.22881031, 51.0572499], [-4.22909796, 51.0571326], [-4.22931898, 51.05693126], [-4.22944784, 51.05659163], [-4.22978663, 51.0561949], [-4.22994852, 51.05573416], [-4.23016524, 51.05530453], [-4.23037541, 51.05487001], [-4.23059392, 51.05446458], [-4.23078382, 51.05411971], [-4.23102164, 51.05391943], [-4.23131442, 51.05378056], [-4.23156464, 51.05350733], [-4.23175621, 51.05304217], [-4.23190272, 51.05256605], [-4.23188162, 51.05211306], [-4.23177254, 51.05167341], [-4.23187423, 51.05117404], [-4.23222995, 51.05063736], [-4.23255885, 51.05014968], [-4.23282051, 51.04978907], [-4.23301327, 51.04955256], [-4.23324287, 51.04942644], [-4.23352325, 51.04935265], [-4.23375595, 51.04922211], [-4.23394096, 51.04896462], [-4.23415518, 51.04855478], [-4.23437822, 51.04802465], [-4.23466134, 51.04752731], [-4.23476124, 51.04703617], [-4.23502266, 51.04656065], [-4.2352252, 51.04610014], [-4.23545933, 51.04583466], [-4.23573542, 51.04570878], [-4.23595488, 51.04551554], [-4.23613036, 51.04512346], [-4.23638463, 51.04453588], [-4.23678136, 51.04379058], [-4.23738635, 51.04319131], [-4.23796904, 51.04288328], [-4.23849511, 51.04270315], [-4.23908067, 51.04252172], [-4.23978865, 51.04227626], [-4.24047005, 51.04207635], [-4.24102461, 51.04191184], [-4.24169624, 51.04177904], [-4.24291694, 51.04163826], [-4.24470675, 51.04150665], [-4.24614644, 51.04136193], [-4.24712861, 51.04122674], [-4.24773026, 51.04107916], [-4.24829316, 51.04094434], [-4.24928725, 51.04080796], [-4.25091565, 51.04070711], [-4.25202775, 51.04048586], [-4.25318265, 51.04038846], [-4.2539618, 51.04025722], [-4.25449145, 51.04012406], [-4.25504768, 51.03995752], [-4.25579131, 51.03975284], [-4.25663555, 51.03949547], [-4.25741458, 51.03929496], [-4.25802243, 51.03912032], [-4.25851631, 51.03893173], [-4.25891638, 51.03867114], [-4.25917184, 51.03842676], [-4.25941181, 51.03827357], [-4.25968671, 51.03817844], [-4.25991583, 51.03803897], [-4.26010251, 51.03781497], [-4.26031876, 51.03754163], [-4.26052904, 51.03725421], [-4.26076102, 51.03696525], [-4.26097035, 51.03667748], [-4.26118422, 51.03640175], [-4.26136816, 51.03617167], [-4.26160181, 51.03602552], [-4.26190495, 51.03594196], [-4.26220822, 51.03586101], [-4.26224315, 51.03557527], [-4.26252675, 51.03529632], [-4.26275468, 51.0350157], [-4.26298416, 51.03473163], [-4.26318932, 51.03444552], [-4.26340306, 51.03417146], [-4.26359117, 51.03394628], [-4.2638272, 51.03380656], [-4.26411235, 51.03371572], [-4.26434803, 51.03357613], [-4.26453674, 51.0333513], [-4.26475275, 51.03307736], [-4.26496255, 51.03278947], [-4.26519394, 51.03250051], [-4.26540363, 51.03221285], [-4.26561975, 51.03193891], [-4.26580834, 51.03171396], [-4.2660439, 51.03157437], [-4.26632881, 51.03148353], [-4.26656485, 51.03134382], [-4.2667551, 51.03111863], [-4.26697421, 51.03084481], [-4.26718438, 51.03055871], [-4.26740134, 51.03027451], [-4.26756322, 51.02999294], [-4.26790225, 51.02967715], [-4.26803136, 51.02948236], [-4.26825166, 51.02934861], [-4.26853573, 51.02925765], [-4.26876855, 51.02912021], [-4.26895654, 51.02889466], [-4.26920354, 51.0285964], [-4.26952136, 51.02823186], [-4.26992261, 51.02783632], [-4.27022552, 51.02753818], [-4.27049255, 51.02737916], [-4.27077472, 51.02729082], [-4.27100265, 51.02715635], [-4.27118516, 51.02693415], [-4.27139246, 51.02666068], [-4.27159095, 51.02637184], [-4.27182925, 51.02607906], [-4.27212262, 51.02578652], [-4.27256036, 51.02551556], [-4.27306044, 51.02527964], [-4.27355516, 51.02496946], [-4.27404821, 51.02458346], [-4.27465796, 51.02419615], [-4.27518356, 51.02396262], [-4.27557754, 51.0238173], [-4.27551103, 51.02275932], [-4.27518415, 51.02267468], [-4.27485847, 51.02252674], [-4.27464736, 51.02217722], [-4.27464545, 51.02165556], [-4.27487695, 51.02129114], [-4.27529097, 51.0210644], [-4.27575886, 51.02078533], [-4.27617562, 51.02042341], [-4.27659285, 51.02002525], [-4.27688622, 51.01972604], [-4.27714455, 51.01956856], [-4.27742326, 51.01948535], [-4.27765107, 51.01935554], [-4.27783668, 51.01911855], [-4.27805293, 51.01877606], [-4.27826273, 51.01835215], [-4.27849066, 51.01792085], [-4.27869058, 51.01749814], [-4.27889586, 51.01715505], [-4.27910471, 51.01691055], [-4.27946007, 51.01675916], [-4.28000784, 51.01665092], [-4.28055966, 51.01653135], [-4.28106666, 51.01643765], [-4.28156054, 51.01621234], [-4.28224015, 51.01610982], [-4.28280437, 51.01597297], [-4.28331065, 51.01584256], [-4.28384984, 51.01571155], [-4.28439033, 51.01560354], [-4.2847445, 51.01545417], [-4.28495455, 51.01520896], [-4.2851603, 51.01486087], [-4.28535521, 51.01443291], [-4.28556764, 51.01401377], [-4.28575683, 51.01365626], [-4.28599346, 51.01345181], [-4.28627884, 51.01333237], [-4.28651476, 51.01313066], [-4.28670335, 51.01278055], [-4.28691936, 51.01237082], [-4.2871294, 51.01193297], [-4.28736091, 51.01150584], [-4.28757024, 51.01106727], [-4.28778398, 51.01065362], [-4.28796816, 51.01029265], [-4.28820157, 51.0100795], [-4.28850496, 51.00998151], [-4.28880823, 51.00990486], [-4.28884315, 51.00962675], [-4.28912675, 51.00934756], [-4.28935456, 51.00906706], [-4.28958404, 51.00878286], [-4.28978932, 51.00849664], [-4.29000342, 51.00822246], [-4.29019177, 51.00799727], [-4.29042685, 51.00785816], [-4.29070854, 51.00776982], [-4.29093766, 51.00763452], [-4.29112446, 51.00740945], [-4.29137003, 51.00711215], [-4.29168057, 51.00675261], [-4.29206645, 51.00636697], [-4.29235971, 51.00607407], [-4.29268062, 51.00587642], [-4.2931813, 51.00564027], [-4.29379582, 51.00525784], [-4.29429603, 51.00487506], [-4.29476321, 51.00458562], [-4.29515254, 51.00442028], [-4.29540825, 51.0042659], [-4.29558885, 51.00404632], [-4.29578078, 51.00377834], [-4.29592955, 51.00349402], [-4.29624224, 51.00319171], [-4.29653323, 51.00289536], [-4.29693937, 51.00264454], [-4.29732883, 51.00248551], [-4.29761827, 51.00230706], [-4.29790962, 51.00200915], [-4.29831946, 51.00161386], [-4.29872775, 51.00124955], [-4.29917955, 51.00096858], [-4.29957211, 51.00076115], [-4.29981756, 51.00046897], [-4.29997635, 51.00006723], [-4.30018783, 50.9997915], [-4.3004539, 50.99965513], [-4.30066001, 50.99952972], [-4.30081916, 50.99936903], [-4.30109894, 50.99919522], [-4.30159521, 50.99894845], [-4.30218375, 50.99857521], [-4.30260396, 50.99826062], [-4.30299366, 50.99808991], [-4.30344594, 50.99799871], [-4.30379021, 50.99785638], [-4.304075, 50.99759936], [-4.30445373, 50.99725723], [-4.30498767, 50.99721587], [-4.30512857, 50.99702466], [-4.30527413, 50.9968363], [-4.30549836, 50.99669886], [-4.30577505, 50.99660063], [-4.30598044, 50.99646854], [-4.3061192, 50.99629664], [-4.30635691, 50.99613392], [-4.30683422, 50.99594486], [-4.30758846, 50.99566984], [-4.3085469, 50.99538922], [-4.30966795, 50.99510252], [-4.31081176, 50.99491847], [-4.31161344, 50.99484825], [-4.31212437, 50.99488926], [-4.31252217, 50.99488938], [-4.31291604, 50.99479413], [-4.31340182, 50.99466336], [-4.31412792, 50.99447155], [-4.31516206, 50.99419081], [-4.3161993, 50.9938122], [-4.31695747, 50.99353766], [-4.31756425, 50.99335504], [-4.31817734, 50.99321687], [-4.31875575, 50.99305224], [-4.31912184, 50.99299502], [-4.31971455, 50.99281704], [-4.32035744, 50.99267411], [-4.32100487, 50.99252975], [-4.32173645, 50.9923985], [-4.32261765, 50.99225545], [-4.3236922, 50.99212396], [-4.32468414, 50.99197996], [-4.32560003, 50.99183702], [-4.32636785, 50.99165893], [-4.33149445, 50.99160171], [-4.33223903, 50.99143696], [-4.33307767, 50.99129891], [-4.33390617, 50.99111557], [-4.33487523, 50.99084103], [-4.33601284, 50.99046326], [-4.33705127, 50.99018693], [-4.33775341, 50.99000394], [-4.33827746, 50.9898771], [-4.33890474, 50.98974562], [-4.33978248, 50.98961413], [-4.34080422, 50.98944128], [-4.34195626, 50.98923135], [-4.34290683, 50.98900545], [-4.34361875, 50.98893535], [-4.34438241, 50.98899496], [-4.34532964, 50.98901558], [-4.34619248, 50.98899531], [-4.34715796, 50.98905742], [-4.34840965, 50.9891721], [-4.34961367, 50.98932052], [-4.35077775, 50.98945844], [-4.35176146, 50.98960507], [-4.35265458, 50.98974836], [-4.35340607, 50.98992598], [-4.35434628, 50.99001515], [-4.35466301, 50.99013472], [-4.35504305, 50.99005485], [-4.35535955, 50.99017453], [-4.36394131, 50.99023426], [-4.36438465, 50.98995531], [-4.3687433, 50.99002945], [-4.36949194, 50.99014342], [-4.37031293, 50.99013901], [-4.37106442, 50.99005115], [-4.37188816, 50.99004006], [-4.37299085, 50.99014175], [-4.37440383, 50.99027824], [-4.37554157, 50.99045134], [-4.37641311, 50.99065638], [-4.37711632, 50.99090946], [-4.37768805, 50.99111021], [-4.37831152, 50.99131286], [-4.3791455, 50.9915874], [-4.38005972, 50.99196076], [-4.38078284, 50.99223268], [-4.38138151, 50.99241054], [-4.3819741, 50.99253583], [-4.38252831, 50.99268568], [-4.38316464, 50.99288404], [-4.38404226, 50.99316454], [-4.38506722, 50.99344242], [-4.38594162, 50.99372625], [-4.38657868, 50.99393046], [-4.38715541, 50.99408138], [-4.38781357, 50.99417782], [-4.3883239, 50.99434411], [-4.38875186, 50.99421036], [-4.38918686, 50.99420464], [-4.38966465, 50.99433994], [-4.39025641, 50.99454725], [-4.3909744, 50.99480021], [-4.39162016, 50.99498785], [-4.39203942, 50.99518967], [-4.39243376, 50.99550724], [-4.39304626, 50.99590385], [-4.39373481, 50.99623454], [-4.39441955, 50.99652314], [-4.39498997, 50.99671233], [-4.39544857, 50.99684894], [-4.39580464, 50.99696946], [-4.39603984, 50.99718666], [-4.39621484, 50.99754965], [-4.39642334, 50.99796557], [-4.39663136, 50.99838865], [-4.39686334, 50.99874616], [-4.39707255, 50.99904883], [-4.39728534, 50.99932075], [-4.39746821, 50.99954641], [-4.39770496, 50.99968827], [-4.39802456, 50.9997611], [-4.39821804, 50.99983704], [-4.39854813, 51.00022388], [-4.39895844, 51.00062954], [-4.39927375, 51.00098264], [-4.39951074, 51.00127256], [-4.39968491, 51.00149667], [-4.39992166, 51.00164104], [-4.40028954, 51.00174701], [-4.40074635, 51.00188851], [-4.40122986, 51.00207472], [-4.40165245, 51.00233567], [-4.40192354, 51.00257361], [-4.40216815, 51.00272322], [-4.40244007, 51.00285614], [-4.40265656, 51.00313735], [-4.40282154, 51.0035969], [-4.40303564, 51.00402272], [-4.40335238, 51.00436747], [-4.40392566, 51.00465727], [-4.40469182, 51.00489712], [-4.40542865, 51.0051409], [-4.40599573, 51.00531936], [-4.40653276, 51.00552034], [-4.40731406, 51.00588083], [-4.40846932, 51.00651133], [-4.40965867, 51.0067631], [-4.41073132, 51.00733042], [-4.41176295, 51.00783205], [-4.41285574, 51.00837386], [-4.41376448, 51.00882304], [-4.41445231, 51.00925684], [-4.41483724, 51.00964332], [-4.41507101, 51.01000702], [-4.41523325, 51.01034594], [-4.41543102, 51.01055563], [-4.41565835, 51.01066971], [-4.41584742, 51.01080143], [-4.41617465, 51.01097035], [-4.41706765, 51.01111138], [-4.41855586, 51.01122475], [-4.41980398, 51.01137066], [-4.42077386, 51.01156485], [-4.42166221, 51.01185036], [-4.42252052, 51.01217675], [-4.42323506, 51.01258802], [-4.4236958, 51.0129739], [-4.42417586, 51.01330805], [-4.42491114, 51.01362824], [-4.42609656, 51.01400733], [-4.42760491, 51.01430666], [-4.42826784, 51.01400626], [-4.42905045, 51.01378942], [-4.42976677, 51.01351595], [-4.43050814, 51.01330292], [-4.43167126, 51.01318765], [-4.43337917, 51.01326156], [-4.43488586, 51.01349795], [-4.43599057, 51.01370645], [-4.43675113, 51.01386762], [-4.4374721, 51.01400125], [-4.4384129, 51.01420975], [-4.43973625, 51.01456344], [-4.44105077, 51.01503086], [-4.44199801, 51.01524794], [-4.44284534, 51.01519155], [-4.44383395, 51.01503265], [-4.44473147, 51.01482034], [-4.44937885, 51.01476967], [-4.45006025, 51.01499355], [-4.45095563, 51.01527822], [-4.4520874, 51.01571155], [-4.4533056, 51.01618862], [-4.45443726, 51.01669586], [-4.45512533, 51.01701248], [-4.45549035, 51.01725757], [-4.45597255, 51.01763547], [-4.45689714, 51.01815677], [-4.45799184, 51.01862276], [-4.45899487, 51.01904392], [-4.45969415, 51.01930976], [-4.46020901, 51.01949906], [-4.46073377, 51.01969373], [-4.46133077, 51.01994467], [-4.46189392, 51.02014565], [-4.46246696, 51.02030957], [-4.46313894, 51.02044177], [-4.46390057, 51.02058256], [-4.46478355, 51.02071536], [-4.46565485, 51.02086234], [-4.46656501, 51.02099741], [-4.46746564, 51.02113366], [-4.46847522, 51.02123475], [-4.46927702, 51.02150285], [-4.46980906, 51.02154005], [-4.4701637, 51.02168894], [-4.47920775, 51.02176344], [-4.47965097, 51.02204227], [-4.48437202, 51.02201235], [-4.4853003, 51.02183604], [-4.48643005, 51.02169538], [-4.48762882, 51.02155232], [-4.48892546, 51.02141166], [-4.49002576, 51.02123535], [-4.49543035, 51.02127492], [-4.49686015, 51.02142704], [-4.49838245, 51.0214591], [-4.49927413, 51.02133584], [-4.49961126, 51.02107775], [-4.49979126, 51.02072251], [-4.49994874, 51.02031541], [-4.50013947, 51.01995492], [-4.50030482, 51.01964355], [-4.50049865, 51.01935744], [-4.50083625, 51.01911795], [-4.50165784, 51.01899958], [-4.50296247, 51.01907313], [-4.50394762, 51.01933813], [-4.50450826, 51.01967025], [-4.50507653, 51.01998401], [-4.50579906, 51.02024627], [-4.50653362, 51.02051318], [-4.50715137, 51.02071071], [-4.50773585, 51.02086985], [-4.50835407, 51.0210011], [-4.50889945, 51.02114356], [-4.50936925, 51.02127636], [-4.50980854, 51.02141225], [-4.51024187, 51.0215137], [-4.51063621, 51.0217005], [-4.51121962, 51.02191186], [-4.51186836, 51.02219927], [-4.51257408, 51.02248192], [-4.51345325, 51.02273774], [-4.51447904, 51.02281952], [-4.51550627, 51.02273464], [-4.51648343, 51.02257311], [-4.51704133, 51.02227497], [-4.51724875, 51.02183402], [-4.51735973, 51.02143037], [-4.52222741, 51.0214473], [-4.52235997, 51.02165592], [-4.52248394, 51.02192771], [-4.52267015, 51.02227545], [-4.52301288, 51.02263653], [-4.52381897, 51.02284968], [-4.52504027, 51.02287054], [-4.52585983, 51.02273142], [-4.52621627, 51.02248907], [-4.52636814, 51.02220571], [-4.52631533, 51.02189982], [-4.52608705, 51.02155042], [-4.52583778, 51.02115655], [-4.52566135, 51.020787], [-4.52576184, 51.02041256], [-4.52614832, 51.02000666], [-4.52657783, 51.01964962], [-4.52704632, 51.01938474], [-4.52744806, 51.01922083], [-4.52770793, 51.01900637], [-4.52789021, 51.01862395], [-4.52810025, 51.01808464], [-4.52830684, 51.01740611], [-4.52852321, 51.01675606]], [[-3.01843071, 51.23339725], [-3.01822174, 51.23304665], [-3.01801467, 51.23262835], [-3.01776338, 51.23219538], [-3.01745284, 51.2317661], [-3.01701367, 51.23143721], [-3.01659632, 51.23123527], [-3.01635921, 51.23102164], [-3.01636255, 51.23075533], [-3.01657605, 51.23056245], [-3.01688361, 51.23039055], [-3.01713824, 51.2300384], [-3.01733923, 51.22947466], [-3.01756752, 51.22899485], [-3.01777911, 51.22862208], [-3.01795697, 51.22822225], [-3.01798987, 51.22773588], [-3.01794708, 51.22725463], [-3.01798928, 51.22666013], [-3.01795578, 51.22588301], [-3.01777852, 51.22518396], [-3.01757181, 51.22457624], [-3.01735592, 51.22410154], [-3.01716638, 51.2237308], [-3.0168817, 51.22348571], [-3.01641846, 51.22328985], [-3.01588571, 51.22311187], [-3.01550913, 51.22313571], [-3.01521313, 51.22335625], [-3.01480556, 51.22362852], [-3.01433742, 51.22383106], [-3.01414311, 51.22386765], [-3.01397193, 51.22419453], [-3.01373875, 51.22460854], [-3.01351166, 51.22514546], [-3.01332128, 51.22570896], [-3.01330936, 51.22633064], [-3.01346743, 51.22696245], [-3.01366401, 51.22755146], [-3.01396573, 51.22781754], [-3.01444483, 51.22779524], [-3.01499665, 51.22775602], [-3.01538003, 51.22783661], [-3.01560354, 51.22802544], [-3.01574993, 51.22828424], [-3.01572216, 51.22869515], [-3.01557851, 51.22947311], [-3.01556694, 51.23063016], [-3.01573765, 51.23162591], [-3.01594865, 51.23239374], [-3.01616538, 51.23286104], [-3.01634717, 51.23311233], [-3.01661956, 51.2332617], [-3.01709235, 51.23342526], [-3.01772237, 51.23366272], [-3.01834762, 51.2338618], [-3.01858723, 51.23370087], [-3.01843071, 51.23339725]], [[-3.10470045, 51.34136248], [-3.10490215, 51.34159446], [-3.10889351, 51.34151781], [-3.10931444, 51.34126854], [-3.11014974, 51.34116721], [-3.11106467, 51.34103024], [-3.11212266, 51.34089386], [-3.11301661, 51.34074664], [-3.11373734, 51.34061861], [-3.11427665, 51.34049523], [-3.11467791, 51.34039152], [-3.11498547, 51.340222], [-3.11524665, 51.33989728], [-3.1153264, 51.33941424], [-3.11480331, 51.33890057], [-3.11376953, 51.33847046], [-3.11235642, 51.33809662], [-3.11074877, 51.33796787], [-3.10912025, 51.33805895], [-3.10721576, 51.33820856], [-3.1053133, 51.33836532], [-3.10347104, 51.33848965], [-3.10248494, 51.33862674], [-3.10231996, 51.33878195], [-3.10260332, 51.33892381], [-3.10308015, 51.33914864], [-3.10357845, 51.33964527], [-3.10400534, 51.34036636], [-3.10442388, 51.34098256], [-3.10470045, 51.34136248]], [[-2.99853241, 51.35877025], [-2.99900365, 51.35884655], [-2.99966228, 51.3586055], [-3.00068545, 51.35842156], [-3.00131643, 51.3581413], [-3.00134885, 51.35781586], [-3.00083852, 51.35751462], [-3.00001943, 51.35730088], [-2.99905515, 51.35716295], [-2.99806011, 51.35721254], [-2.99749875, 51.35755157], [-2.99741685, 51.3580929], [-2.99765527, 51.35846806], [-2.99806631, 51.35865045], [-2.99853241, 51.35877025]], [[-3.11950183, 51.37964284], [-3.1217072, 51.37981713], [-3.12356055, 51.37917602], [-3.12430513, 51.37915742], [-3.12460291, 51.37908292], [-3.12473524, 51.37653697], [-3.12441814, 51.37623727], [-3.12409627, 51.37593865], [-3.12368453, 51.37567914], [-3.12332058, 51.37551224], [-3.1231029, 51.3753587], [-3.12289023, 51.37517858], [-3.12233865, 51.3750149], [-3.12129247, 51.3748728], [-3.12004542, 51.37476695], [-3.11872923, 51.37486136], [-3.11782837, 51.37525475], [-3.11730123, 51.37580395], [-3.11675584, 51.37622297], [-3.11619031, 51.37647545], [-3.11589134, 51.37678444], [-3.11598146, 51.37723994], [-3.11638105, 51.37761605], [-3.11680162, 51.3778367], [-3.11708736, 51.37808681], [-3.11731815, 51.3784945], [-3.11765778, 51.37896121], [-3.11821175, 51.37935436], [-3.11950183, 51.37964284]], [[-3.19552386, 51.39688516], [-3.19597495, 51.39704502], [-3.20046937, 51.39704227], [-3.20108366, 51.39689624], [-3.20167255, 51.39671338], [-3.20197213, 51.39628136], [-3.20189595, 51.39553142], [-3.20153046, 51.39476705], [-3.19597495, 51.39480746], [-3.19552386, 51.39496744], [-3.19513822, 51.39517295], [-3.19491553, 51.39560521], [-3.19491553, 51.39624751], [-3.19513822, 51.39667952], [-3.19552386, 51.39688516]], [[-2.35638821, 51.80798626], [-2.35715675, 51.80807745], [-2.35746408, 51.80764341], [-2.35733116, 51.80658746], [-2.35710275, 51.80591536], [-2.35673177, 51.80553257], [-2.35607123, 51.80530334], [-2.35528994, 51.80525684], [-2.35478783, 51.80538535], [-2.35452426, 51.80564666], [-2.35428524, 51.80599976], [-2.35405731, 51.80640805], [-2.35390925, 51.80679655], [-2.35412562, 51.80718946], [-2.35480654, 51.80757654], [-2.35562813, 51.80782771], [-2.35638821, 51.80798626]], [[-4.31499636, 51.56067216], [-4.31405234, 51.56113672], [-4.31383085, 51.56180036], [-4.31406271, 51.56234133], [-4.31444526, 51.56276095], [-4.31487834, 51.56313968], [-4.31518137, 51.56342196], [-4.31548238, 51.56360626], [-4.31594312, 51.56378651], [-4.31655133, 51.56403041], [-4.31717563, 51.5642302], [-4.31788683, 51.56439376], [-4.31873286, 51.56452167], [-4.31949627, 51.56465292], [-4.32016635, 51.56478012], [-4.32076132, 51.56496346], [-4.32147718, 51.56524122], [-4.32247913, 51.56562197], [-4.32360935, 51.56589973], [-4.32482862, 51.56607544], [-4.32636011, 51.56617415], [-4.32731283, 51.56582963], [-4.32785094, 51.56579244], [-4.32820976, 51.56564355], [-4.33290291, 51.56554985], [-4.33339286, 51.56540525], [-4.33379984, 51.56526124], [-4.33393621, 51.56497395], [-4.33357024, 51.56445897], [-4.33267927, 51.56392145], [-4.33174121, 51.56370115], [-4.33096373, 51.56374764], [-4.32653892, 51.56409466], [-4.32519615, 51.56449652], [-4.32398415, 51.56457734], [-4.32307923, 51.56438255], [-4.32254565, 51.56417215], [-4.32233095, 51.56398058], [-4.32237923, 51.56379354], [-4.32262945, 51.56365585], [-4.32294106, 51.56356704], [-4.32308745, 51.56347704], [-4.32295525, 51.56338751], [-4.32266521, 51.56329894], [-4.32242036, 51.56315696], [-4.32227266, 51.56295514], [-4.32031751, 51.56166291], [-4.31981325, 51.56153345], [-4.31871104, 51.56101775], [-4.31765771, 51.56069696], [-4.31644237, 51.56055272], [-4.31499636, 51.56067216]], [[-4.68203115, 51.64163673], [-4.68625545, 51.64185393], [-4.68671274, 51.64181328], [-4.68710625, 51.64161587], [-4.68740702, 51.64137578], [-4.68788075, 51.64123893], [-4.68869746, 51.64125633], [-4.68967462, 51.64136243], [-4.69072235, 51.64140844], [-4.69156313, 51.64137244], [-4.69146645, 51.6409868], [-4.69200242, 51.64074504], [-4.69239652, 51.64057684], [-4.69261956, 51.64041173], [-4.69284606, 51.64022851], [-4.69339871, 51.6401124], [-4.69433665, 51.64012897], [-4.69522822, 51.64025545], [-4.69603407, 51.64040113], [-4.69683266, 51.64055645], [-4.69767642, 51.64069176], [-4.69832218, 51.64082754], [-4.69871855, 51.64094377], [-4.69892585, 51.64108717], [-4.69912624, 51.64126194], [-4.69959617, 51.64142072], [-4.70036376, 51.64159608], [-4.70100594, 51.64185166], [-4.70134771, 51.64209485], [-4.70158124, 51.64224875], [-4.70181727, 51.64234865], [-4.70203006, 51.64250207], [-4.70233977, 51.64274597], [-4.70299661, 51.6430068], [-4.70397568, 51.64319432], [-4.70469844, 51.64273095], [-4.70514953, 51.64231312], [-4.70577812, 51.64191031], [-4.7064085, 51.64164817], [-4.70700347, 51.64150023], [-4.70753801, 51.64149356], [-4.70786285, 51.64162552], [-4.70810604, 51.64182973], [-4.70857835, 51.64201474], [-4.70933163, 51.64215112], [-4.70994604, 51.64218855], [-4.71018004, 51.64194143], [-4.70994425, 51.64140034], [-4.70931065, 51.64085746], [-4.70866108, 51.64049685], [-4.708184, 51.64020896], [-4.70791364, 51.63997602], [-4.70762765, 51.63980401], [-4.70716262, 51.63962793], [-4.7065922, 51.63939846], [-4.70616114, 51.63921881], [-4.70585, 51.63902342], [-4.70527065, 51.63872814], [-4.7039721, 51.63836932], [-4.70229816, 51.63803184], [-4.70133162, 51.63751483], [-4.70124495, 51.63679481], [-4.70183277, 51.63632321], [-4.70275271, 51.63599098], [-4.70335984, 51.63536465], [-4.70362496, 51.63440073], [-4.70382512, 51.63378406], [-4.70407081, 51.63355804], [-4.70431817, 51.63341248], [-4.70463908, 51.63314796], [-4.70515072, 51.63275242], [-4.70554364, 51.63240731], [-4.70529366, 51.63198876], [-4.70467854, 51.63158584], [-4.70390177, 51.63132525], [-4.70316756, 51.63118255], [-4.70244777, 51.63118505], [-4.70176327, 51.63131642], [-4.70112216, 51.63151658], [-4.70069075, 51.63181186], [-4.70044994, 51.63213801], [-4.70001876, 51.63242126], [-4.69941294, 51.63260317], [-4.69885397, 51.63274395], [-4.69833946, 51.63287055], [-4.69771433, 51.63305891], [-4.69685435, 51.63334131], [-4.69591343, 51.63369107], [-4.69519591, 51.63383842], [-4.69469714, 51.63377655], [-4.69434345, 51.63365614], [-4.69411755, 51.63348567], [-4.69394875, 51.63323116], [-4.69374096, 51.63288844], [-4.69351733, 51.63248205], [-4.69323015, 51.63209212], [-4.69313157, 51.63181734], [-4.692909, 51.63154972], [-4.69272375, 51.63132167], [-4.69237995, 51.63116825], [-4.69167447, 51.63105774], [-4.69055641, 51.63093126], [-4.68913257, 51.63080382], [-4.68807662, 51.63063943], [-4.68736374, 51.63043284], [-4.6867491, 51.63016784], [-4.68622625, 51.62995625], [-4.68576622, 51.62978685], [-4.68532503, 51.629673], [-4.68488193, 51.62961614], [-4.68443251, 51.62964582], [-4.68397856, 51.62964511], [-4.68353045, 51.62960911], [-4.68311346, 51.62964797], [-4.68275964, 51.62974322], [-4.68243456, 51.62995493], [-4.68193293, 51.63035107], [-4.68114996, 51.63084078], [-4.68052137, 51.63115513], [-4.68020213, 51.63135326], [-4.68007505, 51.63154674], [-4.67971003, 51.63194334], [-4.67989886, 51.63275385], [-4.68006515, 51.63341486], [-4.67999446, 51.63398087], [-4.67962384, 51.63435555], [-4.67912746, 51.63454056], [-4.67855561, 51.63472414], [-4.67783713, 51.63507962], [-4.67705154, 51.63571286], [-4.67656851, 51.63633478], [-4.67625356, 51.63667202], [-4.67588115, 51.63680196], [-4.67539132, 51.63691831], [-4.6748327, 51.63714576], [-4.6744287, 51.63763821], [-4.67464924, 51.63830376], [-4.67581511, 51.63878202], [-4.67755055, 51.63899946], [-4.67866886, 51.6391685], [-4.67917955, 51.63946557], [-4.67954338, 51.63991594], [-4.67987073, 51.64039373], [-4.68035221, 51.64078665], [-4.68106544, 51.64114797], [-4.68203115, 51.64163673]], [[-4.71454322, 51.64204383], [-4.7142719, 51.64226377], [-4.71406651, 51.64265168], [-4.71390855, 51.64315105], [-4.71399295, 51.64370728], [-4.71438122, 51.64412332], [-4.71488643, 51.64436221], [-4.71546185, 51.64403868], [-4.71613765, 51.64385414], [-4.71668863, 51.64357805], [-4.71725738, 51.64327014], [-4.71827185, 51.64299965], [-4.71961355, 51.64278865], [-4.72042096, 51.64249277], [-4.72058117, 51.64208746], [-4.72034764, 51.64180112], [-4.71993482, 51.64164114], [-4.71946633, 51.6414994], [-4.71893656, 51.64136875], [-4.71825325, 51.64125633], [-4.71743011, 51.64125693], [-4.71675372, 51.64137375], [-4.71624184, 51.6415168], [-4.71579397, 51.64167035], [-4.71535242, 51.64179862], [-4.71491933, 51.64192295], [-4.71454322, 51.64204383]], [[-4.69196165, 51.6709007], [-4.69347072, 51.67112875], [-4.69439662, 51.67078114], [-4.69471943, 51.67071962], [-4.69486117, 51.67062688], [-4.69471824, 51.67052174], [-4.69435728, 51.67041135], [-4.69390488, 51.67026806], [-4.69340587, 51.67011881], [-4.69281566, 51.66995084], [-4.69211674, 51.66982901], [-4.69145787, 51.66983771], [-4.69100904, 51.6701107], [-4.69109964, 51.67053652], [-4.69196165, 51.6709007]]]]}, "geometry_name": "the_geom", "properties": {"name": "Bristol Channel", "id": "20", "longitude": -4.01935441169, "latitude": 51.39222851462, "min_x": -4.92431735966, "min_y": 50.98893535109, "max_x": -2.34539175033, "max_y": 51.81888794922, "area": 5748, "mrgid": 3141}}], "totalFeatures": 1, "numberMatched": 1, "numberReturned": 1, "timeStamp": "2026-08-12T16:56:07.870Z", "crs": {"type": "name", "properties": {"name": "urn:ogc:def:crs:EPSG::4326"}}}