{"type": "FeatureCollection", "features": [{"type": "Feature", "id": "iho.98", "geometry": {"type": "MultiPolygon", "coordinates": [[[[10.66160703, 59.91287637], [10.66294527, 59.91039455], [10.66582835, 59.90998244], [10.66328084, 59.90801716], [10.66282988, 59.90232337], [10.66927195, 59.89685798], [10.67440844, 59.89457154], [10.67733824, 59.89410985], [10.67801654, 59.89402223], [10.68165624, 59.89592016], [10.69243348, 59.89715421], [10.69690514, 59.90137434], [10.70179093, 59.90327585], [10.70198345, 59.90361392], [10.69951212, 59.90522325], [10.68988371, 59.90272868], [10.6979717, 59.90665555], [10.69456911, 59.90815222], [10.69485795, 59.91141915], [10.6927073, 59.91183746], [10.69161916, 59.91528547], [10.68800688, 59.91542625], [10.68932021, 59.91757882], [10.70482564, 59.91001487], [10.70968092, 59.90947175], [10.71132612, 59.90502596], [10.72085035, 59.90908241], [10.72059524, 59.90637386], [10.72252142, 59.90603185], [10.72356462, 59.9096328], [10.72589195, 59.90782225], [10.73054671, 59.91029656], [10.73271346, 59.90912986], [10.73331535, 59.90983391], [10.73315477, 59.90758085], [10.73455918, 59.90788257], [10.74106026, 59.90184772], [10.74306607, 59.90281331], [10.74414945, 59.90180743], [10.74386847, 59.90389955], [10.74575341, 59.90353751], [10.74723625, 59.9068768], [10.75032604, 59.90836537], [10.7543385, 59.90573013], [10.75518095, 59.90764117], [10.75498044, 59.90560937], [10.75963724, 59.90655494], [10.76019895, 59.90619278], [10.7601186, 59.90558934], [10.75081146, 59.90164638], [10.75257647, 59.90072107], [10.75795233, 59.90233052], [10.75241876, 59.89611435], [10.75570774, 59.89595354], [10.75382662, 59.89382112], [10.75919986, 59.89148748], [10.75807714, 59.89003921], [10.74889433, 59.88788664], [10.74857342, 59.88686085], [10.74544561, 59.88686085], [10.74576652, 59.88589525], [10.76216745, 59.88710225], [10.76176643, 59.88374281], [10.76381147, 59.88392365], [10.76533532, 59.88633776], [10.76718223, 59.8836019], [10.76381445, 59.88102686], [10.76509738, 59.87955844], [10.75972533, 59.87905562], [10.75329995, 59.87408865], [10.75096607, 59.86996615], [10.75525332, 59.86847842], [10.75487983, 59.86635828], [10.74453366, 59.86557376], [10.74050725, 59.86341143], [10.74058354, 59.86310935], [10.74424398, 59.86223912], [10.74511111, 59.86232472], [10.74726415, 59.86390364], [10.75177431, 59.86080515], [10.76427245, 59.86417437], [10.75899005, 59.87290597], [10.76328814, 59.87564445], [10.76361084, 59.87770855], [10.76869512, 59.87657893], [10.76847017, 59.87397075], [10.7729218, 59.87538624], [10.77560747, 59.87543905], [10.77721643, 59.87489855], [10.77853894, 59.87318981], [10.77837121, 59.87278974], [10.77244961, 59.87218046], [10.76678085, 59.86995053], [10.76654255, 59.86973727], [10.76831436, 59.86728096], [10.77466702, 59.86621773], [10.77686524, 59.87170875], [10.77732778, 59.87189674], [10.7794373, 59.87158477], [10.78252912, 59.86869097], [10.78351474, 59.86124468], [10.78190267, 59.85364163], [10.77969432, 59.84967864], [10.77650201, 59.84771264], [10.76957965, 59.83767724], [10.77203917, 59.83273256], [10.77097476, 59.83207762], [10.76015055, 59.82916224], [10.75918865, 59.82686305], [10.75206995, 59.82347095], [10.7518301, 59.82323325], [10.75274432, 59.82073152], [10.74823201, 59.81812382], [10.743541, 59.80987334], [10.73577774, 59.80273426], [10.73214436, 59.78434765], [10.73222542, 59.77447093], [10.73479152, 59.76698685], [10.73152852, 59.765625], [10.73257494, 59.765625], [10.72700822, 59.7623738], [10.72554624, 59.75738597], [10.72697186, 59.75632966], [10.72209656, 59.75518584], [10.72758317, 59.74740398], [10.72406435, 59.74622786], [10.72412574, 59.74440765], [10.72889316, 59.74028397], [10.72628033, 59.73912156], [10.72751355, 59.73449576], [10.7260704, 59.73349047], [10.72767592, 59.73061693], [10.73245001, 59.72790384], [10.72859037, 59.72186184], [10.72484744, 59.72398245], [10.72121692, 59.72240305], [10.71767867, 59.71809494], [10.71390092, 59.71681166], [10.71322, 59.71682286], [10.71261573, 59.71762311], [10.71534956, 59.71909475], [10.71298695, 59.72000182], [10.72080195, 59.72360551], [10.72582507, 59.72849584], [10.72149491, 59.74392605], [10.71665037, 59.75048602], [10.71790397, 59.75104737], [10.71337962, 59.75240326], [10.71407604, 59.75469518], [10.70898795, 59.75655305], [10.71322894, 59.75992906], [10.71108353, 59.765625], [10.71107924, 59.76593184], [10.71532977, 59.77067268], [10.71374285, 59.77445626], [10.71016777, 59.77550411], [10.71020281, 59.78172445], [10.70449924, 59.79633665], [10.70694935, 59.80458021], [10.69963014, 59.81090736], [10.70144093, 59.81223154], [10.69977534, 59.81935596], [10.69768763, 59.82072377], [10.69320726, 59.84354436], [10.68821514, 59.85113335], [10.68400407, 59.84915304], [10.68239951, 59.84940493], [10.68132055, 59.85018873], [10.67657185, 59.85970402], [10.66549552, 59.86572301], [10.66328526, 59.8691684], [10.66294503, 59.86940408], [10.65942931, 59.87021232], [10.65532851, 59.87014461], [10.65441966, 59.86955571], [10.65327716, 59.86152565], [10.64901757, 59.85606527], [10.64753652, 59.84755182], [10.64341307, 59.84627605], [10.645015, 59.843786], [10.64069045, 59.8443681], [10.64085865, 59.84671128], [10.63174808, 59.84515214], [10.63327146, 59.84416723], [10.63126898, 59.84282315], [10.63360441, 59.84193611], [10.64197874, 59.84315646], [10.64239645, 59.84223092], [10.6346879, 59.83603084], [10.6280992, 59.82649505], [10.61717093, 59.81879211], [10.61484385, 59.81081653], [10.60659683, 59.80354142], [10.6087774, 59.80130768], [10.60781062, 59.79478157], [10.59685445, 59.78700507], [10.59117663, 59.77384925], [10.58911133, 59.7702682], [10.58519423, 59.76688051], [10.58513653, 59.765625], [10.58543205, 59.76494944], [10.58058953, 59.7621839], [10.58341873, 59.76009715], [10.58164036, 59.75851071], [10.58309877, 59.75369215], [10.58055806, 59.74980354], [10.58274925, 59.74408567], [10.5805577, 59.74086535], [10.585168, 59.73722553], [10.58548844, 59.73677266], [10.58365691, 59.73567021], [10.58406007, 59.73528862], [10.58720446, 59.73284948], [10.59194875, 59.73237884], [10.59201872, 59.7318629], [10.58669186, 59.72074354], [10.58692253, 59.7201277], [10.58933401, 59.71672261], [10.59945917, 59.71190095], [10.59995353, 59.70394015], [10.60461688, 59.69367516], [10.61121535, 59.68505466], [10.61531746, 59.68232882], [10.62255716, 59.68991268], [10.62407565, 59.69796205], [10.6276021, 59.70165455], [10.64102161, 59.70406377], [10.63712716, 59.69828475], [10.63080812, 59.69860935], [10.63088512, 59.69997156], [10.62623251, 59.69838512], [10.62626493, 59.6968863], [10.63056362, 59.69582176], [10.62711215, 59.69412971], [10.62381816, 59.68677115], [10.62029374, 59.68478656], [10.62443685, 59.68058813], [10.6213181, 59.67712545], [10.62218916, 59.67464411], [10.61979437, 59.67483318], [10.6197474, 59.6729933], [10.6256057, 59.66777015], [10.62498117, 59.66300476], [10.63191366, 59.65416741], [10.63731074, 59.63918746], [10.64197195, 59.63766325], [10.64275455, 59.62820876], [10.64822841, 59.62510216], [10.64777446, 59.62125611], [10.65227163, 59.61686397], [10.64836585, 59.60789764], [10.65383375, 59.60321927], [10.65151298, 59.59972632], [10.65524435, 59.59682906], [10.65163076, 59.58984375], [10.65112591, 59.58595598], [10.65139568, 59.58543205], [10.6563251, 59.58364284], [10.65649545, 59.58301222], [10.65566111, 59.58232725], [10.65089405, 59.58110285], [10.64676654, 59.57627892], [10.65038228, 59.56451142], [10.64736605, 59.55869603], [10.65118515, 59.54909456], [10.65259576, 59.54673171], [10.65891767, 59.54106176], [10.66466474, 59.53890121], [10.65835536, 59.53536344], [10.66871333, 59.52219331], [10.67742264, 59.52346694], [10.68267536, 59.52789295], [10.68438804, 59.52758956], [10.68377697, 59.52597916], [10.68818605, 59.52691937], [10.68247736, 59.52092743], [10.67917645, 59.51093316], [10.67963505, 59.50987256], [10.68421376, 59.50940597], [10.68082416, 59.49924505], [10.68295276, 59.49790907], [10.68295002, 59.49153066], [10.68768072, 59.48383784], [10.68876386, 59.48199272], [10.68624961, 59.47998238], [10.68620086, 59.47453213], [10.68098676, 59.47307575], [10.6731019, 59.46066213], [10.66808355, 59.44210374], [10.66102684, 59.44014335], [10.66089547, 59.43721235], [10.65596294, 59.43556154], [10.652143, 59.43534291], [10.6501621, 59.43558896], [10.64855754, 59.43618882], [10.64738762, 59.43795002], [10.65006244, 59.44317424], [10.65048802, 59.44359875], [10.65807867, 59.44572032], [10.65552723, 59.45171094], [10.65492177, 59.46219814], [10.65798175, 59.46468186], [10.66287994, 59.46462011], [10.66538584, 59.46172464], [10.66793895, 59.46449661], [10.66082084, 59.47078383], [10.65991783, 59.47558761], [10.66797912, 59.48245275], [10.67618215, 59.48621166], [10.67296326, 59.49034834], [10.66739178, 59.49206495], [10.66459095, 59.49524784], [10.66454816, 59.49661374], [10.66694021, 59.49728906], [10.66526484, 59.50423706], [10.64797616, 59.50634003], [10.64609778, 59.50928164], [10.6446197, 59.50601351], [10.64625525, 59.50118494], [10.65371573, 59.49781835], [10.65122175, 59.49173784], [10.64559162, 59.48888564], [10.64181101, 59.48838675], [10.63890958, 59.48308516], [10.63694525, 59.48317361], [10.63601613, 59.48471475], [10.62797272, 59.48352432], [10.62485921, 59.47926986], [10.62541664, 59.47226167], [10.62937546, 59.47152364], [10.62964404, 59.46962094], [10.63486671, 59.4698441], [10.63423407, 59.46610761], [10.62575757, 59.45988333], [10.61774576, 59.45908201], [10.61585295, 59.44917035], [10.61108387, 59.44636416], [10.61254644, 59.44349146], [10.6085304, 59.44061673], [10.59391475, 59.43942273], [10.58861125, 59.43694353], [10.58697414, 59.42036355], [10.59325731, 59.41653085], [10.59808898, 59.41765547], [10.60400391, 59.41651452], [10.61130798, 59.42134142], [10.61691701, 59.42133474], [10.62203658, 59.42436552], [10.62591004, 59.41834235], [10.62981248, 59.41801023], [10.63804674, 59.42505574], [10.64119625, 59.42513084], [10.64483225, 59.42965043], [10.64849257, 59.42944622], [10.65240276, 59.43163204], [10.65241003, 59.42777956], [10.65679276, 59.42770636], [10.65700626, 59.42728472], [10.65601826, 59.4140625], [10.65550995, 59.4140625], [10.65072727, 59.40646815], [10.65007854, 59.40027165], [10.6469022, 59.39465666], [10.65209913, 59.38584626], [10.65010774, 59.38181627], [10.65010858, 59.37695444], [10.65073538, 59.37501466], [10.65414417, 59.37004447], [10.65809774, 59.37497783], [10.65664303, 59.37750912], [10.66232431, 59.37865353], [10.66252434, 59.3784852], [10.66300952, 59.37332332], [10.66102576, 59.3706547], [10.66185784, 59.35768151], [10.66226387, 59.35724521], [10.66417444, 59.35712707], [10.66533208, 59.35766494], [10.66942847, 59.36073661], [10.67108893, 59.3611474], [10.67262685, 59.36122632], [10.67397428, 59.36021256], [10.67281711, 59.35817516], [10.66671908, 59.35644925], [10.6623106, 59.35228908], [10.65960252, 59.35735166], [10.65661681, 59.35357368], [10.66067195, 59.3507725], [10.66156316, 59.34795856], [10.65838254, 59.34424007], [10.6620599, 59.3416574], [10.66224444, 59.33835161], [10.65671766, 59.33662033], [10.66202092, 59.33519673], [10.66320908, 59.32993734], [10.66538978, 59.32748377], [10.66838312, 59.32743084], [10.67129874, 59.32144332], [10.67657113, 59.32118988], [10.68131244, 59.32491243], [10.68374217, 59.32473886], [10.67740285, 59.31794083], [10.67725647, 59.31482124], [10.68134725, 59.31415021], [10.68321061, 59.31012821], [10.68186903, 59.30648124], [10.68632364, 59.30333996], [10.68968153, 59.30321252], [10.69112873, 59.30031347], [10.69521964, 59.30027187], [10.69000757, 59.30487847], [10.69485474, 59.30583107], [10.69381285, 59.30978501], [10.69768882, 59.31304646], [10.69953763, 59.31793511], [10.71197593, 59.32524467], [10.71604741, 59.32633436], [10.71864605, 59.33418155], [10.72312891, 59.3333106], [10.72674513, 59.33520436], [10.73029792, 59.33858812], [10.73089194, 59.3432132], [10.73606145, 59.34453416], [10.74430287, 59.34453416], [10.75261486, 59.34283125], [10.74656594, 59.33938801], [10.7461884, 59.33418524], [10.74797213, 59.33127272], [10.75471842, 59.32910252], [10.75225341, 59.32601142], [10.75371361, 59.32009685], [10.74960911, 59.31961596], [10.74795616, 59.32140446], [10.74060011, 59.32331121], [10.73638606, 59.32101405], [10.73536062, 59.31644356], [10.73190093, 59.31959605], [10.72633624, 59.3177042], [10.71933305, 59.31807923], [10.71734154, 59.31314766], [10.72663963, 59.31298316], [10.72060156, 59.30791223], [10.72298324, 59.30359912], [10.72798836, 59.30596232], [10.73668444, 59.30499244], [10.7403903, 59.30950963], [10.74655342, 59.30984664], [10.74561131, 59.31236207], [10.7515918, 59.31623852], [10.75508094, 59.31231916], [10.75697005, 59.31330287], [10.76082623, 59.31263316], [10.75790322, 59.31147933], [10.75991654, 59.30973232], [10.75872362, 59.30904734], [10.75609624, 59.31042695], [10.75098431, 59.30843663], [10.75129426, 59.30399883], [10.75505543, 59.30555677], [10.75653052, 59.30848253], [10.76394796, 59.30832446], [10.77575815, 59.31530964], [10.77850175, 59.31973612], [10.78716743, 59.31973743], [10.79507434, 59.32209313], [10.79768515, 59.32186365], [10.79709268, 59.32006454], [10.79149687, 59.31821823], [10.78838062, 59.31306696], [10.77513576, 59.30973053], [10.77332544, 59.30605507], [10.76450765, 59.30270815], [10.7474699, 59.29152405], [10.74633467, 59.28446257], [10.74817121, 59.28153014], [10.74591756, 59.27801406], [10.74122262, 59.28052688], [10.73187613, 59.28122306], [10.73150814, 59.28109956], [10.72925627, 59.27524674], [10.72608292, 59.27424276], [10.72442901, 59.2687726], [10.72506821, 59.26775324], [10.72654104, 59.26689696], [10.72753334, 59.26694822], [10.72904766, 59.26972473], [10.73271835, 59.26740146], [10.73337567, 59.26728642], [10.73498726, 59.26758122], [10.73733842, 59.26883221], [10.73951638, 59.27052915], [10.73839486, 59.27429497], [10.74352014, 59.27264488], [10.74454224, 59.27207828], [10.74483383, 59.27160037], [10.74349701, 59.27063632], [10.74758911, 59.26969635], [10.74760866, 59.26920927], [10.74463785, 59.26719296], [10.74606276, 59.26015866], [10.74058127, 59.25432456], [10.73861015, 59.25484645], [10.74052286, 59.25741673], [10.73968005, 59.26528704], [10.73488605, 59.26496625], [10.73184514, 59.26061034], [10.72971082, 59.26083314], [10.73026848, 59.26257837], [10.72715914, 59.26093566], [10.73059452, 59.25712192], [10.72708094, 59.25376666], [10.72707784, 59.25117326], [10.73179495, 59.25011277], [10.7352246, 59.25185776], [10.73673582, 59.24444544], [10.73133683, 59.23828125], [10.73228204, 59.23490453], [10.72984827, 59.23216248], [10.72988761, 59.22780216], [10.73019135, 59.22770882], [10.73226035, 59.22822893], [10.73194814, 59.23155975], [10.73238373, 59.23184156], [10.73652804, 59.23007345], [10.73818922, 59.23326635], [10.74462795, 59.23270094], [10.74744666, 59.23105717], [10.74793673, 59.23112202], [10.75171316, 59.23577774], [10.75836694, 59.23457086], [10.75867105, 59.23466051], [10.75863755, 59.23727202], [10.76009023, 59.23828125], [10.76086962, 59.23828125], [10.7638756, 59.2397027], [10.76425636, 59.2400918], [10.77531087, 59.25328076], [10.78156924, 59.25862062], [10.78257382, 59.25920117], [10.78784382, 59.26150334], [10.79027796, 59.26118004], [10.78527772, 59.25737655], [10.78422236, 59.25407052], [10.77680075, 59.25132406], [10.76443136, 59.23828125], [10.76294851, 59.23584783], [10.76344395, 59.23463547], [10.77034104, 59.22895086], [10.77221811, 59.22525525], [10.78009701, 59.22220016], [10.78364933, 59.21911824], [10.78657317, 59.21999824], [10.78979194, 59.21688926], [10.78842545, 59.21366513], [10.78999615, 59.2122128], [10.79005444, 59.21350563], [10.79288948, 59.21338117], [10.79686367, 59.20950794], [10.80157995, 59.20945966], [10.80300558, 59.20706046], [10.80640745, 59.20641637], [10.79472375, 59.20051742], [10.78999436, 59.19958603], [10.79200125, 59.19838464], [10.78898644, 59.19561946], [10.78890765, 59.18847597], [10.78914344, 59.18808913], [10.79399848, 59.18722093], [10.80204141, 59.18778217], [10.80255353, 59.19153965], [10.7986052, 59.19345033], [10.80695403, 59.19639897], [10.81202471, 59.19341886], [10.81069315, 59.19085145], [10.81279623, 59.18521237], [10.81483424, 59.18390334], [10.82190871, 59.18529975], [10.81670284, 59.18208897], [10.81635773, 59.17825305], [10.81418121, 59.17672765], [10.81539881, 59.17579424], [10.81782377, 59.17674565], [10.82191026, 59.17629886], [10.81941962, 59.17343974], [10.82198656, 59.17012894], [10.8278408, 59.17192411], [10.82392335, 59.16401112], [10.82546484, 59.15859282], [10.82149255, 59.15523982], [10.82759297, 59.15070915], [10.82832062, 59.15047288], [10.83080983, 59.15176904], [10.83107913, 59.15266406], [10.82859075, 59.15743434], [10.83366418, 59.16195083], [10.83347213, 59.16530538], [10.84205663, 59.16282785], [10.84381521, 59.16586256], [10.84836674, 59.16780806], [10.84445894, 59.17027485], [10.84770131, 59.17207265], [10.85010922, 59.16893864], [10.85327125, 59.17058527], [10.85402894, 59.17072713], [10.85848927, 59.17003441], [10.85938275, 59.17024016], [10.86062157, 59.17117775], [10.86090183, 59.17152464], [10.86039996, 59.17366946], [10.85626924, 59.17381382], [10.85628891, 59.17955816], [10.86042464, 59.18239081], [10.85707581, 59.18342066], [10.85871875, 59.18430412], [10.85731006, 59.18731058], [10.86321366, 59.18634844], [10.86310411, 59.18163204], [10.86947632, 59.17791724], [10.87554288, 59.18229985], [10.87645555, 59.18484533], [10.88033795, 59.18565786], [10.89712167, 59.19816267], [10.89654088, 59.20536911], [10.89272642, 59.20854711], [10.90032124, 59.20829391], [10.90731502, 59.21013296], [10.91461456, 59.21697426], [10.9147402, 59.22198045], [10.91565394, 59.22205174], [10.91699123, 59.22195876], [10.91800475, 59.2215867], [10.91970563, 59.21604574], [10.91999686, 59.21576893], [10.92423284, 59.2144351], [10.91368425, 59.21298623], [10.91279471, 59.21080041], [10.91738272, 59.21009457], [10.90882421, 59.20908081], [10.90446258, 59.20549595], [10.90127456, 59.19834721], [10.88845491, 59.18511844], [10.88381076, 59.18317211], [10.88380241, 59.17954075], [10.88067424, 59.17697442], [10.88201201, 59.17448235], [10.88426936, 59.1739825], [10.89925754, 59.18421471], [10.8984375, 59.17857134], [10.90197396, 59.17861438], [10.90432882, 59.17564237], [10.90332961, 59.17139173], [10.90188432, 59.17236185], [10.89957488, 59.17197812], [10.90110302, 59.16991723], [10.89637578, 59.16865253], [10.90296733, 59.16748226], [10.90745306, 59.17065513], [10.90931606, 59.16727602], [10.91610265, 59.16843057], [10.90315592, 59.16321635], [10.90076292, 59.16097367], [10.89843655, 59.16350436], [10.9009732, 59.16689622], [10.89760888, 59.16687787], [10.89447582, 59.16510546], [10.89419007, 59.16464734], [10.89655292, 59.16175556], [10.89383173, 59.15945053], [10.89843655, 59.15736604], [10.8984375, 59.15569186], [10.90255463, 59.15559626], [10.90324354, 59.15526414], [10.90330994, 59.15472877], [10.90077794, 59.15365434], [10.90419364, 59.15297878], [10.90703905, 59.15703404], [10.90778124, 59.15727305], [10.91170692, 59.15641534], [10.91183543, 59.15610576], [10.90982974, 59.15080905], [10.90472198, 59.15066314], [10.90011418, 59.14893413], [10.9041332, 59.14564717], [10.91195154, 59.14634275], [10.91051531, 59.14391124], [10.91358292, 59.14172983], [10.90903318, 59.14052677], [10.90533185, 59.13839316], [10.90541041, 59.13715625], [10.90574217, 59.13699722], [10.91378975, 59.13700998], [10.91465104, 59.13765085], [10.91156602, 59.13854063], [10.91361082, 59.13886285], [10.92511654, 59.13591552], [10.92610991, 59.13583946], [10.93285513, 59.1362462], [10.93790615, 59.13771033], [10.93827617, 59.13795757], [10.93918264, 59.14297736], [10.9493767, 59.15276217], [10.94937742, 59.15611053], [10.94520247, 59.16116166], [10.950073, 59.16050374], [10.95324183, 59.17172515], [10.94698143, 59.17432964], [10.94496572, 59.17285132], [10.94295657, 59.17313933], [10.95091486, 59.1803925], [10.94583166, 59.18318868], [10.94250608, 59.18712807], [10.94678545, 59.19406235], [10.94711041, 59.19419086], [10.9510051, 59.18872726], [10.95112205, 59.18513823], [10.95801115, 59.1778661], [10.95852351, 59.17742932], [10.96379435, 59.17430234], [10.97096395, 59.17535305], [10.97139025, 59.17510545], [10.97080493, 59.17043805], [10.97675192, 59.17050552], [10.97801495, 59.17171872], [10.97734356, 59.1751188], [10.97690034, 59.17558384], [10.96869195, 59.17965376], [10.96854532, 59.18021727], [10.96905017, 59.18136716], [10.9749974, 59.18648362], [10.97531343, 59.18664205], [10.98065126, 59.18858135], [10.98662257, 59.18910742], [10.98956954, 59.18864727], [10.99068761, 59.18813503], [10.99144554, 59.18727553], [10.9897238, 59.18269408], [10.99165213, 59.17861772], [10.99609852, 59.18025994], [10.99771285, 59.17767417], [11.00077057, 59.1809988], [11.00470567, 59.1809808], [11.0115056, 59.18676877], [11.01208615, 59.18677235], [11.01595294, 59.18441331], [11.01886642, 59.18454087], [11.01880133, 59.18435645], [11.01245224, 59.18229914], [11.00691557, 59.17838395], [11.00608051, 59.17200005], [11.00924754, 59.17038906], [11.00877082, 59.16829836], [11.00149441, 59.16714203], [11.00528896, 59.16555345], [11.00909901, 59.16696537], [11.00988281, 59.16503477], [11.01106954, 59.16463923], [11.01850426, 59.16414595], [11.01912034, 59.16353238], [11.01914787, 59.1600039], [11.01854742, 59.15865624], [11.01014435, 59.15249312], [11.00598466, 59.14758885], [11.00596166, 59.14705276], [11.00658417, 59.14609301], [11.00818145, 59.14556015], [11.01291168, 59.14760816], [11.01701427, 59.14761174], [11.01679802, 59.15416706], [11.01905692, 59.15401006], [11.02439821, 59.15022767], [11.0266273, 59.15036285], [11.02992952, 59.15216506], [11.03085625, 59.15582478], [11.03754985, 59.15656996], [11.04101467, 59.15828145], [11.04094255, 59.15613735], [11.03710353, 59.15332592], [11.03874505, 59.15035152], [11.03575587, 59.14718175], [11.03683043, 59.13712823], [11.03301656, 59.13502336], [11.03109396, 59.13232446], [11.03092885, 59.13006115], [11.03389156, 59.12868237], [11.03462291, 59.12871206], [11.04137361, 59.13403964], [11.04533732, 59.13472104], [11.04844725, 59.13253343], [11.05772567, 59.13686144], [11.05868912, 59.13697791], [11.06445825, 59.13524795], [11.06879365, 59.13893425], [11.07090724, 59.13916695], [11.06973255, 59.12872255], [11.06734908, 59.12725115], [11.06726277, 59.12637365], [11.0691328, 59.12365293], [11.07337046, 59.12259567], [11.07400262, 59.12269676], [11.07817924, 59.12516963], [11.08303154, 59.12606895], [11.0848037, 59.12559593], [11.08460295, 59.12388694], [11.09394383, 59.13132703], [11.10027218, 59.13082814], [11.10608017, 59.13271177], [11.10689914, 59.13349581], [11.10738134, 59.13498652], [11.10463297, 59.13661587], [11.10413671, 59.14122176], [11.11033642, 59.14330566], [11.10744464, 59.14959371], [11.10748613, 59.15931678], [11.10263515, 59.16055977], [11.10016096, 59.16239655], [11.09930134, 59.16394532], [11.09912455, 59.16485083], [11.10175097, 59.16751933], [11.10130096, 59.16877365], [11.1009711, 59.1692245], [11.09499764, 59.17120731], [11.09283066, 59.17937851], [11.08399177, 59.18239474], [11.08252215, 59.18559825], [11.09252036, 59.18311203], [11.09848762, 59.18323636], [11.10562694, 59.17343414], [11.10793746, 59.17174923], [11.11086965, 59.17155051], [11.11225355, 59.16497076], [11.11589134, 59.16421902], [11.11851394, 59.16085804], [11.11619103, 59.15536165], [11.11965024, 59.14792526], [11.11884785, 59.14605415], [11.12026405, 59.14478052], [11.12489343, 59.14562225], [11.12552583, 59.14411175], [11.13023722, 59.14301372], [11.12647045, 59.13952994], [11.12660253, 59.13883555], [11.12943971, 59.13739622], [11.13101494, 59.13280201], [11.13253975, 59.13235104], [11.14047575, 59.1354928], [11.14050186, 59.13793766], [11.14254713, 59.13724935], [11.14328766, 59.13460934], [11.14394295, 59.13455713], [11.14469588, 59.13476384], [11.14472735, 59.13741374], [11.14186502, 59.13874173], [11.14019871, 59.14386737], [11.14058006, 59.14423215], [11.14196646, 59.14433634], [11.14590275, 59.14119053], [11.1512171, 59.14494634], [11.15571988, 59.14474857], [11.15695691, 59.14544857], [11.15726364, 59.14651287], [11.15578806, 59.14946985], [11.15390468, 59.15145814], [11.15079272, 59.15246332], [11.14770818, 59.15116346], [11.14454925, 59.15280187], [11.14445055, 59.15139544], [11.14025474, 59.15092635], [11.12932873, 59.14456701], [11.13329363, 59.14854395], [11.13391745, 59.15303755], [11.13862455, 59.15478206], [11.14471316, 59.15402257], [11.14828312, 59.15851271], [11.15563774, 59.15844262], [11.15929675, 59.15683281], [11.16731095, 59.16131711], [11.16479564, 59.16980171], [11.15727985, 59.17627966], [11.15974975, 59.17888427], [11.15549433, 59.17997992], [11.15873027, 59.18355632], [11.15576005, 59.18930304], [11.14671862, 59.19199896], [11.14143681, 59.1960088], [11.15040934, 59.19529736], [11.15587544, 59.19089544], [11.17878437, 59.18644464], [11.18161047, 59.18764484], [11.18260634, 59.191558], [11.17982638, 59.19336152], [11.17964935, 59.19604826], [11.18471706, 59.1959877], [11.18792057, 59.17899883], [11.17898881, 59.17199635], [11.1765846, 59.16139126], [11.17248654, 59.15580094], [11.1747514, 59.15589213], [11.17599642, 59.15286195], [11.18187285, 59.15332067], [11.18844354, 59.15216875], [11.19461405, 59.14891267], [11.19311643, 59.14779341], [11.19634366, 59.14690566], [11.2007302, 59.14761055], [11.20419276, 59.1500957], [11.20693815, 59.14796102], [11.21352255, 59.14710772], [11.20734191, 59.14410722], [11.20477354, 59.13738751], [11.20426786, 59.13729584], [11.20524037, 59.14188027], [11.20361865, 59.14457357], [11.19740355, 59.14394271], [11.19242263, 59.14569044], [11.19121444, 59.14771044], [11.19057953, 59.14781237], [11.18814814, 59.14698327], [11.18926573, 59.14428616], [11.18576932, 59.14546204], [11.18193531, 59.14267075], [11.17694521, 59.14416957], [11.17467296, 59.13993454], [11.17868376, 59.14113975], [11.18048191, 59.13966525], [11.17775226, 59.13771045], [11.17953396, 59.13525403], [11.17416883, 59.13185287], [11.17409193, 59.12739646], [11.18234515, 59.12691617], [11.17938685, 59.12533283], [11.18233085, 59.12393105], [11.18842995, 59.12448025], [11.18380022, 59.12151015], [11.18240976, 59.11775816], [11.19211245, 59.11983776], [11.19287634, 59.11982381], [11.19300175, 59.11557424], [11.19872475, 59.11756706], [11.19559395, 59.11505294], [11.19529831, 59.1135118], [11.19581234, 59.11236048], [11.19640422, 59.11217666], [11.19949234, 59.11209953], [11.20114493, 59.11236453], [11.20683587, 59.11682975], [11.21240282, 59.11918175], [11.21287525, 59.11897552], [11.21383774, 59.11711872], [11.21246874, 59.11080527], [11.2052294, 59.10718524], [11.20317757, 59.09981656], [11.19750786, 59.09981024], [11.19555962, 59.09871376], [11.19533336, 59.09829974], [11.19894254, 59.09528446], [11.19891965, 59.09221232], [11.20359981, 59.091488], [11.20812774, 59.09392762], [11.21440268, 59.10345435], [11.21546662, 59.10387063], [11.22213542, 59.10478234], [11.22268307, 59.10458255], [11.21847427, 59.09848452], [11.22117364, 59.09599364], [11.22099638, 59.09555924], [11.21916497, 59.09524322], [11.21555924, 59.09639275], [11.21450937, 59.09600663], [11.21356297, 59.09534335], [11.21074736, 59.09197473], [11.21101224, 59.08887017], [11.21520674, 59.08979082], [11.22387183, 59.08807421], [11.22675145, 59.08887994], [11.22681284, 59.0914582], [11.23113716, 59.09001565], [11.23562193, 59.09207594], [11.24097013, 59.09210527], [11.24594974, 59.09296834], [11.25, 59.09430802], [11.26069665, 59.09773695], [11.26691008, 59.09728622], [11.27804506, 59.09880185], [11.28159082, 59.10154784], [11.2850033, 59.09994674], [11.28756905, 59.10008657], [11.29580355, 59.10760474], [11.29726303, 59.10796726], [11.29747582, 59.10681081], [11.30028558, 59.10635972], [11.30322325, 59.11015844], [11.30758691, 59.11083376], [11.31136525, 59.11424005], [11.31919467, 59.11535311], [11.32246757, 59.1172477], [11.32914877, 59.11543524], [11.33307981, 59.11625636], [11.33490551, 59.11829615], [11.34195697, 59.1165688], [11.34515607, 59.11711895], [11.34739494, 59.11628735], [11.35189784, 59.11778295], [11.36206782, 59.11681616], [11.36698103, 59.11946237], [11.36737585, 59.11940265], [11.36900735, 59.11718905], [11.37403345, 59.11688125], [11.37426245, 59.11672664], [11.37397134, 59.10840082], [11.37933135, 59.10949886], [11.3800441, 59.10932314], [11.38016987, 59.10885572], [11.37472534, 59.10212004], [11.3764894, 59.09789288], [11.38093185, 59.09536004], [11.38530493, 59.09616208], [11.38443255, 59.09122634], [11.38800013, 59.08914161], [11.38820755, 59.08884776], [11.38683105, 59.08758593], [11.38733125, 59.08666766], [11.39223814, 59.07825458], [11.39623165, 59.07455516], [11.40038764, 59.07206416], [11.40540898, 59.07304335], [11.40917981, 59.07146084], [11.40968907, 59.07068396], [11.40912342, 59.06756568], [11.41251707, 59.0625], [11.41309452, 59.06231165], [11.41337717, 59.06188273], [11.41279423, 59.06072795], [11.40637243, 59.06127036], [11.40513015, 59.05752206], [11.40669882, 59.05469406], [11.40689421, 59.05449486], [11.41197336, 59.05456448], [11.41595066, 59.05750346], [11.42008662, 59.05325985], [11.42118704, 59.05299771], [11.42220986, 59.05306292], [11.42352605, 59.05377662], [11.42636144, 59.05830097], [11.42637765, 59.05857384], [11.42551124, 59.0625], [11.42523873, 59.0625], [11.42242205, 59.06529737], [11.42470086, 59.06435776], [11.42810893, 59.06486523], [11.43345904, 59.06328344], [11.43337667, 59.0625], [11.42618847, 59.05218613], [11.41993105, 59.04700935], [11.41846132, 59.03931713], [11.43229795, 59.03644407], [11.43533194, 59.02893651], [11.44492424, 59.02497125], [11.44136357, 59.02029085], [11.44441235, 59.01771748], [11.44408464, 59.01377034], [11.44793224, 59.01245654], [11.45239866, 59.01297665], [11.45272875, 59.01271093], [11.45529103, 59.00690782], [11.46001661, 59.00406981], [11.46215534, 59.00209475], [11.46390545, 58.99889517], [11.46646667, 58.99818325], [11.46908843, 58.99435616], [11.46910906, 58.99419558], [11.46554911, 58.99064302], [11.46804941, 58.98850191], [11.47446966, 58.98676872], [11.47651625, 58.98426545], [11.47337925, 58.98101306], [11.47264075, 58.98095274], [11.46821737, 58.98189223], [11.46672487, 58.98378265], [11.46670425, 58.98394322], [11.46490526, 58.98613656], [11.46180832, 58.98707724], [11.46193111, 58.98909914], [11.44828916, 58.99119532], [11.44785964, 58.99164116], [11.44802821, 58.99226892], [11.45229244, 58.99450576], [11.44854641, 58.99650753], [11.44913304, 58.99905717], [11.44347763, 59.00490844], [11.44077635, 59.01184082], [11.42547333, 59.0271157], [11.42177606, 59.02751756], [11.41440618, 59.03170097], [11.40718067, 59.03095257], [11.4091053, 59.03886282], [11.40558851, 59.03995812], [11.40315962, 59.04697156], [11.39789474, 59.0508846], [11.39425445, 59.05119145], [11.39566958, 59.05477214], [11.39270711, 59.05930722], [11.39377165, 59.0625], [11.39378214, 59.06294155], [11.38980746, 59.06409836], [11.38889515, 59.06751561], [11.38796186, 59.06814206], [11.38653255, 59.06853032], [11.38374567, 59.06817496], [11.38132358, 59.0655514], [11.37795174, 59.06809056], [11.37358236, 59.06815422], [11.37513065, 59.07614684], [11.37058568, 59.08054793], [11.37302601, 59.08611715], [11.37185621, 59.09045446], [11.36518955, 59.09261155], [11.36207175, 59.09667897], [11.35809207, 59.09645963], [11.35220373, 59.09808803], [11.34716725, 59.10254157], [11.34731126, 59.10615635], [11.34706724, 59.10642803], [11.34036255, 59.11151361], [11.33934534, 59.11178136], [11.33404374, 59.11219895], [11.32077074, 59.10945511], [11.32038724, 59.10934496], [11.30746508, 59.10517085], [11.29126763, 59.09795904], [11.28666866, 59.09859955], [11.28505528, 59.09768581], [11.27373505, 59.09765315], [11.25072992, 59.09319985], [11.25, 59.09325421], [11.24971557, 59.09321892], [11.2488662, 59.09226656], [11.24377096, 59.09058285], [11.23810756, 59.08987927], [11.23539507, 59.08741164], [11.23023236, 59.08741307], [11.22301257, 59.08233035], [11.21770823, 59.08054924], [11.2169646, 59.0803709], [11.21570134, 59.08118343], [11.22012472, 59.08350325], [11.21954274, 59.08548665], [11.20721793, 59.08130085], [11.20534885, 59.07925773], [11.19751835, 59.07907546], [11.19215286, 59.07768846], [11.18293846, 59.07349575], [11.18035686, 59.06909192], [11.17458844, 59.06616247], [11.17296004, 59.0625], [11.17277503, 59.0625], [11.16946447, 59.05832171], [11.16916287, 59.05426443], [11.16069412, 59.04894257], [11.15883815, 59.04961646], [11.15294635, 59.0473001], [11.14614308, 59.04150844], [11.14677835, 59.03790212], [11.13536632, 59.03336275], [11.13334262, 59.02892375], [11.12881017, 59.02504277], [11.12584925, 59.01451635], [11.12055945, 59.00938082], [11.11945581, 59.00113118], [11.1123929, 58.99720001], [11.11518037, 58.99452817], [11.10936224, 58.99440956], [11.10913396, 58.99425483], [11.10919333, 58.99281394], [11.11094832, 58.99190521], [11.11485708, 58.99204266], [11.11647987, 58.9939723], [11.11970675, 58.99376261], [11.13106167, 58.99786317], [11.13835704, 58.99749827], [11.13874447, 58.99607492], [11.13624787, 58.99481642], [11.13984466, 58.99377441], [11.14494777, 58.99602866], [11.14801395, 58.99429464], [11.15513384, 58.99414706], [11.16067815, 58.99607384], [11.1794939, 58.99803984], [11.19833624, 59.00226152], [11.20633984, 59.00537932], [11.21289647, 59.00568998], [11.22319937, 59.01131272], [11.2261976, 59.01629496], [11.22720492, 59.01702917], [11.22944522, 59.01743984], [11.22990286, 59.01691735], [11.22902358, 59.01295555], [11.22461355, 59.00922906], [11.22774804, 59.00804746], [11.22931802, 59.00514293], [11.22161615, 59.00540256], [11.22107863, 59.00368464], [11.21750307, 59.00285912], [11.21967137, 59.00566292], [11.21733165, 59.00564086], [11.20233262, 59.0011456], [11.1900388, 58.99970114], [11.18761015, 58.99675095], [11.18505633, 58.99621797], [11.18292224, 58.9917891], [11.16493595, 58.99139953], [11.15921712, 58.98680484], [11.15306997, 58.98871481], [11.14398634, 58.98732102], [11.1408509, 58.98557937], [11.13892841, 58.98029447], [11.14118922, 58.97408175], [11.12738144, 58.97498214], [11.1223942, 58.9730947], [11.12202716, 58.96880221], [11.11707652, 58.96742046], [11.11974823, 58.96133065], [11.1268177, 58.95778584], [11.12288547, 58.95551336], [11.12423515, 58.95458591], [11.12843013, 58.95628142], [11.13114846, 58.94971955], [11.13907802, 58.94531834], [11.14446616, 58.9450984], [11.14773631, 58.94381523], [11.14845705, 58.94305825], [11.14625704, 58.94238925], [11.14753366, 58.94166756], [11.15262461, 58.94296896], [11.14855266, 58.93899465], [11.16255057, 58.93823194], [11.16266024, 58.94128168], [11.15942061, 58.94319606], [11.16598904, 58.94305396], [11.16628027, 58.94053447], [11.16981006, 58.93908882], [11.16620755, 58.93777454], [11.16678965, 58.93647897], [11.1680634, 58.93552136], [11.16718996, 58.93694842], [11.16991925, 58.93775582], [11.17290294, 58.93681705], [11.16908216, 58.9349395], [11.17049062, 58.92979002], [11.16735172, 58.9261775], [11.17403924, 58.92456234], [11.17291236, 58.92265368], [11.17465258, 58.92083812], [11.18114817, 58.92124105], [11.18770993, 58.91913188], [11.19763625, 58.92204261], [11.20468593, 58.91904438], [11.20513427, 58.91868234], [11.20537055, 58.91621113], [11.20356071, 58.91372335], [11.20053697, 58.91323698], [11.19987857, 58.91338074], [11.20139837, 58.91545224], [11.18311501, 58.91865552], [11.1819489, 58.91874325], [11.18057787, 58.91850924], [11.18020391, 58.91665232], [11.16931272, 58.92208362], [11.16523194, 58.92132127], [11.15857434, 58.91725397], [11.15194511, 58.9168843], [11.14742184, 58.92049825], [11.15538597, 58.91938341], [11.15748894, 58.92026317], [11.15393174, 58.92203498], [11.15589857, 58.9235872], [11.15570092, 58.92394662], [11.15234232, 58.92625427], [11.15143073, 58.92650676], [11.15014994, 58.92639637], [11.14806187, 58.92353761], [11.14436722, 58.92347217], [11.14625335, 58.9210819], [11.14591014, 58.92080176], [11.14167821, 58.92117381], [11.14005566, 58.91918922], [11.13690865, 58.91964221], [11.12608421, 58.92546511], [11.12419713, 58.92338443], [11.12124586, 58.92443764], [11.11533773, 58.92295074], [11.11078715, 58.91945517], [11.11324668, 58.91606855], [11.12226975, 58.91047692], [11.11623526, 58.90822208], [11.11311924, 58.91000307], [11.10174465, 58.90942836], [11.10151196, 58.90752447], [11.10663915, 58.90518105], [11.10123611, 58.9057337], [11.09558082, 58.90335751], [11.10225058, 58.90190065], [11.10433078, 58.90452814], [11.10720944, 58.90205288], [11.1111207, 58.90145552], [11.11392725, 58.90278137], [11.11553097, 58.90634584], [11.11723435, 58.90677094], [11.11836171, 58.90667355], [11.12223375, 58.90565002], [11.12236845, 58.90357864], [11.12658656, 58.90154493], [11.13713706, 58.89937723], [11.14018631, 58.90175724], [11.14115167, 58.90204], [11.14771795, 58.90256655], [11.14839745, 58.90237987], [11.14476776, 58.89838445], [11.1445235, 58.89789164], [11.14538181, 58.89650881], [11.15989721, 58.89403784], [11.16128945, 58.89403927], [11.16688764, 58.89532316], [11.17361808, 58.89624298], [11.17646158, 58.89799523], [11.17249286, 58.90226841], [11.1747483, 58.90449643], [11.17049468, 58.90774322], [11.17137575, 58.90773666], [11.17531574, 58.90468705], [11.17439342, 58.90241742], [11.18033206, 58.89977193], [11.18006623, 58.89653027], [11.18231475, 58.89548123], [11.18121111, 58.89340174], [11.18351591, 58.89114487], [11.18664408, 58.89102626], [11.18677604, 58.89415121], [11.18372774, 58.89745975], [11.18370986, 58.89773452], [11.18506587, 58.89970326], [11.18611014, 58.90020478], [11.18731511, 58.90029347], [11.19274128, 58.89787245], [11.19415236, 58.89884341], [11.19297063, 58.90192831], [11.19494295, 58.90204811], [11.19581676, 58.89827776], [11.20065558, 58.89664924], [11.20077968, 58.89640546], [11.19721663, 58.89260078], [11.20255315, 58.88837981], [11.20196366, 58.88801575], [11.19601822, 58.88849986], [11.19470167, 58.88838768], [11.19221616, 58.88713718], [11.19221616, 58.88671875], [11.19194365, 58.88671875], [11.18934596, 58.8842293], [11.19042504, 58.87958038], [11.19403684, 58.87788343], [11.19699407, 58.86988008], [11.19751465, 58.86953723], [11.20170522, 58.86765015], [11.20225358, 58.86750174], [11.20771325, 58.86667895], [11.20833087, 58.86667514], [11.21291602, 58.86798871], [11.21377313, 58.86763597], [11.21384835, 58.86707163], [11.21048617, 58.86480975], [11.19839084, 58.86601412], [11.19761217, 58.86450148], [11.19850564, 58.86340058], [11.19967723, 58.86255395], [11.20892131, 58.85910881], [11.22202384, 58.85732162], [11.22289574, 58.85706306], [11.22283196, 58.85637331], [11.22228408, 58.85585785], [11.21877265, 58.8548727], [11.21323085, 58.84851515], [11.20361638, 58.85156786], [11.20403171, 58.85270882], [11.20673335, 58.85265362], [11.20828366, 58.85610437], [11.20371187, 58.85913134], [11.19928074, 58.85991061], [11.19494343, 58.86447561], [11.18675733, 58.86463976], [11.18459904, 58.8631103], [11.17918575, 58.8633579], [11.16671181, 58.86573315], [11.16011715, 58.86558652], [11.1535176, 58.86757481], [11.15304816, 58.86745286], [11.15273964, 58.86606395], [11.15669668, 58.8633548], [11.16699243, 58.86450613], [11.17461717, 58.86067545], [11.17176807, 58.85852671], [11.17480874, 58.85589314], [11.1847012, 58.85556054], [11.18639433, 58.85448527], [11.17762601, 58.85222495], [11.17293441, 58.85584402], [11.16567707, 58.85683417], [11.14819372, 58.85157907], [11.14823055, 58.85361171], [11.14300096, 58.85348535], [11.14229214, 58.85158753], [11.14712286, 58.85103893], [11.14257145, 58.84854424], [11.14584792, 58.84606338], [11.15006351, 58.84504414], [11.1523844, 58.84217334], [11.15006864, 58.84028268], [11.15062583, 58.83735776], [11.14412427, 58.83633101], [11.14215183, 58.83338332], [11.13834906, 58.83647156], [11.13457835, 58.83479214], [11.13908255, 58.83274031], [11.13992524, 58.83048105], [11.14376187, 58.83034205], [11.14748681, 58.82826555], [11.14503121, 58.82684505], [11.14620864, 58.82561398], [11.14731598, 58.82540166], [11.15528071, 58.82603335], [11.15721655, 58.82800865], [11.15634012, 58.82958293], [11.15282941, 58.83048773], [11.1551398, 58.83245373], [11.15213466, 58.83617151], [11.15568495, 58.83730125], [11.17337585, 58.83559966], [11.17029977, 58.83076024], [11.17371035, 58.8291918], [11.17775536, 58.82855546], [11.18513393, 58.83130658], [11.1884104, 58.83072984], [11.1927371, 58.82722127], [11.19593692, 58.82959914], [11.20867324, 58.83300376], [11.20737183, 58.83423746], [11.19326544, 58.83598244], [11.19399273, 58.83692503], [11.19915116, 58.8364253], [11.20000577, 58.83882487], [11.20575452, 58.84023154], [11.20245504, 58.84168994], [11.19752991, 58.84192503], [11.19524622, 58.84545755], [11.20038152, 58.84641302], [11.20176625, 58.84300685], [11.21136093, 58.83862436], [11.21911061, 58.8383677], [11.22071946, 58.83940268], [11.21829665, 58.84072065], [11.21503615, 58.84695625], [11.21521556, 58.84713483], [11.22496057, 58.84731495], [11.22661996, 58.84768546], [11.23157763, 58.8509258], [11.23273575, 58.85071635], [11.23275197, 58.85022795], [11.22828317, 58.84488451], [11.23250067, 58.84162796], [11.22960258, 58.84014201], [11.22597694, 58.84157383], [11.22510326, 58.84016633], [11.23066437, 58.83679354], [11.23563552, 58.83854186], [11.23909175, 58.83838177], [11.23803961, 58.83358502], [11.23385715, 58.83267248], [11.23003662, 58.82897425], [11.23247612, 58.82512188], [11.23858166, 58.82151127], [11.23747456, 58.81944847], [11.23515725, 58.81903017], [11.23311996, 58.81460226], [11.23641717, 58.81430864], [11.23964214, 58.81753015], [11.24462175, 58.81469154], [11.24691415, 58.81045973], [11.2428441, 58.80792701], [11.24362171, 58.80519605], [11.23780715, 58.80363381], [11.23367131, 58.8057301], [11.22366714, 58.80587876], [11.21428132, 58.80466807], [11.21472991, 58.80104053], [11.22179651, 58.79881644], [11.21564317, 58.79532385], [11.2150557, 58.7928133], [11.21820951, 58.79098427], [11.21749902, 58.78883863], [11.21996367, 58.78879762], [11.22095263, 58.79045153], [11.22254872, 58.78819752], [11.21995425, 58.78647411], [11.21401691, 58.78743041], [11.21601391, 58.78344345], [11.21332586, 58.78136313], [11.20618713, 58.78707898], [11.20143175, 58.78787935], [11.19297886, 58.78461361], [11.18892086, 58.78434515], [11.1900624, 58.78180802], [11.18717575, 58.78323436], [11.18122637, 58.78238702], [11.19004965, 58.77696598], [11.18993795, 58.77466381], [11.19528365, 58.77278161], [11.19491541, 58.77067375], [11.2002424, 58.76946998], [11.19999445, 58.76792514], [11.19764924, 58.76722944], [11.19801044, 58.76509666], [11.20678735, 58.76210928], [11.20469236, 58.75985992], [11.20878184, 58.75813746], [11.21452951, 58.75792754], [11.21302593, 58.75515461], [11.21400261, 58.75404727], [11.21721053, 58.75170171], [11.22897553, 58.74472356], [11.23291695, 58.74313581], [11.24530041, 58.74096966], [11.24743152, 58.7338227], [11.25, 58.73270094], [11.25037503, 58.73269653], [11.25150335, 58.73144853], [11.25150335, 58.73115873], [11.25, 58.73018956], [11.25, 58.72991073], [11.25351214, 58.72881317], [11.26177466, 58.72165465], [11.26163745, 58.72105634], [11.25597465, 58.71617615], [11.25507247, 58.71581686], [11.25001025, 58.71589184], [11.25, 58.71902895], [11.24971855, 58.71885848], [11.24868095, 58.72199714], [11.24307704, 58.72209704], [11.24282885, 58.72255588], [11.24164712, 58.72691357], [11.24518955, 58.72916007], [11.24126291, 58.73261285], [11.23830307, 58.73907757], [11.23178315, 58.73904586], [11.22907233, 58.73711765], [11.22323334, 58.73852468], [11.2163763, 58.73760176], [11.21664608, 58.73925817], [11.20808411, 58.74282396], [11.21317446, 58.74517906], [11.21726203, 58.74040985], [11.22125554, 58.74030471], [11.22355378, 58.74171841], [11.22360945, 58.74583066], [11.21784067, 58.74793196], [11.21477783, 58.75148845], [11.20990884, 58.75328195], [11.20731652, 58.75325477], [11.21175611, 58.74780774], [11.20622444, 58.7478193], [11.20226204, 58.74575055], [11.19510102, 58.74750674], [11.19678545, 58.74937606], [11.20106304, 58.74872673], [11.20124757, 58.75048625], [11.19734371, 58.75239146], [11.19490325, 58.75635302], [11.19122124, 58.75695896], [11.18799126, 58.76048756], [11.18733156, 58.76053345], [11.18342161, 58.75895154], [11.18336725, 58.75858545], [11.18960345, 58.75518131], [11.18663096, 58.75308347], [11.18342662, 58.75319362], [11.18099725, 58.75873816], [11.17747843, 58.75723255], [11.17620385, 58.75431836], [11.16592312, 58.75551164], [11.16257787, 58.75456285], [11.16154134, 58.75126135], [11.16454136, 58.75221252], [11.16892362, 58.74939525], [11.16705024, 58.74719393], [11.16188681, 58.7483685], [11.1623013, 58.74509311], [11.15925276, 58.74201775], [11.16081321, 58.74116004], [11.16414702, 58.74253774], [11.16967988, 58.74028945], [11.17090023, 58.74336362], [11.16913915, 58.74565935], [11.17553794, 58.75140607], [11.18374264, 58.75005853], [11.18812656, 58.74726653], [11.18810284, 58.74583292], [11.18390751, 58.74800408], [11.17655337, 58.74812758], [11.17514515, 58.74286532], [11.18271887, 58.73925745], [11.17648506, 58.73847854], [11.17535198, 58.73481214], [11.16933835, 58.72988176], [11.17438626, 58.72755134], [11.17474544, 58.72579622], [11.16900837, 58.72412276], [11.1714704, 58.72274745], [11.16883183, 58.72160447], [11.17343974, 58.7209692], [11.17518985, 58.71952522], [11.17412603, 58.71753824], [11.17693937, 58.71617615], [11.17985821, 58.71691692], [11.17822313, 58.72019613], [11.18022645, 58.7201786], [11.18466425, 58.71568048], [11.18848825, 58.71478355], [11.18764317, 58.7109375], [11.19086874, 58.7109375], [11.19086874, 58.71107686], [11.19355643, 58.7109375], [11.19463146, 58.7109375], [11.19676626, 58.71201146], [11.19799185, 58.71351373], [11.19866323, 58.71986604], [11.20581305, 58.71448445], [11.20725667, 58.7109375], [11.20960557, 58.70945156], [11.21049666, 58.70933998], [11.21604097, 58.70968544], [11.21740818, 58.7109375], [11.21774662, 58.7109375], [11.21751332, 58.71108115], [11.22394621, 58.71191967], [11.22562265, 58.71238422], [11.22949505, 58.71494985], [11.23058605, 58.71442628], [11.22903526, 58.7109375], [11.22916257, 58.7109375], [11.22904825, 58.71019292], [11.22851574, 58.71003032], [11.22044086, 58.70922911], [11.21672142, 58.70652294], [11.21746564, 58.69933891], [11.21941066, 58.69800246], [11.21833754, 58.69179702], [11.2231127, 58.68722522], [11.23354268, 58.68193471], [11.24050546, 58.6819247], [11.24342525, 58.68406594], [11.24088383, 58.67787814], [11.24171221, 58.67722905], [11.24269044, 58.67700768], [11.24528897, 58.67743814], [11.24798322, 58.67936981], [11.25, 58.68219864], [11.25, 58.68275654], [11.2537539, 58.68832147], [11.25423872, 58.68856955], [11.25548542, 58.68810451], [11.25546432, 58.68379271], [11.25948405, 58.68236017], [11.25757802, 58.67695034], [11.26009524, 58.67540336], [11.26480734, 58.66696572], [11.26327443, 58.6636517], [11.26068854, 58.66315031], [11.26477325, 58.65850866], [11.26300406, 58.65148032], [11.26859283, 58.65360534], [11.27120185, 58.65338016], [11.2721616, 58.64528501], [11.28778326, 58.64815974], [11.28000176, 58.64519894], [11.27196348, 58.63794327], [11.26783943, 58.62568235], [11.26232004, 58.62433147], [11.26259267, 58.61836195], [11.26086998, 58.61611164], [11.26353216, 58.61348057], [11.27003336, 58.61841846], [11.27389824, 58.61869764], [11.27534485, 58.62076914], [11.27824867, 58.61927652], [11.27909315, 58.61670601], [11.28516865, 58.61700964], [11.2790035, 58.61205041], [11.27913237, 58.60947073], [11.28142786, 58.61017644], [11.28579807, 58.60844481], [11.27843821, 58.60588324], [11.28093505, 58.59839642], [11.27357185, 58.59502614], [11.27750087, 58.59196067], [11.27579403, 58.58598864], [11.28956723, 58.58180678], [11.29193985, 58.58205807], [11.29255104, 58.58533692], [11.29679286, 58.58586824], [11.29770112, 58.58441246], [11.29848373, 58.58438492], [11.30293107, 58.58520937], [11.30377495, 58.58496285], [11.30249286, 58.58266556], [11.30341578, 58.58115387], [11.30422246, 58.58074045], [11.30703485, 58.58040202], [11.31368125, 58.58229888], [11.31399143, 58.58215797], [11.31395221, 58.57938695], [11.30885506, 58.57557511], [11.30405843, 58.57666695], [11.29971707, 58.57571006], [11.30013216, 58.57383907], [11.29856432, 58.57352853], [11.30054903, 58.57128942], [11.30039334, 58.57096481], [11.2989732, 58.57025886], [11.29377735, 58.56999707], [11.29044914, 58.56752956], [11.28606486, 58.56797183], [11.28104115, 58.56628585], [11.27993095, 58.56640565], [11.27910864, 58.56722522], [11.27873945, 58.57056487], [11.27769005, 58.57083178], [11.27701986, 58.57071435], [11.27499235, 58.56796634], [11.27195752, 58.56804955], [11.26941645, 58.56643224], [11.26519203, 58.56677258], [11.26204121, 58.56452882], [11.25, 58.56138384], [11.25, 58.56110477], [11.24216783, 58.55740488], [11.24147928, 58.55576265], [11.24407828, 58.55458724], [11.239362, 58.55198276], [11.23967707, 58.55022275], [11.23373532, 58.54783082], [11.23377955, 58.54752791], [11.23871124, 58.54726815], [11.23802865, 58.54559386], [11.24015284, 58.54585135], [11.24227595, 58.54388273], [11.23933983, 58.54230261], [11.23966551, 58.54174435], [11.24496996, 58.54087615], [11.2437185, 58.53737032], [11.24381971, 58.53648198], [11.24519134, 58.53515625], [11.24521315, 58.53515625], [11.2468034, 58.53342843], [11.25, 58.53236604], [11.25261426, 58.53189266], [11.25183773, 58.52960944], [11.25829876, 58.52974331], [11.26087046, 58.52851546], [11.26148522, 58.52861464], [11.27036548, 58.5312494], [11.27331865, 58.53344512], [11.27393377, 58.53515625], [11.27404296, 58.53515625], [11.27390051, 58.53594685], [11.27077985, 58.53791571], [11.27230155, 58.54150724], [11.26904511, 58.54746914], [11.26983893, 58.55017734], [11.27004254, 58.55024576], [11.27593625, 58.54154944], [11.28103507, 58.5417155], [11.27772462, 58.53948081], [11.27911925, 58.53779697], [11.27778304, 58.53515625], [11.27818882, 58.53515625], [11.27844131, 58.53473663], [11.27521777, 58.53080475], [11.26964045, 58.52937996], [11.26569092, 58.52568877], [11.25845754, 58.52472007], [11.25603342, 58.52234685], [11.25, 58.52315843], [11.25, 58.52287936], [11.2428987, 58.51778185], [11.24759614, 58.51478195], [11.24920225, 58.51478791], [11.25, 58.51506686], [11.25, 58.51534593], [11.25136816, 58.51608336], [11.2557826, 58.51635385], [11.25383151, 58.51911342], [11.25611627, 58.52064717], [11.25968766, 58.51832557], [11.27518415, 58.51509714], [11.27831185, 58.51128161], [11.27664495, 58.50995302], [11.27782583, 58.50851691], [11.28180027, 58.50884366], [11.28221011, 58.50543582], [11.29418767, 58.50100005], [11.29463434, 58.50035024], [11.29323077, 58.49987996], [11.29191482, 58.5000509], [11.28397036, 58.50214171], [11.28103304, 58.49694192], [11.28973925, 58.48897386], [11.29037714, 58.48525524], [11.29280674, 58.48728836], [11.28994811, 58.49058068], [11.29339695, 58.48918164], [11.29756904, 58.49171865], [11.30233204, 58.49163008], [11.30384517, 58.49315286], [11.30392158, 58.49383771], [11.30168474, 58.49488366], [11.30185771, 58.49575818], [11.3028928, 58.4960438], [11.30667973, 58.49533165], [11.31038821, 58.49632764], [11.31206608, 58.49476743], [11.31458366, 58.49518144], [11.31484032, 58.4948498], [11.31280732, 58.49286413], [11.30590415, 58.49241781], [11.30504835, 58.49006271], [11.30655241, 58.48784864], [11.31031585, 58.48735738], [11.30654025, 58.48363125], [11.30979764, 58.47925281], [11.31344855, 58.4832406], [11.31833136, 58.48193705], [11.32270491, 58.48452735], [11.32824767, 58.48411107], [11.33110154, 58.48656034], [11.33799314, 58.48818946], [11.34337735, 58.48643065], [11.34660041, 58.48825181], [11.35181367, 58.48905492], [11.35726964, 58.48942685], [11.35964513, 58.48800421], [11.35278702, 58.4844743], [11.34549332, 58.48498225], [11.33546257, 58.48118711], [11.32890105, 58.48022783], [11.32254624, 58.47715604], [11.31547833, 58.47612381], [11.3129853, 58.47412205], [11.30714631, 58.47511864], [11.30376637, 58.47437394], [11.30522275, 58.47002196], [11.31041276, 58.47257101], [11.31861055, 58.46562028], [11.32414615, 58.46433365], [11.32385564, 58.46557045], [11.32546437, 58.46564341], [11.3279345, 58.46165764], [11.31844902, 58.46199715], [11.31308234, 58.4609822], [11.31250155, 58.46373618], [11.30937994, 58.46566594], [11.30349743, 58.46672165], [11.29792428, 58.46580195], [11.29938614, 58.46421432], [11.30558825, 58.46304905], [11.30567443, 58.46145618], [11.30332243, 58.45868683], [11.3016448, 58.45969975], [11.30309725, 58.46178246], [11.29907525, 58.46283662], [11.29126525, 58.46060896], [11.29192865, 58.45294106], [11.29428136, 58.45311272], [11.29915667, 58.45664585], [11.30098414, 58.45571804], [11.29397297, 58.44997168], [11.29385877, 58.44032514], [11.28989518, 58.44135952], [11.28491986, 58.43968713], [11.28621316, 58.43712521], [11.28999746, 58.43604767], [11.28880525, 58.43529618], [11.28292513, 58.43457222], [11.28340006, 58.43661916], [11.27949285, 58.43664575], [11.27673245, 58.43235397], [11.27898145, 58.43000293], [11.27412271, 58.42925751], [11.27225888, 58.42617154], [11.27061272, 58.4271363], [11.27099025, 58.43050384], [11.26774502, 58.43205786], [11.27120495, 58.43368924], [11.26782346, 58.43541253], [11.27008367, 58.43957245], [11.26509428, 58.44270015], [11.26133156, 58.44216335], [11.26014638, 58.44541061], [11.25635338, 58.4460963], [11.25485444, 58.44598246], [11.25189066, 58.44468367], [11.25162804, 58.44432092], [11.25258243, 58.44168901], [11.25, 58.44168532], [11.24716401, 58.44155586], [11.24396396, 58.43911946], [11.24139512, 58.44038415], [11.23505104, 58.43984961], [11.23198926, 58.44117451], [11.23177874, 58.43724215], [11.23648155, 58.43366981], [11.24039447, 58.43316484], [11.24290848, 58.42877758], [11.23743665, 58.42765772], [11.22960556, 58.42084312], [11.22477496, 58.41979158], [11.22154403, 58.41584241], [11.22045815, 58.41053104], [11.22053552, 58.41002202], [11.22414994, 58.40899777], [11.22508228, 58.40722084], [11.22725225, 58.40872157], [11.23431015, 58.40695655], [11.23986685, 58.40776396], [11.24232388, 58.40531623], [11.24539793, 58.40513468], [11.24511242, 58.40324986], [11.24829674, 58.40320814], [11.24314117, 58.39724493], [11.24601448, 58.39641905], [11.24521303, 58.3950361], [11.24068975, 58.39632213], [11.2414031, 58.39751041], [11.23859584, 58.39916742], [11.23796761, 58.39942944], [11.23477936, 58.40008175], [11.22954214, 58.40008092], [11.22404003, 58.39864922], [11.22180235, 58.39529467], [11.22199881, 58.39482868], [11.22762716, 58.39240766], [11.23083413, 58.38927364], [11.23914576, 58.39128578], [11.23963857, 58.39121163], [11.24076772, 58.39010477], [11.2433815, 58.39018226], [11.24245465, 58.38677824], [11.25, 58.38616073], [11.25570726, 58.38709974], [11.25336945, 58.38396084], [11.25, 58.38504458], [11.24584603, 58.38544512], [11.24173212, 58.38472486], [11.24150586, 58.38450146], [11.24214983, 58.38335204], [11.24313438, 58.38312507], [11.24857843, 58.38236356], [11.25, 58.3828125], [11.25265884, 58.3836503], [11.25401676, 58.38134766], [11.25608325, 58.38094831], [11.25604892, 58.38242304], [11.26138747, 58.38386881], [11.26167238, 58.38339043], [11.25896382, 58.38174093], [11.26048267, 58.37959695], [11.25721932, 58.37636077], [11.25644875, 58.37596655], [11.25091743, 58.37660813], [11.25034654, 58.37534118], [11.25, 58.37527895], [11.24804115, 58.37523365], [11.24867463, 58.37756085], [11.24737096, 58.378057], [11.24689531, 58.37786341], [11.24268627, 58.37198591], [11.24280226, 58.37164402], [11.24778688, 58.37395465], [11.24775922, 58.37368751], [11.24263346, 58.36826777], [11.24340606, 58.36573172], [11.24264944, 58.36537087], [11.23740244, 58.36607146], [11.23622346, 58.36729205], [11.23623466, 58.36786294], [11.23961794, 58.36955214], [11.23852134, 58.37265384], [11.24635756, 58.37740982], [11.24466145, 58.37903357], [11.24328721, 58.37942815], [11.24257338, 58.37925994], [11.23543215, 58.37463534], [11.234411, 58.37431955], [11.23200464, 58.37423217], [11.23125195, 58.37451565], [11.23107552, 58.37588954], [11.23071623, 58.37581313], [11.22389364, 58.37270474], [11.22046888, 58.37018526], [11.21954525, 58.3692826], [11.21823394, 58.36510491], [11.21847785, 58.36441565], [11.22260153, 58.36163688], [11.22645545, 58.36091888], [11.22225344, 58.35989428], [11.21886766, 58.36131752], [11.22021556, 58.359375], [11.22049046, 58.35915995], [11.21748614, 58.35874093], [11.21505547, 58.359375], [11.21199966, 58.36042273], [11.21143425, 58.36042905], [11.20963001, 58.35984921], [11.20957816, 58.359375], [11.2097609, 58.359375], [11.21032858, 58.35772264], [11.21479964, 58.35788727], [11.21583772, 58.35700703], [11.21462011, 58.35326517], [11.21193647, 58.3514713], [11.21971416, 58.34943867], [11.22071743, 58.34938061], [11.22583222, 58.35061967], [11.22861111, 58.35301006], [11.23267984, 58.35486495], [11.23604393, 58.35531795], [11.23835182, 58.359375], [11.23883081, 58.359375], [11.23881865, 58.35979164], [11.24388361, 58.36467636], [11.24750602, 58.36260176], [11.24328435, 58.36124432], [11.24258745, 58.359375], [11.23898578, 58.35644436], [11.23921096, 58.35614932], [11.24102914, 58.35535753], [11.24179018, 58.35528386], [11.24600446, 58.35574317], [11.25, 58.35295761], [11.26652324, 58.35163641], [11.26722646, 58.35175264], [11.27143872, 58.35262418], [11.27479196, 58.35418451], [11.27231252, 58.35592031], [11.27257955, 58.35626411], [11.27671826, 58.35705066], [11.27806151, 58.359375], [11.27818882, 58.359375], [11.27816033, 58.36080992], [11.27935886, 58.36128163], [11.28095436, 58.36081648], [11.28123808, 58.359375], [11.28183377, 58.35886681], [11.28829408, 58.359375], [11.28972006, 58.35984683], [11.30108654, 58.36837387], [11.30296683, 58.37304175], [11.29915285, 58.37442708], [11.29984605, 58.37602317], [11.30020666, 58.37632191], [11.30918837, 58.37610745], [11.31696463, 58.38291061], [11.30552948, 58.38473117], [11.30277991, 58.38767731], [11.30686808, 58.38606894], [11.31727874, 58.38566637], [11.32119775, 58.38358927], [11.31607425, 58.37918091], [11.32121146, 58.37508166], [11.31989574, 58.37246096], [11.31690013, 58.37210464], [11.31556034, 58.36904442], [11.31814516, 58.36064994], [11.32807875, 58.36327505], [11.32425582, 58.36442375], [11.32361758, 58.36671793], [11.31924355, 58.36613858], [11.32594144, 58.37081134], [11.32878947, 58.36968875], [11.32886553, 58.36632884], [11.33802927, 58.36350214], [11.34679842, 58.36248875], [11.35462201, 58.36379337], [11.35890436, 58.36165965], [11.36240327, 58.36245704], [11.36499012, 58.36641955], [11.36091197, 58.36828184], [11.35670936, 58.37487972], [11.36293864, 58.37538636], [11.36513662, 58.37695861], [11.36994493, 58.376881], [11.37438071, 58.38348126], [11.37308824, 58.38620472], [11.37786555, 58.38565814], [11.37789357, 58.38718987], [11.39340317, 58.39761412], [11.39840674, 58.40513122], [11.40400982, 58.40592027], [11.40566325, 58.40848541], [11.40979946, 58.41052985], [11.4107542, 58.41423464], [11.40778172, 58.41530931], [11.40719175, 58.41727543], [11.41270673, 58.41869891], [11.41786063, 58.4217602], [11.42518234, 58.42301416], [11.43177032, 58.43539953], [11.43979764, 58.44172537], [11.44956112, 58.45465076], [11.45609736, 58.45842636], [11.46035242, 58.45842636], [11.46324921, 58.45675874], [11.46287775, 58.45380545], [11.45112634, 58.4481976], [11.44158185, 58.43990695], [11.43952525, 58.43529713], [11.43272793, 58.43258142], [11.43447268, 58.42980075], [11.43083394, 58.42368865], [11.4351958, 58.4219408], [11.43812764, 58.42342174], [11.43799067, 58.42149901], [11.42823517, 58.42076528], [11.42573583, 58.41908956], [11.42700446, 58.41665125], [11.4208014, 58.41470981], [11.41285074, 58.40837455], [11.41030502, 58.40433216], [11.41139936, 58.40273166], [11.40937245, 58.40197813], [11.40680134, 58.3965162], [11.3996644, 58.39304531], [11.39702344, 58.38899243], [11.39346516, 58.38711238], [11.38999474, 58.38026488], [11.39352345, 58.37769318], [11.38923645, 58.37712002], [11.38837326, 58.37530863], [11.38332164, 58.37405205], [11.38453305, 58.37032914], [11.38771296, 58.36887372], [11.39504921, 58.36870253], [11.39539981, 58.36787641], [11.38739991, 58.36522877], [11.38421321, 58.36652112], [11.38109744, 58.36315513], [11.37908721, 58.36606038], [11.37742186, 58.36484516], [11.36948764, 58.36452055], [11.37018776, 58.359375], [11.37003934, 58.35880494], [11.36837506, 58.35830581], [11.36595213, 58.359375], [11.36383414, 58.359375], [11.36359501, 58.35922682], [11.36381865, 58.35526061], [11.35753512, 58.34950781], [11.36062121, 58.34739184], [11.35931444, 58.34420836], [11.35975421, 58.34395015], [11.36773896, 58.34675717], [11.37037587, 58.34649253], [11.3671813, 58.34235084], [11.36079514, 58.34201014], [11.36312556, 58.33995354], [11.36935246, 58.33966243], [11.37348485, 58.33516896], [11.37416446, 58.33913982], [11.36887884, 58.34067392], [11.36814117, 58.34225106], [11.37214732, 58.34444964], [11.37373376, 58.34805822], [11.37451196, 58.34850764], [11.37676144, 58.34787142], [11.37667906, 58.34292972], [11.38318396, 58.34355116], [11.38235044, 58.34556365], [11.38534725, 58.34723258], [11.38681686, 58.34415126], [11.38748586, 58.34377754], [11.39116633, 58.34375215], [11.39176202, 58.34393072], [11.39147997, 58.34688056], [11.40176415, 58.35000956], [11.40850437, 58.35394073], [11.40875423, 58.35444725], [11.40838444, 58.35589325], [11.40051675, 58.35739195], [11.39918363, 58.35760808], [11.39636672, 58.35680616], [11.39348412, 58.359375], [11.39360344, 58.359375], [11.39360344, 58.36007237], [11.3971138, 58.36007237], [11.39892197, 58.359375], [11.3993082, 58.359375], [11.40935636, 58.3563745], [11.41111147, 58.35734212], [11.40936792, 58.359375], [11.40902746, 58.36007237], [11.41328228, 58.359375], [11.41594172, 58.359375], [11.41929305, 58.36208761], [11.42049778, 58.36841607], [11.42291331, 58.37009573], [11.42150438, 58.37258565], [11.42472863, 58.37628341], [11.42950892, 58.37708366], [11.43080688, 58.38012946], [11.43491995, 58.38083255], [11.43715215, 58.38349533], [11.43692875, 58.39053607], [11.43961453, 58.3911252], [11.44559324, 58.3899343], [11.45044541, 58.39362466], [11.45521176, 58.39324522], [11.45670176, 58.3957684], [11.46211231, 58.39820063], [11.46321166, 58.39797556], [11.46523202, 58.39643204], [11.45825768, 58.39454973], [11.4420892, 58.37742054], [11.44173491, 58.37625885], [11.44201624, 58.37572217], [11.44834912, 58.37233114], [11.44877112, 58.37163544], [11.4498564, 58.36763144], [11.44733763, 58.36370635], [11.45031512, 58.36152995], [11.44838536, 58.359375], [11.44854796, 58.359375], [11.44678688, 58.35703385], [11.44741106, 58.35656273], [11.45151401, 58.35586715], [11.45442212, 58.35154307], [11.45959115, 58.34821665], [11.46955764, 58.34645045], [11.46945846, 58.34416544], [11.46309805, 58.34354424], [11.46166456, 58.34162092], [11.45733595, 58.34201157], [11.45638776, 58.34228468], [11.45166194, 58.34558833], [11.44173431, 58.34823883], [11.44038785, 58.35187507], [11.43763685, 58.35266542], [11.43795395, 58.35519648], [11.43279815, 58.35412097], [11.42591286, 58.35542262], [11.42539096, 58.35531664], [11.41907632, 58.35157335], [11.41646636, 58.35249496], [11.41413665, 58.35042822], [11.40853023, 58.34988177], [11.41074026, 58.34802222], [11.40504014, 58.3476181], [11.40525246, 58.34492075], [11.40279746, 58.34271264], [11.40283155, 58.34221685], [11.40567267, 58.34149647], [11.40604591, 58.34005415], [11.40602744, 58.33938217], [11.40506935, 58.33620906], [11.40152645, 58.33426082], [11.40351784, 58.33230495], [11.40091383, 58.33100164], [11.40239811, 58.32540083], [11.39780402, 58.3240813], [11.40022314, 58.32167983], [11.40009201, 58.31658757], [11.40501142, 58.31345034], [11.40149224, 58.31198168], [11.40386772, 58.31054342], [11.41086948, 58.31063485], [11.41518712, 58.30846345], [11.4202044, 58.30766165], [11.42050755, 58.30736375], [11.41763556, 58.30593967], [11.41625166, 58.30565715], [11.41227508, 58.30575621], [11.41505325, 58.30345654], [11.41058874, 58.30310357], [11.41704524, 58.30085421], [11.41757095, 58.30085266], [11.42043734, 58.30170393], [11.41578567, 58.30299926], [11.41736138, 58.30454195], [11.42436457, 58.30277121], [11.42512381, 58.30427063], [11.42847371, 58.30455816], [11.43028665, 58.30303288], [11.43608105, 58.30242598], [11.44218373, 58.30633998], [11.44663262, 58.30530596], [11.44717956, 58.30530894], [11.45067871, 58.30616343], [11.45149696, 58.30645132], [11.46196115, 58.31676435], [11.46959102, 58.31647086], [11.47655487, 58.31774843], [11.47811735, 58.31741798], [11.47852814, 58.31639731], [11.47807121, 58.31595886], [11.47412884, 58.3160727], [11.46885562, 58.31252873], [11.45834315, 58.30887282], [11.44860613, 58.30371153], [11.44775736, 58.30209625], [11.44317901, 58.30082965], [11.44046986, 58.29866564], [11.44024515, 58.29541171], [11.44214165, 58.29468012], [11.43791103, 58.291152], [11.43486762, 58.28958333], [11.43160856, 58.29037786], [11.42708552, 58.28956366], [11.42714155, 58.28775072], [11.43353176, 58.28494954], [11.42587936, 58.27976418], [11.42353344, 58.27577865], [11.4170258, 58.27593815], [11.41660833, 58.27549911], [11.41480756, 58.27029312], [11.41518903, 58.26938605], [11.41853738, 58.26627958], [11.4211241, 58.2656666], [11.42416751, 58.26802576], [11.42757094, 58.26737976], [11.43659794, 58.26813376], [11.43960035, 58.27405918], [11.44180453, 58.27502477], [11.45052898, 58.27579725], [11.45236576, 58.27319014], [11.44676375, 58.27415586], [11.44630444, 58.27323854], [11.45190644, 58.27159703], [11.45456994, 58.27217627], [11.45758247, 58.27125204], [11.45809674, 58.27135956], [11.458727, 58.27207875], [11.45594728, 58.27376962], [11.45594728, 58.27652144], [11.46500444, 58.27711368], [11.46790504, 58.27918255], [11.47595477, 58.27958703], [11.47647703, 58.27975273], [11.48045421, 58.28154266], [11.48574555, 58.28755391], [11.49007416, 58.28804827], [11.49136114, 58.28868866], [11.49317932, 58.29050863], [11.49360275, 58.29185295], [11.4910475, 58.29257882], [11.49232531, 58.29645634], [11.48925912, 58.29851294], [11.49072623, 58.30126882], [11.49413991, 58.30126774], [11.49543154, 58.29888284], [11.50328255, 58.30013967], [11.51825654, 58.30542457], [11.52181602, 58.30997872], [11.52092123, 58.3129456], [11.53215265, 58.31783295], [11.53618348, 58.32601178], [11.54092753, 58.3268646], [11.54223621, 58.32983923], [11.5387789, 58.33074105], [11.54255676, 58.33666086], [11.54192543, 58.34014714], [11.5441277, 58.34122324], [11.54885805, 58.34077787], [11.55238295, 58.3417629], [11.55490446, 58.34353423], [11.55306685, 58.34484291], [11.55752635, 58.34547985], [11.55955577, 58.34805167], [11.56263065, 58.34866488], [11.56856966, 58.35277617], [11.57248974, 58.3570708], [11.56696701, 58.35927606], [11.56645942, 58.359375], [11.56497181, 58.36131167], [11.56512165, 58.36175728], [11.56619704, 58.36214745], [11.572474, 58.36218643], [11.574494, 58.3654443], [11.57098961, 58.36804962], [11.56503916, 58.36799657], [11.56890893, 58.37070417], [11.56561792, 58.37117672], [11.56279397, 58.37351465], [11.56127405, 58.37733781], [11.56244492, 58.37995183], [11.55800664, 58.38193023], [11.56461143, 58.38595521], [11.56568074, 58.39149237], [11.56804645, 58.39246035], [11.56954873, 58.39569855], [11.56680203, 58.39657593], [11.56755042, 58.39900875], [11.57074964, 58.40006494], [11.57123804, 58.40304816], [11.57701767, 58.40615785], [11.57928026, 58.41058254], [11.58391154, 58.41374338], [11.58205295, 58.41883421], [11.58403945, 58.42096162], [11.58174026, 58.43499994], [11.57608032, 58.44935703], [11.57809985, 58.46105087], [11.57083917, 58.47422266], [11.57362056, 58.47806597], [11.58470595, 58.46799994], [11.58490801, 58.46736777], [11.58542144, 58.46408033], [11.58252144, 58.45891738], [11.58927906, 58.45116544], [11.58261335, 58.44543338], [11.58271646, 58.44504023], [11.58413017, 58.44434762], [11.58824301, 58.44440901], [11.58680034, 58.43784344], [11.5900439, 58.43648136], [11.59078157, 58.43260038], [11.59434044, 58.43122041], [11.59459877, 58.42336798], [11.59953666, 58.42277586], [11.6015625, 58.42354906], [11.60404193, 58.42441738], [11.60489094, 58.42433286], [11.60666955, 58.42370248], [11.60632825, 58.42163765], [11.60294366, 58.41985285], [11.6015625, 58.41657364], [11.60010695, 58.41473961], [11.60129285, 58.41319084], [11.6015625, 58.41322541], [11.60542846, 58.41211355], [11.60583544, 58.40929174], [11.60865867, 58.40765703], [11.61729431, 58.4066534], [11.6186496, 58.40260243], [11.61893284, 58.40238595], [11.62247527, 58.40162933], [11.62314665, 58.40184832], [11.62827992, 58.40550995], [11.62860453, 58.40581203], [11.63438535, 58.41324806], [11.64388657, 58.41958416], [11.64528632, 58.42360783], [11.65663183, 58.42586565], [11.67171836, 58.43463767], [11.67394674, 58.43772423], [11.67548311, 58.4384253], [11.67665494, 58.43821943], [11.67771494, 58.43642211], [11.68460274, 58.43831444], [11.68500435, 58.43820715], [11.68373203, 58.43591976], [11.68797696, 58.43415344], [11.68799436, 58.43487275], [11.69279993, 58.43449855], [11.69465947, 58.43617475], [11.69807446, 58.43714178], [11.69873405, 58.43704522], [11.70255542, 58.43484962], [11.70354044, 58.43344891], [11.70176721, 58.42889822], [11.68906307, 58.42685854], [11.68286145, 58.42794824], [11.68139148, 58.4278264], [11.67585075, 58.42677605], [11.66924226, 58.42494035], [11.66670907, 58.42329597], [11.66200733, 58.41746211], [11.66151404, 58.41719568], [11.64971113, 58.41596925], [11.63897824, 58.40601778], [11.62834096, 58.39998937], [11.62845087, 58.39293635], [11.63895226, 58.39068854], [11.64046776, 58.39129186], [11.6382879, 58.39285874], [11.64121771, 58.39352942], [11.64856863, 58.38973975], [11.65290475, 58.39154875], [11.65499854, 58.39157236], [11.65559924, 58.39138436], [11.65834534, 58.38928795], [11.65973854, 58.38335073], [11.65903485, 58.38254595], [11.65574014, 58.38146985], [11.64748812, 58.38352084], [11.64657223, 58.38150704], [11.64379382, 58.38082623], [11.63849676, 58.38470054], [11.63126302, 58.38583672], [11.63177955, 58.38165724], [11.62888503, 58.38154316], [11.62157452, 58.3783226], [11.61594546, 58.3745867], [11.61559725, 58.37128246], [11.61520576, 58.37086761], [11.60953736, 58.36884475], [11.60575366, 58.36284328], [11.60522711, 58.36235082], [11.60225165, 58.36115777], [11.6015625, 58.36132813], [11.59752941, 58.36123085], [11.59518015, 58.359375], [11.59467936, 58.359375], [11.59401381, 58.35509753], [11.58788145, 58.34985113], [11.58848393, 58.34497547], [11.57993937, 58.34084535], [11.58053768, 58.33706892], [11.57386446, 58.33456361], [11.57482004, 58.33050466], [11.56561327, 58.32822955], [11.55871892, 58.31892502], [11.55414045, 58.31803632], [11.55404091, 58.31603074], [11.55019486, 58.31270885], [11.54354465, 58.30973911], [11.53932345, 58.31045306], [11.53654551, 58.30839527], [11.53697395, 58.30540705], [11.53276265, 58.30438125], [11.53426492, 58.30068946], [11.53036058, 58.29889917], [11.53534591, 58.29547012], [11.52565134, 58.29263985], [11.52948904, 58.28565156], [11.52497864, 58.28073227], [11.51719284, 58.28133667], [11.50650883, 58.27673995], [11.50491166, 58.27842605], [11.50283325, 58.27803254], [11.50146115, 58.27548397], [11.5030148, 58.27407277], [11.50108385, 58.2722522], [11.50472462, 58.27150202], [11.50532115, 58.27389204], [11.50708044, 58.27393401], [11.50821698, 58.26929295], [11.50656354, 58.266294], [11.5086807, 58.26407075], [11.51370955, 58.26409101], [11.51520336, 58.26300991], [11.50811064, 58.26195884], [11.50442815, 58.25593746], [11.50362825, 58.25570262], [11.50253427, 58.25568867], [11.50158632, 58.25621462], [11.50088036, 58.26158524], [11.49133456, 58.25971007], [11.48940694, 58.26002395], [11.48832834, 58.26112628], [11.48843193, 58.26296568], [11.48997211, 58.26391947], [11.49083376, 58.26405573], [11.50061524, 58.26265216], [11.5008893, 58.26272094], [11.5023607, 58.26406264], [11.5026201, 58.26458204], [11.50113344, 58.26908875], [11.49682736, 58.27013028], [11.48978305, 58.26865315], [11.48758233, 58.26781571], [11.48679185, 58.26694477], [11.48807704, 58.26410627], [11.48274493, 58.26356566], [11.48404741, 58.26218331], [11.47794294, 58.26030445], [11.47580051, 58.25865924], [11.47667074, 58.25705445], [11.46568596, 58.25598443], [11.46647406, 58.25214374], [11.46282923, 58.24881005], [11.45772135, 58.24965048], [11.45367944, 58.24744356], [11.44710732, 58.24737632], [11.44725454, 58.24986923], [11.44534433, 58.25015044], [11.43696845, 58.24761045], [11.43345976, 58.24367201], [11.42839456, 58.24215674], [11.42796481, 58.24193525], [11.42690206, 58.24034214], [11.42661071, 58.23693407], [11.43031776, 58.23397493], [11.42632735, 58.23058736], [11.42680252, 58.22920513], [11.42653286, 58.22893715], [11.41918397, 58.22782052], [11.41527665, 58.22503984], [11.41662812, 58.22368681], [11.41371024, 58.22042763], [11.41668034, 58.21759868], [11.40937674, 58.21324265], [11.40896642, 58.20925403], [11.41029584, 58.20767701], [11.41396523, 58.20807195], [11.41566622, 58.20705926], [11.40571654, 58.20325744], [11.40418315, 58.19748735], [11.40604746, 58.19626856], [11.40750051, 58.19607306], [11.42542744, 58.20072925], [11.42767501, 58.20425904], [11.4288063, 58.20458496], [11.43548501, 58.20464015], [11.43731606, 58.20662415], [11.4353404, 58.20839262], [11.44141436, 58.20749176], [11.44615471, 58.20977986], [11.44212985, 58.20566761], [11.43513977, 58.20301604], [11.4399544, 58.19926345], [11.44210243, 58.20198953], [11.44640482, 58.19978178], [11.45781767, 58.20263267], [11.46008086, 58.20196903], [11.46151876, 58.20549595], [11.46541083, 58.2084825], [11.46540856, 58.20508552], [11.47039747, 58.20679533], [11.47715902, 58.21333933], [11.47482967, 58.21516824], [11.47044575, 58.21245778], [11.47080851, 58.21469295], [11.47541642, 58.21725416], [11.47613823, 58.22384036], [11.47866595, 58.22723567], [11.47889566, 58.23123956], [11.47592247, 58.23423052], [11.47941077, 58.23658073], [11.48500597, 58.23671365], [11.49072838, 58.24041092], [11.49525344, 58.23927283], [11.49641883, 58.23538578], [11.51418281, 58.23957872], [11.51181245, 58.24132001], [11.49945736, 58.24122786], [11.49837196, 58.24401414], [11.50264132, 58.24592698], [11.50888085, 58.24521816], [11.51292145, 58.24308658], [11.52930224, 58.24365115], [11.53685045, 58.24009848], [11.54380727, 58.24199212], [11.5454123, 58.24143636], [11.54452753, 58.23922443], [11.54980648, 58.23827493], [11.55629337, 58.234375], [11.560184, 58.23562157], [11.56943226, 58.24176848], [11.56976736, 58.24528694], [11.5733968, 58.24782574], [11.57235146, 58.25139534], [11.56960535, 58.25463021], [11.56395996, 58.25407767], [11.56072652, 58.25553203], [11.55410421, 58.25435555], [11.55048573, 58.25667345], [11.55528116, 58.25845397], [11.55555093, 58.26082492], [11.54804766, 58.26656973], [11.54412103, 58.26792896], [11.54287875, 58.27199376], [11.54736185, 58.27055156], [11.55306995, 58.26458025], [11.55931425, 58.26297641], [11.56035864, 58.25963736], [11.56935155, 58.26221621], [11.57499945, 58.26044667], [11.57611525, 58.25891006], [11.58588851, 58.25719786], [11.5944128, 58.25822723], [11.59596455, 58.26042402], [11.6015625, 58.26004457], [11.60193562, 58.26006711], [11.60334885, 58.26133692], [11.61375821, 58.2644304], [11.62305295, 58.26176095], [11.63287806, 58.26193535], [11.64283228, 58.25905168], [11.64010346, 58.26267636], [11.63757157, 58.26319015], [11.64028633, 58.26464546], [11.63928092, 58.2670958], [11.64259374, 58.26807737], [11.64279914, 58.26924384], [11.65084255, 58.26873565], [11.65148604, 58.27190316], [11.65330541, 58.27154112], [11.65331972, 58.26760805], [11.64949501, 58.26561367], [11.65815258, 58.26546001], [11.65868127, 58.26246941], [11.66185546, 58.26091945], [11.66708446, 58.26163554], [11.66793835, 58.26202893], [11.66962647, 58.26328421], [11.6718353, 58.26711655], [11.66674507, 58.27080262], [11.67050505, 58.27289641], [11.66873217, 58.27578163], [11.66112447, 58.27591908], [11.65370727, 58.27451742], [11.65168095, 58.27298546], [11.64746845, 58.27432418], [11.64606547, 58.27576435], [11.64612234, 58.27623272], [11.65431321, 58.28043306], [11.65719497, 58.28355241], [11.66730213, 58.28545213], [11.66984534, 58.28745878], [11.6659075, 58.3000766], [11.67462826, 58.30315292], [11.67146206, 58.30648208], [11.67164934, 58.30705094], [11.67613244, 58.30799556], [11.67703331, 58.31078517], [11.68373644, 58.31156278], [11.69358361, 58.31021237], [11.69765556, 58.30659616], [11.69943321, 58.30612755], [11.70025086, 58.30623972], [11.71110594, 58.31148851], [11.71182144, 58.31342316], [11.71467292, 58.31386316], [11.71932566, 58.31383598], [11.72289205, 58.31300604], [11.72527575, 58.30815268], [11.72784388, 58.30693126], [11.73023558, 58.31035697], [11.7336024, 58.31267536], [11.7407335, 58.31569684], [11.74124682, 58.31633282], [11.74030054, 58.31760955], [11.7391988, 58.31807315], [11.73599851, 58.31828511], [11.73492706, 58.31822061], [11.72503483, 58.31517148], [11.72182155, 58.31739354], [11.7242434, 58.32025623], [11.72677004, 58.31889081], [11.72880626, 58.31966913], [11.72933507, 58.32803595], [11.72278607, 58.32988667], [11.71350837, 58.32959068], [11.70585334, 58.33082771], [11.70334876, 58.33366168], [11.69427371, 58.33836222], [11.69822896, 58.34132695], [11.71190858, 58.33767486], [11.72571325, 58.33744144], [11.73001754, 58.33882904], [11.73282993, 58.3414098], [11.73918974, 58.34140754], [11.74312115, 58.33824873], [11.74688876, 58.33923185], [11.75153971, 58.33823156], [11.76223648, 58.33864391], [11.76724136, 58.33733976], [11.77199113, 58.33418357], [11.77845955, 58.33289504], [11.79432607, 58.32464731], [11.79940045, 58.32526815], [11.80433404, 58.32785654], [11.8089962, 58.32771993], [11.80880523, 58.32646847], [11.80390775, 58.32526684], [11.80289865, 58.32372665], [11.80407774, 58.32108486], [11.80674195, 58.32068992], [11.81314874, 58.32302916], [11.81466794, 58.32601643], [11.81276917, 58.32775402], [11.819121, 58.32838047], [11.82318497, 58.32649457], [11.83112705, 58.32916725], [11.83648467, 58.32802677], [11.83884287, 58.32577181], [11.84376776, 58.32733858], [11.84430945, 58.32652152], [11.84688795, 58.32850206], [11.856848, 58.33089292], [11.85855472, 58.33215141], [11.85412312, 58.33323157], [11.85650063, 58.33454442], [11.86127651, 58.33456945], [11.85975957, 58.33532274], [11.86734402, 58.33726585], [11.87144673, 58.34250498], [11.87774694, 58.34265673], [11.88279104, 58.34635365], [11.88334537, 58.3465029], [11.88749826, 58.34731162], [11.89441955, 58.34653521], [11.89490712, 58.34436071], [11.89795971, 58.34360516], [11.89694965, 58.34733975], [11.89871323, 58.34762144], [11.90024662, 58.34412122], [11.90124333, 58.34601223], [11.89871323, 58.35172534], [11.89947975, 58.35253], [11.90055335, 58.35285175], [11.91128707, 58.35212755], [11.91090381, 58.34943187], [11.90431011, 58.34504664], [11.90392685, 58.34396017], [11.90454006, 58.34367871], [11.90714693, 58.34464431], [11.91113377, 58.34826517], [11.91013706, 58.34239125], [11.90523005, 58.34122443], [11.90822041, 58.33981633], [11.90580857, 58.33772635], [11.91146815, 58.33399057], [11.90739965, 58.33158243], [11.89998186, 58.32956302], [11.89209735, 58.33085418], [11.88899291, 58.33038056], [11.88927472, 58.33192646], [11.88748133, 58.33217883], [11.88305855, 58.32972336], [11.88127935, 58.32692313], [11.87541306, 58.32620847], [11.86935222, 58.3230319], [11.85923111, 58.32283151], [11.85342813, 58.3256042], [11.84596646, 58.32277477], [11.84269548, 58.31942511], [11.82919264, 58.31862211], [11.82481945, 58.31605256], [11.81520164, 58.31673336], [11.8132838, 58.31467152], [11.81424177, 58.30952895], [11.81994307, 58.30396831], [11.82747257, 58.30373383], [11.82577181, 58.29997206], [11.81966031, 58.29619944], [11.81399286, 58.29574597], [11.81352103, 58.28975332], [11.81920314, 58.28488195], [11.82311714, 58.28631353], [11.82569337, 58.28542817], [11.83360147, 58.27769566], [11.84652758, 58.27470875], [11.84521413, 58.27355063], [11.84687602, 58.26908004], [11.8390336, 58.26510894], [11.8398236, 58.25946474], [11.84444892, 58.25732601], [11.85177052, 58.25874531], [11.85564911, 58.25734794], [11.85720265, 58.2552247], [11.85594416, 58.25225782], [11.85950303, 58.24930096], [11.86329341, 58.24866736], [11.86316872, 58.24404442], [11.86611795, 58.24027741], [11.87536681, 58.23679686], [11.87066913, 58.23019815], [11.87266064, 58.22810471], [11.87128913, 58.22617245], [11.8731966, 58.22243881], [11.88384438, 58.2189306], [11.89330554, 58.22328556], [11.90674567, 58.22547567], [11.90829086, 58.22790635], [11.91027522, 58.22848988], [11.91359806, 58.22896874], [11.91431093, 58.22866213], [11.91653645, 58.22555995], [11.91655934, 58.22274041], [11.91132975, 58.22134435], [11.91060173, 58.22089136], [11.90628672, 58.21632981], [11.90355134, 58.21557236], [11.89865172, 58.21051311], [11.89791906, 58.20708883], [11.89535093, 58.20557034], [11.89492404, 58.20059347], [11.878636, 58.19941282], [11.87787175, 58.20213711], [11.87027526, 58.20387888], [11.86969161, 58.20379543], [11.86720085, 58.2012881], [11.86398172, 58.20050192], [11.86923706, 58.19800746], [11.85946405, 58.196123], [11.85715055, 58.19463575], [11.85718191, 58.18968213], [11.85917366, 58.18829966], [11.85805011, 58.18649864], [11.86041105, 58.18489754], [11.86005175, 58.1847434], [11.85570395, 58.18359375], [11.85576105, 58.18359375], [11.85546768, 58.18295681], [11.85650301, 58.17340946], [11.85754251, 58.17259645], [11.86301291, 58.16931355], [11.8655045, 58.15998507], [11.86538911, 58.15972912], [11.86112404, 58.15672862], [11.85536575, 58.15829456], [11.85679686, 58.15606284], [11.85487318, 58.15469933], [11.85844386, 58.15209258], [11.84617174, 58.14405811], [11.84298766, 58.14576113], [11.84035945, 58.14237797], [11.83900392, 58.13845825], [11.83895814, 58.1380316], [11.84354043, 58.13590217], [11.84420645, 58.13315916], [11.84362125, 58.13045943], [11.83873844, 58.12820613], [11.8390851, 58.12522566], [11.83928597, 58.12487996], [11.84196925, 58.12254214], [11.84327281, 58.12234485], [11.84494364, 58.12251246], [11.84666872, 58.12382436], [11.84119022, 58.1257019], [11.84148705, 58.12581408], [11.84277916, 58.12605476], [11.84975326, 58.12520587], [11.84941196, 58.1235491], [11.83553576, 58.11710846], [11.8338021, 58.11070454], [11.82565546, 58.10672855], [11.820454, 58.10860086], [11.80425465, 58.10380483], [11.80984294, 58.10194921], [11.82044935, 58.10571706], [11.81843877, 58.10210466], [11.81850362, 58.10157824], [11.82027376, 58.10130894], [11.8305794, 58.10389078], [11.83147442, 58.10376143], [11.83306634, 58.09986198], [11.83010817, 58.09822965], [11.83006477, 58.09760535], [11.83056665, 58.09601843], [11.83327556, 58.0951184], [11.83236217, 58.09232891], [11.82039404, 58.09061217], [11.82014024, 58.08605254], [11.81080294, 58.08653533], [11.80913198, 58.08497965], [11.80334616, 58.08583784], [11.80050564, 58.08409452], [11.80263615, 58.08256555], [11.80111432, 58.08205605], [11.79873025, 58.08328974], [11.79761422, 58.08253884], [11.79969394, 58.08100986], [11.8037014, 58.08235097], [11.81392484, 58.0769452], [11.80808929, 58.07533526], [11.80689752, 58.07623601], [11.8033241, 58.07640946], [11.80073011, 58.07698095], [11.79619062, 58.07480121], [11.79498053, 58.07239985], [11.79641209, 58.07211371], [11.76563676, 58.0636233], [11.76288712, 58.06633544], [11.76058841, 58.06691015], [11.75473964, 58.06269777], [11.75671935, 58.0663141], [11.75639451, 58.07210934], [11.74602008, 58.07025194], [11.73654854, 58.06697464], [11.73675072, 58.07232225], [11.73227823, 58.07078958], [11.73306155, 58.07476592], [11.72808576, 58.07475364], [11.71962798, 58.06960726], [11.71468484, 58.06912816], [11.71239197, 58.06619322], [11.70452452, 58.06640887], [11.70075405, 58.06743121], [11.70050681, 58.06871796], [11.69632637, 58.07044601], [11.69672513, 58.07393634], [11.69285166, 58.07855988], [11.69931698, 58.07555771], [11.70649397, 58.07766128], [11.70704353, 58.07791436], [11.71015716, 58.08644354], [11.70159483, 58.09289205], [11.69659245, 58.09538221], [11.69518506, 58.09562886], [11.69103205, 58.09535694], [11.68750024, 58.09336412], [11.68025851, 58.09212697], [11.67440212, 58.09369695], [11.66801596, 58.09344566], [11.66030324, 58.08831811], [11.66005075, 58.08806014], [11.65965974, 58.08571804], [11.66033244, 58.08547592], [11.67503643, 58.08687353], [11.67377186, 58.08383274], [11.68235135, 58.08391857], [11.68321133, 58.08059895], [11.67965221, 58.08021414], [11.66923976, 58.08196235], [11.65799785, 58.07992387], [11.65461695, 58.08193636], [11.64386821, 58.07758248], [11.64467645, 58.0751456], [11.64789283, 58.07414866], [11.64434063, 58.07303345], [11.64110374, 58.06949115], [11.64282346, 58.06732214], [11.64706445, 58.06684375], [11.64535451, 58.06347215], [11.64658701, 58.06216896], [11.65769494, 58.06342077], [11.65894997, 58.06099713], [11.66536224, 58.05905342], [11.67355645, 58.06141365], [11.67615271, 58.06107044], [11.67485464, 58.0629158], [11.68069601, 58.06536186], [11.68110156, 58.06493282], [11.67826211, 58.06343067], [11.68053365, 58.06300163], [11.67679977, 58.06225336], [11.67696404, 58.06025505], [11.67542255, 58.05943966], [11.67177761, 58.05899656], [11.67047346, 58.05750835], [11.66500294, 58.05817342], [11.66682422, 58.05645776], [11.66616464, 58.05639923], [11.66438866, 58.05652142], [11.66033065, 58.05882883], [11.64788544, 58.05966532], [11.64724815, 58.05964732], [11.64275455, 58.05759323], [11.64035678, 58.06035495], [11.63672924, 58.06141973], [11.63181162, 58.06057227], [11.62583816, 58.06110382], [11.62860095, 58.05207455], [11.62663567, 58.05066395], [11.61894476, 58.05254662], [11.6176362, 58.05266297], [11.60808122, 58.05167365], [11.60600925, 58.05340564], [11.60469484, 58.05352724], [11.6015625, 58.05301344], [11.59289265, 58.05008161], [11.58720291, 58.05139792], [11.58953476, 58.05433285], [11.58698881, 58.05478156], [11.58584702, 58.05695868], [11.58502913, 58.05695605], [11.58123064, 58.05590975], [11.57922041, 58.05681992], [11.57745516, 58.05622137], [11.56628954, 58.04938471], [11.56489015, 58.05416656], [11.56766927, 58.06287324], [11.55821621, 58.0638411], [11.55617201, 58.06497586], [11.55184305, 58.06290615], [11.54814351, 58.06354845], [11.54442835, 58.05947447], [11.53206944, 58.05452538], [11.53198564, 58.05281055], [11.52789962, 58.05311131], [11.52295864, 58.05026877], [11.52303386, 58.05430877], [11.51882923, 58.05392253], [11.51054692, 58.05613828], [11.51205313, 58.054111], [11.50456047, 58.04984665], [11.50421667, 58.04947662], [11.5033853, 58.04729211], [11.50438893, 58.04646862], [11.51419783, 58.04585135], [11.51420045, 58.0456109], [11.50664663, 58.04382455], [11.50417995, 58.04121816], [11.50435102, 58.03606665], [11.50925815, 58.03280103], [11.50855315, 58.03052855], [11.52044165, 58.02959406], [11.51764143, 58.02594805], [11.52240145, 58.02287996], [11.52018225, 58.01943231], [11.51349032, 58.01938915], [11.50985515, 58.02216351], [11.50929105, 58.02559304], [11.50346196, 58.02870965], [11.49554718, 58.03038597], [11.4920063, 58.02868831], [11.48528743, 58.02920234], [11.48561215, 58.02576113], [11.49099636, 58.0254817], [11.48665631, 58.02129567], [11.48446655, 58.02218235], [11.483006, 58.02150464], [11.48257506, 58.02104115], [11.48064685, 58.01811171], [11.48204005, 58.01644444], [11.47694683, 58.01229656], [11.47883761, 58.0096631], [11.47579408, 58.00918758], [11.47577894, 58.0078125], [11.47581732, 58.0078125], [11.47856045, 57.99890113], [11.48256755, 58.00151408], [11.48241842, 58.00500286], [11.48678815, 58.00514674], [11.48472583, 58.0078125], [11.48435736, 58.010728], [11.48810637, 58.01166821], [11.48866296, 58.01229441], [11.48876047, 58.01579988], [11.48895836, 58.01606953], [11.4916203, 58.01731765], [11.49863863, 58.01810551], [11.50450504, 58.01663041], [11.50263584, 58.01580977], [11.50763333, 58.01354516], [11.50539136, 58.01110506], [11.50722206, 58.00906825], [11.50722671, 58.00878894], [11.50620568, 58.0078125], [11.50462055, 58.00564694], [11.50496173, 58.00484777], [11.50862324, 58.00427937], [11.51208401, 58.00513411], [11.51196897, 58.0078125], [11.51209295, 58.0078125], [11.51109385, 58.01432836], [11.51311052, 58.01502037], [11.5152508, 58.0078125], [11.51563656, 58.0078125], [11.51790225, 58.00487936], [11.51911437, 58.00476336], [11.52109575, 58.00479484], [11.52643788, 58.00566244], [11.52707601, 58.00642335], [11.52663934, 58.0078125], [11.52682912, 58.0078125], [11.52587867, 58.01028275], [11.52113378, 58.01332486], [11.52109647, 58.01348424], [11.52217627, 58.01409316], [11.52399504, 58.01396871], [11.5274477, 58.01193607], [11.52745092, 58.01324523], [11.53137863, 58.01290476], [11.53382373, 58.01139832], [11.5337218, 58.00919163], [11.5375216, 58.00881851], [11.54205525, 58.00993264], [11.54238677, 58.01187408], [11.54713213, 58.01421046], [11.55486464, 58.0168997], [11.55924225, 58.01665962], [11.56390226, 58.0193752], [11.56803274, 58.01893604], [11.57550156, 58.02338254], [11.58266425, 58.02046347], [11.58251095, 58.02028251], [11.57547665, 58.01922262], [11.57152295, 58.01675522], [11.56438172, 58.01638734], [11.56238985, 58.01401424], [11.55553782, 58.01432645], [11.55103815, 58.01293755], [11.550529, 58.01218247], [11.5506618, 58.01160455], [11.55433726, 58.01049387], [11.55540741, 58.01035774], [11.56198215, 58.01067781], [11.56343782, 58.01094925], [11.56399751, 58.01130712], [11.56414413, 58.01366305], [11.56883633, 58.01214373], [11.57262015, 58.01601136], [11.58046496, 58.01249957], [11.58366847, 58.0078125], [11.58500612, 58.00764894], [11.58598804, 58.00737762], [11.58660662, 58.00664926], [11.58491063, 58.00367534], [11.58786333, 58.00223446], [11.58702898, 57.99998188], [11.57863545, 57.99894607], [11.57761574, 57.99899101], [11.57754874, 58.00176692], [11.57020354, 58.00588095], [11.56947446, 58.00600123], [11.56638205, 58.00552595], [11.56496012, 58.00115681], [11.56053484, 58.00210261], [11.5654881, 58.0054059], [11.56261384, 58.00622118], [11.5594244, 58.00601971], [11.55781496, 58.00205171], [11.55597806, 58.00691962], [11.54970968, 58.00423276], [11.54699457, 58.00662434], [11.54224873, 58.0060482], [11.53948724, 58.00438166], [11.54007804, 58.00212657], [11.5350908, 58.0004338], [11.53666067, 57.99792242], [11.54050314, 57.99605918], [11.5405488, 57.99318135], [11.54685044, 57.99370277], [11.54396594, 57.99147487], [11.5450294, 57.98834324], [11.54110205, 57.98991775], [11.53638971, 57.98841858], [11.54129064, 57.98584342], [11.53931856, 57.98564923], [11.53916156, 57.98255634], [11.54162383, 57.98178172], [11.54337215, 57.97906315], [11.53885567, 57.97745562], [11.53654015, 57.97809505], [11.53806806, 57.97850156], [11.5367583, 57.97974157], [11.53221214, 57.97972715], [11.52939045, 57.97824001], [11.52288234, 57.97966015], [11.51793325, 57.97758031], [11.51574671, 57.97263837], [11.51637256, 57.97131181], [11.52047885, 57.97128403], [11.52878821, 57.97544634], [11.53052902, 57.97431147], [11.52718353, 57.97201872], [11.52960825, 57.97017372], [11.53773475, 57.97183776], [11.53848565, 57.97377086], [11.54637814, 57.97317994], [11.52958596, 57.96861684], [11.53007555, 57.96736991], [11.53915131, 57.96799922], [11.54066885, 57.96675515], [11.53653622, 57.96528423], [11.53785634, 57.96387017], [11.53481495, 57.96485722], [11.53412747, 57.96646762], [11.52884388, 57.96502948], [11.53234136, 57.96441305], [11.52723014, 57.96231735], [11.5289849, 57.96059382], [11.52664244, 57.95922494], [11.53251648, 57.95704567], [11.53719425, 57.95714295], [11.53996253, 57.95865333], [11.54521182, 57.95745632], [11.49760591, 57.92872816], [11.45, 57.9], [11.38383234, 57.88670316], [11.31766467, 57.87340632], [11.25149701, 57.86010947], [11.19851873, 57.84946313], [11.14554045, 57.83881678], [11.05948108, 57.82152257], [10.97342172, 57.80422835], [10.88736235, 57.78693414], [10.80130299, 57.76963992], [10.72983111, 57.75527716], [10.6799592, 57.74525506], [10.6300873, 57.73523296], [10.6379745, 57.73873317], [10.64106941, 57.7415657], [10.6509068, 57.74327695], [10.65466476, 57.7449882], [10.65123832, 57.74492908], [10.62756145, 57.75090182], [10.62419558, 57.75136542], [10.60857284, 57.7518332], [10.60437262, 57.75159705], [10.58580315, 57.74988592], [10.57596564, 57.74805665], [10.55652475, 57.74246645], [10.546875, 57.73883915], [10.51912141, 57.72878957], [10.50853693, 57.72209823], [10.47098136, 57.70424104], [10.43998301, 57.691486], [10.40630221, 57.67382812], [10.36848557, 57.65625], [10.36823761, 57.65625], [10.33604133, 57.64180076], [10.32017517, 57.63343716], [10.31331563, 57.63100731], [10.27883303, 57.62096512], [10.24961042, 57.61055624], [10.1953125, 57.59905136], [10.1780411, 57.59517455], [10.16869831, 57.59353793], [10.12293255, 57.58907473], [10.09461701, 57.58736265], [10.08608246, 57.58741963], [10.05133796, 57.59092987], [10.03700137, 57.59018958], [9.99406266, 57.59076107], [9.98557413, 57.59256363], [9.98140955, 57.59599686], [9.95953393, 57.59733248], [9.97480571, 57.59565353], [9.98249054, 57.59159481], [9.97497976, 57.59450805], [9.97255003, 57.59370935], [9.9747647, 57.59161842], [9.96583545, 57.59439015], [9.96453905, 57.5942775], [9.96594048, 57.5930196], [9.96187627, 57.59352636], [9.95626855, 57.59696245], [9.95522726, 57.59936571], [9.95498705, 57.59925842], [9.95497656, 57.59355402], [9.94137824, 57.58778334], [9.93486714, 57.58308816], [9.92844558, 57.57687831], [9.92386544, 57.56876433], [9.91707444, 57.56546676], [9.91745508, 57.56196976], [9.91183245, 57.55901313], [9.89874017, 57.54366696], [9.87465656, 57.5217278], [9.84375, 57.50279021], [9.84375, 57.50223207], [9.80708384, 57.48459387], [9.79960978, 57.48046875], [9.799353, 57.48046875], [9.79116535, 57.47434521], [9.78482223, 57.46511042], [9.77361608, 57.45342624], [9.72648585, 57.38940501], [9.71289051, 57.37589574], [9.70338774, 57.3701179], [9.68983305, 57.35342181], [9.63918591, 57.3046875], [9.62762165, 57.29303384], [9.62295902, 57.28901315], [9.60758102, 57.27854824], [9.58242714, 57.25652373], [9.56154585, 57.24016595], [9.54097724, 57.22565615], [9.53414321, 57.22108996], [9.51305854, 57.21049631], [9.4921875, 57.20228791], [9.44882822, 57.18421751], [9.40546894, 57.16614711], [9.39683855, 57.16306651], [9.39487231, 57.16252506], [9.37345386, 57.15799105], [9.35546875, 57.15577173], [9.31825685, 57.15436375], [9.28671944, 57.14683032], [9.28260374, 57.14599335], [9.26540566, 57.14348185], [9.25788164, 57.14260745], [9.22547114, 57.14143252], [9.20537341, 57.1400367], [9.19425452, 57.13839996], [9.15956068, 57.13842356], [9.14902723, 57.13875341], [9.140625, 57.13950884], [9.11940336, 57.14121246], [9.10041726, 57.14374197], [9.07107425, 57.14934266], [9.04207313, 57.15701997], [9.02809095, 57.15896773], [9.01187277, 57.15652895], [8.97595024, 57.15789461], [8.96142137, 57.15452445], [8.94938755, 57.14779973], [8.94405246, 57.14541125], [8.92426038, 57.13776433], [8.90059614, 57.12890625], [8.90010905, 57.12890625], [8.87944162, 57.12115383], [8.87718594, 57.12039936], [8.85790944, 57.11502266], [8.85072541, 57.11320984], [8.83871663, 57.1108371], [8.7890625, 57.10379457], [8.75289452, 57.09880185], [8.74023211, 57.09880185], [8.73149467, 57.10088885], [8.72964466, 57.10292447], [8.71874952, 57.10372055], [8.67454386, 57.11517072], [8.62005937, 57.12540174], [8.61772275, 57.12551367], [8.59841216, 57.12102866], [8.59477925, 57.12271655], [8.59269168, 57.12069483], [8.59263301, 57.12063801], [8.59257101, 57.12076145], [8.59173584, 57.12242424], [8.59004292, 57.12215718], [8.51450714, 57.16385954], [8.43897136, 57.2055619], [8.36343558, 57.24726426], [8.2878998, 57.28896662], [8.21236402, 57.33066898], [8.13682824, 57.37237134], [8.06129246, 57.4140737], [7.98575668, 57.45577606], [7.9102209, 57.49747842], [7.83468512, 57.53918078], [7.75914934, 57.58088314], [7.68361356, 57.6225855], [7.60807778, 57.66428786], [7.532542, 57.70599022], [7.45700622, 57.74769258], [7.38147044, 57.78939494], [7.30593466, 57.8310973], [7.23039888, 57.87279966], [7.1548631, 57.91450202], [7.07932732, 57.95620438], [7.00379154, 57.99790674], [7.00602865, 57.99866295], [7.00348115, 58.0078125], [7.00283015, 58.0078125], [7.00292337, 58.00794077], [6.99950612, 58.01061034], [6.99942637, 58.01377153], [6.99822116, 58.01806355], [7.00002158, 58.01977241], [7.00377095, 58.01687646], [7.00327754, 58.01477695], [7.00770426, 58.01323807], [7.01181281, 58.01362896], [7.01321065, 58.01154566], [7.01827002, 58.01267302], [7.01790655, 58.01598978], [7.02182281, 58.01300705], [7.02379596, 58.01334834], [7.02479541, 58.01589692], [7.02277827, 58.02051365], [7.02439225, 58.02613235], [7.01759446, 58.02838814], [7.02015614, 58.02978504], [7.01967883, 58.03168881], [7.01937616, 58.03195643], [7.01603401, 58.03275454], [7.01740921, 58.03500032], [7.01783717, 58.03534615], [7.02807331, 58.03892016], [7.02799904, 58.04151881], [7.03125, 58.04073656], [7.03178537, 58.04081464], [7.03405392, 58.04381001], [7.03825486, 58.04448354], [7.03959894, 58.04510522], [7.04153371, 58.04678047], [7.04377842, 58.04898167], [7.04341924, 58.05203593], [7.04451632, 58.05310845], [7.04844773, 58.05394351], [7.05083132, 58.05733073], [7.05136132, 58.05746794], [7.05847681, 58.05531585], [7.06773663, 58.06164098], [7.06901515, 58.0586673], [7.07552552, 58.05775142], [7.08092523, 58.06186426], [7.08947957, 58.06509435], [7.09085214, 58.06766152], [7.09497774, 58.06905484], [7.09348917, 58.07128322], [7.09545994, 58.07388628], [7.10006762, 58.07204473], [7.09750795, 58.07081521], [7.09869456, 58.06733334], [7.10489154, 58.06796634], [7.10729396, 58.06972265], [7.10645711, 58.07329285], [7.10908472, 58.07298374], [7.11005247, 58.07505298], [7.10905874, 58.07659543], [7.10624206, 58.07594967], [7.10220575, 58.07771254], [7.10257316, 58.07782674], [7.11249113, 58.07914376], [7.11633575, 58.07622516], [7.12405777, 58.07454884], [7.12672782, 58.07535195], [7.13098121, 58.08007813], [7.13580644, 58.08012915], [7.12471294, 58.07157314], [7.12737572, 58.07098627], [7.13100934, 58.07222271], [7.13276911, 58.07092094], [7.14376104, 58.07068157], [7.14362705, 58.0704447], [7.13217855, 58.06797004], [7.12626302, 58.06796646], [7.12415922, 58.06534433], [7.1189599, 58.06414175], [7.11628437, 58.06177545], [7.11243296, 58.06071305], [7.11256766, 58.05712664], [7.10903454, 58.0574156], [7.08531153, 58.05244505], [7.08201206, 58.04939735], [7.07770896, 58.04900086], [7.07375026, 58.04595542], [7.06409633, 58.04230046], [7.05955601, 58.03707445], [7.05602086, 58.03636456], [7.04424703, 58.02834785], [7.03834867, 58.02101994], [7.03687215, 58.01342022], [7.03381026, 58.01041508], [7.03629994, 58.00872135], [7.03493404, 58.0078125], [7.03544045, 58.0078125], [7.03340387, 58.00599456], [7.03746164, 58.00437963], [7.03353775, 58.00277507], [7.03529775, 58.00151134], [7.03519774, 58.00143695], [7.03125, 58.00027895], [7.0276767, 57.99677765], [7.03124905, 57.99190843], [7.03125, 57.98967636], [7.03454018, 57.98733485], [7.03954184, 57.98748624], [7.0459249, 57.98124146], [7.04685748, 57.98087347], [7.05526292, 57.97910917], [7.06253946, 57.98562992], [7.06612563, 57.98454154], [7.06999636, 57.98722017], [7.08366025, 57.98875344], [7.08665311, 57.99147093], [7.09402466, 57.99453855], [7.09749734, 57.99881661], [7.1014086, 57.99904871], [7.10450566, 58.0009557], [7.10824382, 58.00550425], [7.11145937, 58.00627327], [7.11141252, 58.0078125], [7.11124516, 58.0078125], [7.11447096, 58.01269472], [7.11689246, 58.01406813], [7.11645055, 58.01773763], [7.10521364, 58.03027153], [7.10742867, 58.03362405], [7.10604608, 58.03924716], [7.10646391, 58.03955567], [7.10878503, 58.03906262], [7.10911906, 58.03887987], [7.11053872, 58.03659987], [7.11588073, 58.03531933], [7.11348617, 58.03340483], [7.12001014, 58.02507627], [7.12367225, 58.02604854], [7.12850273, 58.03164744], [7.12495983, 58.03694332], [7.13001466, 58.03724027], [7.13271976, 58.03897715], [7.1313467, 58.0411185], [7.13265622, 58.04260004], [7.14089644, 58.04266727], [7.14233446, 58.04146898], [7.14121795, 58.03744245], [7.13822198, 58.03419137], [7.13954675, 58.03166604], [7.13639653, 58.02688277], [7.13838887, 58.02605844], [7.13861775, 58.02855635], [7.14484155, 58.02774084], [7.14791691, 58.02969217], [7.14854324, 58.03607595], [7.14595795, 58.04003167], [7.14864385, 58.04037738], [7.15137994, 58.03754544], [7.15415704, 58.03769386], [7.1535573, 58.04285336], [7.15506387, 58.04458058], [7.16068566, 58.04378045], [7.16212654, 58.04545796], [7.16697192, 58.04559732], [7.16831613, 58.04094517], [7.17170262, 58.03996575], [7.17259371, 58.04182255], [7.17738485, 58.04235315], [7.17672145, 58.04422176], [7.17367685, 58.04530263], [7.17665005, 58.04852402], [7.17868257, 58.04755342], [7.17592561, 58.05372453], [7.18011343, 58.05747521], [7.18010485, 58.05366743], [7.18490112, 58.05056584], [7.19480944, 58.04902565], [7.19701123, 58.0507164], [7.20096552, 58.04893851], [7.19694912, 58.04818964], [7.19703054, 58.04500175], [7.19374645, 58.04366255], [7.19521666, 58.041875], [7.20006025, 58.04085886], [7.20215416, 58.03814375], [7.19761264, 58.03159344], [7.19781315, 58.02675974], [7.20064926, 58.0282104], [7.20561326, 58.02731407], [7.21316588, 58.03288937], [7.22467267, 58.03205872], [7.22795594, 58.03473854], [7.22445536, 58.03738844], [7.23548555, 58.03825593], [7.23883176, 58.03965795], [7.23989677, 58.04202867], [7.24676085, 58.0435518], [7.24598742, 58.04924297], [7.24842143, 58.05019414], [7.25819337, 58.04322827], [7.25289595, 58.04120863], [7.25187707, 58.03473675], [7.25287914, 58.03362036], [7.25734842, 58.03330576], [7.2573477, 58.03144085], [7.2642802, 58.03049028], [7.26211536, 58.02712774], [7.26745832, 58.02568543], [7.26793778, 58.02930176], [7.26517165, 58.03009045], [7.26885331, 58.03192604], [7.26766574, 58.03519106], [7.27025533, 58.03584695], [7.27112865, 58.04099965], [7.26673365, 58.04809213], [7.27401388, 58.05397952], [7.27856362, 58.05230474], [7.27862024, 58.06089663], [7.28267264, 58.06393611], [7.27977276, 58.05726194], [7.28543007, 58.05081666], [7.28075623, 58.04942381], [7.27551675, 58.04207015], [7.27634346, 58.03966534], [7.27443445, 58.03656781], [7.27602494, 58.03457105], [7.27417195, 58.03313422], [7.27697754, 58.03245485], [7.27689195, 58.03033435], [7.27400732, 58.02691746], [7.27616465, 58.02551496], [7.27996111, 58.02496636], [7.28088105, 58.02827442], [7.28778446, 58.02823222], [7.28898156, 58.02981663], [7.29639578, 58.02891696], [7.29802406, 58.03258622], [7.29559314, 58.03531682], [7.29782426, 58.03927946], [7.29956102, 58.03829801], [7.2982316, 58.03673434], [7.30109394, 58.03466463], [7.30040085, 58.03273475], [7.30379868, 58.03156376], [7.30266213, 58.02946031], [7.29903615, 58.02832234], [7.30285215, 58.02681363], [7.30879271, 58.02727222], [7.32012653, 58.02580905], [7.32117975, 58.02999568], [7.31764567, 58.0351758], [7.31915843, 58.03967166], [7.31718338, 58.04201186], [7.32013285, 58.04516387], [7.32312667, 58.0441761], [7.32396162, 58.03874195], [7.32763934, 58.03650963], [7.33443975, 58.03729725], [7.33130634, 58.03464961], [7.33182967, 58.03261661], [7.33764613, 58.02779508], [7.34211624, 58.02647376], [7.3484019, 58.02686787], [7.36014354, 58.02396655], [7.36050475, 58.02298307], [7.36407554, 58.02368855], [7.36438215, 58.0210675], [7.36636722, 58.01992285], [7.36912262, 58.01911044], [7.37618411, 58.01771927], [7.37678194, 58.01765144], [7.37984633, 58.01837504], [7.38181245, 58.01681542], [7.3828125, 58.01674104], [7.3884629, 58.01724017], [7.38957047, 58.01687825], [7.39088047, 58.01503015], [7.39087057, 58.0148164], [7.38907051, 58.01437592], [7.40136087, 58.01031208], [7.40281153, 58.0078125], [7.40455484, 58.00725436], [7.41039765, 58.00706756], [7.41096008, 58.0071274], [7.41281104, 58.0078125], [7.41281104, 58.00823104], [7.41447485, 58.00895822], [7.42123175, 58.0078125], [7.42228425, 58.0078125], [7.42356277, 58.00987375], [7.42625904, 58.01064837], [7.42646611, 58.0109601], [7.42545855, 58.01205087], [7.41958261, 58.01428068], [7.41835284, 58.01459706], [7.40548122, 58.01670742], [7.41060126, 58.01320434], [7.41063416, 58.01296544], [7.41017044, 58.01220906], [7.40951622, 58.01159096], [7.40845466, 58.01146972], [7.40355146, 58.01173854], [7.40242815, 58.01210308], [7.40296376, 58.01604867], [7.39566696, 58.02020836], [7.41307664, 58.01678181], [7.42389441, 58.02015173], [7.42583191, 58.02136171], [7.42533076, 58.02192581], [7.42186415, 58.02272546], [7.41247725, 58.02318132], [7.40466011, 58.0268054], [7.40446591, 58.02694821], [7.40940273, 58.02717924], [7.41031241, 58.02549565], [7.4109199, 58.02531743], [7.41312242, 58.02486324], [7.41780508, 58.02486444], [7.41989386, 58.0254426], [7.41973341, 58.02617705], [7.40980053, 58.02915823], [7.41772616, 58.02954376], [7.42248476, 58.02795124], [7.42474735, 58.03016233], [7.42774558, 58.02953124], [7.42839742, 58.02865875], [7.42826736, 58.02848804], [7.42367923, 58.02550137], [7.43282795, 58.02248406], [7.43115962, 58.02080381], [7.42787182, 58.02122891], [7.42638862, 58.02028954], [7.42663026, 58.01993775], [7.43006444, 58.01912463], [7.43087423, 58.01417387], [7.4404124, 58.01395273], [7.44157922, 58.01063621], [7.44427538, 58.01176882], [7.44096124, 58.01592386], [7.44551897, 58.01672375], [7.44261336, 58.01807272], [7.45236957, 58.0205729], [7.45738006, 58.02069235], [7.45698512, 58.01845145], [7.46175683, 58.01609266], [7.46466303, 58.01863825], [7.46883893, 58.0178349], [7.47109735, 58.01893961], [7.47573185, 58.01851845], [7.47621202, 58.01836205], [7.47684801, 58.01695394], [7.47407818, 58.01668942], [7.47374511, 58.01630747], [7.47129154, 58.01122606], [7.47196448, 58.01102316], [7.48058546, 58.01250482], [7.48418546, 58.01167727], [7.48540032, 58.01218152], [7.48541236, 58.01236296], [7.48141515, 58.01343667], [7.48260701, 58.01737988], [7.48206067, 58.01801515], [7.47762716, 58.01865828], [7.47726262, 58.01903391], [7.47753251, 58.02090681], [7.47905946, 58.02105916], [7.48071873, 58.02063751], [7.48243213, 58.01899028], [7.48834491, 58.01908386], [7.48919213, 58.01678026], [7.49296165, 58.01579356], [7.50251114, 58.01867354], [7.5027163, 58.01854634], [7.50351214, 58.01621676], [7.50104284, 58.01555443], [7.49907637, 58.01174867], [7.50223064, 58.00933397], [7.49898148, 58.00851655], [7.49860275, 58.0078125], [7.49849522, 58.00627434], [7.50880086, 58.00469387], [7.51084387, 58.00295961], [7.5052855, 58.00355995], [7.50087547, 57.9996891], [7.49815035, 57.99957085], [7.49612665, 57.99367797], [7.49708056, 57.99088573], [7.49734223, 57.99059296], [7.50385153, 57.99033976], [7.50265753, 57.98631215], [7.50510323, 57.98454082], [7.5090667, 57.98485434], [7.50792217, 57.98135066], [7.51124775, 57.97745025], [7.51360595, 57.97703552], [7.51982331, 57.97903585], [7.51931226, 57.97444236], [7.52965105, 57.97344995], [7.53471291, 57.97413862], [7.53435314, 57.9772495], [7.54175282, 57.97856367], [7.54253054, 57.9810971], [7.53712034, 57.98202992], [7.54071784, 57.98289156], [7.54537201, 57.98686385], [7.54287457, 57.98911834], [7.53546691, 57.98918498], [7.53379285, 57.98696041], [7.53475475, 57.98984051], [7.54157364, 57.99103475], [7.54381824, 57.98914385], [7.54601824, 57.98911834], [7.55036604, 57.99140191], [7.54858375, 57.99325955], [7.54094994, 57.99569404], [7.54608655, 57.99671197], [7.54534018, 57.99747825], [7.53383636, 57.99872673], [7.52912915, 58.00068808], [7.52482307, 58.00041687], [7.51582921, 58.00326896], [7.51494634, 58.00398612], [7.51869726, 58.00454354], [7.51857471, 58.0065701], [7.51914215, 58.00669408], [7.52281535, 58.00523675], [7.52600765, 58.00528753], [7.52454495, 58.00637901], [7.52758408, 58.00516582], [7.52915657, 58.00521195], [7.53241706, 58.00756824], [7.53388226, 58.00536764], [7.53447402, 58.00540996], [7.53632546, 58.0078125], [7.53685033, 58.0078125], [7.53941023, 58.00570297], [7.54758275, 58.0056293], [7.54816103, 58.00564635], [7.55177856, 58.00626075], [7.55223167, 58.00772071], [7.55204451, 58.0078125], [7.54680407, 58.0078125], [7.54669285, 58.00763798], [7.54646826, 58.00756836], [7.54609394, 58.00756836], [7.54586947, 58.00763798], [7.54575634, 58.0078125], [7.54418135, 58.00843096], [7.55136848, 58.00921941], [7.55733585, 58.00913274], [7.55964625, 58.0078125], [7.56269634, 58.00735164], [7.58243203, 58.0078125], [7.58049965, 58.00423324], [7.57480586, 58.00662828], [7.56965184, 58.00624955], [7.56872594, 58.00529885], [7.57142246, 58.0033406], [7.57487655, 58.00346017], [7.57717586, 58.00216556], [7.58165646, 58.00259554], [7.58468413, 58.00083995], [7.59457445, 58.00026882], [7.59599614, 58.00044382], [7.59838462, 58.00113976], [7.59615254, 58.00336993], [7.60321045, 58.00515664], [7.60412896, 58.00561786], [7.60402191, 58.00632048], [7.60302281, 58.00695264], [7.60179114, 58.00718784], [7.60048068, 58.00710905], [7.59576297, 58.0065695], [7.5936228, 58.00451124], [7.59243906, 58.00607562], [7.59500635, 58.0078125], [7.59543407, 58.0078125], [7.59557188, 58.00795865], [7.5925256, 58.00840783], [7.59229994, 58.00865042], [7.59353364, 58.00958884], [7.59692442, 58.00942922], [7.60089958, 58.01083374], [7.60569155, 58.01020706], [7.60728753, 58.01202226], [7.61982131, 58.00805402], [7.62270045, 58.00974333], [7.62688375, 58.00989282], [7.62644374, 58.0078125], [7.62722874, 58.00725436], [7.6324681, 58.00725436], [7.63332713, 58.0078125], [7.63616705, 58.00923407], [7.63787794, 58.01223123], [7.64069653, 58.01322842], [7.63673401, 58.01388383], [7.62884903, 58.01262665], [7.62970912, 58.01424384], [7.63632107, 58.01525104], [7.63644314, 58.01567328], [7.63251436, 58.01738405], [7.62835658, 58.01697588], [7.62733161, 58.01794052], [7.62663317, 58.01794505], [7.62332785, 58.01712215], [7.62268341, 58.01674056], [7.61889052, 58.01245701], [7.6183182, 58.01226926], [7.61440575, 58.01366556], [7.61335051, 58.01521862], [7.61365974, 58.01553535], [7.61949778, 58.01640451], [7.63152564, 58.02077877], [7.63441181, 58.01775205], [7.64546287, 58.01693273], [7.64774191, 58.0143826], [7.64831567, 58.01424742], [7.65177655, 58.01644826], [7.65735531, 58.01311708], [7.65900433, 58.01434684], [7.66009486, 58.01425433], [7.66296935, 58.01237524], [7.66664696, 58.01306474], [7.66768575, 58.01172018], [7.66898823, 58.01173782], [7.66949356, 58.01209021], [7.66880655, 58.01454616], [7.67268085, 58.01601982], [7.66734433, 58.01702178], [7.65277922, 58.02402306], [7.65722096, 58.02497447], [7.65953147, 58.02296782], [7.66245067, 58.02303052], [7.67027426, 58.01893055], [7.67607248, 58.02011037], [7.67747736, 58.02611494], [7.67560625, 58.02734256], [7.68127692, 58.02921855], [7.67551851, 58.0316627], [7.68185794, 58.03602254], [7.68202186, 58.03800404], [7.67967057, 58.03976071], [7.67398012, 58.04096031], [7.66867018, 58.04005134], [7.66291785, 58.04298472], [7.66900563, 58.04413974], [7.68465054, 58.04147375], [7.68942988, 58.04313982], [7.69013774, 58.04614782], [7.68290162, 58.04635096], [7.68144858, 58.04810953], [7.69884038, 58.04792154], [7.7013638, 58.04585433], [7.70898712, 58.05059731], [7.69760025, 58.06211627], [7.69270456, 58.06446302], [7.69063854, 58.06932747], [7.693699, 58.07063794], [7.70060015, 58.06966162], [7.7026298, 58.06628323], [7.70107722, 58.06008601], [7.70816636, 58.05484736], [7.71586585, 58.05190706], [7.71317518, 58.05056608], [7.71255052, 58.05249953], [7.70970976, 58.05304253], [7.71208036, 58.04836726], [7.71257508, 58.04800642], [7.71438491, 58.04762578], [7.71532142, 58.04770541], [7.71629453, 58.04899323], [7.72772324, 58.04915082], [7.72126687, 58.05031061], [7.72389185, 58.05261326], [7.72123468, 58.05423915], [7.72881246, 58.05418324], [7.72927678, 58.05324507], [7.72427166, 58.05216003], [7.72748804, 58.05151856], [7.72843981, 58.05142212], [7.734375, 58.05273426], [7.73574698, 58.05285895], [7.73585892, 58.05310798], [7.73537123, 58.05421412], [7.73437405, 58.05440843], [7.72919333, 58.05701113], [7.7341119, 58.05831456], [7.734375, 58.05831456], [7.73437405, 58.05887282], [7.7341119, 58.05998886], [7.73437405, 58.05998886], [7.73871791, 58.06018722], [7.74161482, 58.05860782], [7.73800004, 58.05798542], [7.74075925, 58.05695581], [7.74211562, 58.05674255], [7.74672806, 58.05772805], [7.74692643, 58.058272], [7.74396503, 58.06056488], [7.74678886, 58.06231344], [7.74575424, 58.06411362], [7.73849046, 58.06291473], [7.73779833, 58.06528342], [7.74275816, 58.06493485], [7.74786437, 58.06643355], [7.75123274, 58.06116855], [7.75642455, 58.06098747], [7.75439322, 58.06382895], [7.75678515, 58.06569815], [7.75332403, 58.06555605], [7.75018334, 58.06926668], [7.75751436, 58.07066596], [7.75826383, 58.06847405], [7.76518381, 58.06753862], [7.77011228, 58.06988037], [7.77079594, 58.07360685], [7.78319335, 58.07771897], [7.78538215, 58.07981873], [7.78766227, 58.07769001], [7.78296316, 58.07386482], [7.78509593, 58.06687081], [7.79684496, 58.06797946], [7.7962265, 58.07210827], [7.79845524, 58.07296956], [7.80388916, 58.0727216], [7.80329335, 58.07495213], [7.800897, 58.07491612], [7.80392551, 58.07730675], [7.80921721, 58.07549524], [7.81726718, 58.07724404], [7.81698596, 58.07517254], [7.82166982, 58.07236874], [7.81816423, 58.0700469], [7.81683135, 58.06532371], [7.83038676, 58.06396377], [7.83819294, 58.06436348], [7.83811903, 58.0620712], [7.84331143, 58.06314445], [7.84269071, 58.06430447], [7.83859146, 58.06441724], [7.84109712, 58.06982863], [7.83830082, 58.07269478], [7.84378994, 58.07535326], [7.85177517, 58.07548583], [7.85784376, 58.07021964], [7.85996735, 58.07119465], [7.86637712, 58.07066572], [7.86977756, 58.07251787], [7.87729681, 58.07207847], [7.87885284, 58.07354236], [7.88570392, 58.07333624], [7.8920356, 58.07125914], [7.89656615, 58.07324231], [7.89880216, 58.07308531], [7.89734435, 58.07149768], [7.90332723, 58.07285273], [7.90401125, 58.06963074], [7.91107166, 58.06967521], [7.91240692, 58.07123053], [7.91837215, 58.07237577], [7.9167695, 58.07525682], [7.92064643, 58.07533193], [7.92303431, 58.0774343], [7.91968894, 58.08036923], [7.92852616, 58.08388901], [7.92545426, 58.08641911], [7.92789686, 58.08763754], [7.92594671, 58.09037065], [7.92975652, 58.09096086], [7.9335705, 58.09442461], [7.93026447, 58.08947682], [7.94198883, 58.08480406], [7.94388795, 58.07714987], [7.94452095, 58.07677984], [7.94940555, 58.07537031], [7.95118904, 58.07543242], [7.95243335, 58.07575524], [7.95274997, 58.07620883], [7.95183384, 58.07769585], [7.95625925, 58.07773292], [7.95999587, 58.08018971], [7.96010017, 58.08039427], [7.95337951, 58.08465505], [7.95290875, 58.08609354], [7.95355046, 58.08643126], [7.9605093, 58.08604252], [7.96273494, 58.08259773], [7.96756208, 58.08306813], [7.9668318, 58.08451307], [7.97158205, 58.08564425], [7.96914113, 58.08788228], [7.97389305, 58.08708465], [7.97538996, 58.08778274], [7.97296286, 58.08933544], [7.97524595, 58.08982933], [7.97804022, 58.09302425], [7.97330511, 58.09448731], [7.97278202, 58.09950685], [7.97732615, 58.09912455], [7.98366785, 58.10040975], [7.9879142, 58.09819508], [7.99054933, 58.10217464], [7.99019504, 58.10431814], [7.98300326, 58.10542476], [7.98251987, 58.10303736], [7.98051202, 58.10292625], [7.9781779, 58.10678112], [7.98299742, 58.10745585], [7.99001026, 58.1058737], [7.99003375, 58.10835958], [7.99412, 58.10999393], [7.99415934, 58.11029065], [7.98934793, 58.11154854], [7.98891997, 58.11157215], [7.98668361, 58.11030364], [7.98611772, 58.11053741], [7.98559952, 58.11192215], [7.9883846, 58.11231041], [7.98854327, 58.11342025], [7.98168445, 58.11560535], [7.97855651, 58.11589074], [7.96462667, 58.11516941], [7.9639101, 58.11504245], [7.95876443, 58.11235273], [7.95437884, 58.11371982], [7.96151471, 58.11486006], [7.96719372, 58.11762834], [7.96435595, 58.11953104], [7.97081411, 58.12108684], [7.97902405, 58.12651706], [7.97812247, 58.12885737], [7.98088706, 58.13044202], [7.9729017, 58.13252664], [7.96756268, 58.13496995], [7.96807647, 58.13588941], [7.96837246, 58.13611925], [7.97831976, 58.13636231], [7.97937512, 58.14020514], [7.98663151, 58.14437985], [7.99006903, 58.14226222], [7.98713171, 58.13959456], [7.99493051, 58.13778341], [7.99413431, 58.13582635], [7.99757087, 58.13475001], [7.99724364, 58.13258743], [8.00692368, 58.12951791], [8.00766313, 58.12952638], [8.01084745, 58.13013923], [8.01314104, 58.13128734], [8.01352096, 58.13292885], [8.00549674, 58.13705838], [8.00021636, 58.14107442], [8.00103796, 58.14204752], [8.00645685, 58.14555073], [8.00681436, 58.14562511], [8.01098561, 58.14343846], [8.01356053, 58.14432335], [8.01749468, 58.14213276], [8.02016318, 58.14351332], [8.02577901, 58.14248371], [8.02656782, 58.14533472], [8.02931392, 58.14427841], [8.03143132, 58.1455127], [8.03633344, 58.14457417], [8.0368458, 58.14488947], [8.03896308, 58.14697385], [8.03832197, 58.15087354], [8.03727508, 58.15141428], [8.03426445, 58.14988255], [8.03513706, 58.15189004], [8.03010762, 58.15303695], [8.03325474, 58.15456545], [8.03229785, 58.15550411], [8.037202, 58.15744781], [8.04536796, 58.15826964], [8.04255366, 58.16345871], [8.05053175, 58.16193223], [8.0455147, 58.16680562], [8.04703867, 58.16778076], [8.04641438, 58.17060447], [8.04339874, 58.17372274], [8.04871047, 58.17674673], [8.04851902, 58.17705858], [8.04665792, 58.17881787], [8.0382421, 58.18146682], [8.03780484, 58.18205535], [8.03842294, 58.18247044], [8.04233778, 58.18263686], [8.04743707, 58.1811583], [8.04851127, 58.18134356], [8.05120134, 58.18359375], [8.05152237, 58.18359375], [8.05146635, 58.18482864], [8.04985344, 58.18842876], [8.04372716, 58.19067931], [8.03647172, 58.19741321], [8.04356182, 58.1979773], [8.04481602, 58.19989884], [8.05465543, 58.19992006], [8.05422986, 58.20490825], [8.05006087, 58.20812511], [8.05153716, 58.20879686], [8.04603326, 58.21025205], [8.04581845, 58.21075594], [8.04625714, 58.21226037], [8.05032921, 58.21424317], [8.05068874, 58.21506321], [8.05043185, 58.21616304], [8.04469907, 58.21972573], [8.04406512, 58.22221017], [8.04127955, 58.22425616], [8.03292084, 58.2283653], [8.03195333, 58.22877765], [8.02521217, 58.22982335], [8.02485156, 58.22992897], [8.02337015, 58.23118401], [8.03159845, 58.23559821], [8.03862667, 58.22995281], [8.04412186, 58.22860181], [8.04717565, 58.22219098], [8.05278563, 58.21743846], [8.05860221, 58.21537995], [8.06127036, 58.20927775], [8.0650568, 58.20639527], [8.06428421, 58.20465982], [8.07003522, 58.20044637], [8.07293427, 58.19521821], [8.0859375, 58.19810271], [8.08975494, 58.19916606], [8.09012353, 58.19886506], [8.0859375, 58.19670761], [8.07569897, 58.19209838], [8.07548904, 58.19174898], [8.07613432, 58.19023335], [8.0830245, 58.19029021], [8.08542466, 58.18895078], [8.0859375, 58.18805802], [8.08620894, 58.18811572], [8.08677554, 58.18626583], [8.08593655, 58.18554676], [8.08107865, 58.1842941], [8.08117235, 58.18359375], [8.08119977, 58.18359375], [8.08211803, 58.17955256], [8.07979453, 58.17646265], [8.07167673, 58.17456555], [8.07472026, 58.17201745], [8.08207393, 58.16934836], [8.08593655, 58.16936386], [8.08542955, 58.16785896], [8.0859375, 58.16768956], [8.08815265, 58.16737735], [8.08839405, 58.16697061], [8.08616567, 58.16570711], [8.0859375, 58.16573656], [8.08055735, 58.16780555], [8.07646275, 58.16724515], [8.07573461, 58.16673374], [8.07549822, 58.16554451], [8.07908046, 58.16187656], [8.07268977, 58.16216445], [8.07302046, 58.16372371], [8.06862593, 58.16503465], [8.06123781, 58.16274965], [8.0519278, 58.15498471], [8.04944003, 58.15166354], [8.05039835, 58.15023124], [8.04719317, 58.14967251], [8.05122387, 58.14299464], [8.05867362, 58.13668585], [8.05781472, 58.13526106], [8.06096327, 58.13384724], [8.06318307, 58.13518631], [8.06067717, 58.13667011], [8.06559026, 58.13769805], [8.06612265, 58.14125705], [8.07522166, 58.14101374], [8.06868803, 58.13577378], [8.06422996, 58.12772107], [8.05955315, 58.12394643], [8.05967057, 58.12111175], [8.06376362, 58.12150514], [8.06240427, 58.11895835], [8.06668794, 58.1182605], [8.07189703, 58.12402773], [8.07546222, 58.12307406], [8.07788372, 58.12370086], [8.07953644, 58.12728608], [8.07614565, 58.12963176], [8.08522952, 58.13031125], [8.0859375, 58.13058031], [8.0859375, 58.13113844], [8.08369935, 58.13324118], [8.08462083, 58.13364947], [8.0859375, 58.13364947], [8.08724928, 58.13361907], [8.09062123, 58.13210785], [8.0859375, 58.13030136], [8.08557367, 58.13007653], [8.08395362, 58.12675977], [8.0859375, 58.12416291], [8.08757043, 58.12179506], [8.09251416, 58.11958385], [8.09442925, 58.11896551], [8.09924245, 58.11862862], [8.10323465, 58.11624324], [8.11401892, 58.11495936], [8.11420715, 58.11009753], [8.11618733, 58.10912836], [8.11883652, 58.10858655], [8.12362564, 58.10836434], [8.1251049, 58.10862243], [8.12629175, 58.10942471], [8.1265769, 58.10982251], [8.12236846, 58.11287963], [8.12941921, 58.11456418], [8.13236356, 58.11402583], [8.13230205, 58.11234546], [8.13837802, 58.10647476], [8.14185905, 58.10445285], [8.14678895, 58.10407627], [8.14991617, 58.10742855], [8.15376556, 58.10787523], [8.15622592, 58.10990274], [8.15499377, 58.11431634], [8.15789485, 58.11585236], [8.15627015, 58.11677563], [8.15744185, 58.11810565], [8.16507196, 58.11754656], [8.16737151, 58.11890078], [8.15917921, 58.1228621], [8.16412175, 58.12196422], [8.16524184, 58.12350476], [8.14920664, 58.12822163], [8.16660905, 58.12822235], [8.17017543, 58.12463951], [8.17087126, 58.1245203], [8.17375445, 58.12514627], [8.17495346, 58.12764645], [8.18059218, 58.12917316], [8.17882645, 58.13068473], [8.17974186, 58.13314044], [8.18312585, 58.13293076], [8.18347836, 58.13317537], [8.18329406, 58.13374555], [8.17558444, 58.13490808], [8.1825031, 58.13549602], [8.18313932, 58.13570762], [8.18455374, 58.13717055], [8.18467557, 58.13813293], [8.18422985, 58.13854575], [8.17883313, 58.14022696], [8.1851511, 58.14197695], [8.18577814, 58.14387274], [8.18549705, 58.14556432], [8.18900847, 58.14487708], [8.19180214, 58.14554262], [8.18972182, 58.14646637], [8.1898874, 58.14689791], [8.19057655, 58.14838004], [8.19575632, 58.15372705], [8.19584894, 58.15486646], [8.19530582, 58.15568745], [8.18834102, 58.15708828], [8.18561375, 58.15903103], [8.18638647, 58.16315162], [8.18963134, 58.16485715], [8.19978774, 58.16103125], [8.19983494, 58.16298425], [8.20638824, 58.16360795], [8.20679045, 58.16342068], [8.205392, 58.1611886], [8.20019913, 58.15877068], [8.20111465, 58.15526927], [8.20628464, 58.15419841], [8.20661831, 58.15291882], [8.20470905, 58.1518476], [8.19928837, 58.15275621], [8.19593143, 58.15025115], [8.19593716, 58.14735734], [8.19173765, 58.14655614], [8.19647455, 58.14522314], [8.19701815, 58.14130783], [8.20447958, 58.14240825], [8.20432532, 58.14549196], [8.20699334, 58.14668655], [8.2102741, 58.14330804], [8.21051836, 58.14282966], [8.20549667, 58.13678575], [8.20619595, 58.13486826], [8.20222902, 58.13246441], [8.20849967, 58.13067651], [8.2086364, 58.13047493], [8.20353174, 58.13006544], [8.20792818, 58.12466502], [8.20210767, 58.12236035], [8.20506167, 58.12130165], [8.20563781, 58.12077403], [8.20561683, 58.11957395], [8.20494115, 58.11903083], [8.20337248, 58.11865675], [8.19967306, 58.11909807], [8.20323873, 58.11683714], [8.20147002, 58.11275542], [8.20424986, 58.11260355], [8.20358861, 58.11425984], [8.20615721, 58.11603713], [8.20924127, 58.11453295], [8.20552516, 58.11223233], [8.20560873, 58.11201906], [8.20994675, 58.11142111], [8.20870852, 58.10978055], [8.20895946, 58.10935032], [8.21127236, 58.10794187], [8.21290386, 58.10800505], [8.22000325, 58.11066258], [8.21999514, 58.11125433], [8.21837807, 58.11215377], [8.21202457, 58.11283302], [8.21181095, 58.11314905], [8.21566176, 58.11455512], [8.21897817, 58.12046111], [8.21761167, 58.12212133], [8.2113384, 58.12304533], [8.21071613, 58.12465656], [8.21718955, 58.12429476], [8.21895564, 58.12612343], [8.22451627, 58.12441182], [8.22783875, 58.12062264], [8.22547615, 58.11844218], [8.22842276, 58.117576], [8.22991645, 58.11843395], [8.22892272, 58.12084675], [8.23254585, 58.12041604], [8.23239243, 58.12180793], [8.23668301, 58.12294924], [8.23671925, 58.12407172], [8.24189901, 58.12514436], [8.2419641, 58.12652004], [8.23925078, 58.1273005], [8.24108672, 58.12974846], [8.24472332, 58.1305294], [8.25072682, 58.12978566], [8.25103056, 58.13270974], [8.25912333, 58.13305688], [8.25230694, 58.13467526], [8.25658274, 58.13601887], [8.25197721, 58.13629258], [8.25131285, 58.13859427], [8.25371265, 58.14020276], [8.25227678, 58.14201951], [8.25472915, 58.1449393], [8.25752687, 58.14338255], [8.26131904, 58.14477027], [8.25949955, 58.14676535], [8.25235808, 58.14691055], [8.26417565, 58.14998984], [8.25926936, 58.15145063], [8.25327802, 58.14969635], [8.24728525, 58.14983153], [8.24887586, 58.14750028], [8.24671066, 58.14455926], [8.24992144, 58.1426872], [8.24535203, 58.14182305], [8.24183333, 58.14543366], [8.24403727, 58.14728367], [8.23604596, 58.14921367], [8.24148357, 58.14917123], [8.24420953, 58.15088522], [8.24300587, 58.15312803], [8.23806191, 58.15467], [8.24600172, 58.15463495], [8.26408684, 58.15915406], [8.26631594, 58.15859997], [8.26578605, 58.15666986], [8.26089132, 58.15594578], [8.25770426, 58.15460074], [8.25834846, 58.15398848], [8.26358724, 58.15299654], [8.26791275, 58.15329766], [8.26567483, 58.15177965], [8.26714623, 58.14991522], [8.26803124, 58.14964914], [8.27655518, 58.14951336], [8.28111506, 58.15076923], [8.28428376, 58.14963007], [8.28512025, 58.14988315], [8.28420544, 58.15175295], [8.28945303, 58.15447748], [8.29313338, 58.15369046], [8.29319572, 58.15451205], [8.28715646, 58.15764654], [8.28952372, 58.15942085], [8.28907788, 58.15974987], [8.28313005, 58.16096175], [8.28157926, 58.16019535], [8.27136958, 58.16097915], [8.2729851, 58.15950096], [8.28334105, 58.15834725], [8.28431988, 58.15738845], [8.28313613, 58.15608084], [8.2789762, 58.15656316], [8.27250433, 58.15516937], [8.27207506, 58.15531862], [8.27422321, 58.15733874], [8.26958132, 58.15984547], [8.26815653, 58.16507316], [8.27357137, 58.16586852], [8.27815545, 58.17024636], [8.27899253, 58.17259622], [8.27895713, 58.17288625], [8.27331662, 58.17403364], [8.27361941, 58.17433751], [8.28197968, 58.17681801], [8.28298855, 58.17661917], [8.28729343, 58.17468286], [8.28601182, 58.17048132], [8.28854382, 58.16947115], [8.28853047, 58.16780531], [8.28982675, 58.1670773], [8.29331493, 58.16794372], [8.29488575, 58.16665375], [8.29626572, 58.16679621], [8.29588413, 58.16838813], [8.30143571, 58.17212653], [8.30162013, 58.17266715], [8.2985692, 58.17362964], [8.29757512, 58.17697334], [8.30332041, 58.17792594], [8.30066335, 58.18359375], [8.30089891, 58.18359375], [8.30005276, 58.18438554], [8.29555845, 58.18539906], [8.29192412, 58.18437827], [8.29189706, 58.18359375], [8.2911911, 58.18359375], [8.28726876, 58.17864335], [8.28444767, 58.18096244], [8.28749681, 58.18209302], [8.28790224, 58.18267834], [8.28750706, 58.18359375], [8.28607297, 58.18359375], [8.28504741, 58.18421817], [8.2910887, 58.18616545], [8.29260504, 58.18844795], [8.29786265, 58.18911362], [8.29573596, 58.19038606], [8.30040765, 58.19049811], [8.30547225, 58.19378066], [8.29952228, 58.1965394], [8.30240881, 58.19900215], [8.29775095, 58.19785273], [8.29369688, 58.19935608], [8.29092503, 58.19730055], [8.28551161, 58.19816935], [8.28414667, 58.19960487], [8.27702737, 58.1993823], [8.28103316, 58.19548655], [8.28752196, 58.19599032], [8.28612638, 58.19446516], [8.28812397, 58.19350076], [8.28453815, 58.19190133], [8.27733505, 58.19527411], [8.2708317, 58.19624436], [8.27081311, 58.19807196], [8.2670207, 58.19920182], [8.25993645, 58.19879472], [8.24787605, 58.20040941], [8.24721742, 58.20095336], [8.24768674, 58.20163393], [8.25101936, 58.20137465], [8.25556862, 58.20270765], [8.25241446, 58.20675707], [8.25329113, 58.20829225], [8.25394046, 58.20842123], [8.25606036, 58.20777845], [8.2563436, 58.20748174], [8.26018524, 58.20187104], [8.26369297, 58.20066786], [8.26555693, 58.20141363], [8.27027714, 58.19984198], [8.27174067, 58.20037735], [8.26654744, 58.20524132], [8.26735663, 58.20689416], [8.27278125, 58.20438182], [8.27583826, 58.20049131], [8.27838397, 58.20201886], [8.27787554, 58.20359075], [8.28148294, 58.20450354], [8.2846173, 58.20256758], [8.29160452, 58.20270705], [8.29534614, 58.20034611], [8.30054355, 58.20029378], [8.30374825, 58.2021296], [8.30010605, 58.20399475], [8.29586172, 58.20358777], [8.28976893, 58.20674801], [8.29167306, 58.20826137], [8.28727496, 58.21124423], [8.28853953, 58.21456373], [8.29104948, 58.21276498], [8.29441345, 58.21460664], [8.29620135, 58.21288025], [8.30127645, 58.21162164], [8.31581068, 58.21310258], [8.31926036, 58.20931601], [8.32237685, 58.20825684], [8.32532632, 58.20906603], [8.32525313, 58.21275115], [8.33460557, 58.21575534], [8.33650196, 58.21808064], [8.33967912, 58.21846366], [8.34204686, 58.21552181], [8.33703005, 58.21556056], [8.33650684, 58.21460795], [8.33949256, 58.20940328], [8.33874691, 58.20692694], [8.33377862, 58.20914304], [8.33500206, 58.21115875], [8.33260632, 58.21222544], [8.3325479, 58.20985854], [8.32846677, 58.20939541], [8.32593346, 58.20768881], [8.32727885, 58.20554531], [8.32255042, 58.20404291], [8.32529175, 58.19996703], [8.33160722, 58.19814873], [8.33397758, 58.20026386], [8.32955801, 58.20449316], [8.33953536, 58.20283616], [8.34118927, 58.19901836], [8.34419334, 58.19741642], [8.34421122, 58.1946007], [8.34102452, 58.19489264], [8.34104526, 58.19782674], [8.33769405, 58.19860137], [8.33334875, 58.19646084], [8.3201828, 58.19934106], [8.31695128, 58.19853377], [8.32929003, 58.19270337], [8.33910406, 58.19120705], [8.34252167, 58.19194615], [8.34361362, 58.19039345], [8.35258901, 58.19383717], [8.35647142, 58.19311941], [8.35668683, 58.19495857], [8.36035311, 58.19413614], [8.36685598, 58.19583726], [8.37085986, 58.19361401], [8.37240124, 58.19823754], [8.37635458, 58.20075274], [8.37386477, 58.20214784], [8.37604046, 58.20311964], [8.37436438, 58.20519757], [8.38156891, 58.20687175], [8.37865067, 58.20892966], [8.38378191, 58.20881414], [8.38540804, 58.20679772], [8.38885558, 58.20688856], [8.38861156, 58.20979226], [8.3866744, 58.21076226], [8.39029145, 58.21139932], [8.38944125, 58.21488297], [8.39188325, 58.21763206], [8.3906455, 58.21887386], [8.38252366, 58.21881616], [8.38555646, 58.22061086], [8.38227475, 58.22148097], [8.38447738, 58.22431135], [8.38316965, 58.22707713], [8.37933385, 58.22837567], [8.38819158, 58.23014057], [8.38867974, 58.22861385], [8.39416528, 58.22951126], [8.39209807, 58.23199642], [8.39561403, 58.23646581], [8.39059413, 58.23911107], [8.3803488, 58.23921585], [8.37982392, 58.23566365], [8.375337, 58.2354871], [8.37581491, 58.23445165], [8.36923182, 58.231956], [8.37272954, 58.23009574], [8.37806463, 58.22929275], [8.37495768, 58.22796595], [8.37786973, 58.22678542], [8.37778544, 58.22552025], [8.37209964, 58.22670126], [8.35729766, 58.22722387], [8.35374355, 58.22928655], [8.35611606, 58.23134816], [8.34972024, 58.23395455], [8.3526808, 58.23499405], [8.35775614, 58.23455894], [8.36346614, 58.23620737], [8.36318934, 58.23717332], [8.37121022, 58.23652017], [8.37397933, 58.23889506], [8.37719846, 58.23939621], [8.37513757, 58.24096215], [8.38080156, 58.24365723], [8.37937987, 58.24773872], [8.38545215, 58.24677491], [8.38523185, 58.25110495], [8.391662, 58.25591326], [8.39947355, 58.25505436], [8.39788783, 58.25150216], [8.40510774, 58.25156903], [8.39615393, 58.24544275], [8.39370727, 58.24705946], [8.39541137, 58.24228203], [8.40534461, 58.23985171], [8.40502298, 58.24296892], [8.40800798, 58.24430561], [8.40992475, 58.24319923], [8.40627444, 58.24177706], [8.41092944, 58.24013531], [8.41304076, 58.23633265], [8.41917062, 58.23748875], [8.41917956, 58.24106896], [8.42626548, 58.24301267], [8.42590165, 58.24462986], [8.43401682, 58.24252415], [8.43580675, 58.24261344], [8.4375, 58.24414063], [8.43749905, 58.24441958], [8.44027615, 58.24649334], [8.44018197, 58.24677491], [8.4375, 58.24720967], [8.43563712, 58.24725592], [8.43381286, 58.24517715], [8.43293464, 58.24486995], [8.42984641, 58.24485517], [8.43467236, 58.24849772], [8.43181467, 58.25014603], [8.43391633, 58.25078118], [8.4375, 58.25], [8.43866384, 58.25047433], [8.4375, 58.25139511], [8.43065536, 58.25364268], [8.43402374, 58.25747693], [8.42774832, 58.25702751], [8.43097341, 58.25989723], [8.42752695, 58.26624322], [8.41872215, 58.26966596], [8.41643512, 58.26754022], [8.41719985, 58.26577222], [8.41081274, 58.26634276], [8.41143334, 58.26861787], [8.43564594, 58.28850436], [8.4375, 58.28850436], [8.43776381, 58.28850436], [8.44020212, 58.28719676], [8.4375, 58.28459823], [8.43554413, 58.28281593], [8.43749905, 58.28069186], [8.43447304, 58.27867925], [8.43442523, 58.27805042], [8.43662393, 58.27693677], [8.43510854, 58.27171361], [8.4375, 58.27148426], [8.43749905, 58.27176344], [8.44381905, 58.27340138], [8.44432032, 58.27324295], [8.43999743, 58.27103305], [8.44054055, 58.26722193], [8.43882942, 58.26445341], [8.4375, 58.26450884], [8.43544066, 58.26475334], [8.43491125, 58.26438093], [8.43538105, 58.26387596], [8.4375, 58.26311386], [8.44077933, 58.26361108], [8.44147551, 58.26346135], [8.45281005, 58.26010227], [8.45724595, 58.25755763], [8.45954168, 58.25749135], [8.46100771, 58.25934637], [8.46847296, 58.26144147], [8.46861446, 58.26126575], [8.46560204, 58.25849366], [8.46750891, 58.25706184], [8.46528637, 58.25585401], [8.46659255, 58.25436592], [8.46227145, 58.25329661], [8.44450855, 58.26100707], [8.4375, 58.26171875], [8.43658865, 58.25901318], [8.4375, 58.25809145], [8.43776953, 58.25812614], [8.44000471, 58.25524306], [8.43749905, 58.25530136], [8.43749905, 58.25502217], [8.43429422, 58.25529885], [8.43348467, 58.25422204], [8.43723524, 58.25223207], [8.4375, 58.25223207], [8.43935561, 58.25375724], [8.44262826, 58.25271511], [8.44696057, 58.2532227], [8.44728506, 58.25071347], [8.44920766, 58.25003576], [8.45462787, 58.25301623], [8.45643735, 58.25075614], [8.46072793, 58.2509979], [8.4590888, 58.24838066], [8.46275306, 58.24885643], [8.46687496, 58.24793971], [8.46806896, 58.24922526], [8.46542382, 58.25159848], [8.46971202, 58.25076187], [8.47164285, 58.25287473], [8.46977746, 58.25397074], [8.47545302, 58.25708401], [8.46775246, 58.25486386], [8.47161746, 58.25903213], [8.48686731, 58.26269495], [8.48869061, 58.26185393], [8.48686957, 58.25959551], [8.49516654, 58.26136112], [8.50335896, 58.26023054], [8.50680804, 58.26124465], [8.5152477, 58.26728356], [8.52014113, 58.2683748], [8.51540685, 58.26431942], [8.51496375, 58.26121676], [8.50842035, 58.25898325], [8.50721693, 58.25653315], [8.49863994, 58.25350571], [8.50072682, 58.25087214], [8.49161994, 58.25133824], [8.49433005, 58.25015295], [8.49526715, 58.24572015], [8.50085437, 58.24716043], [8.50578034, 58.25136554], [8.50924075, 58.24817824], [8.50507176, 58.24736953], [8.50745022, 58.24587035], [8.51372874, 58.24829412], [8.51656604, 58.2465626], [8.51926792, 58.24665427], [8.52138686, 58.24901164], [8.5269767, 58.24960566], [8.52501357, 58.25130892], [8.52005756, 58.25087285], [8.52366698, 58.25387561], [8.51545227, 58.25289488], [8.51203346, 58.2557857], [8.51369035, 58.25708997], [8.50950646, 58.25759995], [8.51643658, 58.25910807], [8.51777291, 58.26129735], [8.52037072, 58.26103663], [8.52123582, 58.26343775], [8.53201723, 58.27065933], [8.53031337, 58.27260661], [8.53435707, 58.27474987], [8.53286111, 58.27578926], [8.53431726, 58.27777183], [8.52825224, 58.2779448], [8.53792727, 58.28503168], [8.53579688, 58.28728223], [8.53273785, 58.2871983], [8.52536202, 58.28468573], [8.5236063, 58.28137493], [8.51897383, 58.28196073], [8.51665187, 58.2793014], [8.51375341, 58.28111994], [8.50645983, 58.28012824], [8.51025331, 58.2828058], [8.51791942, 58.28504932], [8.51766527, 58.28883386], [8.52340436, 58.28916633], [8.51757312, 58.29237485], [8.51290476, 58.30134284], [8.51339531, 58.30179036], [8.51457918, 58.30140972], [8.52068055, 58.29364455], [8.52470064, 58.29098785], [8.52583516, 58.2905761], [8.52869368, 58.29020274], [8.52956188, 58.29032326], [8.53064585, 58.29375374], [8.53279614, 58.29200184], [8.53770184, 58.29221332], [8.54431546, 58.29465592], [8.54542327, 58.29539275], [8.54617524, 58.29701996], [8.53996468, 58.29957986], [8.54142904, 58.30142713], [8.54232621, 58.30180502], [8.54621983, 58.30268824], [8.54824376, 58.30218434], [8.54627383, 58.30035114], [8.5479145, 58.29876804], [8.5523591, 58.30014884], [8.54611564, 58.31249905], [8.55021822, 58.310449], [8.55535293, 58.30332744], [8.56753492, 58.30814171], [8.57139742, 58.31092632], [8.57599235, 58.32144535], [8.57961512, 58.32215893], [8.57840002, 58.32458246], [8.58367717, 58.32682955], [8.58525574, 58.33055186], [8.59497547, 58.33129644], [8.59452116, 58.33349836], [8.59775877, 58.33597505], [8.59644496, 58.3404448], [8.60211468, 58.33994007], [8.60241425, 58.34027457], [8.60422385, 58.34420681], [8.60285175, 58.34718931], [8.60629678, 58.35060394], [8.60497177, 58.3535639], [8.61403883, 58.35774565], [8.61427927, 58.35796583], [8.61328125, 58.359375], [8.61301434, 58.359375], [8.6135689, 58.36323106], [8.62087774, 58.36227751], [8.62175262, 58.359375], [8.62179565, 58.35861945], [8.61775374, 58.35758185], [8.61917555, 58.35575545], [8.61229885, 58.35114932], [8.60300457, 58.33607304], [8.60029495, 58.33496344], [8.60325754, 58.33386397], [8.60873902, 58.33472025], [8.60981262, 58.33073246], [8.61023855, 58.33052421], [8.61353636, 58.3301146], [8.61423826, 58.33023882], [8.61578965, 58.33153868], [8.61890972, 58.33014166], [8.62429655, 58.33158112], [8.62512505, 58.33383191], [8.62791717, 58.3328886], [8.63131952, 58.33350277], [8.63147402, 58.33498335], [8.62790155, 58.33664525], [8.62914705, 58.33724308], [8.63901126, 58.33655941], [8.63854432, 58.33764601], [8.63213944, 58.33894885], [8.62303448, 58.33923936], [8.62352824, 58.34155953], [8.62728465, 58.34123397], [8.62874377, 58.34246993], [8.62989247, 58.34095836], [8.63520026, 58.34081972], [8.64588285, 58.34326041], [8.65041935, 58.34471583], [8.65198576, 58.35060775], [8.6563369, 58.35260355], [8.65342867, 58.35407686], [8.660748, 58.35683191], [8.66321886, 58.35511994], [8.66430271, 58.35505283], [8.67146635, 58.35556555], [8.67438662, 58.35690355], [8.67463183, 58.35719311], [8.6741693, 58.359375], [8.67364693, 58.359375], [8.67318213, 58.36045945], [8.67356217, 58.3607105], [8.67625058, 58.36064982], [8.66802037, 58.37091672], [8.66859531, 58.3712424], [8.67235827, 58.37100601], [8.67534876, 58.37213564], [8.67936754, 58.36840522], [8.68196166, 58.36908567], [8.685588, 58.36562085], [8.68616235, 58.36552942], [8.68764651, 58.36588395], [8.68831956, 58.36825073], [8.69151366, 58.36991954], [8.69949317, 58.37065625], [8.69339097, 58.37609291], [8.70107746, 58.37524903], [8.70458996, 58.37337065], [8.70928335, 58.37484968], [8.72348738, 58.38852346], [8.72335935, 58.38942277], [8.72046983, 58.38913095], [8.72081125, 58.38945532], [8.72599006, 58.39093018], [8.72831464, 58.39269066], [8.72831237, 58.39340842], [8.72569895, 58.39397323], [8.71335018, 58.39046228], [8.70691216, 58.3936696], [8.70354962, 58.39264548], [8.70416296, 58.39633405], [8.70965266, 58.39816225], [8.71146333, 58.40025067], [8.70868063, 58.40195441], [8.70861757, 58.40391445], [8.71490526, 58.40476394], [8.72010398, 58.40693951], [8.72294223, 58.41025233], [8.72568095, 58.409096], [8.72386515, 58.40723956], [8.73227775, 58.40999532], [8.73981535, 58.40988565], [8.74144697, 58.41253698], [8.74006116, 58.41561914], [8.73541415, 58.41855097], [8.73765183, 58.41877544], [8.74027705, 58.41661453], [8.74572432, 58.41650891], [8.74678695, 58.41859436], [8.75321484, 58.42042553], [8.75401592, 58.42494202], [8.75913918, 58.42408192], [8.76223314, 58.42499626], [8.76948655, 58.42209303], [8.77371776, 58.42267072], [8.77246845, 58.42059457], [8.77538955, 58.41799951], [8.78055155, 58.42061925], [8.77495563, 58.42345095], [8.77281058, 58.42600036], [8.77511287, 58.42876613], [8.77203524, 58.43016684], [8.77434003, 58.43083096], [8.77779508, 58.42978954], [8.77899826, 58.43263316], [8.78186786, 58.43348408], [8.78411663, 58.43690562], [8.78175771, 58.44152164], [8.77646565, 58.44771945], [8.77271056, 58.44832993], [8.77517092, 58.45004451], [8.77298164, 58.45444775], [8.77251816, 58.45491815], [8.77130556, 58.45524251], [8.76737905, 58.45375824], [8.76327908, 58.45394564], [8.75947392, 58.45126224], [8.75869727, 58.45122397], [8.75510287, 58.4522897], [8.75875151, 58.45543826], [8.75977552, 58.45590043], [8.76765573, 58.45652187], [8.76813924, 58.45666134], [8.77624583, 58.46080887], [8.78478873, 58.46206462], [8.78626812, 58.46255922], [8.78879547, 58.46428573], [8.78962624, 58.46544373], [8.78989804, 58.46561956], [8.79302323, 58.46557653], [8.79814875, 58.46754873], [8.7988224, 58.46792531], [8.8000797, 58.47123861], [8.80047154, 58.47134125], [8.80397952, 58.46835291], [8.80674231, 58.46805155], [8.82240224, 58.47206795], [8.82386124, 58.47561634], [8.82830691, 58.47389805], [8.83314145, 58.47707987], [8.83060765, 58.47825778], [8.83685148, 58.48202622], [8.83484745, 58.4833008], [8.84319603, 58.48747587], [8.84729946, 58.48537445], [8.84992981, 58.48539805], [8.85805464, 58.48807061], [8.86252296, 58.49228108], [8.87180865, 58.49249673], [8.881217, 58.49705076], [8.88673258, 58.49809766], [8.88780785, 58.5010159], [8.89134502, 58.50197995], [8.89279985, 58.50622034], [8.89895046, 58.50881624], [8.90113986, 58.51204407], [8.89833844, 58.51357543], [8.89230657, 58.50992477], [8.89348435, 58.50812495], [8.88611496, 58.50517893], [8.88144195, 58.50682592], [8.88824642, 58.50968897], [8.88868296, 58.5113399], [8.89796364, 58.51669216], [8.89631605, 58.52003014], [8.88924956, 58.52322006], [8.88743174, 58.52232575], [8.88696146, 58.52245462], [8.88642502, 58.52309871], [8.88674474, 58.52359033], [8.89646113, 58.5271728], [8.89952874, 58.52748716], [8.90334547, 58.52576101], [8.90240836, 58.52464664], [8.90598392, 58.52416801], [8.90612233, 58.52388525], [8.90283871, 58.5227921], [8.90133405, 58.51817322], [8.90618265, 58.51876545], [8.91029775, 58.51719356], [8.9094789, 58.51125431], [8.90994155, 58.51099896], [8.91409886, 58.51141894], [8.91995466, 58.50954282], [8.92497814, 58.51228905], [8.91928697, 58.51521838], [8.93359804, 58.51840246], [8.93103826, 58.52108264], [8.93610597, 58.52331793], [8.93661153, 58.52553475], [8.93930042, 58.52562535], [8.94125426, 58.52394605], [8.94198966, 58.51889622], [8.94515264, 58.51741862], [8.95036864, 58.52128196], [8.95413613, 58.5218358], [8.95416975, 58.52346492], [8.95779753, 58.5248419], [8.95836163, 58.52640486], [8.96473622, 58.52638435], [8.96955776, 58.52859795], [8.97378576, 58.53290987], [8.97649694, 58.53366721], [8.97521496, 58.53515625], [8.9749943, 58.53515625], [8.97498405, 58.53528857], [8.98300791, 58.54367423], [8.99263263, 58.54960227], [8.98318565, 58.55130994], [8.97698796, 58.55097771], [8.98247933, 58.55239105], [8.99422264, 58.55164933], [9.00109863, 58.55615425], [8.99638653, 58.55678594], [8.99576187, 58.55985975], [9.00391805, 58.55944753], [9.00418866, 58.56077886], [8.99995244, 58.56272685], [8.99578941, 58.56217873], [8.99568295, 58.56824636], [8.9882189, 58.57429636], [8.98779011, 58.57967365], [8.97905135, 58.58510005], [8.97472525, 58.5849179], [8.97291553, 58.57185566], [8.97870517, 58.56652653], [8.97500062, 58.56515062], [8.97806203, 58.56132352], [8.97674108, 58.55785024], [8.96933436, 58.55447114], [8.96658146, 58.55436373], [8.97432053, 58.56172323], [8.9717797, 58.56385374], [8.96722853, 58.56282783], [8.96751094, 58.56442332], [8.96114254, 58.56834865], [8.96258903, 58.57213163], [8.9662199, 58.57301664], [8.96490681, 58.57493496], [8.96738684, 58.5772469], [8.96762848, 58.58261466], [8.97110391, 58.58312273], [8.97034991, 58.58756125], [8.96543038, 58.59335935], [8.96846247, 58.59502745], [8.96228993, 58.59542966], [8.95258546, 58.59185934], [8.95061433, 58.59365582], [8.94553363, 58.59193623], [8.94299006, 58.59253037], [8.94383013, 58.59975946], [8.94095015, 58.60721874], [8.93775761, 58.61020458], [8.93972516, 58.61348236], [8.93360531, 58.62075651], [8.94596684, 58.62006295], [8.95478976, 58.62522841], [8.95467436, 58.62125182], [8.95082188, 58.61760056], [8.95085585, 58.61555874], [8.94612098, 58.61351347], [8.94517577, 58.61101043], [8.94682515, 58.60841584], [8.95399225, 58.60855591], [8.95654941, 58.60438454], [8.96122181, 58.60229623], [8.95322835, 58.60254323], [8.95019567, 58.59775591], [8.95647395, 58.59710765], [8.95931482, 58.59957838], [8.96253383, 58.59922826], [8.96399462, 58.60018635], [8.96257341, 58.60346735], [8.97112608, 58.60390496], [8.97292745, 58.60219932], [8.97287965, 58.59529138], [8.97637796, 58.59338975], [8.97459376, 58.59087813], [8.97918522, 58.5902276], [8.98548532, 58.59198976], [8.98888052, 58.58408535], [8.99242425, 58.58554721], [8.99824345, 58.58560038], [8.99637377, 58.59295857], [9.00191975, 58.59310532], [9.00378537, 58.59170496], [9.00134051, 58.58912158], [8.99564207, 58.57260168], [8.99855375, 58.56906402], [9.00472355, 58.5682199], [9.00510526, 58.56682467], [9.01793516, 58.56649995], [9.01824415, 58.56655681], [9.02219021, 58.57492578], [9.01886904, 58.57635081], [9.02027464, 58.57881045], [9.02431035, 58.58317375], [9.02719271, 58.58366156], [9.02636397, 58.58635235], [9.03261232, 58.59019566], [9.03254306, 58.59320045], [9.03676724, 58.59439588], [9.0384407, 58.59697425], [9.03474331, 58.59814084], [9.02236402, 58.59614205], [9.00919604, 58.59074295], [9.00936687, 58.59362221], [9.00619698, 58.59399092], [9.01127076, 58.59533501], [9.01334763, 58.59869683], [9.01000476, 58.60086048], [9.01547945, 58.60432672], [9.01683164, 58.60084104], [9.02572966, 58.59912074], [9.02990746, 58.60031736], [9.02762127, 58.60084784], [9.03886414, 58.60285211], [9.04003108, 58.60499287], [9.03683925, 58.61007547], [9.02332664, 58.60927165], [9.01893473, 58.60744238], [9.01887023, 58.60884643], [9.01324284, 58.61137664], [9.01372802, 58.61277151], [9.02350926, 58.61283386], [9.02460384, 58.6152302], [9.02223134, 58.61872625], [9.03084421, 58.62057412], [9.03341246, 58.61910892], [9.03358078, 58.61894786], [9.02748716, 58.61342287], [9.02872491, 58.61228096], [9.02959812, 58.61223125], [9.03746414, 58.61371768], [9.03906608, 58.61737704], [9.05329823, 58.61646795], [9.05498123, 58.61700177], [9.05544245, 58.61744523], [9.05530036, 58.61908305], [9.05858135, 58.6201725], [9.05741751, 58.62333596], [9.06252933, 58.62540746], [9.06497991, 58.62307394], [9.06277633, 58.6208173], [9.06341732, 58.61944151], [9.06398392, 58.61942947], [9.07579446, 58.62254035], [9.07864642, 58.62402344], [9.08038747, 58.62876165], [9.0837357, 58.62840045], [9.09280133, 58.63164473], [9.10148072, 58.63320768], [9.10219657, 58.63543046], [9.10608184, 58.63532627], [9.10880101, 58.63718677], [9.11766863, 58.63934183], [9.11789656, 58.64109421], [9.11618924, 58.64160204], [9.11950314, 58.64204645], [9.12145674, 58.64381194], [9.13052034, 58.64341152], [9.14035678, 58.64871645], [9.14094627, 58.64913082], [9.14795935, 58.65029836], [9.15193725, 58.65236294], [9.15583336, 58.65482688], [9.15763736, 58.65889716], [9.15352845, 58.66086364], [9.1510818, 58.6654278], [9.15465295, 58.66304982], [9.16184032, 58.66185474], [9.16335166, 58.65813994], [9.16703916, 58.65610492], [9.17337477, 58.65901601], [9.17957365, 58.65930045], [9.18749774, 58.66304183], [9.18932283, 58.66601348], [9.20397544, 58.66535354], [9.20509624, 58.67038608], [9.21338117, 58.67284501], [9.21190596, 58.67755365], [9.21626842, 58.67792094], [9.21900976, 58.67942345], [9.23112714, 58.68000436], [9.23147893, 58.68016374], [9.23124564, 58.68076921], [9.225214, 58.68154585], [9.23190176, 58.68369234], [9.23185062, 58.68390274], [9.22409236, 58.68387401], [9.22796392, 58.68677855], [9.23113632, 58.68733954], [9.23125911, 58.68756712], [9.22810113, 58.69009197], [9.22471952, 58.69145584], [9.22000825, 58.69143772], [9.19994116, 58.69585562], [9.19736862, 58.69607306], [9.191854, 58.69481647], [9.18829036, 58.6951797], [9.18374884, 58.6928488], [9.16174781, 58.69305122], [9.15993238, 58.69386745], [9.140625, 58.69112706], [9.13390553, 58.69004083], [9.12060523, 58.69004083], [9.11587012, 58.69108295], [9.07510483, 58.68440712], [9.07198191, 58.68281066], [9.07174325, 58.68316817], [9.07353318, 58.68460882], [9.08725226, 58.68692195], [9.0945667, 58.68968928], [9.10253787, 58.68982768], [9.10639358, 58.69159985], [9.10880744, 58.69533765], [9.11418831, 58.69530702], [9.11625588, 58.69687748], [9.11733842, 58.69714892], [9.12071836, 58.69758427], [9.12397838, 58.69737565], [9.12844312, 58.69487357], [9.12953508, 58.6946727], [9.140625, 58.69419634], [9.14112747, 58.69415796], [9.14888191, 58.69627523], [9.15508187, 58.69547665], [9.16607404, 58.69780505], [9.17312658, 58.69761896], [9.1923387, 58.70250463], [9.19406176, 58.70224965], [9.18555403, 58.69842064], [9.20165026, 58.69937432], [9.20281196, 58.69960296], [9.20368385, 58.70098221], [9.20334303, 58.70115352], [9.19508815, 58.70306814], [9.20898354, 58.70566404], [9.21505737, 58.70356405], [9.21851337, 58.70367706], [9.22928774, 58.70663547], [9.23026514, 58.71050036], [9.22878265, 58.7109375], [9.22770834, 58.7109375], [9.22765911, 58.71108043], [9.23235214, 58.71225596], [9.24225307, 58.71772802], [9.24029326, 58.71974671], [9.24402678, 58.72051406], [9.24636221, 58.72587955], [9.24415088, 58.72841108], [9.24248505, 58.72906256], [9.23518896, 58.72931886], [9.22311997, 58.72680306], [9.21473157, 58.72323155], [9.20675516, 58.72316253], [9.20658076, 58.72345364], [9.21163702, 58.72568512], [9.21975064, 58.73225105], [9.22022712, 58.73022497], [9.22956133, 58.73183], [9.23666811, 58.73152721], [9.23499894, 58.73351276], [9.22576332, 58.73451555], [9.23110938, 58.7354784], [9.23226655, 58.73719394], [9.23557043, 58.73762953], [9.2349596, 58.73888814], [9.21307147, 58.73908865], [9.19491732, 58.73820138], [9.18722045, 58.73769355], [9.16922545, 58.73524153], [9.15951145, 58.73524153], [9.15194523, 58.73583806], [9.1437391, 58.73693621], [9.14062405, 58.73772323], [9.140625, 58.73800206], [9.12052608, 58.74268651], [9.10295403, 58.74328887], [9.09315336, 58.73882031], [9.09155536, 58.73641705], [9.0879904, 58.73558664], [9.08537912, 58.73256516], [9.08600295, 58.73163021], [9.08756232, 58.73143792], [9.08824897, 58.73188591], [9.09332931, 58.73656595], [9.09398437, 58.73670352], [9.09626865, 58.73362601], [9.09858251, 58.73536324], [9.09784055, 58.73672807], [9.10096335, 58.73686755], [9.10693491, 58.73172414], [9.10640657, 58.73039126], [9.11036122, 58.72906005], [9.12034822, 58.72828317], [9.13120961, 58.72906327], [9.13411558, 58.72742724], [9.140625, 58.7265625], [9.14943385, 58.72569335], [9.15268564, 58.72804391], [9.15424705, 58.72792411], [9.15500617, 58.72764266], [9.15565503, 58.72535491], [9.16215754, 58.72406018], [9.15251505, 58.72412586], [9.15271902, 58.72321475], [9.16229677, 58.71971583], [9.16312242, 58.7196027], [9.16459477, 58.72035193], [9.16601694, 58.72281826], [9.16508293, 58.72433031], [9.18766034, 58.72377217], [9.20229125, 58.72166705], [9.20007765, 58.71966493], [9.19463241, 58.71899247], [9.19162703, 58.71566105], [9.18901336, 58.71518826], [9.18623555, 58.71553755], [9.19366002, 58.72001052], [9.18484604, 58.72153294], [9.17521644, 58.72104585], [9.16905975, 58.7201246], [9.16628683, 58.71859252], [9.15916145, 58.71798432], [9.1482805, 58.71934652], [9.14552462, 58.72094536], [9.140625, 58.72070313], [9.14062405, 58.72042406], [9.13873518, 58.72045064], [9.13674104, 58.71877623], [9.12684572, 58.72106183], [9.12623215, 58.72104704], [9.12045336, 58.71969914], [9.11916626, 58.71710312], [9.11850357, 58.71709764], [9.11442184, 58.71830964], [9.11409521, 58.71916962], [9.11508751, 58.72017086], [9.12102175, 58.72030187], [9.12145054, 58.72050786], [9.12214744, 58.72201896], [9.12556636, 58.72291541], [9.12539613, 58.72429705], [9.10956264, 58.72537255], [9.10733676, 58.72499263], [9.10787582, 58.72324944], [9.10285938, 58.72580755], [9.09736896, 58.72675574], [9.08108485, 58.72605634], [9.07856595, 58.72764552], [9.07373714, 58.72662735], [9.06638026, 58.72708905], [9.06666744, 58.72575974], [9.05873466, 58.72702408], [9.05837774, 58.72744095], [9.06550515, 58.73209238], [9.0735954, 58.73439181], [9.07561445, 58.73641527], [9.09338975, 58.74396193], [9.09706795, 58.74429965], [9.10080016, 58.74323368], [9.10371578, 58.74484813], [9.10392237, 58.74519885], [9.10088325, 58.74848342], [9.09327078, 58.74866867], [9.08903694, 58.74726081], [9.08685505, 58.74382246], [9.08154654, 58.74683535], [9.08257616, 58.74813402], [9.08314395, 58.74830711], [9.09981823, 58.74992335], [9.10651267, 58.74896026], [9.11007106, 58.75037611], [9.12246466, 58.74651515], [9.13175285, 58.74765754], [9.13052106, 58.74447691], [9.13063848, 58.74401152], [9.1330353, 58.742504], [9.140625, 58.74107134], [9.14662135, 58.7403053], [9.14760113, 58.74029756], [9.15030503, 58.74134004], [9.15737855, 58.73859262], [9.16314745, 58.73802924], [9.16487443, 58.73978114], [9.17004383, 58.74130392], [9.17584348, 58.74106753], [9.17608917, 58.74568176], [9.1777693, 58.74677527], [9.18333375, 58.74692762], [9.18383801, 58.75088072], [9.18762732, 58.74166286], [9.1955775, 58.7418704], [9.20173585, 58.74374771], [9.20514476, 58.74780083], [9.2086184, 58.74409926], [9.22027063, 58.7449367], [9.23076916, 58.74197364], [9.24021661, 58.74104178], [9.24458957, 58.74297631], [9.24441016, 58.74707007], [9.25271666, 58.74739373], [9.25510287, 58.74703336], [9.25560725, 58.74387634], [9.27038491, 58.74141192], [9.28546774, 58.74076176], [9.2900846, 58.74240541], [9.30803084, 58.74201763], [9.31127703, 58.74397552], [9.31022275, 58.74505901], [9.29742515, 58.74423218], [9.30074537, 58.74595475], [9.3000102, 58.74678195], [9.31028795, 58.74609685], [9.3134042, 58.74829125], [9.31846786, 58.74787414], [9.31671357, 58.74587083], [9.32264423, 58.74222124], [9.32628334, 58.74174583], [9.32817543, 58.74339998], [9.32446277, 58.74431348], [9.32677817, 58.74595702], [9.32073545, 58.74736857], [9.32026315, 58.74843883], [9.32091117, 58.74881518], [9.33654904, 58.75295126], [9.34081614, 58.75226653], [9.33961785, 58.75554657], [9.34140575, 58.75642812], [9.34315395, 58.75641501], [9.34222674, 58.75520837], [9.34836495, 58.75387835], [9.34823191, 58.75292325], [9.35178733, 58.75353408], [9.35703135, 58.75919998], [9.36177945, 58.76045537], [9.3608824, 58.76325846], [9.36617124, 58.7640233], [9.36510694, 58.76635695], [9.36870825, 58.76814854], [9.37171686, 58.76964498], [9.37319291, 58.77198863], [9.3741194, 58.77244675], [9.37654042, 58.77256441], [9.37751496, 58.7723546], [9.37895811, 58.77116168], [9.3824687, 58.77302515], [9.38408756, 58.77916086], [9.38837278, 58.78029764], [9.38742673, 58.78218782], [9.39015305, 58.78368461], [9.39823318, 58.78376007], [9.39909017, 58.78398406], [9.39921105, 58.78661525], [9.39954662, 58.78678286], [9.4039855, 58.78670585], [9.40597522, 58.78761923], [9.40617132, 58.78801644], [9.40067887, 58.78877497], [9.40763557, 58.78942025], [9.40799522, 58.79154336], [9.41193712, 58.79280055], [9.4123044, 58.79413426], [9.41307783, 58.7943542], [9.41511202, 58.794155], [9.41591692, 58.79202115], [9.420102, 58.79286694], [9.42159116, 58.79732692], [9.42567384, 58.79958403], [9.42803335, 58.79954398], [9.42674363, 58.79755056], [9.42915547, 58.79519916], [9.43162346, 58.79754281], [9.43094432, 58.80010653], [9.44572616, 58.80318928], [9.44760621, 58.80463266], [9.44399321, 58.80566025], [9.44389987, 58.80671096], [9.44667423, 58.80612826], [9.45395863, 58.80818331], [9.45275414, 58.80989385], [9.44646704, 58.80929828], [9.44608271, 58.81109715], [9.44105375, 58.80892694], [9.43226385, 58.8119117], [9.41878796, 58.80822015], [9.41665375, 58.80621207], [9.41832733, 58.80458951], [9.40517604, 58.80229747], [9.40367878, 58.80310452], [9.41292334, 58.80457151], [9.41360927, 58.80587184], [9.40291965, 58.80472112], [9.40249503, 58.804919], [9.40212774, 58.80653834], [9.40797365, 58.80826068], [9.40351462, 58.8110553], [9.39831471, 58.81232345], [9.39717483, 58.81345737], [9.39776647, 58.81571233], [9.42739427, 58.81866777], [9.45586276, 58.82406414], [9.4667114, 58.8276546], [9.46737766, 58.82833338], [9.46785605, 58.82978594], [9.46547484, 58.83556843], [9.46313035, 58.83881295], [9.45603836, 58.84234548], [9.45048666, 58.84243321], [9.44859254, 58.84473097], [9.44160807, 58.84789002], [9.43136334, 58.84962571], [9.39731407, 58.85197985], [9.382128, 58.84905851], [9.37419117, 58.84874201], [9.36319602, 58.84605062], [9.35614395, 58.84523296], [9.35208297, 58.84604084], [9.34879136, 58.84458435], [9.34235465, 58.84443057], [9.33745205, 58.83981335], [9.33283007, 58.84089077], [9.3311094, 58.83942461], [9.323125, 58.83736265], [9.31956852, 58.83847392], [9.31490016, 58.83804274], [9.31230044, 58.84030557], [9.3063699, 58.84116733], [9.29823494, 58.83705187], [9.29761016, 58.83716464], [9.29842401, 58.84004354], [9.29141855, 58.83929813], [9.28971577, 58.83993626], [9.28902554, 58.84117007], [9.28926134, 58.84145677], [9.29375505, 58.84317315], [9.29478204, 58.84473085], [9.29306006, 58.84647715], [9.29395938, 58.84693551], [9.29574621, 58.84704614], [9.30004036, 58.84604835], [9.30435502, 58.84749413], [9.30406594, 58.84922385], [9.29402995, 58.85254908], [9.30116022, 58.85356843], [9.30183542, 58.85509515], [9.30008805, 58.85578418], [9.30322826, 58.85666084], [9.30298352, 58.85763907], [9.29884923, 58.85844195], [9.30404091, 58.861184], [9.30527008, 58.87099397], [9.30875862, 58.87716186], [9.30894172, 58.88140023], [9.30425215, 58.88319445], [9.30000842, 58.88606775], [9.30027854, 58.88671875], [9.30101526, 58.88671875], [9.30291045, 58.88957965], [9.30521274, 58.88830197], [9.30485785, 58.88671768], [9.30601585, 58.88405001], [9.31403828, 58.8834846], [9.31278241, 58.88211131], [9.31573307, 58.87917495], [9.31493032, 58.87704182], [9.31850255, 58.87572575], [9.32230115, 58.87009525], [9.32706416, 58.8702836], [9.32678866, 58.86670804], [9.33509493, 58.86699986], [9.34105551, 58.86471665], [9.35461462, 58.86520743], [9.35852885, 58.8612138], [9.36735415, 58.86048806], [9.3661288, 58.85948956], [9.36940694, 58.85885775], [9.37086475, 58.85938203], [9.36902666, 58.86251521], [9.37966526, 58.86386955], [9.39007914, 58.86276185], [9.39634585, 58.86411703], [9.41986525, 58.86329806], [9.42047834, 58.86342168], [9.42387438, 58.86635256], [9.41770947, 58.86847651], [9.41693413, 58.86930585], [9.41652286, 58.87234581], [9.42032194, 58.87552917], [9.40837574, 58.87791204], [9.40483522, 58.87986708], [9.39912355, 58.87892652], [9.39817536, 58.88129604], [9.39824426, 58.88162768], [9.40076268, 58.88248396], [9.40699887, 58.88005185], [9.41627371, 58.87869251], [9.41704941, 58.87869024], [9.42262626, 58.88040245], [9.42297745, 58.88070321], [9.42660534, 58.88671875], [9.42630231, 58.88671875], [9.42320275, 58.89439905], [9.42462254, 58.89969742], [9.42192686, 58.90270841], [9.41663122, 58.90433121], [9.40928447, 58.90392077], [9.40816236, 58.90361333], [9.4013977, 58.89861548], [9.39059496, 58.8975656], [9.39020371, 58.89741647], [9.38273573, 58.88864565], [9.38772905, 58.89110637], [9.39036465, 58.89107406], [9.38471961, 58.88671875], [9.38467586, 58.88671875], [9.38451314, 58.88646662], [9.38087332, 58.88494122], [9.37636912, 58.88598895], [9.37194371, 58.88349986], [9.37098801, 58.88349605], [9.36873686, 58.8843044], [9.36865675, 58.88462806], [9.37016201, 58.88671875], [9.37028337, 58.88673484], [9.37030756, 58.88992274], [9.37051547, 58.89047444], [9.37355542, 58.89284945], [9.37315786, 58.89622247], [9.37792265, 58.89919174], [9.38503301, 58.89986408], [9.39592433, 58.90433311], [9.40262687, 58.90320611], [9.41209507, 58.90565085], [9.41947925, 58.90657127], [9.42105651, 58.90649581], [9.42361498, 58.90528011], [9.42363536, 58.9027065], [9.42566204, 58.90212727], [9.42642212, 58.90213156], [9.43268943, 58.90503895], [9.43580771, 58.90526092], [9.439327, 58.90451956], [9.44039333, 58.90300143], [9.43510616, 58.89916885], [9.43866563, 58.89826834], [9.43744588, 58.89685595], [9.43848097, 58.89650345], [9.44693506, 58.89723206], [9.44871616, 58.89446676], [9.44698763, 58.89302385], [9.44980276, 58.89143324], [9.45131946, 58.89253926], [9.45331848, 58.89077354], [9.45330501, 58.88671875], [9.45402002, 58.88671875], [9.45398366, 58.88572586], [9.45473111, 58.88522363], [9.45901954, 58.88481867], [9.45982993, 58.88488805], [9.46100807, 58.88671875], [9.46140552, 58.88671875], [9.46719778, 58.89508152], [9.46698916, 58.89550304], [9.46245527, 58.898265], [9.46204913, 58.89841354], [9.45845366, 58.89771414], [9.45745444, 58.89799416], [9.45329952, 58.90072942], [9.46177387, 58.90270293], [9.46536255, 58.90830195], [9.46864545, 58.90937531], [9.46935833, 58.90655673], [9.46640515, 58.89925206], [9.46895206, 58.89490688], [9.47450995, 58.89747572], [9.47445095, 58.9060539], [9.47699904, 58.90745711], [9.4761337, 58.91057134], [9.4807049, 58.91308093], [9.47726297, 58.91479707], [9.48008525, 58.91634977], [9.48336875, 58.91535854], [9.48605454, 58.91249275], [9.49033153, 58.91161776], [9.48422933, 58.90524375], [9.48498845, 58.90268362], [9.48815584, 58.90156913], [9.48090374, 58.89832306], [9.47936475, 58.89518571], [9.48088372, 58.88993168], [9.48690975, 58.89025617], [9.48307037, 58.88797057], [9.48251152, 58.88671875], [9.48100042, 58.88167655], [9.48050273, 58.87855172], [9.48072672, 58.87793636], [9.4830209, 58.87602651], [9.4921875, 58.87416291], [9.49343944, 58.87441146], [9.49372852, 58.87429094], [9.49613833, 58.87173748], [9.50175667, 58.87183487], [9.50273836, 58.87230062], [9.50311494, 58.87712872], [9.50547671, 58.87755334], [9.50351691, 58.88230824], [9.50390553, 58.88249302], [9.51488292, 58.88117826], [9.51752174, 58.88333225], [9.52273774, 58.88417506], [9.52419913, 58.88589108], [9.52983391, 58.88137805], [9.53137565, 58.88351464], [9.5373069, 58.88585043], [9.53812206, 58.88576794], [9.53886843, 58.88500524], [9.53652751, 58.88382673], [9.53621936, 58.88063264], [9.53594565, 58.88033617], [9.53216302, 58.87936306], [9.52860391, 58.87660646], [9.52713096, 58.87458944], [9.52806616, 58.87362373], [9.53388941, 58.87357903], [9.53828704, 58.87111688], [9.54179871, 58.87067723], [9.55392623, 58.87259746], [9.55587935, 58.87475467], [9.56303525, 58.87422323], [9.5710541, 58.87574851], [9.57439387, 58.87694275], [9.57178605, 58.87867045], [9.58796334, 58.88153851], [9.58926547, 58.88207698], [9.58866048, 58.88278258], [9.58384061, 58.88445652], [9.57477355, 58.88554215], [9.56997573, 58.88369977], [9.55311525, 58.88336313], [9.55297053, 58.88355386], [9.55372286, 58.88400757], [9.56197512, 58.88582647], [9.56683648, 58.88485765], [9.57174504, 58.88671875], [9.57373273, 58.88671875], [9.57207465, 58.89184737], [9.57173705, 58.89201355], [9.56712961, 58.89346135], [9.56596827, 58.89354014], [9.55814266, 58.89058936], [9.55507004, 58.89115822], [9.55469894, 58.89109313], [9.55338597, 58.88960147], [9.54830623, 58.88977814], [9.54738176, 58.88994014], [9.54784405, 58.89121425], [9.55102682, 58.89290762], [9.55156446, 58.89398396], [9.55065751, 58.89476764], [9.54924655, 58.89478076], [9.54717875, 58.89451838], [9.54362094, 58.89174116], [9.53896034, 58.89012825], [9.53670716, 58.89009917], [9.53542626, 58.89053833], [9.53542125, 58.89071357], [9.54276586, 58.89476955], [9.55840611, 58.89997196], [9.55329645, 58.9014281], [9.55571043, 58.90341127], [9.56129634, 58.90230524], [9.56743252, 58.90528667], [9.56259394, 58.91076803], [9.56337905, 58.91301036], [9.55866671, 58.91195071], [9.55575395, 58.90654266], [9.55097735, 58.91109932], [9.53494716, 58.91437757], [9.53201616, 58.91649675], [9.51832604, 58.91718793], [9.51775146, 58.91733074], [9.51685297, 58.91973674], [9.49795175, 58.91851306], [9.49356282, 58.92042315], [9.49368453, 58.92127466], [9.49848723, 58.92053294], [9.50717223, 58.92194784], [9.51221395, 58.9234966], [9.51309776, 58.92504024], [9.51254165, 58.92564857], [9.50381863, 58.92665148], [9.49583375, 58.93011582], [9.4921875, 58.93080354], [9.48899305, 58.93156958], [9.48344696, 58.93068886], [9.48262584, 58.93042111], [9.48045886, 58.92803192], [9.47998357, 58.92813218], [9.47708225, 58.93189514], [9.48236525, 58.93236411], [9.48249161, 58.93336904], [9.47254682, 58.93492234], [9.46520615, 58.93736422], [9.47891521, 58.93802845], [9.48611462, 58.93645585], [9.49073815, 58.93718111], [9.4921875, 58.93582594], [9.49618864, 58.93392611], [9.51892042, 58.92780101], [9.52039576, 58.92894411], [9.53020978, 58.92982376], [9.53248131, 58.93135655], [9.53467214, 58.92889452], [9.55207801, 58.92858374], [9.54856765, 58.93298185], [9.55474305, 58.93061304], [9.55402386, 58.92864585], [9.56743562, 58.92937553], [9.57021058, 58.92648613], [9.57075942, 58.92638707], [9.57520247, 58.92821193], [9.57834721, 58.92474401], [9.57955766, 58.92450154], [9.58552015, 58.92517471], [9.58615148, 58.92516434], [9.58739543, 58.92439842], [9.58816302, 58.92444801], [9.58991277, 58.92630625], [9.59672523, 58.92781234], [9.60560214, 58.93214941], [9.60749245, 58.93061864], [9.61248994, 58.9310497], [9.60969901, 58.92632663], [9.61071324, 58.92554486], [9.61415756, 58.92578733], [9.61474896, 58.92595005], [9.61355484, 58.92898571], [9.61625433, 58.93064225], [9.61433637, 58.93308568], [9.61785305, 58.93253505], [9.6193552, 58.93327975], [9.62420702, 58.93083346], [9.62836242, 58.9329437], [9.62214422, 58.93361175], [9.62297761, 58.93714964], [9.63273692, 58.94638002], [9.64097214, 58.95054924], [9.63893437, 58.95283735], [9.63126278, 58.94929683], [9.62671006, 58.94922555], [9.62925684, 58.95217812], [9.62549198, 58.95596004], [9.63940525, 58.95789886], [9.64076662, 58.95921481], [9.64744651, 58.95898426], [9.65039384, 58.96049082], [9.65071726, 58.96365631], [9.65737295, 58.96578193], [9.65665305, 58.96690857], [9.65012503, 58.9676795], [9.65560198, 58.96914876], [9.65117157, 58.97024512], [9.65328824, 58.97256053], [9.65625906, 58.97270215], [9.65715921, 58.96777272], [9.66464353, 58.96788335], [9.67768705, 58.97178686], [9.68651915, 58.97180212], [9.68393707, 58.96686292], [9.68830442, 58.96582413], [9.68793464, 58.96493757], [9.68934536, 58.96487606], [9.69335985, 58.96521115], [9.69398141, 58.9655596], [9.69760513, 58.96807075], [9.70249856, 58.97270966], [9.7026813, 58.97308767], [9.69957805, 58.97482824], [9.70407486, 58.97613776], [9.70425642, 58.97661245], [9.70424044, 58.98057055], [9.70244098, 58.98158002], [9.68764031, 58.98199225], [9.68812156, 58.98439145], [9.68114674, 58.98542166], [9.67558408, 58.98517656], [9.67343962, 58.98349392], [9.66545367, 58.98838067], [9.65707946, 58.98960745], [9.65748417, 58.98984277], [9.66310203, 58.99090493], [9.67002714, 58.99464881], [9.67082095, 58.99314272], [9.66610992, 58.99000275], [9.66906905, 58.98914862], [9.67511427, 58.99021041], [9.67767727, 58.98803151], [9.68520033, 58.98713553], [9.68634474, 58.98609006], [9.69095016, 58.9877007], [9.68181086, 58.98997867], [9.68732202, 58.98997045], [9.69383216, 58.98808455], [9.69854486, 58.98880732], [9.70276165, 58.98608458], [9.70642817, 58.98680306], [9.70744443, 58.98881125], [9.71257091, 58.99009132], [9.71345496, 58.99207735], [9.71038258, 58.99507666], [9.71002936, 58.99859476], [9.70500672, 59.00052714], [9.70425177, 59.0012598], [9.70338786, 59.00359166], [9.70526421, 59.00536966], [9.70885277, 59.00601983], [9.72004831, 59.00132287], [9.71906292, 59.00796831], [9.7199316, 59.00863576], [9.72041452, 59.00855458], [9.72258103, 59.00570416], [9.72809112, 59.00291443], [9.73337591, 58.9952569], [9.73730922, 58.99509335], [9.73909748, 58.99345195], [9.74077523, 58.99555755], [9.74226368, 58.99346673], [9.74607122, 58.99260914], [9.74601448, 58.98983955], [9.74872756, 58.98762524], [9.75334096, 58.98757994], [9.75380945, 58.98804104], [9.75145996, 58.99232698], [9.75125527, 59.00306118], [9.74833524, 59.00820851], [9.74878943, 59.01470804], [9.73780715, 59.02040601], [9.73754394, 59.02351475], [9.73269296, 59.02629411], [9.73191166, 59.02828264], [9.72810233, 59.02873647], [9.71705115, 59.03414702], [9.71516287, 59.03787041], [9.70600724, 59.04177356], [9.71103251, 59.04274797], [9.70635641, 59.04529953], [9.70206976, 59.04408002], [9.69953752, 59.04696751], [9.69921494, 59.04713798], [9.69532382, 59.04834032], [9.69378877, 59.04822516], [9.68975961, 59.04726493], [9.68834496, 59.04726183], [9.67666876, 59.05132842], [9.67019677, 59.04853821], [9.66948187, 59.04842806], [9.66293204, 59.04864454], [9.66154766, 59.04850864], [9.65323186, 59.04638982], [9.64838648, 59.04666543], [9.64700317, 59.04719996], [9.64457846, 59.04942524], [9.63852382, 59.05151343], [9.63916278, 59.05237675], [9.64573646, 59.0507946], [9.64902937, 59.05167818], [9.64372778, 59.0590831], [9.63841915, 59.06151915], [9.63511026, 59.0591557], [9.63357246, 59.06098521], [9.62665606, 59.0625], [9.62619352, 59.0625], [9.62585783, 59.06287408], [9.62963593, 59.06392157], [9.63072252, 59.06605375], [9.63546455, 59.06858432], [9.62823522, 59.06917953], [9.62839115, 59.07125914], [9.63421535, 59.07576883], [9.63216746, 59.07777846], [9.62799191, 59.07689345], [9.62833881, 59.08205175], [9.62801766, 59.08226967], [9.61611247, 59.08605063], [9.60932147, 59.09077573], [9.60423064, 59.09154713], [9.58312154, 59.10508835], [9.57848585, 59.10440803], [9.57277095, 59.10575497], [9.56568515, 59.10577774], [9.56465256, 59.10495114], [9.55952156, 59.10648477], [9.55531263, 59.11086655], [9.55855107, 59.1117022], [9.55957067, 59.11344433], [9.56309104, 59.11364913], [9.5578742, 59.11583793], [9.56483245, 59.11679184], [9.56246304, 59.11826253], [9.55450285, 59.11861634], [9.55246067, 59.12022805], [9.53774703, 59.12221015], [9.53371191, 59.12411225], [9.53688395, 59.12437534], [9.53141475, 59.12685823], [9.52824843, 59.12568915], [9.53244758, 59.12444401], [9.52910972, 59.12364411], [9.52452445, 59.1257261], [9.52079356, 59.12496054], [9.51928616, 59.12320936], [9.51266956, 59.12421703], [9.51228487, 59.12818015], [9.52162325, 59.13112593], [9.52655125, 59.13006234], [9.53470898, 59.13102186], [9.54718792, 59.124475], [9.56043077, 59.12462294], [9.55941665, 59.12111235], [9.56412435, 59.12103915], [9.56772852, 59.12270963], [9.57012725, 59.12154293], [9.56758606, 59.12140083], [9.56678307, 59.11975515], [9.57111347, 59.11849844], [9.57725751, 59.12044013], [9.57883155, 59.11846447], [9.58999205, 59.11673546], [9.59307754, 59.11899793], [9.58848727, 59.12137282], [9.58177125, 59.12139654], [9.58233595, 59.12306178], [9.59525394, 59.12381423], [9.60538042, 59.12181926], [9.62365592, 59.13273287], [9.62565804, 59.13265514], [9.62337995, 59.12973988], [9.61528754, 59.12637568], [9.61685336, 59.12362278], [9.61526275, 59.12098682], [9.61278534, 59.12039077], [9.61797905, 59.11924803], [9.62182665, 59.11613166], [9.63355947, 59.11373615], [9.64091444, 59.10998273], [9.64971685, 59.10279012], [9.65540791, 59.10112476], [9.64966655, 59.10150433], [9.64715064, 59.10025513], [9.64369381, 59.08291984], [9.65440536, 59.0625], [9.65527785, 59.0625], [9.66306198, 59.05557597], [9.68120503, 59.05399466], [9.68887115, 59.05443716], [9.69303763, 59.05020475], [9.70005751, 59.05158055], [9.70556605, 59.05012715], [9.71034646, 59.05065203], [9.70529723, 59.05394185], [9.7038002, 59.05674875], [9.70079482, 59.05886912], [9.69967926, 59.0595659], [9.69491684, 59.06070101], [9.69571853, 59.06126845], [9.70073688, 59.06202495], [9.70064068, 59.0625], [9.70051992, 59.0625], [9.70154774, 59.06342757], [9.70049822, 59.06654108], [9.69978726, 59.06713295], [9.69260502, 59.06995058], [9.69217002, 59.07059467], [9.69198871, 59.07464576], [9.69721186, 59.07653582], [9.69818854, 59.08027637], [9.69875026, 59.08828044], [9.69455385, 59.09248686], [9.69686556, 59.09335065], [9.70060217, 59.09100175], [9.70262635, 59.09202385], [9.69567776, 59.09594262], [9.69518304, 59.09735596], [9.69545424, 59.09782314], [9.70266295, 59.09964192], [9.70266748, 59.10611868], [9.70436811, 59.10749936], [9.71059728, 59.10964346], [9.71319807, 59.10796094], [9.71645737, 59.10809696], [9.71714306, 59.10783184], [9.71918941, 59.10487974], [9.71624577, 59.1009016], [9.71756101, 59.09722614], [9.71044087, 59.09277308], [9.71637046, 59.08623803], [9.71534693, 59.08027017], [9.71866262, 59.07803047], [9.71497321, 59.07612824], [9.71476591, 59.07305205], [9.71773088, 59.06907845], [9.72511435, 59.06721985], [9.72516406, 59.06699133], [9.71809244, 59.06575775], [9.71799338, 59.06547165], [9.72059464, 59.0625], [9.72116125, 59.0625], [9.72355413, 59.0608592], [9.72971976, 59.06090295], [9.73088181, 59.0625], [9.73713076, 59.06150246], [9.73771727, 59.06110346], [9.73693097, 59.06014144], [9.73165047, 59.05964744], [9.73396945, 59.05717242], [9.72859585, 59.05923927], [9.72298515, 59.05966854], [9.72229195, 59.05954826], [9.71914661, 59.05705941], [9.72001255, 59.05348146], [9.72493386, 59.05114222], [9.72823882, 59.04613173], [9.73426163, 59.04278743], [9.73598194, 59.04669476], [9.74242997, 59.04385424], [9.74505281, 59.04376411], [9.74930012, 59.04572415], [9.74617076, 59.0496484], [9.74075091, 59.05201614], [9.74784303, 59.05217075], [9.74177015, 59.05732441], [9.74620593, 59.05756211], [9.74584305, 59.05850542], [9.74240994, 59.06097186], [9.73791325, 59.06202495], [9.73790216, 59.0625], [9.73795557, 59.0625], [9.73506117, 59.06727397], [9.73016274, 59.07108843], [9.73007345, 59.07138264], [9.73658955, 59.07073641], [9.73874676, 59.07262921], [9.73955154, 59.07236195], [9.7485646, 59.06642556], [9.75194395, 59.0625], [9.75359452, 59.06091476], [9.75367928, 59.06062114], [9.75281823, 59.05799091], [9.75487554, 59.05953276], [9.75606871, 59.05935192], [9.75645053, 59.05907154], [9.75623214, 59.05721402], [9.75905704, 59.05562901], [9.75642514, 59.05314314], [9.75934541, 59.04886735], [9.76733243, 59.04355633], [9.78004861, 59.03851604], [9.78002501, 59.04366624], [9.77570856, 59.04626584], [9.77928483, 59.04601336], [9.78046525, 59.04707527], [9.77688611, 59.05101204], [9.77797222, 59.05838788], [9.78094304, 59.05992997], [9.78040826, 59.06155097], [9.78445947, 59.06232345], [9.78434622, 59.0625], [9.78407025, 59.0625], [9.78760576, 59.06576288], [9.78883076, 59.0681349], [9.78883302, 59.06861806], [9.78688872, 59.07111645], [9.79184592, 59.07933855], [9.79253352, 59.08494175], [9.79552162, 59.09037745], [9.79635978, 59.09071445], [9.79944956, 59.09004366], [9.8001672, 59.08972526], [9.80070722, 59.08627141], [9.80057967, 59.08576727], [9.79562175, 59.07915246], [9.79281366, 59.06875753], [9.79980457, 59.0625], [9.80000615, 59.0625], [9.80100775, 59.06196106], [9.79854572, 59.05256975], [9.79853201, 59.05179095], [9.80056715, 59.04561877], [9.80588937, 59.04000854], [9.80594087, 59.03721726], [9.81031096, 59.03605413], [9.81370425, 59.03650653], [9.81992972, 59.03283894], [9.81779563, 59.03101146], [9.81206715, 59.03148437], [9.81017554, 59.02996635], [9.80393994, 59.03040993], [9.80315125, 59.02783751], [9.80532372, 59.02444625], [9.81098783, 59.02048004], [9.81158435, 59.01975667], [9.81182384, 59.01724112], [9.81801307, 59.01467311], [9.81782103, 59.01183522], [9.82261884, 59.01038158], [9.82503736, 59.00745845], [9.8288182, 59.00738561], [9.82947397, 59.0076133], [9.8304584, 59.00852203], [9.82930195, 59.01142478], [9.8317275, 59.01462841], [9.83223951, 59.0213536], [9.82283425, 59.03148735], [9.82961285, 59.03271484], [9.83509314, 59.03793538], [9.83531666, 59.03789103], [9.83829618, 59.03128076], [9.83483136, 59.0324229], [9.83417392, 59.03090632], [9.83594644, 59.02887297], [9.83978832, 59.02775252], [9.83548164, 59.02571571], [9.83937395, 59.02462101], [9.84098125, 59.02186], [9.84001827, 59.02018166], [9.84318554, 59.01222217], [9.84375, 59.01227665], [9.84610105, 59.01293731], [9.84632754, 59.01343906], [9.84510791, 59.01536703], [9.85165155, 59.01102006], [9.85095417, 59.00717807], [9.8484112, 59.00525391], [9.84878945, 58.99730885], [9.85389447, 58.99603045], [9.85660851, 58.99260354], [9.85349071, 58.98918152], [9.84375, 58.98967636], [9.84374905, 58.98939717], [9.83906555, 58.98936272], [9.83823192, 58.99176514], [9.83606434, 58.99154258], [9.83600485, 58.99115765], [9.84293866, 58.98447812], [9.84294963, 58.98423254], [9.83830738, 58.98502874], [9.83820415, 58.98286164], [9.84086394, 58.98141396], [9.83321154, 58.98059165], [9.83145571, 58.97722733], [9.83097184, 58.97686255], [9.82709587, 58.97578657], [9.82626176, 58.97583902], [9.82339454, 58.9772495], [9.81603396, 58.97738767], [9.8148421, 58.98019052], [9.80899262, 58.98019934], [9.80599785, 58.98507392], [9.80177295, 58.98595035], [9.80482388, 58.97681975], [9.80708814, 58.97671318], [9.80933273, 58.97993767], [9.82114577, 58.97172701], [9.82286894, 58.97082663], [9.82889795, 58.96875], [9.83539057, 58.96880686], [9.83653903, 58.9671005], [9.83978653, 58.96624911], [9.84375, 58.96623886], [9.84724343, 58.96705008], [9.84792423, 58.96683145], [9.85158861, 58.96506453], [9.85178375, 58.96464574], [9.84778762, 58.96193326], [9.85047626, 58.9588629], [9.85636497, 58.95951557], [9.85862565, 58.95767963], [9.86001742, 58.95760846], [9.86377454, 58.95984995], [9.86386621, 58.96023965], [9.86075735, 58.96344078], [9.86682844, 58.96343374], [9.87003315, 58.96533108], [9.86544406, 58.97339416], [9.86710346, 58.97511601], [9.87704313, 58.97415745], [9.87835181, 58.97255754], [9.88457966, 58.97072244], [9.88723254, 58.97190321], [9.88905764, 58.96790648], [9.90743303, 58.96579432], [9.90871024, 58.96599877], [9.90662503, 58.96777332], [9.90876365, 58.96958315], [9.91636658, 58.96955752], [9.92322445, 58.96791196], [9.92458415, 58.97685385], [9.92679107, 58.96949518], [9.93071616, 58.96525657], [9.93502223, 58.96610594], [9.94505942, 58.96154106], [9.94837618, 58.96530235], [9.96270275, 58.96053648], [9.96437085, 58.96104217], [9.96465004, 58.96399951], [9.96787155, 58.96359527], [9.97470224, 58.96518552], [9.97114062, 58.97499645], [9.9695667, 58.97722018], [9.96601343, 58.97814715], [9.97351873, 58.9829185], [9.98066092, 58.98177516], [9.98523796, 58.97363281], [9.98523235, 58.96943331], [9.98959208, 58.96845496], [9.99361086, 58.96977556], [9.99431086, 58.97307336], [9.99641871, 58.97346187], [10.00109875, 58.97140133], [10.00185442, 58.97337794], [10.00528145, 58.97041225], [10.00897682, 58.97337246], [10.00908625, 58.97749174], [10.0125339, 58.97846365], [10.01539135, 58.97551096], [10.01909661, 58.97545481], [10.01922882, 58.97735512], [10.02304947, 58.97664034], [10.02317226, 58.97515011], [10.02689075, 58.97345102], [10.03010786, 58.97502768], [10.03041816, 58.9769901], [10.03654802, 58.97655094], [10.04150534, 58.97742581], [10.04189384, 58.97779393], [10.03767324, 58.98058224], [10.04328942, 58.9802469], [10.04318333, 58.98328483], [10.0321418, 58.98615515], [10.03541756, 58.98872685], [10.03934944, 58.98953152], [10.03925598, 58.99241483], [10.04206741, 58.98841524], [10.04487896, 58.98871052], [10.04406941, 58.99394155], [10.04201794, 58.99387813], [10.04038978, 58.99644995], [10.04225278, 58.99827325], [10.04655254, 58.99845505], [10.05051196, 59.00044096], [10.0465101, 59.00340605], [10.04954875, 59.00515628], [10.04687655, 59.00593293], [10.03864491, 59.00276506], [10.03390157, 59.00605798], [10.03913522, 59.00741565], [10.03604496, 59.01071072], [10.03766477, 59.01750505], [10.03007615, 59.01800883], [10.01948965, 59.02896142], [10.02117097, 59.03195727], [10.02572763, 59.03320062], [10.02486503, 59.03873873], [10.01929295, 59.04127371], [10.01616216, 59.04559624], [10.01778901, 59.04818833], [10.01858795, 59.04845452], [10.02877295, 59.04947507], [10.03284037, 59.04835927], [10.03251648, 59.04552627], [10.03846717, 59.04424477], [10.03961957, 59.04536056], [10.04226363, 59.04508173], [10.04687345, 59.04337311], [10.04565322, 59.04208303], [10.05114436, 59.04068816], [10.04483974, 59.04149008], [10.03887737, 59.03706133], [10.04226363, 59.03625977], [10.05560255, 59.03797555], [10.0666548, 59.04597163], [10.06998837, 59.06037021], [10.07301092, 59.06046033], [10.06961405, 59.04743195], [10.06400037, 59.03869188], [10.06240201, 59.03746366], [10.05604756, 59.03732574], [10.05395687, 59.03487134], [10.05554497, 59.03255928], [10.06022274, 59.03148592], [10.05992031, 59.02774358], [10.06294513, 59.02863753], [10.06459725, 59.03150058], [10.06757343, 59.03083205], [10.06611466, 59.02688086], [10.06910825, 59.02669513], [10.06487525, 59.02480471], [10.06730235, 59.02328086], [10.06953943, 59.01628423], [10.07264638, 59.01480782], [10.08673406, 59.02009034], [10.08841956, 59.0236721], [10.09682834, 59.02343094], [10.09618533, 59.02814937], [10.09942102, 59.02712333], [10.10605538, 59.02775037], [10.10862243, 59.025774], [10.11488652, 59.02753651], [10.12131882, 59.03583884], [10.12841702, 59.03547215], [10.12707162, 59.03727222], [10.13453555, 59.03977156], [10.13722444, 59.03917432], [10.13726997, 59.0365653], [10.14284515, 59.03731751], [10.14708483, 59.03680837], [10.14898694, 59.03529835], [10.15167415, 59.0360502], [10.15623522, 59.03309703], [10.13492417, 59.02681506], [10.12641823, 59.02564013], [10.12362874, 59.02386022], [10.12951875, 59.02162647], [10.12946045, 59.01853573], [10.13222635, 59.01772475], [10.13207686, 59.01490617], [10.12842166, 59.01443052], [10.12784827, 59.01330972], [10.13205385, 59.00863147], [10.12761307, 59.00945616], [10.12687266, 59.00829673], [10.13004231, 59.00492561], [10.13295615, 59.00421655], [10.13521385, 59.00417054], [10.13935101, 59.00683212], [10.14209843, 59.01103306], [10.14515674, 59.00909305], [10.14912975, 59.00885427], [10.15387547, 59.00559366], [10.15544724, 59.00775886], [10.16248417, 59.00754786], [10.16239905, 59.00987124], [10.17145503, 59.01134443], [10.17709541, 59.01633906], [10.17935348, 59.01918507], [10.17874205, 59.02243245], [10.18387306, 59.02194011], [10.18487036, 59.01906252], [10.18784344, 59.01819384], [10.1953125, 59.02204227], [10.19531155, 59.02539062], [10.19557285, 59.02545846], [10.19743025, 59.02553534], [10.19977248, 59.02160263], [10.20439053, 59.02309036], [10.20865786, 59.02277255], [10.21350431, 59.02848017], [10.20889318, 59.03191078], [10.21462345, 59.03112006], [10.22078884, 59.03346133], [10.21972525, 59.0313524], [10.22113192, 59.0309695], [10.22590673, 59.03680468], [10.22920561, 59.03786504], [10.22716594, 59.03920805], [10.23190522, 59.04180181], [10.22883964, 59.04377365], [10.23101485, 59.04588318], [10.23143888, 59.05475914], [10.22465503, 59.0606935], [10.22837555, 59.06001735], [10.23160422, 59.05762434], [10.23194563, 59.05764735], [10.23408544, 59.06082547], [10.23412585, 59.06134701], [10.2320348, 59.0625], [10.23166132, 59.0625], [10.22460747, 59.06805742], [10.21782827, 59.06872976], [10.21176827, 59.07074571], [10.22094953, 59.07921958], [10.21797895, 59.07977164], [10.22014654, 59.08275473], [10.21800077, 59.08864105], [10.22013986, 59.08848596], [10.22051692, 59.08692241], [10.22322297, 59.08749437], [10.22289801, 59.08921874], [10.22007012, 59.08986855], [10.22121584, 59.09224391], [10.22206712, 59.0932343], [10.22635162, 59.09340405], [10.22597015, 59.09870148], [10.23043501, 59.10085571], [10.22588611, 59.10512435], [10.22587371, 59.11090887], [10.22323358, 59.11562288], [10.22444916, 59.11977005], [10.22112095, 59.1216588], [10.22087026, 59.12256002], [10.22208071, 59.12369812], [10.22491396, 59.12403345], [10.22491074, 59.12412202], [10.22156465, 59.12556541], [10.22209895, 59.12608993], [10.22322965, 59.12637568], [10.22603297, 59.12626207], [10.22753417, 59.12492537], [10.23110771, 59.12698495], [10.24135065, 59.12650394], [10.22874367, 59.12012315], [10.22701955, 59.11632586], [10.23430562, 59.10742712], [10.23334765, 59.10648978], [10.23844576, 59.10457444], [10.23728955, 59.10028696], [10.23930621, 59.09587085], [10.24363196, 59.09606731], [10.24458754, 59.10020757], [10.24731398, 59.09919608], [10.24688697, 59.09437335], [10.25005877, 59.09527326], [10.25167871, 59.09839845], [10.25385654, 59.09781444], [10.25450504, 59.08886707], [10.25947416, 59.08553481], [10.26195443, 59.07741904], [10.25915456, 59.07605565], [10.25872183, 59.07201481], [10.25280976, 59.06944525], [10.25171173, 59.06729472], [10.25800276, 59.06562102], [10.25844741, 59.06560385], [10.25673795, 59.06684434], [10.25690281, 59.06696343], [10.25873697, 59.06704748], [10.25950146, 59.06662405], [10.26161551, 59.06401956], [10.25957656, 59.0625], [10.25917685, 59.05994725], [10.25940037, 59.05933201], [10.26322365, 59.05600977], [10.26863146, 59.04658401], [10.26796782, 59.04189813], [10.27266085, 59.04074252], [10.27400827, 59.04092145], [10.27450705, 59.04134893], [10.27476704, 59.04630041], [10.28095055, 59.05068207], [10.28111565, 59.05176473], [10.27361751, 59.0625], [10.27289402, 59.0625], [10.2698611, 59.0661993], [10.27277505, 59.06768334], [10.27628088, 59.0636543], [10.28137088, 59.06520426], [10.27736294, 59.07072186], [10.28151155, 59.07491565], [10.28152847, 59.07744932], [10.27900791, 59.07917547], [10.28143322, 59.08161902], [10.2778337, 59.08357883], [10.27282703, 59.09127557], [10.27337921, 59.09667957], [10.26370513, 59.107216], [10.26502538, 59.11037028], [10.26234221, 59.11376154], [10.26318288, 59.11760771], [10.26580644, 59.11684835], [10.26468921, 59.11403596], [10.26681471, 59.11129391], [10.26812005, 59.11516511], [10.27165806, 59.11597204], [10.26743603, 59.11810863], [10.26622212, 59.12167704], [10.26851225, 59.12119114], [10.27240074, 59.11689734], [10.27442825, 59.11673844], [10.27684104, 59.11395371], [10.27618361, 59.11200905], [10.28314495, 59.1067034], [10.28333497, 59.1027714], [10.27685738, 59.10397506], [10.27895081, 59.09842575], [10.27926791, 59.10009801], [10.28276873, 59.09945154], [10.28271854, 59.09560955], [10.28508151, 59.09336817], [10.29051316, 59.09610724], [10.28946972, 59.09441757], [10.29198635, 59.08999562], [10.28929555, 59.08817077], [10.29343092, 59.0840944], [10.29264486, 59.08292663], [10.28917098, 59.08355558], [10.28990555, 59.08062947], [10.29009974, 59.08008397], [10.29225612, 59.07436347], [10.30174506, 59.06560028], [10.30208814, 59.06461835], [10.30115914, 59.0625], [10.30100501, 59.06232548], [10.29953825, 59.0625], [10.29845905, 59.0625], [10.29643655, 59.05842185], [10.29654455, 59.05813622], [10.30238974, 59.05328012], [10.30414212, 59.05280948], [10.30552816, 59.05314946], [10.3046149, 59.05596542], [10.30806458, 59.05511165], [10.31051254, 59.05734777], [10.31073928, 59.05769825], [10.31141984, 59.0625], [10.311414, 59.0625], [10.31067836, 59.06441104], [10.3129642, 59.06510174], [10.31457436, 59.06997561], [10.31437707, 59.07059205], [10.31110394, 59.07198906], [10.30713606, 59.07199132], [10.29996335, 59.08244967], [10.30263853, 59.08342016], [10.30092716, 59.08430886], [10.30217636, 59.08534694], [10.30734491, 59.08231032], [10.30897248, 59.08231032], [10.31192768, 59.08390963], [10.31224155, 59.08891177], [10.30984378, 59.09137833], [10.30869985, 59.09857488], [10.30842078, 59.09900427], [10.30324841, 59.09979057], [10.30468404, 59.10192156], [10.30182087, 59.10257936], [10.30432391, 59.10385907], [10.29533541, 59.11396992], [10.29137325, 59.11624241], [10.29557884, 59.11603045], [10.29562724, 59.11745095], [10.29922712, 59.11704338], [10.29804254, 59.12018192], [10.29206216, 59.11928475], [10.28994668, 59.12739193], [10.28344595, 59.12739098], [10.28691328, 59.12935662], [10.28520536, 59.13466322], [10.2799772, 59.13850474], [10.28634715, 59.14047265], [10.29605365, 59.13822556], [10.29968095, 59.13945544], [10.29859471, 59.13587916], [10.30210543, 59.13430452], [10.30533147, 59.13412225], [10.30847836, 59.13592994], [10.31327152, 59.13555932], [10.31046295, 59.13084948], [10.31128645, 59.12699294], [10.31623375, 59.1270442], [10.31864321, 59.13169765], [10.32072735, 59.12136412], [10.32230115, 59.12014174], [10.32425404, 59.12038624], [10.32720637, 59.12543702], [10.32254004, 59.1268326], [10.32181692, 59.12849367], [10.32516074, 59.12811565], [10.32656515, 59.13026905], [10.33050215, 59.12955892], [10.32969213, 59.13624895], [10.32236874, 59.14441037], [10.32509112, 59.14358938], [10.32710254, 59.14776135], [10.32408035, 59.14756382], [10.32210887, 59.14576662], [10.31320155, 59.14810526], [10.31244755, 59.14812243], [10.31006408, 59.14590037], [10.30891252, 59.14568377], [10.30774581, 59.14689994], [10.30795991, 59.14755631], [10.31208706, 59.15190733], [10.31889784, 59.15156662], [10.31843364, 59.15415573], [10.32212353, 59.15700793], [10.32311058, 59.16206062], [10.32600725, 59.16180062], [10.32390034, 59.1560744], [10.3290472, 59.15413368], [10.33220267, 59.15711391], [10.33197057, 59.15978241], [10.32789016, 59.16089976], [10.33537281, 59.16796804], [10.33433366, 59.16969883], [10.32882953, 59.17011285], [10.32908416, 59.1723845], [10.33250928, 59.17336655], [10.33354294, 59.17524648], [10.33003056, 59.18077123], [10.33248913, 59.18320441], [10.33359385, 59.19037974], [10.33241594, 59.19220817], [10.32776082, 59.19200695], [10.33546281, 59.20151866], [10.33487225, 59.20352745], [10.33762705, 59.20312965], [10.34335065, 59.21240413], [10.34401774, 59.21523511], [10.33957636, 59.21746457], [10.3393743, 59.21948135], [10.35154355, 59.21688724], [10.35921431, 59.21242726], [10.35921443, 59.21496224], [10.36608553, 59.22421944], [10.36439848, 59.22552335], [10.37037921, 59.22438264], [10.37131357, 59.22448611], [10.37336588, 59.22546446], [10.37630606, 59.22805512], [10.37862515, 59.23314154], [10.37760305, 59.23828125], [10.37764466, 59.23828125], [10.37811995, 59.24072754], [10.3733443, 59.2431885], [10.37312055, 59.24342847], [10.37123454, 59.24767005], [10.37123537, 59.24870455], [10.37438262, 59.25488067], [10.37442577, 59.26018524], [10.37813175, 59.26559544], [10.3781321, 59.26967084], [10.37346375, 59.27246845], [10.37859726, 59.27636695], [10.37773895, 59.27827621], [10.38359964, 59.27659595], [10.38768744, 59.27377605], [10.39274204, 59.27614164], [10.3960849, 59.27598143], [10.40301096, 59.26784384], [10.39406681, 59.26704502], [10.38860106, 59.2681154], [10.38955224, 59.26584661], [10.38688433, 59.26584995], [10.38515365, 59.26421416], [10.3837049, 59.25655782], [10.38636386, 59.25430226], [10.38639235, 59.25181437], [10.38232362, 59.25103915], [10.38157487, 59.24842358], [10.38154733, 59.24741066], [10.38228846, 59.24624491], [10.38516021, 59.24533081], [10.38411462, 59.23828125], [10.38490355, 59.2307868], [10.38263142, 59.22998464], [10.37429047, 59.21889031], [10.3706125, 59.21712768], [10.36748195, 59.21135581], [10.36815357, 59.20892477], [10.36491537, 59.20849705], [10.36425662, 59.20777535], [10.36301756, 59.20515263], [10.36301875, 59.20496154], [10.36661863, 59.2019546], [10.35984206, 59.18799496], [10.35983348, 59.1873039], [10.36609066, 59.17055094], [10.37263107, 59.17024708], [10.37080181, 59.16431308], [10.37303424, 59.16325045], [10.3795011, 59.16446614], [10.38278747, 59.16206717], [10.38540494, 59.16910565], [10.38441801, 59.17455602], [10.38863063, 59.17564964], [10.39010525, 59.17736578], [10.39104342, 59.17747474], [10.39320505, 59.17302191], [10.40444362, 59.17165852], [10.41585362, 59.16855526], [10.42267895, 59.16844594], [10.42770553, 59.16417396], [10.42825162, 59.16388094], [10.43176508, 59.16296136], [10.43259954, 59.16309977], [10.43427336, 59.16504312], [10.43474197, 59.16518104], [10.43649065, 59.16344166], [10.44099975, 59.16593063], [10.44317174, 59.16759586], [10.44765055, 59.17319536], [10.45193672, 59.17458618], [10.45548391, 59.17883384], [10.4667474, 59.17727363], [10.46708155, 59.17741275], [10.47190034, 59.18237615], [10.47051251, 59.18636942], [10.46956372, 59.18700445], [10.46899533, 59.18679404], [10.46514797, 59.18281603], [10.45975244, 59.18179584], [10.46810424, 59.18999052], [10.45520747, 59.19798732], [10.4577533, 59.20461023], [10.45320725, 59.20687795], [10.45823204, 59.20849383], [10.45691681, 59.21221304], [10.45993948, 59.21495676], [10.45818865, 59.22199523], [10.46172225, 59.22290814], [10.46464872, 59.22127986], [10.46705735, 59.22249675], [10.46705854, 59.22528613], [10.46122432, 59.23425376], [10.47190917, 59.23176932], [10.47503674, 59.23380733], [10.47554564, 59.23466516], [10.47546053, 59.23642254], [10.47363186, 59.23828125], [10.47372365, 59.23828125], [10.47202575, 59.23950136], [10.45879471, 59.24350905], [10.45311487, 59.2429924], [10.4518013, 59.2395761], [10.45039177, 59.23910093], [10.44981825, 59.23925436], [10.44714427, 59.24062276], [10.4466083, 59.24419701], [10.44411564, 59.24544656], [10.44234443, 59.24306822], [10.43804038, 59.24128795], [10.4378103, 59.24071217], [10.43878496, 59.23828125], [10.43782544, 59.23828125], [10.43988454, 59.23175442], [10.44112146, 59.23018861], [10.44181633, 59.22971821], [10.44579816, 59.22887146], [10.45542693, 59.2233932], [10.44491994, 59.22461915], [10.44416475, 59.22491932], [10.44142234, 59.22628915], [10.44105506, 59.22864735], [10.4376955, 59.23090374], [10.43718338, 59.23511314], [10.4363389, 59.23592412], [10.43487155, 59.23670495], [10.43136477, 59.23652196], [10.42966497, 59.23760974], [10.4296875, 59.23828125], [10.42924356, 59.23869944], [10.43335021, 59.24179316], [10.43335354, 59.24422026], [10.4271208, 59.24835074], [10.4299978, 59.25170624], [10.42677796, 59.25198936], [10.42416561, 59.25804925], [10.43163347, 59.26087475], [10.42988145, 59.26809883], [10.43010497, 59.26920485], [10.43151963, 59.27023578], [10.43266094, 59.26914716], [10.43582106, 59.27034736], [10.44172752, 59.26887643], [10.43905187, 59.26739144], [10.44012845, 59.26201367], [10.44462192, 59.26014352], [10.44495654, 59.25973904], [10.44482756, 59.25593126], [10.44508851, 59.25567436], [10.44883943, 59.25494015], [10.44964504, 59.25418067], [10.45018184, 59.25316262], [10.44752014, 59.24818778], [10.45116353, 59.24645412], [10.45418596, 59.24692786], [10.45860565, 59.24471652], [10.46815217, 59.24484491], [10.46999037, 59.24711442], [10.47361803, 59.24760485], [10.47823298, 59.25120294], [10.47852445, 59.25912535], [10.48206794, 59.26020134], [10.48371053, 59.26259434], [10.48601735, 59.26253545], [10.48528945, 59.26375294], [10.48778915, 59.26511335], [10.48979068, 59.26423836], [10.49141204, 59.25815797], [10.50404727, 59.25464201], [10.50480592, 59.25464487], [10.50529647, 59.25514221], [10.50231755, 59.25677085], [10.50306201, 59.25880635], [10.50150394, 59.26101994], [10.50039077, 59.26209164], [10.49293864, 59.26638305], [10.49267888, 59.26680553], [10.49123073, 59.26976526], [10.49397981, 59.27130628], [10.49242461, 59.27547514], [10.49506724, 59.27718651], [10.50102615, 59.27635133], [10.50589871, 59.28256953], [10.49965465, 59.28383434], [10.49975264, 59.29013705], [10.50516856, 59.29250407], [10.51127815, 59.29191816], [10.51493907, 59.29332483], [10.51885223, 59.29272294], [10.52048135, 59.29336536], [10.52105737, 59.29392421], [10.52189493, 59.30446255], [10.52217746, 59.30508506], [10.52797878, 59.30877316], [10.52822542, 59.30943096], [10.52567244, 59.31225204], [10.53043926, 59.31654584], [10.52483916, 59.31709981], [10.52497888, 59.31989408], [10.5226016, 59.32190561], [10.51940107, 59.32316744], [10.51852202, 59.32333565], [10.51372886, 59.32308447], [10.50851297, 59.32517445], [10.50769591, 59.32517064], [10.50071633, 59.32250273], [10.49745774, 59.32296407], [10.49672806, 59.32845557], [10.49081683, 59.33414745], [10.48764527, 59.33405244], [10.48409486, 59.33719313], [10.48222923, 59.34283233], [10.47339702, 59.34786832], [10.47311223, 59.35030127], [10.47138762, 59.34935606], [10.46976972, 59.35085475], [10.46130931, 59.3699125], [10.46667695, 59.37611592], [10.47255945, 59.37708485], [10.47406185, 59.38027525], [10.47750628, 59.38132787], [10.47904837, 59.38318062], [10.47930741, 59.38354421], [10.47961962, 59.39104915], [10.48227823, 59.39181924], [10.47861052, 59.39258015], [10.47718358, 59.39489746], [10.48105443, 59.39648342], [10.4850558, 59.40101588], [10.48748302, 59.40888858], [10.49126482, 59.41336298], [10.49456692, 59.41243625], [10.49446726, 59.4140625], [10.49477124, 59.4140625], [10.49457955, 59.41472888], [10.49796915, 59.41543651], [10.49848366, 59.4183017], [10.49624658, 59.42852545], [10.4961102, 59.42899954], [10.4937489, 59.43150735], [10.49868405, 59.43348837], [10.49828935, 59.43383014], [10.49532032, 59.43455267], [10.49045026, 59.43426847], [10.48782766, 59.43070626], [10.49165225, 59.43001497], [10.48954582, 59.42845452], [10.48574936, 59.42858815], [10.48319983, 59.43121815], [10.48240626, 59.43128085], [10.48181212, 59.430987], [10.47947145, 59.42898977], [10.48704386, 59.42332697], [10.47584856, 59.42243302], [10.45685816, 59.43133032], [10.45622516, 59.43176675], [10.4554311, 59.43283546], [10.4584769, 59.43458116], [10.45685625, 59.43802404], [10.45641994, 59.43829095], [10.45340443, 59.43806577], [10.44153261, 59.4423722], [10.44139552, 59.44494534], [10.44786465, 59.44390488], [10.45401907, 59.44458234], [10.45738125, 59.44402111], [10.45591032, 59.44184935], [10.45994306, 59.43917406], [10.46599805, 59.43905306], [10.46693325, 59.44158793], [10.46793687, 59.44192016], [10.46957266, 59.44194305], [10.47511542, 59.44099152], [10.47495866, 59.43820381], [10.47653317, 59.43776941], [10.47734535, 59.43792856], [10.48319376, 59.44577694], [10.48321033, 59.45045137], [10.48217165, 59.45086706], [10.48026037, 59.4510256], [10.47066391, 59.44905317], [10.46737766, 59.44362092], [10.46678984, 59.44364274], [10.46592414, 59.44773257], [10.45938146, 59.44706023], [10.45589256, 59.44544923], [10.45357788, 59.44882262], [10.44894648, 59.45049381], [10.44784462, 59.4534775], [10.44127154, 59.45346415], [10.43862116, 59.45156872], [10.43229461, 59.45196295], [10.43180251, 59.45169926], [10.43274283, 59.44946492], [10.43010926, 59.44491601], [10.43175483, 59.44294035], [10.42783785, 59.44109166], [10.40916121, 59.44656372], [10.40775228, 59.45031202], [10.40730608, 59.45045161], [10.40132046, 59.4505825], [10.39819074, 59.45002437], [10.39775383, 59.44986701], [10.39062095, 59.44433594], [10.39001465, 59.43875563], [10.38315046, 59.43857324], [10.37030673, 59.45177627], [10.36125505, 59.45538175], [10.36165404, 59.45745754], [10.3563416, 59.46106267], [10.35756814, 59.47087955], [10.35016656, 59.48062873], [10.34759951, 59.48041737], [10.34388542, 59.47030091], [10.33653975, 59.46986604], [10.33310926, 59.47235024], [10.33343565, 59.47809696], [10.32805705, 59.48147202], [10.32703066, 59.48467863], [10.32928503, 59.48588336], [10.32448411, 59.49139845], [10.32042134, 59.48937285], [10.31792355, 59.48969448], [10.31366527, 59.49451661], [10.3061583, 59.49707031], [10.29950666, 59.50541735], [10.29204011, 59.51074076], [10.29428375, 59.51383925], [10.28291106, 59.52527785], [10.28013217, 59.53146756], [10.27281821, 59.53226697], [10.26577306, 59.53057778], [10.26063621, 59.53304195], [10.25003743, 59.54718101], [10.24008024, 59.55055594], [10.23871064, 59.55592191], [10.24231482, 59.5557065], [10.24385548, 59.55713844], [10.23845124, 59.55915642], [10.23795223, 59.55957472], [10.23516357, 59.56458163], [10.23202026, 59.56486225], [10.23119044, 59.56528795], [10.23049581, 59.56691003], [10.23067606, 59.56856513], [10.2310065, 59.56899405], [10.23606193, 59.5711236], [10.24121904, 59.57116437], [10.24317265, 59.57281542], [10.24706936, 59.57056975], [10.25243676, 59.56136036], [10.25889802, 59.56056654], [10.25938821, 59.56221211], [10.26632774, 59.56214011], [10.27818775, 59.55315292], [10.28664696, 59.55061102], [10.30177045, 59.54231405], [10.32022238, 59.53753126], [10.33596647, 59.53114355], [10.33659875, 59.53101432], [10.3413403, 59.53250337], [10.34200597, 59.53256178], [10.34856606, 59.53230667], [10.35324216, 59.53155255], [10.36120105, 59.52880883], [10.37023425, 59.53095031], [10.37997723, 59.52988076], [10.3843317, 59.53372836], [10.39104295, 59.53668904], [10.38244355, 59.53968155], [10.3846662, 59.5418086], [10.39101088, 59.54104555], [10.39426124, 59.55009484], [10.39256883, 59.55382907], [10.39708841, 59.55553186], [10.39748871, 59.56065524], [10.39821768, 59.56120574], [10.40149546, 59.56188238], [10.4060992, 59.56097555], [10.40890276, 59.5620054], [10.40914845, 59.56243825], [10.40908933, 59.56739426], [10.40887165, 59.56776476], [10.39748001, 59.57050085], [10.39638507, 59.57121635], [10.39096868, 59.57629406], [10.39069235, 59.57669055], [10.38955581, 59.58083153], [10.3921653, 59.58170021], [10.39504075, 59.58776665], [10.39571595, 59.58833754], [10.39988685, 59.58984375], [10.40084982, 59.58984375], [10.40112531, 59.59012282], [10.41113782, 59.59000838], [10.41049945, 59.59241283], [10.4048717, 59.59237361], [10.40372634, 59.59340584], [10.40698636, 59.599985], [10.41383302, 59.60309684], [10.40870953, 59.61108601], [10.41116643, 59.61563778], [10.41058731, 59.61825085], [10.40785837, 59.61892271], [10.41171765, 59.62179124], [10.39757741, 59.63994682], [10.39107716, 59.64321554], [10.38677347, 59.65510976], [10.38831484, 59.65924263], [10.3803128, 59.66332066], [10.38243043, 59.66505802], [10.37799394, 59.66857028], [10.37417376, 59.67754734], [10.37362921, 59.67796075], [10.36676621, 59.67761242], [10.36332512, 59.67982054], [10.36430442, 59.68265641], [10.34638774, 59.68980646], [10.32397985, 59.69168532], [10.31858993, 59.69171464], [10.30421054, 59.69422555], [10.30255306, 59.69584465], [10.29792714, 59.69633198], [10.28549075, 59.70148051], [10.27461636, 59.70752931], [10.27237725, 59.71049392], [10.2676388, 59.71288204], [10.26774836, 59.72036827], [10.26437652, 59.72263241], [10.25584733, 59.72458351], [10.25380945, 59.7271651], [10.24685514, 59.72937846], [10.24586976, 59.73165035], [10.22864652, 59.73049974], [10.20721698, 59.73961735], [10.1953125, 59.74330354], [10.19150531, 59.74469185], [10.19070435, 59.74481595], [10.18492866, 59.74449635], [10.16238821, 59.74770045], [10.15527725, 59.74825454], [10.15369988, 59.74825704], [10.13275135, 59.74700153], [10.13052475, 59.74700367], [10.11579073, 59.74779701], [10.09803402, 59.7528702], [10.09060252, 59.75383258], [10.06754124, 59.75236476], [10.0571388, 59.75471306], [10.04208255, 59.75499284], [10.02391362, 59.75226152], [10.00011873, 59.75300574], [9.99865341, 59.75313771], [9.99099684, 59.75457191], [9.98182607, 59.75834215], [9.96589828, 59.76153207], [9.95836604, 59.765625], [9.95436525, 59.76710165], [9.95440042, 59.76726484], [9.95608783, 59.76789093], [9.95784545, 59.76766145], [9.96221554, 59.76618016], [9.96241605, 59.765625], [9.96277416, 59.765625], [9.96767855, 59.76285076], [9.98194981, 59.76041543], [9.99245083, 59.75538528], [9.99390376, 59.75513935], [10.00737071, 59.75393558], [10.01206136, 59.75389731], [10.04817975, 59.75579131], [10.06545794, 59.75480664], [10.07236254, 59.75313222], [10.07408965, 59.75313437], [10.09162092, 59.75495064], [10.11250401, 59.75265086], [10.10769641, 59.75125563], [10.12184048, 59.74811804], [10.12517715, 59.74874365], [10.12411356, 59.75021934], [10.13182688, 59.7492156], [10.14876437, 59.7502495], [10.16946042, 59.74747348], [10.18569255, 59.74695861], [10.18684304, 59.7459203], [10.1953125, 59.74469864], [10.21487105, 59.7397058], [10.22095835, 59.73976028], [10.23768115, 59.74065495], [10.23874652, 59.74186063], [10.24013066, 59.74068046], [10.24356866, 59.74123287], [10.24083614, 59.74383187], [10.24778354, 59.74666846], [10.25469112, 59.74519992], [10.2578454, 59.74590397], [10.25680733, 59.74994743], [10.26036632, 59.75086665], [10.26589453, 59.74986386], [10.26612484, 59.74722731], [10.26797485, 59.74652958], [10.27328146, 59.74640143], [10.27930403, 59.74798405], [10.28057551, 59.74793315], [10.28587866, 59.74662554], [10.286448, 59.74627435], [10.28522551, 59.73939884], [10.28550458, 59.73873901], [10.28889251, 59.73657215], [10.29199815, 59.73569858], [10.29473793, 59.73797595], [10.30028713, 59.73802841], [10.30112481, 59.72732651], [10.30360007, 59.72394645], [10.31037903, 59.72446883], [10.31109285, 59.72251678], [10.31582677, 59.72025192], [10.31729865, 59.71661437], [10.32232094, 59.71543181], [10.33004892, 59.71542692], [10.33507287, 59.71133113], [10.34801424, 59.71230674], [10.35434306, 59.71057522], [10.3619827, 59.71006644], [10.36629188, 59.7141062], [10.37077618, 59.71452415], [10.37320125, 59.71354186], [10.3721596, 59.71116817], [10.37784362, 59.71024346], [10.37941575, 59.70605457], [10.38976896, 59.70019531], [10.39501941, 59.68954206], [10.39719868, 59.6889261], [10.39825726, 59.69073653], [10.40181065, 59.69159627], [10.40993786, 59.68996334], [10.41213596, 59.68612671], [10.41938198, 59.68141735], [10.42631304, 59.68510675], [10.43009377, 59.68482685], [10.42792332, 59.67368054], [10.43349385, 59.66984761], [10.43651521, 59.66939378], [10.43817616, 59.66532397], [10.43414223, 59.65404761], [10.43169856, 59.65363145], [10.42989087, 59.65484774], [10.42834234, 59.65265214], [10.43161905, 59.64483166], [10.42854571, 59.64244854], [10.43066764, 59.63324428], [10.43710303, 59.62876606], [10.44045472, 59.62273002], [10.43237281, 59.61972821], [10.41545975, 59.61753702], [10.41319895, 59.61664927], [10.41303074, 59.61397874], [10.41434133, 59.61269724], [10.43181896, 59.6117419], [10.43292451, 59.61139977], [10.44044948, 59.60756671], [10.44046533, 59.60477126], [10.43452156, 59.59687114], [10.43725061, 59.59440446], [10.43705988, 59.59072065], [10.43608606, 59.58984375], [10.43411553, 59.58779514], [10.43599057, 59.5838654], [10.42960668, 59.57251906], [10.4298923, 59.56775343], [10.42523301, 59.56154704], [10.42667472, 59.55988157], [10.42353892, 59.56009352], [10.42059696, 59.55650497], [10.41847444, 59.54701567], [10.41509604, 59.54478073], [10.41075921, 59.53731453], [10.41511714, 59.52907896], [10.41551173, 59.52858806], [10.41865075, 59.52605915], [10.42161727, 59.52451074], [10.42483318, 59.52537167], [10.43471396, 59.52036834], [10.44653845, 59.52144897], [10.44784284, 59.52363694], [10.45438886, 59.51912844], [10.46047676, 59.51862705], [10.46299982, 59.51667035], [10.46364737, 59.51669621], [10.47416151, 59.52042663], [10.47514105, 59.52311575], [10.47907352, 59.52088535], [10.48333013, 59.52487254], [10.49490905, 59.52015758], [10.49923944, 59.52576721], [10.50538707, 59.52642965], [10.50897145, 59.52526534], [10.50998294, 59.52017248], [10.51207256, 59.52010524], [10.51407623, 59.52756834], [10.52849555, 59.53158724], [10.53637075, 59.53192174], [10.53845811, 59.53455532], [10.546875, 59.53655136], [10.55058217, 59.53729415], [10.55142283, 59.53767824], [10.55082595, 59.53945291], [10.55889511, 59.53922117], [10.56506491, 59.54335105], [10.57534015, 59.54425311], [10.58094585, 59.55033505], [10.58878207, 59.55076885], [10.59291005, 59.55385888], [10.59292245, 59.55635703], [10.60877967, 59.56379294], [10.61284566, 59.56864405], [10.61841786, 59.56987786], [10.61927056, 59.58021748], [10.61707783, 59.58984375], [10.61685693, 59.58984375], [10.61781585, 59.59484124], [10.61624646, 59.60281825], [10.60638607, 59.62709248], [10.60429287, 59.64116204], [10.60667574, 59.64218962], [10.60323727, 59.65154648], [10.60324407, 59.66224504], [10.59751785, 59.66756582], [10.58841741, 59.66774785], [10.58034182, 59.66981125], [10.57841885, 59.66808081], [10.58682585, 59.66635394], [10.58755743, 59.66485524], [10.58063447, 59.66591215], [10.58456051, 59.66291666], [10.57551801, 59.66424501], [10.57067597, 59.66732764], [10.57216895, 59.66848397], [10.57575572, 59.66811454], [10.57563102, 59.66928005], [10.55207825, 59.6781286], [10.54781008, 59.68245173], [10.546875, 59.68247771], [10.54375315, 59.68234158], [10.54100811, 59.68426192], [10.53815615, 59.68487704], [10.53645611, 59.68486035], [10.53722537, 59.68277097], [10.53498793, 59.68143356], [10.53677607, 59.67832518], [10.53481698, 59.67784822], [10.5209161, 59.69038975], [10.51836336, 59.69622636], [10.51836526, 59.69686985], [10.52358818, 59.70688951], [10.51945615, 59.72124755], [10.52192616, 59.72811246], [10.51847327, 59.73325837], [10.51153982, 59.73376524], [10.51270962, 59.73897874], [10.51121402, 59.74312425], [10.51113486, 59.74618983], [10.51642525, 59.76149297], [10.51543021, 59.76341665], [10.51509392, 59.76365042], [10.51210988, 59.76461268], [10.51166165, 59.76461077], [10.50467336, 59.76037204], [10.50348341, 59.76040506], [10.49873495, 59.76265132], [10.49893355, 59.765625], [10.49918675, 59.765625], [10.50233972, 59.77064025], [10.50294495, 59.78204226], [10.50283754, 59.78251326], [10.50034845, 59.78289056], [10.49693787, 59.78653741], [10.49552727, 59.78804445], [10.50303602, 59.79342425], [10.50304615, 59.79360342], [10.49691045, 59.79617822], [10.50436604, 59.80279112], [10.49725413, 59.80217183], [10.49624395, 59.80453777], [10.49368656, 59.80525458], [10.49714577, 59.80659342], [10.49263883, 59.80793047], [10.48660958, 59.80773056], [10.48636782, 59.81063425], [10.48961616, 59.81293762], [10.48394752, 59.81512904], [10.49044061, 59.81818438], [10.48909545, 59.81917655], [10.48554122, 59.81775928], [10.48263133, 59.81795502], [10.48297322, 59.82031834], [10.47896385, 59.81840122], [10.47764301, 59.82027531], [10.47778845, 59.82093358], [10.48652315, 59.82737327], [10.49524641, 59.8299365], [10.49672472, 59.83368587], [10.50560665, 59.83571005], [10.51512063, 59.83990908], [10.51294053, 59.84119165], [10.50461376, 59.84131837], [10.47579765, 59.83266735], [10.47309113, 59.83344805], [10.47537875, 59.83414054], [10.47198725, 59.83538675], [10.47218788, 59.83666027], [10.47738826, 59.8371644], [10.47932613, 59.84006441], [10.49185467, 59.84256387], [10.49728227, 59.84618294], [10.49750304, 59.84835315], [10.49398375, 59.85006464], [10.49681592, 59.85077727], [10.49520004, 59.85612226], [10.50519395, 59.85665905], [10.51158261, 59.86022246], [10.51281548, 59.85803807], [10.51644123, 59.85657275], [10.51777816, 59.85661173], [10.51997805, 59.85717475], [10.53592491, 59.86243045], [10.53612125, 59.86567175], [10.54500306, 59.86876345], [10.54551804, 59.86919332], [10.54153132, 59.8749634], [10.53813612, 59.87576377], [10.53066695, 59.87581635], [10.5205549, 59.87224436], [10.5170387, 59.87217796], [10.51839495, 59.873546], [10.52955675, 59.87608957], [10.53119183, 59.87872422], [10.52934134, 59.87904656], [10.53299212, 59.88041663], [10.53059137, 59.88132131], [10.52598393, 59.88161635], [10.52545285, 59.87985182], [10.50408924, 59.87582993], [10.50550604, 59.87760067], [10.51782012, 59.88012993], [10.51944578, 59.88442707], [10.52691495, 59.88521194], [10.527529, 59.88754535], [10.53509855, 59.88534522], [10.53426063, 59.88358808], [10.53561056, 59.88209951], [10.53664756, 59.88150132], [10.53985333, 59.88132024], [10.54091191, 59.88168848], [10.54520392, 59.88407135], [10.54539788, 59.88626075], [10.5429455, 59.88723958], [10.53489172, 59.88616955], [10.53092277, 59.88909101], [10.53102815, 59.88944328], [10.53226078, 59.89031541], [10.54000556, 59.89181566], [10.54540491, 59.89042056], [10.546875, 59.89034593], [10.55252147, 59.89114797], [10.55289924, 59.8910228], [10.55077624, 59.88831735], [10.55155444, 59.8874315], [10.55306363, 59.88713026], [10.56946695, 59.88773835], [10.57921386, 59.89241266], [10.58505094, 59.89337564], [10.59443438, 59.89886856], [10.61354101, 59.90394843], [10.61428034, 59.90324354], [10.60572505, 59.89867771], [10.59216595, 59.89383793], [10.59176612, 59.89352751], [10.59513736, 59.89263272], [10.59621108, 59.89263594], [10.60210025, 59.8938117], [10.59122813, 59.88791883], [10.59634066, 59.88690817], [10.60047841, 59.8870517], [10.60316098, 59.88758576], [10.61100662, 59.89048076], [10.61283505, 59.89055765], [10.61328077, 59.89002335], [10.61195147, 59.88817227], [10.61102653, 59.88773775], [10.59771764, 59.88389635], [10.59475911, 59.88046873], [10.59976685, 59.88057613], [10.60217595, 59.87457514], [10.60335052, 59.87408721], [10.60622728, 59.87404275], [10.60937965, 59.87482846], [10.60977614, 59.87512636], [10.60903776, 59.87651992], [10.61551487, 59.87629855], [10.62530434, 59.87836146], [10.62621474, 59.88153875], [10.62982178, 59.88306725], [10.62586236, 59.88317728], [10.61700225, 59.88004017], [10.61348641, 59.88033915], [10.61863232, 59.88388813], [10.62477553, 59.88393867], [10.63476324, 59.88765752], [10.63620496, 59.89175475], [10.63125455, 59.89241302], [10.6349231, 59.89387751], [10.63350046, 59.8957175], [10.63679481, 59.90033615], [10.6349231, 59.90026104], [10.63372505, 59.90217614], [10.64075577, 59.90531206], [10.63840055, 59.90649474], [10.64433324, 59.90782142], [10.64439285, 59.90825582], [10.64190996, 59.91054642], [10.64279234, 59.91089892], [10.64419794, 59.91066694], [10.64597857, 59.91096842], [10.64566636, 59.91261375], [10.65032792, 59.91188967], [10.6508342, 59.91200185], [10.66027725, 59.91525555], [10.66369271, 59.91534138], [10.66408575, 59.91547382], [10.66257477, 59.91690862], [10.67189181, 59.91914392], [10.67401075, 59.91890252], [10.67444432, 59.9182024], [10.67328834, 59.91672993], [10.67045212, 59.91534674], [10.66173005, 59.9132055], [10.66160703, 59.91287637]], [[10.65621793, 59.9080373], [10.65761185, 59.90692532], [10.65919864, 59.90713513], [10.65960598, 59.90746915], [10.66112113, 59.9094671], [10.66005135, 59.90985227], [10.65811372, 59.90991831], [10.65728748, 59.90975893], [10.65621793, 59.9080373]], [[10.72331202, 59.89499545], [10.72554338, 59.89358366], [10.72827315, 59.892753], [10.72711921, 59.89092124], [10.7325741, 59.89135706], [10.73561704, 59.89206934], [10.74235606, 59.89496195], [10.74259853, 59.89535213], [10.74238884, 59.89606202], [10.74045706, 59.89673674], [10.73209846, 59.89528012], [10.73561275, 59.89857876], [10.73167956, 59.89892328], [10.72353005, 59.89641905], [10.72333145, 59.89620817], [10.72331202, 59.89499545]], [[10.74573135, 59.89094675], [10.73996115, 59.89028215], [10.73681664, 59.88945115], [10.73269725, 59.88813281], [10.73282743, 59.88752723], [10.73771322, 59.88754117], [10.74350154, 59.88889921], [10.74506271, 59.88936961], [10.7465502, 59.89010906], [10.74651766, 59.89073706], [10.74573135, 59.89094675]], [[10.71881545, 59.89081776], [10.71888316, 59.89098942], [10.72135794, 59.89181375], [10.72116506, 59.89198434], [10.71629155, 59.89372075], [10.71182215, 59.8925302], [10.70435774, 59.88933182], [10.70400155, 59.88634562], [10.71053791, 59.88851535], [10.71709287, 59.88669872], [10.72149503, 59.88888705], [10.71956921, 59.88911903], [10.71881545, 59.89081776]], [[10.6963309, 59.89095783], [10.69696665, 59.89232564], [10.69184256, 59.89111066], [10.69007897, 59.88942635], [10.69115615, 59.88799155], [10.69320095, 59.88934398], [10.69576538, 59.88615835], [10.69757485, 59.88637567], [10.6963309, 59.89095783]], [[10.72630644, 59.88613164], [10.71694374, 59.88367045], [10.71431363, 59.88476121], [10.71388614, 59.88462245], [10.71113253, 59.88074565], [10.71464741, 59.88297892], [10.71405745, 59.87936652], [10.71430671, 59.87922871], [10.71613145, 59.87851763], [10.71692717, 59.87886214], [10.72180676, 59.87909782], [10.72524154, 59.8802731], [10.72423077, 59.88153887], [10.72361505, 59.88163745], [10.71739304, 59.88036263], [10.71623945, 59.88099635], [10.71849096, 59.88254046], [10.72349405, 59.88242173], [10.72391951, 59.88257253], [10.72418642, 59.88380015], [10.72689116, 59.88595974], [10.72630644, 59.88613164]], [[10.61903036, 59.87472117], [10.62199867, 59.87308085], [10.62281024, 59.87317395], [10.62207341, 59.87620437], [10.61897135, 59.87500298], [10.61903036, 59.87472117]], [[10.72109795, 59.8747009], [10.71295714, 59.87194705], [10.71279633, 59.87138557], [10.71354783, 59.87033856], [10.71806443, 59.87047184], [10.71774757, 59.86800337], [10.71886444, 59.86778784], [10.7211076, 59.86768305], [10.72787356, 59.86944854], [10.72801161, 59.86960125], [10.72672021, 59.87093556], [10.72471833, 59.87236631], [10.72505546, 59.87414312], [10.72256517, 59.87450635], [10.72109795, 59.8747009]], [[10.58607554, 59.87011898], [10.58659017, 59.87051225], [10.59707761, 59.87330592], [10.59891295, 59.8761394], [10.59868884, 59.87678301], [10.59763134, 59.87743712], [10.58771443, 59.87827754], [10.58732295, 59.88043606], [10.5854212, 59.88088107], [10.578529, 59.87863648], [10.57850218, 59.87826574], [10.58107376, 59.87738061], [10.58653796, 59.87722814], [10.58575034, 59.87230432], [10.57428431, 59.87657034], [10.55915725, 59.87371206], [10.55886698, 59.87346923], [10.55501556, 59.86928165], [10.55753911, 59.86568666], [10.55981922, 59.86365485], [10.56391776, 59.86322904], [10.56367028, 59.86205447], [10.5695405, 59.86115277], [10.56408095, 59.85862505], [10.56487644, 59.85778403], [10.56888556, 59.85756993], [10.57141781, 59.85931218], [10.58161294, 59.86042476], [10.58350241, 59.86282682], [10.59279573, 59.86652792], [10.59195757, 59.86735141], [10.58527315, 59.86604226], [10.58526623, 59.86901355], [10.58607554, 59.87011898]], [[10.55391681, 59.86634624], [10.546875, 59.86635041], [10.546875, 59.86607134], [10.54375923, 59.86276555], [10.52647221, 59.85785842], [10.52600503, 59.85747767], [10.5271188, 59.85608113], [10.52545714, 59.85481405], [10.52824485, 59.85410535], [10.5264821, 59.85285187], [10.5271337, 59.85242474], [10.53337014, 59.85193253], [10.53637946, 59.85043895], [10.52747571, 59.84782958], [10.52721643, 59.84724581], [10.52826595, 59.84714043], [10.53985107, 59.84897673], [10.54001451, 59.84983647], [10.546875, 59.85128343], [10.54940915, 59.8513149], [10.55036771, 59.8515979], [10.55921125, 59.85535324], [10.55317044, 59.85504317], [10.546875, 59.85323656], [10.53808653, 59.85161805], [10.54604316, 59.85463154], [10.546875, 59.85463154], [10.54928267, 59.85561514], [10.54936194, 59.85592806], [10.546875, 59.85686386], [10.54591715, 59.85756135], [10.54659772, 59.85825884], [10.546875, 59.85825884], [10.546875, 59.85881686], [10.54825675, 59.85963476], [10.55457866, 59.86114454], [10.55615771, 59.86351681], [10.55615711, 59.86390281], [10.55391681, 59.86634624]], [[10.5798192, 59.85599327], [10.58388627, 59.8538382], [10.57794607, 59.85122275], [10.57763493, 59.84835923], [10.5784868, 59.84819675], [10.58607745, 59.85007024], [10.58700788, 59.85046625], [10.59368932, 59.85473096], [10.59157085, 59.85595214], [10.58590055, 59.85475767], [10.58269644, 59.85695326], [10.5798192, 59.85599327]], [[10.55536675, 59.84931612], [10.55794775, 59.85151684], [10.55525863, 59.85086823], [10.55445302, 59.84911454], [10.55536675, 59.84931612]], [[10.52381158, 59.85002065], [10.52012575, 59.85174906], [10.51750684, 59.85059202], [10.52033031, 59.84918797], [10.52206194, 59.84922111], [10.52381158, 59.85002065]], [[10.55577433, 59.87601483], [10.56465316, 59.87815332], [10.56490147, 59.87897003], [10.56497693, 59.87933338], [10.56163037, 59.88236487], [10.55865216, 59.88275266], [10.546875, 59.87834823], [10.546875, 59.87806904], [10.54527712, 59.87713981], [10.546875, 59.87667406], [10.55340421, 59.87692332], [10.55476117, 59.87587297], [10.55577433, 59.87601483]], [[10.5363785, 59.84397566], [10.53749657, 59.84381545], [10.53955126, 59.84401357], [10.54128516, 59.84450257], [10.54187036, 59.84491575], [10.54141295, 59.84512746], [10.54030251, 59.84521174], [10.53902996, 59.84495306], [10.53739214, 59.84471774], [10.53639817, 59.84435761], [10.5363785, 59.84397566]], [[10.53585446, 59.83783305], [10.53616965, 59.8376435], [10.5366677, 59.83769715], [10.53719163, 59.8379575], [10.53756583, 59.83828676], [10.53996074, 59.83947575], [10.54080117, 59.8397547], [10.54150617, 59.84014797], [10.54166222, 59.84055495], [10.54133236, 59.84095895], [10.53973556, 59.84036696], [10.53931975, 59.8402971], [10.53876507, 59.84001815], [10.53862655, 59.83980882], [10.53569508, 59.83820462], [10.53585446, 59.83783305]], [[10.49763358, 59.8258028], [10.50116706, 59.82508707], [10.50279152, 59.8252635], [10.51382625, 59.8283478], [10.51484454, 59.82879615], [10.51823163, 59.83079958], [10.51813662, 59.83225155], [10.49997234, 59.82773566], [10.49763358, 59.8258028]], [[10.60798752, 59.81933057], [10.60720134, 59.81906664], [10.60650575, 59.81886017], [10.6059128, 59.81869507], [10.60535991, 59.81856263], [10.6048069, 59.81842232], [10.60424662, 59.81829524], [10.60370421, 59.81816494], [10.60323977, 59.81805146], [10.60290515, 59.81789255], [10.60263753, 59.81765294], [10.60239625, 59.81737423], [10.60243392, 59.81712794], [10.60295534, 59.81699264], [10.60388136, 59.81700826], [10.60475707, 59.81715345], [10.60554695, 59.81736982], [10.60637248, 59.81766057], [10.60718811, 59.81793845], [10.60799122, 59.81821465], [10.60867226, 59.81841326], [10.60929287, 59.81858695], [10.60999656, 59.81878257], [10.61082947, 59.81904936], [10.61161113, 59.81930947], [10.61217654, 59.81959653], [10.61225545, 59.81984711], [10.61172473, 59.82000124], [10.61067665, 59.82007766], [10.6098299, 59.81979275], [10.60927737, 59.81969285], [10.6086837, 59.81953692], [10.60798752, 59.81933057]], [[10.61093736, 59.81727207], [10.60586345, 59.81508613], [10.60639024, 59.81454325], [10.60796082, 59.81421626], [10.61084616, 59.81597245], [10.6160984, 59.81618035], [10.61093736, 59.81727207]], [[10.56058335, 59.75016665], [10.56277466, 59.74907196], [10.56430423, 59.74918497], [10.56604815, 59.75047231], [10.56464887, 59.75296366], [10.56712008, 59.75586331], [10.56712008, 59.75641441], [10.56414545, 59.76028144], [10.56374776, 59.76038694], [10.56070924, 59.75315082], [10.56058335, 59.75016665]], [[10.51875794, 59.74260664], [10.52092588, 59.74235177], [10.52219582, 59.74270356], [10.52314162, 59.74362147], [10.52248633, 59.74456894], [10.52184463, 59.74480605], [10.51891005, 59.74305117], [10.51875794, 59.74260664]], [[10.56354511, 59.73493612], [10.56628466, 59.72950804], [10.56665134, 59.72959757], [10.56656206, 59.7315762], [10.56886053, 59.73656356], [10.56549954, 59.73719037], [10.56354511, 59.73493612]], [[10.57071662, 59.73070121], [10.57180226, 59.72457302], [10.5746634, 59.72219336], [10.575881, 59.72244072], [10.57761073, 59.72430122], [10.57602096, 59.73023093], [10.57360041, 59.73158467], [10.57194722, 59.73158467], [10.57071662, 59.73070121]], [[10.54917586, 59.71377254], [10.55006766, 59.71331334], [10.55444264, 59.71502042], [10.55364478, 59.70978153], [10.55823135, 59.70691335], [10.55369747, 59.70735145], [10.55330121, 59.70728505], [10.55248642, 59.70655596], [10.55197978, 59.70573628], [10.55362225, 59.70026135], [10.55417311, 59.69929707], [10.55525851, 59.69826818], [10.55910301, 59.69829226], [10.55905604, 59.69545186], [10.56677127, 59.68375635], [10.56774056, 59.68300486], [10.57648003, 59.6794517], [10.58706284, 59.67637825], [10.59680498, 59.67425275], [10.59907591, 59.67422235], [10.60058296, 59.67568636], [10.59262514, 59.68738258], [10.59243524, 59.69107986], [10.58700967, 59.69278002], [10.58426344, 59.69622087], [10.5830574, 59.69679916], [10.57735765, 59.69821894], [10.57248533, 59.70142162], [10.56297421, 59.70316386], [10.56209445, 59.70374477], [10.56134832, 59.70493495], [10.56325865, 59.70978153], [10.56237805, 59.71392167], [10.56720507, 59.71498227], [10.56740475, 59.71525502], [10.56979942, 59.71827352], [10.56967604, 59.71842694], [10.56673384, 59.72040772], [10.56306446, 59.72119784], [10.56131518, 59.72129917], [10.55202675, 59.71939755], [10.54948735, 59.71763384], [10.54893267, 59.71696162], [10.54889345, 59.71419513], [10.54917586, 59.71377254]], [[10.58910644, 59.70234883], [10.59059036, 59.70013237], [10.59141874, 59.70026922], [10.59292865, 59.70246935], [10.59021831, 59.70315695], [10.58910644, 59.70234883]], [[10.60570371, 59.67733705], [10.60432982, 59.67308331], [10.60747886, 59.67153084], [10.60849285, 59.67160845], [10.60940886, 59.67222452], [10.6096009, 59.67365861], [10.60929465, 59.6743896], [10.60722995, 59.67594373], [10.60721946, 59.6764338], [10.60907495, 59.67837465], [10.60550725, 59.67972076], [10.60370803, 59.6791321], [10.60570371, 59.67733705]], [[10.59193957, 59.67397416], [10.58621597, 59.67584026], [10.58271015, 59.67390895], [10.59465694, 59.67259407], [10.59193957, 59.67397416]], [[10.53414142, 59.68746185], [10.53417134, 59.69010735], [10.52716315, 59.69103098], [10.52528584, 59.69329095], [10.52477872, 59.69603002], [10.52125156, 59.69754458], [10.51952815, 59.6962527], [10.52517414, 59.68990564], [10.53384483, 59.68726552], [10.53414142, 59.68746185]], [[10.54052424, 59.69352901], [10.54206455, 59.69341481], [10.54347003, 59.69424856], [10.53781796, 59.6995697], [10.54020834, 59.70022798], [10.53822756, 59.7057842], [10.53355861, 59.70964086], [10.53009164, 59.71012545], [10.52831125, 59.70210695], [10.53014863, 59.69878244], [10.54052424, 59.69352901]], [[10.54212296, 59.68966043], [10.54659951, 59.6875], [10.546875, 59.6875], [10.54846036, 59.68766165], [10.546875, 59.68917406], [10.546875, 59.68945312], [10.54277074, 59.69048345], [10.54243374, 59.69031787], [10.54212296, 59.68966043]], [[10.53528774, 59.52049375], [10.53218186, 59.51861834], [10.53188121, 59.51818764], [10.53186345, 59.51574814], [10.53266156, 59.51576698], [10.53808594, 59.51905763], [10.53528774, 59.52049375]], [[10.67746794, 59.51726556], [10.67415416, 59.51599181], [10.67345154, 59.51553166], [10.67285562, 59.51353705], [10.67044628, 59.51329041], [10.67002726, 59.5127269], [10.67069376, 59.51009858], [10.67285633, 59.51017594], [10.67438614, 59.51364994], [10.67774105, 59.51712191], [10.67746794, 59.51726556]], [[10.64893746, 59.51293993], [10.63605261, 59.51593351], [10.63320363, 59.51437998], [10.63527632, 59.51109111], [10.63598144, 59.51037395], [10.63984656, 59.50855207], [10.64141393, 59.5084722], [10.64785731, 59.51147723], [10.64893746, 59.51293993]], [[10.62907553, 59.50815856], [10.62739134, 59.50985384], [10.62650824, 59.50689924], [10.62790978, 59.50535524], [10.62879705, 59.50537384], [10.62944055, 59.50575042], [10.62907553, 59.50815856]], [[10.56160617, 59.51571321], [10.55694067, 59.51683414], [10.55625665, 59.51657462], [10.55414212, 59.51286685], [10.55459344, 59.51185668], [10.55626166, 59.51183414], [10.5609591, 59.51350772], [10.56211448, 59.5149194], [10.56160617, 59.51571321]], [[10.35673964, 59.51501691], [10.35696638, 59.51820183], [10.35373712, 59.52157807], [10.35211956, 59.52273524], [10.34739733, 59.52481866], [10.33788395, 59.52724564], [10.33750546, 59.52389657], [10.3377341, 59.52333713], [10.34037328, 59.52086282], [10.34578085, 59.51712751], [10.35276306, 59.51359606], [10.35641062, 59.5128479], [10.35705125, 59.51319528], [10.35673964, 59.51501691]], [[10.32837403, 59.51777756], [10.32787454, 59.51812434], [10.32651126, 59.51722765], [10.32704484, 59.51599705], [10.32955515, 59.51336074], [10.32992041, 59.5134294], [10.32837403, 59.51777756]], [[10.32379794, 59.51776826], [10.3241415, 59.52385604], [10.31783235, 59.52742493], [10.31538403, 59.53135896], [10.30681705, 59.53521144], [10.31002104, 59.52927256], [10.32048535, 59.51939285], [10.32169402, 59.51609325], [10.32445812, 59.51505685], [10.32469845, 59.51517832], [10.32379794, 59.51776826]], [[10.32810605, 59.52381861], [10.33526921, 59.5196563], [10.33621645, 59.51994741], [10.33473134, 59.52442431], [10.3297832, 59.52738476], [10.32744014, 59.52605057], [10.32784605, 59.52412963], [10.32810605, 59.52381861]], [[10.31341982, 59.7198565], [10.31302464, 59.71990836], [10.31057584, 59.71835375], [10.31066942, 59.71802545], [10.31414592, 59.71691465], [10.31470013, 59.7171874], [10.31341982, 59.7198565]], [[10.23360467, 59.73413575], [10.23863471, 59.73708093], [10.23877835, 59.73869824], [10.23829925, 59.73939824], [10.23341322, 59.73997772], [10.23197615, 59.73995352], [10.22325754, 59.73823965], [10.2160722, 59.73862576], [10.21583271, 59.73843265], [10.22852695, 59.73290455], [10.23025155, 59.73234951], [10.23336518, 59.73242176], [10.23820353, 59.73242176], [10.23844302, 59.73256671], [10.23360467, 59.73413575]], [[10.38136947, 59.49156225], [10.39906645, 59.48123694], [10.39963794, 59.48137057], [10.40084672, 59.48317587], [10.4008044, 59.48388255], [10.39958847, 59.48428237], [10.39609444, 59.4862504], [10.39710224, 59.48716176], [10.38158536, 59.49652541], [10.37058377, 59.5015136], [10.36231816, 59.50309873], [10.36698031, 59.49846542], [10.38136947, 59.49156225]], [[10.49568236, 59.48416686], [10.49650323, 59.48108482], [10.49910307, 59.48176897], [10.50289822, 59.48762405], [10.49946594, 59.48978114], [10.49548626, 59.48499894], [10.49568236, 59.48416686]], [[10.49324381, 59.43847752], [10.49456215, 59.43837333], [10.4991796, 59.44001222], [10.49565685, 59.44087625], [10.49415445, 59.44473696], [10.49257314, 59.44512045], [10.48670936, 59.44415414], [10.48651814, 59.44368565], [10.4876883, 59.44200253], [10.49324381, 59.43847752]], [[10.57706141, 59.43606186], [10.57673514, 59.43437946], [10.57749975, 59.43399453], [10.57961655, 59.43403578], [10.58301282, 59.43487012], [10.58173215, 59.43659997], [10.57706141, 59.43606186]], [[10.63112974, 59.400141], [10.63696361, 59.39378905], [10.63689387, 59.39891136], [10.6318022, 59.40003955], [10.63112974, 59.400141]], [[10.52114284, 59.37271535], [10.53568387, 59.36607134], [10.54018307, 59.37169707], [10.54018426, 59.37239802], [10.53906512, 59.38435864], [10.53748286, 59.38639307], [10.53451371, 59.38702381], [10.53409564, 59.38730633], [10.52154768, 59.38599873], [10.52003133, 59.39169896], [10.51703036, 59.39228034], [10.51610994, 59.39198518], [10.51535726, 59.39054978], [10.51834595, 59.38496006], [10.51313365, 59.37734997], [10.51318264, 59.37704194], [10.51937735, 59.37571025], [10.52114284, 59.37271535]], [[10.64769387, 59.3346914], [10.65229046, 59.32970595], [10.65416503, 59.32909966], [10.65519774, 59.32906616], [10.65485752, 59.33195245], [10.64881253, 59.33655727], [10.64769387, 59.3346914]], [[10.64028096, 59.32546365], [10.64468336, 59.32506192], [10.64080405, 59.32317805], [10.64080274, 59.31969583], [10.65795982, 59.31891871], [10.65942287, 59.31925333], [10.65978086, 59.32039165], [10.65842187, 59.322788], [10.65117574, 59.32501638], [10.65097165, 59.32539785], [10.6489464, 59.32876742], [10.64426625, 59.32859337], [10.64028096, 59.32546365]], [[10.66267014, 59.29589987], [10.66183317, 59.29206395], [10.66693926, 59.29456043], [10.66660321, 59.29833305], [10.67324138, 59.29828167], [10.67382967, 59.29847264], [10.67558956, 59.29947615], [10.67397904, 59.30393493], [10.6736294, 59.30430031], [10.67057908, 59.30654275], [10.66990042, 59.30682337], [10.66551983, 59.30750573], [10.65783727, 59.30141783], [10.65882492, 59.29984868], [10.66577303, 59.29725635], [10.66267014, 59.29589987]], [[10.67985725, 59.29210365], [10.67456186, 59.29180574], [10.67360592, 59.29144502], [10.67555165, 59.28803945], [10.67700994, 59.28731096], [10.67908895, 59.28746665], [10.68063676, 59.28805256], [10.68036675, 59.29202926], [10.67985725, 59.29210365]], [[10.67416334, 59.27667356], [10.67585635, 59.27666545], [10.67690313, 59.27711141], [10.68018484, 59.28108561], [10.68332827, 59.28281581], [10.68370795, 59.28330195], [10.68258226, 59.28372717], [10.67761898, 59.28376114], [10.67740393, 59.28361917], [10.67412615, 59.27709818], [10.67416334, 59.27667356]], [[10.69921052, 59.25135911], [10.70143414, 59.24807417], [10.68734324, 59.24449158], [10.68553472, 59.23828125], [10.68576384, 59.23828125], [10.68331134, 59.22837806], [10.68733418, 59.22474885], [10.68735027, 59.22083461], [10.69546843, 59.21804261], [10.69739807, 59.21491206], [10.70624328, 59.21258378], [10.70896685, 59.21484828], [10.70840704, 59.21652925], [10.70252204, 59.21996236], [10.69850063, 59.22070146], [10.69668066, 59.22291625], [10.70481515, 59.22896278], [10.70380855, 59.23108947], [10.70679975, 59.23506534], [10.70366752, 59.23828125], [10.70314765, 59.23867214], [10.70125866, 59.23894465], [10.70037055, 59.23993826], [10.7025274, 59.24680877], [10.70690656, 59.25006998], [10.70489383, 59.25157654], [10.70149815, 59.25190258], [10.69921052, 59.25135911]], [[10.73535836, 59.22262537], [10.73820508, 59.22198963], [10.74194407, 59.22371483], [10.74982286, 59.22864294], [10.74077547, 59.23099732], [10.7396034, 59.22934055], [10.74146807, 59.22779345], [10.73629153, 59.22530162], [10.73535836, 59.22262537]], [[10.76311576, 59.22476435], [10.75853884, 59.22303402], [10.75305021, 59.21835482], [10.75814545, 59.21424294], [10.75687182, 59.21238911], [10.76572764, 59.21108055], [10.76342773, 59.2033354], [10.76626122, 59.20181572], [10.76845944, 59.20227623], [10.76819265, 59.2001034], [10.77120912, 59.19834888], [10.77392888, 59.19892514], [10.77413225, 59.19877934], [10.77157176, 59.19691718], [10.77179766, 59.19654918], [10.77645147, 59.19364345], [10.77786446, 59.19364131], [10.78053403, 59.19508684], [10.78185844, 59.19800818], [10.78382611, 59.19768155], [10.78696954, 59.19983375], [10.79023278, 59.20699584], [10.79391885, 59.20705414], [10.79464614, 59.20932782], [10.78549624, 59.21142065], [10.779531, 59.21047056], [10.78285003, 59.21214902], [10.78327215, 59.21290314], [10.78282034, 59.21440315], [10.78191566, 59.2155354], [10.77441466, 59.222911], [10.76950681, 59.22416353], [10.76781857, 59.22560477], [10.76308191, 59.22993672], [10.76071227, 59.22565305], [10.76311576, 59.22476435]], [[10.56953144, 59.19390404], [10.56623948, 59.19947076], [10.56216013, 59.19461823], [10.56228864, 59.19431865], [10.56626165, 59.19142365], [10.56668568, 59.19243217], [10.56910956, 59.19269514], [10.56934035, 59.19293571], [10.56953144, 59.19390404]], [[10.76178205, 59.19178665], [10.76219821, 59.19137991], [10.76636314, 59.19136596], [10.76533353, 59.19257271], [10.76384282, 59.19294047], [10.7626034, 59.19249594], [10.76178205, 59.19178665]], [[10.55108845, 59.19056511], [10.54921234, 59.19712055], [10.546875, 59.19921875], [10.546875, 59.19977665], [10.54505253, 59.19976485], [10.54429865, 59.19797921], [10.54430652, 59.19713545], [10.546875, 59.19308031], [10.546875, 59.18833697], [10.54927671, 59.18829107], [10.55109048, 59.19003308], [10.55108845, 59.19056511]], [[10.52715182, 59.19017935], [10.52599263, 59.19064021], [10.52449203, 59.18959248], [10.52305996, 59.18819737], [10.5256592, 59.18675852], [10.52776516, 59.1811285], [10.52484643, 59.17810881], [10.52782631, 59.17621195], [10.52825606, 59.17654276], [10.52724874, 59.18011117], [10.5300107, 59.1806879], [10.53050125, 59.1812278], [10.53099942, 59.18339932], [10.53049636, 59.18572891], [10.5288614, 59.18867207], [10.52715182, 59.19017935]], [[10.57482302, 59.18699133], [10.57699811, 59.18678474], [10.57790434, 59.18700743], [10.57981896, 59.18943965], [10.57747793, 59.19086766], [10.57464385, 59.18814385], [10.57459187, 59.18744385], [10.57482302, 59.18699133]], [[10.80472565, 59.18724835], [10.80601013, 59.18584204], [10.80697107, 59.18561852], [10.80845892, 59.18570185], [10.80989528, 59.18604755], [10.80915964, 59.18845475], [10.80812705, 59.18889332], [10.80684566, 59.18893886], [10.80471754, 59.18776965], [10.80472565, 59.18724835]], [[10.72225821, 59.18359244], [10.72329855, 59.18121696], [10.72430134, 59.18109703], [10.72584963, 59.18234014], [10.72569442, 59.18544447], [10.72526026, 59.18551886], [10.72406685, 59.18553746], [10.72326124, 59.18537784], [10.72225821, 59.18359244]], [[10.5384593, 59.18199086], [10.53738725, 59.18306184], [10.53715575, 59.18289626], [10.53600764, 59.18198586], [10.53274918, 59.18262386], [10.53252876, 59.18237138], [10.53416455, 59.17839885], [10.53951025, 59.17802703], [10.54115415, 59.17511725], [10.54441237, 59.17371428], [10.54489124, 59.17647624], [10.5384593, 59.18199086]], [[10.59255576, 59.17528975], [10.59276986, 59.17418337], [10.59378541, 59.17424774], [10.59533012, 59.17557907], [10.59489655, 59.17808664], [10.59255576, 59.17528975]], [[10.71071661, 59.17610133], [10.70762432, 59.17376983], [10.70924187, 59.1697942], [10.70946908, 59.16949642], [10.71175528, 59.16804576], [10.71287084, 59.16783905], [10.7151376, 59.16780496], [10.71595073, 59.16818798], [10.71656585, 59.1699301], [10.71632135, 59.17041874], [10.71071661, 59.17610133]], [[10.81441057, 59.17453551], [10.81394291, 59.17415917], [10.81515443, 59.17332637], [10.81744456, 59.17377865], [10.81704998, 59.17556965], [10.81441057, 59.17453551]], [[10.80498552, 59.17337131], [10.80165732, 59.17433953], [10.79924655, 59.17269194], [10.79973114, 59.16912723], [10.80262911, 59.16735625], [10.80338907, 59.16754615], [10.80613112, 59.16943943], [10.80660534, 59.17131746], [10.80532515, 59.17312825], [10.80498552, 59.17337131]], [[10.49839377, 59.16366518], [10.49796271, 59.16814554], [10.49127865, 59.17112637], [10.49075866, 59.17128372], [10.48833156, 59.16955841], [10.49164021, 59.16444015], [10.49814224, 59.16354144], [10.49839377, 59.16366518]], [[10.48738325, 59.16709685], [10.48699045, 59.1671741], [10.48687553, 59.16403973], [10.48818982, 59.16367781], [10.48843181, 59.16379738], [10.48929417, 59.16541815], [10.48738325, 59.16709685]], [[10.53705204, 59.17301846], [10.54007936, 59.16755796], [10.54088485, 59.17055047], [10.54019594, 59.17179942], [10.53757656, 59.17317915], [10.53705204, 59.17301846]], [[10.57677245, 59.16866934], [10.57826555, 59.16756845], [10.57759237, 59.17307603], [10.57677245, 59.16866934]], [[10.4870218, 59.17273045], [10.48834574, 59.17364681], [10.48967958, 59.17422235], [10.49226224, 59.17561102], [10.49226105, 59.17894864], [10.49472654, 59.18050158], [10.49292922, 59.18274415], [10.48848116, 59.18336105], [10.48418975, 59.18060374], [10.48409355, 59.17844081], [10.48408055, 59.17731345], [10.48673284, 59.17286754], [10.4870218, 59.17273045]], [[10.47639596, 59.17602444], [10.47568953, 59.17614746], [10.47448945, 59.17568982], [10.47426975, 59.17415082], [10.4747653, 59.17311466], [10.47596276, 59.17333043], [10.47721446, 59.17408335], [10.47733295, 59.17466664], [10.47639596, 59.17602444]], [[10.48396444, 59.18313742], [10.48346984, 59.18696475], [10.48611486, 59.1882652], [10.47941887, 59.19060481], [10.47911513, 59.18517947], [10.48104274, 59.18196416], [10.48396444, 59.18313742]], [[10.50566494, 59.19489133], [10.51057696, 59.18956244], [10.51294065, 59.19016135], [10.51331258, 59.19333041], [10.51899695, 59.19437134], [10.51558566, 59.19725883], [10.51177275, 59.19773924], [10.51037776, 59.19846785], [10.50814855, 59.20374942], [10.50458741, 59.20259416], [10.50136244, 59.19961607], [10.49924564, 59.19595063], [10.49930441, 59.19516003], [10.5004518, 59.19432306], [10.50154114, 59.19426036], [10.50566494, 59.19489133]], [[10.47194481, 59.19516265], [10.47268236, 59.19638491], [10.476282, 59.20103467], [10.47644472, 59.20603585], [10.46853447, 59.20950997], [10.46816921, 59.21190214], [10.46714246, 59.21203625], [10.46524751, 59.21209455], [10.46450114, 59.21197414], [10.46214771, 59.20918822], [10.4617902, 59.20852971], [10.45854485, 59.20161474], [10.45825398, 59.19845796], [10.45852423, 59.19800901], [10.46196842, 59.1959275], [10.46251702, 59.19583762], [10.46638298, 59.19627476], [10.4714694, 59.19506407], [10.47194481, 59.19516265]], [[10.53900635, 59.21174586], [10.5455178, 59.20989382], [10.546875, 59.21010041], [10.546875, 59.21037936], [10.55117631, 59.21005237], [10.56135166, 59.20732427], [10.56538296, 59.20190275], [10.56839132, 59.20186901], [10.57135344, 59.19711244], [10.57325494, 59.19788575], [10.57363975, 59.19778454], [10.57566786, 59.19576025], [10.57601321, 59.19561887], [10.57776737, 59.19602525], [10.57820642, 59.19669354], [10.57574487, 59.20265234], [10.5715363, 59.20672524], [10.56883025, 59.20866573], [10.56789637, 59.20899963], [10.56391478, 59.20925701], [10.56512034, 59.21097612], [10.56498647, 59.21150756], [10.5627681, 59.21473014], [10.56219995, 59.21509898], [10.55537903, 59.21691883], [10.55021095, 59.21694863], [10.546875, 59.21930802], [10.546875, 59.21958697], [10.5442934, 59.21955347], [10.54289973, 59.21894097], [10.54162204, 59.21623051], [10.53763461, 59.21426296], [10.53650415, 59.22139442], [10.53190887, 59.22115421], [10.52842426, 59.22205424], [10.52738953, 59.22142017], [10.52694118, 59.21625125], [10.52935135, 59.21263635], [10.53023255, 59.21225321], [10.53900635, 59.21174586]], [[10.51391721, 59.21553147], [10.51545715, 59.21933115], [10.5144912, 59.22209394], [10.51289082, 59.22300565], [10.50944245, 59.22318292], [10.50968516, 59.22569203], [10.50680745, 59.22589326], [10.50486827, 59.22569811], [10.50463474, 59.22548425], [10.50520551, 59.22407746], [10.50740015, 59.22110975], [10.51391721, 59.21553147]], [[10.50274241, 59.22171783], [10.50213313, 59.22188056], [10.50033295, 59.21887815], [10.50031352, 59.21802986], [10.50143552, 59.2167592], [10.50224543, 59.21679842], [10.50388265, 59.2201488], [10.50389457, 59.22072911], [10.50274241, 59.22171783]], [[10.47664726, 59.2195605], [10.47535264, 59.21965206], [10.4737401, 59.21820974], [10.47409976, 59.21769512], [10.47652948, 59.21708751], [10.47734582, 59.21718586], [10.47789705, 59.21791291], [10.47770762, 59.21896148], [10.47664726, 59.2195605]], [[10.49245155, 59.22160447], [10.49366677, 59.22347724], [10.49110603, 59.22487605], [10.49234176, 59.22586787], [10.48985445, 59.22662711], [10.48732805, 59.22454357], [10.48840117, 59.22271335], [10.49251747, 59.22119844], [10.49245155, 59.22160447]], [[10.51205206, 59.22604573], [10.51315474, 59.22420192], [10.51591003, 59.22378182], [10.51205206, 59.22604573]], [[10.51904452, 59.22379518], [10.5192641, 59.21861923], [10.52194655, 59.21628845], [10.52206373, 59.21874464], [10.52209055, 59.22141194], [10.52133358, 59.22327912], [10.51989925, 59.22370946], [10.51904452, 59.22379518]], [[10.57976305, 59.19904137], [10.58137941, 59.19844735], [10.58363402, 59.19863415], [10.58303416, 59.2011553], [10.58233976, 59.20185435], [10.57827115, 59.20259023], [10.57774174, 59.2023468], [10.57976305, 59.19904137]], [[10.75520372, 59.20177186], [10.75533354, 59.19826138], [10.75728023, 59.19823384], [10.75705135, 59.20130813], [10.75520372, 59.20177186]], [[10.55568957, 59.19923615], [10.55372191, 59.20121133], [10.55302465, 59.20106554], [10.55268598, 59.19857514], [10.55616891, 59.19672871], [10.55655885, 59.19699097], [10.55568957, 59.19923615]], [[10.50230062, 59.2064085], [10.49466205, 59.21168745], [10.49273396, 59.20749545], [10.48787951, 59.19952226], [10.48787951, 59.19891953], [10.49113774, 59.19582295], [10.49286795, 59.19559193], [10.49357104, 59.19573224], [10.49658883, 59.19796705], [10.50230062, 59.2064085]], [[10.48527575, 59.20720184], [10.48436463, 59.20737422], [10.48190165, 59.20488131], [10.48082912, 59.20283127], [10.48160803, 59.20145333], [10.48210371, 59.20154917], [10.48601055, 59.2066195], [10.48527575, 59.20720184]], [[10.53815556, 59.19612956], [10.54127264, 59.19441283], [10.54168105, 59.19451761], [10.53807235, 59.19815147], [10.53815556, 59.19612956]], [[10.74663246, 59.22371173], [10.74579775, 59.22380924], [10.74233937, 59.22095203], [10.74963117, 59.22100806], [10.75050795, 59.22225046], [10.75016665, 59.22254574], [10.74663246, 59.22371173]], [[10.50889754, 59.23828125], [10.50857055, 59.23844862], [10.50672746, 59.23828125], [10.50578094, 59.23520386], [10.50601017, 59.23479211], [10.51062655, 59.23163485], [10.51161492, 59.23679531], [10.50889754, 59.23828125]], [[10.49119258, 59.23828125], [10.49223447, 59.24349904], [10.49035275, 59.24407601], [10.48980677, 59.24407017], [10.48841321, 59.24372518], [10.48852336, 59.24070704], [10.49064684, 59.23828125], [10.49119258, 59.23828125]], [[10.47690272, 59.24093544], [10.47752392, 59.24505734], [10.47453964, 59.24685705], [10.47399354, 59.24693966], [10.4716742, 59.24387002], [10.47188413, 59.24338984], [10.47450936, 59.24116623], [10.47631502, 59.24080646], [10.47690272, 59.24093544]], [[10.49865484, 59.24531448], [10.50689614, 59.24365461], [10.51051831, 59.24718475], [10.49777281, 59.25048065], [10.49865484, 59.24531448]], [[10.51776636, 59.24389076], [10.51257181, 59.24270618], [10.51250195, 59.24150658], [10.51412475, 59.24140358], [10.5203253, 59.24250126], [10.52087724, 59.24326885], [10.51861691, 59.24378884], [10.51776636, 59.24389076]], [[10.40557051, 59.16750717], [10.40301526, 59.16789377], [10.39766204, 59.16631365], [10.39559543, 59.16759491], [10.39310122, 59.16873383], [10.38989973, 59.16794085], [10.38711405, 59.16568196], [10.38605404, 59.16000676], [10.37866497, 59.16056514], [10.37486875, 59.15739036], [10.37686968, 59.14689624], [10.38127542, 59.14710331], [10.37884855, 59.14217806], [10.38722157, 59.14188206], [10.38054585, 59.14024365], [10.37882137, 59.13672376], [10.38343096, 59.12207794], [10.38134468, 59.11763525], [10.38215578, 59.11335635], [10.37935257, 59.11119175], [10.38072145, 59.10985935], [10.37882292, 59.10931945], [10.38018405, 59.1061058], [10.37882924, 59.10324144], [10.37905693, 59.10261893], [10.38144481, 59.09696162], [10.38194895, 59.09697461], [10.38482821, 59.09753537], [10.38361275, 59.10304678], [10.38752711, 59.10319495], [10.38784266, 59.1030879], [10.38835883, 59.0963968], [10.39438796, 59.09637427], [10.39856124, 59.09336555], [10.39510596, 59.09083641], [10.39761806, 59.08802044], [10.39810157, 59.07992041], [10.39111042, 59.07657194], [10.39335191, 59.0718441], [10.39339447, 59.06933045], [10.39134884, 59.06875944], [10.39398122, 59.06440413], [10.39660275, 59.06319487], [10.39659286, 59.0625], [10.39620531, 59.0625], [10.39621425, 59.06005275], [10.39820421, 59.06069231], [10.40205812, 59.05897164], [10.40564907, 59.05318522], [10.40998733, 59.06014192], [10.41088605, 59.06101012], [10.41348636, 59.0625], [10.41395402, 59.0625], [10.41395402, 59.06263936], [10.41511142, 59.06303012], [10.41666663, 59.0625], [10.41775167, 59.0625], [10.41994452, 59.06309497], [10.42038691, 59.06352675], [10.42553568, 59.07011092], [10.4257524, 59.07072294], [10.42465723, 59.07759261], [10.41985047, 59.08644485], [10.41528642, 59.09000957], [10.41102183, 59.09107685], [10.40703881, 59.09729886], [10.41661143, 59.09641266], [10.41873646, 59.11597717], [10.42299223, 59.11532855], [10.42351294, 59.11992681], [10.43148136, 59.12482846], [10.43536973, 59.12540925], [10.43662143, 59.13123155], [10.43336654, 59.1338104], [10.42894375, 59.13446414], [10.42739666, 59.13060927], [10.42449772, 59.13111186], [10.42165434, 59.12970078], [10.41812015, 59.13155484], [10.41516042, 59.13159335], [10.41745067, 59.13635588], [10.41518438, 59.13767385], [10.41815448, 59.14126372], [10.4160639, 59.14356124], [10.42201245, 59.14927161], [10.42450523, 59.14886415], [10.42429853, 59.14571166], [10.43148303, 59.14541936], [10.43376315, 59.14677894], [10.44638157, 59.14580011], [10.44501472, 59.14865506], [10.4463582, 59.15327823], [10.44589841, 59.15634203], [10.44506454, 59.15787613], [10.44410741, 59.15815854], [10.43525112, 59.15878952], [10.43683195, 59.15753377], [10.43044567, 59.15329504], [10.43013871, 59.15693748], [10.42652166, 59.15933526], [10.41510141, 59.16088545], [10.41284907, 59.16391468], [10.40815926, 59.16392934], [10.40557051, 59.16750717]], [[10.80596936, 59.16098344], [10.80709493, 59.15913236], [10.80407286, 59.15831244], [10.80413842, 59.15685177], [10.80639076, 59.15734267], [10.80968833, 59.15625691], [10.81346035, 59.15740216], [10.81375003, 59.15755105], [10.81628752, 59.16112351], [10.81102383, 59.16206336], [10.81043458, 59.16214323], [10.80596936, 59.16098344]], [[10.48936248, 59.15298247], [10.48938143, 59.1580621], [10.4868381, 59.16013026], [10.48262775, 59.16079855], [10.48183286, 59.16047096], [10.48101783, 59.15763605], [10.48124194, 59.15713406], [10.48615694, 59.15526485], [10.48358583, 59.15477192], [10.48290634, 59.15419352], [10.48284221, 59.15326381], [10.48562884, 59.15130305], [10.4859941, 59.15160751], [10.48936248, 59.15298247]], [[10.46823382, 59.15143752], [10.46701837, 59.15153193], [10.46553373, 59.15030384], [10.47044861, 59.14830983], [10.47135377, 59.14846587], [10.47193003, 59.14924455], [10.47033203, 59.15104532], [10.46823382, 59.15143752]], [[10.89355326, 59.15008438], [10.89143693, 59.14807892], [10.89174092, 59.14718163], [10.89262152, 59.14645302], [10.8984375, 59.14508915], [10.8984375, 59.14481032], [10.89972556, 59.14454412], [10.89986455, 59.14470983], [10.89871097, 59.14652956], [10.8984375, 59.14648426], [10.89572465, 59.14662385], [10.8955549, 59.14956212], [10.89438725, 59.14994323], [10.89355326, 59.15008438]], [[10.49743485, 59.14686561], [10.49446106, 59.14689612], [10.49374664, 59.14628255], [10.49353635, 59.14353001], [10.49403846, 59.14311826], [10.49990976, 59.14187956], [10.50042808, 59.14359987], [10.49773967, 59.14663446], [10.49743485, 59.14686561]], [[10.89002824, 59.14229906], [10.88893485, 59.1413151], [10.88892353, 59.14045525], [10.89055574, 59.13989401], [10.89358628, 59.13993943], [10.89485502, 59.14031994], [10.89407265, 59.14104903], [10.8916558, 59.14229906], [10.89002824, 59.14229906]], [[10.47242725, 59.13874066], [10.46902275, 59.14243746], [10.4685173, 59.14258981], [10.46501625, 59.13739455], [10.46501493, 59.13488734], [10.46841073, 59.13346398], [10.46870816, 59.13353801], [10.47242725, 59.13874066]], [[10.91377652, 59.13353264], [10.92092633, 59.13312805], [10.9214015, 59.1336838], [10.92163014, 59.13411593], [10.91892791, 59.13590145], [10.91366684, 59.13605535], [10.91377652, 59.13353264]], [[10.93811524, 59.13529122], [10.93991005, 59.13092375], [10.94436204, 59.13005316], [10.95130336, 59.12990654], [10.95153654, 59.13055205], [10.95697391, 59.13741636], [10.95642722, 59.13765645], [10.95752728, 59.14592075], [10.95733917, 59.14661741], [10.95671046, 59.14700747], [10.95068085, 59.14765525], [10.95192742, 59.14886105], [10.94908416, 59.14931631], [10.93811524, 59.13529122]], [[10.98365653, 59.14509857], [10.98507786, 59.14472616], [10.99056995, 59.14667284], [10.99062085, 59.14690793], [10.98992825, 59.15146112], [10.9892081, 59.15172458], [10.9854387, 59.15211403], [10.98476315, 59.15184355], [10.98375761, 59.14996517], [10.98365653, 59.14509857]], [[10.98050237, 59.15111387], [10.97991872, 59.15557444], [10.97820544, 59.15413535], [10.97823024, 59.14957523], [10.97963023, 59.14938366], [10.98018897, 59.14961493], [10.98050237, 59.15111387]], [[11.00213206, 59.15246284], [11.00414085, 59.15137148], [11.00911283, 59.15417922], [11.00951004, 59.15454555], [11.00952435, 59.15585423], [11.00891066, 59.15606463], [11.00518787, 59.15485418], [11.00245821, 59.15304303], [11.00213206, 59.15246284]], [[10.98210776, 59.13798034], [10.98353493, 59.13785684], [10.98404384, 59.13814163], [10.98343444, 59.13961935], [10.98288476, 59.13996124], [10.97964728, 59.14065218], [10.97920275, 59.14049304], [10.98210776, 59.13798034]], [[10.44804156, 59.12861431], [10.45187402, 59.13501525], [10.45077372, 59.14110625], [10.44976926, 59.14167893], [10.44789088, 59.14191806], [10.44439411, 59.14019072], [10.44334435, 59.13492358], [10.43848825, 59.13254905], [10.4392879, 59.13040101], [10.44496667, 59.12737823], [10.44533765, 59.12742722], [10.44804156, 59.12861431]], [[10.92723775, 59.12775767], [10.9183439, 59.12637842], [10.91800272, 59.12553966], [10.92232692, 59.12439132], [10.91916013, 59.12148297], [10.91987157, 59.12091756], [10.92164457, 59.12098122], [10.92360222, 59.12168705], [10.92762434, 59.12486887], [10.92818916, 59.12542081], [10.92816615, 59.12761343], [10.92723775, 59.12775767]], [[10.9280771, 59.12109494], [10.92793345, 59.12086856], [10.93017316, 59.11873758], [10.93461168, 59.11958683], [10.93793607, 59.12257457], [10.93709135, 59.11876035], [10.93905652, 59.1172086], [10.93460262, 59.11425364], [10.93379915, 59.11112225], [10.93608582, 59.11132276], [10.93754983, 59.11416185], [10.94209957, 59.11667752], [10.94266272, 59.11671841], [10.94611394, 59.11735487], [10.94641912, 59.11763215], [10.94826925, 59.12028933], [10.9493978, 59.12361205], [10.94916356, 59.12391841], [10.94332194, 59.12225437], [10.94339955, 59.12509108], [10.94259047, 59.12663496], [10.93569613, 59.12940085], [10.9280771, 59.12109494]], [[10.95738161, 59.12427032], [10.95679498, 59.12203574], [10.95471728, 59.12264645], [10.95015526, 59.120139], [10.95899045, 59.12056601], [10.9600296, 59.12207365], [10.96125436, 59.12348425], [10.96105433, 59.12374568], [10.95728302, 59.12503803], [10.95738161, 59.12427032]], [[11.01520181, 59.12030756], [11.01247454, 59.11848152], [11.01230395, 59.11300302], [11.01304257, 59.11304724], [11.01475847, 59.11426222], [11.01430321, 59.11570108], [11.01741993, 59.11679673], [11.01873636, 59.12063575], [11.01772606, 59.12204421], [11.01729202, 59.12218451], [11.01520181, 59.12030756]], [[11.12871778, 59.12031865], [11.11820924, 59.11341202], [11.11744702, 59.11256504], [11.11787033, 59.10632324], [11.12122905, 59.10410726], [11.12593186, 59.10313535], [11.12674582, 59.09777045], [11.13302207, 59.09703064], [11.13602364, 59.09518194], [11.1365658, 59.09526622], [11.1395961, 59.09678924], [11.14031518, 59.09755051], [11.14069855, 59.09950471], [11.14006674, 59.10001981], [11.13921511, 59.1000874], [11.1349076, 59.09820426], [11.13419426, 59.09814048], [11.1321007, 59.09909093], [11.13227236, 59.10026443], [11.14037955, 59.10640931], [11.13857114, 59.11287177], [11.14580452, 59.11713183], [11.13704824, 59.12008715], [11.13607156, 59.12021816], [11.13083792, 59.11862981], [11.13013685, 59.11880386], [11.12871778, 59.12031865]], [[10.99619004, 59.06248798], [10.99618375, 59.0625], [10.99608958, 59.0625], [10.99619004, 59.06248798]], [[10.99619004, 59.06248798], [10.99734795, 59.06027591], [10.9983474, 59.05931747], [11.00351834, 59.05836582], [10.98810017, 59.05061924], [10.98836553, 59.03077495], [10.99270642, 59.0275588], [10.99802566, 59.02868044], [11.00187695, 59.02768993], [11.00710535, 59.02875876], [11.00760376, 59.03211391], [11.01313627, 59.03185511], [11.01339567, 59.02881324], [11.00794125, 59.02578354], [11.01644564, 59.02550018], [11.01767063, 59.02451456], [11.01661861, 59.02265525], [11.01121712, 59.02168345], [11.01132107, 59.02027225], [11.01530385, 59.01723123], [11.01968253, 59.01844084], [11.02477181, 59.01592553], [11.03068793, 59.01855457], [11.03856266, 59.02482331], [11.04970503, 59.02514076], [11.05261052, 59.02850342], [11.05600822, 59.02818501], [11.05906081, 59.03405762], [11.06201005, 59.03530395], [11.05710733, 59.03917956], [11.06252491, 59.04337835], [11.06031036, 59.04651487], [11.05592287, 59.04669404], [11.05320883, 59.04460943], [11.04085982, 59.04162681], [11.03721237, 59.0423038], [11.03858841, 59.04538691], [11.04329312, 59.04544497], [11.04489803, 59.04346073], [11.05929697, 59.04939163], [11.06622934, 59.04876435], [11.07087624, 59.04990375], [11.07545602, 59.04818296], [11.07640088, 59.04843891], [11.07861137, 59.05074036], [11.08280802, 59.05202222], [11.08515012, 59.05537522], [11.0851413, 59.055673], [11.08278716, 59.05929172], [11.0824846, 59.05955386], [11.07993174, 59.05985975], [11.07997477, 59.06042135], [11.08258915, 59.0625], [11.08289933, 59.0625], [11.0874269, 59.06558013], [11.08761501, 59.06590843], [11.09005523, 59.07576025], [11.08855462, 59.07772577], [11.09091604, 59.07908416], [11.08676445, 59.08230925], [11.08763742, 59.08347285], [11.08473313, 59.08507955], [11.08300173, 59.08532977], [11.08147347, 59.08489025], [11.08129525, 59.08441877], [11.08222294, 59.08214748], [11.07231355, 59.08484507], [11.0681951, 59.08207345], [11.06709647, 59.08383262], [11.05683768, 59.08807516], [11.06027544, 59.08959198], [11.06064475, 59.09002364], [11.06007993, 59.09139001], [11.05958676, 59.09149265], [11.05235875, 59.09001994], [11.04948986, 59.08792615], [11.04876566, 59.08683085], [11.04899597, 59.08652687], [11.05134737, 59.08606565], [11.05095232, 59.08078265], [11.04706645, 59.07913625], [11.06507194, 59.07780135], [11.07651544, 59.07449746], [11.07861686, 59.07195067], [11.07434726, 59.07236612], [11.07172465, 59.07465208], [11.06411266, 59.07442212], [11.05751765, 59.07690763], [11.05114806, 59.07691121], [11.04515183, 59.07464981], [11.03930354, 59.07755423], [11.03824055, 59.08203125], [11.04301596, 59.08658087], [11.04313886, 59.08690465], [11.04316235, 59.09014237], [11.04306996, 59.09075475], [11.03865433, 59.09290588], [11.03943372, 59.09395373], [11.03927195, 59.09419704], [11.03254735, 59.09598196], [11.02935743, 59.09261775], [11.01969385, 59.09227204], [11.01025534, 59.08933294], [11.00494325, 59.09427166], [11.00342882, 59.09461296], [11.00281274, 59.09446371], [11.00146592, 59.09353685], [11.00135374, 59.08954775], [11.00527406, 59.08857512], [10.99636614, 59.08590782], [10.98640418, 59.08107376], [10.99054742, 59.0740602], [10.99484813, 59.07233715], [10.99210227, 59.07045197], [10.99682367, 59.06592953], [11.00037026, 59.06554162], [11.00068045, 59.06504357], [11.00043404, 59.0625], [10.99983847, 59.06205153], [10.99619004, 59.06248798]], [[10.98942625, 59.06590605], [10.98786783, 59.07023966], [10.97939384, 59.06662452], [10.97981775, 59.0625], [10.97944272, 59.0625], [10.97953796, 59.06154036], [10.97572446, 59.05957007], [10.97928846, 59.05780554], [10.98468065, 59.05952537], [10.99033594, 59.05624914], [10.99103045, 59.05612123], [10.99431455, 59.05638027], [10.99672365, 59.05761707], [10.99180555, 59.06008434], [10.99294353, 59.0625], [10.9928385, 59.0625], [10.99278152, 59.06375492], [10.98942625, 59.06590605]], [[10.95905352, 59.05689657], [10.95792985, 59.05971515], [10.95792294, 59.06024301], [10.96087074, 59.06135046], [10.96054137, 59.0625], [10.96082902, 59.0625], [10.96122825, 59.06788504], [10.96024311, 59.07056546], [10.9599477, 59.07085073], [10.95574224, 59.07174218], [10.95444655, 59.07365751], [10.95810115, 59.07436824], [10.95897806, 59.07699895], [10.96298242, 59.07574046], [10.96579695, 59.07850146], [10.97000134, 59.0796411], [10.97032726, 59.09007001], [10.96704972, 59.09004426], [10.96182466, 59.08596683], [10.95118737, 59.08487213], [10.94676244, 59.08675075], [10.94610357, 59.08673024], [10.94467986, 59.08636987], [10.94150186, 59.08527267], [10.94076097, 59.08499324], [10.93655264, 59.07986808], [10.93742943, 59.07797194], [10.93613398, 59.07801473], [10.93458176, 59.07882333], [10.93235147, 59.08408105], [10.93821681, 59.08722734], [10.94806135, 59.09930241], [10.94840121, 59.10254204], [10.94108653, 59.10552657], [10.93516397, 59.10297251], [10.93343794, 59.10424435], [10.92817175, 59.10366523], [10.92278075, 59.09950101], [10.91990054, 59.09918881], [10.92043483, 59.1130656], [10.92000163, 59.1134659], [10.91388941, 59.11379063], [10.91301, 59.11784804], [10.90897572, 59.12100756], [10.90546107, 59.11999786], [10.90420306, 59.11534345], [10.89935911, 59.11856532], [10.8984375, 59.11858261], [10.89633036, 59.11850464], [10.89027381, 59.11352527], [10.88863981, 59.11315191], [10.88722837, 59.11305654], [10.88460708, 59.11335242], [10.88437605, 59.11368012], [10.88616431, 59.11649895], [10.88580406, 59.11679733], [10.88017285, 59.11806977], [10.88073313, 59.11661696], [10.88413632, 59.11559582], [10.88371921, 59.11305225], [10.87894487, 59.11257076], [10.88052404, 59.10782361], [10.87749743, 59.10745764], [10.87575996, 59.11139631], [10.87660313, 59.11727142], [10.87615895, 59.11802995], [10.87293303, 59.12108767], [10.87191296, 59.12162876], [10.86712587, 59.12242091], [10.86815381, 59.12384617], [10.8626523, 59.12399626], [10.86128831, 59.12421632], [10.8607074, 59.12457395], [10.86082923, 59.12702715], [10.85520637, 59.12702405], [10.85546994, 59.12544525], [10.85100961, 59.12436175], [10.85097325, 59.12202573], [10.85129094, 59.12153923], [10.85193741, 59.12137556], [10.85615981, 59.12274587], [10.85834825, 59.12067521], [10.85531044, 59.11931133], [10.85051441, 59.12006342], [10.84507287, 59.11873674], [10.84195638, 59.1128242], [10.84455562, 59.11256313], [10.84904885, 59.11592436], [10.85116148, 59.11570203], [10.85170114, 59.11388421], [10.84834385, 59.11115944], [10.84102404, 59.10872686], [10.84060717, 59.10682607], [10.84388685, 59.10476685], [10.84358478, 59.10451531], [10.83645976, 59.10503638], [10.83541811, 59.10480773], [10.82992268, 59.10183716], [10.82915676, 59.10115623], [10.82912684, 59.10096335], [10.83258462, 59.10083044], [10.82886815, 59.09722173], [10.82887685, 59.09686315], [10.83176291, 59.09293902], [10.83585358, 59.09312904], [10.83451724, 59.09138942], [10.83531392, 59.09065962], [10.83626294, 59.09030855], [10.83799911, 59.09045076], [10.84353173, 59.09522796], [10.83950615, 59.08950031], [10.84223223, 59.08887434], [10.84156263, 59.08562756], [10.84438717, 59.08618736], [10.84531724, 59.08471274], [10.84250474, 59.08332646], [10.84376597, 59.08033454], [10.84685266, 59.07884455], [10.84452367, 59.07491994], [10.84828353, 59.07372928], [10.85160232, 59.07512224], [10.85045815, 59.07116723], [10.85791671, 59.06960094], [10.8644433, 59.07378507], [10.86468232, 59.07408345], [10.86286056, 59.07600081], [10.86358726, 59.07632065], [10.86767495, 59.07540393], [10.86925244, 59.0766741], [10.87041438, 59.07651043], [10.87555003, 59.07541764], [10.87787294, 59.07194054], [10.87648654, 59.07065094], [10.87456846, 59.07041752], [10.87373734, 59.07071877], [10.87168276, 59.07403326], [10.87081265, 59.07425177], [10.86954784, 59.07416606], [10.86882496, 59.07363653], [10.8692975, 59.07171023], [10.86632705, 59.07218671], [10.8656404, 59.07126784], [10.86574686, 59.07002997], [10.86660993, 59.06942391], [10.87154794, 59.06721365], [10.87482333, 59.06745136], [10.87880766, 59.06826067], [10.87897515, 59.07097054], [10.88448572, 59.07429886], [10.89017951, 59.07614625], [10.89072955, 59.07602358], [10.88610017, 59.07081211], [10.89089942, 59.06465185], [10.8984375, 59.0625], [10.89898002, 59.0625], [10.90434432, 59.06481791], [10.90221775, 59.0625], [10.90181947, 59.06179833], [10.90304756, 59.0592761], [10.90443647, 59.05889273], [10.90600455, 59.05892253], [10.91081274, 59.06018245], [10.91139817, 59.0625], [10.91145825, 59.0625], [10.91218984, 59.06383264], [10.92138517, 59.06454062], [10.93362606, 59.07797647], [10.93433225, 59.07778192], [10.9346987, 59.07663834], [10.92999125, 59.06994045], [10.92991865, 59.0662595], [10.92597926, 59.0625], [10.92380512, 59.06041574], [10.92383587, 59.05790031], [10.92306316, 59.05729783], [10.91458476, 59.05540895], [10.92484522, 59.04908848], [10.93448055, 59.04843402], [10.93485677, 59.04812324], [10.92989004, 59.04641044], [10.93230295, 59.04268503], [10.93665397, 59.04335618], [10.93836927, 59.04249215], [10.93809164, 59.03948927], [10.93417275, 59.03901768], [10.93370998, 59.03752005], [10.93930614, 59.0357269], [10.94467688, 59.03036547], [10.94573236, 59.0305655], [10.94989753, 59.03333235], [10.95016015, 59.03362572], [10.9492892, 59.03536642], [10.95108175, 59.03715801], [10.95595753, 59.03608668], [10.96022511, 59.03809714], [10.96508122, 59.03792501], [10.96624327, 59.03909981], [10.96554804, 59.04317725], [10.96835208, 59.04643977], [10.96214735, 59.05203724], [10.95905352, 59.05689657]], [[10.98109424, 59.05045247], [10.98148716, 59.05002153], [10.98387313, 59.05019546], [10.98468852, 59.05058765], [10.98342693, 59.05483818], [10.98258054, 59.05523515], [10.98104227, 59.05521715], [10.98109424, 59.05045247]], [[10.23194027, 59.03558934], [10.23131323, 59.03644896], [10.23078942, 59.03680265], [10.22683752, 59.03532541], [10.22611463, 59.03473306], [10.22604394, 59.03218055], [10.22692394, 59.03215396], [10.23163247, 59.03527522], [10.23194027, 59.03558934]], [[10.23260784, 59.03735805], [10.23431468, 59.0361371], [10.23471606, 59.03639925], [10.2356925, 59.03809965], [10.23510575, 59.03869724], [10.23350072, 59.03912175], [10.23317182, 59.03894675], [10.23260784, 59.03735805]], [[10.88407171, 59.03756595], [10.88674092, 59.03734684], [10.89083338, 59.03900504], [10.89173746, 59.03925121], [10.89145362, 59.04169154], [10.89611614, 59.04393578], [10.89189994, 59.04957044], [10.8879925, 59.05268252], [10.88358724, 59.05342793], [10.88174582, 59.05645895], [10.88152647, 59.05661511], [10.87936687, 59.05685055], [10.87673914, 59.05694485], [10.87572741, 59.05648565], [10.87596011, 59.05275893], [10.87572956, 59.05239844], [10.87262273, 59.05077231], [10.87153888, 59.04886675], [10.87125135, 59.04539526], [10.87147415, 59.04502475], [10.88260758, 59.04393291], [10.88306582, 59.03948975], [10.88579285, 59.03892326], [10.88407171, 59.03756595]], [[10.298262, 59.04394066], [10.29785907, 59.0481292], [10.29648328, 59.04935384], [10.29609454, 59.04942715], [10.29428434, 59.04729736], [10.29428196, 59.04622436], [10.29595327, 59.04305005], [10.29698634, 59.04309332], [10.298262, 59.04394066]], [[10.44225216, 59.05222285], [10.44706106, 59.04942131], [10.44859707, 59.04957116], [10.45156837, 59.050107], [10.45203006, 59.05102265], [10.45056808, 59.05343783], [10.45005691, 59.0542109], [10.44376552, 59.05587888], [10.44205201, 59.05511296], [10.44225216, 59.05222285]], [[10.51124728, 59.05525267], [10.51524234, 59.05411375], [10.51588643, 59.05436838], [10.51490486, 59.05988646], [10.51436496, 59.05997956], [10.51203024, 59.05795705], [10.51124728, 59.05525267]], [[10.43727708, 59.05963814], [10.43390441, 59.06059515], [10.43330216, 59.05863202], [10.43475974, 59.05766034], [10.43589306, 59.05761552], [10.43770516, 59.05867445], [10.43727708, 59.05963814]], [[10.52203345, 59.0625], [10.52343106, 59.05974674], [10.52567577, 59.05946231], [10.52625728, 59.05959213], [10.52905381, 59.0625], [10.52897131, 59.0625], [10.52897131, 59.06403446], [10.52693141, 59.07129896], [10.52273274, 59.07438993], [10.51932192, 59.07168651], [10.52000594, 59.06816721], [10.51769567, 59.06598616], [10.51770735, 59.06569088], [10.52137578, 59.0625], [10.52203345, 59.0625]], [[10.45061803, 59.06659865], [10.45415807, 59.06901443], [10.45207298, 59.07726455], [10.45454001, 59.07978106], [10.45187438, 59.08216941], [10.45138884, 59.08970416], [10.44855571, 59.09144771], [10.45024145, 59.09398961], [10.44496763, 59.09756041], [10.4422369, 59.09774685], [10.44144297, 59.09603214], [10.44352734, 59.09193587], [10.44122291, 59.08977842], [10.44059944, 59.08448875], [10.44210231, 59.08401704], [10.44001865, 59.08272505], [10.44025385, 59.07986307], [10.43740773, 59.07980287], [10.43459916, 59.08585834], [10.43151987, 59.08639908], [10.43301952, 59.08772194], [10.43363488, 59.08786774], [10.43732584, 59.08755815], [10.43801916, 59.08814073], [10.43816721, 59.08889174], [10.43462992, 59.090397], [10.4345206, 59.09358931], [10.43086553, 59.09419823], [10.43172014, 59.09604311], [10.42928398, 59.09913385], [10.42908764, 59.09987116], [10.43265331, 59.10026956], [10.43218148, 59.10733461], [10.43473828, 59.10572374], [10.43555856, 59.10579145], [10.43612254, 59.10695052], [10.43587196, 59.10765481], [10.43521285, 59.11119235], [10.43250143, 59.11256135], [10.43119657, 59.11957455], [10.42877603, 59.11990511], [10.42722464, 59.11980212], [10.4258424, 59.11872613], [10.42791915, 59.11662805], [10.42791927, 59.11608171], [10.42602885, 59.11311603], [10.42854094, 59.11058605], [10.42846382, 59.10591996], [10.42617488, 59.10649335], [10.42292404, 59.11157393], [10.42102146, 59.10914385], [10.42360985, 59.10540617], [10.42060435, 59.10036755], [10.42320025, 59.08890176], [10.42854333, 59.08596838], [10.42481983, 59.08502436], [10.42904341, 59.08082926], [10.42970288, 59.06661403], [10.4316473, 59.0644747], [10.43246341, 59.06406033], [10.43683434, 59.06262112], [10.43840516, 59.06225586], [10.43999565, 59.0625], [10.44522655, 59.06401026], [10.45069182, 59.06401026], [10.45061803, 59.06659865]], [[10.44673085, 59.11410725], [10.45278072, 59.11231565], [10.45458281, 59.11400163], [10.45458674, 59.11670268], [10.45398605, 59.11793041], [10.44873178, 59.12209594], [10.44754696, 59.12227154], [10.44710672, 59.12211871], [10.44556046, 59.1184175], [10.44673085, 59.11410725]], [[10.46255994, 59.11432445], [10.46803618, 59.11255085], [10.47078574, 59.11466896], [10.47078133, 59.11522233], [10.46772063, 59.11844385], [10.46802807, 59.12306023], [10.46426201, 59.12397087], [10.46234965, 59.12261975], [10.45913565, 59.11960125], [10.45942664, 59.11903191], [10.46255994, 59.11432445]], [[10.74069977, 59.11682701], [10.74351895, 59.11678684], [10.74433315, 59.1172837], [10.74028862, 59.11914063], [10.73974597, 59.11914063], [10.73819566, 59.11848462], [10.73818672, 59.11819005], [10.73937583, 59.11718476], [10.74069977, 59.11682701]], [[10.75581825, 59.11365592], [10.75851822, 59.10948431], [10.76077485, 59.11057603], [10.76578987, 59.10800815], [10.77014935, 59.10680413], [10.77333105, 59.10634685], [10.77412796, 59.10728562], [10.7741971, 59.11007237], [10.77215457, 59.11063635], [10.75927734, 59.11464691], [10.75581825, 59.11365592]], [[10.82806468, 59.10728455], [10.83088434, 59.10724795], [10.83196747, 59.10749221], [10.83365846, 59.10948491], [10.82739973, 59.10892832], [10.82721853, 59.10745227], [10.82806468, 59.10728455]], [[10.48398316, 59.10752583], [10.48021305, 59.10871446], [10.47823298, 59.10804951], [10.47640204, 59.10751724], [10.47484875, 59.105829], [10.47377384, 59.10322821], [10.47427905, 59.10231733], [10.4794265, 59.09833825], [10.48310602, 59.09879434], [10.48493671, 59.1011486], [10.48699963, 59.09444678], [10.48948908, 59.09383452], [10.48986626, 59.09390807], [10.49256051, 59.09728193], [10.49255454, 59.10365021], [10.49203122, 59.10437775], [10.49058747, 59.10484815], [10.48630512, 59.10416794], [10.48398316, 59.10752583]], [[10.4950577, 59.10511577], [10.49529016, 59.10393584], [10.49846685, 59.10342026], [10.49742425, 59.1057868], [10.49699044, 59.10600674], [10.49502861, 59.10633016], [10.4950577, 59.10511577]], [[10.77588201, 59.09612155], [10.78022325, 59.09305251], [10.78364301, 59.09159255], [10.78247595, 59.09666705], [10.78495741, 59.10023534], [10.78315592, 59.10270393], [10.77284014, 59.10173595], [10.77224386, 59.10140073], [10.77588201, 59.09612155]], [[10.45234334, 59.10710073], [10.4468379, 59.10800946], [10.44498634, 59.10764384], [10.44440985, 59.10721886], [10.44380033, 59.09952831], [10.44414663, 59.09941125], [10.45242012, 59.09960365], [10.45267916, 59.09991264], [10.45291495, 59.10681105], [10.45234334, 59.10710073]], [[10.46913505, 59.06785035], [10.46951866, 59.06783044], [10.47350776, 59.07206786], [10.47149003, 59.08145225], [10.46841657, 59.08480334], [10.46796, 59.0849781], [10.46309686, 59.08435845], [10.45873785, 59.08683622], [10.45846927, 59.08678925], [10.4588809, 59.07905304], [10.46348357, 59.07241833], [10.46294355, 59.06895173], [10.46913505, 59.06785035]], [[10.8839215, 59.06491184], [10.88516116, 59.06478453], [10.88536894, 59.06520176], [10.88459754, 59.06741297], [10.88181675, 59.06783974], [10.87950706, 59.06603825], [10.8839215, 59.06491184]], [[10.53235304, 59.05489337], [10.53214967, 59.05313456], [10.53333592, 59.05273175], [10.53381646, 59.0530194], [10.53650534, 59.0576272], [10.53630435, 59.05801094], [10.53530073, 59.05827975], [10.53235304, 59.05489337]], [[10.51857734, 59.05037034], [10.51834214, 59.0492022], [10.51969898, 59.04737413], [10.52027321, 59.04752922], [10.52173364, 59.04909313], [10.5218693, 59.0498718], [10.52059495, 59.05245256], [10.52020681, 59.05249715], [10.51857734, 59.05037034]], [[10.86120558, 59.04852557], [10.86099505, 59.04586995], [10.8613615, 59.04555535], [10.86791873, 59.04473436], [10.86762011, 59.04728878], [10.8669914, 59.04788125], [10.86413467, 59.04868543], [10.86189795, 59.04888415], [10.86120558, 59.04852557]], [[10.9371618, 59.10675085], [10.93773305, 59.10649085], [10.94528341, 59.10805094], [10.94707882, 59.10818601], [10.94722295, 59.10924697], [10.94696593, 59.10959435], [10.944332, 59.1102705], [10.94654071, 59.11095202], [10.94470096, 59.11309683], [10.94878745, 59.11446357], [10.95078921, 59.11278987], [10.95099282, 59.11286557], [10.95390844, 59.1158092], [10.95451093, 59.11656046], [10.95369995, 59.11873448], [10.95016384, 59.11551273], [10.94827402, 59.11700952], [10.94667125, 59.11642683], [10.93918407, 59.11174655], [10.93755662, 59.11007237], [10.9371618, 59.10675085]], [[10.98175645, 59.11532497], [10.98557985, 59.11501133], [10.98694134, 59.11657345], [10.98678613, 59.11693823], [10.9855504, 59.11715305], [10.98146725, 59.11679494], [10.98111737, 59.11569953], [10.98175645, 59.11532497]], [[10.98299694, 59.11447597], [10.98155475, 59.1126163], [10.98161328, 59.1119405], [10.98401415, 59.11100721], [10.98540866, 59.11111963], [10.98618793, 59.11170316], [10.98570454, 59.1135627], [10.98420334, 59.11433637], [10.98299694, 59.11447597]], [[10.96051395, 59.11094296], [10.95032334, 59.10221934], [10.95202422, 59.09947753], [10.95011795, 59.09673941], [10.95055127, 59.09414935], [10.95116341, 59.09363234], [10.95263815, 59.09352887], [10.95505941, 59.09409332], [10.95629811, 59.09725916], [10.95660615, 59.09749472], [10.9585396, 59.09791744], [10.96294165, 59.10028172], [10.96605885, 59.10424411], [10.96224213, 59.10665453], [10.9629215, 59.11009955], [10.96051395, 59.11094296]], [[11.06960416, 59.10464084], [11.07147586, 59.10444808], [11.07232642, 59.10469401], [11.07476664, 59.10759246], [11.07453704, 59.10788202], [11.07124901, 59.10832036], [11.07048964, 59.10820246], [11.06942618, 59.10506344], [11.06960416, 59.10464084]], [[11.10214984, 59.10748911], [11.10002077, 59.10671091], [11.09989011, 59.10610795], [11.10079074, 59.10438263], [11.10193801, 59.10378587], [11.10278964, 59.10395074], [11.10501945, 59.10593355], [11.10389543, 59.10798895], [11.10214984, 59.10748911]], [[11.08192992, 59.10532427], [11.08244145, 59.10741115], [11.07915926, 59.10616708], [11.07791138, 59.10380316], [11.07860017, 59.10381746], [11.08129561, 59.10481894], [11.08192992, 59.10532427]], [[11.04189396, 59.09808707], [11.04323411, 59.09803867], [11.04403186, 59.09937322], [11.04321861, 59.10201836], [11.03936613, 59.10024083], [11.04189396, 59.09808707]], [[11.04521465, 59.09829986], [11.04455125, 59.09748185], [11.04452264, 59.09633315], [11.04655814, 59.09566426], [11.04983103, 59.09673905], [11.05021524, 59.09720755], [11.04905665, 59.10022736], [11.04521465, 59.09829986]], [[10.96218205, 59.09377694], [10.95824826, 59.09168541], [10.95961833, 59.09038734], [10.96067715, 59.09003437], [10.96276104, 59.09018016], [10.96511054, 59.09223175], [10.96512258, 59.09275734], [10.96218205, 59.09377694]], [[10.95434213, 59.10881245], [10.95532167, 59.11074293], [10.95113575, 59.11031425], [10.94941997, 59.10864341], [10.94960451, 59.1083976], [10.95274663, 59.10843992], [10.95434213, 59.10881245]], [[10.97780263, 59.07623506], [10.97596276, 59.07546616], [10.97785902, 59.07147884], [10.98151875, 59.06934762], [10.98307514, 59.06929624], [10.98415637, 59.06951821], [10.98389912, 59.07306707], [10.98069012, 59.07578945], [10.97780263, 59.07623506]], [[11.04258335, 59.08129907], [11.04332316, 59.08059335], [11.04469311, 59.08074558], [11.04651904, 59.08229876], [11.04694891, 59.08469284], [11.04250216, 59.08297634], [11.04258335, 59.08129907]], [[11.09416461, 59.07641602], [11.09562743, 59.07595253], [11.09606898, 59.07624412], [11.09802794, 59.07898283], [11.09749126, 59.07975435], [11.09648764, 59.07988572], [11.09543645, 59.07939994], [11.09390175, 59.0771203], [11.09416461, 59.07641602]], [[11.15019965, 59.05957663], [11.15085614, 59.05947006], [11.15573514, 59.06037331], [11.15441394, 59.0625], [11.15377748, 59.0626744], [11.15117371, 59.0625], [11.15019965, 59.05957663]], [[11.10222578, 59.04995251], [11.09874904, 59.04426086], [11.09617305, 59.04395604], [11.09355867, 59.04506731], [11.09013963, 59.04430842], [11.09257054, 59.03580594], [11.0888139, 59.03435707], [11.08331466, 59.03424215], [11.08432198, 59.03193295], [11.08403826, 59.03153455], [11.07833946, 59.02931511], [11.07818437, 59.02554894], [11.08454013, 59.02434397], [11.08735335, 59.02457631], [11.08789504, 59.02480638], [11.09080148, 59.02773273], [11.09530115, 59.02811193], [11.09798014, 59.02724934], [11.10522902, 59.02948105], [11.1059792, 59.02986598], [11.10791087, 59.03195524], [11.10791862, 59.03445935], [11.10586131, 59.03680634], [11.11172283, 59.03638911], [11.11138034, 59.04395711], [11.11543334, 59.04896605], [11.11546135, 59.04918373], [11.11282337, 59.05104613], [11.11016381, 59.05013323], [11.105039, 59.05397773], [11.1046077, 59.05066884], [11.10222578, 59.04995251]], [[11.11404681, 59.03898656], [11.11490595, 59.03858125], [11.11733496, 59.03864145], [11.11822927, 59.03894472], [11.12079036, 59.04235125], [11.12079322, 59.04274654], [11.11575818, 59.04525113], [11.11332095, 59.04450715], [11.11297297, 59.04105377], [11.11404681, 59.03898656]], [[11.10109305, 59.02486205], [11.08905613, 59.02140045], [11.07540214, 59.02100694], [11.06423175, 59.01746976], [11.06293404, 59.01491272], [11.05843115, 59.01604664], [11.05731988, 59.01180816], [11.05661178, 59.00987017], [11.06303465, 59.00519395], [11.06134176, 59.00198364], [11.06609666, 59.00431454], [11.06469727, 59.0102936], [11.06840885, 59.00640404], [11.06828582, 59.00066698], [11.07753837, 59.00021982], [11.07796764, 58.99876857], [11.0746417, 58.99671471], [11.08076572, 58.99481738], [11.08131802, 58.99504471], [11.08521736, 58.99801886], [11.08387363, 59.0017215], [11.08678496, 59.00495934], [11.08677912, 59.00537658], [11.08406615, 59.0082761], [11.08913112, 59.01181901], [11.09415901, 59.01169765], [11.11020863, 59.01730764], [11.11045241, 59.02020764], [11.11358953, 59.02261984], [11.11027324, 59.02396595], [11.10109305, 59.02486205]], [[11.05753255, 59.00186586], [11.05737174, 59.00381446], [11.05662715, 59.00425386], [11.04824841, 59.00709236], [11.04290652, 59.00621426], [11.04133761, 59.00913525], [11.03534102, 59.0067687], [11.03515768, 59.00681353], [11.03402221, 59.00947726], [11.03213716, 59.00603354], [11.03522432, 59.00399375], [11.03878546, 59.00430608], [11.03945148, 59.00123632], [11.04240346, 58.99987197], [11.03990185, 58.99851155], [11.04336083, 58.99704325], [11.04059565, 58.99574184], [11.03645921, 58.99567401], [11.03582108, 58.99530876], [11.0350759, 58.99423385], [11.03500831, 58.99117494], [11.03955627, 58.98964727], [11.04100084, 58.98956418], [11.04341721, 58.99131775], [11.04395473, 58.99121296], [11.05284905, 58.98656178], [11.05965698, 58.98589897], [11.06078255, 58.98794615], [11.05689001, 58.98752606], [11.05663228, 58.9887104], [11.06078792, 58.98998928], [11.06364834, 58.99414575], [11.06343055, 58.99453592], [11.05266404, 58.99823308], [11.05240142, 58.99887526], [11.05278218, 59.00018823], [11.05753255, 59.00186586]], [[11.12711143, 58.99112642], [11.12723148, 58.98891997], [11.12753356, 58.98872626], [11.12897015, 58.98910415], [11.13105142, 58.99204946], [11.13038945, 58.99335003], [11.12711143, 58.99112642]], [[11.1718713, 58.99359214], [11.17571902, 58.99311543], [11.17702007, 58.99317026], [11.17821193, 58.99405491], [11.17118382, 58.9964478], [11.16689324, 58.99411094], [11.1718713, 58.99359214]], [[11.14290297, 58.99283981], [11.14238286, 58.99329984], [11.13842642, 58.99152875], [11.13801265, 58.99124074], [11.13885021, 58.99009681], [11.14038408, 58.99007547], [11.14287746, 58.99145615], [11.14322877, 58.99174011], [11.14290297, 58.99283981]], [[11.12380624, 58.98996377], [11.12347496, 58.99003375], [11.12113214, 58.98894835], [11.12336814, 58.98773742], [11.12391007, 58.98789597], [11.12380624, 58.98996377]], [[11.11349475, 58.98789752], [11.11276817, 58.9882071], [11.11128485, 58.98712683], [11.11130178, 58.98630142], [11.11231661, 58.98514485], [11.11306894, 58.9853785], [11.11349475, 58.98789752]], [[10.97026515, 58.98572552], [10.96961546, 58.98581505], [10.96762896, 58.98367834], [10.97176683, 58.98200226], [10.97602046, 58.98455763], [10.97026515, 58.98572552]], [[11.12823105, 58.98338234], [11.12954128, 58.98150682], [11.12669802, 58.9804486], [11.12722194, 58.97908545], [11.13372016, 58.98178077], [11.13335705, 58.98429596], [11.12823105, 58.98338234]], [[10.96019602, 58.97524774], [10.96370184, 58.98110735], [10.95911241, 58.98392844], [10.96095121, 58.98595035], [10.96160913, 58.98726785], [10.96151435, 58.98785174], [10.95871162, 58.98839021], [10.95534945, 58.98586237], [10.94863963, 58.98587644], [10.94535565, 58.98069274], [10.950019, 58.97982252], [10.94494224, 58.97886145], [10.95379233, 58.9770627], [10.94942725, 58.97677136], [10.95059752, 58.97510254], [10.95868123, 58.97429967], [10.95984232, 58.97507584], [10.96019602, 58.97524774]], [[10.1953125, 58.97460926], [10.1953125, 58.97488844], [10.19450855, 58.97485507], [10.1926918, 58.97442341], [10.19271076, 58.97419631], [10.1953125, 58.97126114], [10.19561565, 58.97129774], [10.19737577, 58.97308385], [10.1953125, 58.97460926]], [[10.15205026, 58.97258341], [10.14689374, 58.97505343], [10.14384961, 58.97455895], [10.14439654, 58.97367406], [10.14405406, 58.9737184], [10.13874841, 58.97593617], [10.13785875, 58.97603011], [10.13679671, 58.97530484], [10.13740861, 58.97227526], [10.13486445, 58.97225606], [10.13483477, 58.97053385], [10.14246571, 58.96743643], [10.14480472, 58.96850002], [10.15023923, 58.96513736], [10.15255368, 58.96497095], [10.15241826, 58.96623576], [10.15418565, 58.96489453], [10.15626586, 58.9650526], [10.15612435, 58.96721065], [10.15166545, 58.96944761], [10.15374005, 58.97081387], [10.15205026, 58.97258341]], [[11.07437182, 58.96709907], [11.07243454, 58.96449184], [11.07239985, 58.96409035], [11.07429481, 58.96202517], [11.0754739, 58.9618324], [11.07855856, 58.96195686], [11.07900453, 58.96207428], [11.08002281, 58.96437073], [11.08307827, 58.96575141], [11.08306277, 58.96636593], [11.08038843, 58.96913981], [11.07636487, 58.96989047], [11.07347262, 58.96887982], [11.07437182, 58.96709907]], [[11.10171294, 58.96654963], [11.09773493, 58.96073353], [11.10064375, 58.95955801], [11.09961414, 58.95686734], [11.10790026, 58.95167351], [11.10728145, 58.94741178], [11.11222947, 58.94657326], [11.11048293, 58.94323051], [11.11263716, 58.94150138], [11.11798537, 58.94081581], [11.12228096, 58.93780816], [11.12757885, 58.9364897], [11.12816036, 58.93645394], [11.12834203, 58.93737042], [11.12922192, 58.93928015], [11.12418687, 58.94425476], [11.12275004, 58.94537973], [11.11901557, 58.94546247], [11.11975157, 58.94718087], [11.12003756, 58.94884574], [11.11462402, 58.95264983], [11.11385405, 58.95773041], [11.10783291, 58.96547377], [11.10171294, 58.96654963]], [[11.12853241, 58.94460046], [11.12964344, 58.94413865], [11.13149226, 58.94441724], [11.1300261, 58.946545], [11.12892914, 58.94674528], [11.1282258, 58.94568682], [11.12853241, 58.94460046]], [[11.14266038, 58.93747056], [11.14104342, 58.93625796], [11.14285553, 58.93470538], [11.14483595, 58.93428588], [11.14638686, 58.93421686], [11.15488613, 58.93571556], [11.15563655, 58.93591845], [11.15613091, 58.93703282], [11.15114141, 58.93650866], [11.14995837, 58.93654823], [11.14266038, 58.93747056]], [[11.13278556, 58.93504214], [11.12786365, 58.93586981], [11.12689745, 58.93538058], [11.12651134, 58.93405235], [11.1269958, 58.93370342], [11.13279808, 58.93220675], [11.13367546, 58.93240011], [11.13278556, 58.93504214]], [[11.15191352, 58.93228924], [11.15125084, 58.93207645], [11.15188837, 58.9308449], [11.15251076, 58.93096626], [11.15596545, 58.93275702], [11.15577173, 58.93300354], [11.15191352, 58.93228924]], [[11.11441612, 58.93104672], [11.11129022, 58.93363166], [11.10581064, 58.93429124], [11.11100805, 58.93052411], [11.11342847, 58.93038738], [11.11420596, 58.93069005], [11.11441612, 58.93104672]], [[11.11082494, 58.93992257], [11.10566997, 58.94125092], [11.10260427, 58.94100714], [11.10238397, 58.93959856], [11.10473776, 58.93801486], [11.11040115, 58.93663752], [11.11199045, 58.9375], [11.11246502, 58.93892515], [11.11082494, 58.93992257]], [[9.93826306, 58.93818033], [9.93369675, 58.94067144], [9.93194187, 58.93884373], [9.93232763, 58.93816745], [9.93479884, 58.93692362], [9.93655431, 58.93686843], [9.93826306, 58.93818033]], [[9.64782858, 58.94028461], [9.65303862, 58.94414091], [9.65144312, 58.94582248], [9.64619577, 58.94515085], [9.65030813, 58.94693506], [9.65030944, 58.94733977], [9.64916134, 58.94820344], [9.64618504, 58.94806016], [9.64763272, 58.95114005], [9.64261794, 58.95029783], [9.63799381, 58.94662035], [9.63940895, 58.94262636], [9.63582575, 58.94420755], [9.63183534, 58.94234586], [9.63119233, 58.94050765], [9.63679016, 58.93870103], [9.6372987, 58.93728447], [9.64782858, 58.94028461]], [[9.65406156, 58.95108998], [9.65433407, 58.95042765], [9.65548754, 58.95051491], [9.65983236, 58.95154583], [9.66002584, 58.95185995], [9.66001952, 58.95379233], [9.65604484, 58.95322776], [9.65406156, 58.95108998]], [[9.85890484, 58.95548415], [9.86254776, 58.95289505], [9.86334801, 58.95290267], [9.86458266, 58.95331502], [9.86524868, 58.95543063], [9.86394167, 58.95663393], [9.86303866, 58.95683837], [9.85895276, 58.95574105], [9.85890484, 58.95548415]], [[9.86815524, 58.95521724], [9.86763155, 58.95220065], [9.86928666, 58.95119894], [9.86961257, 58.95130897], [9.87140667, 58.95505655], [9.87394941, 58.95603394], [9.87393475, 58.95625687], [9.86889124, 58.95889235], [9.86831605, 58.95906425], [9.87071025, 58.95593893], [9.86815524, 58.95521724]], [[9.88268352, 58.95855081], [9.89774585, 58.95679915], [9.89949298, 58.95706224], [9.89965618, 58.95724726], [9.89459395, 58.95876002], [9.89336741, 58.96082056], [9.89252341, 58.96103478], [9.88736045, 58.96142912], [9.88139677, 58.96236205], [9.87891781, 58.96066082], [9.87892067, 58.96037745], [9.88122725, 58.95883048], [9.88268352, 58.95855081]], [[10.86947215, 58.95937526], [10.87145615, 58.95606673], [10.87312722, 58.95566297], [10.87432373, 58.95588315], [10.87620378, 58.95824516], [10.87402678, 58.96060753], [10.87305355, 58.96074307], [10.86947215, 58.95937526]], [[11.08950532, 58.96181536], [11.08434963, 58.95326686], [11.08435035, 58.95297325], [11.08796871, 58.94979095], [11.08914411, 58.94959664], [11.09394586, 58.94978845], [11.09502995, 58.95024574], [11.09924245, 58.95404816], [11.09926772, 58.95514977], [11.09608281, 58.95907032], [11.08950532, 58.96181536]], [[9.89927971, 58.94740713], [9.89425325, 58.94991136], [9.89292586, 58.94933641], [9.89281225, 58.94767785], [9.89418852, 58.94695473], [9.897403, 58.94684112], [9.89927971, 58.94740713]], [[9.87809265, 58.94850445], [9.8775295, 58.94878471], [9.8761934, 58.94794261], [9.87550688, 58.94572258], [9.87619984, 58.94537461], [9.88078833, 58.94623673], [9.88077974, 58.9465487], [9.87809265, 58.94850445]], [[10.15605414, 58.97529221], [10.15739882, 58.97518432], [10.15964091, 58.975389], [10.16192937, 58.97665524], [10.16173542, 58.97706628], [10.15608311, 58.97770476], [10.15431273, 58.97704697], [10.15434384, 58.97663915], [10.15605414, 58.97529221]], [[10.21709812, 58.97609901], [10.21990645, 58.97588825], [10.21994901, 58.97733796], [10.2177968, 58.97860575], [10.21670651, 58.97888768], [10.21503591, 58.97775495], [10.21547031, 58.97734594], [10.21709812, 58.97609901]], [[10.21940184, 58.97860205], [10.22230816, 58.97835791], [10.22549272, 58.97914076], [10.22600055, 58.97987556], [10.22552371, 58.98064804], [10.22204423, 58.98242176], [10.22042406, 58.98242176], [10.21941388, 58.98211443], [10.21868837, 58.98143065], [10.22061443, 58.98025787], [10.21922815, 58.97893274], [10.21940184, 58.97860205]], [[10.23288047, 58.98205531], [10.23452127, 58.98188663], [10.23603904, 58.98216021], [10.23779225, 58.98459494], [10.23740268, 58.98526597], [10.23399162, 58.98727608], [10.23271894, 58.9853543], [10.23228765, 58.984833], [10.23288047, 58.98205531]], [[10.21919251, 58.98500001], [10.21749377, 58.98534381], [10.21479523, 58.98357308], [10.21531594, 58.98317838], [10.21932125, 58.98255086], [10.21990001, 58.98268735], [10.22032166, 58.98446333], [10.21919251, 58.98500001]], [[10.2302711, 58.98625743], [10.23092175, 58.98777616], [10.23019636, 58.98841822], [10.22862601, 58.98858714], [10.22640765, 58.98763084], [10.22563064, 58.98605764], [10.22676957, 58.98545825], [10.22951853, 58.98569965], [10.2302711, 58.98625743]], [[10.05484974, 58.98570585], [10.05785835, 58.98969054], [10.05794156, 58.99289441], [10.05458975, 58.99857795], [10.05378783, 58.99925995], [10.05174267, 58.99949014], [10.04970515, 58.99871016], [10.05016768, 58.99821746], [10.05096221, 58.99703264], [10.04695082, 58.99555683], [10.04578102, 58.99196255], [10.05012906, 58.98594773], [10.05428064, 58.98551607], [10.05484974, 58.98570585]], [[11.02732897, 59.00409555], [11.02839756, 58.99895263], [11.02985573, 58.99936998], [11.03336954, 59.00347972], [11.02990961, 59.00524855], [11.02732897, 59.00409555]], [[11.01318681, 59.00506854], [11.01688504, 59.00532782], [11.01626146, 59.00807416], [11.01654375, 59.00851357], [11.01881385, 59.00984371], [11.01877475, 59.01031673], [11.01493776, 59.01375735], [11.01241207, 59.01293898], [11.00893915, 59.00827932], [11.0034759, 59.00919604], [11.0032444, 59.00888515], [11.00415361, 59.00250745], [11.01109958, 59.00095713], [11.01253212, 59.00413895], [11.01318681, 59.00506854]], [[10.10134661, 59.00369942], [10.10137558, 59.00741351], [10.10166156, 59.00766611], [10.10828316, 59.01003146], [10.10663891, 59.01574802], [10.10402381, 59.01509965], [10.10321665, 59.01590133], [10.10312045, 59.01715374], [10.10668194, 59.01826358], [10.10438204, 59.02013016], [10.09148586, 59.01673567], [10.08428454, 59.01006377], [10.08510816, 59.00816393], [10.08580518, 59.00793612], [10.08862364, 59.00871062], [10.08933592, 59.00770485], [10.09095645, 59.00826538], [10.09433556, 59.00702906], [10.09830618, 59.00342894], [10.09884596, 59.00323904], [10.10134661, 59.00369942]], [[10.11332333, 59.01870871], [10.11384487, 59.01821983], [10.11575615, 59.01826012], [10.11746526, 59.0193752], [10.11743617, 59.01961613], [10.11518538, 59.02100718], [10.11332333, 59.01870871]], [[10.11915147, 59.01843166], [10.11974096, 59.01805115], [10.12272632, 59.01778543], [10.12331033, 59.01826632], [10.12135255, 59.02282345], [10.11837447, 59.02217853], [10.11786771, 59.02150357], [10.11799753, 59.0204854], [10.11915147, 59.01843166]], [[10.11548305, 59.00963235], [10.11541283, 59.00936556], [10.11841881, 59.00900257], [10.12044072, 59.00924921], [10.12388825, 59.01100147], [10.11950088, 59.01488101], [10.11548305, 59.00963235]], [[10.10979474, 59.00936985], [10.10919941, 59.00955105], [10.10740876, 59.00766826], [10.11186385, 59.00504673], [10.11081815, 59.00649786], [10.11290336, 59.00711346], [10.10979474, 59.00936985]], [[11.03530335, 59.01136696], [11.0358299, 59.01088655], [11.04334915, 59.01116276], [11.04364264, 59.01132417], [11.04495835, 59.01300704], [11.04482925, 59.01337183], [11.04303491, 59.01403475], [11.03809404, 59.01280475], [11.03530335, 59.01136696]], [[11.05154967, 59.01152813], [11.04913735, 59.00924635], [11.04929376, 59.00888944], [11.05264604, 59.00880778], [11.05493295, 59.00940084], [11.05487311, 59.00963616], [11.05212367, 59.01131332], [11.05154967, 59.01152813]], [[11.01986456, 58.99692237], [11.01646745, 58.99388885], [11.01710844, 58.99401832], [11.01994097, 58.99532723], [11.01986456, 58.99692237]], [[10.92065132, 58.98983645], [10.91961312, 58.98838115], [10.92002726, 58.98790932], [10.92267776, 58.98723173], [10.92409265, 58.9873023], [10.92621314, 58.98783612], [10.92611396, 58.98829401], [10.92521286, 58.98951507], [10.92499375, 58.98966575], [10.92122114, 58.98997891], [10.92065132, 58.98983645]], [[10.22723663, 58.97947586], [10.22974408, 58.97636735], [10.23068476, 58.97610283], [10.23151123, 58.97604215], [10.23296416, 58.97837424], [10.23468745, 58.97840881], [10.23506927, 58.97923565], [10.23167527, 58.98070872], [10.22862208, 58.98133516], [10.22748125, 58.98092175], [10.22723663, 58.97947586]], [[11.09466565, 58.97938931], [11.09854066, 58.97929525], [11.09994376, 58.97994673], [11.09976506, 58.98199475], [11.09521985, 58.98296833], [11.09466565, 58.97938931]], [[11.10778451, 58.98266506], [11.10576713, 58.98062098], [11.10715604, 58.98065305], [11.11014581, 58.98176575], [11.11018205, 58.9829365], [11.10778451, 58.98266506]], [[11.06494534, 58.9876163], [11.06560516, 58.98903871], [11.06393385, 58.98814464], [11.06376708, 58.98839176], [11.06295121, 58.98950601], [11.06239355, 58.98760033], [11.06308436, 58.9874022], [11.06494534, 58.9876163]], [[11.10600841, 58.98930585], [11.10443115, 58.98834872], [11.10508716, 58.98792815], [11.10752511, 58.98832488], [11.10859478, 58.99074006], [11.10789442, 58.99087656], [11.10600841, 58.98930585]], [[11.042575, 59.02253485], [11.04030073, 59.02318537], [11.03631365, 59.01882565], [11.03856075, 59.01685405], [11.0400846, 59.01707566], [11.04098105, 59.01765227], [11.04167903, 59.0210644], [11.042575, 59.02253485]], [[11.086555, 59.04302907], [11.08393931, 59.04436386], [11.08078456, 59.04378748], [11.08048666, 59.04363537], [11.07947946, 59.04221702], [11.07947564, 59.04181695], [11.08136797, 59.03937376], [11.08196402, 59.03949714], [11.086555, 59.04302907]], [[11.08861876, 59.11910737], [11.0881834, 59.11924875], [11.08253217, 59.11761415], [11.08359945, 59.11700106], [11.08642924, 59.1170845], [11.08748472, 59.11747158], [11.08861876, 59.11910737]], [[10.92709935, 59.13165331], [10.92974091, 59.13157725], [10.93556666, 59.13374925], [10.93615866, 59.1340723], [10.93596315, 59.13500392], [10.93524337, 59.13510835], [10.93296635, 59.13391113], [10.9300189, 59.13403821], [10.92709935, 59.13165331]], [[10.81552756, 59.15217435], [10.81600475, 59.15164697], [10.81788015, 59.15172267], [10.82034075, 59.15253902], [10.8208338, 59.15346074], [10.8188616, 59.15415216], [10.81749201, 59.15434516], [10.81657684, 59.15390062], [10.81552756, 59.15217435]], [[10.39740086, 59.05921054], [10.39631164, 59.05950034], [10.3951627, 59.0572437], [10.39803374, 59.05631435], [10.40072107, 59.05773795], [10.39740086, 59.05921054]], [[10.34554243, 59.10487473], [10.35039902, 59.10733056], [10.35195827, 59.11003363], [10.35129845, 59.11111021], [10.35082662, 59.10932696], [10.34414125, 59.10958302], [10.34554243, 59.10487473]], [[10.35786641, 59.11223936], [10.36213756, 59.10916555], [10.36498523, 59.11292934], [10.36461365, 59.11584771], [10.36747825, 59.1152637], [10.36790895, 59.11628854], [10.36407816, 59.12169182], [10.36603582, 59.12268341], [10.36688542, 59.12097895], [10.36902022, 59.12090945], [10.36906385, 59.12369931], [10.36913884, 59.12513685], [10.36878884, 59.12546635], [10.36430347, 59.12678957], [10.36445725, 59.12761533], [10.36441374, 59.12781715], [10.35671663, 59.12779021], [10.35353446, 59.12527084], [10.35404146, 59.12302685], [10.34939134, 59.12093496], [10.34937942, 59.11787736], [10.35125434, 59.11670434], [10.35426915, 59.11828005], [10.35824621, 59.11615086], [10.35786641, 59.11223936]], [[10.34284997, 59.12631965], [10.34253073, 59.12689924], [10.34085643, 59.12606955], [10.34073746, 59.12345552], [10.3419708, 59.12272346], [10.342785, 59.12279296], [10.34284997, 59.12631965]], [[10.36956274, 59.13108385], [10.37001586, 59.12777185], [10.37056255, 59.12778533], [10.37139905, 59.12975061], [10.37573647, 59.13114858], [10.37462461, 59.13515484], [10.36983645, 59.13155544], [10.36956274, 59.13108385]], [[10.35926402, 59.13500357], [10.3653022, 59.13844347], [10.36398268, 59.14126956], [10.3676784, 59.14775825], [10.36092985, 59.16310012], [10.36150718, 59.16448641], [10.36000371, 59.16514516], [10.35669315, 59.16364634], [10.35612607, 59.16678953], [10.35560441, 59.16702735], [10.34673917, 59.16869664], [10.34597886, 59.16680574], [10.34309006, 59.16585052], [10.33975434, 59.15961528], [10.33921623, 59.15853047], [10.33434927, 59.14419484], [10.33433092, 59.14312506], [10.33591485, 59.14117634], [10.34006107, 59.14437783], [10.34236372, 59.13837683], [10.34595442, 59.13810337], [10.34809697, 59.14645874], [10.35328472, 59.14490104], [10.35413528, 59.14876711], [10.35596693, 59.13935053], [10.35926402, 59.13500357]], [[10.3668822, 59.13916397], [10.36874604, 59.13904333], [10.37058604, 59.14023507], [10.37092674, 59.14555132], [10.36879611, 59.14681315], [10.36636806, 59.14295995], [10.36832094, 59.14173746], [10.3668822, 59.13916397]], [[10.35753393, 59.11018646], [10.35565746, 59.11025155], [10.35478592, 59.11006212], [10.35383356, 59.10834527], [10.35379863, 59.10729551], [10.35518193, 59.10579765], [10.35636854, 59.10590196], [10.35951746, 59.1084882], [10.35854328, 59.11005068], [10.35753393, 59.11018646]], [[10.35667801, 59.18515456], [10.35579336, 59.18535113], [10.34946191, 59.17856586], [10.34946191, 59.17829812], [10.35268676, 59.17458093], [10.35568511, 59.17360973], [10.35640192, 59.17372978], [10.35914397, 59.17566836], [10.35918248, 59.18170583], [10.35667801, 59.18515456]], [[10.34022868, 59.19770777], [10.33903742, 59.19788671], [10.33811331, 59.19760597], [10.33654261, 59.19462585], [10.33670175, 59.19382584], [10.33963168, 59.18795848], [10.34184194, 59.18697774], [10.34263992, 59.18707383], [10.34414816, 59.18752813], [10.34490216, 59.18971264], [10.34491205, 59.19029212], [10.34379864, 59.19455647], [10.34359145, 59.19489825], [10.34022868, 59.19770777]], [[10.35014665, 59.20471251], [10.34790707, 59.2050457], [10.34423971, 59.20477641], [10.34408295, 59.20451856], [10.34903562, 59.19979966], [10.34940648, 59.19987154], [10.35049224, 59.20420265], [10.35014665, 59.20471251]], [[10.3723613, 59.22261024], [10.37197864, 59.22269237], [10.36894786, 59.2195636], [10.36908531, 59.21856785], [10.36985207, 59.21865213], [10.37378681, 59.22040677], [10.37421095, 59.22110546], [10.3723613, 59.22261024]], [[10.28302026, 59.08329487], [10.28186095, 59.08628464], [10.28115261, 59.08443546], [10.28302026, 59.08329487]], [[10.27506494, 59.10348773], [10.27416074, 59.10350633], [10.27303517, 59.1020565], [10.2733041, 59.10142064], [10.27575076, 59.10076141], [10.27506494, 59.10348773]], [[10.27487016, 59.11065435], [10.27427363, 59.11083305], [10.27136505, 59.1086905], [10.27138364, 59.10837853], [10.27350795, 59.10533023], [10.27499902, 59.10509777], [10.27603281, 59.10516512], [10.27716196, 59.10545456], [10.27717674, 59.10867763], [10.27487016, 59.11065435]], [[10.23090768, 59.07515526], [10.23043346, 59.07549071], [10.22852302, 59.07487345], [10.22687697, 59.07293534], [10.22663474, 59.0725286], [10.22714925, 59.06983566], [10.22817016, 59.07004321], [10.23090768, 59.07515526]], [[10.22691417, 59.07548404], [10.22771811, 59.07628727], [10.22702718, 59.07807052], [10.22651947, 59.07824266], [10.22454822, 59.07843185], [10.22192395, 59.07710755], [10.22160447, 59.07569468], [10.21812296, 59.07544875], [10.21499825, 59.07181072], [10.21537697, 59.07136774], [10.21815264, 59.07018542], [10.21859872, 59.07019675], [10.21956646, 59.07129991], [10.22539902, 59.07325244], [10.22691417, 59.07548404]], [[10.25285184, 59.07975221], [10.25356531, 59.07599306], [10.25441766, 59.07601905], [10.25485885, 59.07657397], [10.25430405, 59.07969666], [10.25339985, 59.07978976], [10.25285184, 59.07975221]], [[10.25633144, 59.08525157], [10.25517035, 59.08539832], [10.25454235, 59.08345461], [10.25475836, 59.08296466], [10.25716186, 59.08203495], [10.2576586, 59.08221185], [10.25814545, 59.08443213], [10.25633144, 59.08525157]], [[9.69446135, 58.96332848], [9.69285715, 58.96421123], [9.69106901, 58.96437836], [9.68721044, 58.96331382], [9.68724191, 58.96299195], [9.68864381, 58.96032894], [9.68979716, 58.95997775], [9.69225526, 58.9599843], [9.69438612, 58.96073926], [9.69446135, 58.96332848]], [[9.67824566, 58.96419024], [9.67122161, 58.96544552], [9.66995955, 58.96500516], [9.66816533, 58.96330106], [9.67289245, 58.96125245], [9.67781103, 58.96069241], [9.67833531, 58.96078694], [9.67947006, 58.96260703], [9.67824566, 58.96419024]], [[9.70466173, 58.96477103], [9.71061265, 58.96360874], [9.71156466, 58.96381807], [9.71468174, 58.96526217], [9.71012175, 58.96776736], [9.71345663, 58.97036362], [9.71076834, 58.97257066], [9.70421696, 58.97119951], [9.70240223, 58.96707535], [9.70239913, 58.96651268], [9.70408106, 58.96495426], [9.70466173, 58.96477103]], [[9.75718403, 58.99038434], [9.75938725, 58.99186063], [9.75566721, 59.00385153], [9.75966966, 59.00427067], [9.75916827, 59.00648677], [9.75599515, 59.01073885], [9.75120056, 59.01186025], [9.75460815, 58.99223387], [9.75718403, 58.99038434]], [[9.78555417, 59.00844812], [9.79142404, 59.00434351], [9.79476964, 59.00463915], [9.79653156, 59.00052357], [9.79147744, 58.99876261], [9.79286826, 58.99541211], [9.79749715, 58.99199855], [9.8035773, 58.99140275], [9.80886686, 58.99219275], [9.80914855, 58.99424934], [9.80639815, 58.99661708], [9.81432426, 58.99411643], [9.81599498, 58.99633408], [9.82047164, 58.99517274], [9.82545865, 58.99734306], [9.81723344, 58.99890411], [9.81713986, 59.00098646], [9.80679154, 59.00510895], [9.80616856, 59.00530934], [9.80505311, 59.00540173], [9.80310476, 59.00357997], [9.80230856, 59.00370145], [9.80144095, 59.00540996], [9.80041146, 59.00713325], [9.79627764, 59.01058912], [9.79641736, 59.01274633], [9.78608465, 59.01657236], [9.78445137, 59.01558685], [9.78555417, 59.00844812]], [[9.77840531, 59.01538491], [9.77558076, 59.01689208], [9.77848566, 59.01824081], [9.77997744, 59.02491176], [9.77956438, 59.02530742], [9.77583826, 59.02816141], [9.76823688, 59.03097331], [9.76544535, 59.03088284], [9.75752735, 59.03316474], [9.75429285, 59.03707683], [9.75350535, 59.03748417], [9.74577224, 59.04019845], [9.74199152, 59.04027164], [9.73920238, 59.03872144], [9.73849916, 59.03764236], [9.74081254, 59.0366801], [9.74074376, 59.03494954], [9.74789751, 59.03248727], [9.74818671, 59.02913094], [9.75409865, 59.02791333], [9.75178552, 59.02414656], [9.75475216, 59.02379155], [9.75879955, 59.02701116], [9.76057172, 59.02651513], [9.76994026, 59.02014303], [9.76442945, 59.01908207], [9.76386857, 59.01846933], [9.76403773, 59.01804435], [9.76750541, 59.01724696], [9.77036095, 59.01297724], [9.77064025, 59.01285517], [9.77480495, 59.01347876], [9.77770507, 59.01351881], [9.77855301, 59.01403225], [9.77840531, 59.01538491]], [[9.77832246, 59.03540111], [9.78141987, 59.03518665], [9.78164554, 59.03554368], [9.77830458, 59.03751898], [9.77832246, 59.03540111]], [[9.77424777, 59.03529787], [9.77381694, 59.03534555], [9.77236271, 59.03510976], [9.77286911, 59.03415155], [9.77472115, 59.0326606], [9.77586365, 59.03245437], [9.7765727, 59.03266203], [9.77622604, 59.03394246], [9.77424777, 59.03529787]], [[9.78566837, 59.03283322], [9.78616905, 59.03218222], [9.78763294, 59.03133202], [9.78872383, 59.03130817], [9.78949511, 59.03155005], [9.78904104, 59.03333533], [9.78847921, 59.0338217], [9.78623331, 59.03397417], [9.78566837, 59.03283322]], [[9.84717965, 59.00708723], [9.84776747, 59.00677073], [9.84842014, 59.00682235], [9.84891975, 59.00734687], [9.84903038, 59.00817943], [9.84883654, 59.00891316], [9.84858358, 59.00946426], [9.84826446, 59.00974691], [9.84785688, 59.00985563], [9.84759104, 59.00959468], [9.84737492, 59.00913608], [9.84708881, 59.00871718], [9.84683704, 59.00831115], [9.84669483, 59.00793684], [9.84682763, 59.00753534], [9.84717965, 59.00708723]], [[9.77799404, 59.00235856], [9.7729665, 59.00761485], [9.77109003, 59.00813508], [9.77019906, 59.00693548], [9.77046907, 59.00310397], [9.77288234, 58.99598992], [9.77634013, 58.99228108], [9.77709246, 58.99219441], [9.77857721, 58.99322236], [9.77794027, 58.99622202], [9.77940941, 58.99663186], [9.77799404, 59.00235856]], [[9.78898084, 59.04818332], [9.78850245, 59.04853165], [9.78661084, 59.0457375], [9.78685606, 59.0450927], [9.78952932, 59.04412305], [9.79021645, 59.04422045], [9.7912935, 59.04555142], [9.78898084, 59.04818332]], [[9.78798854, 59.05566394], [9.78752971, 59.05622184], [9.78515625, 59.05747771], [9.78396201, 59.05709088], [9.7835139, 59.05682683], [9.78224933, 59.05383492], [9.78361905, 59.05219615], [9.78441727, 59.05157065], [9.78881645, 59.04953063], [9.79478121, 59.04952371], [9.79534841, 59.05064106], [9.79402304, 59.05169535], [9.78798854, 59.05566394]], [[9.79363465, 59.05593085], [9.79502428, 59.05593002], [9.79535937, 59.05609775], [9.79331064, 59.06044447], [9.79169071, 59.06053746], [9.79213381, 59.05702007], [9.79363465, 59.05593085]], [[9.75707591, 59.04653776], [9.75652885, 59.04663026], [9.75621355, 59.0464735], [9.75640213, 59.04615355], [9.75664616, 59.04580736], [9.75687015, 59.04547095], [9.75714195, 59.04526591], [9.75747216, 59.04514766], [9.75780714, 59.0449599], [9.7582854, 59.04462886], [9.75906336, 59.04428506], [9.75984526, 59.04423106], [9.76040626, 59.04450417], [9.76054394, 59.04487967], [9.7602843, 59.04514325], [9.75977623, 59.04534125], [9.75922215, 59.04561067], [9.75874722, 59.04592323], [9.75820422, 59.04620671], [9.75763357, 59.04639578], [9.75707591, 59.04653776]], [[9.71358991, 59.10621512], [9.71238744, 59.10637426], [9.71197855, 59.10613525], [9.71090066, 59.10239935], [9.71426344, 59.10134375], [9.71459365, 59.10139894], [9.71556628, 59.1043241], [9.71546555, 59.1050297], [9.71358991, 59.10621512]], [[11.12524915, 58.92889595], [11.12295961, 58.92784011], [11.12816846, 58.92676794], [11.12910294, 58.92666328], [11.12947345, 58.92742264], [11.12907076, 58.92811453], [11.12808835, 58.92846036], [11.12689495, 58.92869854], [11.12524915, 58.92889595]], [[11.09362614, 58.92769957], [11.09116995, 58.92803943], [11.09179807, 58.92594981], [11.09440291, 58.92552567], [11.09362614, 58.92769957]], [[11.13589788, 58.92569876], [11.13526833, 58.92364502], [11.13584113, 58.92324698], [11.13882172, 58.92307103], [11.13984084, 58.92363524], [11.13974071, 58.92459404], [11.13589788, 58.92569876]], [[9.69296098, 58.92521906], [9.69259036, 58.92565632], [9.69155776, 58.92589915], [9.68795001, 58.92354834], [9.68988025, 58.92277765], [9.69296098, 58.92521906]], [[9.69401777, 58.92307782], [9.69273925, 58.92259955], [9.68803191, 58.91986275], [9.68875623, 58.91896784], [9.69062757, 58.91900992], [9.69454896, 58.92026174], [9.69493592, 58.92062044], [9.69401777, 58.92307782]], [[9.63177776, 58.92106116], [9.63339543, 58.92277956], [9.63343287, 58.92316735], [9.63069832, 58.92407572], [9.62919641, 58.92086864], [9.62636185, 58.92112243], [9.61728001, 58.91565347], [9.61294472, 58.91451013], [9.61329186, 58.91358054], [9.62219393, 58.91613626], [9.62836218, 58.91950762], [9.63177776, 58.92106116]], [[11.10341215, 58.91716576], [11.10511506, 58.91591454], [11.10673964, 58.91585982], [11.10904646, 58.91738701], [11.10392058, 58.91741073], [11.10341215, 58.91716576]], [[11.09251773, 58.91325295], [11.09228241, 58.91661394], [11.08921373, 58.91510761], [11.08932614, 58.91450822], [11.08939815, 58.91320515], [11.09183598, 58.91306543], [11.09251773, 58.91325295]], [[11.02024305, 58.91279697], [11.01593387, 58.91436768], [11.01523137, 58.91416538], [11.01548576, 58.91197825], [11.02107596, 58.90735245], [11.02180088, 58.90751135], [11.02170408, 58.90976965], [11.02183104, 58.91136575], [11.02024305, 58.91279697]], [[11.0054183, 58.90818453], [11.00120771, 58.91028404], [11.00241733, 58.91114974], [10.99912381, 58.91375041], [10.99608326, 58.91265213], [10.99510455, 58.91300452], [10.99006271, 58.91483402], [10.98928154, 58.91468465], [10.98655474, 58.91304564], [10.98658407, 58.91280961], [10.99038565, 58.90857744], [10.98477244, 58.90919554], [10.98171115, 58.90697098], [10.98500335, 58.90506828], [10.98781395, 58.8996495], [10.99325871, 58.89716613], [10.99809456, 58.89778304], [10.99896264, 58.89607632], [10.99424696, 58.89535165], [10.99090183, 58.89346683], [10.98274672, 58.89466095], [10.98178518, 58.89218271], [10.98908567, 58.89059997], [10.98757553, 58.88982022], [10.98388314, 58.89066863], [10.98361027, 58.88914692], [10.98005104, 58.88827181], [10.98052275, 58.88671875], [10.98229635, 58.88671875], [10.98837995, 58.88369381], [10.99431968, 58.88387275], [10.99932122, 58.88618875], [10.99755991, 58.88253522], [10.99824894, 58.88238025], [11.00140035, 58.88233006], [11.00406265, 58.88433504], [11.00460887, 58.88445318], [11.00614631, 58.88418543], [11.00695968, 58.88345325], [11.00660765, 58.87843514], [11.00871146, 58.87546074], [11.01587474, 58.87298143], [11.03233933, 58.87016284], [11.03086758, 58.86780345], [11.02560985, 58.86703968], [11.02616501, 58.86552846], [11.03299916, 58.86414278], [11.03901672, 58.8645699], [11.04034615, 58.86430085], [11.04559195, 58.8615092], [11.04697454, 58.8615185], [11.05359626, 58.86452246], [11.05409336, 58.86693954], [11.06110466, 58.86838806], [11.06225693, 58.87067306], [11.05220723, 58.8774296], [11.04663086, 58.8789432], [11.04261434, 58.8821485], [11.04210722, 58.88335776], [11.04243004, 58.88518822], [11.04270697, 58.885324], [11.05067873, 58.88654661], [11.05056608, 58.88671875], [11.05072725, 58.88671875], [11.046893, 58.88962281], [11.04758108, 58.89071393], [11.04807663, 58.89127457], [11.05313087, 58.89223075], [11.05595005, 58.89184606], [11.05556858, 58.89383113], [11.05520177, 58.89412332], [11.05099785, 58.89618206], [11.04886782, 58.89470422], [11.04334795, 58.89759696], [11.04235756, 58.89792526], [11.03453183, 58.89949465], [11.03350985, 58.89950073], [11.02589107, 58.89693964], [11.02295256, 58.89430916], [11.01239407, 58.89185751], [11.01168728, 58.89208877], [11.01593494, 58.89625561], [11.02283526, 58.89882135], [11.01963305, 58.90181124], [11.02031386, 58.9040637], [11.01526475, 58.90778744], [11.0054183, 58.90818453]], [[11.11699057, 58.90236902], [11.11394131, 58.89934635], [11.11019337, 58.89964426], [11.10751414, 58.89781153], [11.11473703, 58.89514124], [11.11865556, 58.89484096], [11.11967432, 58.89552557], [11.11941981, 58.89639056], [11.11497104, 58.89777553], [11.11448836, 58.89893174], [11.11480367, 58.89915192], [11.11957717, 58.89818788], [11.12584782, 58.89861667], [11.12192726, 58.89958513], [11.11699057, 58.90236902]], [[11.1292572, 58.89270687], [11.12492204, 58.89055276], [11.12111962, 58.89087546], [11.11982846, 58.89025295], [11.12093174, 58.88671875], [11.12152374, 58.88671875], [11.12238264, 58.88488841], [11.12281203, 58.88458943], [11.12806201, 58.88289964], [11.12438703, 58.8821913], [11.12956655, 58.88091302], [11.13698876, 58.88320518], [11.13742614, 58.88361776], [11.13707221, 58.88478756], [11.13343203, 58.88508284], [11.13442504, 58.88671875], [11.13443255, 58.88671875], [11.13441944, 58.88740182], [11.13219941, 58.8905133], [11.13271058, 58.89094508], [11.13810885, 58.88895881], [11.13619745, 58.88715613], [11.13659275, 58.88671875], [11.13711286, 58.88671875], [11.14265728, 58.88267255], [11.1404165, 58.87902963], [11.14443505, 58.87517893], [11.14416766, 58.87501585], [11.13641191, 58.87620807], [11.13188934, 58.87859297], [11.12612927, 58.87743163], [11.12236655, 58.87893331], [11.12037766, 58.87883794], [11.11597311, 58.87778354], [11.11516047, 58.87702191], [11.11653101, 58.87178624], [11.11920404, 58.87086093], [11.11846125, 58.86917675], [11.11870015, 58.86872065], [11.12238574, 58.86413026], [11.12342036, 58.86397648], [11.13269937, 58.86454487], [11.13544035, 58.86673605], [11.14047825, 58.86587966], [11.1426326, 58.86791194], [11.14094591, 58.87020254], [11.14686501, 58.87217116], [11.15563571, 58.86796045], [11.16172695, 58.86926711], [11.17133856, 58.86952496], [11.17314768, 58.86710095], [11.17552638, 58.86613905], [11.18107176, 58.86473012], [11.18316317, 58.86505055], [11.18736696, 58.86695254], [11.18677843, 58.86930025], [11.18723977, 58.86960316], [11.19025755, 58.86883473], [11.19062257, 58.8694092], [11.19120145, 58.87167883], [11.19122195, 58.87524414], [11.19094765, 58.87554181], [11.18548906, 58.87772465], [11.18845677, 58.8782891], [11.18911004, 58.87934721], [11.18911016, 58.88013244], [11.18735957, 58.88375998], [11.18441784, 58.88671875], [11.18411565, 58.88671875], [11.18401372, 58.88748145], [11.17715716, 58.89137733], [11.18028498, 58.8931179], [11.18006062, 58.89335751], [11.17826462, 58.89424074], [11.17695296, 58.89460993], [11.17158043, 58.89440644], [11.16898406, 58.89500964], [11.16759384, 58.89478683], [11.16112971, 58.89300525], [11.16246653, 58.8906641], [11.16664314, 58.88876021], [11.16629457, 58.88671875], [11.16715956, 58.88644886], [11.16854942, 58.88508415], [11.16776752, 58.88433433], [11.16721427, 58.88421094], [11.16582465, 58.88464355], [11.16506577, 58.88671875], [11.16209221, 58.88865435], [11.15059543, 58.89112401], [11.14751852, 58.8933382], [11.14325476, 58.89422286], [11.1292572, 58.89270687]], [[11.07202184, 58.86400783], [11.06931615, 58.86503947], [11.06732023, 58.86247921], [11.06736696, 58.86206341], [11.06866395, 58.86190546], [11.07175744, 58.86366773], [11.07202184, 58.86400783]], [[11.07220924, 58.86191571], [11.07232881, 58.8608911], [11.07427335, 58.85848844], [11.07565534, 58.85858786], [11.07794976, 58.86204553], [11.07364476, 58.86394894], [11.07220924, 58.86191571]], [[11.16586912, 58.85973263], [11.16679835, 58.85949075], [11.16922915, 58.85954225], [11.17043316, 58.86001122], [11.16525924, 58.86267471], [11.16286075, 58.86302984], [11.16113842, 58.86231375], [11.16586912, 58.85973263]], [[11.01714957, 58.85827255], [11.01380825, 58.86193132], [11.01146555, 58.85909772], [11.0116235, 58.85803807], [11.01308882, 58.85727406], [11.01570606, 58.85734928], [11.01714957, 58.85827255]], [[10.99853063, 58.85733807], [10.99685752, 58.85734546], [10.99551821, 58.85533845], [10.99005294, 58.8551172], [10.98941445, 58.85470176], [10.98911977, 58.85256875], [10.98896861, 58.85243702], [10.98533094, 58.85115755], [10.98504615, 58.85085464], [10.98413205, 58.84651446], [10.98519242, 58.84588146], [10.98634136, 58.84566808], [10.98704946, 58.84534454], [10.99094713, 58.84658921], [10.99332094, 58.84917903], [10.99619198, 58.84872556], [10.99658644, 58.84631765], [10.99918807, 58.84689355], [10.99856103, 58.84980106], [10.99509776, 58.85106873], [10.99827313, 58.85220134], [10.99800241, 58.85417426], [10.99955165, 58.85448492], [10.99917567, 58.85711491], [10.99853063, 58.85733807]], [[11.06791282, 58.85729074], [11.06789732, 58.85596144], [11.07005215, 58.85500872], [11.07252741, 58.85704374], [11.07202745, 58.85791492], [11.07000911, 58.85834444], [11.06791282, 58.85729074]], [[11.04921246, 58.85592556], [11.04828835, 58.85608911], [11.04643476, 58.85436773], [11.04319155, 58.85540867], [11.04097724, 58.85492325], [11.04346907, 58.8535161], [11.04642832, 58.8535943], [11.04897738, 58.85435796], [11.04971194, 58.85492384], [11.05001485, 58.85534871], [11.04921246, 58.85592556]], [[11.0354079, 58.85451221], [11.03478742, 58.85472977], [11.02910042, 58.85335445], [11.02876568, 58.85307801], [11.02875555, 58.85208964], [11.02950585, 58.85170054], [11.03176057, 58.85170865], [11.03330362, 58.85202575], [11.03566277, 58.85363495], [11.0354079, 58.85451221]], [[11.13461041, 58.85190356], [11.13365042, 58.85138106], [11.13447177, 58.84972084], [11.13520515, 58.85010004], [11.13706911, 58.85223687], [11.13652515, 58.85235715], [11.13461041, 58.85190356]], [[11.05741227, 58.84806335], [11.05456161, 58.85105288], [11.04666758, 58.84666371], [11.04475951, 58.83874762], [11.04696906, 58.83959246], [11.04827583, 58.84306705], [11.04850662, 58.84351206], [11.05342996, 58.84344625], [11.05427134, 58.84365594], [11.05663013, 58.84509826], [11.05742061, 58.84727216], [11.05741227, 58.84806335]], [[9.55038083, 58.83413172], [9.57060444, 58.84248686], [9.58618832, 58.85225952], [9.59061766, 58.85710835], [9.59926045, 58.86229253], [9.6035552, 58.8675369], [9.60962176, 58.86783051], [9.60943186, 58.86816525], [9.61074066, 58.87239623], [9.61307013, 58.87318504], [9.61058784, 58.87659144], [9.61684394, 58.88520491], [9.61582565, 58.88671875], [9.61585546, 58.88671875], [9.61284113, 58.88893855], [9.61207521, 58.88671875], [9.61206281, 58.88671875], [9.60720611, 58.88099861], [9.60227323, 58.87851942], [9.59944153, 58.87599695], [9.59727573, 58.87217402], [9.59388936, 58.86955166], [9.59137261, 58.86900926], [9.59313142, 58.86732566], [9.59274971, 58.86680973], [9.58868194, 58.86616898], [9.58957815, 58.86397541], [9.570176, 58.85807621], [9.56919587, 58.85671055], [9.57345772, 58.8543123], [9.57459974, 58.85139477], [9.56988966, 58.85053158], [9.56594992, 58.84440386], [9.56532764, 58.84397364], [9.55833316, 58.84132063], [9.54452896, 58.83329487], [9.54494762, 58.83317494], [9.55038083, 58.83413172]], [[9.52082264, 58.83522928], [9.51771486, 58.83702028], [9.5157907, 58.83421397], [9.52148843, 58.83262742], [9.52169371, 58.83282936], [9.52082264, 58.83522928]], [[10.98619676, 58.83343852], [10.98636734, 58.83245647], [10.98659611, 58.83220506], [10.9902333, 58.83070695], [10.99151874, 58.8304708], [10.99444544, 58.83050764], [10.99573302, 58.83099866], [10.99885035, 58.83266497], [10.9993751, 58.83359075], [10.99916303, 58.83511186], [10.99900866, 58.8369199], [10.99339283, 58.83686697], [10.99210715, 58.83707845], [10.98848486, 58.83581233], [10.98694777, 58.83504891], [10.98619676, 58.83343852]], [[11.07837784, 58.83842242], [11.06440127, 58.83223498], [11.06137514, 58.83021748], [11.06007588, 58.82883573], [11.05870295, 58.82335007], [11.06527233, 58.82330942], [11.06732655, 58.82494104], [11.06920755, 58.82628405], [11.07027376, 58.82637763], [11.07172906, 58.82505584], [11.07342744, 58.82927597], [11.07405055, 58.82982254], [11.07935762, 58.83076692], [11.07959712, 58.8310281], [11.07998025, 58.83316755], [11.08031738, 58.83530617], [11.07837784, 58.83842242]], [[11.13107824, 58.83104432], [11.13213682, 58.83056045], [11.13453162, 58.83096814], [11.13471663, 58.83155346], [11.13264191, 58.83339882], [11.13075614, 58.83167374], [11.13107824, 58.83104432]], [[11.21671343, 58.82641685], [11.2116003, 58.82463634], [11.20392466, 58.8252902], [11.19819701, 58.82334495], [11.19747353, 58.82241654], [11.20006335, 58.81931365], [11.20448685, 58.81571937], [11.20503867, 58.81545663], [11.20992005, 58.81468427], [11.21186018, 58.81179047], [11.21801925, 58.81275761], [11.22004974, 58.81103754], [11.22391391, 58.81068683], [11.22339094, 58.80784178], [11.22442198, 58.80709362], [11.2249459, 58.80703807], [11.23329985, 58.81087244], [11.22915804, 58.81153786], [11.22601545, 58.81305504], [11.22602618, 58.81360304], [11.23273587, 58.81767023], [11.23435414, 58.81992483], [11.23419285, 58.8224864], [11.22639167, 58.82708371], [11.22717285, 58.82884622], [11.22477198, 58.83012962], [11.22815585, 58.83139455], [11.222826, 58.83351052], [11.2170192, 58.83143115], [11.21350145, 58.82856691], [11.21371472, 58.83139145], [11.21336734, 58.83162844], [11.21089435, 58.83159137], [11.20958531, 58.83122337], [11.20865357, 58.83026111], [11.21080816, 58.82634115], [11.21270716, 58.82594657], [11.21520984, 58.82756352], [11.21671343, 58.82641685]], [[11.23669398, 58.81043756], [11.23952866, 58.81034982], [11.24061334, 58.81059241], [11.24139106, 58.81227505], [11.24114537, 58.81271732], [11.23864615, 58.81308651], [11.2355237, 58.81175756], [11.23513436, 58.81092978], [11.23669398, 58.81043756]], [[11.20370007, 58.80830765], [11.20025945, 58.81551146], [11.19629145, 58.81658995], [11.19413841, 58.81882095], [11.19010055, 58.81729782], [11.18951285, 58.81734753], [11.18727136, 58.81904161], [11.18368888, 58.8188647], [11.18274307, 58.81403255], [11.17367566, 58.81105268], [11.17006135, 58.80592096], [11.16602254, 58.80487478], [11.16322231, 58.80240226], [11.16291571, 58.79952562], [11.16610265, 58.7986536], [11.16845155, 58.79448116], [11.17199862, 58.79494584], [11.17645013, 58.79244804], [11.17858624, 58.79200637], [11.18142164, 58.79209173], [11.18179023, 58.79228985], [11.18314016, 58.79542196], [11.18958676, 58.79695046], [11.19199145, 58.80255437], [11.19228375, 58.80271876], [11.19944131, 58.80236685], [11.19892764, 58.80695343], [11.20370007, 58.80830765]], [[11.20044446, 58.79781544], [11.20372915, 58.79604852], [11.20477664, 58.79623044], [11.2073518, 58.79828417], [11.20161986, 58.80030978], [11.20008564, 58.79844296], [11.20044446, 58.79781544]], [[11.16537094, 58.79094386], [11.15859377, 58.79466224], [11.15762842, 58.79481602], [11.1549021, 58.79314494], [11.14989173, 58.79244947], [11.14917505, 58.79258633], [11.14303803, 58.796121], [11.1353147, 58.78808141], [11.13512635, 58.78770435], [11.13859046, 58.78506458], [11.13612735, 58.77963746], [11.14157915, 58.77710676], [11.13824105, 58.77633858], [11.13357806, 58.77813232], [11.13474095, 58.77132177], [11.13101172, 58.77022743], [11.13118947, 58.76488423], [11.13469422, 58.76611102], [11.14003646, 58.76516175], [11.13957787, 58.76804996], [11.14220262, 58.76878822], [11.14656985, 58.76558864], [11.14644885, 58.76241481], [11.1497426, 58.76304805], [11.15791404, 58.7611413], [11.15684712, 58.75834227], [11.16273451, 58.76027751], [11.17430782, 58.75688326], [11.17632866, 58.75781977], [11.17450094, 58.75952935], [11.17705512, 58.76338506], [11.17374027, 58.76644361], [11.17307735, 58.76828957], [11.17232704, 58.76854265], [11.16711652, 58.76725125], [11.16500676, 58.76782465], [11.16455781, 58.76768005], [11.163643, 58.76242018], [11.16304088, 58.76191843], [11.15899158, 58.76195967], [11.15840435, 58.76234674], [11.16060305, 58.76746356], [11.16363335, 58.77024376], [11.15948784, 58.77174163], [11.15242875, 58.76994264], [11.15398765, 58.77276003], [11.14925623, 58.77373731], [11.14627886, 58.77675557], [11.15023565, 58.77898812], [11.14521933, 58.78272974], [11.14097846, 58.78374684], [11.14100385, 58.78432596], [11.14201295, 58.78648055], [11.14441717, 58.78776717], [11.14549375, 58.78749025], [11.14872122, 58.78549337], [11.14922071, 58.78492916], [11.15037847, 58.78142548], [11.15320325, 58.7811259], [11.15401375, 58.78135955], [11.15474045, 58.78234982], [11.15261734, 58.78647864], [11.15846181, 58.78507733], [11.15949321, 58.78711641], [11.1641345, 58.78784084], [11.15840852, 58.78980005], [11.16043043, 58.79067147], [11.16458035, 58.78965533], [11.16537094, 58.79094386]], [[11.17647243, 58.78674185], [11.17747927, 58.78529406], [11.17875326, 58.78527331], [11.18139732, 58.78627706], [11.18168294, 58.78671432], [11.18013871, 58.78816712], [11.17825341, 58.78833234], [11.1764338, 58.78743672], [11.17647243, 58.78674185]], [[11.16505516, 58.78591704], [11.16320157, 58.78613245], [11.16243994, 58.78580618], [11.16223633, 58.78188515], [11.17190218, 58.78025174], [11.17123747, 58.78488183], [11.16924655, 58.78524995], [11.16731298, 58.78404367], [11.16693008, 58.78416991], [11.16505516, 58.78591704]], [[11.15624714, 58.77522504], [11.15721774, 58.77470303], [11.15904117, 58.77474093], [11.16167593, 58.77558422], [11.16260171, 58.77629983], [11.16288936, 58.77714026], [11.16264951, 58.77776205], [11.15719032, 58.77926636], [11.15624714, 58.77522504]], [[11.17299724, 58.77581465], [11.17209172, 58.77349007], [11.18005717, 58.77075553], [11.18003166, 58.77370834], [11.17775607, 58.7764312], [11.17510307, 58.77709675], [11.17299724, 58.77581465]], [[11.16479707, 58.77544641], [11.16402686, 58.77559447], [11.16443741, 58.77308536], [11.16970146, 58.77161074], [11.17013586, 58.77308643], [11.16479707, 58.77544641]], [[11.19124997, 58.76998734], [11.18964934, 58.7681576], [11.18151248, 58.76698327], [11.18030036, 58.76314127], [11.19877887, 58.75758088], [11.19775546, 58.75941777], [11.19427681, 58.76002276], [11.19734526, 58.76255691], [11.19196653, 58.76192951], [11.19171858, 58.76235735], [11.19341767, 58.76707566], [11.19327104, 58.76810384], [11.19124997, 58.76998734]], [[11.12526536, 58.77454472], [11.12410975, 58.77460146], [11.12298083, 58.77401483], [11.12340295, 58.77340925], [11.12729096, 58.77163541], [11.12764144, 58.77325523], [11.12698305, 58.77403104], [11.12526536, 58.77454472]], [[10.98646641, 58.77666366], [10.98764706, 58.77714443], [10.98518491, 58.77815175], [10.9839133, 58.77839196], [10.98125374, 58.77801371], [10.98516321, 58.77658105], [10.98646641, 58.77666366]], [[11.12566841, 58.77685666], [11.12664854, 58.77669847], [11.12833416, 58.77791536], [11.12722254, 58.78024042], [11.12504315, 58.77898204], [11.12492073, 58.77860606], [11.12566841, 58.77685666]], [[11.11672115, 58.78367627], [11.11604857, 58.783885], [11.114977, 58.78333735], [11.11536765, 58.78276873], [11.11754262, 58.78094125], [11.11806273, 58.78121615], [11.11672115, 58.78367627]], [[11.12171185, 58.79585326], [11.12032986, 58.79839385], [11.11724687, 58.79886651], [11.11662114, 58.79862881], [11.11856496, 58.79462075], [11.11618078, 58.79200911], [11.11648345, 58.79139805], [11.11774278, 58.79178345], [11.12194777, 58.79559016], [11.12171185, 58.79585326]], [[11.14764035, 58.79743791], [11.14839721, 58.79701746], [11.15416896, 58.79821146], [11.15467715, 58.79862595], [11.15463924, 58.79929948], [11.15318084, 58.80006266], [11.15242696, 58.80007064], [11.14938092, 58.7991755], [11.14696836, 58.80465364], [11.13905525, 58.80696857], [11.13775802, 58.80653834], [11.13859141, 58.80295432], [11.13927782, 58.802284], [11.14733291, 58.79917204], [11.14764035, 58.79743791]], [[11.15525878, 58.8019824], [11.15592992, 58.80160713], [11.15727687, 58.80163944], [11.15965962, 58.80252206], [11.15982902, 58.80591834], [11.15944028, 58.80634975], [11.15830517, 58.80718923], [11.15120256, 58.80828631], [11.15525878, 58.8019824]], [[11.14990544, 58.79403317], [11.15310621, 58.79372215], [11.15442407, 58.79406035], [11.15464401, 58.79479194], [11.15125108, 58.79589486], [11.14985061, 58.79609334], [11.14885104, 58.79553366], [11.14924991, 58.79444945], [11.14990544, 58.79403317]], [[11.15956092, 58.80917335], [11.15788066, 58.81155527], [11.15520775, 58.81100202], [11.15676737, 58.80921376], [11.15956092, 58.80917335]], [[11.16279244, 58.80995631], [11.16524434, 58.80963135], [11.16638994, 58.81069171], [11.16555214, 58.81148136], [11.16094375, 58.81225026], [11.16279244, 58.80995631]], [[11.17838013, 58.81568384], [11.17713213, 58.81655073], [11.17361784, 58.81650436], [11.17484105, 58.81421852], [11.17838013, 58.81568384]], [[9.45764446, 58.81814563], [9.46188128, 58.81905592], [9.46198225, 58.81941175], [9.46073604, 58.82095492], [9.45797372, 58.82151318], [9.45312881, 58.81924665], [9.45501578, 58.81825316], [9.45764446, 58.81814563]], [[11.04518497, 58.83415568], [11.0415591, 58.835271], [11.03803682, 58.83186746], [11.03611934, 58.82824945], [11.03544664, 58.82517421], [11.03604972, 58.82491303], [11.03744471, 58.82506311], [11.04439902, 58.82677233], [11.04461658, 58.82705534], [11.04329145, 58.82993758], [11.04472065, 58.8323884], [11.04518497, 58.83415568]], [[9.50332975, 58.83046472], [9.50300348, 58.83328521], [9.50222254, 58.83365405], [9.50060415, 58.83411705], [9.4921875, 58.83482134], [9.48993087, 58.83516908], [9.48607385, 58.83421457], [9.48578167, 58.8339318], [9.48515105, 58.83246183], [9.4921875, 58.82924104], [9.49344015, 58.82891631], [9.4921875, 58.82784593], [9.4921875, 58.82700884], [9.49230885, 58.82693505], [9.49886274, 58.82738101], [9.50081551, 58.83012033], [9.50332975, 58.83046472]], [[9.48100984, 58.83500564], [9.48272216, 58.83540595], [9.48327291, 58.83757293], [9.48273051, 58.83809185], [9.47715557, 58.83904874], [9.47595036, 58.83857095], [9.48100984, 58.83500564]], [[9.50585341, 58.83936357], [9.50751388, 58.83874154], [9.51368463, 58.83874905], [9.50839841, 58.84073567], [9.5086447, 58.84159541], [9.50809038, 58.84175825], [9.50618374, 58.84072006], [9.50585341, 58.83936357]], [[9.49081707, 58.84111977], [9.4874351, 58.84305656], [9.48796845, 58.84452498], [9.47885728, 58.84644616], [9.47142804, 58.85109901], [9.47141922, 58.85234082], [9.47683513, 58.85429084], [9.48121381, 58.85266316], [9.48923087, 58.85239947], [9.4921875, 58.85239947], [9.49790847, 58.85251915], [9.49829245, 58.85367501], [9.51034093, 58.85361671], [9.51140654, 58.85228395], [9.50239813, 58.85139334], [9.50335371, 58.84877813], [9.50052536, 58.84551907], [9.50945437, 58.84342647], [9.50783098, 58.84223366], [9.51578355, 58.84163404], [9.51992845, 58.83819938], [9.52484524, 58.83739805], [9.52631867, 58.83751965], [9.52784276, 58.83801687], [9.53026962, 58.83957803], [9.53128481, 58.84165716], [9.53010666, 58.84417641], [9.52616906, 58.84406006], [9.52143133, 58.84210801], [9.51737285, 58.84402955], [9.52306545, 58.84632206], [9.53324318, 58.84600294], [9.53507555, 58.84759831], [9.54148054, 58.84846663], [9.53980184, 58.8504132], [9.53317487, 58.85043943], [9.53693092, 58.85133922], [9.53643286, 58.85260105], [9.52957404, 58.85255766], [9.52875865, 58.85344458], [9.54020071, 58.85605216], [9.54025567, 58.85749567], [9.53510141, 58.85952544], [9.54436827, 58.86326194], [9.54856086, 58.86167753], [9.55674255, 58.86280966], [9.55163801, 58.86673975], [9.55936015, 58.86933684], [9.5593369, 58.86951268], [9.55654144, 58.87073326], [9.54495502, 58.86560762], [9.53519607, 58.86488724], [9.5183984, 58.86088002], [9.51544023, 58.86425698], [9.52197671, 58.86412776], [9.52460527, 58.86499858], [9.52606285, 58.86593354], [9.52606654, 58.86925745], [9.52450323, 58.87062335], [9.52356672, 58.87133586], [9.51853704, 58.87220156], [9.52288115, 58.87317622], [9.52261114, 58.8741343], [9.51277125, 58.87439334], [9.51354694, 58.87619245], [9.51131117, 58.87851822], [9.51068985, 58.87851632], [9.50813651, 58.87680554], [9.50945962, 58.87588763], [9.50576663, 58.87021613], [9.50161731, 58.86917496], [9.49917853, 58.87075496], [9.4921875, 58.86914062], [9.48591328, 58.86883557], [9.48972964, 58.87301755], [9.48556638, 58.87379146], [9.47951066, 58.87271798], [9.48001611, 58.87488747], [9.46880364, 58.88110876], [9.45915234, 58.88361132], [9.45538533, 58.88386714], [9.45162487, 58.88358045], [9.44911373, 58.88071477], [9.44078565, 58.88139296], [9.44151914, 58.8782773], [9.43854904, 58.87432504], [9.44021916, 58.86954117], [9.43797791, 58.86720705], [9.44125593, 58.86537123], [9.43306541, 58.86306906], [9.43506277, 58.86258233], [9.44989145, 58.86759317], [9.46751988, 58.86702645], [9.46932483, 58.86833465], [9.47681785, 58.86829412], [9.47954917, 58.8674252], [9.47986424, 58.86719024], [9.47692585, 58.86611426], [9.48272824, 58.86135197], [9.48212457, 58.86115897], [9.4809401, 58.86100924], [9.47869468, 58.86231387], [9.4626404, 58.86265504], [9.44589281, 58.86187696], [9.43499994, 58.85973465], [9.43373132, 58.85750401], [9.43414426, 58.85655141], [9.43449616, 58.85631382], [9.43938231, 58.85522938], [9.43966746, 58.85755801], [9.44346106, 58.85732484], [9.44790804, 58.8552072], [9.44851494, 58.85171986], [9.45271146, 58.85061514], [9.45796406, 58.84607434], [9.4752897, 58.84274375], [9.4796046, 58.83952904], [9.48600543, 58.83962595], [9.49081707, 58.84111977]], [[9.33130932, 58.84806955], [9.32280517, 58.85500455], [9.31938076, 58.85608792], [9.31878078, 58.85629892], [9.31809068, 58.85564232], [9.32386875, 58.84968364], [9.32558775, 58.84841931], [9.32900143, 58.84772265], [9.33108425, 58.84795988], [9.33130932, 58.84806955]], [[9.31468153, 58.85627484], [9.31482995, 58.85657907], [9.31455338, 58.8568089], [9.31406927, 58.85695112], [9.31351745, 58.85708535], [9.31289637, 58.85721254], [9.31209147, 58.85735726], [9.31108093, 58.85749245], [9.31011856, 58.85762894], [9.30916333, 58.85773051], [9.30876458, 58.85742414], [9.30896044, 58.85691786], [9.3093611, 58.85662127], [9.3099941, 58.85647428], [9.31065476, 58.85633993], [9.31141043, 58.85620487], [9.31251085, 58.85608077], [9.31386936, 58.8560847], [9.31468153, 58.85627484]], [[9.37280822, 58.85920131], [9.36621344, 58.85353553], [9.37448215, 58.85219383], [9.38373876, 58.85270846], [9.41304112, 58.85808992], [9.39637077, 58.85930276], [9.38833344, 58.85861242], [9.39144945, 58.85953236], [9.39042246, 58.86163676], [9.38150442, 58.86183035], [9.38057256, 58.86186755], [9.37508655, 58.85993576], [9.38739038, 58.85826635], [9.37280822, 58.85920131]], [[9.40081525, 58.86004484], [9.40948021, 58.85951602], [9.41031373, 58.85991287], [9.40971041, 58.86090565], [9.40533185, 58.86215675], [9.40053391, 58.86216521], [9.39947188, 58.8615278], [9.40081525, 58.86004484]], [[9.43968415, 58.88348043], [9.43681896, 58.88671875], [9.43656385, 58.88671875], [9.43662965, 58.88742006], [9.43437445, 58.88779235], [9.43377066, 58.88774323], [9.43386376, 58.88671875], [9.43466878, 58.88671875], [9.43647563, 58.88353884], [9.43838155, 58.88285935], [9.43917406, 58.88292086], [9.43968415, 58.88348043]], [[9.54682064, 58.85614777], [9.54969204, 58.85609365], [9.55384552, 58.85672498], [9.54766762, 58.85818744], [9.54684806, 58.85828841], [9.54585576, 58.85760164], [9.54619014, 58.85632706], [9.54682064, 58.85614777]], [[9.49675405, 58.8497678], [9.49478996, 58.85083532], [9.4921875, 58.85072541], [9.48895085, 58.85074973], [9.48150945, 58.85097802], [9.48721457, 58.84882605], [9.4921875, 58.84905136], [9.49344325, 58.8493005], [9.49569547, 58.84803605], [9.49607873, 58.84827054], [9.49675405, 58.8497678]], [[10.96217585, 58.88989985], [10.96162152, 58.88671875], [10.9634819, 58.88671875], [10.96570921, 58.88250804], [10.96845877, 58.88119996], [10.97122145, 58.88183081], [10.973158, 58.88671875], [10.96872783, 58.88741541], [10.97000384, 58.88917994], [10.96494055, 58.89054251], [10.96217585, 58.88989985]], [[9.64715016, 58.89042401], [9.64824975, 58.89274395], [9.64889455, 58.89301145], [9.65619206, 58.89438188], [9.65389097, 58.89704323], [9.64862788, 58.89741004], [9.65785253, 58.90234017], [9.65888715, 58.90567267], [9.66073954, 58.90492535], [9.66513085, 58.90583825], [9.66718674, 58.90640306], [9.66741037, 58.90671003], [9.66700566, 58.90860462], [9.66639864, 58.9089148], [9.65960634, 58.90635991], [9.65434527, 58.90605903], [9.65244806, 58.90415955], [9.65056098, 58.90273857], [9.63986015, 58.90398324], [9.63884401, 58.90366185], [9.6385802, 58.90314496], [9.63818002, 58.89609838], [9.64223921, 58.89520586], [9.64248037, 58.89314711], [9.64635193, 58.89052892], [9.64715016, 58.89042401]], [[9.59535646, 58.90141356], [9.59680724, 58.90400112], [9.60473955, 58.90750122], [9.60877037, 58.91176224], [9.60837245, 58.91205037], [9.60636485, 58.91241694], [9.59788406, 58.91090035], [9.59731221, 58.91068137], [9.59651172, 58.9075073], [9.59661305, 58.90600026], [9.59219682, 58.90496612], [9.58504927, 58.90026736], [9.57544208, 58.90062714], [9.57421255, 58.90036607], [9.57252324, 58.89805317], [9.56846797, 58.89715207], [9.56798232, 58.89667833], [9.56850505, 58.89435565], [9.57297587, 58.89338934], [9.57356751, 58.89308214], [9.57459187, 58.89118183], [9.57504284, 58.89107931], [9.58440316, 58.89098561], [9.58683062, 58.88976192], [9.58810854, 58.88971448], [9.59204197, 58.89039993], [9.59723115, 58.89185751], [9.59743655, 58.89216232], [9.58910096, 58.8945384], [9.5888921, 58.89470065], [9.59215486, 58.89511597], [9.59305584, 58.89611805], [9.59322095, 58.89658988], [9.58907855, 58.89775074], [9.58909631, 58.89783478], [9.59105766, 58.9003576], [9.59166884, 58.90078378], [9.59535646, 58.90141356]], [[9.58059883, 58.90523362], [9.57905591, 58.90706706], [9.57712305, 58.90706086], [9.57650197, 58.9064815], [9.57500577, 58.90388501], [9.57548165, 58.90364814], [9.57822883, 58.90344906], [9.58059883, 58.90523362]], [[10.98248315, 58.88305402], [10.98618674, 58.88022292], [10.99362695, 58.88003087], [10.99510896, 58.88056421], [10.99550474, 58.88164628], [10.99356532, 58.88276255], [10.9844594, 58.88424277], [10.98239684, 58.88338673], [10.98248315, 58.88305402]], [[10.98422241, 58.87968397], [10.98052776, 58.88065386], [10.98105657, 58.87844217], [10.98341966, 58.87794626], [10.98422241, 58.87968397]], [[10.99567723, 58.87808907], [10.99474227, 58.87719762], [10.99510884, 58.87678194], [10.99742031, 58.87514603], [10.99892151, 58.87503791], [10.99936044, 58.87557161], [10.99881971, 58.87723458], [10.99844897, 58.87764204], [10.99567723, 58.87808907]], [[10.99083304, 58.87656403], [10.98859942, 58.87757194], [10.98612678, 58.87671447], [10.98132563, 58.87073934], [10.98261178, 58.86954105], [10.98995757, 58.86917067], [10.99081016, 58.86989653], [10.99201775, 58.87326312], [10.99083304, 58.87656403]], [[10.99782956, 58.8701632], [11.00028503, 58.86758041], [11.00065684, 58.86503005], [11.0000298, 58.8645761], [10.99256492, 58.86448646], [10.99445367, 58.86291325], [10.99297297, 58.86156631], [10.99417615, 58.85755312], [10.99447918, 58.85742605], [10.99933457, 58.86030936], [10.99927402, 58.86259162], [11.00369537, 58.86315775], [11.00398755, 58.86339164], [11.00526834, 58.86656392], [11.00425935, 58.86985815], [11.00252223, 58.8701725], [10.99949968, 58.87016535], [10.99782956, 58.8701632]], [[10.98664904, 58.86264682], [10.98360622, 58.86416554], [10.98140621, 58.86287105], [10.98199165, 58.86075783], [10.98246324, 58.86032963], [10.98839176, 58.85942471], [10.98892462, 58.85977304], [10.98942196, 58.86091924], [10.98905575, 58.86127412], [10.98664904, 58.86264682]], [[10.98913026, 58.86819315], [10.98798096, 58.8684777], [10.98493707, 58.86810744], [10.98511755, 58.86766791], [10.98913395, 58.86645901], [10.99004161, 58.86740446], [10.98913026, 58.86819315]], [[10.97102964, 58.85081065], [10.97623002, 58.84945393], [10.97518778, 58.85105681], [10.97102964, 58.85081065]], [[10.97241426, 58.84438384], [10.97428453, 58.84397721], [10.97711205, 58.84499955], [10.97717655, 58.84527516], [10.97735345, 58.84704351], [10.97657073, 58.84733295], [10.97499931, 58.84746385], [10.97430837, 58.84726965], [10.97248328, 58.84508896], [10.97241426, 58.84438384]], [[11.01358342, 58.84503031], [11.01577544, 58.84313142], [11.01678264, 58.84295881], [11.01705396, 58.84799194], [11.01417124, 58.84688234], [11.01369286, 58.84615123], [11.01358342, 58.84503031]], [[11.02666557, 58.84825432], [11.02903497, 58.84636855], [11.03119504, 58.84645605], [11.03302157, 58.84483492], [11.03479493, 58.84472144], [11.03825605, 58.84659803], [11.04063296, 58.84862375], [11.04487026, 58.84978497], [11.04439592, 58.85133207], [11.04342031, 58.85167146], [11.04176962, 58.85182357], [11.02875125, 58.85044956], [11.02674913, 58.84919405], [11.02666557, 58.84825432]], [[11.01530397, 58.85145092], [11.01346993, 58.85188055], [11.01301563, 58.85167265], [11.01213813, 58.84996891], [11.01264048, 58.84965277], [11.01497221, 58.84945965], [11.0158776, 58.84983885], [11.01587045, 58.85084355], [11.01530397, 58.85145092]], [[11.02539575, 58.84630382], [11.02437568, 58.84660876], [11.02308595, 58.84574723], [11.02353275, 58.84472787], [11.02388847, 58.84433925], [11.02764344, 58.84310925], [11.02848577, 58.84495115], [11.02820778, 58.84528005], [11.02539575, 58.84630382]], [[11.01357841, 58.8434689], [11.01111615, 58.84377265], [11.01046395, 58.84358263], [11.00924921, 58.84177017], [11.00937903, 58.84118926], [11.01118302, 58.84101367], [11.01240194, 58.84132445], [11.01373255, 58.84253037], [11.01398325, 58.84303164], [11.01357841, 58.8434689]], [[11.06359136, 58.87878275], [11.06323004, 58.87913895], [11.06032181, 58.88007212], [11.05804825, 58.87899184], [11.05899835, 58.87758935], [11.05978906, 58.87712967], [11.06296575, 58.87646341], [11.06393182, 58.87668717], [11.06359136, 58.87878275]], [[11.11668575, 58.88671875], [11.11601734, 58.88707221], [11.1148293, 58.88750005], [11.11385715, 58.88725805], [11.11337125, 58.88671875], [11.11346042, 58.88671875], [11.11346042, 58.88630021], [11.11659658, 58.88470244], [11.11794555, 58.88514745], [11.11794674, 58.88544655], [11.11668575, 58.88671875]], [[11.11203945, 58.89025104], [11.11011803, 58.89068556], [11.10879505, 58.88867533], [11.10962057, 58.88769865], [11.11081815, 58.88757336], [11.11220431, 58.88825917], [11.11217725, 58.88996506], [11.11203945, 58.89025104]], [[9.63847744, 58.91395152], [9.64016032, 58.91523254], [9.64033675, 58.91616035], [9.63960874, 58.91640043], [9.63545716, 58.91471565], [9.63501906, 58.91428637], [9.63497305, 58.91354275], [9.63719034, 58.91348875], [9.63847744, 58.91395152]], [[11.00539506, 58.91556597], [11.00519884, 58.91392303], [11.00831366, 58.91163182], [11.00950515, 58.91182744], [11.01007772, 58.91422367], [11.00960195, 58.91501307], [11.00878942, 58.91540086], [11.00587976, 58.91579855], [11.00539506, 58.91556597]], [[11.00806451, 58.91001666], [11.01112127, 58.90830541], [11.01153004, 58.9085741], [11.01126015, 58.91114855], [11.01038122, 58.91128373], [11.00806451, 58.91113281], [11.00806451, 58.91001666]], [[9.54860616, 58.91873372], [9.54499662, 58.92201042], [9.5382781, 58.92491555], [9.52944994, 58.92675781], [9.52955425, 58.92385983], [9.53448784, 58.92285585], [9.53551054, 58.91867006], [9.54571652, 58.91803622], [9.54860616, 58.91873372]], [[9.54630506, 58.92338896], [9.54834127, 58.92337155], [9.54891324, 58.92513716], [9.54430068, 58.92801344], [9.5437808, 58.92528892], [9.54630506, 58.92338896]], [[9.55180836, 58.9244163], [9.55452526, 58.92324805], [9.55493605, 58.92151821], [9.56041586, 58.9192636], [9.57651174, 58.91937566], [9.57415605, 58.92364144], [9.56270504, 58.92411327], [9.55606174, 58.92599857], [9.5531013, 58.92636848], [9.55186117, 58.92596662], [9.55180836, 58.9244163]], [[9.63510442, 58.92453825], [9.63603461, 58.92342353], [9.63709366, 58.92352796], [9.63988507, 58.92481983], [9.63891184, 58.92613256], [9.63771141, 58.92632306], [9.63621867, 58.92580962], [9.63510442, 58.92453825]], [[9.60960627, 58.92044318], [9.61004603, 58.91892505], [9.61252403, 58.91880655], [9.61352646, 58.91897297], [9.61838472, 58.92172766], [9.61560977, 58.92367518], [9.61011875, 58.92108583], [9.60960627, 58.92044318]], [[9.31720722, 58.86424935], [9.31632805, 58.8670969], [9.31537604, 58.86744118], [9.31160247, 58.86810184], [9.30976307, 58.86744034], [9.30944562, 58.86722743], [9.30908585, 58.86578357], [9.31357563, 58.86222124], [9.31443977, 58.86182153], [9.32141387, 58.8599478], [9.32260287, 58.86003733], [9.32334995, 58.86032081], [9.32324314, 58.86247242], [9.32274425, 58.86292291], [9.31720722, 58.86424935]], [[11.10201848, 58.75403953], [11.10836625, 58.74933958], [11.10942733, 58.74933386], [11.11077726, 58.75173843], [11.10243654, 58.75526702], [11.10201848, 58.75403953]], [[11.14825416, 58.75256288], [11.15303683, 58.75142443], [11.15560508, 58.7514348], [11.15371418, 58.75325274], [11.14843941, 58.75348234], [11.14792645, 58.75270236], [11.14825416, 58.75256288]], [[11.14060712, 58.74944186], [11.1404711, 58.74932826], [11.14108765, 58.74695325], [11.14265907, 58.74644935], [11.14336181, 58.74668896], [11.14356005, 58.74813902], [11.14060712, 58.74944186]], [[11.11641908, 58.7487545], [11.11550474, 58.74897337], [11.11271966, 58.74429584], [11.11269486, 58.74400651], [11.11527646, 58.74340475], [11.11598515, 58.74349058], [11.11763585, 58.74492693], [11.11641908, 58.7487545]], [[11.13932812, 58.74488401], [11.14060926, 58.74310744], [11.14600885, 58.74230886], [11.14661968, 58.74262154], [11.14592135, 58.74348545], [11.13932812, 58.74488401]], [[11.13373506, 58.74430716], [11.13313782, 58.74450803], [11.12960684, 58.74149382], [11.13470066, 58.73918402], [11.13540411, 58.7392534], [11.13745224, 58.74038315], [11.13422382, 58.74224484], [11.13373506, 58.74430716]], [[9.31927824, 58.74122667], [9.31788075, 58.74136066], [9.31280124, 58.74060595], [9.31561625, 58.73930275], [9.31891787, 58.73925781], [9.31977832, 58.73940861], [9.32061315, 58.74036121], [9.32050848, 58.74067795], [9.31927824, 58.74122667]], [[9.13098145, 58.72191095], [9.13358653, 58.72166622], [9.13944876, 58.72363067], [9.13121772, 58.72405136], [9.13098145, 58.72191095]], [[11.13475227, 58.73886931], [11.12613475, 58.73715234], [11.12540984, 58.73630154], [11.1259222, 58.73535836], [11.12987483, 58.73432171], [11.13357556, 58.73563576], [11.13710535, 58.73474073], [11.13885343, 58.72890127], [11.14508486, 58.73026323], [11.14544463, 58.73079431], [11.14106393, 58.73581767], [11.13919735, 58.73848784], [11.13475227, 58.73886931]], [[11.14741266, 58.7350744], [11.14925063, 58.73498511], [11.15428591, 58.73660564], [11.1481986, 58.73747253], [11.14688885, 58.73577416], [11.14741266, 58.7350744]], [[9.30853593, 58.73211265], [9.32008207, 58.7353965], [9.32007611, 58.73562324], [9.31925786, 58.73646498], [9.31834304, 58.73734152], [9.31504786, 58.73778605], [9.3067106, 58.73667824], [9.30473721, 58.73635745], [9.28697348, 58.73578465], [9.28030193, 58.73320532], [9.27997065, 58.73292565], [9.27872074, 58.73035133], [9.2802608, 58.72832274], [9.2812407, 58.72789705], [9.28174973, 58.72802985], [9.28083265, 58.73075271], [9.28146207, 58.73073268], [9.28575337, 58.72930086], [9.28657913, 58.72667718], [9.28968644, 58.72574782], [9.29183006, 58.72550154], [9.29926956, 58.72591603], [9.30489016, 58.72804594], [9.30582237, 58.72816074], [9.31152892, 58.72783136], [9.31165028, 58.72957337], [9.30893993, 58.73027897], [9.31394935, 58.73116481], [9.31277561, 58.73210561], [9.30853593, 58.73211265]], [[11.14239955, 58.72688425], [11.13275397, 58.72364497], [11.14450741, 58.71859765], [11.14533305, 58.71838295], [11.1475774, 58.71989393], [11.14994216, 58.72528756], [11.14740586, 58.72514737], [11.14239955, 58.72688425]], [[9.25872874, 58.71803832], [9.25977862, 58.72125483], [9.26243424, 58.71946335], [9.26760554, 58.71904588], [9.26721632, 58.72289693], [9.27142656, 58.72384632], [9.27119374, 58.72679472], [9.27755725, 58.72880197], [9.27529871, 58.73003447], [9.26498866, 58.73040557], [9.26282322, 58.73062217], [9.25882268, 58.72700262], [9.25599575, 58.72713876], [9.25066483, 58.72450304], [9.25043416, 58.71766365], [9.24563456, 58.71621156], [9.25113225, 58.71525633], [9.24484575, 58.71373332], [9.24598622, 58.7109375], [9.24767375, 58.71048415], [9.25136185, 58.7109375], [9.25484121, 58.71379244], [9.26023901, 58.71521497], [9.26048243, 58.7154839], [9.26028824, 58.71617746], [9.25478375, 58.71690106], [9.25872874, 58.71803832]], [[9.23978925, 58.70552218], [9.24049175, 58.70542085], [9.24197876, 58.70646107], [9.24449778, 58.70676625], [9.24374902, 58.71015775], [9.23671424, 58.70732343], [9.23978925, 58.70552218]], [[11.20589745, 58.70260525], [11.20710444, 58.70024717], [11.20708394, 58.69716728], [11.21180081, 58.69648361], [11.21450377, 58.69822264], [11.21333456, 58.70110035], [11.20589745, 58.70260525]], [[11.19148541, 58.69552636], [11.1936357, 58.69799352], [11.19272006, 58.69901824], [11.19161975, 58.69933403], [11.19124651, 58.69916785], [11.19083226, 58.69641721], [11.19018185, 58.69604707], [11.18250036, 58.69419205], [11.1821208, 58.69391835], [11.18192613, 58.69292557], [11.18375385, 58.69248176], [11.18887877, 58.69368827], [11.19075358, 58.69463766], [11.19148541, 58.69552636]], [[11.19523335, 58.6952852], [11.18976057, 58.69123483], [11.18981826, 58.69094563], [11.19386256, 58.69078684], [11.19923735, 58.69181705], [11.20033705, 58.69228506], [11.19918585, 58.69281602], [11.19523335, 58.6952852]], [[11.21235371, 58.69328785], [11.21387792, 58.68989623], [11.21721625, 58.68909657], [11.21577728, 58.69320285], [11.21275735, 58.69351995], [11.21235371, 58.69328785]], [[11.20303011, 58.68950784], [11.2001785, 58.69039786], [11.19844103, 58.68945312], [11.19238555, 58.68945587], [11.19180095, 58.68837893], [11.19199014, 58.68806255], [11.19752288, 58.68845415], [11.19957125, 58.68604386], [11.20068312, 58.68564081], [11.20360196, 58.68545544], [11.20503604, 58.68619037], [11.20303011, 58.68950784]], [[11.19411802, 58.68661153], [11.19033825, 58.68724775], [11.18983805, 58.68510234], [11.18695557, 58.68530703], [11.19302595, 58.68308461], [11.19414532, 58.68306518], [11.19522512, 58.68343627], [11.19486833, 58.68509877], [11.19460845, 58.68565512], [11.19411802, 58.68661153]], [[11.20901883, 58.69001687], [11.21101737, 58.68986666], [11.21125185, 58.69012773], [11.20907235, 58.69274533], [11.20860624, 58.69291925], [11.20358753, 58.6923269], [11.20901883, 58.69001687]], [[9.21949065, 58.69874585], [9.21365094, 58.70054126], [9.19948065, 58.69819701], [9.19946802, 58.697896], [9.20269156, 58.69635844], [9.20512748, 58.69591224], [9.21656203, 58.69453263], [9.21833718, 58.6945827], [9.21884787, 58.694839], [9.21934474, 58.69655001], [9.21997964, 58.69833362], [9.21949065, 58.69874585]], [[9.18216217, 58.69624782], [9.18068707, 58.69653642], [9.17644835, 58.69495761], [9.17648947, 58.69458091], [9.17919076, 58.69439554], [9.18122685, 58.69472063], [9.183079, 58.69580388], [9.18216217, 58.69624782]], [[11.20300663, 58.69983947], [11.19909155, 58.69810533], [11.19958031, 58.69760525], [11.20205641, 58.69747055], [11.20312846, 58.69781017], [11.20450461, 58.69951773], [11.20399261, 58.69973433], [11.20300663, 58.69983947]], [[11.20281267, 58.67338502], [11.20044041, 58.66771352], [11.20188606, 58.66243553], [11.21450686, 58.66655016], [11.21504235, 58.66525114], [11.21729457, 58.66504657], [11.21723664, 58.66758275], [11.22060168, 58.66793442], [11.22040558, 58.66828883], [11.21821845, 58.66931868], [11.21715903, 58.67575335], [11.21436036, 58.67680526], [11.21618831, 58.67808616], [11.20702314, 58.68057013], [11.20685685, 58.68113935], [11.20668602, 58.68202817], [11.20596492, 58.68216932], [11.2037425, 58.68200624], [11.20298135, 58.6817286], [11.20339537, 58.67987657], [11.20009673, 58.67786312], [11.20281267, 58.67338502]], [[11.22067738, 58.67391527], [11.22245455, 58.67305946], [11.22302365, 58.67316341], [11.22484434, 58.67446601], [11.21833086, 58.68142581], [11.22042835, 58.67423582], [11.22067738, 58.67391527]], [[11.22854531, 58.67738187], [11.22811592, 58.67458224], [11.23073316, 58.67577624], [11.23510075, 58.67421246], [11.23585975, 58.67451584], [11.23344374, 58.6773597], [11.23877597, 58.6793915], [11.23878074, 58.67969143], [11.23699081, 58.68036544], [11.23267186, 58.68043554], [11.22782886, 58.68004584], [11.22555065, 58.67929554], [11.22508884, 58.67848206], [11.22854531, 58.67738187]], [[11.24868655, 58.674703], [11.25, 58.67438614], [11.25, 58.67466521], [11.25368154, 58.67566085], [11.25413513, 58.67617154], [11.25404215, 58.67685735], [11.25324535, 58.67730033], [11.2509675, 58.67694056], [11.25, 58.67633915], [11.25, 58.67606032], [11.24846017, 58.67499948], [11.24868655, 58.674703]], [[11.25453973, 58.67162263], [11.25519824, 58.66974604], [11.25743735, 58.66900218], [11.25860655, 58.67044938], [11.25505161, 58.67152715], [11.25453973, 58.67162263]], [[11.24210274, 58.67036676], [11.24128962, 58.67092192], [11.23671615, 58.67038572], [11.23538804, 58.66644466], [11.23120964, 58.66675508], [11.22779346, 58.66457045], [11.22260666, 58.66394794], [11.21618247, 58.66099095], [11.20922124, 58.65228093], [11.2091037, 58.6518892], [11.21577895, 58.65162277], [11.22495806, 58.64498675], [11.22768974, 58.64365685], [11.23049676, 58.64383733], [11.23114705, 58.64411771], [11.23577356, 58.64794743], [11.23603213, 58.64838076], [11.23459947, 58.65039277], [11.23711336, 58.65287244], [11.23721051, 58.65633225], [11.24498606, 58.65635145], [11.24125016, 58.66427481], [11.25, 58.65848207], [11.25, 58.65792406], [11.25312471, 58.65878177], [11.25064516, 58.66339552], [11.25301754, 58.66532981], [11.25, 58.66629457], [11.25, 58.66685271], [11.24973285, 58.66685271], [11.2494657, 58.66699207], [11.24973285, 58.66713154], [11.25, 58.66713154], [11.25, 58.66852665], [11.24537337, 58.66848958], [11.24210274, 58.67036676]], [[11.25511336, 58.65666425], [11.25997913, 58.65410078], [11.26100802, 58.65551186], [11.26053524, 58.65585315], [11.25692916, 58.65673566], [11.25511336, 58.65666425]], [[11.24913168, 58.65051007], [11.25, 58.64871645], [11.25006902, 58.64883757], [11.25525355, 58.64838946], [11.25611186, 58.64879978], [11.25610757, 58.64938724], [11.25527632, 58.64991617], [11.25, 58.65094864], [11.24913168, 58.65051007]], [[11.26185155, 58.64872313], [11.26463532, 58.64808845], [11.26652658, 58.64802146], [11.26729691, 58.64945436], [11.26175106, 58.65014553], [11.26126671, 58.64899564], [11.26185155, 58.64872313]], [[11.25834882, 58.64559817], [11.25525141, 58.64810514], [11.25332785, 58.64528537], [11.25381374, 58.64467704], [11.25520814, 58.64471316], [11.25834882, 58.64559817]], [[11.24055851, 58.64267075], [11.23910975, 58.64515233], [11.23642826, 58.64184058], [11.23399305, 58.64067364], [11.23414612, 58.63900781], [11.23488831, 58.63917077], [11.24055851, 58.64267075]], [[11.24037874, 58.64047396], [11.24165952, 58.63916075], [11.24373746, 58.63954937], [11.24427032, 58.63796854], [11.2396878, 58.63344896], [11.23316598, 58.63475573], [11.23241687, 58.63755584], [11.22814476, 58.63398385], [11.23690057, 58.62870204], [11.24154985, 58.62885225], [11.23781991, 58.62428474], [11.24154401, 58.62341273], [11.24469125, 58.62446916], [11.24764264, 58.62411678], [11.24584353, 58.62235355], [11.24731457, 58.62081015], [11.25, 58.62332594], [11.25468636, 58.62568176], [11.25336123, 58.62736166], [11.25483143, 58.63144565], [11.25115526, 58.63671613], [11.25529134, 58.63959181], [11.25457895, 58.64057624], [11.25363004, 58.64080214], [11.25066376, 58.6408385], [11.24879766, 58.64110553], [11.24037874, 58.64047396]], [[11.22772551, 58.62149048], [11.22518325, 58.62254453], [11.22156131, 58.62178886], [11.21968615, 58.62132072], [11.21349084, 58.61846697], [11.21282125, 58.61759746], [11.21486938, 58.6160928], [11.22204018, 58.62022853], [11.22791874, 58.62056947], [11.22032475, 58.61564577], [11.22165465, 58.61190248], [11.22536922, 58.61008167], [11.23069072, 58.60991526], [11.23015952, 58.61248016], [11.22543061, 58.61338568], [11.23064232, 58.61880767], [11.22874296, 58.62062895], [11.22772551, 58.62149048]], [[11.24041831, 58.61482096], [11.24117804, 58.61453521], [11.24283814, 58.61460078], [11.24469721, 58.61597955], [11.24380207, 58.61877775], [11.24312544, 58.61883354], [11.23963177, 58.61761785], [11.23944545, 58.61728406], [11.24041831, 58.61482096]], [[11.27003586, 58.61414754], [11.26317072, 58.60978556], [11.26388204, 58.60507715], [11.26013362, 58.60456276], [11.26367188, 58.60312533], [11.26463461, 58.60302627], [11.26681638, 58.60331404], [11.2703675, 58.60374641], [11.27124023, 58.60478544], [11.26796126, 58.60607004], [11.26663876, 58.60963404], [11.26689005, 58.61011088], [11.26833332, 58.6108644], [11.27078295, 58.61054242], [11.27083731, 58.60756135], [11.27217305, 58.60686386], [11.27610457, 58.60641146], [11.27717972, 58.60695624], [11.27601433, 58.61089945], [11.27382064, 58.61312914], [11.27003586, 58.61414754]], [[11.25, 58.60407364], [11.24971902, 58.60408103], [11.24599171, 58.60270774], [11.23896205, 58.60274136], [11.23694456, 58.60010564], [11.24462295, 58.59718573], [11.24674451, 58.59472251], [11.25, 58.59402895], [11.25, 58.59375], [11.25267947, 58.59337771], [11.25862324, 58.59351504], [11.26652443, 58.59738505], [11.26651752, 58.59767354], [11.25669372, 58.60319877], [11.25, 58.60407364]], [[11.23317206, 58.59967828], [11.23078287, 58.59992516], [11.22969687, 58.5994699], [11.22969687, 58.59751666], [11.24176204, 58.58885133], [11.24434614, 58.5946722], [11.23839927, 58.59789741], [11.23317206, 58.59967828]], [[11.24492967, 58.58941925], [11.24866414, 58.58677447], [11.25, 58.58677447], [11.25, 58.58705354], [11.25093818, 58.58696794], [11.25503147, 58.58471441], [11.2558701, 58.58457315], [11.25802624, 58.58564353], [11.26158202, 58.58333743], [11.26710844, 58.58406425], [11.27033353, 58.58164573], [11.27612352, 58.58087826], [11.27083731, 58.58468175], [11.26798534, 58.585886], [11.26391137, 58.58729732], [11.25930846, 58.58734775], [11.25643253, 58.58898365], [11.25465751, 58.58742762], [11.25310648, 58.58748496], [11.25192106, 58.58781183], [11.25, 58.59040165], [11.25, 58.59068084], [11.24956417, 58.59086394], [11.24742901, 58.59137225], [11.24667311, 58.59115541], [11.24492967, 58.58941925]], [[11.25891638, 58.58223355], [11.25542748, 58.5824604], [11.25166178, 58.5789113], [11.25192893, 58.57767534], [11.2539258, 58.57630205], [11.25783241, 58.57528543], [11.26087773, 58.57669747], [11.26349676, 58.57296038], [11.2661221, 58.57296133], [11.26846755, 58.57447016], [11.270648, 58.57252634], [11.27161884, 58.57324433], [11.27586544, 58.57589912], [11.26939285, 58.57836366], [11.26806307, 58.57548475], [11.26661956, 58.57554352], [11.26476765, 58.58113253], [11.25891638, 58.58223355]], [[11.28814995, 58.57297385], [11.28583062, 58.57133603], [11.28658104, 58.57047355], [11.28803515, 58.5703814], [11.29041016, 58.57096112], [11.29199088, 58.5721451], [11.29184032, 58.572703], [11.28949177, 58.57349813], [11.28814995, 58.57297385]], [[11.23917115, 58.57067001], [11.23226702, 58.57416296], [11.2315551, 58.57247317], [11.22897756, 58.57075715], [11.22884715, 58.5666846], [11.22806323, 58.56606424], [11.22722185, 58.56595492], [11.22288966, 58.56667566], [11.22246504, 58.56628382], [11.22275162, 58.56470621], [11.22484612, 58.56350255], [11.22751272, 58.56376743], [11.23073125, 58.5646559], [11.23428345, 58.56742847], [11.23668265, 58.56538415], [11.23778474, 58.56534183], [11.23860645, 58.56567502], [11.2395246, 58.56763744], [11.23917115, 58.57067001]], [[11.25609362, 58.56589997], [11.25882483, 58.56574571], [11.26086044, 58.56681907], [11.26112115, 58.56727386], [11.25942302, 58.56935954], [11.2588371, 58.56953692], [11.25620174, 58.56846297], [11.25540471, 58.56723464], [11.25609362, 58.56589997]], [[11.25, 58.56529021], [11.24744511, 58.56466532], [11.24737585, 58.56420231], [11.24803364, 58.56295276], [11.25, 58.56333697], [11.25348294, 58.56344676], [11.2536242, 58.56375527], [11.25136697, 58.56525755], [11.25, 58.56529021]], [[11.23874891, 58.56338894], [11.23643994, 58.56477475], [11.23541212, 58.56372333], [11.23557043, 58.56132615], [11.2383064, 58.56097591], [11.23902357, 58.56296206], [11.23874891, 58.56338894]], [[11.23393595, 58.56118476], [11.23314857, 58.56146705], [11.2314049, 58.56003714], [11.23153365, 58.5587579], [11.23330915, 58.5580796], [11.23481536, 58.55819905], [11.23589981, 58.5588541], [11.23579264, 58.55981958], [11.23393595, 58.56118476]], [[11.05301702, 58.55804253], [11.05096567, 58.56017625], [11.04772747, 58.55787325], [11.04780126, 58.55751705], [11.04998362, 58.55691791], [11.05116916, 58.55705893], [11.05301702, 58.55804253]], [[11.19151366, 58.55907476], [11.19251335, 58.55890882], [11.19439375, 58.56071174], [11.1943953, 58.56120062], [11.19242108, 58.56373131], [11.18386507, 58.56725836], [11.17981613, 58.56484282], [11.1852957, 58.56072295], [11.19151366, 58.55907476]], [[11.17528403, 58.56526351], [11.17459035, 58.56535506], [11.17313302, 58.56465781], [11.17215586, 58.56310213], [11.17276013, 58.56280136], [11.17451572, 58.56289828], [11.17487335, 58.56318712], [11.17528403, 58.56526351]], [[11.21190405, 58.56787348], [11.20804751, 58.57069027], [11.20384467, 58.56836796], [11.20611656, 58.56728685], [11.20692682, 58.56742096], [11.21190405, 58.56787348]], [[11.21541977, 58.57019115], [11.216398, 58.56845868], [11.21775317, 58.56856406], [11.21942067, 58.57044625], [11.21667481, 58.57258344], [11.21541977, 58.57019115]], [[11.21931922, 58.57232213], [11.22101438, 58.57200515], [11.22157907, 58.57232058], [11.21970594, 58.5764569], [11.21932507, 58.57652485], [11.21700215, 58.57540238], [11.21931922, 58.57232213]], [[11.06617391, 58.57356095], [11.07041681, 58.57834065], [11.07506967, 58.57992601], [11.07325494, 58.58106673], [11.0746659, 58.5832411], [11.06707716, 58.58489013], [11.06251526, 58.58294654], [11.06332243, 58.57769263], [11.05948675, 58.57492733], [11.06356525, 58.57322454], [11.06534398, 58.57324684], [11.06617391, 58.57356095]], [[9.04042745, 58.57522845], [9.05071425, 58.5787729], [9.06380451, 58.5861845], [9.06480014, 58.58478415], [9.05822456, 58.57870531], [9.06177032, 58.57772136], [9.06832337, 58.57932305], [9.07183957, 58.58132005], [9.07118607, 58.58254004], [9.06748426, 58.58205545], [9.07044315, 58.58953846], [9.07334125, 58.59008122], [9.07563245, 58.58772767], [9.07834184, 58.58819962], [9.07828724, 58.59299386], [9.08767676, 58.59317327], [9.08468342, 58.59473455], [9.09501827, 58.59636927], [9.09246588, 58.59723222], [9.0956887, 58.59950042], [9.0944519, 58.60005867], [9.08065236, 58.59774733], [9.0856415, 58.60031855], [9.08546066, 58.60082293], [9.08265293, 58.6026448], [9.08127761, 58.60087848], [9.08031046, 58.60072875], [9.07296693, 58.60052931], [9.07531476, 58.60204923], [9.07319331, 58.60237122], [9.05836535, 58.60127437], [9.05616152, 58.59935987], [9.04405165, 58.59809315], [9.03750658, 58.59334815], [9.03744984, 58.59082031], [9.02676475, 58.58077562], [9.02952051, 58.5793215], [9.03029037, 58.57614851], [9.03670704, 58.57697368], [9.04042745, 58.57522845]], [[11.17223895, 58.60239935], [11.17311013, 58.60198307], [11.17431271, 58.60200393], [11.17560327, 58.60338104], [11.17598224, 58.60504985], [11.17405617, 58.60746145], [11.17106152, 58.60494065], [11.17121267, 58.60420597], [11.17223895, 58.60239935]], [[9.04744065, 58.60282385], [9.04933417, 58.60530555], [9.05384052, 58.60609627], [9.05439675, 58.60735548], [9.05186331, 58.60773015], [9.04629326, 58.60647464], [9.04504681, 58.60583484], [9.04309905, 58.60378528], [9.04307091, 58.60289884], [9.04425704, 58.60269356], [9.04744065, 58.60282385]], [[9.05597484, 58.60529935], [9.06015325, 58.60479546], [9.06088078, 58.60499191], [9.06893206, 58.60986877], [9.07251513, 58.60801494], [9.07777894, 58.60884225], [9.08146453, 58.61310923], [9.08718264, 58.61195731], [9.09188843, 58.61320925], [9.0946002, 58.61247611], [9.10841405, 58.61325335], [9.1081475, 58.61472166], [9.11408508, 58.61418355], [9.11954021, 58.619277], [9.12321317, 58.62022066], [9.12453294, 58.62285602], [9.11364186, 58.61941361], [9.11208606, 58.62041116], [9.12725651, 58.62566876], [9.12050605, 58.62964654], [9.12101972, 58.63048053], [9.12376237, 58.63147724], [9.12511575, 58.63140047], [9.12496126, 58.6281085], [9.13182235, 58.62787306], [9.13335836, 58.62748206], [9.13241875, 58.6259371], [9.13351142, 58.62537396], [9.13420212, 58.62519646], [9.140625, 58.625], [9.14152575, 58.62525702], [9.140625, 58.62667406], [9.14028645, 58.62672985], [9.14014411, 58.62684155], [9.14010835, 58.62700892], [9.14035785, 58.62723207], [9.140625, 58.62723207], [9.14559603, 58.62870944], [9.14586115, 58.63194895], [9.14532065, 58.63339734], [9.14485145, 58.63379216], [9.140625, 58.63364947], [9.13972342, 58.63385117], [9.14035785, 58.63476562], [9.140625, 58.63476562], [9.14414847, 58.63528144], [9.14348745, 58.63691235], [9.14268196, 58.63739932], [9.140625, 58.63727665], [9.13856316, 58.63694954], [9.13819194, 58.63762271], [9.13831317, 58.63958073], [9.13171017, 58.6394248], [9.12327635, 58.63585365], [9.11687744, 58.63608873], [9.11061811, 58.63500714], [9.11035085, 58.63490582], [9.11126125, 58.62962997], [9.0971781, 58.62329924], [9.09547746, 58.62137282], [9.08422911, 58.62000585], [9.08533001, 58.62198126], [9.0901401, 58.621894], [9.08907855, 58.62375844], [9.07286835, 58.62117481], [9.07152724, 58.61982024], [9.07611787, 58.61705208], [9.07588744, 58.61521065], [9.06511021, 58.61420453], [9.05901015, 58.61278653], [9.05528367, 58.61147916], [9.05482674, 58.61105895], [9.05412674, 58.60821807], [9.05869675, 58.60853887], [9.05884385, 58.60830414], [9.05585444, 58.6056025], [9.05597484, 58.60529935]], [[9.14628553, 58.63887334], [9.14606452, 58.63734365], [9.14659452, 58.63625634], [9.14981842, 58.6342535], [9.15020394, 58.63432956], [9.15277016, 58.63756335], [9.15256286, 58.63820303], [9.15177524, 58.63964581], [9.15092432, 58.63977826], [9.14936805, 58.63982987], [9.14628553, 58.63887334]], [[9.16160047, 58.63846445], [9.16275263, 58.63841927], [9.16350663, 58.63867545], [9.16404057, 58.64050281], [9.16122496, 58.64323688], [9.1526494, 58.63987815], [9.15840244, 58.63994324], [9.16160047, 58.63846445]], [[9.16645646, 58.64292276], [9.16758585, 58.64269125], [9.17152452, 58.64389122], [9.17186856, 58.64411402], [9.17164195, 58.6451869], [9.17137396, 58.64534307], [9.16739655, 58.64550781], [9.16585207, 58.64354718], [9.16645646, 58.64292276]], [[11.20152366, 58.64328134], [11.20321596, 58.64153326], [11.20405126, 58.64130163], [11.20626915, 58.64149916], [11.20727384, 58.64223337], [11.20768082, 58.64427543], [11.20662904, 58.64507234], [11.20564544, 58.64512885], [11.2015146, 58.64356625], [11.20152366, 58.64328134]], [[11.18331766, 58.63443553], [11.1856091, 58.63299096], [11.18755174, 58.63291526], [11.18889475, 58.63378751], [11.1887238, 58.63408852], [11.18537772, 58.63620234], [11.18331766, 58.63443553]], [[11.22175717, 58.62685382], [11.22364998, 58.62560606], [11.22444582, 58.62562573], [11.2283535, 58.62630403], [11.2289921, 58.62652063], [11.23163128, 58.62990022], [11.23115146, 58.63013816], [11.22592378, 58.63082635], [11.22637987, 58.62893701], [11.22175717, 58.62685382]], [[11.20941734, 58.62663448], [11.20876873, 58.62670696], [11.20647335, 58.62593842], [11.20586836, 58.6239717], [11.21136904, 58.62280655], [11.21212328, 58.62298107], [11.21277273, 58.62487161], [11.21210253, 58.62537575], [11.20941734, 58.62663448]], [[11.18695438, 58.61612582], [11.18880034, 58.61512697], [11.18994856, 58.61538684], [11.18988848, 58.61587095], [11.18738604, 58.61840928], [11.18695438, 58.61612582]], [[11.20325816, 58.61381853], [11.19865894, 58.61341703], [11.20080233, 58.61231637], [11.20285284, 58.61236477], [11.20367455, 58.61272776], [11.20325816, 58.61381853]], [[11.18361604, 58.60812998], [11.17815852, 58.61355615], [11.17578506, 58.61220014], [11.17854452, 58.60982478], [11.178303, 58.6077944], [11.18084848, 58.60696995], [11.1817013, 58.60703576], [11.18363726, 58.60783684], [11.18361604, 58.60812998]], [[11.16310143, 58.60735965], [11.16270483, 58.60752964], [11.16174817, 58.60676455], [11.16331267, 58.60431254], [11.16365612, 58.60436487], [11.16310143, 58.60735965]], [[9.11218917, 58.61252332], [9.11130083, 58.61271203], [9.09806204, 58.61199295], [9.09793603, 58.61159694], [9.10000825, 58.61018264], [9.10324931, 58.60970676], [9.11155641, 58.61160636], [9.11218917, 58.61252332]], [[11.18529344, 58.60712373], [11.1994822, 58.60365045], [11.19742036, 58.60782266], [11.19368041, 58.61082816], [11.19261706, 58.61120975], [11.19173563, 58.61061764], [11.19212377, 58.60915601], [11.18529344, 58.60712373]], [[11.24708235, 58.60590816], [11.24747002, 58.60586357], [11.24916387, 58.60679662], [11.25, 58.60658467], [11.25, 58.60630584], [11.25243723, 58.60596156], [11.25718045, 58.60747135], [11.25435758, 58.60885465], [11.25, 58.60797977], [11.25, 58.60825884], [11.24404776, 58.60936677], [11.24209785, 58.60860336], [11.24327624, 58.60703123], [11.24708235, 58.60590816]], [[11.22908378, 58.60431111], [11.22914708, 58.60267127], [11.2310847, 58.60227132], [11.23231411, 58.60321724], [11.23002875, 58.60490716], [11.22908378, 58.60431111]], [[11.04612875, 58.59359491], [11.04764974, 58.59266675], [11.04841983, 58.59269142], [11.0530287, 58.59311116], [11.05383801, 58.59328794], [11.0549345, 58.59433174], [11.05474865, 58.59485865], [11.04943001, 58.59742594], [11.0460397, 58.59437633], [11.04612875, 58.59359491]], [[11.21073365, 58.59524691], [11.20952225, 58.59476745], [11.20872355, 58.59347987], [11.20926857, 58.59314024], [11.21279156, 58.59386218], [11.21344995, 58.59413683], [11.21505785, 58.59527123], [11.21526515, 58.59594023], [11.21377146, 58.59550405], [11.21073365, 58.59524691]], [[11.22242093, 58.59362304], [11.21532214, 58.59293175], [11.22055471, 58.58995056], [11.2213037, 58.58872294], [11.22097301, 58.58806038], [11.21600556, 58.58885157], [11.21485472, 58.58880031], [11.21321595, 58.58778787], [11.21682572, 58.58326077], [11.21667922, 58.57953775], [11.21229422, 58.58033895], [11.21037292, 58.58395696], [11.20544255, 58.58427465], [11.20418394, 58.5814563], [11.20661545, 58.57876861], [11.22090507, 58.57822216], [11.22585487, 58.57488072], [11.23001265, 58.5757848], [11.22879457, 58.57823527], [11.22559977, 58.58117771], [11.22085917, 58.57921493], [11.21916747, 58.58592403], [11.22071612, 58.58704126], [11.22108495, 58.58694804], [11.22305465, 58.58447587], [11.22603273, 58.58503032], [11.22830284, 58.58669341], [11.22848594, 58.58797956], [11.22666335, 58.59146762], [11.22307515, 58.59327865], [11.22242093, 58.59362304]], [[11.23840237, 58.58459783], [11.23777986, 58.58397806], [11.23962545, 58.58260596], [11.24013746, 58.58248186], [11.24277806, 58.58249188], [11.24431336, 58.58328056], [11.24411893, 58.58469462], [11.24337625, 58.58527887], [11.24010026, 58.58572066], [11.23840237, 58.58459783]], [[11.23068178, 58.58157825], [11.22885025, 58.58321893], [11.22614443, 58.58312035], [11.22599137, 58.58283818], [11.23068178, 58.58157825]], [[11.24174035, 58.57890165], [11.24346435, 58.57704175], [11.24495423, 58.57712317], [11.24565792, 58.57925534], [11.24543262, 58.57968915], [11.24300265, 58.58041835], [11.24135792, 58.57958007], [11.24174035, 58.57890165]], [[11.24893141, 58.57547426], [11.25, 58.57198656], [11.25389135, 58.5709846], [11.25465667, 58.57101154], [11.25523496, 58.57214355], [11.25500751, 58.57280576], [11.25251055, 58.57587516], [11.25, 58.57589281], [11.24893141, 58.57547426]], [[11.20800972, 58.57562053], [11.20595706, 58.57725167], [11.20253682, 58.57527971], [11.20261013, 58.57477582], [11.20620763, 58.57387853], [11.20724595, 58.57389355], [11.20799923, 58.57434654], [11.20800972, 58.57562053]], [[11.07763767, 58.57689178], [11.07666457, 58.57821107], [11.07525265, 58.57855093], [11.07282448, 58.57637572], [11.07285345, 58.57563412], [11.0748409, 58.57517386], [11.07694495, 58.57615304], [11.07763767, 58.57689178]], [[11.18848515, 58.58409977], [11.18741035, 58.58655453], [11.18681586, 58.58700216], [11.18212223, 58.58838391], [11.17930937, 58.5890882], [11.17829323, 58.5886451], [11.17907751, 58.58440745], [11.18499875, 58.58322036], [11.18614304, 58.58331811], [11.18829167, 58.58377182], [11.18848515, 58.58409977]], [[11.065575, 58.58617914], [11.06533515, 58.58924437], [11.06511855, 58.58962297], [11.06259775, 58.58981442], [11.05915844, 58.59070885], [11.05878615, 58.59058595], [11.05788171, 58.58461285], [11.06139886, 58.58466124], [11.065575, 58.58617914]], [[11.18203425, 58.58990502], [11.18563247, 58.58855164], [11.18433225, 58.59116495], [11.18131661, 58.59197998], [11.17985356, 58.59125996], [11.18027472, 58.59065163], [11.18203425, 58.58990502]], [[11.19149303, 58.58910465], [11.19201016, 58.58824921], [11.19692576, 58.58490992], [11.19781864, 58.58774912], [11.19696784, 58.58849156], [11.19191742, 58.59105456], [11.19149303, 58.58910465]], [[11.19972157, 58.5930227], [11.19720638, 58.59458411], [11.19503212, 58.59497321], [11.19306874, 58.59415197], [11.19653535, 58.59253311], [11.19920886, 58.59250963], [11.19972157, 58.5930227]], [[11.20934093, 58.65554893], [11.20896661, 58.65873325], [11.20525146, 58.6571449], [11.20412922, 58.65287554], [11.20480275, 58.65209413], [11.20691228, 58.65195131], [11.20817685, 58.65274703], [11.20934093, 58.65554893]], [[11.18296385, 58.66196775], [11.18075502, 58.66328263], [11.17682505, 58.66251492], [11.17648435, 58.66000307], [11.18259561, 58.66000903], [11.18315887, 58.66052401], [11.18296385, 58.66196775]], [[11.14892948, 58.66320455], [11.14829051, 58.66395795], [11.1497426, 58.66533303], [11.14780235, 58.66612601], [11.14344347, 58.66395295], [11.14317715, 58.66330576], [11.14344001, 58.66166174], [11.14389443, 58.66140401], [11.14714634, 58.6611886], [11.14787936, 58.66138995], [11.14984071, 58.6622405], [11.14892948, 58.66320455]], [[11.17159534, 58.66570616], [11.17259324, 58.66537023], [11.17402101, 58.66559625], [11.17458236, 58.66752195], [11.17436481, 58.66833508], [11.17237484, 58.66915405], [11.17159534, 58.66570616]], [[8.99427736, 58.58420193], [8.99358702, 58.58437133], [8.99304771, 58.58371592], [8.99326336, 58.58242881], [8.99367213, 58.58177865], [8.99424815, 58.58167756], [8.99469018, 58.58184755], [8.99497151, 58.58211684], [8.99517703, 58.58241475], [8.99518025, 58.58276927], [8.99498606, 58.58325934], [8.99472332, 58.58383715], [8.99427736, 58.58420193]], [[11.20737624, 58.55478585], [11.20592964, 58.55251992], [11.20635712, 58.55257153], [11.20925808, 58.55486727], [11.20900011, 58.55522227], [11.20737624, 58.55478585]], [[11.23224854, 58.5527842], [11.22973514, 58.55054212], [11.23205435, 58.54905546], [11.23260975, 58.54914665], [11.23541415, 58.55060267], [11.23224854, 58.5527842]], [[11.09043765, 58.55009401], [11.09128988, 58.55164385], [11.0901792, 58.55199802], [11.08713341, 58.55220163], [11.08441961, 58.55090666], [11.08442593, 58.55038178], [11.08716905, 58.54905415], [11.08815134, 58.54911757], [11.09043765, 58.55009401]], [[11.17001641, 58.55035055], [11.17082882, 58.55033541], [11.17412782, 58.55302167], [11.17282152, 58.55409336], [11.16968155, 58.55200922], [11.17001641, 58.55035055]], [[11.08399403, 58.54751384], [11.08238733, 58.5464524], [11.08402681, 58.5453974], [11.08497453, 58.54526722], [11.08888316, 58.54652262], [11.08647156, 58.541049], [11.09418094, 58.54283297], [11.09444034, 58.54318714], [11.09046304, 58.54737866], [11.08896375, 58.54738057], [11.08586144, 58.54804218], [11.08399403, 58.54751384]], [[11.16402745, 58.54115677], [11.16514862, 58.54106724], [11.17298865, 58.54311323], [11.17345023, 58.54354501], [11.17334425, 58.54410243], [11.17248487, 58.54449022], [11.16849196, 58.54456115], [11.16692162, 58.54495347], [11.16515136, 58.54396915], [11.16356492, 58.54237246], [11.16402745, 58.54115677]], [[11.08073151, 58.54087675], [11.07832563, 58.54224133], [11.07709134, 58.54172576], [11.07502365, 58.54063356], [11.07505655, 58.53862822], [11.07536137, 58.5383656], [11.07689035, 58.53831577], [11.08073151, 58.54087675]], [[11.23571944, 58.54069304], [11.23405337, 58.54012895], [11.23343694, 58.53515625], [11.23298025, 58.53515625], [11.23081577, 58.53436565], [11.23037374, 58.53446674], [11.22925723, 58.53515625], [11.22916257, 58.53515625], [11.22925222, 58.53678524], [11.22835088, 58.53668094], [11.22702551, 58.53515625], [11.2265979, 58.53515625], [11.22423565, 58.53220475], [11.22423255, 58.53164816], [11.2263509, 58.53024888], [11.22694337, 58.53033388], [11.22663474, 58.53182352], [11.22689557, 58.53203881], [11.22930992, 58.53256023], [11.22948205, 58.52684271], [11.2353549, 58.52572525], [11.23819804, 58.52693653], [11.24084365, 58.52411652], [11.2446177, 58.52529585], [11.24745297, 58.52821195], [11.24550676, 58.53239095], [11.24216855, 58.53436863], [11.24255395, 58.53515625], [11.24305415, 58.53515625], [11.24212873, 58.53671002], [11.23888564, 58.53796184], [11.23996794, 58.53989196], [11.23571944, 58.54069304]], [[8.98809731, 58.53803623], [8.9859395, 58.53944576], [8.98579752, 58.53974175], [8.9864155, 58.54182017], [8.98600984, 58.5418936], [8.98511386, 58.53934455], [8.98188782, 58.53800476], [8.98200273, 58.53782547], [8.98809731, 58.53803623]], [[11.02544737, 58.54159224], [11.03037751, 58.54051316], [11.03346884, 58.54057336], [11.03468192, 58.54141855], [11.03404534, 58.54305995], [11.02861846, 58.544402], [11.02723765, 58.54387546], [11.02518511, 58.54195571], [11.02544737, 58.54159224]], [[8.99310994, 58.54381371], [8.99087095, 58.54649544], [8.98894036, 58.54473496], [8.99133861, 58.54311454], [8.99268913, 58.54298472], [8.99310994, 58.54381371]], [[11.22383714, 58.53897691], [11.22441936, 58.53829145], [11.22615242, 58.53840041], [11.22926724, 58.53913367], [11.22967005, 58.54002321], [11.22912598, 58.54038346], [11.22811234, 58.54056108], [11.22424567, 58.53928077], [11.22383714, 58.53897691]], [[8.95931113, 58.52296317], [8.96446311, 58.52186143], [8.96288955, 58.52388215], [8.95931113, 58.52296317]], [[11.22364867, 58.51414382], [11.22938895, 58.51349962], [11.23031056, 58.51518285], [11.22988236, 58.51529682], [11.22565568, 58.51526988], [11.22364867, 58.51414382]], [[11.25593257, 58.51378155], [11.25288773, 58.50996721], [11.25940776, 58.50946355], [11.26302504, 58.50722218], [11.26419318, 58.50804985], [11.26936114, 58.50865924], [11.27226865, 58.51043951], [11.27324486, 58.51158714], [11.27284384, 58.51209044], [11.27122283, 58.51293588], [11.26777172, 58.51319158], [11.26743662, 58.50968993], [11.26648891, 58.50893605], [11.26578963, 58.50905704], [11.25902712, 58.51392782], [11.25593257, 58.51378155]], [[8.94643843, 58.50671291], [8.94853151, 58.51071465], [8.94802296, 58.51160598], [8.94729304, 58.51170385], [8.93523872, 58.51046824], [8.93838692, 58.51014686], [8.93465233, 58.50646496], [8.93387377, 58.50640535], [8.93098736, 58.50962603], [8.9260174, 58.50928247], [8.92532337, 58.50908697], [8.92113376, 58.50671291], [8.88195396, 58.49493158], [8.86089504, 58.48515284], [8.85564244, 58.48492444], [8.84998691, 58.48094416], [8.85035884, 58.47750497], [8.84406495, 58.47741234], [8.84238195, 58.47348845], [8.84354305, 58.47131991], [8.84100127, 58.47127724], [8.83612847, 58.47412586], [8.83387661, 58.47152972], [8.83375037, 58.46747816], [8.82925796, 58.46772325], [8.82782364, 58.46974266], [8.82371354, 58.47019517], [8.81605756, 58.46650386], [8.80275047, 58.46401227], [8.79538131, 58.45803118], [8.79477227, 58.45789826], [8.7939707, 58.45968604], [8.7890625, 58.46065843], [8.7890625, 58.4609375], [8.78059745, 58.45940328], [8.77952325, 58.45806944], [8.78087235, 58.45482731], [8.78290546, 58.45431125], [8.78579128, 58.45538986], [8.78444171, 58.44605446], [8.78680801, 58.43709815], [8.78753495, 58.4363234], [8.78814375, 58.43608665], [8.7890625, 58.43666291], [8.7890625, 58.43694186], [8.79244065, 58.43693626], [8.79652953, 58.43588901], [8.79760396, 58.43589127], [8.80343115, 58.43687022], [8.80447316, 58.43687308], [8.81035686, 58.43594313], [8.81429815, 58.43978477], [8.81355965, 58.4427582], [8.81930244, 58.44268131], [8.8222661, 58.44032037], [8.82382536, 58.44206691], [8.81508565, 58.44917858], [8.81869924, 58.44912934], [8.825073, 58.4441961], [8.82719195, 58.4457798], [8.83355558, 58.44520616], [8.83338678, 58.44831026], [8.83771217, 58.44811702], [8.83942342, 58.44586694], [8.83814085, 58.44394791], [8.8230859, 58.43473244], [8.82288003, 58.43254375], [8.82618606, 58.43207514], [8.84533977, 58.43740952], [8.85320616, 58.44220734], [8.86109972, 58.44340491], [8.86810434, 58.44695294], [8.87461674, 58.44826782], [8.87439191, 58.44949591], [8.88060308, 58.45407736], [8.89782071, 58.46208465], [8.89532876, 58.46564555], [8.87725723, 58.46543074], [8.8706367, 58.46724558], [8.88772333, 58.46687293], [8.88878715, 58.46709001], [8.89245927, 58.47079885], [8.89626944, 58.47023702], [8.89684534, 58.47051525], [8.90211833, 58.47457004], [8.91083205, 58.4783982], [8.91275156, 58.48345435], [8.91993606, 58.48579764], [8.91943836, 58.48781884], [8.92249954, 58.49003971], [8.91927147, 58.49111736], [8.91926765, 58.49164605], [8.91987026, 58.49219584], [8.92080665, 58.49266291], [8.92426455, 58.49210751], [8.92421675, 58.49510753], [8.92870748, 58.4946537], [8.93207264, 58.49754333], [8.93014371, 58.4995774], [8.93031883, 58.49968171], [8.93562555, 58.50043011], [8.93693995, 58.49993324], [8.93551695, 58.49848676], [8.9396646, 58.49987328], [8.93950546, 58.50189173], [8.94155133, 58.50432682], [8.94643843, 58.50671291]], [[11.27690434, 58.49922228], [11.27790511, 58.49891496], [11.27867556, 58.49903345], [11.27947986, 58.50180614], [11.28025472, 58.50335503], [11.28009164, 58.50376725], [11.27731347, 58.50422704], [11.27547371, 58.50343895], [11.27690434, 58.49922228]], [[11.29524136, 58.48537242], [11.30071402, 58.48253775], [11.30188894, 58.48258138], [11.30261672, 58.48321855], [11.30032325, 58.48608458], [11.29622722, 58.4875648], [11.29502058, 58.48559225], [11.29524136, 58.48537242]], [[11.28424525, 58.4782356], [11.28377342, 58.48270094], [11.28137624, 58.48148215], [11.28095925, 58.47890222], [11.28360391, 58.47804916], [11.28424525, 58.4782356]], [[8.91983676, 58.47894895], [8.92427611, 58.48285127], [8.9234308, 58.48342383], [8.92228854, 58.48380578], [8.91776907, 58.48308468], [8.91546345, 58.47788453], [8.90984452, 58.47669566], [8.90905082, 58.47421801], [8.90577614, 58.47238946], [8.90105283, 58.47278523], [8.89815521, 58.46998775], [8.90002406, 58.46599221], [8.90159893, 58.46830142], [8.90818822, 58.47035706], [8.90911794, 58.47341275], [8.90978801, 58.47378945], [8.91781735, 58.47432601], [8.91849184, 58.47467911], [8.92092967, 58.47746694], [8.91983676, 58.47894895]], [[11.29839742, 58.47657752], [11.30475783, 58.47613692], [11.30569685, 58.47690797], [11.30245864, 58.47865605], [11.30188763, 58.47887528], [11.29762566, 58.47822535], [11.29728711, 58.47798896], [11.29746973, 58.47706795], [11.29839742, 58.47657752]], [[11.28503966, 58.47403634], [11.28460932, 58.47381544], [11.28411436, 58.47224164], [11.28421867, 58.47171736], [11.28972578, 58.47179592], [11.29070306, 58.47428393], [11.28503966, 58.47403634]], [[11.27734566, 58.47296226], [11.27747977, 58.47393], [11.27258325, 58.47338593], [11.27078342, 58.47200286], [11.27190244, 58.47135007], [11.27256441, 58.47161937], [11.27734566, 58.47296226]], [[11.28823245, 58.46939361], [11.28433883, 58.46575642], [11.27934527, 58.46473145], [11.28064716, 58.46318412], [11.28372204, 58.46311557], [11.28637505, 58.46158016], [11.28475058, 58.45845437], [11.28112292, 58.45984066], [11.27878451, 58.45906377], [11.27927184, 58.4577775], [11.28478146, 58.45577252], [11.28826606, 58.45859921], [11.28868115, 58.45959485], [11.28769136, 58.46114075], [11.28531313, 58.46322751], [11.28521156, 58.46387684], [11.28677595, 58.46552181], [11.29088855, 58.46834958], [11.28823245, 58.46939361]], [[11.25080764, 58.45192575], [11.25338435, 58.45173633], [11.25475645, 58.45251012], [11.25513697, 58.45346284], [11.25365531, 58.4544214], [11.25072122, 58.45257771], [11.25080764, 58.45192575]], [[11.28343415, 58.45188093], [11.28570414, 58.44879878], [11.2864058, 58.44855511], [11.28751481, 58.44859755], [11.28952146, 58.44924605], [11.2908498, 58.45143294], [11.28599811, 58.45315313], [11.28343415, 58.45188093]], [[11.25957978, 58.45048666], [11.25520945, 58.45092905], [11.25372148, 58.45019591], [11.25454664, 58.44841123], [11.25500894, 58.44829452], [11.26168883, 58.44799662], [11.26329613, 58.44828725], [11.26380324, 58.44900942], [11.26350522, 58.44920087], [11.26078677, 58.45018375], [11.25957978, 58.45048666]], [[8.81850958, 58.43353772], [8.81292617, 58.43501711], [8.81044972, 58.43314421], [8.80939853, 58.4300307], [8.80967057, 58.42941535], [8.81148458, 58.42894876], [8.81222844, 58.42919672], [8.81794941, 58.43177533], [8.81926847, 58.43263066], [8.81850958, 58.43353772]], [[11.23148596, 58.51089883], [11.23424995, 58.51069844], [11.23584151, 58.51243675], [11.23173082, 58.51370847], [11.23148596, 58.51089883]], [[8.90128171, 58.52284396], [8.90082216, 58.52310514], [8.8967694, 58.52306521], [8.89427447, 58.52254248], [8.89935315, 58.52182913], [8.90128171, 58.52284396]], [[8.79072845, 58.42348635], [8.7934041, 58.42222536], [8.79599547, 58.42296088], [8.80612385, 58.42179823], [8.80712175, 58.42213953], [8.80733645, 58.42345476], [8.81080973, 58.42234337], [8.81144595, 58.42269623], [8.81027615, 58.42525852], [8.81308913, 58.42678285], [8.81013525, 58.42778218], [8.80536723, 58.42626846], [8.79445708, 58.42617834], [8.79074752, 58.42388523], [8.79072845, 58.42348635]], [[11.18098295, 58.42395532], [11.18268013, 58.42099345], [11.18340325, 58.42070723], [11.18433535, 58.42283225], [11.18748903, 58.42403924], [11.18323827, 58.42690885], [11.18097866, 58.42420995], [11.18098295, 58.42395532]], [[8.76537275, 58.41716957], [8.76413405, 58.41633594], [8.76245368, 58.41490424], [8.76456165, 58.41213477], [8.76500487, 58.41225255], [8.76931083, 58.41586173], [8.76931405, 58.41609561], [8.76537275, 58.41716957]], [[8.78859711, 58.41276705], [8.7890625, 58.41210926], [8.7926687, 58.41036975], [8.79428577, 58.41113853], [8.79310596, 58.41217303], [8.79039204, 58.41350436], [8.7890625, 58.41322541], [8.78859711, 58.41276705]], [[8.71960545, 58.40341794], [8.72114897, 58.40303063], [8.72205162, 58.40326488], [8.72835386, 58.4053781], [8.72820187, 58.40558732], [8.71997213, 58.40469277], [8.71960545, 58.40341794]], [[8.73039103, 58.3971194], [8.73091388, 58.39687765], [8.74248016, 58.40043604], [8.74259877, 58.40056336], [8.74166024, 58.40209293], [8.7405585, 58.40240848], [8.73189223, 58.3982805], [8.73039103, 58.3971194]], [[8.7890625, 58.39760041], [8.7890625, 58.39732134], [8.79248106, 58.39765155], [8.7927289, 58.39794707], [8.79153466, 58.39945221], [8.7890625, 58.40011156], [8.7890625, 58.40039063], [8.78670216, 58.40029657], [8.78391123, 58.40092766], [8.78311801, 58.40072954], [8.78250384, 58.40003288], [8.78364515, 58.39818621], [8.7890625, 58.39760041]], [[8.74207401, 58.38256204], [8.74639714, 58.38088346], [8.74687064, 58.38098443], [8.74586308, 58.38416684], [8.74565876, 58.38438106], [8.74328542, 58.3841747], [8.74207401, 58.38256204]], [[11.24661422, 58.38106644], [11.24685705, 58.38049161], [11.25, 58.38002217], [11.25, 58.38197541], [11.24709821, 58.38185656], [11.24661422, 58.38106644]], [[8.74048126, 58.37011766], [8.74151444, 58.36836004], [8.74529433, 58.36823845], [8.74576855, 58.36874914], [8.74439442, 58.37093616], [8.74069035, 58.37039626], [8.74048126, 58.37011766]], [[8.73880565, 58.368209], [8.73721445, 58.36923194], [8.73596954, 58.3651582], [8.74145734, 58.36583221], [8.74175107, 58.36605334], [8.74173474, 58.36774945], [8.73961365, 58.36790144], [8.73880565, 58.368209]], [[11.19334745, 58.359375], [11.18872893, 58.35723317], [11.19244885, 58.3559823], [11.19214165, 58.35439885], [11.19672871, 58.35386825], [11.19740045, 58.35387278], [11.19989705, 58.35466826], [11.20052481, 58.35706997], [11.19269574, 58.35697818], [11.19705367, 58.359375], [11.19657612, 58.35982335], [11.19334745, 58.359375]], [[11.28337288, 58.34967601], [11.28299022, 58.34895587], [11.28317034, 58.34770381], [11.28536761, 58.34725177], [11.28795266, 58.34808815], [11.28832567, 58.34858727], [11.28858435, 58.34994698], [11.28751504, 58.35057795], [11.28439343, 58.35010815], [11.28337288, 58.34967601]], [[11.30690324, 58.35003185], [11.30857015, 58.34865415], [11.31471336, 58.34925616], [11.31631291, 58.3484627], [11.311046, 58.34114015], [11.31116593, 58.33997965], [11.31504798, 58.33775377], [11.31700563, 58.33518445], [11.31677544, 58.33283186], [11.32091653, 58.33346641], [11.32124245, 58.33287132], [11.31628966, 58.32620287], [11.31648135, 58.32570255], [11.32304931, 58.32309604], [11.32728815, 58.32340658], [11.32801735, 58.32405341], [11.32958126, 58.32744825], [11.33775318, 58.32944667], [11.33822703, 58.32991087], [11.33970511, 58.33696151], [11.34271097, 58.33857036], [11.34064925, 58.33987927], [11.34167504, 58.34145105], [11.34195006, 58.34172785], [11.34333897, 58.34258532], [11.34740245, 58.34168077], [11.35105395, 58.34553587], [11.35107315, 58.34592128], [11.34931624, 58.34855306], [11.34666467, 58.34685397], [11.34038508, 58.34756136], [11.34357154, 58.35101593], [11.33946884, 58.35727525], [11.33114326, 58.35791194], [11.32868183, 58.35828865], [11.32323313, 58.35793865], [11.31922698, 58.35676062], [11.31809723, 58.3563596], [11.30690324, 58.35003185]], [[11.37507486, 58.32315767], [11.37517536, 58.32273185], [11.37734842, 58.32195163], [11.37996495, 58.32051456], [11.38475621, 58.32232881], [11.38477457, 58.32352805], [11.38415623, 58.32396686], [11.37787044, 58.32440913], [11.37720525, 58.32450724], [11.37507486, 58.32315767]], [[11.32885313, 58.32108367], [11.32645166, 58.32227981], [11.32255328, 58.32046986], [11.32312405, 58.32036996], [11.32885313, 58.32108367]], [[8.60663342, 58.32215083], [8.60540497, 58.32270634], [8.60422981, 58.32288575], [8.59772682, 58.3200531], [8.59779835, 58.31767201], [8.59857333, 58.31716645], [8.6004765, 58.31714106], [8.60524285, 58.31845605], [8.60578334, 58.31902456], [8.60684025, 58.32187426], [8.60663342, 58.32215083]], [[11.37237942, 58.31982994], [11.37996757, 58.31783295], [11.38024688, 58.31801736], [11.37769806, 58.32002747], [11.37237942, 58.31982994]], [[11.39447391, 58.31756353], [11.3938421, 58.31422365], [11.3949455, 58.31287253], [11.39641917, 58.31309271], [11.39655864, 58.3134129], [11.39447391, 58.31756353]], [[11.38409483, 58.31436658], [11.38040662, 58.31504714], [11.37476802, 58.31404543], [11.37470114, 58.31365585], [11.37752295, 58.31172454], [11.38124394, 58.31169784], [11.37871885, 58.31034434], [11.38137186, 58.30849564], [11.38470185, 58.30806744], [11.38738024, 58.30864561], [11.38763523, 58.30914295], [11.38267314, 58.31171381], [11.38255096, 58.31207943], [11.38477266, 58.31414247], [11.38409483, 58.31436658]], [[11.36759973, 58.30880785], [11.36675584, 58.31069303], [11.361678, 58.31051445], [11.36125457, 58.31037986], [11.36024582, 58.30821633], [11.36184752, 58.30685937], [11.35942245, 58.30313337], [11.37246096, 58.29796565], [11.37334406, 58.29571545], [11.3789674, 58.29391873], [11.38176131, 58.29089904], [11.38271976, 58.29060876], [11.38789225, 58.29090405], [11.39069796, 58.29519033], [11.39069045, 58.29628384], [11.38921177, 58.30000281], [11.38711238, 58.30058944], [11.38496304, 58.30421984], [11.3805629, 58.30520725], [11.37692666, 58.30401647], [11.37283742, 58.30439305], [11.37406123, 58.30775857], [11.36806226, 58.30832505], [11.36759973, 58.30880785]], [[11.39500952, 58.30556464], [11.39579391, 58.30420113], [11.39928305, 58.30363345], [11.39904034, 58.30509043], [11.39543331, 58.30582917], [11.39500952, 58.30556464]], [[11.40401423, 58.2945739], [11.41332006, 58.29300702], [11.41507852, 58.29318893], [11.41513824, 58.29353964], [11.41034675, 58.30027068], [11.40528607, 58.30040944], [11.40430307, 58.30051315], [11.40307105, 58.29804242], [11.40401423, 58.2945739]], [[11.33437216, 58.28959394], [11.32555711, 58.29189157], [11.32756877, 58.28913343], [11.33215582, 58.28741467], [11.33046186, 58.28530765], [11.33090126, 58.28492594], [11.33296621, 58.28442025], [11.33470011, 58.28445053], [11.33551884, 58.28542626], [11.3348906, 58.288221], [11.33470476, 58.28943133], [11.33437216, 58.28959394]], [[11.33802783, 58.28476346], [11.33911836, 58.28296542], [11.33971465, 58.28271353], [11.34196317, 58.28428662], [11.34700871, 58.28796136], [11.34690034, 58.28853667], [11.34460521, 58.28946495], [11.34267378, 58.28797007], [11.33822525, 58.28794396], [11.33801723, 58.28762412], [11.33985126, 58.28710568], [11.33802783, 58.28476346]], [[11.38091564, 58.28796673], [11.38138485, 58.28722405], [11.38313866, 58.28621101], [11.38556445, 58.28757668], [11.38546455, 58.28955758], [11.38525724, 58.28985441], [11.38326251, 58.29020548], [11.38164747, 58.28959334], [11.38134491, 58.28937984], [11.38091564, 58.28796673]], [[11.36170185, 58.28734863], [11.35985446, 58.28775847], [11.35862196, 58.28704464], [11.35934555, 58.28495562], [11.35992193, 58.28471494], [11.36140835, 58.28477621], [11.36560976, 58.28582132], [11.36572826, 58.28610182], [11.36170185, 58.28734863]], [[11.34902442, 58.28364098], [11.35125256, 58.28106523], [11.35361946, 58.28082585], [11.35655415, 58.28277302], [11.35180795, 58.28425944], [11.35082447, 58.28429925], [11.34902442, 58.28364098]], [[8.55742645, 58.29107261], [8.55690861, 58.29204345], [8.55612612, 58.29220211], [8.55274165, 58.2922281], [8.54815996, 58.29205596], [8.54473567, 58.28921604], [8.54474771, 58.28721166], [8.54519701, 58.28697586], [8.54942477, 58.28624272], [8.55696535, 58.29065907], [8.55742645, 58.29107261]], [[11.33360875, 58.29359543], [11.33147621, 58.29864228], [11.32718265, 58.29864097], [11.32640183, 58.29885244], [11.32564676, 58.29820311], [11.32662177, 58.29593504], [11.32441545, 58.29507124], [11.32492125, 58.29463887], [11.32849956, 58.29294956], [11.33315515, 58.2929461], [11.33360875, 58.29359543]], [[8.59657836, 58.29550695], [8.59876895, 58.30176306], [8.59942555, 58.30274761], [8.59931636, 58.30310392], [8.59583485, 58.30427325], [8.59535742, 58.30691767], [8.59468055, 58.30696416], [8.59047008, 58.30156386], [8.58774686, 58.30214167], [8.58593166, 58.30144477], [8.58582485, 58.30102432], [8.58867383, 58.29906094], [8.58943021, 58.2961359], [8.59328032, 58.29843295], [8.59262001, 58.29563093], [8.59543324, 58.29525924], [8.59657836, 58.29550695]], [[8.57363546, 58.30682898], [8.57330692, 58.30998886], [8.56780517, 58.30706084], [8.57071936, 58.30531848], [8.57155895, 58.30551398], [8.57363546, 58.30682898]], [[11.33477986, 58.29896605], [11.33388257, 58.29759145], [11.33537972, 58.29463065], [11.33565867, 58.29419601], [11.33926427, 58.29400825], [11.34104025, 58.29776275], [11.33846736, 58.2991271], [11.33612263, 58.29936624], [11.33477986, 58.29896605]], [[8.60372031, 58.32425117], [8.60938001, 58.32231081], [8.60991454, 58.32242382], [8.60533535, 58.32593381], [8.60372031, 58.32425117]], [[8.60335088, 58.32547641], [8.60531294, 58.33019078], [8.60307121, 58.33140075], [8.59509015, 58.32688487], [8.5949074, 58.32648194], [8.59770966, 58.32339644], [8.59812176, 58.32341564], [8.60335088, 58.32547641]], [[8.65228605, 58.33022296], [8.65361285, 58.33010483], [8.65389347, 58.33034182], [8.65298784, 58.33216023], [8.65784514, 58.33340216], [8.66004515, 58.33512688], [8.66029656, 58.33555305], [8.65673971, 58.33753574], [8.65992296, 58.33836544], [8.65982628, 58.34084833], [8.66297615, 58.3422538], [8.66619217, 58.34425104], [8.66436231, 58.34513354], [8.66175103, 58.3429687], [8.65163493, 58.34177005], [8.65245557, 58.33860302], [8.64638281, 58.33871424], [8.64007854, 58.33455145], [8.64049673, 58.33392882], [8.64125407, 58.33353913], [8.64811778, 58.333799], [8.65021753, 58.33094275], [8.65228605, 58.33022296]], [[8.67061424, 58.33923018], [8.67491055, 58.33295202], [8.67746532, 58.33643377], [8.68339074, 58.33755136], [8.68721735, 58.33681142], [8.68755412, 58.33712745], [8.68873703, 58.34187746], [8.68229282, 58.33874321], [8.67548656, 58.33738875], [8.6744678, 58.3376857], [8.67451322, 58.33799875], [8.68171465, 58.34105086], [8.6855123, 58.3446362], [8.69190204, 58.34546804], [8.69192958, 58.34676695], [8.69142544, 58.34694612], [8.68595076, 58.34699726], [8.68222594, 58.3475821], [8.68123758, 58.34320736], [8.67552733, 58.34284067], [8.67061424, 58.33923018]], [[11.24496281, 58.34737575], [11.24566734, 58.34623206], [11.24718595, 58.34646106], [11.24818635, 58.34785044], [11.24712396, 58.34903395], [11.24496281, 58.34737575]], [[11.26411033, 58.34900916], [11.26102483, 58.34774232], [11.25532341, 58.34869385], [11.25099921, 58.34774017], [11.25406504, 58.34519696], [11.25872254, 58.34481275], [11.25406492, 58.34109974], [11.25670636, 58.33973312], [11.25532806, 58.33891225], [11.25675261, 58.33712935], [11.25738442, 58.33705437], [11.25747848, 58.33846724], [11.2591722, 58.34026325], [11.26491284, 58.340451], [11.26520824, 58.34369934], [11.265504, 58.34399772], [11.27116561, 58.34585631], [11.27099252, 58.34846234], [11.26634812, 58.34811008], [11.26411033, 58.34900916]], [[11.27091742, 58.33852434], [11.27045941, 58.33564556], [11.27277195, 58.33446217], [11.27308905, 58.33687961], [11.2714951, 58.33838022], [11.27091742, 58.33852434]], [[11.23830104, 58.33077431], [11.24360526, 58.33715582], [11.23874235, 58.33673978], [11.23053944, 58.33216345], [11.23004222, 58.33176053], [11.23026717, 58.33096695], [11.23099554, 58.33080745], [11.23426521, 58.33043444], [11.23679185, 58.33052134], [11.23830104, 58.33077431]], [[11.22391808, 58.33654666], [11.22398734, 58.33944345], [11.22322726, 58.34009647], [11.22082114, 58.34042704], [11.21716344, 58.34006572], [11.21398485, 58.33975852], [11.20935905, 58.33735907], [11.20807707, 58.33974755], [11.20734048, 58.33993816], [11.2043792, 58.34005725], [11.20185566, 58.33982825], [11.20131373, 58.33967137], [11.20059001, 58.33884382], [11.20037901, 58.3377223], [11.20078707, 58.33684683], [11.20334113, 58.33564591], [11.20793641, 58.33553565], [11.20797157, 58.33302891], [11.20823824, 58.33273304], [11.21267295, 58.33007812], [11.21576285, 58.32984555], [11.22052884, 58.33233833], [11.22055316, 58.33479166], [11.22391808, 58.33654666]], [[11.24056315, 58.33038235], [11.23796618, 58.32922125], [11.23417735, 58.32937086], [11.23227108, 58.3266077], [11.24087131, 58.32657826], [11.24179113, 58.32681036], [11.24409962, 58.32939935], [11.24455464, 58.32989645], [11.24056315, 58.33038235]], [[11.41261852, 58.27766073], [11.41469562, 58.27686775], [11.41609383, 58.27784455], [11.41500676, 58.28009534], [11.41236711, 58.2806375], [11.4116317, 58.28071713], [11.41226196, 58.27812207], [11.41261852, 58.27766073]], [[11.33202624, 58.27133775], [11.33519781, 58.26974726], [11.33636105, 58.26992595], [11.33972645, 58.27210045], [11.34125114, 58.27311206], [11.33717525, 58.27380574], [11.33202624, 58.27133775]], [[11.37171841, 58.27228761], [11.37123644, 58.27207816], [11.37079775, 58.2713027], [11.37249386, 58.27038121], [11.37543631, 58.27064455], [11.37754035, 58.27140081], [11.37665474, 58.27229464], [11.37591517, 58.27241003], [11.37171841, 58.27228761]], [[11.35199285, 58.27198303], [11.35071838, 58.27214921], [11.34907496, 58.2715857], [11.34716523, 58.26870465], [11.34769416, 58.26872242], [11.35147965, 58.26971614], [11.3520056, 58.27012372], [11.35264874, 58.27162302], [11.35199285, 58.27198303]], [[11.40174723, 58.26121461], [11.39571571, 58.25908005], [11.39802313, 58.25768256], [11.40261197, 58.25826263], [11.41438734, 58.25693274], [11.41619718, 58.25908267], [11.41416216, 58.26222241], [11.40857375, 58.26227665], [11.40174723, 58.26121461]], [[8.52665973, 58.25441003], [8.53309274, 58.25198567], [8.53479064, 58.25325072], [8.53432906, 58.25367117], [8.53215384, 58.25505102], [8.53100145, 58.25604415], [8.53041947, 58.25612187], [8.52666807, 58.25480962], [8.52665973, 58.25441003]], [[11.39974713, 58.25537932], [11.40081394, 58.25363386], [11.40183973, 58.25302243], [11.40436816, 58.25215113], [11.40647507, 58.25212026], [11.40826726, 58.25290096], [11.40640605, 58.25421214], [11.40042806, 58.2556982], [11.39974713, 58.25537932]], [[11.44105995, 58.25253105], [11.43644023, 58.2501626], [11.43560135, 58.24937165], [11.43562126, 58.24872851], [11.4365921, 58.24818945], [11.43806505, 58.24831915], [11.44106615, 58.25108397], [11.44621515, 58.25266063], [11.44345534, 58.25314534], [11.44105995, 58.25253105]], [[11.38992846, 58.24788916], [11.38563705, 58.24865293], [11.38338316, 58.24428284], [11.37464476, 58.24240947], [11.37562025, 58.24047506], [11.37859726, 58.23976851], [11.37732875, 58.23667192], [11.38102674, 58.23668158], [11.38441396, 58.23839211], [11.37968266, 58.23518407], [11.37877095, 58.23311913], [11.37899327, 58.23283136], [11.40034175, 58.22494984], [11.4012444, 58.22496617], [11.40343583, 58.22677648], [11.40229845, 58.22811866], [11.40224671, 58.2284615], [11.40540421, 58.22859466], [11.41116607, 58.23315215], [11.41525316, 58.23436975], [11.41424584, 58.23698103], [11.41742814, 58.24195147], [11.41200387, 58.24591613], [11.40853524, 58.24607515], [11.40846026, 58.24272764], [11.41080987, 58.24202847], [11.40590477, 58.23904586], [11.39733255, 58.24324143], [11.4058634, 58.24282575], [11.40277445, 58.24651778], [11.40176594, 58.24679256], [11.40025711, 58.24671972], [11.39769161, 58.24594796], [11.39687335, 58.24339724], [11.39302385, 58.24356985], [11.39436984, 58.23991132], [11.39091444, 58.24171412], [11.38954544, 58.24384105], [11.38992846, 58.24788916]], [[8.39670455, 58.22521317], [8.39359605, 58.22719884], [8.39264596, 58.22749007], [8.39306796, 58.22588491], [8.39645815, 58.22494161], [8.39670455, 58.22521317]], [[8.41875494, 58.22782123], [8.41980803, 58.22740352], [8.42095554, 58.22748435], [8.42260993, 58.22845137], [8.42233121, 58.22922182], [8.41870391, 58.23049676], [8.41828644, 58.22897065], [8.41875494, 58.22782123]], [[11.37772715, 58.22927284], [11.37978566, 58.22547388], [11.3806957, 58.22549808], [11.38872027, 58.22815537], [11.38169324, 58.23073411], [11.38000298, 58.23114896], [11.37771523, 58.22971165], [11.37772715, 58.22927284]], [[11.37276554, 58.23608744], [11.37164354, 58.23630095], [11.36788321, 58.23602152], [11.3673563, 58.23386276], [11.36780751, 58.23333478], [11.36942434, 58.23260176], [11.37239635, 58.23247755], [11.37458575, 58.23271728], [11.37493682, 58.2328819], [11.37276554, 58.23608744]], [[8.40342724, 58.23533165], [8.40402603, 58.23608375], [8.40360975, 58.23671675], [8.39718533, 58.23937726], [8.39666355, 58.23910356], [8.39750564, 58.23752642], [8.40281212, 58.23530805], [8.40342724, 58.23533165]], [[8.42518055, 58.23628795], [8.42769492, 58.23589671], [8.4283967, 58.23704302], [8.42795455, 58.23785031], [8.42462456, 58.23858952], [8.42349732, 58.23824561], [8.42325747, 58.23769295], [8.42420924, 58.23681664], [8.42518055, 58.23628795]], [[11.36180282, 58.2387768], [11.36250997, 58.23766518], [11.36785495, 58.23776603], [11.37037206, 58.23885906], [11.37059045, 58.23925936], [11.36879432, 58.24124932], [11.36792433, 58.2414149], [11.36184764, 58.23913693], [11.36180282, 58.2387768]], [[11.3662585, 58.24653602], [11.36451554, 58.24671483], [11.36336732, 58.24636805], [11.3619616, 58.24287367], [11.36219835, 58.24250042], [11.36567402, 58.24228942], [11.36780334, 58.24285042], [11.36898696, 58.24455893], [11.3662585, 58.24653602]], [[8.45228207, 58.24549186], [8.45161462, 58.24624217], [8.44971275, 58.24506331], [8.4489094, 58.24436927], [8.44949842, 58.24332476], [8.44984293, 58.24333465], [8.45201314, 58.24422944], [8.45228207, 58.24549186]], [[11.37915003, 58.25087225], [11.38224876, 58.25299454], [11.37952697, 58.25513065], [11.37526715, 58.25322914], [11.37503302, 58.25296795], [11.37420666, 58.25111067], [11.37423956, 58.25063777], [11.37518036, 58.25037765], [11.37676275, 58.25040495], [11.37915003, 58.25087225]], [[8.4894104, 58.25070965], [8.48891664, 58.25137365], [8.48787475, 58.25175047], [8.48509526, 58.25200772], [8.48278105, 58.24903536], [8.48600543, 58.24690747], [8.48880041, 58.24638093], [8.48966157, 58.24650943], [8.48631084, 58.24862194], [8.4894104, 58.25070965]], [[8.4294908, 58.26853764], [8.42920887, 58.26867688], [8.42662525, 58.26812744], [8.43041325, 58.26623285], [8.43095195, 58.26632941], [8.4294908, 58.26853764]], [[11.40063393, 58.22100615], [11.39698684, 58.21897435], [11.40107226, 58.21665943], [11.40278435, 58.21655035], [11.40337718, 58.21715176], [11.40237486, 58.2203685], [11.40063393, 58.22100615]], [[11.37913275, 58.21776652], [11.37767077, 58.22095418], [11.36930633, 58.21445715], [11.37625217, 58.21352065], [11.37750936, 58.21490574], [11.37913275, 58.21776652]], [[11.39268851, 58.21572983], [11.38828588, 58.21334577], [11.38946152, 58.21334744], [11.39334261, 58.21446955], [11.39292753, 58.21541405], [11.39268851, 58.21572983]], [[11.30883145, 58.20959032], [11.31469226, 58.20616245], [11.31637478, 58.20842373], [11.3127557, 58.21134615], [11.30883145, 58.20959032]], [[11.3905555, 58.20404041], [11.39134741, 58.20380116], [11.39319241, 58.20384443], [11.39417565, 58.20503116], [11.39338505, 58.20579922], [11.39174235, 58.20614254], [11.38919806, 58.20572436], [11.3905555, 58.20404041]], [[11.39650774, 58.20494664], [11.40039802, 58.20230186], [11.40083575, 58.2035253], [11.39825165, 58.20534456], [11.39758396, 58.20541561], [11.39650774, 58.20494664]], [[11.47138202, 58.19404805], [11.47343576, 58.19163942], [11.48628545, 58.19544196], [11.48582745, 58.19838583], [11.48203063, 58.20182824], [11.48493373, 58.20451605], [11.48794246, 58.20374453], [11.4879899, 58.20672214], [11.48226666, 58.20732236], [11.48095691, 58.20872664], [11.48153496, 58.20894551], [11.49247098, 58.20941472], [11.50589955, 58.20658827], [11.51918697, 58.20718813], [11.51394284, 58.20999146], [11.50748825, 58.20877767], [11.51009595, 58.21059036], [11.50814855, 58.21344292], [11.51893175, 58.2174468], [11.52100503, 58.21716714], [11.51740575, 58.21459293], [11.51917768, 58.21373761], [11.53102624, 58.21525454], [11.52976823, 58.21806335], [11.52597845, 58.21952856], [11.52667356, 58.22305322], [11.54162431, 58.22749042], [11.54414594, 58.22973216], [11.54795063, 58.22952485], [11.55098581, 58.23252535], [11.55426276, 58.23207271], [11.55355132, 58.23381054], [11.54298711, 58.23603082], [11.54304135, 58.23815608], [11.54214716, 58.23836577], [11.53742957, 58.23665571], [11.53299201, 58.23788214], [11.53222215, 58.23779035], [11.52882278, 58.23640025], [11.52747333, 58.236467], [11.51765335, 58.23886895], [11.50196433, 58.23327243], [11.48669744, 58.23054492], [11.48638785, 58.23031473], [11.48429942, 58.22839916], [11.48508668, 58.22419262], [11.48243582, 58.22274756], [11.48198533, 58.21890998], [11.48603117, 58.21980035], [11.48924625, 58.2181046], [11.48692048, 58.21629286], [11.48257816, 58.21612275], [11.47851014, 58.21224904], [11.47846115, 58.21006095], [11.47368157, 58.20769536], [11.47138214, 58.20116734], [11.47351384, 58.19954956], [11.47138202, 58.19404805]], [[11.43562806, 58.19877851], [11.43675101, 58.19996095], [11.43349278, 58.20092976], [11.43332875, 58.19883764], [11.43562806, 58.19877851]], [[11.46730506, 58.20475745], [11.46690655, 58.20486248], [11.46173084, 58.20260084], [11.46242166, 58.20130193], [11.46376467, 58.20118582], [11.46431792, 58.20132971], [11.46730506, 58.20475745]], [[11.48122942, 58.22449124], [11.48063064, 58.22469544], [11.47928846, 58.22387326], [11.47883284, 58.22252595], [11.47919953, 58.22157156], [11.48021042, 58.22167504], [11.48177981, 58.22371995], [11.48122942, 58.22449124]], [[11.485569, 58.23397994], [11.48410261, 58.23415828], [11.48056746, 58.23251605], [11.48084712, 58.23213243], [11.48516595, 58.23211825], [11.48662925, 58.23342085], [11.485569, 58.23397994]], [[11.52805102, 58.23870993], [11.52909505, 58.23861504], [11.5321455, 58.23918116], [11.53255248, 58.24015355], [11.53041101, 58.24158394], [11.52629232, 58.24193573], [11.52429175, 58.24100232], [11.52805102, 58.23870993]], [[11.58665526, 58.23293185], [11.58427942, 58.23123038], [11.58367884, 58.23029065], [11.58484185, 58.22461462], [11.58024967, 58.22885287], [11.5778774, 58.22892356], [11.55832243, 58.21863651], [11.55332947, 58.21572983], [11.55004656, 58.21233845], [11.54408181, 58.21055317], [11.54372382, 58.21025765], [11.53978944, 58.20606935], [11.53848743, 58.20064843], [11.53750837, 58.19969821], [11.53572595, 58.19888151], [11.53025925, 58.19728732], [11.52750075, 58.19886661], [11.52735436, 58.19905162], [11.53161275, 58.20131052], [11.53183186, 58.20366168], [11.52437735, 58.20012844], [11.51751411, 58.20104146], [11.51776993, 58.20293307], [11.50869644, 58.20262182], [11.50647783, 58.20149052], [11.49534523, 58.20205653], [11.49313474, 58.20019913], [11.49551678, 58.19683528], [11.49445546, 58.19558954], [11.49085605, 58.19558001], [11.48689032, 58.19289446], [11.48136485, 58.19144583], [11.47628331, 58.19139445], [11.46744931, 58.18445778], [11.46257865, 58.18443084], [11.4617846, 58.18401217], [11.4617846, 58.18359375], [11.46209526, 58.18359375], [11.46281683, 58.18144584], [11.46675384, 58.17989457], [11.46014774, 58.18000674], [11.45685804, 58.17087424], [11.45451808, 58.17101038], [11.45426905, 58.17116284], [11.44895542, 58.17585921], [11.44470954, 58.17614353], [11.44347918, 58.17778194], [11.438555, 58.17732573], [11.43567765, 58.17909813], [11.43228304, 58.17819715], [11.42484915, 58.17870367], [11.42145777, 58.1774193], [11.41743982, 58.17789555], [11.40840638, 58.17016006], [11.40737724, 58.16850793], [11.4074254, 58.16765821], [11.40795135, 58.1671946], [11.40883446, 58.16713131], [11.41202045, 58.16791952], [11.41527295, 58.17087364], [11.41876245, 58.17163861], [11.41535771, 58.16855514], [11.41305637, 58.16282785], [11.41038036, 58.16147876], [11.41250777, 58.15814388], [11.41107285, 58.15697777], [11.41184044, 58.15672231], [11.41753793, 58.15907526], [11.42371774, 58.16560435], [11.42702842, 58.16512656], [11.43037725, 58.16669464], [11.43145013, 58.16682065], [11.43354654, 58.16651285], [11.43355656, 58.16602027], [11.42536044, 58.16315067], [11.42065382, 58.15771055], [11.42209947, 58.15453756], [11.41770327, 58.15449095], [11.41288376, 58.15202475], [11.41891897, 58.14857304], [11.41733992, 58.14498258], [11.41306567, 58.14333177], [11.41132617, 58.14344847], [11.41107214, 58.14376032], [11.41308832, 58.14506686], [11.41280794, 58.14756465], [11.41181815, 58.14762127], [11.41064131, 58.14746356], [11.40767503, 58.14465594], [11.40749896, 58.14422286], [11.40982926, 58.14263737], [11.40926444, 58.13433194], [11.41322148, 58.13460553], [11.41384685, 58.13828015], [11.41497433, 58.13884795], [11.41707277, 58.13937485], [11.41931248, 58.13880706], [11.41970241, 58.1367923], [11.42266607, 58.13575065], [11.41844344, 58.13246357], [11.4237926, 58.13026726], [11.42221367, 58.12855625], [11.42280245, 58.12467468], [11.42478681, 58.12183034], [11.42549443, 58.12153995], [11.42648315, 58.12140226], [11.43211853, 58.12329352], [11.43371534, 58.12170446], [11.43683875, 58.12301552], [11.44132793, 58.12227571], [11.44472766, 58.11927998], [11.45249152, 58.11650741], [11.45053625, 58.11537516], [11.45150244, 58.11451244], [11.45639527, 58.11714602], [11.46716607, 58.11730516], [11.46776211, 58.11705422], [11.46820176, 58.11570513], [11.46420717, 58.1080631], [11.47250235, 58.10464263], [11.46863306, 58.10126674], [11.48267198, 58.09588373], [11.48692286, 58.09761596], [11.49018061, 58.09612608], [11.49041176, 58.09581375], [11.48249865, 58.09279776], [11.47239554, 58.09292448], [11.46335495, 58.09028566], [11.45901036, 58.08715725], [11.46227157, 58.08696055], [11.46279526, 58.08511055], [11.46676016, 58.08828604], [11.47135341, 58.08865035], [11.46637774, 58.08431494], [11.46766818, 58.08207023], [11.47565711, 58.08138001], [11.47534811, 58.0788033], [11.47268093, 58.07776177], [11.47533631, 58.07693315], [11.46527195, 58.07427657], [11.47533715, 58.06953704], [11.47603405, 58.06940615], [11.47966683, 58.06916714], [11.48772228, 58.07108128], [11.49010456, 58.07276428], [11.49090517, 58.07854605], [11.48818815, 58.08396637], [11.48928046, 58.08649957], [11.49290454, 58.08714664], [11.49107778, 58.09088814], [11.49468672, 58.09303164], [11.49277472, 58.09448302], [11.49705493, 58.09574807], [11.49824655, 58.10252357], [11.49255824, 58.10883832], [11.48730385, 58.11286163], [11.47475231, 58.11988056], [11.4741137, 58.12037277], [11.47123885, 58.1243335], [11.47169626, 58.12440753], [11.47671723, 58.12148964], [11.47978497, 58.11807644], [11.49366117, 58.11198866], [11.49491823, 58.10919344], [11.50665724, 58.10500598], [11.51083362, 58.10131264], [11.51750696, 58.09987736], [11.52031612, 58.09609234], [11.52728415, 58.09317553], [11.52765048, 58.09155524], [11.53652287, 58.09125924], [11.54491627, 58.0857532], [11.55162692, 58.08725595], [11.55569744, 58.08556831], [11.55841756, 58.08718455], [11.56102562, 58.09501362], [11.56482434, 58.09772634], [11.56773412, 58.10489392], [11.57048845, 58.10637605], [11.57108331, 58.11025822], [11.57795107, 58.11563921], [11.5813241, 58.12046731], [11.58798194, 58.12160253], [11.5910331, 58.11960483], [11.59044135, 58.11861765], [11.58388221, 58.11736214], [11.58308852, 58.11480117], [11.59521186, 58.11749852], [11.59867895, 58.11998987], [11.59942865, 58.12357152], [11.59145248, 58.12227225], [11.59040833, 58.12230337], [11.58954215, 58.12289846], [11.59003735, 58.12407112], [11.59507465, 58.12824297], [11.59598935, 58.12873375], [11.6015625, 58.12918532], [11.60181797, 58.12917376], [11.60345018, 58.12852263], [11.6015625, 58.12723208], [11.60110343, 58.12614596], [11.6015625, 58.12611604], [11.60606003, 58.12671173], [11.60904205, 58.12999618], [11.61496115, 58.13053095], [11.62385166, 58.13432264], [11.62845576, 58.13001812], [11.63911963, 58.12490678], [11.65088832, 58.12566638], [11.65812135, 58.12250912], [11.65744364, 58.12112665], [11.65077066, 58.12109375], [11.64289057, 58.11684895], [11.63591743, 58.11653244], [11.63868403, 58.11202514], [11.6436069, 58.11022413], [11.63618934, 58.10797405], [11.63647938, 58.10422134], [11.63387513, 58.10124636], [11.63502014, 58.09889102], [11.6400218, 58.09956133], [11.63985944, 58.10180926], [11.64779556, 58.10422075], [11.65024662, 58.10734057], [11.65991724, 58.11112297], [11.66252291, 58.11308622], [11.66071308, 58.11508417], [11.67018116, 58.11948454], [11.67360711, 58.11992133], [11.67880881, 58.11674607], [11.67487335, 58.11448562], [11.6728934, 58.11055613], [11.6676352, 58.10934341], [11.66900122, 58.10674441], [11.67611241, 58.10608935], [11.67804694, 58.11091351], [11.6821835, 58.11221147], [11.68662786, 58.11297095], [11.69703114, 58.11213005], [11.69103313, 58.10850954], [11.69715166, 58.10815418], [11.69701755, 58.10615003], [11.70255482, 58.10479033], [11.70015311, 58.10324335], [11.70623445, 58.10279024], [11.70675433, 58.10052156], [11.70339346, 58.09997666], [11.69988287, 58.09640098], [11.70228291, 58.0952996], [11.70256925, 58.09338558], [11.70887005, 58.08972764], [11.71076131, 58.08701992], [11.71661556, 58.08743513], [11.72566855, 58.09579515], [11.72592926, 58.09613216], [11.72938275, 58.10616946], [11.733639, 58.10762203], [11.73626161, 58.11599112], [11.7430799, 58.11591685], [11.74289703, 58.11318076], [11.74663687, 58.1147058], [11.76177847, 58.11328375], [11.76061535, 58.11741483], [11.76297808, 58.11926174], [11.76442492, 58.12468624], [11.77412987, 58.12734926], [11.77797902, 58.13094235], [11.78405225, 58.13072205], [11.79506266, 58.1334815], [11.79804885, 58.13308334], [11.80281556, 58.13074148], [11.80374944, 58.12562954], [11.80651987, 58.12291861], [11.80719066, 58.12526441], [11.81677532, 58.12586868], [11.81991792, 58.12428045], [11.82216537, 58.11986721], [11.82768178, 58.1219244], [11.8240025, 58.12437487], [11.82401073, 58.12601757], [11.83359706, 58.1386615], [11.83249533, 58.14088964], [11.82911718, 58.14235795], [11.83480465, 58.14660513], [11.84078062, 58.15725637], [11.84337175, 58.15753555], [11.84588134, 58.15599954], [11.84886026, 58.15639055], [11.84516525, 58.16164565], [11.84986246, 58.16920793], [11.84500515, 58.17471504], [11.84213483, 58.18016624], [11.84207761, 58.18359375], [11.84193802, 58.18359375], [11.83990407, 58.19114387], [11.84266198, 58.19263363], [11.84170592, 58.1945641], [11.84422004, 58.19599104], [11.84631324, 58.20074463], [11.84390187, 58.20189965], [11.84088588, 58.20025635], [11.84032345, 58.20409215], [11.84560776, 58.20843422], [11.84155405, 58.20968723], [11.83648336, 58.20912886], [11.83386231, 58.21078956], [11.82667816, 58.21110487], [11.82553446, 58.21152496], [11.82472146, 58.21415257], [11.82481873, 58.21451294], [11.82792902, 58.21641946], [11.83585167, 58.21206665], [11.83745396, 58.21193326], [11.83866346, 58.21424544], [11.84346771, 58.21406496], [11.84081101, 58.21724927], [11.84302211, 58.22241294], [11.83907652, 58.22282875], [11.84286678, 58.22746313], [11.84251845, 58.23340476], [11.83702695, 58.23789167], [11.83179843, 58.23935843], [11.8318485, 58.24228346], [11.82612216, 58.24375117], [11.8193264, 58.24906504], [11.81476712, 58.25073338], [11.81103826, 58.25631702], [11.79713285, 58.25800705], [11.7907418, 58.25540352], [11.78368914, 58.25726902], [11.78500128, 58.26061201], [11.78322923, 58.26237953], [11.78372145, 58.26706064], [11.77805471, 58.26656365], [11.77700615, 58.26264274], [11.77032471, 58.2635318], [11.76256096, 58.26105166], [11.76057422, 58.26391184], [11.7608515, 58.26471055], [11.76573086, 58.26851738], [11.76608384, 58.26926136], [11.7676661, 58.27446365], [11.76711762, 58.27790165], [11.763978, 58.28741276], [11.76188684, 58.29080224], [11.75977755, 58.29336095], [11.75478303, 58.29586196], [11.7521013, 58.29906833], [11.74054623, 58.30217636], [11.73555398, 58.30209661], [11.72887015, 58.30162394], [11.71675205, 58.29889226], [11.70449686, 58.29481626], [11.70382345, 58.2946856], [11.70297515, 58.29569423], [11.70914638, 58.29788411], [11.70896566, 58.29852903], [11.70251334, 58.30403233], [11.70202494, 58.30429864], [11.69890678, 58.30465591], [11.69806361, 58.30451274], [11.69233584, 58.30069113], [11.68746996, 58.29986048], [11.68888915, 58.29727256], [11.68575954, 58.29587364], [11.6852988, 58.29449058], [11.68564796, 58.29413295], [11.69158483, 58.29545426], [11.6931653, 58.29539633], [11.69544685, 58.29356694], [11.70153153, 58.29392886], [11.70158935, 58.29369688], [11.70113075, 58.29271984], [11.69959474, 58.29191077], [11.68987525, 58.29070461], [11.68912256, 58.29051292], [11.68556964, 58.28844535], [11.68408096, 58.27915394], [11.68147111, 58.28184903], [11.67745435, 58.28134763], [11.67966235, 58.27444148], [11.69098568, 58.27018786], [11.68478882, 58.26684523], [11.68027151, 58.26670587], [11.67662132, 58.26026762], [11.67891967, 58.25205314], [11.68305254, 58.2498877], [11.67687964, 58.23970985], [11.67572546, 58.24170816], [11.66961765, 58.24179375], [11.66457856, 58.24549532], [11.66016066, 58.24315262], [11.65800762, 58.24488211], [11.64941382, 58.24743104], [11.63339496, 58.24414337], [11.63458633, 58.24598587], [11.64203918, 58.24950671], [11.64149225, 58.25067747], [11.64028394, 58.25078106], [11.6193099, 58.24944365], [11.61199081, 58.2459501], [11.61326087, 58.24285924], [11.60880375, 58.24290824], [11.60244942, 58.24047434], [11.6015625, 58.23939717], [11.60123146, 58.23838091], [11.6015625, 58.23828125], [11.60633945, 58.23726726], [11.60628962, 58.23709094], [11.6015625, 58.23632812], [11.59710717, 58.23635793], [11.58847857, 58.23384535], [11.58665526, 58.23293185]], [[11.56660545, 58.23621726], [11.56592762, 58.23643923], [11.56191957, 58.23498535], [11.56197762, 58.23459315], [11.56492031, 58.23463774], [11.56699157, 58.23581016], [11.56660545, 58.23621726]], [[11.61449671, 58.25067735], [11.61309445, 58.25398564], [11.61936331, 58.2546736], [11.62005973, 58.25492775], [11.62427676, 58.25779665], [11.62473917, 58.25856626], [11.62298906, 58.26050115], [11.62193263, 58.26077271], [11.61329472, 58.26115668], [11.61259747, 58.26165175], [11.60889053, 58.26142335], [11.6015625, 58.25920761], [11.60123146, 58.25912785], [11.6015625, 58.25837052], [11.60526276, 58.25682116], [11.60624087, 58.25276005], [11.60360944, 58.25209916], [11.60356212, 58.24925995], [11.6015625, 58.24888384], [11.59430134, 58.24403024], [11.59456825, 58.24386895], [11.6015625, 58.24441958], [11.60595024, 58.24524844], [11.60830355, 58.24831915], [11.61449671, 58.25067735]], [[11.60002136, 58.25093615], [11.59556627, 58.25130367], [11.59148598, 58.25089848], [11.58445394, 58.24915314], [11.58415318, 58.24896097], [11.58487952, 58.24723601], [11.58577395, 58.24681938], [11.59302497, 58.24646235], [11.59565556, 58.24962711], [11.60002136, 58.25093615]], [[11.57785285, 58.25089514], [11.58164108, 58.2515161], [11.58522582, 58.25600982], [11.57535398, 58.25613844], [11.57300925, 58.25455892], [11.5734632, 58.25332332], [11.57715821, 58.25087154], [11.57785285, 58.25089514]], [[11.6461035, 58.2537117], [11.6482079, 58.25035346], [11.64888978, 58.25015235], [11.65201116, 58.25029981], [11.65892196, 58.25236106], [11.65902555, 58.25264466], [11.65788662, 58.25415385], [11.6502974, 58.25666165], [11.64953017, 58.25674903], [11.6463505, 58.25438392], [11.6461035, 58.2537117]], [[11.68153656, 58.29336286], [11.68143404, 58.29397571], [11.68007624, 58.29447794], [11.67610323, 58.29425538], [11.6786977, 58.29311681], [11.68153656, 58.29336286]], [[11.68515074, 58.29875207], [11.68280268, 58.29919565], [11.67779708, 58.29668665], [11.67779076, 58.29650354], [11.68039596, 58.29609275], [11.68298602, 58.29619837], [11.68515074, 58.29875207]], [[11.68975878, 58.30454504], [11.68675828, 58.30614531], [11.68490458, 58.30517185], [11.68481004, 58.30452716], [11.6864537, 58.30283475], [11.68764865, 58.30290663], [11.68975878, 58.30454504]], [[11.77329814, 58.30725265], [11.76925135, 58.30419266], [11.77263725, 58.30280805], [11.77362037, 58.30280566], [11.77709985, 58.30447662], [11.78267491, 58.30466533], [11.78318834, 58.30486965], [11.78576696, 58.30851364], [11.78021467, 58.30973434], [11.77367628, 58.30754161], [11.77329814, 58.30725265]], [[11.80052376, 58.30453396], [11.80295277, 58.30220628], [11.80321801, 58.30267632], [11.80208671, 58.30819714], [11.80039275, 58.30921316], [11.79934967, 58.30603635], [11.80052376, 58.30453396]], [[11.71556926, 58.30276275], [11.71570265, 58.30388892], [11.71512425, 58.30429602], [11.71252751, 58.30472171], [11.71117306, 58.29949677], [11.71136856, 58.29923523], [11.71412194, 58.29915082], [11.71516061, 58.29956663], [11.71556926, 58.30276275]], [[11.78455794, 58.29662716], [11.78247833, 58.29538882], [11.78090501, 58.29524386], [11.77685082, 58.29602206], [11.77167416, 58.29338706], [11.77272022, 58.28892624], [11.77884376, 58.28593755], [11.78440452, 58.28574455], [11.7863332, 58.28605235], [11.78891468, 58.28724635], [11.78938568, 58.28780842], [11.78926885, 58.29325497], [11.79142094, 58.29479861], [11.79132462, 58.29508507], [11.78808701, 58.29529822], [11.78567696, 58.29760575], [11.78455794, 58.29662716]], [[11.79182315, 58.27138555], [11.79489505, 58.27126348], [11.79697466, 58.27165008], [11.79715013, 58.2718929], [11.79993391, 58.27780998], [11.79967105, 58.27820921], [11.79454625, 58.28094137], [11.78615046, 58.2812314], [11.78416646, 58.28055096], [11.78589904, 58.27540112], [11.78623104, 58.27489162], [11.79072785, 58.27163875], [11.79182315, 58.27138555]], [[11.82897425, 58.26738513], [11.82926702, 58.26714587], [11.83144224, 58.26722622], [11.83465076, 58.26887596], [11.82980144, 58.26956487], [11.82897425, 58.26738513]], [[11.85234904, 58.24569035], [11.85411966, 58.24568474], [11.85482955, 58.24614501], [11.85592496, 58.24825335], [11.85564256, 58.24901176], [11.85406005, 58.25188148], [11.8498044, 58.25388634], [11.84573364, 58.2500385], [11.85138893, 58.24607933], [11.85234904, 58.24569035]], [[11.85766685, 58.23049962], [11.86184311, 58.22913551], [11.86282587, 58.22922254], [11.86556506, 58.23136747], [11.86342084, 58.23572123], [11.86506772, 58.23770714], [11.85867941, 58.24005318], [11.85706067, 58.24296057], [11.85219955, 58.24120975], [11.85106575, 58.23949695], [11.85639775, 58.23543966], [11.85506976, 58.23379874], [11.85841906, 58.23200214], [11.85766685, 58.23049962]], [[11.85990596, 58.22524786], [11.86024392, 58.22327662], [11.85859084, 58.22513914], [11.85632706, 58.22442162], [11.8584311, 58.22094345], [11.85898066, 58.22074616], [11.86135316, 58.22093201], [11.86091077, 58.2226268], [11.86544704, 58.22199094], [11.86707485, 58.22242916], [11.86712646, 58.22347188], [11.86634254, 58.22441995], [11.86044061, 58.22551215], [11.85990596, 58.22524786]], [[11.85980904, 58.21606135], [11.86017334, 58.21577692], [11.86189961, 58.21628022], [11.86188495, 58.21790755], [11.86136711, 58.21833515], [11.8564707, 58.21965742], [11.85980904, 58.21606135]], [[11.88327265, 58.21588182], [11.88770497, 58.21553123], [11.88908911, 58.21570528], [11.88977325, 58.21615422], [11.88991904, 58.21720004], [11.8894912, 58.21747613], [11.88401973, 58.21822131], [11.88305843, 58.21787131], [11.88200343, 58.21663761], [11.88248157, 58.21606708], [11.88327265, 58.21588182]], [[11.88756466, 58.20691955], [11.88981283, 58.20680261], [11.89211035, 58.20723295], [11.89198554, 58.20753181], [11.88871717, 58.20845306], [11.88699317, 58.20744455], [11.88756466, 58.20691955]], [[11.75305223, 58.11316538], [11.75160825, 58.11334264], [11.74999416, 58.11253536], [11.74961126, 58.10990906], [11.75051784, 58.10943151], [11.7532711, 58.10952008], [11.75554812, 58.1102972], [11.75563514, 58.11063445], [11.75397885, 58.11290407], [11.75305223, 58.11316538]], [[11.79336917, 58.10956073], [11.79309154, 58.10912406], [11.79451191, 58.10857534], [11.79671097, 58.10864306], [11.80008495, 58.10958326], [11.79557764, 58.11113667], [11.79336917, 58.10956073]], [[11.78846693, 58.10790944], [11.78834355, 58.10521472], [11.7955451, 58.10510945], [11.79745495, 58.10558856], [11.79722714, 58.10590661], [11.79234505, 58.10776341], [11.79164553, 58.10793984], [11.78846693, 58.10790944]], [[11.77760684, 58.10516024], [11.76806831, 58.10723805], [11.76335776, 58.10704625], [11.76072693, 58.10767376], [11.75770617, 58.10657001], [11.75686288, 58.10590482], [11.75765085, 58.10245776], [11.75539625, 58.10019445], [11.75558114, 58.09960794], [11.76205146, 58.09317684], [11.76101482, 58.08858037], [11.76554155, 58.08261323], [11.77295256, 58.08096373], [11.77810538, 58.08550954], [11.7789669, 58.09015572], [11.78392744, 58.08990264], [11.78560364, 58.09183145], [11.78652871, 58.09215724], [11.79022157, 58.09133601], [11.79411078, 58.09359646], [11.79396856, 58.09428668], [11.7906239, 58.09816265], [11.78978026, 58.09880114], [11.7855885, 58.09886885], [11.78495455, 58.09921706], [11.78243065, 58.10286164], [11.77760684, 58.10516024]], [[11.75037944, 58.10074461], [11.74639487, 58.10130894], [11.73861265, 58.0962851], [11.73267984, 58.09517825], [11.72743511, 58.09566975], [11.72557735, 58.09416211], [11.72544575, 58.09393477], [11.73016167, 58.09376466], [11.73028541, 58.09357536], [11.73007953, 58.08718753], [11.73704791, 58.08498883], [11.73890924, 58.08234322], [11.74318457, 58.08390784], [11.74348581, 58.08072376], [11.74494195, 58.07999611], [11.74548554, 58.07992935], [11.75004268, 58.08124042], [11.74982941, 58.08161771], [11.74925494, 58.08478963], [11.75385082, 58.08580208], [11.75672591, 58.08811605], [11.75623655, 58.09439576], [11.75511944, 58.09634495], [11.75037944, 58.10074461]], [[11.62090337, 58.09748924], [11.61982167, 58.09924722], [11.61869752, 58.09952605], [11.61695397, 58.09968376], [11.60375547, 58.09443402], [11.60406375, 58.09039867], [11.60386312, 58.09000003], [11.6015625, 58.08844864], [11.59913015, 58.08525395], [11.6015625, 58.08482134], [11.60402191, 58.08474696], [11.60429585, 58.08750391], [11.60819387, 58.08937955], [11.60508502, 58.08659554], [11.60723937, 58.08603954], [11.60445786, 58.08331907], [11.61355317, 58.08273804], [11.61598825, 58.08669066], [11.61787593, 58.08617425], [11.62089098, 58.08889186], [11.61883915, 58.09361196], [11.61479294, 58.09337938], [11.62068975, 58.09697664], [11.62090337, 58.09748924]], [[11.65168321, 58.08923471], [11.65440941, 58.08912921], [11.65566123, 58.09000933], [11.65566838, 58.09048617], [11.65337765, 58.09308851], [11.64941621, 58.09144545], [11.65168321, 58.08923471]], [[11.63056421, 58.08888948], [11.62830806, 58.08369017], [11.62894356, 58.08373284], [11.63493645, 58.08601654], [11.63464665, 58.08831275], [11.63384438, 58.08865285], [11.63262355, 58.08890057], [11.63056421, 58.08888948]], [[11.60049236, 58.08322155], [11.59873795, 58.08340764], [11.59507644, 58.08146012], [11.59838748, 58.07934964], [11.6015625, 58.07979906], [11.60226643, 58.08027804], [11.60205114, 58.08303022], [11.6015625, 58.08314717], [11.60049236, 58.08322155]], [[11.5624094, 58.08220756], [11.55875313, 58.08265245], [11.55780745, 58.08245873], [11.55952644, 58.07800961], [11.55971885, 58.07781172], [11.56502116, 58.07785213], [11.56622827, 58.07856262], [11.56606233, 58.07921672], [11.56291354, 58.08190691], [11.5624094, 58.08220756]], [[11.57064152, 58.07794654], [11.56533206, 58.07729125], [11.56550801, 58.07564998], [11.55705321, 58.07407546], [11.55763412, 58.07092822], [11.55804014, 58.07046771], [11.56094682, 58.06877065], [11.5653795, 58.06780457], [11.56612587, 58.06779647], [11.57254732, 58.07177866], [11.56993222, 58.07451785], [11.57232034, 58.07456994], [11.57337618, 58.07325256], [11.57422006, 58.07329488], [11.57590353, 58.07393527], [11.57828844, 58.07686067], [11.57830524, 58.07716441], [11.5770123, 58.07799482], [11.57451868, 58.07804322], [11.57064152, 58.07794654]], [[11.63588023, 58.07500863], [11.63624096, 58.07479453], [11.64209366, 58.07679546], [11.63825524, 58.07761622], [11.63588023, 58.07500863]], [[11.53588295, 58.06796968], [11.53770101, 58.06979811], [11.53651166, 58.07000375], [11.53298891, 58.06958783], [11.53037465, 58.06804717], [11.53244305, 58.06441855], [11.52563155, 58.06364834], [11.52284145, 58.06479275], [11.5227071, 58.06509852], [11.52885973, 58.06773961], [11.52805066, 58.07217073], [11.53491902, 58.07176614], [11.54009855, 58.07314241], [11.54715908, 58.07923591], [11.54767311, 58.07998121], [11.54756892, 58.08140326], [11.54376304, 58.08344066], [11.54122937, 58.08415115], [11.53400195, 58.0877825], [11.52578402, 58.08972645], [11.52634585, 58.09121585], [11.52367127, 58.09267366], [11.51633167, 58.09478807], [11.5076195, 58.09933031], [11.50498796, 58.09933031], [11.50112617, 58.09656], [11.50057554, 58.09584093], [11.50045896, 58.09280396], [11.49593794, 58.08631337], [11.49630415, 58.07100987], [11.49976373, 58.06877923], [11.49699593, 58.06303775], [11.50661635, 58.06228995], [11.50717652, 58.06212747], [11.51116896, 58.05876064], [11.51199722, 58.05860245], [11.51503587, 58.05838215], [11.52500892, 58.06075335], [11.52561355, 58.06093347], [11.52694535, 58.06261468], [11.53388965, 58.06308997], [11.53727376, 58.06610847], [11.53588295, 58.06796968]], [[11.50647402, 58.06107736], [11.50610852, 58.06114364], [11.50237656, 58.05669284], [11.49963653, 58.05615401], [11.50303197, 58.05445027], [11.50413203, 58.05456054], [11.5055685, 58.05733705], [11.50603282, 58.05766535], [11.50942993, 58.05870223], [11.50647402, 58.06107736]], [[7.92405105, 58.05426455], [7.92693603, 58.05695641], [7.92682791, 58.05725706], [7.91708064, 58.05670488], [7.91431546, 58.05574393], [7.91435337, 58.05534017], [7.91827512, 58.05378091], [7.92320645, 58.05374014], [7.92405105, 58.05426455]], [[7.86871457, 58.05363476], [7.87944675, 58.05492115], [7.88288522, 58.05391943], [7.88261235, 58.05518401], [7.87937725, 58.05699837], [7.87716973, 58.05743456], [7.87144542, 58.05753732], [7.86310697, 58.05973935], [7.85947084, 58.05912614], [7.85919702, 58.05878878], [7.86146402, 58.05644965], [7.86537075, 58.05476058], [7.86465955, 58.05333161], [7.86634064, 58.0528475], [7.86736011, 58.05276585], [7.86871457, 58.05363476]], [[7.85768795, 58.05441976], [7.85685837, 58.05478787], [7.85172844, 58.05415142], [7.85129154, 58.05428696], [7.84576893, 58.05838084], [7.84234214, 58.05829346], [7.83833265, 58.06149006], [7.83779895, 58.06161165], [7.83343756, 58.06157017], [7.83188772, 58.06151843], [7.82944906, 58.05957222], [7.8288511, 58.05932724], [7.82345867, 58.05849707], [7.82236695, 58.05747187], [7.82237637, 58.05697226], [7.82442963, 58.05401456], [7.83047056, 58.05207205], [7.83374131, 58.05265176], [7.83367395, 58.04884946], [7.84181547, 58.04736423], [7.84295118, 58.04604185], [7.84825325, 58.04604495], [7.85564995, 58.04991102], [7.85978842, 58.04893935], [7.85768795, 58.05441976]], [[7.82823861, 58.04831731], [7.82738376, 58.04964137], [7.81962085, 58.04932714], [7.82283866, 58.05143535], [7.82540762, 58.05266142], [7.82514071, 58.05295265], [7.82037473, 58.05419564], [7.81270075, 58.05529225], [7.80915725, 58.05404568], [7.80913877, 58.05137527], [7.81216455, 58.05110931], [7.81871808, 58.04605246], [7.82246935, 58.04595006], [7.82605433, 58.04716384], [7.82803404, 58.04797411], [7.82823861, 58.04831731]], [[7.78694201, 58.04903877], [7.78583336, 58.04910493], [7.781268, 58.04790986], [7.78802323, 58.04640567], [7.78602242, 58.04549873], [7.78712583, 58.04378366], [7.79231608, 58.04332256], [7.79391861, 58.04366255], [7.79428446, 58.04496837], [7.79364955, 58.04515946], [7.78916597, 58.04488647], [7.79096806, 58.04868853], [7.79061556, 58.04894066], [7.78694201, 58.04903877]], [[7.83859873, 58.04579556], [7.83352542, 58.04298353], [7.83410287, 58.04143536], [7.83531702, 58.04112625], [7.83820653, 58.04117346], [7.83892393, 58.04131997], [7.84168375, 58.04287791], [7.84166574, 58.04534137], [7.84100544, 58.04559982], [7.83859873, 58.04579556]], [[11.47541106, 58.04113674], [11.47451973, 58.04089522], [11.46875596, 58.04068685], [11.46292985, 58.03832865], [11.46542954, 58.03763354], [11.46891475, 58.03921497], [11.4715389, 58.03774524], [11.47804165, 58.03717554], [11.48023546, 58.04129541], [11.47995031, 58.04181707], [11.47840154, 58.04222012], [11.47541106, 58.04113674]], [[11.48950672, 58.03749287], [11.48754776, 58.03588343], [11.48765051, 58.03554905], [11.48861802, 58.03469515], [11.49271035, 58.03422844], [11.49507701, 58.03263903], [11.49709606, 58.03300893], [11.49885702, 58.03441191], [11.49932623, 58.03537262], [11.49837792, 58.03960085], [11.49806023, 58.03988373], [11.4934082, 58.04192793], [11.48950672, 58.03749287]], [[11.49922586, 58.03307927], [11.49814987, 58.03140283], [11.49849784, 58.03115118], [11.50543392, 58.02975714], [11.50574732, 58.03294015], [11.50534761, 58.03347886], [11.50299454, 58.03531468], [11.50094605, 58.03580284], [11.49922586, 58.03307927]], [[7.70176923, 58.03028345], [7.69303978, 58.03350985], [7.68901646, 58.03048384], [7.69637656, 58.0268985], [7.69768655, 58.02625692], [7.69799376, 58.02638185], [7.7009505, 58.02772248], [7.70169163, 58.0282979], [7.70196521, 58.02996743], [7.70176923, 58.03028345]], [[11.48014951, 58.02867007], [11.48001277, 58.02581418], [11.48267055, 58.02459824], [11.48413742, 58.02471435], [11.48462081, 58.02522647], [11.48241973, 58.02989495], [11.48014951, 58.02867007]], [[7.80891454, 58.02221358], [7.80522203, 58.02533102], [7.80080044, 58.02530301], [7.79833674, 58.02556777], [7.79625857, 58.02353883], [7.80796313, 58.01964974], [7.81770873, 58.02049255], [7.81560504, 58.0226711], [7.80891454, 58.02221358]], [[7.73999071, 58.02038133], [7.73830128, 58.02109695], [7.734375, 58.02064717], [7.734375, 58.02036834], [7.73010135, 58.02053905], [7.72979367, 58.02262914], [7.734375, 58.02315843], [7.73545825, 58.02324033], [7.73609746, 58.02413487], [7.734375, 58.02455354], [7.73146856, 58.02452326], [7.73127961, 58.02473426], [7.73031115, 58.02564251], [7.72776866, 58.02411044], [7.7252326, 58.02497625], [7.72473156, 58.02482152], [7.72324491, 58.02317357], [7.72826326, 58.02062404], [7.72731745, 58.01749456], [7.73175204, 58.01444602], [7.72223425, 58.01725948], [7.72165334, 58.01720846], [7.72179306, 58.01375592], [7.72988284, 58.01086688], [7.73008454, 58.01063836], [7.72858584, 58.0078125], [7.72861171, 58.0078125], [7.72878468, 58.00614583], [7.73046875, 58.00477076], [7.734375, 58.00446415], [7.734375, 58.00502217], [7.73903716, 58.00517845], [7.73903966, 58.0054059], [7.73751855, 58.0078125], [7.73805904, 58.0078125], [7.73765016, 58.00842786], [7.734375, 58.00948656], [7.734375, 58.00976562], [7.73329878, 58.01064003], [7.7341119, 58.01116073], [7.734375, 58.01116073], [7.734375, 58.01199782], [7.73901844, 58.0114578], [7.73961008, 58.01156473], [7.74007297, 58.01228011], [7.74005485, 58.01281023], [7.73622704, 58.01594853], [7.734375, 58.01590395], [7.734375, 58.01618302], [7.73358965, 58.01621497], [7.73183167, 58.01665652], [7.73011422, 58.01821911], [7.734375, 58.01785707], [7.73628855, 58.01776743], [7.73678374, 58.01795995], [7.73999071, 58.02038133]], [[11.46832883, 58.01937425], [11.46664298, 58.01803756], [11.46373785, 58.01759875], [11.46663535, 58.01431131], [11.46795285, 58.01397252], [11.46910667, 58.01412714], [11.47203088, 58.01704442], [11.46832883, 58.01937425]], [[11.45173013, 58.0172224], [11.44826066, 58.01791096], [11.44690251, 58.01722634], [11.44380105, 58.01214325], [11.45305705, 58.01351392], [11.45283556, 58.01436806], [11.45774925, 58.01508236], [11.45737612, 58.01688373], [11.45706117, 58.01704192], [11.45173013, 58.0172224]], [[11.46007133, 58.01239455], [11.45942998, 58.00924706], [11.46397615, 58.00957644], [11.46454024, 58.00988126], [11.46790194, 58.01252103], [11.46547043, 58.01317537], [11.46007133, 58.01239455]], [[7.80062985, 58.01313305], [7.80088031, 58.01471674], [7.79673445, 58.01692283], [7.79626083, 58.01727557], [7.79520166, 58.01672101], [7.79594505, 58.01560605], [7.80062985, 58.01313305]], [[7.80348825, 58.01515901], [7.81008852, 58.01379538], [7.80989516, 58.01732504], [7.80451226, 58.01817191], [7.80444896, 58.01802862], [7.80308831, 58.01546955], [7.80348825, 58.01515901]], [[7.70325601, 58.01379144], [7.70316601, 58.01672244], [7.70098293, 58.01537788], [7.70080555, 58.01482987], [7.70325601, 58.01379144]], [[7.69091606, 58.0167309], [7.69378924, 58.01948404], [7.70142841, 58.020419], [7.69885027, 58.02176344], [7.69316554, 58.02232671], [7.69338715, 58.02368641], [7.69396532, 58.02395797], [7.69727051, 58.02365387], [7.69816184, 58.02427948], [7.69825745, 58.02509654], [7.69760764, 58.02565622], [7.69321156, 58.02559245], [7.69040513, 58.02626336], [7.68777561, 58.02658331], [7.68167591, 58.02398396], [7.68884051, 58.02138865], [7.69212186, 58.02164125], [7.68907464, 58.02012432], [7.69091606, 58.0167309]], [[7.78621864, 58.02541637], [7.7839452, 58.02362645], [7.78401732, 58.02294481], [7.78526616, 58.02210498], [7.78765941, 58.02190995], [7.79087806, 58.02319217], [7.7907865, 58.02359807], [7.78621864, 58.02541637]], [[7.76836312, 58.02451193], [7.76646185, 58.02524054], [7.76305485, 58.02273273], [7.76316512, 58.02245951], [7.76557136, 58.02114224], [7.76803744, 58.02249432], [7.76850748, 58.02384043], [7.76836312, 58.02451193]], [[7.75954676, 58.03652155], [7.75953758, 58.03741586], [7.75781143, 58.03915203], [7.75451875, 58.03782463], [7.75566196, 58.03579855], [7.75670934, 58.03532672], [7.75824845, 58.03523052], [7.75954676, 58.03652155]], [[7.72708392, 58.03831696], [7.71778083, 58.04083204], [7.716802, 58.04035413], [7.7185142, 58.03933585], [7.72116435, 58.03783572], [7.72211885, 58.03756773], [7.72577667, 58.03749704], [7.72733665, 58.03806257], [7.72708392, 58.03831696]], [[7.69952774, 58.03920865], [7.69762814, 58.04211354], [7.7001791, 58.04317987], [7.70115614, 58.04410875], [7.69749963, 58.0438745], [7.69704437, 58.04403555], [7.69580555, 58.04546607], [7.69513905, 58.04532635], [7.69456863, 58.0450412], [7.69168985, 58.04085934], [7.69439316, 58.03936064], [7.69952774, 58.03920865]], [[7.704427, 58.04437792], [7.70461237, 58.04384267], [7.70766366, 58.04356992], [7.70844614, 58.04376161], [7.70679915, 58.04680145], [7.70400107, 58.04721963], [7.70331872, 58.04703355], [7.704427, 58.04437792]], [[7.71591711, 58.04502237], [7.71852994, 58.04202366], [7.71882105, 58.04185927], [7.72265243, 58.04160643], [7.72369206, 58.04186738], [7.72374058, 58.04240215], [7.72072375, 58.04717004], [7.71912766, 58.04826343], [7.7184484, 58.04832554], [7.71755385, 58.04785275], [7.71573162, 58.04548836], [7.71591711, 58.04502237]], [[7.73841095, 58.04442251], [7.74235666, 58.04393446], [7.74490953, 58.04442155], [7.74642074, 58.04492235], [7.74511755, 58.04682565], [7.74428761, 58.04724658], [7.74193907, 58.04746985], [7.73832381, 58.04671061], [7.73752856, 58.04525995], [7.73841095, 58.04442251]], [[7.77789187, 58.04718363], [7.77607107, 58.04457033], [7.77670395, 58.04416096], [7.77876031, 58.04423606], [7.78234482, 58.04593194], [7.77789187, 58.04718363]], [[7.77109122, 58.04676914], [7.77051091, 58.04697776], [7.76820576, 58.04353452], [7.76147938, 58.04442585], [7.75876594, 58.04253817], [7.7527343, 58.04321897], [7.75230491, 58.04302645], [7.75184906, 58.04157591], [7.7523303, 58.04087114], [7.75938785, 58.03995705], [7.76082957, 58.04046905], [7.76554453, 58.04276335], [7.77127612, 58.04063404], [7.77166212, 58.04070115], [7.77321327, 58.04317403], [7.77285492, 58.04349017], [7.7707175, 58.0444715], [7.77109122, 58.04676914]], [[7.80292225, 58.0432204], [7.80610204, 58.0400449], [7.80954552, 58.0394119], [7.81582141, 58.04126477], [7.81653571, 58.04264104], [7.81677425, 58.04290366], [7.82183027, 58.04374182], [7.82170057, 58.04410517], [7.8192656, 58.04471505], [7.81469154, 58.04341805], [7.81171095, 58.04332686], [7.80718386, 58.04359782], [7.80433083, 58.04502726], [7.80292225, 58.0432204]], [[7.74845648, 58.04870534], [7.74929655, 58.05001056], [7.74847865, 58.05056095], [7.74738204, 58.05091572], [7.74271655, 58.04917657], [7.74845648, 58.04870534]], [[7.7718029, 58.04896533], [7.77250195, 58.04871976], [7.77691483, 58.04887795], [7.77844906, 58.05101907], [7.78064501, 58.04993653], [7.78802311, 58.05158424], [7.78481376, 58.05266583], [7.77816391, 58.05202484], [7.77812481, 58.05315781], [7.78203177, 58.05404496], [7.78209364, 58.05447495], [7.77879155, 58.05633295], [7.77435923, 58.0569489], [7.76912284, 58.05579782], [7.77034473, 58.05395818], [7.76883996, 58.05289817], [7.76897073, 58.05261338], [7.7718029, 58.04896533]], [[7.78680265, 58.05396104], [7.78762114, 58.05391133], [7.79143465, 58.05497515], [7.79274476, 58.05677617], [7.792539, 58.05716753], [7.78739643, 58.05738544], [7.78233516, 58.05663955], [7.78226423, 58.05634534], [7.78680265, 58.05396104]], [[7.80044663, 58.05636334], [7.80375826, 58.05624378], [7.80242956, 58.0581969], [7.80564487, 58.05987835], [7.80529785, 58.06015515], [7.80271566, 58.06058145], [7.79999053, 58.05782056], [7.79997575, 58.05672395], [7.80044663, 58.05636334]], [[7.77041304, 58.05843782], [7.77107811, 58.06040001], [7.7695688, 58.06261456], [7.76497555, 58.06263816], [7.76359725, 58.06335676], [7.76339877, 58.06405187], [7.76649141, 58.06610155], [7.76578093, 58.06704688], [7.76188338, 58.06515181], [7.76144505, 58.06197166], [7.75817525, 58.05889082], [7.75842214, 58.05839777], [7.75922632, 58.05797815], [7.76435173, 58.05755055], [7.76548815, 58.05753887], [7.76987874, 58.05813181], [7.77041304, 58.05843782]], [[7.79771054, 58.06610382], [7.79714334, 58.06193471], [7.79734325, 58.06150842], [7.80165982, 58.06070173], [7.80083954, 58.06600797], [7.80332005, 58.06698], [7.80176485, 58.06729937], [7.79771054, 58.06610382]], [[7.9641391, 58.06322491], [7.96968555, 58.05931723], [7.9709599, 58.05883956], [7.97305834, 58.05901253], [7.97114325, 58.0609858], [7.97192192, 58.06388712], [7.97605288, 58.06761324], [7.97766483, 58.06181514], [7.98117995, 58.06075621], [7.97973835, 58.05750513], [7.98406577, 58.05860734], [7.98379862, 58.06054676], [7.98676145, 58.06331158], [7.99169004, 58.06029606], [8.00174653, 58.06192362], [8.00564694, 58.06068325], [8.00624394, 58.06162012], [8.00339615, 58.06292295], [8.00467575, 58.06581128], [8.00904655, 58.06750667], [8.01377142, 58.06596792], [8.01668251, 58.06729364], [8.01634908, 58.06850171], [8.01098597, 58.06968725], [8.01388776, 58.07158661], [8.01239085, 58.07292855], [8.01423633, 58.07445955], [8.01281714, 58.07467473], [8.01087368, 58.0725224], [8.00836372, 58.07282293], [8.00751996, 58.07714844], [8.00256622, 58.07928061], [8.00300765, 58.08019996], [8.01113367, 58.07924581], [8.01197445, 58.07685184], [8.01852822, 58.07503748], [8.02030897, 58.07555962], [8.02011895, 58.07747591], [8.02639866, 58.079548], [8.02646661, 58.07686925], [8.02396476, 58.07490206], [8.02716363, 58.07088423], [8.02783167, 58.07775104], [8.02928817, 58.07913172], [8.03205597, 58.07914495], [8.02699888, 58.08211076], [8.02819347, 58.08399165], [8.02015126, 58.08531296], [8.02158833, 58.08767462], [8.01856625, 58.08901811], [8.01169991, 58.08777785], [8.00667465, 58.09065115], [8.00088942, 58.09233606], [7.99780238, 58.09287345], [7.99380803, 58.09239078], [7.99041355, 58.08553922], [7.99641955, 58.08142161], [7.99618387, 58.08121717], [7.98784018, 58.08448172], [7.98762894, 58.08411956], [7.98776734, 58.08014536], [7.99028444, 58.07714713], [7.98658407, 58.07304478], [7.98553085, 58.07265937], [7.98390865, 58.07286131], [7.98396933, 58.07336485], [7.98681903, 58.07481623], [7.98739493, 58.07693458], [7.98716581, 58.07742095], [7.98255944, 58.08046424], [7.98197925, 58.080567], [7.96853972, 58.07809484], [7.96917021, 58.07656527], [7.96321702, 58.07228613], [7.96269393, 58.07164502], [7.96179545, 58.06792665], [7.96204615, 58.06728864], [7.96673965, 58.06467497], [7.9642812, 58.06439936], [7.9641391, 58.06322491]], [[7.87797415, 58.06523705], [7.87731135, 58.06797552], [7.86982036, 58.0688591], [7.86931944, 58.06891811], [7.86588037, 58.06765604], [7.85810506, 58.06784117], [7.86502171, 58.06275117], [7.86929703, 58.06337905], [7.86979401, 58.06413984], [7.86993563, 58.06557691], [7.87797415, 58.06523705]], [[7.91557336, 58.06751311], [7.91771007, 58.06671155], [7.92039347, 58.06738996], [7.93007863, 58.06647837], [7.93165731, 58.06659544], [7.9370259, 58.06750965], [7.93720496, 58.06786954], [7.93427777, 58.06899035], [7.92583966, 58.06996202], [7.92418087, 58.07006288], [7.92189908, 58.06888497], [7.91762304, 58.06909025], [7.91557336, 58.06751311]], [[7.94319081, 58.06903458], [7.94456863, 58.06822813], [7.94588232, 58.06829155], [7.94692457, 58.07019842], [7.94672978, 58.0705564], [7.94388664, 58.07151306], [7.94231665, 58.07080126], [7.94319081, 58.06903458]], [[8.01724684, 58.09220696], [8.01840615, 58.09087455], [8.02019084, 58.09102094], [8.02353835, 58.09276164], [8.02305114, 58.09372497], [8.02159286, 58.09395993], [8.02018964, 58.0940541], [8.01724684, 58.09220696]], [[8.00074995, 58.09384155], [8.00155854, 58.09446967], [7.99990332, 58.09508753], [7.99934375, 58.0951792], [7.99800408, 58.09444487], [7.99972451, 58.09364974], [8.00074995, 58.09384155]], [[8.03077555, 58.09533095], [8.03227651, 58.09400952], [8.03339481, 58.09388947], [8.03415668, 58.09430695], [8.03555322, 58.09643245], [8.03545368, 58.09679055], [8.03413463, 58.09746134], [8.03077555, 58.09533095]], [[8.10008335, 58.09846055], [8.10223782, 58.09649634], [8.10669816, 58.0996232], [8.10840046, 58.09702826], [8.11361825, 58.09737575], [8.11378407, 58.09247518], [8.11026597, 58.09210682], [8.10984635, 58.09048641], [8.11148667, 58.08869505], [8.11237824, 58.08829737], [8.11550331, 58.08791554], [8.11611271, 58.08929396], [8.12128532, 58.09704041], [8.12155414, 58.09781134], [8.12154782, 58.10494125], [8.11484063, 58.10651231], [8.11145914, 58.10599446], [8.10809445, 58.10763025], [8.10742116, 58.10773253], [8.10859656, 58.11284566], [8.10240078, 58.11389065], [8.10206902, 58.10917628], [8.10467005, 58.10763538], [8.10101736, 58.10498166], [8.10101032, 58.10285211], [8.10329485, 58.10155058], [8.10008335, 58.09846055]], [[8.06346035, 58.10509324], [8.06331182, 58.10868597], [8.05897176, 58.11058354], [8.0590682, 58.11369383], [8.05436444, 58.11435902], [8.05413687, 58.11394787], [8.05652082, 58.10812712], [8.05928981, 58.10449302], [8.06106818, 58.10429275], [8.06346035, 58.10509324]], [[7.99816835, 58.10902238], [7.99616158, 58.10940576], [7.99437666, 58.10803306], [7.99438608, 58.1078577], [7.99577534, 58.10793602], [7.99988174, 58.1080631], [8.00012434, 58.10872304], [7.99816835, 58.10902238]], [[8.00515723, 58.11427033], [8.00228548, 58.11506462], [8.0082761, 58.11531401], [8.00848711, 58.11575711], [8.00642931, 58.11798966], [8.0014317, 58.11881661], [8.00695634, 58.12176156], [8.00671506, 58.12193894], [8.00459266, 58.12104893], [7.99106097, 58.1224097], [7.98929501, 58.12171948], [7.98919833, 58.12189555], [7.99056804, 58.12377584], [7.98769212, 58.12500906], [7.98188913, 58.1192131], [7.98473024, 58.11607194], [8.00286317, 58.11342192], [8.00429904, 58.11340606], [8.00537002, 58.11396253], [8.00515723, 58.11427033]], [[8.07616174, 58.12102938], [8.07826126, 58.11789775], [8.08220017, 58.11826873], [8.08021915, 58.11528051], [8.08052385, 58.11442816], [8.08160615, 58.11379993], [8.0859375, 58.11411834], [8.08619773, 58.11421335], [8.08760893, 58.11247277], [8.09289098, 58.11277711], [8.09538245, 58.11343944], [8.09579778, 58.11408556], [8.09538281, 58.11610115], [8.09304321, 58.11743915], [8.0859375, 58.11914063], [8.0859375, 58.11941957], [8.08358693, 58.11934984], [8.07616174, 58.12102938]], [[8.08673155, 58.10560024], [8.08754015, 58.10530245], [8.08935821, 58.10560262], [8.08953845, 58.10602152], [8.08905077, 58.10677075], [8.08767641, 58.10845625], [8.08698344, 58.10850048], [8.0859375, 58.10658467], [8.0859375, 58.10630584], [8.08673155, 58.10560024]], [[11.34330893, 58.10450232], [11.34567845, 58.10381067], [11.34631991, 58.10387456], [11.34821916, 58.10597146], [11.34720612, 58.10812914], [11.34682894, 58.10862231], [11.33997977, 58.10983741], [11.34330893, 58.10450232]], [[11.34435964, 58.11064625], [11.35021317, 58.10829616], [11.35414016, 58.10912931], [11.35256243, 58.11290514], [11.36106074, 58.12206936], [11.35823727, 58.12378931], [11.36214685, 58.12418783], [11.36258757, 58.12517452], [11.35856557, 58.12762487], [11.36239171, 58.12895274], [11.36214864, 58.12915945], [11.35272265, 58.13116622], [11.34852695, 58.12784386], [11.34967446, 58.12460375], [11.34639895, 58.1226629], [11.35523343, 58.12219024], [11.35574067, 58.12141156], [11.35137832, 58.11991525], [11.34843028, 58.11671102], [11.34882176, 58.11352122], [11.34585845, 58.11409235], [11.34660578, 58.11202455], [11.34435964, 58.11064625]], [[8.25109053, 58.1158359], [8.25078118, 58.11647081], [8.24983525, 58.11696351], [8.24670196, 58.11710501], [8.24103093, 58.11750126], [8.24933255, 58.11458886], [8.25033307, 58.11465645], [8.25109053, 58.1158359]], [[8.25249004, 58.11613107], [8.25317836, 58.11590254], [8.25854874, 58.1162492], [8.25951755, 58.1173563], [8.25935423, 58.11765933], [8.25615013, 58.11796486], [8.25427914, 58.11871648], [8.25295901, 58.11847615], [8.25226104, 58.11761665], [8.25249004, 58.11613107]], [[8.25788772, 58.12413037], [8.25692844, 58.12453842], [8.25409186, 58.12530565], [8.24863887, 58.12455714], [8.24626994, 58.12266362], [8.24787724, 58.12100732], [8.24383903, 58.12158835], [8.24226475, 58.12110984], [8.24229217, 58.12082398], [8.24398553, 58.11926925], [8.24522007, 58.11890924], [8.25336027, 58.1198107], [8.25806403, 58.12119806], [8.25788772, 58.12413037]], [[8.26009822, 58.12535775], [8.26379776, 58.12447655], [8.2652899, 58.1246773], [8.26900375, 58.12674892], [8.26009822, 58.12535775]], [[8.27684808, 58.12999415], [8.28334534, 58.13271618], [8.28357482, 58.13297236], [8.28252792, 58.13353574], [8.27670658, 58.13298237], [8.27415764, 58.13517034], [8.27191186, 58.13408911], [8.27370656, 58.13305402], [8.27350044, 58.13036203], [8.27404547, 58.13015854], [8.27684808, 58.12999415]], [[11.35483456, 58.13364565], [11.35585666, 58.13209236], [11.35772026, 58.1322242], [11.35885596, 58.13270617], [11.35934663, 58.13470125], [11.35940361, 58.13508081], [11.35677493, 58.13562715], [11.35520482, 58.13495493], [11.35483456, 58.13364565]], [[11.36381745, 58.13303113], [11.36553526, 58.13053143], [11.3663218, 58.13013256], [11.36775517, 58.13014412], [11.36992264, 58.13430345], [11.36514354, 58.1350739], [11.36381745, 58.13303113]], [[11.37792492, 58.13054585], [11.38161206, 58.12956333], [11.38323355, 58.12979138], [11.38570404, 58.13152146], [11.38024354, 58.132851], [11.37840664, 58.13230693], [11.37792492, 58.13054585]], [[11.40975487, 58.12989974], [11.40971386, 58.12964976], [11.41398335, 58.12809205], [11.41511285, 58.12816572], [11.41730738, 58.13027203], [11.41368282, 58.13178325], [11.40975487, 58.12989974]], [[11.40819836, 58.12956572], [11.40793765, 58.12971044], [11.39743435, 58.12859571], [11.39691913, 58.12836742], [11.39702284, 58.12756348], [11.39734745, 58.12718117], [11.39975953, 58.12707365], [11.40460682, 58.12755191], [11.40819836, 58.12956572]], [[11.4132601, 58.12187827], [11.41216636, 58.12096274], [11.41158271, 58.12087786], [11.40546036, 58.1216042], [11.40495872, 58.12130106], [11.40327585, 58.11483991], [11.40657103, 58.11361945], [11.40759122, 58.11342311], [11.41079736, 58.11405468], [11.41757667, 58.11659944], [11.42063916, 58.12091243], [11.42202878, 58.12277675], [11.41922462, 58.12450635], [11.4132601, 58.12187827]], [[11.44498491, 58.11386693], [11.44241548, 58.11182547], [11.44605315, 58.11112154], [11.44662094, 58.11101985], [11.44909966, 58.11244202], [11.44498491, 58.11386693]], [[11.43082964, 58.11126757], [11.42737222, 58.11374593], [11.42588484, 58.11372602], [11.41921473, 58.11125851], [11.41891634, 58.11080515], [11.41918194, 58.10972905], [11.42280126, 58.1092447], [11.42236674, 58.10470104], [11.42729735, 58.10522985], [11.43355286, 58.10749066], [11.43374348, 58.10795403], [11.43279254, 58.10882914], [11.42801094, 58.10927415], [11.43082964, 58.11126757]], [[11.45483255, 58.10843563], [11.45454705, 58.1058439], [11.45697916, 58.10577285], [11.45776916, 58.10590076], [11.45879388, 58.10777032], [11.45781815, 58.10892105], [11.45672965, 58.1091361], [11.45483255, 58.10843563]], [[11.43978453, 58.10690701], [11.43826973, 58.10721135], [11.43284225, 58.10528636], [11.43274856, 58.10486937], [11.43427694, 58.10313368], [11.43804955, 58.10224974], [11.43927336, 58.10218644], [11.44202602, 58.10323048], [11.44249547, 58.10552835], [11.44232881, 58.10586882], [11.43978453, 58.10690701]], [[8.14636016, 58.10007441], [8.13777721, 58.10407364], [8.13478005, 58.10336494], [8.13116813, 58.10282624], [8.13500833, 58.10043633], [8.13199341, 58.09776378], [8.13170505, 58.09506381], [8.13417721, 58.09504127], [8.13659215, 58.09743702], [8.1385833, 58.09692526], [8.13896704, 58.09645414], [8.13568795, 58.09497261], [8.13724315, 58.09215653], [8.14330721, 58.09475136], [8.14636016, 58.10007441]], [[11.32539821, 58.09417534], [11.3275696, 58.09104037], [11.32808018, 58.09078145], [11.33196938, 58.09041381], [11.33308482, 58.09061992], [11.3361634, 58.09451652], [11.33344352, 58.09656072], [11.33504605, 58.09817004], [11.33271205, 58.09883487], [11.32539904, 58.09445012], [11.32539821, 58.09417534]], [[11.43740916, 58.09243858], [11.43867397, 58.09198105], [11.44254875, 58.09253395], [11.44345915, 58.09530675], [11.45028794, 58.09208953], [11.45509565, 58.09210181], [11.45754635, 58.09503007], [11.46662283, 58.09747267], [11.4668349, 58.09872341], [11.46652651, 58.09924197], [11.46152234, 58.10086584], [11.45753038, 58.10153306], [11.45025384, 58.1015625], [11.44017625, 58.10098624], [11.43947625, 58.10074842], [11.43899536, 58.09958863], [11.44421005, 58.09839475], [11.44428742, 58.09805405], [11.44252324, 58.09599066], [11.44279337, 58.09546053], [11.43603146, 58.09531295], [11.43740916, 58.09243858]], [[11.46383357, 58.09554136], [11.46567035, 58.09491396], [11.46811044, 58.0952723], [11.47183025, 58.09347868], [11.47431397, 58.09548283], [11.46925485, 58.09714484], [11.46391106, 58.09587204], [11.46383357, 58.09554136]], [[11.43125451, 58.09099817], [11.42770445, 58.09010875], [11.42741382, 58.08996642], [11.42252731, 58.08412576], [11.42274451, 58.08377266], [11.42500377, 58.08303285], [11.42664337, 58.08306515], [11.42750776, 58.08341837], [11.42929065, 58.08554757], [11.43190312, 58.08443141], [11.43293858, 58.08432496], [11.43625414, 58.08466542], [11.43839681, 58.08548725], [11.43834865, 58.08796143], [11.43754446, 58.08978212], [11.43447971, 58.09073985], [11.43125451, 58.09099817]], [[11.43716752, 58.08440614], [11.43602085, 58.08084476], [11.43812704, 58.08049083], [11.43882072, 58.08098435], [11.44393742, 58.08264446], [11.44238174, 58.0859102], [11.43716752, 58.08440614]], [[8.0894351, 58.08157277], [8.0887804, 58.08178866], [8.08757973, 58.08117163], [8.08821023, 58.07905221], [8.08880353, 58.07854116], [8.09036088, 58.0788815], [8.09110117, 58.07992983], [8.09085894, 58.08065724], [8.0894351, 58.08157277]], [[11.34309494, 58.08284926], [11.34173775, 58.08610821], [11.33921504, 58.08708036], [11.33803296, 58.08358443], [11.34307277, 58.08252382], [11.34309494, 58.08284926]], [[8.10497391, 58.08579445], [8.10482764, 58.0868479], [8.10388255, 58.08751202], [8.10203648, 58.08781075], [8.10122514, 58.08755267], [8.10085404, 58.08516395], [8.10174787, 58.08459246], [8.10422266, 58.08459723], [8.10497391, 58.08579445]], [[8.11651373, 58.08753848], [8.11872554, 58.08624053], [8.12003016, 58.08643413], [8.12116265, 58.08816803], [8.12111974, 58.08897364], [8.11921644, 58.08971667], [8.11652052, 58.08769286], [8.11651373, 58.08753848]], [[11.35373485, 58.10556865], [11.35909498, 58.10329342], [11.35980117, 58.10393417], [11.36353731, 58.10424113], [11.36895466, 58.10865283], [11.37456763, 58.10996795], [11.37188613, 58.11209095], [11.36460495, 58.11389852], [11.35920966, 58.11228764], [11.35373485, 58.10556865]], [[11.37228703, 58.12018514], [11.37064445, 58.12028635], [11.36994207, 58.11988306], [11.37112617, 58.11665356], [11.37258494, 58.11638606], [11.37349427, 58.11651731], [11.37829363, 58.11873555], [11.37810326, 58.11900854], [11.37228703, 58.12018514]], [[8.10746181, 58.09423578], [8.10539067, 58.09523284], [8.10130918, 58.09357727], [8.1008836, 58.09279227], [8.1018635, 58.09013581], [8.1032021, 58.08996367], [8.10452592, 58.09040582], [8.10622227, 58.09204841], [8.10719216, 58.09356773], [8.10746181, 58.09423578]], [[8.09187913, 58.0950824], [8.09103835, 58.09517264], [8.09200561, 58.09207988], [8.09253156, 58.09221315], [8.09327674, 58.09459555], [8.09187913, 58.0950824]], [[8.05138505, 58.07096767], [8.05412471, 58.07036972], [8.05521464, 58.07066846], [8.05794144, 58.07407105], [8.05262125, 58.07787454], [8.05024922, 58.07243538], [8.05138505, 58.07096767]], [[11.44761515, 58.07368815], [11.44431186, 58.06960106], [11.44991934, 58.07114541], [11.45015907, 58.0704447], [11.44634426, 58.06702805], [11.44060087, 58.06724274], [11.44003761, 58.06617987], [11.44399846, 58.06512284], [11.44448745, 58.06266677], [11.44773567, 58.06289387], [11.44869912, 58.06424928], [11.45402777, 58.06419861], [11.45407021, 58.06375837], [11.45209837, 58.06143701], [11.45179105, 58.06114852], [11.44235301, 58.06166661], [11.44061565, 58.05987775], [11.44121587, 58.05949605], [11.44952536, 58.05938828], [11.45395005, 58.05743945], [11.45605373, 58.05692434], [11.46067035, 58.05639756], [11.46437907, 58.05654931], [11.46796656, 58.05703676], [11.46884501, 58.05728495], [11.47010994, 58.05888295], [11.47086871, 58.05988681], [11.47584856, 58.05974555], [11.4757992, 58.06245065], [11.47900867, 58.05990565], [11.48771203, 58.05912685], [11.4878093, 58.05932558], [11.48629177, 58.06148815], [11.48601413, 58.06163478], [11.47862208, 58.06432342], [11.46882176, 58.06616592], [11.47312713, 58.06828105], [11.47353733, 58.06904876], [11.47221565, 58.07019115], [11.46517468, 58.07300115], [11.46430957, 58.07320535], [11.46015382, 58.07322347], [11.45819116, 58.07173252], [11.45462096, 58.07378006], [11.45408988, 58.07391393], [11.44761515, 58.07368815]], [[11.48917866, 58.0645678], [11.49069655, 58.06392634], [11.49159455, 58.06399548], [11.49308765, 58.06482816], [11.49346793, 58.06712544], [11.49210906, 58.06831014], [11.49027431, 58.06849253], [11.48850024, 58.06705225], [11.48810875, 58.06535888], [11.48917866, 58.0645678]], [[8.01469076, 58.05713987], [8.01182914, 58.05884206], [8.01099026, 58.05892527], [8.00968933, 58.05817866], [8.00863373, 58.05640566], [8.0091238, 58.05613852], [8.01132846, 58.05624628], [8.01433456, 58.05674565], [8.01469076, 58.05713987]], [[8.01216662, 58.05919361], [8.01529706, 58.05866218], [8.01731658, 58.05895436], [8.0189774, 58.06008172], [8.01866162, 58.06219697], [8.02454495, 58.06171787], [8.02638185, 58.06455863], [8.02647507, 58.06517625], [8.02626956, 58.06549156], [8.02256596, 58.06550837], [8.01883912, 58.06695795], [8.01823223, 58.06658185], [8.01546824, 58.06401455], [8.01792777, 58.06232393], [8.01548398, 58.06228805], [8.01180482, 58.0597707], [8.01216662, 58.05919361]], [[11.42382264, 58.06656134], [11.42499781, 58.06609654], [11.43351305, 58.06615305], [11.43488038, 58.06738472], [11.43499315, 58.06765556], [11.43327105, 58.07019651], [11.43066824, 58.07138622], [11.42777884, 58.07173455], [11.42369533, 58.06939971], [11.42382264, 58.06656134]], [[8.02660358, 58.06944096], [8.02304745, 58.07013965], [8.02233374, 58.06990504], [8.02074707, 58.06807673], [8.02292705, 58.06741035], [8.02475774, 58.06727636], [8.02544296, 58.06757712], [8.02660358, 58.06944096]], [[7.77992535, 58.06011701], [7.77976036, 58.06255782], [7.77723932, 58.06365824], [7.77658773, 58.05952275], [7.77690613, 58.05912566], [7.77909446, 58.05869341], [7.77988398, 58.05896604], [7.77992535, 58.06011701]], [[7.78915584, 58.06230164], [7.79026544, 58.06177592], [7.79284525, 58.06197286], [7.79388595, 58.06280994], [7.79428005, 58.06479073], [7.79193175, 58.06522906], [7.79096878, 58.06531227], [7.79015172, 58.06492496], [7.78915584, 58.06230164]], [[11.56514156, 58.08440363], [11.57983625, 58.08354235], [11.57884026, 58.08584344], [11.58501554, 58.08657551], [11.58544671, 58.08688355], [11.58748543, 58.08914351], [11.58827436, 58.09077132], [11.58811724, 58.09193921], [11.58781636, 58.09221327], [11.58456755, 58.09272981], [11.58713901, 58.09398794], [11.58588982, 58.09899926], [11.58775723, 58.10143781], [11.58664083, 58.10336745], [11.58599937, 58.10364676], [11.58261406, 58.10366213], [11.58096445, 58.10379148], [11.57925904, 58.10320306], [11.57882154, 58.10114646], [11.57698894, 58.09992945], [11.57141936, 58.10045612], [11.56655657, 58.09666085], [11.56846142, 58.09328663], [11.56453228, 58.09232354], [11.56383753, 58.09188771], [11.56075537, 58.08861017], [11.56063426, 58.08776796], [11.56138825, 58.08568442], [11.56406021, 58.08466506], [11.56514156, 58.08440363]], [[11.6015625, 58.09737706], [11.60525763, 58.09732127], [11.60615218, 58.09864092], [11.60551655, 58.099967], [11.6015625, 58.09988844], [11.60070717, 58.09968913], [11.60070717, 58.09757638], [11.6015625, 58.09737706]], [[11.59111345, 58.09216082], [11.58896291, 58.08754468], [11.59394085, 58.08758724], [11.59884834, 58.09168327], [11.59989226, 58.09272361], [11.60028911, 58.09465635], [11.59985006, 58.09524477], [11.59705198, 58.09533405], [11.59537494, 58.09543061], [11.59429181, 58.09502685], [11.59173274, 58.09241044], [11.59111345, 58.09216082]], [[11.54712415, 58.07191765], [11.54686236, 58.07156277], [11.54913533, 58.06952286], [11.55006003, 58.06957865], [11.55078495, 58.06983125], [11.54967356, 58.0713191], [11.55205965, 58.07305765], [11.54712415, 58.07191765]], [[11.67328012, 58.09879625], [11.67448533, 58.09853315], [11.67840075, 58.09866714], [11.6831125, 58.09946764], [11.68282294, 58.09975445], [11.67856967, 58.10150576], [11.67703927, 58.10177934], [11.67108762, 58.10165501], [11.67328012, 58.09879625]], [[11.61270547, 58.10647905], [11.61226511, 58.10805094], [11.61776996, 58.10803735], [11.61860538, 58.10857832], [11.62016284, 58.10975325], [11.61989593, 58.11209023], [11.62415946, 58.11370325], [11.62200475, 58.11645901], [11.62117803, 58.11659884], [11.61549425, 58.11547542], [11.60705197, 58.10987783], [11.60912645, 58.10529876], [11.61371756, 58.10575235], [11.61417818, 58.10608315], [11.61270547, 58.10647905]], [[11.59763944, 58.10888314], [11.6015625, 58.10965395], [11.60287964, 58.10951972], [11.60310471, 58.1101495], [11.60358512, 58.11216116], [11.60254967, 58.11241305], [11.6015625, 58.11216521], [11.59759855, 58.11197197], [11.59703553, 58.11178017], [11.59478164, 58.10977936], [11.59763944, 58.10888314]], [[11.60246134, 58.11580324], [11.60615265, 58.11954975], [11.60385132, 58.12020886], [11.60237992, 58.11994672], [11.6015625, 58.11914063], [11.59949696, 58.11646795], [11.59963214, 58.11565435], [11.6015625, 58.11579227], [11.60246134, 58.11580324]], [[11.62840021, 58.10841346], [11.62869895, 58.10692525], [11.63113022, 58.10668552], [11.63174164, 58.10684872], [11.63389075, 58.11071777], [11.63349426, 58.11085486], [11.62871325, 58.10900903], [11.62840021, 58.10841346]], [[11.35332656, 58.13643146], [11.35463345, 58.13686693], [11.35280561, 58.13882327], [11.35437274, 58.13993955], [11.35924137, 58.13814938], [11.37350655, 58.13985336], [11.3736546, 58.14464641], [11.38017714, 58.14453351], [11.38311923, 58.14747643], [11.38588154, 58.14729238], [11.38756001, 58.14407086], [11.38978934, 58.14474154], [11.39203775, 58.14899385], [11.3869313, 58.15137816], [11.38840306, 58.15278435], [11.38766074, 58.15715587], [11.39382064, 58.16329586], [11.39366305, 58.16744685], [11.39966416, 58.16804802], [11.39993274, 58.16912687], [11.39560068, 58.16999245], [11.39769995, 58.17282414], [11.39806533, 58.17317903], [11.40351558, 58.17482245], [11.40401661, 58.17530465], [11.4066962, 58.17910063], [11.40644908, 58.18077171], [11.40606701, 58.18110275], [11.40104544, 58.18359375], [11.40142596, 58.18359375], [11.40085864, 58.18383777], [11.39841414, 58.18359375], [11.39347434, 58.18059564], [11.39109325, 58.18070102], [11.39294147, 58.18150127], [11.38750315, 58.18206334], [11.38766575, 58.17958474], [11.38430762, 58.17842996], [11.38510084, 58.17385793], [11.38286686, 58.17059863], [11.37851775, 58.17032707], [11.37527275, 58.16698873], [11.37363911, 58.15892375], [11.36954296, 58.15887976], [11.36896527, 58.1573776], [11.36830807, 58.15709436], [11.36132407, 58.15557694], [11.36065078, 58.15521264], [11.35931003, 58.15397418], [11.35865295, 58.15302265], [11.36038744, 58.15025544], [11.35573685, 58.14924514], [11.35520875, 58.14488685], [11.34798551, 58.13967657], [11.35252941, 58.13650596], [11.35332656, 58.13643146]], [[8.27036536, 58.13939643], [8.26475525, 58.13976395], [8.26552427, 58.13848042], [8.26718712, 58.13815641], [8.26853764, 58.13824975], [8.27091706, 58.13920224], [8.27036536, 58.13939643]], [[8.26974785, 58.14305806], [8.27072144, 58.1396687], [8.27171648, 58.13967013], [8.27420783, 58.14022684], [8.27526915, 58.14310574], [8.27163458, 58.14544475], [8.26974845, 58.14349151], [8.26974785, 58.14305806]], [[8.26343274, 58.14271343], [8.26262844, 58.14295852], [8.26122916, 58.14065981], [8.26504481, 58.14049613], [8.26746047, 58.14090633], [8.26343274, 58.14271343]], [[8.28491902, 58.16409767], [8.28148532, 58.16499364], [8.28021467, 58.16389334], [8.28602874, 58.16299915], [8.28650594, 58.16346872], [8.28491902, 58.16409767]], [[8.30490458, 58.16461384], [8.30615056, 58.16458178], [8.30749857, 58.16691804], [8.30368865, 58.16944325], [8.3013134, 58.16861391], [8.30145204, 58.16819215], [8.30511713, 58.16711736], [8.30395806, 58.16548646], [8.30490458, 58.16461384]], [[8.3067615, 58.17586517], [8.30348456, 58.1762706], [8.30061817, 58.17606151], [8.30150068, 58.17412305], [8.30582714, 58.1736598], [8.30675602, 58.17390394], [8.3067615, 58.17586517]], [[8.31160808, 58.17931426], [8.31803191, 58.18233812], [8.31803191, 58.18359375], [8.31890047, 58.18359375], [8.32622576, 58.18628144], [8.32605565, 58.18659687], [8.32058084, 58.18940806], [8.311239, 58.1939224], [8.30527377, 58.19013655], [8.30625164, 58.18794405], [8.30928242, 58.18711007], [8.30860496, 58.18576515], [8.30615544, 58.18542647], [8.30506563, 58.18578434], [8.30465746, 58.18745971], [8.30057013, 58.18867445], [8.29945207, 58.18821955], [8.29898524, 58.18781567], [8.30001211, 58.18548596], [8.30044425, 58.18515718], [8.30507052, 58.18375182], [8.30513465, 58.18359375], [8.30487466, 58.18359375], [8.30722737, 58.17897332], [8.30818033, 58.17889011], [8.31160808, 58.17931426]], [[8.32292116, 58.18947411], [8.32834077, 58.18835866], [8.32892573, 58.18847907], [8.32793784, 58.19035542], [8.32632685, 58.19052851], [8.32203138, 58.19087887], [8.32292116, 58.18947411]], [[8.35645854, 58.18936813], [8.35396075, 58.18795156], [8.35912764, 58.18778801], [8.36180985, 58.18857098], [8.36216485, 58.18900061], [8.36146271, 58.18972373], [8.36050034, 58.18994117], [8.35735178, 58.18948615], [8.35707748, 58.18961084], [8.35421371, 58.19064224], [8.35645854, 58.18936813]], [[11.37672615, 58.19091666], [11.37343645, 58.18940794], [11.37389505, 58.18776941], [11.37417006, 58.18725455], [11.37584162, 58.18693936], [11.37730801, 58.18707073], [11.3783704, 58.18753564], [11.37968695, 58.18982661], [11.37672615, 58.19091666]], [[11.38257611, 58.18840981], [11.38654101, 58.18823004], [11.38790667, 58.18834746], [11.39015865, 58.18959236], [11.3903383, 58.1906563], [11.39016592, 58.1908288], [11.38766158, 58.19125354], [11.38487136, 58.19145346], [11.38400805, 58.19126546], [11.3819164, 58.18903804], [11.38257611, 58.18840981]], [[11.42012966, 58.18842316], [11.41954041, 58.18739831], [11.42325723, 58.18650305], [11.42516375, 58.18652165], [11.42856956, 58.18781984], [11.42424846, 58.19035244], [11.42012966, 58.18842316]], [[11.41494024, 58.18640196], [11.41115236, 58.1875174], [11.41048324, 58.18750441], [11.40917945, 58.18650901], [11.40936792, 58.18359375], [11.41209757, 58.18359375], [11.41360354, 58.18359375], [11.41494024, 58.18640196]], [[11.41420281, 58.18359375], [11.4143573, 58.18127763], [11.41577744, 58.1806097], [11.41680574, 58.18062365], [11.42028105, 58.1821171], [11.41946566, 58.18359375], [11.41995704, 58.18359375], [11.41947567, 58.18580067], [11.41879034, 58.18586731], [11.41420281, 58.18359375]], [[8.35407662, 58.18627715], [8.3519361, 58.18669665], [8.35036397, 58.18619835], [8.3496809, 58.18593717], [8.35012615, 58.18477654], [8.35042274, 58.18445885], [8.35318971, 58.18426526], [8.35414922, 58.18458092], [8.35469115, 58.18593466], [8.35407662, 58.18627715]], [[11.40480888, 58.17391241], [11.40621555, 58.17275035], [11.40825725, 58.17285526], [11.40894496, 58.17339456], [11.40862405, 58.17659044], [11.4079926, 58.1768136], [11.40704525, 58.17686927], [11.40636456, 58.17678177], [11.40485001, 58.17427325], [11.40480888, 58.17391241]], [[11.4006505, 58.15470087], [11.40589142, 58.14829516], [11.40993106, 58.15113115], [11.40743232, 58.15108264], [11.40937591, 58.15478754], [11.40647304, 58.16009164], [11.40595877, 58.16685605], [11.40367246, 58.16889155], [11.40220225, 58.16564047], [11.40458226, 58.16406608], [11.40108192, 58.1626451], [11.40010905, 58.15979385], [11.40203524, 58.15596736], [11.4006505, 58.15470087]], [[11.39926684, 58.14789867], [11.39857125, 58.14401805], [11.39917123, 58.14331675], [11.40064788, 58.14361334], [11.40195894, 58.14446175], [11.40250576, 58.14633012], [11.40233815, 58.14711523], [11.40207744, 58.14748561], [11.39926684, 58.14789867]], [[11.39728367, 58.14439452], [11.39677966, 58.14452147], [11.39402401, 58.14393616], [11.39215016, 58.14074087], [11.39221716, 58.14049184], [11.39493763, 58.14048171], [11.39563155, 58.14074051], [11.3967638, 58.14292574], [11.39728367, 58.14439452]], [[11.40557456, 58.13996947], [11.39979637, 58.13836396], [11.39855254, 58.13717604], [11.39923787, 58.13687944], [11.40620291, 58.13745606], [11.40665305, 58.13805223], [11.40618813, 58.13961566], [11.40557456, 58.13996947]], [[11.39246798, 58.13911235], [11.39205468, 58.13934982], [11.38681471, 58.13918185], [11.38691485, 58.13743353], [11.39126945, 58.13652945], [11.39186001, 58.13672817], [11.39246798, 58.13911235]], [[11.49640071, 58.20316815], [11.50149643, 58.20501184], [11.50116897, 58.20532131], [11.49877811, 58.20599484], [11.49493694, 58.20412266], [11.49487281, 58.20342076], [11.49640071, 58.20316815]], [[11.53874862, 58.21623588], [11.53614306, 58.21711802], [11.53281021, 58.21470046], [11.53332281, 58.21415973], [11.53513718, 58.21403217], [11.53714144, 58.21454203], [11.53900123, 58.21586394], [11.53874862, 58.21623588]], [[11.55211878, 58.22227621], [11.54935837, 58.22345245], [11.54591393, 58.22340012], [11.54483581, 58.22350454], [11.54035187, 58.2226032], [11.53953958, 58.21858954], [11.55067945, 58.22007835], [11.55211878, 58.22227621]], [[8.31420255, 58.20094788], [8.31146061, 58.20166242], [8.30971563, 58.20160484], [8.31136405, 58.20011294], [8.31434202, 58.19950557], [8.31420255, 58.20094788]], [[8.31862545, 58.2080127], [8.31799591, 58.20884645], [8.31275511, 58.21091747], [8.31104863, 58.20877135], [8.30798245, 58.20882833], [8.30735743, 58.20857692], [8.30694902, 58.20739508], [8.31043601, 58.20385253], [8.31650806, 58.20288575], [8.31392765, 58.20441425], [8.31785285, 58.20524514], [8.31862545, 58.2080127]], [[8.30137503, 58.20870352], [8.30009961, 58.21009696], [8.29545724, 58.21039534], [8.29806626, 58.20830381], [8.29964483, 58.20818758], [8.30137503, 58.20870352]], [[8.17995381, 58.12727416], [8.17908394, 58.12764335], [8.17870915, 58.12736535], [8.17811036, 58.12672067], [8.17737436, 58.12611926], [8.17683995, 58.12568033], [8.17652786, 58.12536967], [8.17650104, 58.12514496], [8.17676544, 58.12503266], [8.17723525, 58.12505722], [8.17775798, 58.12517798], [8.17819154, 58.12530184], [8.17845762, 58.12544251], [8.17866576, 58.12560952], [8.17907214, 58.12580192], [8.17975116, 58.12613988], [8.18028665, 58.12671924], [8.17995381, 58.12727416]], [[8.08547294, 58.12295032], [8.08130383, 58.12530375], [8.08082831, 58.12514663], [8.08018732, 58.1235857], [8.08077335, 58.12220085], [8.08593452, 58.12212753], [8.0859375, 58.12276781], [8.08547294, 58.12295032]], [[8.00095224, 58.12702155], [7.99683428, 58.12732983], [8.00206184, 58.12514722], [8.00361705, 58.12536597], [8.00364006, 58.12569368], [8.00156784, 58.12683225], [8.00095224, 58.12702155]], [[8.05141342, 58.13093674], [8.04838192, 58.13491905], [8.04780292, 58.13513005], [8.04330671, 58.13050938], [8.04401207, 58.12979245], [8.04617965, 58.12990403], [8.05141342, 58.13093674]], [[8.04538417, 58.13885415], [8.04932416, 58.13494837], [8.05324566, 58.13756168], [8.0522418, 58.13960791], [8.05008245, 58.14215446], [8.04979825, 58.14226472], [8.04787254, 58.14225745], [8.04549015, 58.13991666], [8.04520476, 58.14014387], [8.04471982, 58.14296675], [8.04422355, 58.14243257], [8.04201841, 58.1382277], [8.04538417, 58.13885415]], [[8.05565655, 58.18981957], [8.05564654, 58.19281876], [8.05510902, 58.19352186], [8.05242646, 58.19530845], [8.05086362, 58.19569874], [8.04821551, 58.19352508], [8.04436874, 58.19378626], [8.0441488, 58.1929394], [8.04442871, 58.19241524], [8.04978812, 58.19051111], [8.05565655, 58.18981957]], [[7.93381202, 58.07878494], [7.92883945, 58.07896197], [7.92657685, 58.07686996], [7.93202615, 58.07580471], [7.93381202, 58.07878494]], [[7.60977101, 58.00069225], [7.60974741, 57.99931502], [7.61454272, 57.99896073], [7.62131643, 57.99893773], [7.62352645, 57.99972332], [7.62378967, 58.00003815], [7.61991107, 58.00206065], [7.61940181, 58.00216341], [7.61612511, 58.00214004], [7.61519265, 58.00224411], [7.60977101, 58.00069225]], [[7.64362001, 57.99904847], [7.64390147, 57.99865603], [7.64868605, 57.99684882], [7.64924645, 57.99671686], [7.65401721, 57.99713683], [7.64975595, 58.00084305], [7.64405787, 57.99971271], [7.64362001, 57.99904847]], [[7.65620327, 57.99699175], [7.65628767, 57.99641645], [7.65748131, 57.99572694], [7.66107714, 57.99532545], [7.66508245, 57.9973464], [7.66148615, 58.00007892], [7.65773988, 58.00058365], [7.65620327, 57.99699175]], [[11.49944973, 57.99986136], [11.49765575, 57.99760926], [11.49789155, 57.99623466], [11.49888921, 57.99612057], [11.50061131, 57.99753177], [11.50257826, 57.99924684], [11.50168431, 57.99993432], [11.50013244, 58.00008011], [11.49944973, 57.99986136]], [[11.52124023, 57.99979878], [11.52185774, 57.99955201], [11.52390373, 57.99961233], [11.52540052, 58.00070715], [11.52198815, 58.0009799], [11.52124023, 57.99979878]], [[11.53168201, 58.00088191], [11.52244484, 57.99804342], [11.52590406, 57.99742365], [11.52197218, 57.99645114], [11.52393103, 57.99561977], [11.52268243, 57.99479735], [11.52547455, 57.99402225], [11.52324915, 57.99287784], [11.52947915, 57.99198461], [11.53299475, 57.99246061], [11.53367734, 57.99283075], [11.53496325, 57.99735141], [11.53466773, 57.99770284], [11.5320549, 58.00083601], [11.53168201, 58.00088191]], [[11.52254474, 57.9913851], [11.52197516, 57.99266517], [11.52003086, 57.99261177], [11.51648915, 57.99360847], [11.51502013, 57.98944736], [11.52126884, 57.99101102], [11.52390647, 57.99038756], [11.51951051, 57.98967993], [11.51943612, 57.98895526], [11.52005362, 57.98861384], [11.52316988, 57.98846936], [11.5253371, 57.98923242], [11.53015065, 57.99021316], [11.53000772, 57.99066055], [11.52254474, 57.9913851]], [[11.53113222, 57.98951006], [11.52958047, 57.98721123], [11.52166545, 57.98453534], [11.52165556, 57.98258924], [11.52209604, 57.98217285], [11.52781844, 57.98242807], [11.52904415, 57.98258233], [11.52866685, 57.98451495], [11.53198326, 57.9853847], [11.53258407, 57.98542511], [11.53358602, 57.98344624], [11.53529775, 57.98329961], [11.53592896, 57.98372865], [11.53506982, 57.98582923], [11.53420746, 57.98885822], [11.53313732, 57.98927677], [11.53113222, 57.98951006]], [[11.53331554, 57.98253071], [11.53075886, 57.98116636], [11.53100133, 57.98088527], [11.53345597, 57.98030555], [11.53420925, 57.98054194], [11.53539205, 57.98118401], [11.53450167, 57.98212171], [11.53331554, 57.98253071]], [[7.63709223, 57.98203266], [7.6347692, 57.98280752], [7.63047564, 57.98002458], [7.63028073, 57.9796139], [7.63034236, 57.97685301], [7.6309942, 57.97643292], [7.63206017, 57.97644937], [7.63664866, 57.97948468], [7.63709223, 57.98203266]], [[7.61304057, 57.98136771], [7.60903621, 57.98162282], [7.60751247, 57.98106611], [7.60940385, 57.97911537], [7.60782945, 57.97858155], [7.60188997, 57.98057008], [7.60045111, 57.97560894], [7.60431135, 57.97554314], [7.60540223, 57.96715355], [7.61112607, 57.96750796], [7.61159062, 57.96798766], [7.61075652, 57.96939397], [7.61421406, 57.97257781], [7.61241436, 57.97685647], [7.6178714, 57.97692156], [7.61856985, 57.97724545], [7.61897182, 57.97867918], [7.61855221, 57.97944474], [7.61607075, 57.98069572], [7.61304057, 57.98136771]], [[11.51487327, 57.96766043], [11.51353443, 57.96696305], [11.51338327, 57.96529186], [11.50895071, 57.96291852], [11.50884056, 57.96230805], [11.51055646, 57.96023965], [11.51118386, 57.95998228], [11.51382852, 57.95999217], [11.51488912, 57.96056426], [11.51474941, 57.96162772], [11.51784944, 57.96128356], [11.52236164, 57.96286964], [11.52561855, 57.96096647], [11.52702367, 57.96380365], [11.52327526, 57.9675374], [11.52114058, 57.96486294], [11.52094483, 57.96498525], [11.51814675, 57.96717215], [11.51763225, 57.96731842], [11.51487327, 57.96766043]], [[7.56552446, 57.96661627], [7.56605434, 57.97315204], [7.56583214, 57.97371113], [7.56438315, 57.97497368], [7.56183243, 57.97547567], [7.56144154, 57.97531772], [7.56191027, 57.97362173], [7.55939806, 57.97258437], [7.56146932, 57.97135222], [7.56118691, 57.97103691], [7.55573213, 57.9689244], [7.55716407, 57.96673608], [7.55217874, 57.96717453], [7.55021977, 57.96987236], [7.54768133, 57.96928406], [7.54645026, 57.96799147], [7.54698265, 57.96480227], [7.54739511, 57.96440065], [7.55575335, 57.96236455], [7.55856538, 57.96323121], [7.56382072, 57.95902073], [7.57102096, 57.95930386], [7.56524754, 57.96574926], [7.56552446, 57.96661627]], [[11.51518595, 57.95914757], [11.51443613, 57.95718026], [11.51783443, 57.95678151], [11.51908624, 57.95690322], [11.52279985, 57.95956826], [11.51518595, 57.95914757]], [[7.50064731, 57.96165025], [7.50067568, 57.96350884], [7.49993718, 57.96371663], [7.48906076, 57.96407914], [7.49318385, 57.96152306], [7.49833751, 57.9606868], [7.49949563, 57.96094894], [7.50064731, 57.96165025]], [[7.52483845, 57.96358645], [7.52505767, 57.96338916], [7.53040946, 57.96345115], [7.53335536, 57.96557558], [7.53414011, 57.96817076], [7.53325951, 57.96922624], [7.53072786, 57.96961784], [7.52909946, 57.96915364], [7.52462912, 57.96577764], [7.52436781, 57.96518683], [7.52483845, 57.96358645]], [[7.50221765, 57.96925962], [7.50303566, 57.97059727], [7.50275934, 57.97080958], [7.49887848, 57.97233415], [7.49686813, 57.97268343], [7.49130845, 57.97218776], [7.4900763, 57.97180712], [7.48719573, 57.96726525], [7.48763323, 57.96668684], [7.49263442, 57.96571004], [7.49882007, 57.96569645], [7.49974322, 57.96585214], [7.50110817, 57.96630633], [7.50221765, 57.96925962]], [[7.53776765, 57.97003102], [7.53950167, 57.96728063], [7.53998995, 57.9668169], [7.54271901, 57.96661711], [7.54254806, 57.97002375], [7.54204476, 57.97052038], [7.53983855, 57.97100735], [7.53776765, 57.97003102]], [[7.55629301, 57.97528255], [7.55760634, 57.97683227], [7.56146657, 57.97606361], [7.56436265, 57.97697878], [7.56127715, 57.97977591], [7.56039393, 57.98012686], [7.55597186, 57.98049748], [7.55077386, 57.97815502], [7.54967296, 57.97384226], [7.55009365, 57.97342384], [7.55344641, 57.97337055], [7.55629301, 57.97528255]], [[7.585343, 57.97803557], [7.58626151, 57.97778487], [7.5881958, 57.97801065], [7.58484232, 57.98155928], [7.59169435, 57.98133254], [7.58988762, 57.97914231], [7.59084713, 57.97697234], [7.59497178, 57.97758985], [7.59314966, 57.98070681], [7.60065961, 57.98184741], [7.59884834, 57.98563182], [7.59843123, 57.98598051], [7.59432185, 57.98693454], [7.58725083, 57.98468292], [7.58673108, 57.98483062], [7.57657981, 57.98808444], [7.57565057, 57.98821056], [7.56787074, 57.98753715], [7.56746125, 57.98729455], [7.56873655, 57.98443222], [7.57571554, 57.98161435], [7.58165336, 57.98071814], [7.585343, 57.97803557]], [[7.56615055, 57.98749614], [7.56676221, 57.98945165], [7.56569982, 57.99156165], [7.56331635, 57.9921385], [7.56670952, 57.99207497], [7.56853735, 57.99353003], [7.57335365, 57.99018204], [7.57678115, 57.99130285], [7.58746171, 57.9888823], [7.59737635, 57.98835766], [7.60655165, 57.98984778], [7.60219991, 57.99256456], [7.59768701, 57.99304974], [7.59787071, 57.99439847], [7.59676242, 57.9946624], [7.58880115, 57.99377406], [7.58473682, 57.99591601], [7.58183992, 57.99738765], [7.58335257, 57.99937785], [7.58285642, 57.99966621], [7.58109915, 58.00028205], [7.57536125, 58.0002861], [7.56995463, 57.99954915], [7.56887901, 57.99903381], [7.56810105, 57.99629295], [7.56665397, 57.99560857], [7.56624746, 57.99615026], [7.56242454, 58.00157118], [7.55807924, 57.99896443], [7.55698907, 57.99602747], [7.55918884, 57.99153435], [7.5559175, 57.99065328], [7.55512404, 57.98882878], [7.56033015, 57.98836315], [7.56070793, 57.98556674], [7.56173992, 57.98519647], [7.56271708, 57.98527968], [7.56615055, 57.98749614]], [[7.55819583, 58.0015347], [7.55932462, 58.00292528], [7.55907154, 58.00324821], [7.55732131, 58.00399482], [7.55595398, 58.00412345], [7.55203915, 58.00283027], [7.55161643, 58.00294566], [7.54894376, 58.00459325], [7.54090154, 58.00376773], [7.55288994, 58.00136137], [7.55052817, 57.99915946], [7.55051637, 57.99887538], [7.55241191, 57.99823296], [7.55608976, 57.99819374], [7.55819583, 58.0015347]], [[7.63852155, 57.99204886], [7.6381129, 57.99120104], [7.6417737, 57.98696935], [7.6424793, 57.98643661], [7.64595306, 57.98607111], [7.64679074, 57.98620915], [7.64711022, 57.98980951], [7.64684415, 57.99002934], [7.64090264, 57.99224424], [7.63934863, 57.99254382], [7.63852155, 57.99204886]], [[7.61821735, 57.99179757], [7.61736655, 57.99198425], [7.61460924, 57.99069285], [7.61451435, 57.99036801], [7.61832011, 57.98815262], [7.6160804, 57.98592043], [7.6202054, 57.98498654], [7.62138844, 57.98508906], [7.62229586, 57.98534274], [7.62267745, 57.98639345], [7.62264538, 57.98731506], [7.62139833, 57.99003983], [7.62118876, 57.99034297], [7.61821735, 57.99179757]], [[7.60700583, 57.9887681], [7.60603452, 57.98896992], [7.60140431, 57.98458672], [7.60139442, 57.98412693], [7.60249746, 57.98285437], [7.60451937, 57.98273242], [7.60680985, 57.98400307], [7.61236405, 57.98329806], [7.61279511, 57.98348963], [7.61326444, 57.98428905], [7.61254144, 57.98540354], [7.60652936, 57.98622262], [7.60750926, 57.98832881], [7.60700583, 57.9887681]], [[11.44593751, 57.99653971], [11.44105864, 57.99827576], [11.43907762, 57.99808884], [11.43987381, 57.99670792], [11.44064093, 57.99648786], [11.44593751, 57.99653971]], [[7.21344304, 57.98223913], [7.20558023, 57.98445582], [7.20319366, 57.98109865], [7.20336091, 57.98050213], [7.20446265, 57.98024583], [7.20899403, 57.97970605], [7.20812261, 57.97829664], [7.21486592, 57.97770083], [7.21592557, 57.97779286], [7.21708524, 57.97870302], [7.21736991, 57.97978127], [7.21344304, 57.98223913]], [[7.34495902, 57.98702097], [7.35067022, 57.98875976], [7.35065114, 57.98919523], [7.34899271, 57.99095392], [7.34103382, 57.99280942], [7.34849203, 57.99453425], [7.34734201, 57.99748707], [7.35550702, 57.99650598], [7.35532355, 57.99903274], [7.35170496, 57.99966216], [7.35161078, 57.99986458], [7.35307467, 58.00164533], [7.35386646, 58.00162816], [7.36441684, 57.99760795], [7.36559975, 57.99573553], [7.37252355, 57.99257076], [7.3828125, 57.98939717], [7.38317335, 57.98942125], [7.38767016, 57.99135625], [7.38793993, 57.99177146], [7.38721442, 57.99298012], [7.3828125, 57.99414062], [7.3828125, 57.99441957], [7.38202655, 57.99469864], [7.37486505, 57.99453628], [7.37407684, 57.99478066], [7.37279344, 58.00300217], [7.36613345, 58.00393522], [7.36462486, 58.00540841], [7.37616253, 58.00405967], [7.37700307, 58.00418532], [7.37704921, 58.0078125], [7.37702334, 58.0078125], [7.37537384, 58.00984514], [7.36979544, 58.01246214], [7.3666743, 58.01363981], [7.35657692, 58.01608634], [7.35564494, 58.01739335], [7.35885131, 58.0179882], [7.35672498, 58.02005243], [7.35193527, 58.02084327], [7.34387231, 58.019593], [7.33178031, 58.02224565], [7.32845295, 58.02202785], [7.32539487, 58.02050221], [7.32556474, 58.02021468], [7.32844186, 58.01789415], [7.33153892, 58.01864064], [7.34049583, 58.01631916], [7.34376192, 58.01218724], [7.34284985, 58.01119685], [7.33968413, 58.01150894], [7.33968437, 58.0087713], [7.34355116, 58.00854731], [7.34386694, 58.0078125], [7.34404111, 58.0078125], [7.34403193, 58.00596488], [7.34860897, 58.00461984], [7.34945667, 58.00308478], [7.34544492, 58.00201118], [7.34093905, 58.00415277], [7.33782005, 58.00372851], [7.33701372, 58.00254405], [7.34103525, 58.00058901], [7.34015202, 57.99917686], [7.33212841, 58.00224614], [7.32523012, 58.00245476], [7.32793558, 58.00016785], [7.32339215, 57.99757445], [7.32316065, 57.99665952], [7.32364845, 57.99615586], [7.32459354, 57.99612856], [7.32712257, 57.99716055], [7.32934332, 57.99504817], [7.33710682, 57.99324214], [7.33754277, 57.98996615], [7.33857226, 57.98876524], [7.34047222, 57.98764086], [7.34495902, 57.98702097]], [[7.09461725, 57.98883653], [7.09441733, 57.98909354], [7.09238458, 57.9894222], [7.08957708, 57.98861277], [7.08739853, 57.98736656], [7.08797693, 57.98722255], [7.09267771, 57.98755681], [7.09461725, 57.98883653]], [[7.20314407, 57.99068296], [7.20594025, 57.98886466], [7.20858431, 57.98920596], [7.20791614, 57.99119973], [7.21083868, 57.99330485], [7.21083856, 57.99386525], [7.20814598, 57.99584925], [7.20579374, 57.99387562], [7.20209932, 57.99396193], [7.20314407, 57.99068296]], [[7.18996906, 57.99577606], [7.19210541, 57.99665511], [7.19067144, 57.99992597], [7.19470096, 58.00275981], [7.19785833, 58.00107503], [7.19936836, 58.00129223], [7.20145011, 58.00296295], [7.20249796, 58.00440276], [7.20244801, 58.00476694], [7.20051134, 58.00539231], [7.20317244, 58.00599432], [7.20362556, 58.0078125], [7.20334721, 58.0078125], [7.20344782, 58.00793731], [7.20081902, 58.00904345], [7.20269477, 58.01214004], [7.20254803, 58.01278424], [7.20149803, 58.01337194], [7.19947624, 58.01354206], [7.19401872, 58.01280141], [7.19112992, 58.01075697], [7.19080412, 58.0104537], [7.18972385, 58.00862455], [7.19350111, 58.00795865], [7.19334757, 58.0078125], [7.19314694, 58.0078125], [7.19109905, 58.00649416], [7.19204664, 58.00576556], [7.18732572, 58.00332975], [7.18778896, 57.99671531], [7.18887067, 57.99583435], [7.18996906, 57.99577606]], [[7.16765916, 58.01347685], [7.16879487, 58.0138545], [7.16861045, 58.01636553], [7.16834438, 58.01719916], [7.16487432, 58.0137279], [7.16506445, 58.01352763], [7.16765916, 58.01347685]], [[7.33099055, 58.01438928], [7.33196342, 58.01437163], [7.33258104, 58.01482487], [7.3317517, 58.01657021], [7.32822502, 58.01734245], [7.32841134, 58.01567984], [7.33099055, 58.01438928]], [[7.20666444, 58.00285614], [7.2032994, 57.99963248], [7.19422924, 57.99857736], [7.19322085, 57.99650705], [7.19512391, 57.99598253], [7.19874132, 57.99777114], [7.20653975, 57.99838448], [7.21030617, 57.99725127], [7.210904, 57.99752092], [7.21136904, 57.9991188], [7.20814204, 57.99954462], [7.20777452, 58.00255942], [7.20666444, 58.00285614]], [[7.30671775, 57.99957371], [7.30779386, 57.99931002], [7.30933833, 58.00112331], [7.30550444, 58.00169885], [7.30461991, 58.00066125], [7.30671775, 57.99957371]], [[7.38686955, 58.01094985], [7.38892806, 58.01008046], [7.38952267, 58.01013911], [7.38839567, 58.01273465], [7.38791704, 58.01308656], [7.38664436, 58.01147056], [7.38686955, 58.01094985]], [[7.42867756, 58.00765777], [7.43811572, 58.00483727], [7.43871272, 58.00485301], [7.43923211, 58.00600016], [7.43677807, 58.0078125], [7.43386257, 58.0078125], [7.43399775, 58.00889575], [7.43078506, 58.00914991], [7.4293648, 58.00941455], [7.42821431, 58.00912595], [7.42790985, 58.00880122], [7.42912614, 58.0078125], [7.42891896, 58.0078125], [7.42867756, 58.00765777]], [[7.48236072, 58.0078125], [7.48274183, 58.00582135], [7.48233414, 58.00477254], [7.47984576, 58.00345051], [7.48351514, 58.00191414], [7.48904741, 58.00239623], [7.48832965, 58.00344121], [7.49143171, 58.00463223], [7.49166036, 58.00528312], [7.49093795, 58.00667012], [7.4853847, 58.00766897], [7.48550427, 58.0078125], [7.48596561, 58.0078125], [7.48846054, 58.00960386], [7.48805606, 58.01018143], [7.48746443, 58.01029742], [7.48088062, 58.01011837], [7.48280776, 58.0078125], [7.48236072, 58.0078125]], [[7.45063496, 58.00318634], [7.44586575, 58.00453746], [7.44368303, 58.00321937], [7.44390965, 58.0027343], [7.44750214, 58.00089085], [7.44875205, 58.00098276], [7.44956756, 58.00125051], [7.45063496, 58.00318634]], [[7.40034056, 58.00259948], [7.39591122, 58.00684702], [7.39296567, 58.00420082], [7.39677227, 58.00339484], [7.40036428, 58.00027895], [7.40532124, 58.00071275], [7.40034056, 58.00259948]], [[7.3828125, 58.00474334], [7.38098156, 58.00486827], [7.38039112, 58.00484455], [7.378829, 58.00345123], [7.38205063, 58.00354826], [7.3828125, 58.00334823], [7.3828125, 58.00306904], [7.38521707, 58.00181377], [7.38671112, 58.00179255], [7.38726926, 58.00212514], [7.3862375, 58.00463951], [7.3828125, 58.00474334]], [[7.42143798, 57.99979377], [7.41901195, 57.99844766], [7.41913867, 57.99785054], [7.42115486, 57.99675393], [7.42358422, 57.99653482], [7.42423367, 57.99663985], [7.42519784, 57.99765527], [7.4249773, 57.99883103], [7.42143798, 57.99979377]], [[7.48817456, 57.99674082], [7.48460412, 57.99473357], [7.48312283, 57.99216986], [7.48700345, 57.99089885], [7.48932993, 57.98830843], [7.49163401, 57.98830724], [7.4921118, 57.98866355], [7.4958173, 57.99679136], [7.48943377, 57.99748886], [7.48817456, 57.99674082]], [[7.43615985, 57.99536705], [7.43340445, 57.99557555], [7.43295515, 57.99305904], [7.43616545, 57.99153817], [7.43445444, 57.98757148], [7.43805695, 57.98750186], [7.43883002, 57.98812234], [7.44135761, 57.99121773], [7.44115615, 57.99149478], [7.43615985, 57.99536705]], [[7.4223721, 57.99549913], [7.42055237, 57.99553192], [7.42026222, 57.9933511], [7.42087495, 57.9926542], [7.42295921, 57.99110222], [7.42563415, 57.99089861], [7.42732823, 57.99348974], [7.4223721, 57.99549913]], [[7.40364945, 57.99531162], [7.40406895, 57.99687505], [7.40632987, 57.99680316], [7.40469861, 57.99820554], [7.40088308, 57.99891114], [7.39784563, 57.99855781], [7.39411104, 57.99741697], [7.39387226, 57.99652946], [7.39633405, 57.99533164], [7.40163243, 57.99465585], [7.40364945, 57.99531162]], [[7.25273263, 58.02378595], [7.25155663, 58.02607393], [7.24918675, 58.02659404], [7.24723744, 58.02500916], [7.25169218, 58.02309334], [7.25237465, 58.02317786], [7.25273263, 58.02378595]], [[7.21650445, 58.02413487], [7.21615374, 58.02520955], [7.22127175, 58.02580905], [7.22250962, 58.02817392], [7.22726583, 58.02702355], [7.22840226, 58.02465796], [7.23928022, 58.0253576], [7.23184836, 58.03071678], [7.22940195, 58.03165364], [7.22760463, 58.03016806], [7.21791446, 58.03066516], [7.21933687, 58.02976668], [7.21739185, 58.02802205], [7.20952404, 58.02594066], [7.2092185, 58.02561605], [7.20957947, 58.02496076], [7.21058333, 58.02409995], [7.21624124, 58.02399552], [7.21650445, 58.02413487]], [[7.18906498, 58.02635098], [7.18758845, 58.02798057], [7.19019055, 58.02879405], [7.1923511, 58.03334045], [7.18478346, 58.04115987], [7.18367457, 58.04189515], [7.17999434, 58.04098535], [7.17970586, 58.04061365], [7.17871976, 58.03835571], [7.17868006, 58.0381006], [7.18066001, 58.03736174], [7.18102205, 58.03371835], [7.17782605, 58.03790653], [7.17333508, 58.03786063], [7.16920555, 58.03600574], [7.17169392, 58.03446925], [7.16915202, 58.03160214], [7.17092037, 58.02515352], [7.17153597, 58.02494204], [7.17884457, 58.02574384], [7.18906498, 58.02635098]], [[7.16466892, 58.02924752], [7.16407168, 58.02933955], [7.16283023, 58.02668345], [7.16832995, 58.02513325], [7.16853166, 58.02525485], [7.16803956, 58.02776003], [7.16770613, 58.02806735], [7.16466892, 58.02924752]], [[7.25156248, 58.02955747], [7.25095046, 58.02746987], [7.25302911, 58.02763641], [7.25994623, 58.03022516], [7.25156248, 58.02955747]], [[7.30208921, 58.02457893], [7.30366206, 58.02414525], [7.30588877, 58.02415204], [7.3067615, 58.02468336], [7.30648541, 58.02637148], [7.30131745, 58.02568245], [7.30208921, 58.02457893]], [[7.32529664, 58.02663112], [7.32828414, 58.02523875], [7.3293792, 58.02529252], [7.33167315, 58.02584755], [7.33097434, 58.02711356], [7.32529664, 58.02663112]], [[7.05813491, 58.05295014], [7.05745661, 58.05312264], [7.05266356, 58.05010366], [7.05320752, 58.04789364], [7.05360532, 58.04804647], [7.05909467, 58.05122864], [7.05813491, 58.05295014]], [[7.10713482, 58.06365061], [7.10385752, 58.06488955], [7.10102355, 58.06473732], [7.10077465, 58.06459963], [7.10139525, 58.06279135], [7.102355, 58.06229591], [7.10469055, 58.06234241], [7.10728252, 58.06319225], [7.10713482, 58.06365061]], [[11.52036726, 57.95404863], [11.52611935, 57.9530791], [11.52632284, 57.95343864], [11.52587175, 57.95454895], [11.52036726, 57.95404863]], [[11.51181293, 57.94601417], [11.51408756, 57.94515407], [11.51605678, 57.94527042], [11.51692247, 57.94610214], [11.51559866, 57.94649375], [11.51209784, 57.94630468], [11.51181293, 57.94601417]], [[11.51199985, 57.94503701], [11.50772965, 57.94561815], [11.50667465, 57.94506717], [11.50704634, 57.94403708], [11.50805116, 57.94364715], [11.50901616, 57.94366622], [11.51199985, 57.94503701]], [[11.50221705, 58.00204837], [11.50515783, 58.0078125], [11.50525105, 58.0078125], [11.50402331, 58.01050365], [11.50249231, 58.01098371], [11.49980664, 58.01112342], [11.49851155, 58.01095855], [11.49554372, 58.00968826], [11.49683046, 58.0078125], [11.49729884, 58.0078125], [11.49871886, 58.00628626], [11.49680436, 58.00322688], [11.49759483, 58.00183701], [11.49895108, 58.00145841], [11.50221705, 58.00204837]], [[11.61740255, 58.05949366], [11.61661816, 58.05642057], [11.61386001, 58.0557667], [11.61755586, 58.05399322], [11.61934686, 58.05390418], [11.61989725, 58.05423367], [11.62053275, 58.05845106], [11.61740255, 58.05949366]], [[11.7417556, 58.07872236], [11.73953354, 58.07590616], [11.73988366, 58.07455611], [11.74059582, 58.07446826], [11.74142766, 58.07460403], [11.74355853, 58.07688117], [11.74240351, 58.07902634], [11.7417556, 58.07872236]], [[11.72164607, 58.07863748], [11.72095168, 58.07871687], [11.71772575, 58.07602203], [11.71746492, 58.07525587], [11.71868551, 58.07438862], [11.72128487, 58.07440293], [11.72281647, 58.07517147], [11.72300124, 58.07548976], [11.72164607, 58.07863748]], [[11.71448982, 58.07305527], [11.71438003, 58.07504046], [11.71139097, 58.07417154], [11.70856321, 58.07101715], [11.70897496, 58.0704509], [11.71036124, 58.07034183], [11.71395683, 58.07259464], [11.71448982, 58.07305527]], [[11.70552731, 58.07308495], [11.70425785, 58.07314634], [11.70048654, 58.07053316], [11.70048964, 58.0695312], [11.70072198, 58.0691154], [11.70542824, 58.06901395], [11.70577776, 58.06980145], [11.70706427, 58.07224846], [11.70552731, 58.07308495]], [[11.76192701, 58.31621957], [11.7559005, 58.31668532], [11.75400937, 58.31565225], [11.75476634, 58.31447065], [11.75672054, 58.31424355], [11.75900662, 58.31414974], [11.76245594, 58.31572771], [11.76192701, 58.31621957]], [[11.77585352, 58.32066524], [11.77576435, 58.32323897], [11.77421761, 58.32410371], [11.77306116, 58.32428157], [11.77219415, 58.32323992], [11.77320194, 58.32163441], [11.77585352, 58.32066524]], [[11.89116144, 58.34257495], [11.88776505, 58.34327805], [11.88459885, 58.34234035], [11.88434625, 58.34218454], [11.88495946, 58.34109783], [11.88696456, 58.34097874], [11.89116144, 58.34257495]], [[11.58833885, 58.37646461], [11.59505665, 58.38037026], [11.5941298, 58.39433551], [11.5933032, 58.39466035], [11.58784151, 58.39443624], [11.58523166, 58.39472365], [11.5826627, 58.39277816], [11.58140922, 58.39160216], [11.5792104, 58.38742471], [11.57775187, 58.38042712], [11.57774734, 58.38012815], [11.57963753, 58.37823224], [11.57963276, 58.37760723], [11.57776892, 58.37230492], [11.5779953, 58.37142074], [11.57829785, 58.3677541], [11.58165801, 58.36503971], [11.58059144, 58.36144435], [11.58904827, 58.36587906], [11.58833265, 58.36811316], [11.591398, 58.37044215], [11.59145713, 58.37486053], [11.58826911, 58.37629426], [11.58833885, 58.37646461]], [[11.60535288, 58.39481652], [11.60713887, 58.39359701], [11.60839248, 58.39369631], [11.61059475, 58.39531612], [11.61056316, 58.39568865], [11.60766435, 58.39641094], [11.60714245, 58.39651275], [11.60520637, 58.39542401], [11.60535288, 58.39481652]], [[11.60008311, 58.39132965], [11.6015625, 58.39034593], [11.6018306, 58.39037001], [11.60299456, 58.38899684], [11.60243535, 58.3880676], [11.6015625, 58.38755584], [11.59786534, 58.38722157], [11.59792113, 58.38675654], [11.6015625, 58.38364947], [11.60223091, 58.38325822], [11.60462284, 58.37863445], [11.60491192, 58.37864745], [11.61054814, 58.38118374], [11.61267233, 58.38768494], [11.61193931, 58.38880682], [11.60769212, 58.38956952], [11.60648692, 58.39147782], [11.60278142, 58.39196444], [11.6015625, 58.39202011], [11.60008311, 58.39132965]], [[11.61561024, 58.40135932], [11.6151818, 58.40393043], [11.61227763, 58.40490222], [11.61075163, 58.40353596], [11.61148202, 58.40166092], [11.61168933, 58.40139532], [11.61520481, 58.40097964], [11.61561024, 58.40135932]], [[11.43952644, 58.37079], [11.43914187, 58.3708564], [11.43080986, 58.36910796], [11.43295741, 58.36766851], [11.42621231, 58.36537492], [11.43129265, 58.36274171], [11.43267953, 58.36251092], [11.4432584, 58.36155617], [11.44319952, 58.36318386], [11.43997037, 58.36670125], [11.4425323, 58.36839855], [11.43952644, 58.37079]], [[11.42561674, 58.37082243], [11.42847025, 58.3723284], [11.4283632, 58.37412977], [11.42532992, 58.37314951], [11.42561674, 58.37082243]], [[11.33717418, 58.36139226], [11.33750927, 58.3623836], [11.3333894, 58.36302996], [11.32829344, 58.36196721], [11.33006215, 58.36105895], [11.33531237, 58.36106396], [11.33717418, 58.36139226]], [[11.30509341, 58.36424255], [11.29896176, 58.36427176], [11.29853284, 58.36329842], [11.30304194, 58.36131632], [11.30601764, 58.36293447], [11.30577338, 58.36401153], [11.30509341, 58.36424255]], [[11.30970097, 58.36686265], [11.30725098, 58.36865377], [11.3028841, 58.36827326], [11.30272126, 58.36799085], [11.30418634, 58.36695051], [11.31031716, 58.36582124], [11.30970097, 58.36686265]], [[11.31011462, 58.37188375], [11.30771315, 58.37256503], [11.30729616, 58.37121904], [11.30744135, 58.37094641], [11.31095636, 58.3694694], [11.31154645, 58.36955726], [11.31213224, 58.37048042], [11.31157792, 58.37127244], [11.31011462, 58.37188375]], [[11.27266514, 58.44315052], [11.2724694, 58.44256258], [11.27631998, 58.44030082], [11.27687681, 58.44048333], [11.2807343, 58.44390964], [11.27656174, 58.4459244], [11.27266514, 58.44315052]], [[11.20189464, 58.75277841], [11.20376337, 58.75167096], [11.20431817, 58.75175154], [11.20574904, 58.75350893], [11.20366967, 58.75499666], [11.20269156, 58.75506556], [11.20159924, 58.75460577], [11.20189464, 58.75277841]], [[11.2271589, 58.74079394], [11.22953367, 58.74058187], [11.23159051, 58.74129784], [11.23204112, 58.74226975], [11.22944963, 58.74297571], [11.22793353, 58.74305844], [11.22746205, 58.74274743], [11.22692895, 58.74101007], [11.2271589, 58.74079394]], [[11.23060453, 58.83587003], [11.22950387, 58.83596444], [11.22523797, 58.83519173], [11.23479235, 58.83444953], [11.23060453, 58.83587003]], [[11.22067535, 58.83573985], [11.21441376, 58.83680356], [11.21401203, 58.83665872], [11.21358836, 58.83558774], [11.21422708, 58.83482933], [11.21779776, 58.83461785], [11.22180033, 58.83515596], [11.22067535, 58.83573985]], [[11.2234447, 58.84561944], [11.22305036, 58.84567523], [11.21887302, 58.84395981], [11.22067535, 58.84223747], [11.22138095, 58.84192491], [11.2228657, 58.84214425], [11.22420704, 58.84277046], [11.2234447, 58.84561944]], [[11.32630825, 59.11202443], [11.32587516, 59.11434293], [11.32207966, 59.11577237], [11.31961453, 59.11399233], [11.32034254, 59.11312151], [11.32139397, 59.11255574], [11.32576084, 59.11193311], [11.32630825, 59.11202443]], [[11.34879971, 59.11258638], [11.35711956, 59.10972404], [11.35773075, 59.10972691], [11.36248064, 59.11057723], [11.3631736, 59.11085296], [11.36493075, 59.11317635], [11.36495495, 59.11389852], [11.36301124, 59.11547005], [11.35986245, 59.11627865], [11.3593204, 59.11637998], [11.35107446, 59.11525238], [11.34879971, 59.11258638]], [[11.11316764, 59.12685835], [11.11060452, 59.13046336], [11.10474217, 59.12712312], [11.10663605, 59.12467206], [11.10788834, 59.12436521], [11.10960043, 59.12443638], [11.11109781, 59.12489736], [11.11316764, 59.12685835]], [[11.18158054, 59.14773214], [11.18145967, 59.15028834], [11.179021, 59.15033054], [11.17597032, 59.14682317], [11.18203855, 59.14606953], [11.18388796, 59.14694715], [11.18158054, 59.14773214]], [[11.16897893, 59.17828298], [11.16701365, 59.17871666], [11.16459727, 59.17730677], [11.16465294, 59.17699325], [11.16955745, 59.17652226], [11.17032897, 59.17765474], [11.16897893, 59.17828298]], [[11.12020278, 59.13589311], [11.11920333, 59.13594305], [11.11778665, 59.13464725], [11.11803234, 59.13291252], [11.11852825, 59.13263273], [11.12001777, 59.13269293], [11.12224627, 59.13374233], [11.12209368, 59.13454235], [11.12020278, 59.13589311]], [[11.11579847, 59.14458835], [11.11668766, 59.14478982], [11.11757648, 59.14743161], [11.11356175, 59.15013671], [11.11253381, 59.14956784], [11.11544025, 59.14727223], [11.11396325, 59.14577377], [11.11415982, 59.14542282], [11.11579847, 59.14458835]], [[10.98668885, 59.16478574], [10.98568082, 59.16895163], [10.98801064, 59.16944861], [10.98272586, 59.17039716], [10.97761321, 59.16788995], [10.97725606, 59.16448486], [10.97463906, 59.16280627], [10.97621107, 59.16175961], [10.97269034, 59.16150665], [10.97265005, 59.16087115], [10.97776318, 59.15778363], [10.97913361, 59.15765858], [10.97969973, 59.1578027], [10.98578453, 59.16254628], [10.98393714, 59.16418326], [10.98387957, 59.16444123], [10.98668885, 59.16478574]], [[10.9730947, 59.16869783], [10.97174466, 59.16901231], [10.97066557, 59.16804385], [10.97130477, 59.16598177], [10.97286928, 59.16506124], [10.97389805, 59.16511881], [10.97591352, 59.16585255], [10.9730947, 59.16869783]], [[10.98933518, 59.16535127], [10.99002445, 59.16500735], [10.99197435, 59.16503906], [10.99284863, 59.16532517], [10.99329674, 59.16689467], [10.99277794, 59.16733813], [10.99177802, 59.16754234], [10.99010503, 59.16653025], [10.98933518, 59.16535127]], [[10.89345407, 59.15274358], [10.89326322, 59.1533792], [10.89137566, 59.15408385], [10.88979673, 59.1512922], [10.89141011, 59.15068996], [10.89294147, 59.15087128], [10.89345407, 59.15274358]], [[10.89340258, 59.16336668], [10.89279175, 59.16363704], [10.89097154, 59.16195512], [10.89273953, 59.16102064], [10.89354074, 59.16120374], [10.89340258, 59.16336668]], [[10.89116585, 59.17145514], [10.89318705, 59.17315388], [10.89173651, 59.17426264], [10.88983142, 59.17170274], [10.89116585, 59.17145514]], [[10.89359522, 59.17495811], [10.89456975, 59.17418242], [10.89612675, 59.17448914], [10.89731371, 59.17719352], [10.89388263, 59.17545617], [10.89359522, 59.17495811]], [[10.89682627, 59.17367005], [10.89653242, 59.17220414], [10.89931905, 59.17283165], [10.89931905, 59.17398751], [10.89813447, 59.17407048], [10.89682627, 59.17367005]], [[10.70232666, 59.30779922], [10.70131683, 59.30782175], [10.70081997, 59.30761707], [10.70088613, 59.30511093], [10.70267224, 59.30379736], [10.70364392, 59.30400074], [10.70425522, 59.30607975], [10.70362675, 59.30711377], [10.70232666, 59.30779922]], [[10.66887724, 59.50154543], [10.67051661, 59.50151813], [10.67132056, 59.50247085], [10.67110944, 59.50300086], [10.66857612, 59.50399387], [10.66775095, 59.50200903], [10.66887724, 59.50154543]], [[10.71494663, 59.86119354], [10.71611857, 59.86109698], [10.71719885, 59.86209965], [10.72071815, 59.86304235], [10.72029066, 59.86398053], [10.71964848, 59.86419916], [10.7154901, 59.86337972], [10.71494663, 59.86119354]], [[10.72958756, 59.85435271], [10.72560704, 59.85200596], [10.73022914, 59.85312581], [10.73296785, 59.85391426], [10.733006, 59.85423136], [10.73224306, 59.85451233], [10.72958756, 59.85435271]]]]}, "geometry_name": "the_geom", "properties": {"name": "Skagerrak", "id": "3", "longitude": 9.64191545629, "latitude": 58.1397547443, "min_x": 6.99822115858, "min_y": 57.09880185142, "max_x": 11.91655933884, "max_y": 59.91914391516, "area": 32040, "mrgid": 2379}}], "totalFeatures": 1, "numberMatched": 1, "numberReturned": 1, "timeStamp": "2026-08-12T16:56:04.140Z", "crs": {"type": "name", "properties": {"name": "urn:ogc:def:crs:EPSG::4326"}}}