region,doy,seasonal_c,threshold_c
adriatic-sea,1,14.192307472229004,15.29793966970136
adriatic-sea,2,14.142281532287598,15.239415377955284
adriatic-sea,3,14.093249320983887,15.180450534820558
adriatic-sea,4,14.045184135437012,15.12238053967876
adriatic-sea,5,13.998076438903809,15.064461055878672
adriatic-sea,6,13.951929092407227,15.00749295757663
adriatic-sea,7,13.906679153442383,14.952176952362061
adriatic-sea,8,13.862458229064941,14.898495003484914
adriatic-sea,9,13.819209098815918,14.846405856840075
adriatic-sea,10,13.776894569396973,14.798199641320016
adriatic-sea,11,13.735601425170898,14.752662923259122
adriatic-sea,12,13.695381164550781,14.71067024661649
adriatic-sea,13,13.656177520751953,14.67122025028352
adriatic-sea,14,13.618013381958008,14.632896617151077
adriatic-sea,15,13.580862998962402,14.595384520869102
adriatic-sea,16,13.544893264770508,14.559221864515736
adriatic-sea,17,13.510711669921875,14.525247189306443
adriatic-sea,18,13.477437019348145,14.494457764779368
adriatic-sea,19,13.444881439208984,14.463518754897576
adriatic-sea,20,13.413180351257324,14.432534180918045
adriatic-sea,21,13.382469177246094,14.402861924325263
adriatic-sea,22,13.352609634399414,14.3726686293079
adriatic-sea,23,13.3234281539917,14.34389319573679
adriatic-sea,24,13.29482364654541,14.317762700973018
adriatic-sea,25,13.266942977905273,14.294895682796355
adriatic-sea,26,13.239901542663574,14.271725802267751
adriatic-sea,27,13.213583946228027,14.246034474526683
adriatic-sea,28,13.188067436218262,14.216838839746291
adriatic-sea,29,13.163496971130371,14.189978608777446
adriatic-sea,30,13.139994621276855,14.163424058114328
adriatic-sea,31,13.11751937866211,14.137923053003126
adriatic-sea,32,13.095973014831543,14.114148979802284
adriatic-sea,33,13.075294494628906,14.091140780910369
adriatic-sea,34,13.055624008178711,14.069225649679861
adriatic-sea,35,13.037065505981445,14.048342757071218
adriatic-sea,36,13.019549369812012,14.029070254295103
adriatic-sea,37,13.002984046936035,14.0100127497027
adriatic-sea,38,12.987439155578613,13.991646139083368
adriatic-sea,39,12.972943305969238,13.972293253867857
adriatic-sea,40,12.959563255310059,13.951050112324376
adriatic-sea,41,12.947355270385742,13.929347038269043
adriatic-sea,42,12.936243057250977,13.906762664548811
adriatic-sea,43,12.925973892211914,13.883204650878906
adriatic-sea,44,12.916598320007324,13.858898873482982
adriatic-sea,45,12.907805442810059,13.834003644348474
adriatic-sea,46,12.900152206420898,13.811015171133063
adriatic-sea,47,12.89327621459961,13.78845847242622
adriatic-sea,48,12.887174606323242,13.767329885626351
adriatic-sea,49,12.881943702697754,13.746355089577298
adriatic-sea,50,12.87765121459961,13.726801658958516
adriatic-sea,51,12.874178886413574,13.708421032403104
adriatic-sea,52,12.871493339538574,13.692804843123243
adriatic-sea,53,12.869657516479492,13.682391005690379
adriatic-sea,54,12.86879825592041,13.672585267918084
adriatic-sea,55,12.869142532348633,13.664450010689354
adriatic-sea,56,12.87064266204834,13.6594066363509
adriatic-sea,57,12.873268127441406,13.655492470854073
adriatic-sea,58,12.87716007232666,13.655310798973167
adriatic-sea,59,12.8823823928833,13.659904232845511
adriatic-sea,60,12.88880443572998,13.667018870897193
adriatic-sea,61,12.896283149719238,13.675735069603048
adriatic-sea,62,12.904701232910156,13.685811217113208
adriatic-sea,63,12.91394329071045,13.696449383356239
adriatic-sea,64,12.924009323120117,13.707531438848024
adriatic-sea,65,12.934906005859375,13.71991442608577
adriatic-sea,66,12.946497917175293,13.733650784851402
adriatic-sea,67,12.958784103393555,13.748042259421402
adriatic-sea,68,12.971784591674805,13.763049349220852
adriatic-sea,69,12.985569953918457,13.780073820134646
adriatic-sea,70,13.000312805175781,13.801624324757565
adriatic-sea,71,13.016011238098145,13.826904372758765
adriatic-sea,72,13.032623291015625,13.853422031607682
adriatic-sea,73,13.05023193359375,13.882905048452399
adriatic-sea,74,13.06895637512207,13.913527459995722
adriatic-sea,75,13.088614463806152,13.944902837404642
adriatic-sea,76,13.109705924987793,13.97876370030065
adriatic-sea,77,13.132102012634277,14.013152251705048
adriatic-sea,78,13.156408309936523,14.049054327318744
adriatic-sea,79,13.182698249816895,14.085754336080246
adriatic-sea,80,13.210799217224121,14.123837240280645
adriatic-sea,81,13.240520477294922,14.164601390592516
adriatic-sea,82,13.271925926208496,14.208676824262065
adriatic-sea,83,13.305092811584473,14.253343093010688
adriatic-sea,84,13.340097427368164,14.296333832894602
adriatic-sea,85,13.377135276794434,14.34022651795418
adriatic-sea,86,13.41610336303711,14.385140926607196
adriatic-sea,87,13.45653247833252,14.430308486569311
adriatic-sea,88,13.498068809509277,14.479336692440894
adriatic-sea,89,13.54053783416748,14.530991098957676
adriatic-sea,90,13.583962440490723,14.584960208400604
adriatic-sea,91,13.628625869750977,14.641279943527712
adriatic-sea,92,13.674774169921875,14.699533634801066
adriatic-sea,93,13.722550392150879,14.762260735419487
adriatic-sea,94,13.772241592407227,14.828969789320423
adriatic-sea,95,13.824066162109375,14.899096738138505
adriatic-sea,96,13.878129005432129,14.970781427814115
adriatic-sea,97,13.93470573425293,15.041973034028084
adriatic-sea,98,13.994348526000977,15.115933916645664
adriatic-sea,99,14.057329177856445,15.193395706915089
adriatic-sea,100,14.123530387878418,15.272124961114699
adriatic-sea,101,14.192811012268066,15.352060708691997
adriatic-sea,102,14.265229225158691,15.438468413199148
adriatic-sea,103,14.340773582458496,15.529348967152258
adriatic-sea,104,14.41939640045166,15.622884196619834
adriatic-sea,105,14.50083065032959,15.72284868301884
adriatic-sea,106,14.584875106811523,15.823280494443834
adriatic-sea,107,14.671174049377441,15.92532292950538
adriatic-sea,108,14.759604454040527,16.028462296147502
adriatic-sea,109,14.849924087524414,16.134044730278756
adriatic-sea,110,14.942310333251953,16.244788385206657
adriatic-sea,111,15.0370454788208,16.35959231468939
adriatic-sea,112,15.134510040283203,16.481440482601048
adriatic-sea,113,15.234575271606445,16.609209217563755
adriatic-sea,114,15.336946487426758,16.74086153891779
adriatic-sea,115,15.441290855407715,16.87414709829515
adriatic-sea,116,15.547292709350586,17.00926715789303
adriatic-sea,117,15.654786109924316,17.14396708396173
adriatic-sea,118,15.76401138305664,17.279724391814202
adriatic-sea,119,15.874931335449219,17.41515817642212
adriatic-sea,120,15.987391471862793,17.551966741008147
adriatic-sea,121,16.100906372070312,17.6907311254932
adriatic-sea,122,16.215106964111328,17.828492346117574
adriatic-sea,123,16.329626083374023,17.9646478068444
adriatic-sea,124,16.44451332092285,18.096945411928235
adriatic-sea,125,16.559894561767578,18.226775969228434
adriatic-sea,126,16.676179885864258,18.354796963353312
adriatic-sea,127,16.793838500976562,18.484597550669026
adriatic-sea,128,16.91295051574707,18.618996066431848
adriatic-sea,129,17.033016204833984,18.75601298424506
adriatic-sea,130,17.153854370117188,18.891522266018775
adriatic-sea,131,17.275876998901367,19.030018554195284
adriatic-sea,132,17.39902687072754,19.17171299842096
adriatic-sea,133,17.522842407226562,19.30763595334945
adriatic-sea,134,17.647192001342773,19.4416401094006
adriatic-sea,135,17.77204704284668,19.57525387425577
adriatic-sea,136,17.89781379699707,19.705375216084143
adriatic-sea,137,18.024538040161133,19.843884037386985
adriatic-sea,138,18.152151107788086,19.985102862696497
adriatic-sea,139,18.280498504638672,20.133136343186905
adriatic-sea,140,18.40997886657715,20.285467209354525
adriatic-sea,141,18.540525436401367,20.44009412334811
adriatic-sea,142,18.671689987182617,20.594636615630115
adriatic-sea,143,18.803264617919922,20.74096711066461
adriatic-sea,144,18.9354305267334,20.880718569601733
adriatic-sea,145,19.06815528869629,21.015688619306005
adriatic-sea,146,19.201494216918945,21.148979482343112
adriatic-sea,147,19.335453033447266,21.28365442829747
adriatic-sea,148,19.470155715942383,21.421734434558495
adriatic-sea,149,19.605609893798828,21.562858618459387
adriatic-sea,150,19.741960525512695,21.702465205038738
adriatic-sea,151,19.879085540771484,21.83971347193564
adriatic-sea,152,20.017234802246094,21.97437830894224
adriatic-sea,153,20.15623664855957,22.11213348757836
adriatic-sea,154,20.295995712280273,22.253980076697562
adriatic-sea,155,20.436403274536133,22.399081199399888
adriatic-sea,156,20.577375411987305,22.546413138604933
adriatic-sea,157,20.718103408813477,22.696488472723193
adriatic-sea,158,20.857542037963867,22.845762295876778
adriatic-sea,159,20.99502944946289,22.992193511224556
adriatic-sea,160,21.130294799804688,23.136092868927985
adriatic-sea,161,21.263233184814453,23.278385549975976
adriatic-sea,162,21.39362144470215,23.418646910882764
adriatic-sea,163,21.52164077758789,23.552050842777376
adriatic-sea,164,21.647815704345703,23.683189644352083
adriatic-sea,165,21.772417068481445,23.815057065410002
adriatic-sea,166,21.89543342590332,23.94389460779006
adriatic-sea,167,22.016735076904297,24.069909784870767
adriatic-sea,168,22.136507034301758,24.186799843080582
adriatic-sea,169,22.254966735839844,24.301412686994
adriatic-sea,170,22.372127532958984,24.408167894424928
adriatic-sea,171,22.48748016357422,24.50824153654037
adriatic-sea,172,22.600534439086914,24.599840182642783
adriatic-sea,173,22.711246490478516,24.687488260576803
adriatic-sea,174,22.81926918029785,24.774225136541553
adriatic-sea,175,22.924259185791016,24.860268143684635
adriatic-sea,176,23.026304244995117,24.945502539603943
adriatic-sea,177,23.125268936157227,25.029700156181093
adriatic-sea,178,23.22068214416504,25.111144268897274
adriatic-sea,179,23.31231117248535,25.187501685850084
adriatic-sea,180,23.40028190612793,25.259374464711836
adriatic-sea,181,23.48480796813965,25.32847044544835
adriatic-sea,182,23.566509246826172,25.395225377236642
adriatic-sea,183,23.645841598510742,25.459950951606995
adriatic-sea,184,23.72304344177246,25.51969888133387
adriatic-sea,185,23.79819107055664,25.57454355916669
adriatic-sea,186,23.871049880981445,25.624917479484306
adriatic-sea,187,23.941274642944336,25.671866921455624
adriatic-sea,188,24.00920867919922,25.71568557370093
adriatic-sea,189,24.07567024230957,25.756670890315885
adriatic-sea,190,24.141225814819336,25.796096758688652
adriatic-sea,191,24.20606231689453,25.834398121987622
adriatic-sea,192,24.269947052001953,25.873236785396458
adriatic-sea,193,24.3324031829834,25.91024737204275
adriatic-sea,194,24.393081665039062,25.94772950449298
adriatic-sea,195,24.45205307006836,25.986295736989668
adriatic-sea,196,24.50935173034668,26.0246924554148
adriatic-sea,197,24.56516456604004,26.065579580491587
adriatic-sea,198,24.61968994140625,26.10540041154431
adriatic-sea,199,24.672971725463867,26.146026562106222
adriatic-sea,200,24.724605560302734,26.187354500063005
adriatic-sea,201,24.77448272705078,26.227558437470474
adriatic-sea,202,24.822668075561523,26.26703941591325
adriatic-sea,203,24.869226455688477,26.308771970195163
adriatic-sea,204,24.91416358947754,26.350411716584244
adriatic-sea,205,24.957534790039062,26.39290737029045
adriatic-sea,206,24.999208450317383,26.433088880969635
adriatic-sea,207,25.039039611816406,26.473227433235415
adriatic-sea,208,25.077133178710938,26.5122169679211
adriatic-sea,209,25.11376953125,26.549456473319754
adriatic-sea,210,25.149181365966797,26.58571166376913
adriatic-sea,211,25.183645248413086,26.620656093474352
adriatic-sea,212,25.216806411743164,26.653127393414895
adriatic-sea,213,25.248310089111328,26.683881605825114
adriatic-sea,214,25.27811050415039,26.713468016347573
adriatic-sea,215,25.306337356567383,26.742947621499336
adriatic-sea,216,25.333110809326172,26.77130931115919
adriatic-sea,217,25.358552932739258,26.79999850488478
adriatic-sea,218,25.382570266723633,26.828281980945217
adriatic-sea,219,25.404788970947266,26.85490063082787
adriatic-sea,220,25.42461395263672,26.879277733833558
adriatic-sea,221,25.441469192504883,26.90185937573833
adriatic-sea,222,25.455001831054688,26.92077127272083
adriatic-sea,223,25.46518898010254,26.937662346132342
adriatic-sea,224,25.471967697143555,26.951995523514288
adriatic-sea,225,25.475080490112305,26.960371872686572
adriatic-sea,226,25.47402000427246,26.965169192898657
adriatic-sea,227,25.468334197998047,26.962006562755953
adriatic-sea,228,25.457578659057617,26.94989433288574
adriatic-sea,229,25.44121742248535,26.936229336646296
adriatic-sea,230,25.4191837310791,26.91827073251047
adriatic-sea,231,25.39174461364746,26.89328690190469
adriatic-sea,232,25.358903884887695,26.863930136157617
adriatic-sea,233,25.320629119873047,26.832026333962713
adriatic-sea,234,25.27727699279785,26.79628532778832
adriatic-sea,235,25.22918128967285,26.749634305892446
adriatic-sea,236,25.176767349243164,26.696012650766676
adriatic-sea,237,25.12055206298828,26.637689744272535
adriatic-sea,238,25.0609130859375,26.577504760988294
adriatic-sea,239,24.998037338256836,26.516583258105857
adriatic-sea,240,24.93244743347168,26.452622253664078
adriatic-sea,241,24.864301681518555,26.387555516150687
adriatic-sea,242,24.7934627532959,26.321947866870506
adriatic-sea,243,24.719934463500977,26.258460290970337
adriatic-sea,244,24.643674850463867,26.192003194747432
adriatic-sea,245,24.56439208984375,26.123328141243224
adriatic-sea,246,24.48206329345703,26.049627802448885
adriatic-sea,247,24.396669387817383,25.97190295803932
adriatic-sea,248,24.308271408081055,25.890483111719934
adriatic-sea,249,24.217037200927734,25.80774549668835
adriatic-sea,250,24.123008728027344,25.722793000744236
adriatic-sea,251,24.026315689086914,25.631044406275603
adriatic-sea,252,23.927278518676758,25.524996837492917
adriatic-sea,253,23.8264217376709,25.410397726489656
adriatic-sea,254,23.724491119384766,25.293723137147968
adriatic-sea,255,23.621994018554688,25.176077805795984
adriatic-sea,256,23.519208908081055,25.062092510346446
adriatic-sea,257,23.41622543334961,24.94541846244566
adriatic-sea,258,23.31317710876465,24.830221760657523
adriatic-sea,259,23.21023178100586,24.716673168059316
adriatic-sea,260,23.107765197753906,24.601311332948743
adriatic-sea,261,23.006044387817383,24.487234152517004
adriatic-sea,262,22.90517234802246,24.373076463514753
adriatic-sea,263,22.80513572692871,24.259492831076347
adriatic-sea,264,22.705791473388672,24.144427631747337
adriatic-sea,265,22.60698127746582,24.025572616823258
adriatic-sea,266,22.50877571105957,23.9114558681365
adriatic-sea,267,22.411054611206055,23.796850001427437
adriatic-sea,268,22.313528060913086,23.683680534362793
adriatic-sea,269,22.2160701751709,23.567815386864453
adriatic-sea,270,22.11881446838379,23.448704005825906
adriatic-sea,271,22.021677017211914,23.33018997561547
adriatic-sea,272,21.924564361572266,23.212066564252297
adriatic-sea,273,21.82740592956543,23.09394285140499
adriatic-sea,274,21.73052215576172,22.975056506741428
adriatic-sea,275,21.63397979736328,22.85935579730618
adriatic-sea,276,21.537656784057617,22.74604045498755
adriatic-sea,277,21.441213607788086,22.63454333889868
adriatic-sea,278,21.34476661682129,22.52547231489612
adriatic-sea,279,21.248607635498047,22.416645960653984
adriatic-sea,280,21.152957916259766,22.304080021765923
adriatic-sea,281,21.05800437927246,22.189197306479176
adriatic-sea,282,20.96367645263672,22.07949663592923
adriatic-sea,283,20.86989974975586,21.983980812564976
adriatic-sea,284,20.77653694152832,21.896095423544608
adriatic-sea,285,20.683000564575195,21.809385022809433
adriatic-sea,286,20.589187622070312,21.72009822476295
adriatic-sea,287,20.495216369628906,21.62606312536424
adriatic-sea,288,20.401330947875977,21.53178496822234
adriatic-sea,289,20.307754516601562,21.437972450256346
adriatic-sea,290,20.214614868164062,21.3454074675037
adriatic-sea,291,20.12168312072754,21.25318740106398
adriatic-sea,292,20.028667449951172,21.160253955471905
adriatic-sea,293,19.93559455871582,21.066849966972107
adriatic-sea,294,19.842731475830078,20.975463867187504
adriatic-sea,295,19.750255584716797,20.884015132534888
adriatic-sea,296,19.658422470092773,20.79365129163189
adriatic-sea,297,19.56702423095703,20.705303192138675
adriatic-sea,298,19.475914001464844,20.61947186993015
adriatic-sea,299,19.385211944580078,20.53295314542709
adriatic-sea,300,19.294755935668945,20.446600993987058
adriatic-sea,301,19.204364776611328,20.362866604712703
adriatic-sea,302,19.114152908325195,20.279256445361725
adriatic-sea,303,19.02410125732422,20.193453087345244
adriatic-sea,304,18.934249877929688,20.105521749681042
adriatic-sea,305,18.84439468383789,20.01830849186067
adriatic-sea,306,18.754405975341797,19.930167124348298
adriatic-sea,307,18.664304733276367,19.841054861007198
adriatic-sea,308,18.57438087463379,19.753381679904077
adriatic-sea,309,18.48482322692871,19.663286264481084
adriatic-sea,310,18.395463943481445,19.57343207943824
adriatic-sea,311,18.306198120117188,19.48547992091025
adriatic-sea,312,18.216999053955078,19.399529494008707
adriatic-sea,313,18.12797737121582,19.314696028924754
adriatic-sea,314,18.03924560546875,19.22584024244739
adriatic-sea,315,17.95083236694336,19.136222894730103
adriatic-sea,316,17.86286735534668,19.044316494849422
adriatic-sea,317,17.775402069091797,18.95387353589458
adriatic-sea,318,17.68849754333496,18.86639441828574
adriatic-sea,319,17.602174758911133,18.78067457137569
adriatic-sea,320,17.516342163085938,18.695726357736895
adriatic-sea,321,17.4310245513916,18.609340089367276
adriatic-sea,322,17.346500396728516,18.523987850066156
adriatic-sea,323,17.262832641601562,18.43743495941162
adriatic-sea,324,17.179851531982422,18.352469395053003
adriatic-sea,325,17.097280502319336,18.26534807143673
adriatic-sea,326,17.01496696472168,18.17856550524312
adriatic-sea,327,16.932838439941406,18.093420803931455
adriatic-sea,328,16.85112190246582,18.009941765569874
adriatic-sea,329,16.7700138092041,17.927261617106776
adriatic-sea,330,16.68950843811035,17.846944409032027
adriatic-sea,331,16.60964012145996,17.768423474219535
adriatic-sea,332,16.530376434326172,17.68848484408471
adriatic-sea,333,16.45142936706543,17.607255289631507
adriatic-sea,334,16.37274742126465,17.52818484767791
adriatic-sea,335,16.294408798217773,17.451033973693846
adriatic-sea,336,16.216684341430664,17.37337730776879
adriatic-sea,337,16.139833450317383,17.295995392337918
adriatic-sea,338,16.064016342163086,17.219932248515466
adriatic-sea,339,15.989218711853027,17.143251265248946
adriatic-sea,340,15.915132522583008,17.06883002865699
adriatic-sea,341,15.84171199798584,16.995138488277313
adriatic-sea,342,15.768940925598145,16.92128926861671
adriatic-sea,343,15.69675350189209,16.848335918303455
adriatic-sea,344,15.625255584716797,16.776625799363657
adriatic-sea,345,15.554506301879883,16.706368430968254
adriatic-sea,346,15.484488487243652,16.63669742153537
adriatic-sea,347,15.415279388427734,16.56852551429503
adriatic-sea,348,15.346860885620117,16.50128030469341
adriatic-sea,349,15.279133796691895,16.43468369514712
adriatic-sea,350,15.211913108825684,16.368542815792946
adriatic-sea,351,15.145177841186523,16.301613355452016
adriatic-sea,352,15.078309059143066,16.234818221676736
adriatic-sea,353,15.012114524841309,16.166791122190414
adriatic-sea,354,14.946745872497559,16.101157096124464
adriatic-sea,355,14.88232135772705,16.03684650851834
adriatic-sea,356,14.818872451782227,15.974103266193021
adriatic-sea,357,14.756582260131836,15.913390944080968
adriatic-sea,358,14.695354461669922,15.853494914885493
adriatic-sea,359,14.635071754455566,15.791384693884082
adriatic-sea,360,14.575685501098633,15.726344022443218
adriatic-sea,361,14.517292022705078,15.662258055902296
adriatic-sea,362,14.460090637207031,15.599365917328864
adriatic-sea,363,14.404081344604492,15.538327930819603
adriatic-sea,364,14.349303245544434,15.477203633708335
adriatic-sea,365,14.295782089233398,15.417507171630858
adriatic-sea,366,14.243457794189453,15.357852418961063
aegean-sea,1,16.1130313873291,17.00072852103941
aegean-sea,2,16.07184600830078,16.956099793218797
aegean-sea,3,16.03209686279297,16.911029649549914
aegean-sea,4,15.99349308013916,16.866506976466024
aegean-sea,5,15.956009864807129,16.82235157259049
aegean-sea,6,15.919686317443848,16.77780700191375
aegean-sea,7,15.884540557861328,16.733191828573904
aegean-sea,8,15.850481033325195,16.68874176394555
aegean-sea,9,15.817405700683594,16.643846844088646
aegean-sea,10,15.785124778747559,16.60075882327172
aegean-sea,11,15.753713607788086,16.55818308861025
aegean-sea,12,15.723430633544922,16.516704233231085
aegean-sea,13,15.694217681884766,16.476340896852555
aegean-sea,14,15.665905952453613,16.437239434642176
aegean-sea,15,15.638693809509277,16.402050227503622
aegean-sea,16,15.612520217895508,16.367265855112386
aegean-sea,17,15.588005065917969,16.336396241957143
aegean-sea,18,15.564352035522461,16.30784522025816
aegean-sea,19,15.541485786437988,16.28132990252587
aegean-sea,20,15.519339561462402,16.256482764213313
aegean-sea,21,15.4979248046875,16.232025017276886
aegean-sea,22,15.477107048034668,16.207979762169625
aegean-sea,23,15.456890106201172,16.18406100734588
aegean-sea,24,15.437376976013184,16.161053848266604
aegean-sea,25,15.41862678527832,16.13821753225019
aegean-sea,26,15.400609970092773,16.11412771901777
aegean-sea,27,15.38323974609375,16.089771504555983
aegean-sea,28,15.36629581451416,16.064968164505498
aegean-sea,29,15.349615097045898,16.04028818376603
aegean-sea,30,15.333200454711914,16.015900128887544
aegean-sea,31,15.317034721374512,15.992022259004656
aegean-sea,32,15.301146507263184,15.968471705528996
aegean-sea,33,15.285593032836914,15.947372242712204
aegean-sea,34,15.270499229431152,15.928542906238185
aegean-sea,35,15.255888938903809,15.911304246225662
aegean-sea,36,15.241793632507324,15.894457644800982
aegean-sea,37,15.228262901306152,15.87817033644645
aegean-sea,38,15.215492248535156,15.862817641227473
aegean-sea,39,15.203754425048828,15.849833586908153
aegean-sea,40,15.19322681427002,15.838811431392541
aegean-sea,41,15.183916091918945,15.828798509413193
aegean-sea,42,15.175728797912598,15.820862363999886
aegean-sea,43,15.168492317199707,15.813650358876872
aegean-sea,44,15.162162780761719,15.805509394984089
aegean-sea,45,15.155187606811523,15.797314130106278
aegean-sea,46,15.149904251098633,15.789702529291954
aegean-sea,47,15.144952774047852,15.782734098742086
aegean-sea,48,15.140414237976074,15.77675122907085
aegean-sea,49,15.13625431060791,15.770966726733795
aegean-sea,50,15.132317543029785,15.765407897580056
aegean-sea,51,15.128478050231934,15.760831365277692
aegean-sea,52,15.12469482421875,15.756512297353439
aegean-sea,53,15.12092113494873,15.753130820489698
aegean-sea,54,15.117308616638184,15.750359310642366
aegean-sea,55,15.113760948181152,15.748163014073528
aegean-sea,56,15.110330581665039,15.746620175146289
aegean-sea,57,15.107251167297363,15.746593410738054
aegean-sea,58,15.10473346710205,15.747972457639632
aegean-sea,59,15.102945327758789,15.750154249129757
aegean-sea,60,15.101950645446777,15.753275415974278
aegean-sea,61,15.101868629455566,15.756583893683647
aegean-sea,62,15.102684020996094,15.760038591200306
aegean-sea,63,15.104372024536133,15.76374968867148
aegean-sea,64,15.107159614562988,15.767610937549223
aegean-sea,65,15.111048698425293,15.772544537821124
aegean-sea,66,15.115918159484863,15.779285760079663
aegean-sea,67,15.121448516845703,15.786819950226816
aegean-sea,68,15.127511024475098,15.794880288647066
aegean-sea,69,15.133966445922852,15.803463508236794
aegean-sea,70,15.140480041503906,15.811590453117123
aegean-sea,71,15.147026062011719,15.820754155805032
aegean-sea,72,15.153626441955566,15.829937021193963
aegean-sea,73,15.160273551940918,15.840665017404863
aegean-sea,74,15.16711711883545,15.852751944142003
aegean-sea,75,15.174128532409668,15.866734803107475
aegean-sea,76,15.182792663574219,15.881192259634695
aegean-sea,77,15.19076919555664,15.89663747356784
aegean-sea,78,15.199710845947266,15.912197457590413
aegean-sea,79,15.2095947265625,15.927467189296602
aegean-sea,80,15.22057819366455,15.944710137767178
aegean-sea,81,15.232828140258789,15.962247716226887
aegean-sea,82,15.246413230895996,15.978784391956946
aegean-sea,83,15.261353492736816,15.995617660399407
aegean-sea,84,15.278103828430176,16.013485554725897
aegean-sea,85,15.296598434448242,16.03290558476602
aegean-sea,86,15.316868782043457,16.054177225789715
aegean-sea,87,15.338642120361328,16.0774591630505
aegean-sea,88,15.361626625061035,16.102123697342414
aegean-sea,89,15.385698318481445,16.12729718300604
aegean-sea,90,15.410900115966797,16.15278757464501
aegean-sea,91,15.43723201751709,16.179110668551537
aegean-sea,92,15.464611053466797,16.20815666260258
aegean-sea,93,15.493245124816895,16.24034033744566
aegean-sea,94,15.52322006225586,16.273512375739312
aegean-sea,95,15.554150581359863,16.308277751553444
aegean-sea,96,15.586050033569336,16.3450008884553
aegean-sea,97,15.619199752807617,16.38529621862596
aegean-sea,98,15.65433120727539,16.430980439339912
aegean-sea,99,15.691728591918945,16.48163786857359
aegean-sea,100,15.731757164001465,16.53758164682696
aegean-sea,101,15.774497032165527,16.594850383266326
aegean-sea,102,15.819819450378418,16.653611456963322
aegean-sea,103,15.867907524108887,16.71528535658313
aegean-sea,104,15.918671607971191,16.777257568605485
aegean-sea,105,15.971981048583984,16.841500645299114
aegean-sea,106,16.027812957763672,16.9117127326227
aegean-sea,107,16.086034774780273,16.990007203625094
aegean-sea,108,16.146242141723633,17.072714110343686
aegean-sea,109,16.20792579650879,17.156738219722623
aegean-sea,110,16.271146774291992,17.240792994345387
aegean-sea,111,16.335838317871094,17.32439628724129
aegean-sea,112,16.402128219604492,17.408798303911762
aegean-sea,113,16.47023582458496,17.495193629111014
aegean-sea,114,16.54022789001465,17.58570449582992
aegean-sea,115,16.611703872680664,17.677885258582332
aegean-sea,116,16.684429168701172,17.77065210650044
aegean-sea,117,16.758533477783203,17.864767935968214
aegean-sea,118,16.834491729736328,17.963688739653556
aegean-sea,119,16.912647247314453,18.063591754051945
aegean-sea,120,16.992984771728516,18.163582832582534
aegean-sea,121,17.075355529785156,18.265162861731746
aegean-sea,122,17.159469604492188,18.367569744971487
aegean-sea,123,17.24541664123535,18.469105738978232
aegean-sea,124,17.333072662353516,18.569656913511217
aegean-sea,125,17.422142028808594,18.671609195586175
aegean-sea,126,17.51287078857422,18.778155751382155
aegean-sea,127,17.605480194091797,18.88893994362124
aegean-sea,128,17.69972801208496,18.996319740049305
aegean-sea,129,17.794944763183594,19.100609016418463
aegean-sea,130,17.890905380249023,19.20308246612549
aegean-sea,131,17.98737907409668,19.302965133420884
aegean-sea,132,18.08466911315918,19.40190693024666
aegean-sea,133,18.183073043823242,19.50333656803254
aegean-sea,134,18.28212547302246,19.604216163389147
aegean-sea,135,18.381732940673828,19.7058202374366
aegean-sea,136,18.482114791870117,19.80531973069714
aegean-sea,137,18.583423614501953,19.901269315904184
aegean-sea,138,18.68575096130371,19.993542714272774
aegean-sea,139,18.78940200805664,20.08337238065658
aegean-sea,140,18.894676208496094,20.176240188844744
aegean-sea,141,19.00148582458496,20.27287528130316
aegean-sea,142,19.109745025634766,20.371595259635683
aegean-sea,143,19.219091415405273,20.47124777147847
aegean-sea,144,19.329347610473633,20.573066065388343
aegean-sea,145,19.440555572509766,20.673551922459758
aegean-sea,146,19.552867889404297,20.774890192093387
aegean-sea,147,19.666440963745117,20.8797759086855
aegean-sea,148,19.78123664855957,20.988606231443345
aegean-sea,149,19.897140502929688,21.09485552387853
aegean-sea,150,20.01372718811035,21.204454532746343
aegean-sea,151,20.130765914916992,21.316855756698114
aegean-sea,152,20.248231887817383,21.42910380209646
aegean-sea,153,20.36643409729004,21.542931605923556
aegean-sea,154,20.485044479370117,21.656618155202555
aegean-sea,155,20.60378074645996,21.7717410918205
aegean-sea,156,20.7227840423584,21.88757256538637
aegean-sea,157,20.84181022644043,22.002715658372452
aegean-sea,158,20.960208892822266,22.113052688106414
aegean-sea,159,21.07756233215332,22.226428505682176
aegean-sea,160,21.193574905395508,22.339534045803934
aegean-sea,161,21.308256149291992,22.449725280269497
aegean-sea,162,21.42167854309082,22.5596249611147
aegean-sea,163,21.53356170654297,22.671857335490564
aegean-sea,164,21.64356803894043,22.78176198159495
aegean-sea,165,21.751819610595703,22.889670168968937
aegean-sea,166,21.858339309692383,22.9954225355579
aegean-sea,167,21.962739944458008,23.101116100434336
aegean-sea,168,22.06490135192871,23.203787852871802
aegean-sea,169,22.16502571105957,23.302801599810202
aegean-sea,170,22.26311683654785,23.398821615403698
aegean-sea,171,22.359264373779297,23.49025184877457
aegean-sea,172,22.453495025634766,23.579150962829583
aegean-sea,173,22.54550552368164,23.66689601405974
aegean-sea,174,22.635332107543945,23.753870022681447
aegean-sea,175,22.722970962524414,23.836960435682723
aegean-sea,176,22.808168411254883,23.917419759688833
aegean-sea,177,22.890735626220703,23.995487077774534
aegean-sea,178,22.97048568725586,24.068965407340755
aegean-sea,179,23.047096252441406,24.13757108257662
aegean-sea,180,23.1201229095459,24.202977229702846
aegean-sea,181,23.189538955688477,24.264101182260813
aegean-sea,182,23.255395889282227,24.323697871546578
aegean-sea,183,23.31766128540039,24.38250034086165
aegean-sea,184,23.376279830932617,24.43822897634198
aegean-sea,185,23.431486129760742,24.493428636366314
aegean-sea,186,23.4835147857666,24.545653373964367
aegean-sea,187,23.532732009887695,24.595868042976623
aegean-sea,188,23.57945442199707,24.641656986359624
aegean-sea,189,23.6242618560791,24.68587849524713
aegean-sea,190,23.667795181274414,24.728155160719346
aegean-sea,191,23.71083641052246,24.77039213488179
aegean-sea,192,23.75373077392578,24.814217352098034
aegean-sea,193,23.79619789123535,24.857839387462985
aegean-sea,194,23.838150024414062,24.898836511181248
aegean-sea,195,23.879676818847656,24.93854813114289
aegean-sea,196,23.920690536499023,24.977909149662143
aegean-sea,197,23.961204528808594,25.01838530878867
aegean-sea,198,24.001218795776367,25.05869904179727
aegean-sea,199,24.04071807861328,25.098742392755323
aegean-sea,200,24.079463958740234,25.13844486359627
aegean-sea,201,24.11730194091797,25.17776923025808
aegean-sea,202,24.15407371520996,25.217232864133774
aegean-sea,203,24.189453125,25.255288019487935
aegean-sea,204,24.223743438720703,25.290322408368507
aegean-sea,205,24.25706672668457,25.323662038003246
aegean-sea,206,24.289445877075195,25.35679384046985
aegean-sea,207,24.321094512939453,25.391581338451754
aegean-sea,208,24.35210418701172,25.425375341599985
aegean-sea,209,24.382619857788086,25.460462459441153
aegean-sea,210,24.412630081176758,25.49533450834213
aegean-sea,211,24.442218780517578,25.529455141867363
aegean-sea,212,24.47123146057129,25.56175762914842
aegean-sea,213,24.499610900878906,25.590395927429196
aegean-sea,214,24.527544021606445,25.617930455361638
aegean-sea,215,24.55506706237793,25.644626728180917
aegean-sea,216,24.582117080688477,25.669049521415463
aegean-sea,217,24.608427047729492,25.691690106545725
aegean-sea,218,24.633562088012695,25.711241094527708
aegean-sea,219,24.65711212158203,25.724708311019405
aegean-sea,220,24.678691864013672,25.73714832182854
aegean-sea,221,24.697946548461914,25.743725555173814
aegean-sea,222,24.714597702026367,25.747605828315983
aegean-sea,223,24.728612899780273,25.7492028451735
aegean-sea,224,24.7399845123291,25.747286808875298
aegean-sea,225,24.74856185913086,25.743998896691103
aegean-sea,226,24.754417419433594,25.73800291861257
aegean-sea,227,24.757749557495117,25.731605788200127
aegean-sea,228,24.758750915527344,25.723601372011238
aegean-sea,229,24.757543563842773,25.71372863400366
aegean-sea,230,24.753984451293945,25.703352472859034
aegean-sea,231,24.7481632232666,25.69133276170299
aegean-sea,232,24.740062713623047,25.67892278240572
aegean-sea,233,24.72970962524414,25.665864415322577
aegean-sea,234,24.717178344726562,25.652524640483232
aegean-sea,235,24.702411651611328,25.63938020890759
aegean-sea,236,24.685564041137695,25.626287368036085
aegean-sea,237,24.66646385192871,25.612160436568722
aegean-sea,238,24.64483642578125,25.594293871233543
aegean-sea,239,24.62057876586914,25.574310308887114
aegean-sea,240,24.593738555908203,25.549918673115396
aegean-sea,241,24.56471061706543,25.520770848181943
aegean-sea,242,24.533916473388672,25.490138970651937
aegean-sea,243,24.50172996520996,25.458091366675593
aegean-sea,244,24.46816635131836,25.425374283329138
aegean-sea,245,24.432992935180664,25.391417238789224
aegean-sea,246,24.395957946777344,25.356312794839184
aegean-sea,247,24.35686683654785,25.319963018355832
aegean-sea,248,24.315824508666992,25.279749125819055
aegean-sea,249,24.273054122924805,25.23916747800766
aegean-sea,250,24.228939056396484,25.2022335667764
aegean-sea,251,24.183616638183594,25.164678647441253
aegean-sea,252,24.13719367980957,25.127700694914786
aegean-sea,253,24.089448928833008,25.08745925657211
aegean-sea,254,24.04027557373047,25.045027240630123
aegean-sea,255,23.989917755126953,25.001737988379695
aegean-sea,256,23.938697814941406,24.957379396500123
aegean-sea,257,23.886659622192383,24.9130055458315
aegean-sea,258,23.83368682861328,24.8676331673899
aegean-sea,259,23.77973747253418,24.82127729846585
aegean-sea,260,23.724849700927734,24.774671979104323
aegean-sea,261,23.66909408569336,24.72688628781226
aegean-sea,262,23.612262725830078,24.67699981197234
aegean-sea,263,23.55428123474121,24.62501988564768
aegean-sea,264,23.494884490966797,24.572447918307397
aegean-sea,265,23.434188842773438,24.516715338922314
aegean-sea,266,23.372201919555664,24.459465002244514
aegean-sea,267,23.30891990661621,24.398375788042614
aegean-sea,268,23.24456787109375,24.33398077564854
aegean-sea,269,23.17940330505371,24.269049158403945
aegean-sea,270,23.113351821899414,24.20370789189492
aegean-sea,271,23.046411514282227,24.137854182335634
aegean-sea,272,22.97833824157715,24.07291549559562
aegean-sea,273,22.909130096435547,24.001990459811303
aegean-sea,274,22.83891487121582,23.93078783712079
aegean-sea,275,22.76811981201172,23.860938896671417
aegean-sea,276,22.696853637695312,23.79011471040787
aegean-sea,277,22.625173568725586,23.716710404426816
aegean-sea,278,22.553054809570312,23.64356356590024
aegean-sea,279,22.48045539855957,23.571254687155445
aegean-sea,280,22.407360076904297,23.49964395338489
aegean-sea,281,22.333772659301758,23.42641495120141
aegean-sea,282,22.259504318237305,23.350842869666316
aegean-sea,283,22.184551239013672,23.272574012510244
aegean-sea,284,22.108983993530273,23.19515352556783
aegean-sea,285,22.032543182373047,23.119341438047353
aegean-sea,286,21.954910278320312,23.042697174318384
aegean-sea,287,21.875802993774414,22.96624048909834
aegean-sea,288,21.795127868652344,22.889115758096025
aegean-sea,289,21.713150024414062,22.809908245455837
aegean-sea,290,21.629966735839844,22.72972917249126
aegean-sea,291,21.545621871948242,22.647104927801323
aegean-sea,292,21.46028709411621,22.56302583755986
aegean-sea,293,21.374292373657227,22.478317174603866
aegean-sea,294,21.28794288635254,22.392432385106243
aegean-sea,295,21.201740264892578,22.304043905196654
aegean-sea,296,21.1158390045166,22.214576001321124
aegean-sea,297,21.03035545349121,22.12458055557743
aegean-sea,298,20.945262908935547,22.036342122477873
aegean-sea,299,20.860498428344727,21.950837664450365
aegean-sea,300,20.775949478149414,21.865319750385897
aegean-sea,301,20.69184112548828,21.77724411872125
aegean-sea,302,20.60826873779297,21.690128221819474
aegean-sea,303,20.525266647338867,21.60193325165779
aegean-sea,304,20.442888259887695,21.51654392365486
aegean-sea,305,20.360963821411133,21.431005496363483
aegean-sea,306,20.279016494750977,21.344704794114634
aegean-sea,307,20.197011947631836,21.257946974231356
aegean-sea,308,20.115047454833984,21.172556415680923
aegean-sea,309,20.03339958190918,21.085567351310488
aegean-sea,310,19.952253341674805,21.001941533242505
aegean-sea,311,19.871618270874023,20.91624359007805
aegean-sea,312,19.79126739501953,20.830228725556406
aegean-sea,313,19.711353302001953,20.744263759736093
aegean-sea,314,19.631959915161133,20.661220568995322
aegean-sea,315,19.553062438964844,20.57968678012971
aegean-sea,316,19.474702835083008,20.498026737090083
aegean-sea,317,19.397069931030273,20.4163938214702
aegean-sea,318,19.320371627807617,20.33518499558972
aegean-sea,319,19.244565963745117,20.253547582318706
aegean-sea,320,19.169597625732422,20.17410776692052
aegean-sea,321,19.095359802246094,20.094569981482724
aegean-sea,322,19.02175521850586,20.015540461386404
aegean-sea,323,18.948810577392578,19.937934684753415
aegean-sea,324,18.876432418823242,19.861070405283282
aegean-sea,325,18.804399490356445,19.784637131229523
aegean-sea,326,18.732370376586914,19.709062422475508
aegean-sea,327,18.66033363342285,19.634153538365517
aegean-sea,328,18.588224411010742,19.558073369918333
aegean-sea,329,18.516027450561523,19.480302583017657
aegean-sea,330,18.443912506103516,19.401100853950744
aegean-sea,331,18.371971130371094,19.322206515650592
aegean-sea,332,18.300094604492188,19.246769240594677
aegean-sea,333,18.228229522705078,19.170700300893476
aegean-sea,334,18.156238555908203,19.092738705296675
aegean-sea,335,18.08396339416504,19.017061436560848
aegean-sea,336,18.01158905029297,18.941313171386717
aegean-sea,337,17.939443588256836,18.866867625328798
aegean-sea,338,17.867565155029297,18.792988414149132
aegean-sea,339,17.796188354492188,18.71966624721404
aegean-sea,340,17.725276947021484,18.648830192319807
aegean-sea,341,17.65471076965332,18.57803090003229
aegean-sea,342,17.584325790405273,18.510110990462763
aegean-sea,343,17.51432228088379,18.443763677535518
aegean-sea,344,17.444780349731445,18.379284791023498
aegean-sea,345,17.37588882446289,18.314357013087122
aegean-sea,346,17.30777931213379,18.248174150528445
aegean-sea,347,17.240392684936523,18.18197462020382
aegean-sea,348,17.17371940612793,18.117520738417102
aegean-sea,349,17.107919692993164,18.05303021092569
aegean-sea,350,17.043020248413086,17.987043682221447
aegean-sea,351,16.978971481323242,17.921051449929518
aegean-sea,352,16.91515350341797,17.85283916227279
aegean-sea,353,16.852426528930664,17.784589490582867
aegean-sea,354,16.79075813293457,17.71559056312807
aegean-sea,355,16.730228424072266,17.64782840974869
aegean-sea,356,16.670907974243164,17.582646382239556
aegean-sea,357,16.61305809020996,17.518860558540595
aegean-sea,358,16.556623458862305,17.45795330539827
aegean-sea,359,16.501623153686523,17.398775826731036
aegean-sea,360,16.44799041748047,17.34259518038842
aegean-sea,361,16.39557647705078,17.289003316817748
aegean-sea,362,16.344390869140625,17.23602984028478
aegean-sea,363,16.29462242126465,17.184240876474686
aegean-sea,364,16.246442794799805,17.133926459281675
aegean-sea,365,16.200138092041016,17.087888225432366
aegean-sea,366,16.15572166442871,17.043427504262617
alboran-sea,1,16.106952667236328,16.7620326565158
alboran-sea,2,16.08099937438965,16.73613120663551
alboran-sea,3,16.055204391479492,16.71043646412511
alboran-sea,4,16.02957534790039,16.685963642981747
alboran-sea,5,16.004135131835938,16.661259066674017
alboran-sea,6,15.978668212890625,16.63567991564351
alboran-sea,7,15.95291519165039,16.609266982540007
alboran-sea,8,15.926863670349121,16.58061928902903
alboran-sea,9,15.900800704956055,16.551308151983445
alboran-sea,10,15.874970436096191,16.521223031320883
alboran-sea,11,15.849350929260254,16.490549284412015
alboran-sea,12,15.823983192443848,16.459331174050607
alboran-sea,13,15.798998832702637,16.42810100432365
alboran-sea,14,15.774496078491211,16.39748092774422
alboran-sea,15,15.750401496887207,16.36804539772772
alboran-sea,16,15.726910591125488,16.34257185843683
alboran-sea,17,15.704590797424316,16.319057769160114
alboran-sea,18,15.683079719543457,16.296983949599724
alboran-sea,19,15.662467002868652,16.277011185307657
alboran-sea,20,15.642550468444824,16.258182430267333
alboran-sea,21,15.623180389404297,16.240111440227878
alboran-sea,22,15.604744911193848,16.22318267514629
alboran-sea,23,15.587325096130371,16.206723585436425
alboran-sea,24,15.570813179016113,16.190880452432943
alboran-sea,25,15.555153846740723,16.175695606970024
alboran-sea,26,15.540117263793945,16.160522648595997
alboran-sea,27,15.52539348602295,16.14525448276151
alboran-sea,28,15.510804176330566,16.130233447782455
alboran-sea,29,15.496316909790039,16.115327499758813
alboran-sea,30,15.482093811035156,16.10090420938307
alboran-sea,31,15.468276023864746,16.08899612119121
alboran-sea,32,15.454904556274414,16.078356290632676
alboran-sea,33,15.441898345947266,16.06803258157545
alboran-sea,34,15.42940902709961,16.058705726746588
alboran-sea,35,15.41741943359375,16.04949140548706
alboran-sea,36,15.405996322631836,16.04101365304762
alboran-sea,37,15.395273208618164,16.035179596562536
alboran-sea,38,15.385614395141602,16.030306763802805
alboran-sea,39,15.377145767211914,16.027806155912337
alboran-sea,40,15.369721412658691,16.026557648566463
alboran-sea,41,15.363091468811035,16.0265583930477
alboran-sea,42,15.357222557067871,16.027134387723862
alboran-sea,43,15.35205364227295,16.029018386717766
alboran-sea,44,15.347249031066895,16.031681408420685
alboran-sea,45,15.344635963439941,16.035501872852283
alboran-sea,46,15.340028762817383,16.037083270985597
alboran-sea,47,15.335284233093262,16.0372592208206
alboran-sea,48,15.330667495727539,16.037092549313783
alboran-sea,49,15.326355934143066,16.0363981698149
alboran-sea,50,15.322356224060059,16.03570379031602
alboran-sea,51,15.31920337677002,16.035116997585504
alboran-sea,52,15.316877365112305,16.034441057840986
alboran-sea,53,15.31511116027832,16.033727857118013
alboran-sea,54,15.313761711120605,16.033133342701905
alboran-sea,55,15.313014030456543,16.033153615972047
alboran-sea,56,15.313279151916504,16.03567069474087
alboran-sea,57,15.314915657043457,16.039193444610927
alboran-sea,58,15.318236351013184,16.04470880159768
alboran-sea,59,15.323229789733887,16.051310006008357
alboran-sea,60,15.329798698425293,16.060030914634787
alboran-sea,61,15.337890625,16.06951291074035
alboran-sea,62,15.347126960754395,16.079911953915833
alboran-sea,63,15.357198715209961,16.090481470989925
alboran-sea,64,15.367864608764648,16.101489856678953
alboran-sea,65,15.379037857055664,16.1138908960486
alboran-sea,66,15.390933990478516,16.127780694859002
alboran-sea,67,15.403545379638672,16.142222135810442
alboran-sea,68,15.416777610778809,16.15657825675062
alboran-sea,69,15.43026065826416,16.170483166684388
alboran-sea,70,15.443819999694824,16.184567102821926
alboran-sea,71,15.45742416381836,16.19852423103907
alboran-sea,72,15.47103500366211,16.212199650015886
alboran-sea,73,15.485086441040039,16.227120050819973
alboran-sea,74,15.50013542175293,16.24263481837447
alboran-sea,75,15.516450881958008,16.259574270761142
alboran-sea,76,15.531994819641113,16.276047411272604
alboran-sea,77,15.550894737243652,16.295951806345293
alboran-sea,78,15.571159362792969,16.316390726643224
alboran-sea,79,15.59248161315918,16.3370541357225
alboran-sea,80,15.614717483520508,16.358267328816073
alboran-sea,81,15.637778282165527,16.380524826049804
alboran-sea,82,15.661231994628906,16.403641485398815
alboran-sea,83,15.685181617736816,16.427420283902077
alboran-sea,84,15.70955753326416,16.45174087401359
alboran-sea,85,15.7343168258667,16.476964993630684
alboran-sea,86,15.75951862335205,16.50410581404163
alboran-sea,87,15.785059928894043,16.53045770583614
alboran-sea,88,15.810746192932129,16.557705393145163
alboran-sea,89,15.836342811584473,16.584886907762094
alboran-sea,90,15.861918449401855,16.612821197509767
alboran-sea,91,15.887323379516602,16.64069647635183
alboran-sea,92,15.912461280822754,16.667797217830532
alboran-sea,93,15.93747329711914,16.69341352524296
alboran-sea,94,15.962674140930176,16.718968692902596
alboran-sea,95,15.988543510437012,16.74452644471199
alboran-sea,96,16.015398025512695,16.76957856455157
alboran-sea,97,16.043302536010742,16.79487879353185
alboran-sea,98,16.072378158569336,16.824906275349278
alboran-sea,99,16.102678298950195,16.85796023338072
alboran-sea,100,16.13435173034668,16.89536916055987
alboran-sea,101,16.16765594482422,16.936131557341543
alboran-sea,102,16.20256996154785,16.978526687622068
alboran-sea,103,16.239280700683594,17.02300726982855
alboran-sea,104,16.277666091918945,17.07172013559649
alboran-sea,105,16.317153930664062,17.12216147761191
alboran-sea,106,16.357275009155273,17.171627715326125
alboran-sea,107,16.39799690246582,17.223109989781534
alboran-sea,108,16.43941307067871,17.275541490124116
alboran-sea,109,16.481632232666016,17.32840210699266
alboran-sea,110,16.524682998657227,17.382697474571962
alboran-sea,111,16.56852912902832,17.439021670433785
alboran-sea,112,16.613218307495117,17.497065082673107
alboran-sea,113,16.658849716186523,17.558871841430665
alboran-sea,114,16.705463409423828,17.62144292400729
alboran-sea,115,16.752975463867188,17.68380532418528
alboran-sea,116,16.801416397094727,17.7455323250063
alboran-sea,117,16.85074806213379,17.80580703981461
alboran-sea,118,16.900747299194336,17.86749508765436
alboran-sea,119,16.95124626159668,17.93003152416598
alboran-sea,120,17.002233505249023,17.9919257010183
alboran-sea,121,17.053634643554688,18.053124286282447
alboran-sea,122,17.105806350708008,18.112624826738905
alboran-sea,123,17.158832550048828,18.17279247776154
alboran-sea,124,17.212873458862305,18.234121402617422
alboran-sea,125,17.267942428588867,18.295827004217333
alboran-sea,126,17.3239803314209,18.35982695548765
alboran-sea,127,17.381031036376953,18.425836083196828
alboran-sea,128,17.438831329345703,18.491713554628433
alboran-sea,129,17.497045516967773,18.55498456647319
alboran-sea,130,17.555789947509766,18.616403573559175
alboran-sea,131,17.61537742614746,18.67738866498393
alboran-sea,132,17.676149368286133,18.740030664013272
alboran-sea,133,17.738069534301758,18.808709938295426
alboran-sea,134,17.80126190185547,18.878959477332334
alboran-sea,135,17.865741729736328,18.94615637871527
alboran-sea,136,17.931324005126953,19.017284208728423
alboran-sea,137,17.998004913330078,19.09179341100878
alboran-sea,138,18.065452575683594,19.166943863899483
alboran-sea,139,18.133535385131836,19.243059681307887
alboran-sea,140,18.202054977416992,19.320821220644056
alboran-sea,141,18.270767211914062,19.400219240496234
alboran-sea,142,18.339153289794922,19.479820663698256
alboran-sea,143,18.406864166259766,19.5541143355831
alboran-sea,144,18.47385597229004,19.623640651087605
alboran-sea,145,18.539932250976562,19.695518610554355
alboran-sea,146,18.60573387145996,19.7687778411373
alboran-sea,147,18.6720027923584,19.84271086415937
alboran-sea,148,18.739116668701172,19.91835074270925
alboran-sea,149,18.80731201171875,19.991868511323005
alboran-sea,150,18.8768253326416,20.069094214900844
alboran-sea,151,18.94784927368164,20.15022720213859
alboran-sea,152,19.020845413208008,20.234295106703236
alboran-sea,153,19.096139907836914,20.32125532088741
alboran-sea,154,19.17368507385254,20.41082951945643
alboran-sea,155,19.253557205200195,20.501195550733993
alboran-sea,156,19.33542251586914,20.595102340944347
alboran-sea,157,19.418588638305664,20.68716545720254
alboran-sea,158,19.50205421447754,20.77633295366841
alboran-sea,159,19.58547592163086,20.86767795931908
alboran-sea,160,19.669010162353516,20.95849290047922
alboran-sea,161,19.752700805664062,21.049696953065933
alboran-sea,162,19.836469650268555,21.1410585834134
alboran-sea,163,19.919540405273438,21.232119750976565
alboran-sea,164,20.001352310180664,21.317115254555983
alboran-sea,165,20.08137321472168,21.40146942138672
alboran-sea,166,20.159263610839844,21.484578477182698
alboran-sea,167,20.235549926757812,21.56119219872259
alboran-sea,168,20.310501098632812,21.634015772419595
alboran-sea,169,20.384498596191406,21.704353634003674
alboran-sea,170,20.458049774169922,21.77224730830039
alboran-sea,171,20.531349182128906,21.83944062263735
alboran-sea,172,20.604860305786133,21.904725603903493
alboran-sea,173,20.67925262451172,21.97041292498189
alboran-sea,174,20.75534439086914,22.039651243148313
alboran-sea,175,20.833208084106445,22.11210137028848
alboran-sea,176,20.912782669067383,22.18306972749772
alboran-sea,177,20.993324279785156,22.25298964592719
alboran-sea,178,21.074071884155273,22.323701126344748
alboran-sea,179,21.154781341552734,22.394571433528778
alboran-sea,180,21.235790252685547,22.46637548015964
alboran-sea,181,21.316797256469727,22.537007848678098
alboran-sea,182,21.397663116455078,22.606080984300185
alboran-sea,183,21.477840423583984,22.674997317406444
alboran-sea,184,21.55642318725586,22.7436812493109
alboran-sea,185,21.633216857910156,22.813258349510935
alboran-sea,186,21.70846939086914,22.886449740009922
alboran-sea,187,21.78285789489746,22.959012683745353
alboran-sea,188,21.85689353942871,23.035064131213772
alboran-sea,189,21.93128776550293,23.11645072198683
alboran-sea,190,22.00603485107422,23.194954638327324
alboran-sea,191,22.08071517944336,23.273569451608967
alboran-sea,192,22.15521812438965,23.353470303935392
alboran-sea,193,22.22946548461914,23.43152844828944
alboran-sea,194,22.303239822387695,23.50931690585229
alboran-sea,195,22.377140045166016,23.585918992565528
alboran-sea,196,22.45123863220215,23.66065929166733
alboran-sea,197,22.52533531188965,23.735434224528657
alboran-sea,198,22.599308013916016,23.811212219730503
alboran-sea,199,22.673580169677734,23.888289937665387
alboran-sea,200,22.747848510742188,23.96541209067068
alboran-sea,201,22.82121467590332,24.041199647226644
alboran-sea,202,22.893266677856445,24.115745390615157
alboran-sea,203,22.9635066986084,24.18962913636238
alboran-sea,204,23.031518936157227,24.26074140610233
alboran-sea,205,23.097219467163086,24.331137589485415
alboran-sea,206,23.16055679321289,24.398293452109062
alboran-sea,207,23.22126579284668,24.463037786176134
alboran-sea,208,23.27965545654297,24.52580381208851
alboran-sea,209,23.33574867248535,24.585555593429074
alboran-sea,210,23.389005661010742,24.640076538824268
alboran-sea,211,23.43889617919922,24.692553341773245
alboran-sea,212,23.486135482788086,24.73979676154352
alboran-sea,213,23.53114891052246,24.784162804388227
alboran-sea,214,23.57395362854004,24.824864307526614
alboran-sea,215,23.614622116088867,24.862543253744796
alboran-sea,216,23.653120040893555,24.895815473987206
alboran-sea,217,23.689048767089844,24.924256017131185
alboran-sea,218,23.72214126586914,24.950569288192252
alboran-sea,219,23.75214958190918,24.972608609353333
alboran-sea,220,23.77895164489746,24.98970279693603
alboran-sea,221,23.8031005859375,25.00713011218655
alboran-sea,222,23.824892044067383,25.02340421984272
alboran-sea,223,23.843891143798828,25.03646462963473
alboran-sea,224,23.85942840576172,25.0476168171052
alboran-sea,225,23.871837615966797,25.05223447122881
alboran-sea,226,23.881250381469727,25.054501422759024
alboran-sea,227,23.887828826904297,25.052884680225
alboran-sea,228,23.891515731811523,25.049651921179983
alboran-sea,229,23.892101287841797,25.04281915849255
alboran-sea,230,23.88945960998535,25.033709519909273
alboran-sea,231,23.883625030517578,25.023760407970794
alboran-sea,232,23.874658584594727,25.013441854907615
alboran-sea,233,23.86273956298828,25.00070308562248
alboran-sea,234,23.848249435424805,24.986972058203914
alboran-sea,235,23.831727981567383,24.970796086711267
alboran-sea,236,23.81293296813965,24.95283831319501
alboran-sea,237,23.791732788085938,24.93390717660227
alboran-sea,238,23.768220901489258,24.9100226371519
alboran-sea,239,23.742469787597656,24.884782108183828
alboran-sea,240,23.714527130126953,24.855074870201847
alboran-sea,241,23.6843318939209,24.82472405587473
alboran-sea,242,23.651622772216797,24.79248719984485
alboran-sea,243,23.615747451782227,24.75835904767436
alboran-sea,244,23.576610565185547,24.7217077255249
alboran-sea,245,23.534500122070312,24.680356936300953
alboran-sea,246,23.489498138427734,24.636432229318924
alboran-sea,247,23.441829681396484,24.589820787983555
alboran-sea,248,23.391666412353516,24.541510809621506
alboran-sea,249,23.33916473388672,24.49039152822187
alboran-sea,250,23.284488677978516,24.436527769027222
alboran-sea,251,23.227493286132812,24.380710675639495
alboran-sea,252,23.16799545288086,24.320511897917722
alboran-sea,253,23.10638427734375,24.257093934089905
alboran-sea,254,23.04341697692871,24.192751299950384
alboran-sea,255,22.97979736328125,24.12683570000433
alboran-sea,256,22.915725708007812,24.0610899033085
alboran-sea,257,22.850984573364258,23.994247768771263
alboran-sea,258,22.785598754882812,23.927025388902237
alboran-sea,259,22.719749450683594,23.858849168592883
alboran-sea,260,22.653474807739258,23.790692021769864
alboran-sea,261,22.58700180053711,23.72308369913409
alboran-sea,262,22.520769119262695,23.65507605768019
alboran-sea,263,22.455055236816406,23.58726068927396
alboran-sea,264,22.389949798583984,23.52095522111462
alboran-sea,265,22.32514190673828,23.454081227702474
alboran-sea,266,22.259929656982422,23.38874423119329
alboran-sea,267,22.193828582763672,23.323667840034727
alboran-sea,268,22.12693977355957,23.259036119522577
alboran-sea,269,22.059431076049805,23.199488830566402
alboran-sea,270,21.99143409729004,23.142041230970808
alboran-sea,271,21.922883987426758,23.088654075130336
alboran-sea,272,21.853784561157227,23.03407827192737
alboran-sea,273,21.78427505493164,22.977811511870353
alboran-sea,274,21.71457290649414,22.919169001425466
alboran-sea,275,21.644474029541016,22.858363785282258
alboran-sea,276,21.574079513549805,22.796745743290074
alboran-sea,277,21.503734588623047,22.73402788715978
alboran-sea,278,21.433679580688477,22.6730282322053
alboran-sea,279,21.363971710205078,22.610149765014647
alboran-sea,280,21.294458389282227,22.547502929933607
alboran-sea,281,21.22514533996582,22.486580934832173
alboran-sea,282,21.156217575073242,22.42574528724916
alboran-sea,283,21.08779525756836,22.366461778456163
alboran-sea,284,21.019817352294922,22.305428554165747
alboran-sea,285,20.951904296875,22.244292056175965
alboran-sea,286,20.883686065673828,22.183040083608315
alboran-sea,287,20.814966201782227,22.121438918575162
alboran-sea,288,20.7457218170166,22.06100960393106
alboran-sea,289,20.67559242248535,22.0000059681554
alboran-sea,290,20.60466957092285,21.93731600853705
alboran-sea,291,20.532922744750977,21.874162901601483
alboran-sea,292,20.459836959838867,21.807488392245386
alboran-sea,293,20.385175704956055,21.739335983030255
alboran-sea,294,20.308975219726562,21.66657517956149
alboran-sea,295,20.23125648498535,21.5919018283967
alboran-sea,296,20.15228271484375,21.51216786292291
alboran-sea,297,20.072587966918945,21.43008684342907
alboran-sea,298,19.992347717285156,21.341757399036037
alboran-sea,299,19.911619186401367,21.249987159236785
alboran-sea,300,19.83075523376465,21.155439672162462
alboran-sea,301,19.749792098999023,21.058350255412442
alboran-sea,302,19.66893196105957,20.95863993244787
alboran-sea,303,19.588565826416016,20.860111864151495
alboran-sea,304,19.509098052978516,20.76380105172435
alboran-sea,305,19.430477142333984,20.669129525461507
alboran-sea,306,19.35246467590332,20.577694972868894
alboran-sea,307,19.274690628051758,20.490492900725336
alboran-sea,308,19.19699478149414,20.404684897392027
alboran-sea,309,19.119319915771484,20.317439116201093
alboran-sea,310,19.041610717773438,20.231302101381363
alboran-sea,311,18.963787078857422,20.140269587116858
alboran-sea,312,18.88579750061035,20.047626046211487
alboran-sea,313,18.807781219482422,19.95388420474145
alboran-sea,314,18.729759216308594,19.859831194723807
alboran-sea,315,18.651344299316406,19.767035262815412
alboran-sea,316,18.57248306274414,19.673511000602478
alboran-sea,317,18.493558883666992,19.578427117870703
alboran-sea,318,18.415002822875977,19.482373360664614
alboran-sea,319,18.336963653564453,19.384738731384278
alboran-sea,320,18.259628295898438,19.289103741799632
alboran-sea,321,18.18317222595215,19.195095899028164
alboran-sea,322,18.107858657836914,19.101663337215303
alboran-sea,323,18.034055709838867,19.010224483859158
alboran-sea,324,17.961990356445312,18.91926377819431
alboran-sea,325,17.891727447509766,18.831596325289823
alboran-sea,326,17.823196411132812,18.744555504091323
alboran-sea,327,17.756332397460938,18.6610927889424
alboran-sea,328,17.691059112548828,18.5789490607477
alboran-sea,329,17.627548217773438,18.502957547095512
alboran-sea,330,17.565752029418945,18.429240989685052
alboran-sea,331,17.505630493164062,18.35767602612895
alboran-sea,332,17.447093963623047,18.288854100627283
alboran-sea,333,17.390018463134766,18.22332328058058
alboran-sea,334,17.334260940551758,18.158763491722848
alboran-sea,335,17.279481887817383,18.094030515609248
alboran-sea,336,17.22574234008789,18.030228270253826
alboran-sea,337,17.17344093322754,17.96642347766507
alboran-sea,338,17.122800827026367,17.902560978551065
alboran-sea,339,17.073715209960938,17.83960445773217
alboran-sea,340,17.02596664428711,17.77872262154856
alboran-sea,341,16.979610443115234,17.718568445021106
alboran-sea,342,16.934663772583008,17.664505773975
alboran-sea,343,16.891023635864258,17.6129922989876
alboran-sea,344,16.848587036132812,17.564011887581117
alboran-sea,345,16.80732536315918,17.51691049760387
alboran-sea,346,16.76740074157715,17.472032903855844
alboran-sea,347,16.728805541992188,17.428510056772538
alboran-sea,348,16.691368103027344,17.387775636488392
alboran-sea,349,16.65496826171875,17.349253168413718
alboran-sea,350,16.619678497314453,17.31277395063831
alboran-sea,351,16.585628509521484,17.275093300111834
alboran-sea,352,16.55216407775879,17.237434479498095
alboran-sea,353,16.519468307495117,17.2009704959008
alboran-sea,354,16.487316131591797,17.16401334577991
alboran-sea,355,16.455604553222656,17.127467352344144
alboran-sea,356,16.424348831176758,17.092080725392986
alboran-sea,357,16.39335060119629,17.057323283533893
alboran-sea,358,16.362672805786133,17.024560128488847
alboran-sea,359,16.332399368286133,16.992999046079575
alboran-sea,360,16.302412033081055,16.96204436517531
alboran-sea,361,16.272872924804688,16.932335724369175
alboran-sea,362,16.243816375732422,16.902695686586444
alboran-sea,363,16.215280532836914,16.873053427665464
alboran-sea,364,16.187353134155273,16.84418649981099
alboran-sea,365,16.16002655029297,16.816856648845057
alboran-sea,366,16.13327407836914,16.78897073191981
balearic-sea,1,14.862058639526367,15.72693577735655
balearic-sea,2,14.815094947814941,15.677757426231139
balearic-sea,3,14.768677711486816,15.628759036525604
balearic-sea,4,14.722862243652344,15.58107152138987
balearic-sea,5,14.67764949798584,15.536914084034581
balearic-sea,6,14.633026123046875,15.49282047825475
balearic-sea,7,14.588932037353516,15.449093907879247
balearic-sea,8,14.545575141906738,15.406870358990085
balearic-sea,9,14.502968788146973,15.368139568451914
balearic-sea,10,14.461015701293945,15.324248738442698
balearic-sea,11,14.41982650756836,15.281007274504633
balearic-sea,12,14.37927532196045,15.236807321733046
balearic-sea,13,14.339463233947754,15.19231011790614
balearic-sea,14,14.300633430480957,15.148533648829307
balearic-sea,15,14.262930870056152,15.106282169588152
balearic-sea,16,14.226262092590332,15.065057794509395
balearic-sea,17,14.191170692443848,15.022897363478135
balearic-sea,18,14.157352447509766,14.980176611869565
balearic-sea,19,14.12456226348877,14.9394288586032
balearic-sea,20,14.092799186706543,14.899169734216503
balearic-sea,21,14.062199592590332,14.859683716681692
balearic-sea,22,14.03256893157959,14.821351392807497
balearic-sea,23,14.003824234008789,14.7830469592925
balearic-sea,24,13.976016998291016,14.745654755253945
balearic-sea,25,13.949258804321289,14.71041988249748
balearic-sea,26,13.923595428466797,14.676527432472474
balearic-sea,27,13.899140357971191,14.645347210668747
balearic-sea,28,13.875818252563477,14.615051672535559
balearic-sea,29,13.853375434875488,14.583880332208448
balearic-sea,30,13.831850051879883,14.553832183345671
balearic-sea,31,13.811151504516602,14.526105157790646
balearic-sea,32,13.79123592376709,14.500767169460175
balearic-sea,33,13.772284507751465,14.475965967485983
balearic-sea,34,13.754698753356934,14.452333970223705
balearic-sea,35,13.738298416137695,14.429754703275618
balearic-sea,36,13.722925186157227,14.408441774306759
balearic-sea,37,13.708545684814453,14.388805595521005
balearic-sea,38,13.694940567016602,14.369455005276587
balearic-sea,39,13.682002067565918,14.350891220954157
balearic-sea,40,13.669902801513672,14.333777990648823
balearic-sea,41,13.658869743347168,14.325007306375811
balearic-sea,42,13.649096488952637,14.317587889394451
balearic-sea,43,13.640375137329102,14.31141491243916
balearic-sea,44,13.632558822631836,14.306149787287557
balearic-sea,45,13.626986503601074,14.30286797861899
balearic-sea,46,13.619668006896973,14.297722222728114
balearic-sea,47,13.612719535827637,14.293433343210527
balearic-sea,48,13.606260299682617,14.291002516592702
balearic-sea,49,13.60053825378418,14.289555820342034
balearic-sea,50,13.595951080322266,14.289470964862454
balearic-sea,51,13.592592239379883,14.291747963813044
balearic-sea,52,13.590262413024902,14.294572531792426
balearic-sea,53,13.588823318481445,14.296339819508214
balearic-sea,54,13.588308334350586,14.300798228479202
balearic-sea,55,13.588972091674805,14.305984355557351
balearic-sea,56,13.591104507446289,14.31245887817875
balearic-sea,57,13.595035552978516,14.320989528779062
balearic-sea,58,13.600911140441895,14.33007484866727
balearic-sea,59,13.608707427978516,14.339388579706995
balearic-sea,60,13.618241310119629,14.350832514609062
balearic-sea,61,13.62937068939209,14.36310306979764
balearic-sea,62,13.64202880859375,14.376300319548577
balearic-sea,63,13.656347274780273,14.39019436682424
balearic-sea,64,13.672247886657715,14.4058845766129
balearic-sea,65,13.68942928314209,14.423137981660902
balearic-sea,66,13.70776081085205,14.441427080092888
balearic-sea,67,13.727266311645508,14.460801555264378
balearic-sea,68,13.747862815856934,14.479731670502693
balearic-sea,69,13.769537925720215,14.5009203480136
balearic-sea,70,13.792170524597168,14.52310459998346
balearic-sea,71,13.81564998626709,14.545110234906597
balearic-sea,72,13.839799880981445,14.565392961809714
balearic-sea,73,13.864564895629883,14.58776244194277
balearic-sea,74,13.889991760253906,14.611869067530481
balearic-sea,75,13.916169166564941,14.639473182924334
balearic-sea,76,13.941737174987793,14.668010305589247
balearic-sea,77,13.970935821533203,14.700996478911373
balearic-sea,78,14.001686096191406,14.735911400087424
balearic-sea,79,14.033674240112305,14.772747236682525
balearic-sea,80,14.066686630249023,14.810073258799894
balearic-sea,81,14.100508689880371,14.847435972767494
balearic-sea,82,14.134973526000977,14.883706597358954
balearic-sea,83,14.170289039611816,14.921645982803838
balearic-sea,84,14.206547737121582,14.96409059339954
balearic-sea,85,14.243807792663574,15.010013601856846
balearic-sea,86,14.281811714172363,15.064002190866779
balearic-sea,87,14.320080757141113,15.119804031618179
balearic-sea,88,14.358382225036621,15.176909649756645
balearic-sea,89,14.396684646606445,15.235076058295466
balearic-sea,90,14.435091972351074,15.296583332553988
balearic-sea,91,14.473790168762207,15.358856299615677
balearic-sea,92,14.512998580932617,15.421287428948188
balearic-sea,93,14.553095817565918,15.48209422634494
balearic-sea,94,14.593977928161621,15.542830919450331
balearic-sea,95,14.635876655578613,15.603616532971783
balearic-sea,96,14.679049491882324,15.665898036956788
balearic-sea,97,14.723870277404785,15.728615065543883
balearic-sea,98,14.770485877990723,15.792142714223555
balearic-sea,99,14.818739891052246,15.856953854714671
balearic-sea,100,14.86861515045166,15.922845458984376
balearic-sea,101,14.920195579528809,15.99122073265814
balearic-sea,102,14.973721504211426,16.063917067743116
balearic-sea,103,15.029088973999023,16.137924892671645
balearic-sea,104,15.086064338684082,16.2117854918203
balearic-sea,105,15.1445951461792,16.28553074252221
balearic-sea,106,15.204615592956543,16.35635774366317
balearic-sea,107,15.26594352722168,16.425922286125925
balearic-sea,108,15.328463554382324,16.49710284817603
balearic-sea,109,15.3922758102417,16.572250886117256
balearic-sea,110,15.457477569580078,16.64894391644385
balearic-sea,111,15.524186134338379,16.729718429811538
balearic-sea,112,15.59262752532959,16.811741038291682
balearic-sea,113,15.662548065185547,16.89974984815044
balearic-sea,114,15.733833312988281,16.990000804778067
balearic-sea,115,15.806354522705078,17.08267849952944
balearic-sea,116,15.87999153137207,17.17279741840978
balearic-sea,117,15.954926490783691,17.255471764841385
balearic-sea,118,16.03154182434082,17.337117607362806
balearic-sea,119,16.109724044799805,17.41808674104752
balearic-sea,120,16.189136505126953,17.498423311787263
balearic-sea,121,16.269847869873047,17.577574373060656
balearic-sea,122,16.352054595947266,17.656420578495148
balearic-sea,123,16.435741424560547,17.737781967655305
balearic-sea,124,16.520891189575195,17.824131737985915
balearic-sea,125,16.60759735107422,17.91305264503725
balearic-sea,126,16.69602394104004,18.0020391402706
balearic-sea,127,16.786293029785156,18.09338977567611
balearic-sea,128,16.8779354095459,18.187004273937596
balearic-sea,129,16.97057342529297,18.280751511358446
balearic-sea,130,17.06466293334961,18.379355910516555
balearic-sea,131,17.160764694213867,18.483219035979243
balearic-sea,132,17.258817672729492,18.591031560590196
balearic-sea,133,17.35851287841797,18.698999041895714
balearic-sea,134,17.459882736206055,18.81204506043465
balearic-sea,135,17.563072204589844,18.926306638410015
balearic-sea,136,17.667985916137695,19.04328830472885
balearic-sea,137,17.774429321289062,19.16095774250646
balearic-sea,138,17.882192611694336,19.278572580891275
balearic-sea,139,17.99118995666504,19.393139839172367
balearic-sea,140,18.101320266723633,19.507635793378277
balearic-sea,141,18.21226692199707,19.62159322307956
balearic-sea,142,18.323650360107422,19.735011574529832
balearic-sea,143,18.435182571411133,19.851209535906392
balearic-sea,144,18.547290802001953,19.966835169638358
balearic-sea,145,18.65990447998047,20.080133967245775
balearic-sea,146,18.772924423217773,20.190258789062494
balearic-sea,147,18.886625289916992,20.30748213491132
balearic-sea,148,19.00099754333496,20.427352911426173
balearic-sea,149,19.116138458251953,20.546813743345197
balearic-sea,150,19.232017517089844,20.667383729257896
balearic-sea,151,19.34892463684082,20.788869550151208
balearic-sea,152,19.46696662902832,20.912754280336443
balearic-sea,153,19.586347579956055,21.04078139028242
balearic-sea,154,19.70717430114746,21.16907719642885
balearic-sea,155,19.8287410736084,21.297204583691013
balearic-sea,156,19.950336456298828,21.428657451752688
balearic-sea,157,20.07193374633789,21.566292307453768
balearic-sea,158,20.1934814453125,21.704472652558355
balearic-sea,159,20.315324783325195,21.848946060672883
balearic-sea,160,20.43767738342285,21.993799751035628
balearic-sea,161,20.560325622558594,22.137073369180005
balearic-sea,162,20.682886123657227,22.277163351735766
balearic-sea,163,20.805227279663086,22.413239805160032
balearic-sea,164,20.926706314086914,22.54709600633191
balearic-sea,165,21.0468692779541,22.67400335496472
balearic-sea,166,21.165912628173828,22.799638483601232
balearic-sea,167,21.284536361694336,22.92120540988061
balearic-sea,168,21.403053283691406,23.042955349337674
balearic-sea,169,21.52119255065918,23.165425903566426
balearic-sea,170,21.638439178466797,23.288928191892566
balearic-sea,171,21.7545223236084,23.407000787796516
balearic-sea,172,21.869930267333984,23.527007139882734
balearic-sea,173,21.984752655029297,23.6458768106276
balearic-sea,174,22.098920822143555,23.762486728545156
balearic-sea,175,22.212448120117188,23.87614362162928
balearic-sea,176,22.32550621032715,23.992263732417932
balearic-sea,177,22.4382266998291,24.107535202272476
balearic-sea,178,22.550325393676758,24.216554666334577
balearic-sea,179,22.661420822143555,24.32548228848365
balearic-sea,180,22.771240234375,24.43461029914117
balearic-sea,181,22.880159378051758,24.54120234827841
balearic-sea,182,22.987977981567383,24.646813503388433
balearic-sea,183,23.094022750854492,24.747952639672068
balearic-sea,184,23.197704315185547,24.84424101306546
balearic-sea,185,23.2988224029541,24.939254711520288
balearic-sea,186,23.398229598999023,25.032820683140905
balearic-sea,187,23.49647331237793,25.122304842548985
balearic-sea,188,23.593338012695312,25.208069702886764
balearic-sea,189,23.6886043548584,25.288931182123
balearic-sea,190,23.78205680847168,25.364163294146135
balearic-sea,191,23.87369728088379,25.4373631569647
balearic-sea,192,23.963178634643555,25.506411238639586
balearic-sea,193,24.050424575805664,25.571616449663715
balearic-sea,194,24.13556480407715,25.635016004500855
balearic-sea,195,24.219621658325195,25.696179334578986
balearic-sea,196,24.303071975708008,25.757088390473402
balearic-sea,197,24.385295867919922,25.816777290836463
balearic-sea,198,24.46590232849121,25.87670414217057
balearic-sea,199,24.544649124145508,25.935133423343785
balearic-sea,200,24.62169075012207,25.99600454145862
balearic-sea,201,24.69694709777832,26.05821508592175
balearic-sea,202,24.77024269104004,26.127431943339687
balearic-sea,203,24.84122657775879,26.191851492851008
balearic-sea,204,24.91002082824707,26.25337513339135
balearic-sea,205,24.976825714111328,26.312724088853404
balearic-sea,206,25.04120635986328,26.369038268058528
balearic-sea,207,25.102928161621094,26.42094956674883
balearic-sea,208,25.161991119384766,26.466025992362727
balearic-sea,209,25.21828269958496,26.50782348263648
balearic-sea,210,25.272172927856445,26.545673345750377
balearic-sea,211,25.32367706298828,26.58203878095073
balearic-sea,212,25.372867584228516,26.6171622983871
balearic-sea,213,25.419923782348633,26.65097434751449
balearic-sea,214,25.4654483795166,26.685227412562213
balearic-sea,215,25.509645462036133,26.72043234917425
balearic-sea,216,25.55232048034668,26.755191181552025
balearic-sea,217,25.592790603637695,26.788160114903604
balearic-sea,218,25.63080596923828,26.820260324785785
balearic-sea,219,25.666242599487305,26.84875576265396
balearic-sea,220,25.699132919311523,26.876669213079634
balearic-sea,221,25.729280471801758,26.901178113875847
balearic-sea,222,25.75620460510254,26.923515738210373
balearic-sea,223,25.77977752685547,26.942321641983526
balearic-sea,224,25.799894332885742,26.958669219478487
balearic-sea,225,25.816205978393555,26.97110404968262
balearic-sea,226,25.828144073486328,26.977872823899798
balearic-sea,227,25.83586883544922,26.982067674206156
balearic-sea,228,25.839866638183594,26.983961517580095
balearic-sea,229,25.840105056762695,26.98357024654266
balearic-sea,230,25.836536407470703,26.982132880918446
balearic-sea,231,25.829235076904297,26.974928991256224
balearic-sea,232,25.81861114501953,26.962527219710815
balearic-sea,233,25.805240631103516,26.93854035408266
balearic-sea,234,25.789451599121094,26.913381939549602
balearic-sea,235,25.77138328552246,26.88728465418662
balearic-sea,236,25.751083374023438,26.859360196513514
balearic-sea,237,25.728782653808594,26.830324086835304
balearic-sea,238,25.704044342041016,26.800954757198205
balearic-sea,239,25.676738739013672,26.776071609989284
balearic-sea,240,25.646936416625977,26.75095227149225
balearic-sea,241,25.614362716674805,26.725317764282224
balearic-sea,242,25.57861328125,26.699009255440004
balearic-sea,243,25.539201736450195,26.671466593588555
balearic-sea,244,25.496200561523438,26.64192784217096
balearic-sea,245,25.449504852294922,26.608254906439015
balearic-sea,246,25.39933967590332,26.570226872351867
balearic-sea,247,25.34585189819336,26.52827217963434
balearic-sea,248,25.28919792175293,26.48240204472696
balearic-sea,249,25.229724884033203,26.429709883659118
balearic-sea,250,25.16730499267578,26.373344956674888
balearic-sea,251,25.101722717285156,26.311571773406005
balearic-sea,252,25.033367156982422,26.24295349736368
balearic-sea,253,24.962804794311523,26.171150275199647
balearic-sea,254,24.89051055908203,26.098354474959837
balearic-sea,255,24.816715240478516,26.025079388772287
balearic-sea,256,24.741802215576172,25.95176778608753
balearic-sea,257,24.665855407714844,25.881846144891554
balearic-sea,258,24.588655471801758,25.812684163739604
balearic-sea,259,24.5098819732666,25.74248428344727
balearic-sea,260,24.429601669311523,25.67237884767594
balearic-sea,261,24.348217010498047,25.600094912129066
balearic-sea,262,24.26610565185547,25.525731302076775
balearic-sea,263,24.18341064453125,25.451394284156066
balearic-sea,264,24.100217819213867,25.37930476896225
balearic-sea,265,24.016267776489258,25.30417044854934
balearic-sea,266,23.931129455566406,25.22843729449857
balearic-sea,267,23.844465255737305,25.14997586281069
balearic-sea,268,23.756206512451172,25.07173111823297
balearic-sea,269,23.666912078857422,24.99243186212355
balearic-sea,270,23.577159881591797,24.911311328026553
balearic-sea,271,23.486957550048828,24.82636867030974
balearic-sea,272,23.396394729614258,24.740294253441586
balearic-sea,273,23.305652618408203,24.65134250886978
balearic-sea,274,23.214706420898438,24.561285880304144
balearic-sea,275,23.12312889099121,24.470571456416955
balearic-sea,276,23.03092384338379,24.380900093816937
balearic-sea,277,22.938146591186523,24.292619366799624
balearic-sea,278,22.84477996826172,24.203543958356295
balearic-sea,279,22.750717163085938,24.111259282019823
balearic-sea,280,22.655778884887695,24.01987342834472
balearic-sea,281,22.560218811035156,23.926493620103404
balearic-sea,282,22.464365005493164,23.833778676679053
balearic-sea,283,22.368144989013672,23.74443201864919
balearic-sea,284,22.271451950073242,23.658522938143822
balearic-sea,285,22.17431640625,23.57254790029218
balearic-sea,286,22.076831817626953,23.484542139114872
balearic-sea,287,21.979042053222656,23.39534657386041
balearic-sea,288,21.880878448486328,23.304502917874245
balearic-sea,289,21.782434463500977,23.21187775519586
balearic-sea,290,21.68398094177246,23.119754760496075
balearic-sea,291,21.585309982299805,23.027552616980763
balearic-sea,292,21.486074447631836,22.935286140441896
balearic-sea,293,21.385915756225586,22.840722207100157
balearic-sea,294,21.2847900390625,22.745469948553268
balearic-sea,295,21.182479858398438,22.649377232213173
balearic-sea,296,21.07899284362793,22.54844784275178
balearic-sea,297,20.974515914916992,22.441529052488264
balearic-sea,298,20.86896324157715,22.33482597720239
balearic-sea,299,20.762548446655273,22.225574961016257
balearic-sea,300,20.655315399169922,22.114662625712736
balearic-sea,301,20.54704475402832,22.0020655047509
balearic-sea,302,20.437910079956055,21.887578410487023
balearic-sea,303,20.328081130981445,21.77214020759829
balearic-sea,304,20.217721939086914,21.657077432447867
balearic-sea,305,20.106943130493164,21.53973957800096
balearic-sea,306,19.996122360229492,21.418219504817838
balearic-sea,307,19.885231018066406,21.295958888146185
balearic-sea,308,19.774303436279297,21.172779710831175
balearic-sea,309,19.663516998291016,21.049203583502003
balearic-sea,310,19.553064346313477,20.928843633590205
balearic-sea,311,19.44313621520996,20.81035810901273
balearic-sea,312,19.333763122558594,20.69372914221979
balearic-sea,313,19.224729537963867,20.57916478803081
balearic-sea,314,19.11589241027832,20.46389023565477
balearic-sea,315,19.00739097595215,20.34740950061429
balearic-sea,316,18.89921760559082,20.23024865427325
balearic-sea,317,18.791194915771484,20.116353951731035
balearic-sea,318,18.683269500732422,20.003618732575443
balearic-sea,319,18.575571060180664,19.892144153964136
balearic-sea,320,18.46819496154785,19.78280136354508
balearic-sea,321,18.361190795898438,19.67399397819273
balearic-sea,322,18.25470542907715,19.56120419040803
balearic-sea,323,18.148801803588867,19.44689312596475
balearic-sea,324,18.043903350830078,19.33587815684657
balearic-sea,325,17.94009780883789,19.22265885260797
balearic-sea,326,17.837438583374023,19.109720839223556
balearic-sea,327,17.73609161376953,19.001168232579385
balearic-sea,328,17.63626480102539,18.89617810403147
balearic-sea,329,17.538225173950195,18.79201611549624
balearic-sea,330,17.441848754882812,18.689240701736942
balearic-sea,331,17.347084045410156,18.587158996828144
balearic-sea,332,17.253807067871094,18.486682762638218
balearic-sea,333,17.161882400512695,18.38792309914866
balearic-sea,334,17.071369171142578,18.289505041799238
balearic-sea,335,16.982412338256836,18.19114107931814
balearic-sea,336,16.895030975341797,18.093908986737652
balearic-sea,337,16.809101104736328,18.001028417771863
balearic-sea,338,16.724721908569336,17.91007168062272
balearic-sea,339,16.64183235168457,17.81932463492117
balearic-sea,340,16.560367584228516,17.726851580219883
balearic-sea,341,16.480388641357422,17.63572281868227
balearic-sea,342,16.40181541442871,17.544967639061714
balearic-sea,343,16.32451820373535,17.454560944341846
balearic-sea,344,16.248655319213867,17.361709210180468
balearic-sea,345,16.174415588378906,17.271338616648027
balearic-sea,346,16.101564407348633,17.181932640075683
balearic-sea,347,16.030160903930664,17.096885428890104
balearic-sea,348,15.960254669189453,17.012731527513072
balearic-sea,349,15.891823768615723,16.930444034453362
balearic-sea,350,15.824728012084961,16.84861335754395
balearic-sea,351,15.758955955505371,16.76612591282014
balearic-sea,352,15.694025993347168,16.684074069607643
balearic-sea,353,15.630331039428711,16.607239535547073
balearic-sea,354,15.568076133728027,16.531937842215264
balearic-sea,355,15.5070161819458,16.457541638035927
balearic-sea,356,15.447049140930176,16.38670897330007
balearic-sea,357,15.38827896118164,16.31718655247842
balearic-sea,358,15.330756187438965,16.250719036594514
balearic-sea,359,15.274333000183105,16.18691045391944
balearic-sea,360,15.2189359664917,16.124076975545577
balearic-sea,361,15.164649963378906,16.06212506755706
balearic-sea,362,15.111474990844727,16.000565495029576
balearic-sea,363,15.059441566467285,15.940597469575946
balearic-sea,364,15.008617401123047,15.884872836451379
balearic-sea,365,14.958792686462402,15.830718218895699
balearic-sea,366,14.909906387329102,15.778061922134896
baltic-sea,1,4.661586284637451,5.799375754017984
baltic-sea,2,4.604887008666992,5.736288139897007
baltic-sea,3,4.548374176025391,5.674482394802954
baltic-sea,4,4.492142677307129,5.612104311297016
baltic-sea,5,4.436046600341797,5.549571877141153
baltic-sea,6,4.380397319793701,5.484698617073798
baltic-sea,7,4.325118541717529,5.418289905978788
baltic-sea,8,4.270084381103516,5.350500472899406
baltic-sea,9,4.215116024017334,5.2824150500759
baltic-sea,10,4.160297870635986,5.215165745827459
baltic-sea,11,4.1057844161987305,5.149238258792508
baltic-sea,12,4.051900386810303,5.087014536703786
baltic-sea,13,3.998854398727417,5.026690329274824
baltic-sea,14,3.9467670917510986,4.968582759364958
baltic-sea,15,3.8955373764038086,4.913073567421205
baltic-sea,16,3.8454463481903076,4.859546013801328
baltic-sea,17,3.7975399494171143,4.814131702915314
baltic-sea,18,3.7502057552337646,4.768642710101219
baltic-sea,19,3.7034173011779785,4.722893205765755
baltic-sea,20,3.6572868824005127,4.677354860305786
baltic-sea,21,3.611837863922119,4.631951127513762
baltic-sea,22,3.5670530796051025,4.5868257507201164
baltic-sea,23,3.5229952335357666,4.541855219871767
baltic-sea,24,3.4796571731567383,4.497509443375372
baltic-sea,25,3.43715238571167,4.452439065902464
baltic-sea,26,3.3956754207611084,4.406764631886635
baltic-sea,27,3.355138063430786,4.362715148156689
baltic-sea,28,3.315497398376465,4.320330003000075
baltic-sea,29,3.276512622833252,4.278701356149489
baltic-sea,30,3.238138198852539,4.237788028101768
baltic-sea,31,3.2004871368408203,4.197332476031396
baltic-sea,32,3.163912296295166,4.157831452738854
baltic-sea,33,3.128653049468994,4.1211496176258215
baltic-sea,34,3.0949108600616455,4.084630721615207
baltic-sea,35,3.0626606941223145,4.048839219923942
baltic-sea,36,3.031987190246582,4.01550791494308
baltic-sea,37,3.0028157234191895,3.986065816879273
baltic-sea,38,2.9750704765319824,3.959250044053601
baltic-sea,39,2.9486746788024902,3.934827495390369
baltic-sea,40,2.9238007068634033,3.9127252863299464
baltic-sea,41,2.9004898071289062,3.8939266897016966
baltic-sea,42,2.878554344177246,3.8769230765681124
baltic-sea,43,2.8577959537506104,3.8599963080498485
baltic-sea,44,2.8380908966064453,3.8420111548516065
baltic-sea,45,2.823697328567505,3.8347613003946126
baltic-sea,46,2.8057589530944824,3.817260529918056
baltic-sea,47,2.7886857986450195,3.7998438873598657
baltic-sea,48,2.7726287841796875,3.7836386688293953
baltic-sea,49,2.75769305229187,3.769554388907648
baltic-sea,50,2.743889331817627,3.7567214635110675
baltic-sea,51,2.7312068939208984,3.7443718541053035
baltic-sea,52,2.71970534324646,3.732295741573457
baltic-sea,53,2.709320545196533,3.720316508508498
baltic-sea,54,2.7001214027404785,3.709959108598771
baltic-sea,55,2.692034959793091,3.7012205992975544
baltic-sea,56,2.6851606369018555,3.694752677025334
baltic-sea,57,2.6794745922088623,3.6899657341741747
baltic-sea,58,2.674745559692383,3.686501476072496
baltic-sea,59,2.6708366870880127,3.6849208877932647
baltic-sea,60,2.6678872108459473,3.685611738697176
baltic-sea,61,2.6660475730895996,3.687316767631039
baltic-sea,62,2.6653714179992676,3.6910180476404015
baltic-sea,63,2.6658201217651367,3.6964525192014634
baltic-sea,64,2.667590379714966,3.7022203753071454
baltic-sea,65,2.670442581176758,3.710480374674644
baltic-sea,66,2.67445969581604,3.720257146896855
baltic-sea,67,2.679654836654663,3.7321968063231443
baltic-sea,68,2.6860554218292236,3.743854118162586
baltic-sea,69,2.6937692165374756,3.7575158596038816
baltic-sea,70,2.702936887741089,3.773161700464064
baltic-sea,71,2.7135579586029053,3.7902950925211756
baltic-sea,72,2.7256712913513184,3.8070303424712155
baltic-sea,73,2.7394967079162598,3.8290267898190407
baltic-sea,74,2.7551400661468506,3.851863478076073
baltic-sea,75,2.772620916366577,3.8766784852550877
baltic-sea,76,2.787654161453247,3.892222472929186
baltic-sea,77,2.808978319168091,3.920736122131348
baltic-sea,78,2.831972360610962,3.9506673835938972
baltic-sea,79,2.8564906120300293,3.9798364200899674
baltic-sea,80,2.8826851844787598,4.0095484425944665
baltic-sea,81,2.9104433059692383,4.039857136049578
baltic-sea,82,2.9397270679473877,4.0717730383719175
baltic-sea,83,2.9705214500427246,4.106010665432099
baltic-sea,84,3.0028622150421143,4.143109435419883
baltic-sea,85,3.036612033843994,4.182192582468834
baltic-sea,86,3.0718255043029785,4.222160131700577
baltic-sea,87,3.1085381507873535,4.266938764818254
baltic-sea,88,3.146829605102539,4.311799015537385
baltic-sea,89,3.186810255050659,4.359223585744059
baltic-sea,90,3.2287189960479736,4.408813213532971
baltic-sea,91,3.272651433944702,4.458901549923805
baltic-sea,92,3.319051504135132,4.513931682802017
baltic-sea,93,3.3681466579437256,4.5694866272710986
baltic-sea,94,3.4200167655944824,4.627052527858366
baltic-sea,95,3.4746227264404297,4.687030499212204
baltic-sea,96,3.5322203636169434,4.74908859806676
baltic-sea,97,3.5927319526672363,4.815997372904131
baltic-sea,98,3.656092643737793,4.884749581736903
baltic-sea,99,3.7223782539367676,4.9564917472101016
baltic-sea,100,3.7915594577789307,5.03130300583378
baltic-sea,101,3.8634135723114014,5.109326365686233
baltic-sea,102,3.9377126693725586,5.18914532661438
baltic-sea,103,4.014455318450928,5.273325160241897
baltic-sea,104,4.0935587882995605,5.354319906234742
baltic-sea,105,4.174715518951416,5.436472775859218
baltic-sea,106,4.257714748382568,5.519944637052475
baltic-sea,107,4.342645168304443,5.607429450558078
baltic-sea,108,4.429812431335449,5.698311881096132
baltic-sea,109,4.519482135772705,5.790860966713198
baltic-sea,110,4.612135410308838,5.889664240806334
baltic-sea,111,4.708198070526123,5.997348677727484
baltic-sea,112,4.807727813720703,6.1106307306597305
baltic-sea,113,4.910645961761475,6.230708431428479
baltic-sea,114,5.016352653503418,6.351229823020197
baltic-sea,115,5.1247053146362305,6.4729146080632365
baltic-sea,116,5.235986232757568,6.595121225234002
baltic-sea,117,5.350311756134033,6.7213676129618
baltic-sea,118,5.467372894287109,6.847838604834772
baltic-sea,119,5.586933135986328,6.9823197287897925
baltic-sea,120,5.709167957305908,7.120428546782464
baltic-sea,121,5.834069728851318,7.262545098027877
baltic-sea,122,5.961429595947266,7.407019639784291
baltic-sea,123,6.091280460357666,7.553686194266044
baltic-sea,124,6.2233710289001465,7.702878678229549
baltic-sea,125,6.357874393463135,7.863772384582028
baltic-sea,126,6.494391918182373,8.027508071161087
baltic-sea,127,6.63272762298584,8.194112837699153
baltic-sea,128,6.772707939147949,8.35995190374313
baltic-sea,129,6.914213180541992,8.52472566327741
baltic-sea,130,7.057006359100342,8.692157496175458
baltic-sea,131,7.20083475112915,8.85994230547259
baltic-sea,132,7.3455071449279785,9.026853825969079
baltic-sea,133,7.49103307723999,9.195342529973676
baltic-sea,134,7.637327671051025,9.361793838008756
baltic-sea,135,7.784597873687744,9.528222251707508
baltic-sea,136,7.9332756996154785,9.702522734672794
baltic-sea,137,8.083845138549805,9.880098633612354
baltic-sea,138,8.23630428314209,10.063897551259686
baltic-sea,139,8.3908052444458,10.257069613856652
baltic-sea,140,8.547670364379883,10.456730914884998
baltic-sea,141,8.706562995910645,10.657256673997448
baltic-sea,142,8.86698055267334,10.850611126807431
baltic-sea,143,9.028634071350098,11.040050595806495
baltic-sea,144,9.191086769104004,11.223385463222384
baltic-sea,145,9.354362487792969,11.405995528928699
baltic-sea,146,9.518056869506836,11.587414704599691
baltic-sea,147,9.681517601013184,11.767538172198885
baltic-sea,148,9.844547271728516,11.945074429050573
baltic-sea,149,10.006994247436523,12.11957737092049
baltic-sea,150,10.168659210205078,12.287943067858297
baltic-sea,151,10.328845977783203,12.45388083919402
baltic-sea,152,10.48752212524414,12.61900691986084
baltic-sea,153,10.644776344299316,12.782470509313768
baltic-sea,154,10.799859046936035,12.941088953325826
baltic-sea,155,10.952980041503906,13.098277901064964
baltic-sea,156,11.103917121887207,13.245458596752535
baltic-sea,157,11.253558158874512,13.39408075578751
baltic-sea,158,11.402108192443848,13.540217288847893
baltic-sea,159,11.549777030944824,13.684686205464025
baltic-sea,160,11.697033882141113,13.831582912322014
baltic-sea,161,11.8440580368042,13.978292145267611
baltic-sea,162,11.990886688232422,14.125571333977485
baltic-sea,163,12.137701988220215,14.275703024095106
baltic-sea,164,12.284639358520508,14.426885183395878
baltic-sea,165,12.432236671447754,14.57993984837686
baltic-sea,166,12.580334663391113,14.735703068394814
baltic-sea,167,12.72884750366211,14.888955949967908
baltic-sea,168,12.876967430114746,15.037406238432855
baltic-sea,169,13.024463653564453,15.175967444142989
baltic-sea,170,13.170866966247559,15.304758548736572
baltic-sea,171,13.315335273742676,15.42631597826558
baltic-sea,172,13.45743465423584,15.543804568629113
baltic-sea,173,13.597043991088867,15.66232897850775
baltic-sea,174,13.734335899353027,15.786092699727705
baltic-sea,175,13.869612693786621,15.915204281960765
baltic-sea,176,14.003096580505371,16.048103775516633
baltic-sea,177,14.135152816772461,16.186562344335737
baltic-sea,178,14.265900611877441,16.32802224620696
baltic-sea,179,14.395586967468262,16.472623243639546
baltic-sea,180,14.524335861206055,16.615523150659374
baltic-sea,181,14.652338981628418,16.75642328569966
baltic-sea,182,14.780122756958008,16.89724643768803
baltic-sea,183,14.907729148864746,17.036143807441956
baltic-sea,184,15.035280227661133,17.174124505442958
baltic-sea,185,15.163031578063965,17.311437489909512
baltic-sea,186,15.290663719177246,17.450606909105858
baltic-sea,187,15.418159484863281,17.592702890211534
baltic-sea,188,15.54510498046875,17.73131425611435
baltic-sea,189,15.67158317565918,17.873580981839087
baltic-sea,190,15.797367095947266,18.015298824925576
baltic-sea,191,15.92197322845459,18.155662490475564
baltic-sea,192,16.045103073120117,18.294426530407325
baltic-sea,193,16.1666202545166,18.429189392828174
baltic-sea,194,16.286449432373047,18.56410382793796
baltic-sea,195,16.404504776000977,18.695333080907027
baltic-sea,196,16.52012062072754,18.82407895980343
baltic-sea,197,16.633031845092773,18.94739956394319
baltic-sea,198,16.742856979370117,19.067598804350823
baltic-sea,199,16.849451065063477,19.18889227221089
baltic-sea,200,16.952369689941406,19.30899060157038
baltic-sea,201,17.05146026611328,19.423982398740712
baltic-sea,202,17.14691162109375,19.536093847213255
baltic-sea,203,17.238866806030273,19.64136316853185
baltic-sea,204,17.32691192626953,19.739559905759755
baltic-sea,205,17.410751342773438,19.82579981896186
baltic-sea,206,17.490144729614258,19.900508369938027
baltic-sea,207,17.565006256103516,19.965868685322427
baltic-sea,208,17.635122299194336,20.019353288219822
baltic-sea,209,17.7004337310791,20.065762759793188
baltic-sea,210,17.76070213317871,20.103257880672327
baltic-sea,211,17.8161563873291,20.139239083566967
baltic-sea,212,17.866893768310547,20.17511578836748
baltic-sea,213,17.912710189819336,20.205046801413253
baltic-sea,214,17.953495025634766,20.226172256469724
baltic-sea,215,17.989505767822266,20.245110222601124
baltic-sea,216,18.021024703979492,20.260805400725335
baltic-sea,217,18.048227310180664,20.271264783797726
baltic-sea,218,18.07095718383789,20.274701543008128
baltic-sea,219,18.088863372802734,20.273786009511635
baltic-sea,220,18.10152816772461,20.26572394217214
baltic-sea,221,18.10883331298828,20.254787888065458
baltic-sea,222,18.110570907592773,20.239550085990654
baltic-sea,223,18.106739044189453,20.21576389189689
baltic-sea,224,18.09759521484375,20.188501887167646
baltic-sea,225,18.08304214477539,20.153646050730053
baltic-sea,226,18.062814712524414,20.111522889906357
baltic-sea,227,18.036727905273438,20.060844605968846
baltic-sea,228,18.00482940673828,20.006206087912286
baltic-sea,229,17.967370986938477,19.938170771444998
baltic-sea,230,17.92497444152832,19.861801805803857
baltic-sea,231,17.877931594848633,19.782449919177644
baltic-sea,232,17.826557159423828,19.701703840686427
baltic-sea,233,17.77105140686035,19.620260484756965
baltic-sea,234,17.711570739746094,19.53777370452881
baltic-sea,235,17.648571014404297,19.45780103744999
baltic-sea,236,17.582372665405273,19.379394801970452
baltic-sea,237,17.51337432861328,19.297292278658958
baltic-sea,238,17.44175148010254,19.215293773528067
baltic-sea,239,17.3675537109375,19.135170807376987
baltic-sea,240,17.29080581665039,19.05506177102366
baltic-sea,241,17.211408615112305,18.97437945335142
baltic-sea,242,17.12939453125,18.889121670876783
baltic-sea,243,17.044761657714844,18.795175115523804
baltic-sea,244,16.9577579498291,18.69886242035897
baltic-sea,245,16.868364334106445,18.603962147620418
baltic-sea,246,16.776119232177734,18.504506671044133
baltic-sea,247,16.680828094482422,18.401720613048923
baltic-sea,248,16.582500457763672,18.296374616315283
baltic-sea,249,16.48151969909668,18.18977079083843
baltic-sea,250,16.378263473510742,18.081909407338788
baltic-sea,251,16.272947311401367,17.9722103365006
baltic-sea,252,16.165889739990234,17.858089200911987
baltic-sea,253,16.057313919067383,17.739804818553313
baltic-sea,254,15.947455406188965,17.621047549093923
baltic-sea,255,15.836127281188965,17.497711040127662
baltic-sea,256,15.723390579223633,17.37023897478657
baltic-sea,257,15.609580993652344,17.242692101386286
baltic-sea,258,15.494765281677246,17.117162922889957
baltic-sea,259,15.378942489624023,16.99062288961103
baltic-sea,260,15.261918067932129,16.86971920382592
baltic-sea,261,15.143595695495605,16.752005949328023
baltic-sea,262,15.024158477783203,16.633654720552506
baltic-sea,263,14.903545379638672,16.509631212296025
baltic-sea,264,14.78186321258545,16.383742274007492
baltic-sea,265,14.659226417541504,16.257802815591134
baltic-sea,266,14.53584098815918,16.130216293950237
baltic-sea,267,14.411834716796875,16.00274561912783
baltic-sea,268,14.287201881408691,15.878795389975274
baltic-sea,269,14.162276268005371,15.755287684163742
baltic-sea,270,14.037382125854492,15.625575939301525
baltic-sea,271,13.912740707397461,15.491551952977336
baltic-sea,272,13.788652420043945,15.359150163588987
baltic-sea,273,13.665170669555664,15.22554275143531
baltic-sea,274,13.542367935180664,15.09483516139369
baltic-sea,275,13.420148849487305,14.96456617539929
baltic-sea,276,13.298357963562012,14.834417370826968
baltic-sea,277,13.176969528198242,14.70703488319151
baltic-sea,278,13.05601978302002,14.581720019925024
baltic-sea,279,12.935478210449219,14.454993684830205
baltic-sea,280,12.814998626708984,14.327529301181919
baltic-sea,281,12.694315910339355,14.197494722181753
baltic-sea,282,12.573582649230957,14.064980205412835
baltic-sea,283,12.45269775390625,13.93488767685429
baltic-sea,284,12.331538200378418,13.806801891326907
baltic-sea,285,12.209952354431152,13.677993245278635
baltic-sea,286,12.088436126708984,13.549145603179932
baltic-sea,287,11.967387199401855,13.41824714906754
baltic-sea,288,11.846879005432129,13.290569225434334
baltic-sea,289,11.727008819580078,13.163054816953597
baltic-sea,290,11.607854843139648,13.034134655614052
baltic-sea,291,11.489721298217773,12.905151991690355
baltic-sea,292,11.372709274291992,12.775605315546835
baltic-sea,293,11.25671672821045,12.647236141081779
baltic-sea,294,11.14163875579834,12.519925126721779
baltic-sea,295,11.027530670166016,12.392369848682034
baltic-sea,296,10.914478302001953,12.267832863715388
baltic-sea,297,10.80211067199707,12.143425283124369
baltic-sea,298,10.69023609161377,12.020168618232972
baltic-sea,299,10.578926086425781,11.899092991121353
baltic-sea,300,10.468183517456055,11.778521076325447
baltic-sea,301,10.358024597167969,11.660700601147068
baltic-sea,302,10.24837589263916,11.5470459968813
baltic-sea,303,10.139043807983398,11.432118406603413
baltic-sea,304,10.029980659484863,11.317847987144223
baltic-sea,305,9.92130184173584,11.207267312080633
baltic-sea,306,9.813047409057617,11.098804369280415
baltic-sea,307,9.705379486083984,10.987426770117976
baltic-sea,308,9.598453521728516,10.875937120376094
baltic-sea,309,9.492284774780273,10.765341826408143
baltic-sea,310,9.386727333068848,10.655707965358614
baltic-sea,311,9.281859397888184,10.545817046011647
baltic-sea,312,9.17780876159668,10.437176476755448
baltic-sea,313,9.074363708496094,10.327407073974609
baltic-sea,314,8.971484184265137,10.214739697979342
baltic-sea,315,8.86927318572998,10.102175900243942
baltic-sea,316,8.767951011657715,9.990917024304787
baltic-sea,317,8.667415618896484,9.8843935935728
baltic-sea,318,8.567511558532715,9.781202950016143
baltic-sea,319,8.468091011047363,9.675908667041409
baltic-sea,320,8.369152069091797,9.57314572488108
baltic-sea,321,8.27063274383545,9.474351264584449
baltic-sea,322,8.172463417053223,9.376919291096348
baltic-sea,323,8.074555397033691,9.28142579601657
baltic-sea,324,7.977112770080566,9.186425356711114
baltic-sea,325,7.880422115325928,9.094257153234178
baltic-sea,326,7.784487724304199,9.003996121498847
baltic-sea,327,7.689069747924805,8.913951879932034
baltic-sea,328,7.594349384307861,8.825518549642256
baltic-sea,329,7.500398635864258,8.735134638509443
baltic-sea,330,7.407337665557861,8.643435988887664
baltic-sea,331,7.315083026885986,8.550211471126925
baltic-sea,332,7.223680019378662,8.459620261961414
baltic-sea,333,7.133157253265381,8.368515683758643
baltic-sea,334,7.043705463409424,8.27581783263914
baltic-sea,335,6.955461025238037,8.186708501077467
baltic-sea,336,6.868271350860596,8.098381313200921
baltic-sea,337,6.7820210456848145,8.009665981415779
baltic-sea,338,6.696681499481201,7.924172696759624
baltic-sea,339,6.61223030090332,7.8404924008154095
baltic-sea,340,6.52881383895874,7.7559708072293185
baltic-sea,341,6.44636344909668,7.674194169813586
baltic-sea,342,6.36491584777832,7.593579593781502
baltic-sea,343,6.284508228302002,7.515787503027147
baltic-sea,344,6.205327987670898,7.441475548282747
baltic-sea,345,6.127437591552734,7.369433429164271
baltic-sea,346,6.050861835479736,7.298427695612754
baltic-sea,347,5.975344181060791,7.2273837120302264
baltic-sea,348,5.900735855102539,7.155541375375564
baltic-sea,349,5.8270182609558105,7.083719953413934
baltic-sea,350,5.754305362701416,7.012643194198609
baltic-sea,351,5.682436943054199,6.939831239946427
baltic-sea,352,5.610353469848633,6.8600181994899625
baltic-sea,353,5.539488792419434,6.780104244908979
baltic-sea,354,5.470005512237549,6.7013648448451875
baltic-sea,355,5.401780605316162,6.623621657586868
baltic-sea,356,5.334612846374512,6.548646436199066
baltic-sea,357,5.268425464630127,6.4750570574114406
baltic-sea,358,5.203344345092773,6.40182751224887
baltic-sea,359,5.139404773712158,6.3281034531131874
baltic-sea,360,5.0765228271484375,6.256649318818123
baltic-sea,361,5.0143656730651855,6.187722466068883
baltic-sea,362,4.953145503997803,6.120140754022906
baltic-sea,363,4.892954349517822,6.052409596596994
baltic-sea,364,4.833984851837158,5.985839311538204
baltic-sea,365,4.775968074798584,5.922886791536884
baltic-sea,366,4.718569755554199,5.861620533850885
barents-sea,1,2.167513608932495,2.771428465843201
barents-sea,2,2.1555535793304443,2.7583618663972427
barents-sea,3,2.143439769744873,2.7453587824298498
barents-sea,4,2.1313228607177734,2.73272587791566
barents-sea,5,2.1193573474884033,2.7206657848050524
barents-sea,6,2.1075122356414795,2.708729671662854
barents-sea,7,2.095853328704834,2.6966376320008316
barents-sea,8,2.084371328353882,2.6843849443620256
barents-sea,9,2.0730679035186768,2.6731053344665034
barents-sea,10,2.0619022846221924,2.6621975168105094
barents-sea,11,2.050971031188965,2.6511168925992905
barents-sea,12,2.0402042865753174,2.6400387956250104
barents-sea,13,2.029639482498169,2.628683840843939
barents-sea,14,2.0192971229553223,2.6178199152792656
barents-sea,15,2.009134292602539,2.6068903246233543
barents-sea,16,1.9991689920425415,2.596177888685658
barents-sea,17,1.989532709121704,2.5853755812491146
barents-sea,18,1.9802907705307007,2.5741216236545195
barents-sea,19,1.9713398218154907,2.563127383109062
barents-sea,20,1.9626439809799194,2.5529870756210817
barents-sea,21,1.9541261196136475,2.543860093239815
barents-sea,22,1.94575834274292,2.5355534991910385
barents-sea,23,1.9376929998397827,2.5281597591215568
barents-sea,24,1.930008888244629,2.520794713881709
barents-sea,25,1.9227688312530518,2.513591857110301
barents-sea,26,1.9159523248672485,2.5059832096099854
barents-sea,27,1.9094831943511963,2.499118679569614
barents-sea,28,1.9032964706420898,2.4920737904887043
barents-sea,29,1.8972214460372925,2.485167709473641
barents-sea,30,1.891288161277771,2.478179936255178
barents-sea,31,1.885473370552063,2.4713956317593975
barents-sea,32,1.8798948526382446,2.4645426319491475
barents-sea,33,1.8746148347854614,2.4579971382694863
barents-sea,34,1.8695851564407349,2.4514774522473735
barents-sea,35,1.86474609375,2.4450902677351425
barents-sea,36,1.8599472045898438,2.438849265344681
barents-sea,37,1.8552378416061401,2.432169739661678
barents-sea,38,1.850641131401062,2.4249037242704823
barents-sea,39,1.8461112976074219,2.4177032586066955
barents-sea,40,1.8417540788650513,2.410558856687238
barents-sea,41,1.8377069234848022,2.403238049630196
barents-sea,42,1.834063172340393,2.3970562504183865
barents-sea,43,1.8308809995651245,2.391968491000514
barents-sea,44,1.8280874490737915,2.3872751543598785
barents-sea,45,1.825648307800293,2.3851681599053
barents-sea,46,1.8232781887054443,2.381135741869608
barents-sea,47,1.8212443590164185,2.3772667682299042
barents-sea,48,1.8196171522140503,2.373470013115995
barents-sea,49,1.8183314800262451,2.3703857757711924
barents-sea,50,1.8174549341201782,2.36759134774567
barents-sea,51,1.8170639276504517,2.364900818691459
barents-sea,52,1.8169842958450317,2.3624181475690618
barents-sea,53,1.816937804222107,2.3607320675285917
barents-sea,54,1.8167630434036255,2.3577753748945014
barents-sea,55,1.8164238929748535,2.3545922892068027
barents-sea,56,1.816010594367981,2.351683517938019
barents-sea,57,1.8155601024627686,2.3491805373981434
barents-sea,58,1.814978003501892,2.346247786603948
barents-sea,59,1.8142396211624146,2.3433565867844455
barents-sea,60,1.8133858442306519,2.340366091010391
barents-sea,61,1.8123972415924072,2.33782892739901
barents-sea,62,1.8112831115722656,2.3354142732517693
barents-sea,63,1.8100559711456299,2.3331618052656933
barents-sea,64,1.8087944984436035,2.3309376060321765
barents-sea,65,1.8075958490371704,2.3287134067986597
barents-sea,66,1.8064196109771729,2.3264892075651433
barents-sea,67,1.8053187131881714,2.3239019599012147
barents-sea,68,1.8043417930603027,2.3217794577280677
barents-sea,69,1.8035825490951538,2.3202429930369055
barents-sea,70,1.803094744682312,2.3191959247794203
barents-sea,71,1.8026765584945679,2.318123986387765
barents-sea,72,1.8022422790527344,2.317181170114907
barents-sea,73,1.8016855716705322,2.3157827144028036
barents-sea,74,1.8011114597320557,2.314361743516819
barents-sea,75,1.8005754947662354,2.3131736683589152
barents-sea,76,1.800023078918457,2.3097142288761754
barents-sea,77,1.7997410297393799,2.3085261537182724
barents-sea,78,1.79941725730896,2.3072427411233227
barents-sea,79,1.7990347146987915,2.30569546991779
barents-sea,80,1.798561930656433,2.30404824056933
barents-sea,81,1.7978864908218384,2.3023850525579146
barents-sea,82,1.7970001697540283,2.3028145036389747
barents-sea,83,1.7960774898529053,2.3045423292344616
barents-sea,84,1.7953495979309082,2.306217432791187
barents-sea,85,1.7948814630508423,2.3095545461100917
barents-sea,86,1.7946548461914062,2.31324765528402
barents-sea,87,1.7946381568908691,2.3168351573328816
barents-sea,88,1.7948318719863892,2.3208526142181887
barents-sea,89,1.7951868772506714,2.324909077152129
barents-sea,90,1.7956840991973877,2.3289655400860694
barents-sea,91,1.7963210344314575,2.3331212989745596
barents-sea,92,1.797206997871399,2.3372770578630506
barents-sea,93,1.7983436584472656,2.3415516007331107
barents-sea,94,1.7995977401733398,2.3466373028293734
barents-sea,95,1.800885558128357,2.351388753614118
barents-sea,96,1.80208420753479,2.355681567038259
barents-sea,97,1.8033312559127808,2.3599639646468624
barents-sea,98,1.8046942949295044,2.364319563681079
barents-sea,99,1.806113362312317,2.367944061371588
barents-sea,100,1.8077768087387085,2.371718596643017
barents-sea,101,1.8096826076507568,2.3755200347592758
barents-sea,102,1.8118135929107666,2.379593964545958
barents-sea,103,1.8141249418258667,2.384152383189048
barents-sea,104,1.8167164325714111,2.3889261522600727
barents-sea,105,1.8195945024490356,2.3938464541589055
barents-sea,106,1.8228020668029785,2.39875379454705
barents-sea,107,1.8263673782348633,2.405043784264595
barents-sea,108,1.8302805423736572,2.412269288493741
barents-sea,109,1.8344552516937256,2.419811225706531
barents-sea,110,1.8388890027999878,2.4281807076546458
barents-sea,111,1.8436566591262817,2.438211682534987
barents-sea,112,1.8487563133239746,2.449518219886288
barents-sea,113,1.854177713394165,2.4614010195578304
barents-sea,114,1.8598352670669556,2.4739344873735982
barents-sea,115,1.8656244277954102,2.486548826771398
barents-sea,116,1.8715769052505493,2.500230097770691
barents-sea,117,1.8777333498001099,2.51419987755437
barents-sea,118,1.8840702772140503,2.528837859246038
barents-sea,119,1.8905541896820068,2.544133577039165
barents-sea,120,1.8974179029464722,2.5597115901208696
barents-sea,121,1.9046766757965088,2.5754742145538336
barents-sea,122,1.912392020225525,2.591254676541975
barents-sea,123,1.9205735921859741,2.6068326896236793
barents-sea,124,1.929320216178894,2.6221983901916013
barents-sea,125,1.9388210773468018,2.6366822111991146
barents-sea,126,1.9491952657699585,2.6518531714716267
barents-sea,127,1.9604626893997192,2.6683573838203185
barents-sea,128,1.972477912902832,2.685351707858424
barents-sea,129,1.9851502180099487,2.702489696779558
barents-sea,130,1.9984817504882812,2.720600184317558
barents-sea,131,2.0123889446258545,2.7396382439521045
barents-sea,132,2.0268964767456055,2.7594423117176174
barents-sea,133,2.041975498199463,2.781864263934474
barents-sea,134,2.0576460361480713,2.8061139829697144
barents-sea,135,2.073887825012207,2.8336295150941417
barents-sea,136,2.090696096420288,2.862998217152011
barents-sea,137,2.1080265045166016,2.893872101076188
barents-sea,138,2.1259822845458984,2.924407497529061
barents-sea,139,2.144707202911377,2.954736248139413
barents-sea,140,2.1644461154937744,2.9851870229167328
barents-sea,141,2.1851537227630615,3.0161995687792382
barents-sea,142,2.206599473953247,3.0471906015949877
barents-sea,143,2.228844165802002,3.0773745875204774
barents-sea,144,2.2518391609191895,3.105772176096517
barents-sea,145,2.275787591934204,3.1333657033981823
barents-sea,146,2.3009066581726074,3.1607964023467034
barents-sea,147,2.3271982669830322,3.1883116076069498
barents-sea,148,2.354675054550171,3.217425634014991
barents-sea,149,2.3833022117614746,3.248449947757106
barents-sea,150,2.41312837600708,3.2793067662946647
barents-sea,151,2.4441912174224854,3.3112698339646864
barents-sea,152,2.476710796356201,3.3442536923193167
barents-sea,153,2.510749101638794,3.378307011819656
barents-sea,154,2.546311378479004,3.41377818507533
barents-sea,155,2.583436965942383,3.4529129512848398
barents-sea,156,2.6220505237579346,3.493644253669247
barents-sea,157,2.6619341373443604,3.535438029996811
barents-sea,158,2.7030417919158936,3.579644826919802
barents-sea,159,2.7453954219818115,3.6271968510843093
barents-sea,160,2.7890543937683105,3.6783092398797304
barents-sea,161,2.8340866565704346,3.73159632221345
barents-sea,162,2.880326747894287,3.7868892723514187
barents-sea,163,2.9278953075408936,3.843593933505397
barents-sea,164,2.97711443901062,3.900169843243015
barents-sea,165,3.0280590057373047,3.9585563882704706
barents-sea,166,3.0807063579559326,4.019061247764095
barents-sea,167,3.1348719596862793,4.078968677982208
barents-sea,168,3.1905596256256104,4.1404311995352465
barents-sea,169,3.247680187225342,4.200925939313827
barents-sea,170,3.306049108505249,4.261288289100893
barents-sea,171,3.3655691146850586,4.3231143505342535
barents-sea,172,3.4262642860412598,4.387526237580085
barents-sea,173,3.488349676132202,4.452132594969965
barents-sea,174,3.55159854888916,4.519522826133236
barents-sea,175,3.615891218185425,4.587117145138401
barents-sea,176,3.681140661239624,4.654862962999651
barents-sea,177,3.7471866607666016,4.724584894795572
barents-sea,178,3.81408429145813,4.79495731322996
barents-sea,179,3.8817408084869385,4.864794397354127
barents-sea,180,3.9501755237579346,4.937070981148752
barents-sea,181,4.019284248352051,5.011667565376529
barents-sea,182,4.08889627456665,5.0918252583472965
barents-sea,183,4.158646106719971,5.1720257597584895
barents-sea,184,4.22835111618042,5.2553890828163405
barents-sea,185,4.297789573669434,5.338773865853588
barents-sea,186,4.366605281829834,5.421750156341062
barents-sea,187,4.434545993804932,5.504102128551853
barents-sea,188,4.50161075592041,5.58720412408152
barents-sea,189,4.567817211151123,5.668674439768639
barents-sea,190,4.633177757263184,5.747732696225568
barents-sea,191,4.697679042816162,5.824668130566998
barents-sea,192,4.761261940002441,5.901035158095822
barents-sea,193,4.823797225952148,5.974865099691576
barents-sea,194,4.885098934173584,6.0475358563084765
barents-sea,195,4.944850444793701,6.117860189560922
barents-sea,196,5.002802848815918,6.187690824077976
barents-sea,197,5.058891773223877,6.253916935766898
barents-sea,198,5.113104343414307,6.3192199522449135
barents-sea,199,5.165463924407959,6.383844191028227
barents-sea,200,5.215876579284668,6.450590918141028
barents-sea,201,5.264439105987549,6.517147716399163
barents-sea,202,5.310980796813965,6.582228557525144
barents-sea,203,5.35537052154541,6.64361265397841
barents-sea,204,5.39752721786499,6.703191569543654
barents-sea,205,5.43759298324585,6.759153533750966
barents-sea,206,5.475667476654053,6.80726716133856
barents-sea,207,5.511803150177002,6.853304499964561
barents-sea,208,5.545979022979736,6.896697547358853
barents-sea,209,5.5781450271606445,6.938192478302987
barents-sea,210,5.608254432678223,6.980451494647612
barents-sea,211,5.636210918426514,7.017523814785867
barents-sea,212,5.6618571281433105,7.051259959128597
barents-sea,213,5.68519401550293,7.078007444258662
barents-sea,214,5.706343650817871,7.103506718912435
barents-sea,215,5.7253851890563965,7.124755873218662
barents-sea,216,5.742323875427246,7.144768162696596
barents-sea,217,5.75724458694458,7.161618880302678
barents-sea,218,5.770211696624756,7.17742567370015
barents-sea,219,5.7813720703125,7.190930723374891
barents-sea,220,5.790713310241699,7.202569507783461
barents-sea,221,5.798083305358887,7.207991389305362
barents-sea,222,5.803349494934082,7.20956165098375
barents-sea,223,5.806511402130127,7.204016696253131
barents-sea,224,5.807590007781982,7.194960938730548
barents-sea,225,5.806634426116943,7.182383395779518
barents-sea,226,5.803811073303223,7.1686309491434415
barents-sea,227,5.799351215362549,7.151171510450303
barents-sea,228,5.793222427368164,7.13126943188329
barents-sea,229,5.785537242889404,7.110300440942089
barents-sea,230,5.776216506958008,7.086356235319568
barents-sea,231,5.765350818634033,7.060267822204098
barents-sea,232,5.752921104431152,7.033772859265727
barents-sea,233,5.73906946182251,7.0087352798831075
barents-sea,234,5.723834991455078,6.984678731426116
barents-sea,235,5.707419395446777,6.961283868358982
barents-sea,236,5.689876079559326,6.938379080064836
barents-sea,237,5.671056747436523,6.922174455273536
barents-sea,238,5.650786399841309,6.906475054833199
barents-sea,239,5.629170894622803,6.890152214419458
barents-sea,240,5.606257438659668,6.871699022477675
barents-sea,241,5.5820536613464355,6.850220335683516
barents-sea,242,5.556519031524658,6.825434621687859
barents-sea,243,5.529788970947266,6.798518909946565
barents-sea,244,5.5018839836120605,6.770512044045233
barents-sea,245,5.472829341888428,6.739991518758958
barents-sea,246,5.442478179931641,6.707393755451326
barents-sea,247,5.41085147857666,6.673827958876085
barents-sea,248,5.3780670166015625,6.637333866857713
barents-sea,249,5.344250202178955,6.599448051760273
barents-sea,250,5.3092756271362305,6.561327248234902
barents-sea,251,5.273087501525879,6.519763494306995
barents-sea,252,5.2357940673828125,6.481102863434822
barents-sea,253,5.197513580322266,6.442570827853295
barents-sea,254,5.1583251953125,6.407849102635538
barents-sea,255,5.118249416351318,6.37510150017277
barents-sea,256,5.077214241027832,6.3429365773354816
barents-sea,257,5.035093307495117,6.308341556979764
barents-sea,258,4.991833209991455,6.271990889887656
barents-sea,259,4.947607040405273,6.235011869861234
barents-sea,260,4.902418613433838,6.196762474121586
barents-sea,261,4.856396198272705,6.156510922216601
barents-sea,262,4.809622287750244,6.1117857148570405
barents-sea,263,4.762083053588867,6.065754598186863
barents-sea,264,4.713735580444336,6.014190636911701
barents-sea,265,4.66464376449585,5.958960373170916
barents-sea,266,4.614755630493164,5.901148403844528
barents-sea,267,4.564134120941162,5.841458474436115
barents-sea,268,4.513084888458252,5.780256988156227
barents-sea,269,4.461733818054199,5.715255078961772
barents-sea,270,4.4099507331848145,5.649670653189383
barents-sea,271,4.357649326324463,5.584741433974235
barents-sea,272,4.304831027984619,5.516946014281242
barents-sea,273,4.2515764236450195,5.45001424358737
barents-sea,274,4.198015213012695,5.382797604222451
barents-sea,275,4.144290447235107,5.314087032502698
barents-sea,276,4.090467929840088,5.245219605968845
barents-sea,277,4.036860942840576,5.176528029288015
barents-sea,278,3.9836950302124023,5.107421796552596
barents-sea,279,3.9309701919555664,5.040524541178057
barents-sea,280,3.878727674484253,4.973262389244572
barents-sea,281,3.8270905017852783,4.904296164358815
barents-sea,282,3.776205539703369,4.837488068303753
barents-sea,283,3.726194381713867,4.770678187185719
barents-sea,284,3.6770339012145996,4.704986386145315
barents-sea,285,3.62856125831604,4.640398263162182
barents-sea,286,3.5808703899383545,4.575982896743282
barents-sea,287,3.5340137481689453,4.510993970594098
barents-sea,288,3.48801589012146,4.4484697726465035
barents-sea,289,3.442857027053833,4.3861700057983395
barents-sea,290,3.3984477519989014,4.322286128997804
barents-sea,291,3.354795455932617,4.259135848476041
barents-sea,292,3.311871290206909,4.197332308369299
barents-sea,293,3.2696516513824463,4.139019556199352
barents-sea,294,3.228224277496338,4.080709307424484
barents-sea,295,3.187795400619507,4.02436458833756
barents-sea,296,3.148580551147461,3.9700836473895667
barents-sea,297,3.1106276512145996,3.9173852889768543
barents-sea,298,3.0738863945007324,3.863901853561402
barents-sea,299,3.038180112838745,3.811345278063128
barents-sea,300,3.003474712371826,3.7623959418266053
barents-sea,301,2.9698665142059326,3.714248295753233
barents-sea,302,2.937446117401123,3.6669649947074157
barents-sea,303,2.906268358230591,3.6227740049362183
barents-sea,304,2.8763909339904785,3.5802308759381694
barents-sea,305,2.8477694988250732,3.5394617811326055
barents-sea,306,2.82031512260437,3.500866925331854
barents-sea,307,2.793989896774292,3.464656699088312
barents-sea,308,2.7685933113098145,3.431185006326244
barents-sea,309,2.7440133094787598,3.3990960028863713
barents-sea,310,2.7202627658843994,3.3677263175287546
barents-sea,311,2.6972718238830566,3.3382556784537525
barents-sea,312,2.675074338912964,3.3098886928250706
barents-sea,313,2.6536481380462646,3.2827241651473504
barents-sea,314,2.6330316066741943,3.2567521056821263
barents-sea,315,2.6132822036743164,3.2326576809729297
barents-sea,316,2.594477653503418,3.2090665640369536
barents-sea,317,2.5766398906707764,3.185520911985828
barents-sea,318,2.5597565174102783,3.1635797723647086
barents-sea,319,2.5438382625579834,3.1407030128663584
barents-sea,320,2.528921604156494,3.118686456834116
barents-sea,321,2.5150809288024902,3.0991961056186303
barents-sea,322,2.5023601055145264,3.0807623478674113
barents-sea,323,2.490781545639038,3.0630125922541462
barents-sea,324,2.480288028717041,3.046224483366936
barents-sea,325,2.4707014560699463,3.030739780395262
barents-sea,326,2.4618842601776123,3.01703413455717
barents-sea,327,2.4535980224609375,3.003889269213522
barents-sea,328,2.445711612701416,2.991152530331765
barents-sea,329,2.4382545948028564,2.9816688137669716
barents-sea,330,2.4312751293182373,2.97392730866709
barents-sea,331,2.424795389175415,2.967255526973355
barents-sea,332,2.4187066555023193,2.961610916353041
barents-sea,333,2.4128987789154053,2.9563669550803398
barents-sea,334,2.4073193073272705,2.9518238036863265
barents-sea,335,2.401993751525879,2.948501259280789
barents-sea,336,2.396949291229248,2.946413019395644
barents-sea,337,2.3921024799346924,2.944824950156674
barents-sea,338,2.3874154090881348,2.943433442423421
barents-sea,339,2.382864475250244,2.940702108413943
barents-sea,340,2.37838077545166,2.937397963000882
barents-sea,341,2.3739688396453857,2.9339436154211724
barents-sea,342,2.369563102722168,2.9304447035635675
barents-sea,343,2.365133285522461,2.9278409019593274
barents-sea,344,2.360701560974121,2.924342497702568
barents-sea,345,2.3561575412750244,2.9211067976490144
barents-sea,346,2.3513364791870117,2.9165204809558003
barents-sea,347,2.3462109565734863,2.9107103486214916
barents-sea,348,2.3407740592956543,2.905652587644515
barents-sea,349,2.335090398788452,2.9004685309625438
barents-sea,350,2.329207420349121,2.8968478948839245
barents-sea,351,2.3230557441711426,2.893718491062041
barents-sea,352,2.316396474838257,2.8908065849734883
barents-sea,353,2.309164047241211,2.8877017313434226
barents-sea,354,2.3013837337493896,2.8845115823130447
barents-sea,355,2.2930569648742676,2.880330161125429
barents-sea,356,2.2843639850616455,2.8751354148311
barents-sea,357,2.275399684906006,2.869120280204281
barents-sea,358,2.266110897064209,2.862302386376166
barents-sea,359,2.2564563751220703,2.855308688071466
barents-sea,360,2.2463483810424805,2.8474373032969815
barents-sea,361,2.2357873916625977,2.8384699852235857
barents-sea,362,2.2247846126556396,2.828378506629698
barents-sea,363,2.2135090827941895,2.817809196441404
barents-sea,364,2.2021448612213135,2.80701602351281
barents-sea,365,2.190730571746826,2.7958512106249414
barents-sea,366,2.1792311668395996,2.7839353299910026
bay-of-biscay,1,12.828176498413086,13.574082079241352
bay-of-biscay,2,12.798237800598145,13.543024841431647
bay-of-biscay,3,12.769037246704102,13.511590446964385
bay-of-biscay,4,12.740304946899414,13.480115632087951
bay-of-biscay,5,12.71183967590332,13.449747343986264
bay-of-biscay,6,12.683730125427246,13.419849706465197
bay-of-biscay,7,12.655853271484375,13.38944692919331
bay-of-biscay,8,12.628073692321777,13.359563399899388
bay-of-biscay,9,12.600502967834473,13.331222109640798
bay-of-biscay,10,12.572993278503418,13.303466713813043
bay-of-biscay,11,12.545614242553711,13.2757933831984
bay-of-biscay,12,12.51860523223877,13.247578888554726
bay-of-biscay,13,12.492016792297363,13.219270481601837
bay-of-biscay,14,12.465813636779785,13.18985600317678
bay-of-biscay,15,12.440080642700195,13.160506045433785
bay-of-biscay,16,12.415026664733887,13.130875821267406
bay-of-biscay,17,12.391087532043457,13.102012754255727
bay-of-biscay,18,12.36773681640625,13.07388068783668
bay-of-biscay,19,12.345035552978516,13.046142775012601
bay-of-biscay,20,12.322965621948242,13.019496600858629
bay-of-biscay,21,12.301426887512207,12.992968565417875
bay-of-biscay,22,12.280348777770996,12.966230838529528
bay-of-biscay,23,12.259511947631836,12.938403089584844
bay-of-biscay,24,12.238945960998535,12.909924848618047
bay-of-biscay,25,12.218756675720215,12.882044592211324
bay-of-biscay,26,12.198984146118164,12.855527604010796
bay-of-biscay,27,12.179564476013184,12.830350497461135
bay-of-biscay,28,12.16033935546875,12.805201136681337
bay-of-biscay,29,12.141247749328613,12.780425714677378
bay-of-biscay,30,12.12222671508789,12.757500786935127
bay-of-biscay,31,12.103425025939941,12.73655237690095
bay-of-biscay,32,12.084833145141602,12.715899581293906
bay-of-biscay,33,12.066397666931152,12.696163675861973
bay-of-biscay,34,12.048190116882324,12.677373473874985
bay-of-biscay,35,12.030342102050781,12.6592268020876
bay-of-biscay,36,12.013018608093262,12.640715202208488
bay-of-biscay,37,11.996187210083008,12.623158765608265
bay-of-biscay,38,11.979789733886719,12.606997274583385
bay-of-biscay,39,11.963979721069336,12.592273232244676
bay-of-biscay,40,11.948726654052734,12.577595461568526
bay-of-biscay,41,11.934101104736328,12.563379161588607
bay-of-biscay,42,11.91990852355957,12.549287306877876
bay-of-biscay,43,11.906177520751953,12.53546041365593
bay-of-biscay,44,11.89297103881836,12.522414312055037
bay-of-biscay,45,11.881961822509766,12.509905558760451
bay-of-biscay,46,11.869805335998535,12.496289295278572
bay-of-biscay,47,11.85791301727295,12.48414136414887
bay-of-biscay,48,11.846367835998535,12.47254612420195
bay-of-biscay,49,11.835329055786133,12.461804293560725
bay-of-biscay,50,11.824991226196289,12.452696094718032
bay-of-biscay,51,11.815503120422363,12.444164905753187
bay-of-biscay,52,11.806902885437012,12.435728628917406
bay-of-biscay,53,11.79930305480957,12.427919359104605
bay-of-biscay,54,11.79299545288086,12.421533848136983
bay-of-biscay,55,11.78791332244873,12.416284394007853
bay-of-biscay,56,11.78386116027832,12.412683162894298
bay-of-biscay,57,11.780744552612305,12.409417895860566
bay-of-biscay,58,11.778489112854004,12.407030590631626
bay-of-biscay,59,11.777249336242676,12.404936367978328
bay-of-biscay,60,11.777125358581543,12.40321746846681
bay-of-biscay,61,11.77791976928711,12.400978004291492
bay-of-biscay,62,11.779452323913574,12.39906492746004
bay-of-biscay,63,11.78182315826416,12.398496777524226
bay-of-biscay,64,11.78498649597168,12.398030775336807
bay-of-biscay,65,11.788731575012207,12.39768963988109
bay-of-biscay,66,11.793041229248047,12.397725596479189
bay-of-biscay,67,11.797953605651855,12.400010314039003
bay-of-biscay,68,11.803583145141602,12.403473966865128
bay-of-biscay,69,11.810110092163086,12.40797886284449
bay-of-biscay,70,11.817343711853027,12.413472756006387
bay-of-biscay,71,11.825249671936035,12.42094361910256
bay-of-biscay,72,11.833928108215332,12.429860083262126
bay-of-biscay,73,11.843618392944336,12.439831222000942
bay-of-biscay,74,11.854116439819336,12.451652021305533
bay-of-biscay,75,11.865379333496094,12.464634112901587
bay-of-biscay,76,11.875958442687988,12.479686186390538
bay-of-biscay,77,11.889241218566895,12.49806241681499
bay-of-biscay,78,11.903687477111816,12.516870430977114
bay-of-biscay,79,11.919340133666992,12.536555877808603
bay-of-biscay,80,11.936046600341797,12.558932904274233
bay-of-biscay,81,11.953666687011719,12.580748081207275
bay-of-biscay,82,11.97196102142334,12.602324934928648
bay-of-biscay,83,11.990942001342773,12.626529447494017
bay-of-biscay,84,12.010472297668457,12.653696524712347
bay-of-biscay,85,12.030546188354492,12.683289580191335
bay-of-biscay,86,12.051153182983398,12.716864152108473
bay-of-biscay,87,12.07228946685791,12.752017011950093
bay-of-biscay,88,12.094061851501465,12.7887526019927
bay-of-biscay,89,12.116758346557617,12.826101013921923
bay-of-biscay,90,12.140251159667969,12.866031336015272
bay-of-biscay,91,12.164674758911133,12.907861435797907
bay-of-biscay,92,12.190330505371094,12.95214937886884
bay-of-biscay,93,12.217513084411621,12.999094397021876
bay-of-biscay,94,12.246191024780273,13.04717184189827
bay-of-biscay,95,12.27652645111084,13.096349054767238
bay-of-biscay,96,12.30864429473877,13.146679902845811
bay-of-biscay,97,12.34273624420166,13.20230277584445
bay-of-biscay,98,12.378531455993652,13.258339429670762
bay-of-biscay,99,12.415766716003418,13.31462926864624
bay-of-biscay,100,12.454061508178711,13.371159990372197
bay-of-biscay,101,12.493414878845215,13.429809001184283
bay-of-biscay,102,12.53366756439209,13.487623380845596
bay-of-biscay,103,12.574810981750488,13.545298385620118
bay-of-biscay,104,12.616793632507324,13.602341162773874
bay-of-biscay,105,12.659740447998047,13.657817056102138
bay-of-biscay,106,12.703685760498047,13.712619870708833
bay-of-biscay,107,12.748626708984375,13.76711194438319
bay-of-biscay,108,12.794417381286621,13.82170315404092
bay-of-biscay,109,12.841179847717285,13.877954790669103
bay-of-biscay,110,12.888959884643555,13.938485299387287
bay-of-biscay,111,12.937923431396484,14.002095431666218
bay-of-biscay,112,12.98822021484375,14.066990587788244
bay-of-biscay,113,13.0399751663208,14.13298526579334
bay-of-biscay,114,13.092994689941406,14.198107073383946
bay-of-biscay,115,13.14694881439209,14.262721566231017
bay-of-biscay,116,13.201502799987793,14.325181828775712
bay-of-biscay,117,13.256773948669434,14.386599479183072
bay-of-biscay,118,13.31280517578125,14.446162159212173
bay-of-biscay,119,13.369549751281738,14.50537598517633
bay-of-biscay,120,13.426974296569824,14.563958238786265
bay-of-biscay,121,13.485310554504395,14.622792336248581
bay-of-biscay,122,13.544530868530273,14.681987248697586
bay-of-biscay,123,13.604578018188477,14.739884019667102
bay-of-biscay,124,13.66552448272705,14.80114867610316
bay-of-biscay,125,13.727495193481445,14.864660343047111
bay-of-biscay,126,13.790714263916016,14.931212640577748
bay-of-biscay,127,13.855307579040527,15.000275544197327
bay-of-biscay,128,13.921014785766602,15.066606118602138
bay-of-biscay,129,13.987968444824219,15.138041385527579
bay-of-biscay,130,14.056538581848145,15.210494770542265
bay-of-biscay,131,14.127008438110352,15.286580011921544
bay-of-biscay,132,14.199578285217285,15.361909112622659
bay-of-biscay,133,14.274340629577637,15.43748975569202
bay-of-biscay,134,14.351358413696289,15.513301778608751
bay-of-biscay,135,14.430305480957031,15.592809172599546
bay-of-biscay,136,14.51087760925293,15.677421579053323
bay-of-biscay,137,14.592759132385254,15.76460810630552
bay-of-biscay,138,14.675576210021973,15.852400548996464
bay-of-biscay,139,14.759366035461426,15.940405261132025
bay-of-biscay,140,14.843908309936523,16.02829398185976
bay-of-biscay,141,14.928767204284668,16.113619979735343
bay-of-biscay,142,15.013531684875488,16.19655845703617
bay-of-biscay,143,15.097787857055664,16.27817183156167
bay-of-biscay,144,15.181526184082031,16.360683914922898
bay-of-biscay,145,15.264680862426758,16.443993316158174
bay-of-biscay,146,15.347539901733398,16.52743310620708
bay-of-biscay,147,15.430425643920898,16.612417544088057
bay-of-biscay,148,15.513461112976074,16.694973582606163
bay-of-biscay,149,15.596968650817871,16.77894610743369
bay-of-biscay,150,15.681219100952148,16.863537406921388
bay-of-biscay,151,15.766020774841309,16.95105877845518
bay-of-biscay,152,15.85151481628418,17.037395637266098
bay-of-biscay,153,15.937895774841309,17.126533997443413
bay-of-biscay,154,16.025028228759766,17.219121370007908
bay-of-biscay,155,16.112377166748047,17.309886274030127
bay-of-biscay,156,16.199853897094727,17.40037394492857
bay-of-biscay,157,16.287351608276367,17.490104601460114
bay-of-biscay,158,16.374826431274414,17.581024022256173
bay-of-biscay,159,16.462430953979492,17.67165109572872
bay-of-biscay,160,16.550113677978516,17.758648404767435
bay-of-biscay,161,16.637413024902344,17.84812806652438
bay-of-biscay,162,16.724285125732422,17.937749548881285
bay-of-biscay,163,16.810264587402344,18.027717288847892
bay-of-biscay,164,16.894922256469727,18.11856948483375
bay-of-biscay,165,16.978132247924805,18.209786095157742
bay-of-biscay,166,17.06018829345703,18.29811208786503
bay-of-biscay,167,17.141067504882812,18.382931653914916
bay-of-biscay,168,17.22081184387207,18.46550984536448
bay-of-biscay,169,17.299457550048828,18.547461029791062
bay-of-biscay,170,17.377010345458984,18.630862789769328
bay-of-biscay,171,17.453737258911133,18.71412731908983
bay-of-biscay,172,17.52980613708496,18.798320253433722
bay-of-biscay,173,17.605409622192383,18.88067761698077
bay-of-biscay,174,17.680850982666016,18.963246031730403
bay-of-biscay,175,17.7563533782959,19.044267512905982
bay-of-biscay,176,17.832202911376953,19.123639752787927
bay-of-biscay,177,17.908588409423828,19.202601352814703
bay-of-biscay,178,17.98553466796875,19.283058517209945
bay-of-biscay,179,18.062931060791016,19.36502327457551
bay-of-biscay,180,18.140554428100586,19.44758793615526
bay-of-biscay,181,18.217849731445312,19.529569711992817
bay-of-biscay,182,18.29456329345703,19.61071167607461
bay-of-biscay,183,18.370481491088867,19.6921345064717
bay-of-biscay,184,18.44539451599121,19.770144413363553
bay-of-biscay,185,18.51938247680664,19.845256651601485
bay-of-biscay,186,18.592771530151367,19.91753222557806
bay-of-biscay,187,18.665451049804688,19.99481727230933
bay-of-biscay,188,18.737056732177734,20.071803400593417
bay-of-biscay,189,18.807331085205078,20.148397304165744
bay-of-biscay,190,18.875951766967773,20.22330246586953
bay-of-biscay,191,18.942787170410156,20.294351030165142
bay-of-biscay,192,19.008235931396484,20.360730269647412
bay-of-biscay,193,19.07241439819336,20.420815215572233
bay-of-biscay,194,19.135454177856445,20.47742054231705
bay-of-biscay,195,19.19746971130371,20.5300512190788
bay-of-biscay,196,19.258459091186523,20.57933171179987
bay-of-biscay,197,19.318395614624023,20.627805371438303
bay-of-biscay,198,19.377424240112305,20.675387302521735
bay-of-biscay,199,19.435544967651367,20.721955539334203
bay-of-biscay,200,19.492807388305664,20.767726313683294
bay-of-biscay,201,19.54917335510254,20.81127994291244
bay-of-biscay,202,19.60443878173828,20.853304100036624
bay-of-biscay,203,19.658466339111328,20.892917946846254
bay-of-biscay,204,19.710927963256836,20.930931103614068
bay-of-biscay,205,19.761571884155273,20.969505802277595
bay-of-biscay,206,19.810319900512695,21.008217060950493
bay-of-biscay,207,19.857027053833008,21.04662252856839
bay-of-biscay,208,19.90137481689453,21.083170367825414
bay-of-biscay,209,19.943195343017578,21.11659089365313
bay-of-biscay,210,19.982494354248047,21.146989373237854
bay-of-biscay,211,20.019224166870117,21.173986367256404
bay-of-biscay,212,20.05366325378418,21.199046787138904
bay-of-biscay,213,20.08608055114746,21.22064414485808
bay-of-biscay,214,20.11653709411621,21.240167962351155
bay-of-biscay,215,20.144954681396484,21.257720670392438
bay-of-biscay,216,20.17138671875,21.274665930963334
bay-of-biscay,217,20.195600509643555,21.290245363789225
bay-of-biscay,218,20.217369079589844,21.29765479180121
bay-of-biscay,219,20.236839294433594,21.300625216576364
bay-of-biscay,220,20.254070281982422,21.299009993768514
bay-of-biscay,221,20.269084930419922,21.29636654392366
bay-of-biscay,222,20.281963348388672,21.29371150847405
bay-of-biscay,223,20.29254150390625,21.289826823819073
bay-of-biscay,224,20.30047607421875,21.286284415952625
bay-of-biscay,225,20.305734634399414,21.283002914920935
bay-of-biscay,226,20.30864906311035,21.281644550446547
bay-of-biscay,227,20.30919647216797,21.280402454253167
bay-of-biscay,228,20.307388305664062,21.27808890804168
bay-of-biscay,229,20.303333282470703,21.27527684242495
bay-of-biscay,230,20.297040939331055,21.27231124754875
bay-of-biscay,231,20.28843879699707,21.26820361844955
bay-of-biscay,232,20.27760124206543,21.262978443022696
bay-of-biscay,233,20.264598846435547,21.257102492547805
bay-of-biscay,234,20.249683380126953,21.249239084797523
bay-of-biscay,235,20.233182907104492,21.24035722055743
bay-of-biscay,236,20.215181350708008,21.229581432957804
bay-of-biscay,237,20.19546127319336,21.21737846251457
bay-of-biscay,238,20.173969268798828,21.204307205446305
bay-of-biscay,239,20.15081024169922,21.188824370599562
bay-of-biscay,240,20.125965118408203,21.172462364935104
bay-of-biscay,241,20.09909439086914,21.15664872815532
bay-of-biscay,242,20.0701904296875,21.14024350566249
bay-of-biscay,243,20.03937339782715,21.12341069867534
bay-of-biscay,244,20.006649017333984,21.106032888350946
bay-of-biscay,245,19.971839904785156,21.087039799844067
bay-of-biscay,246,19.934968948364258,21.064994805858984
bay-of-biscay,247,19.89594078063965,21.039612382458106
bay-of-biscay,248,19.854806900024414,21.010699893582252
bay-of-biscay,249,19.81171417236328,20.978188114781535
bay-of-biscay,250,19.76663589477539,20.943449408008206
bay-of-biscay,251,19.71988296508789,20.905493188673447
bay-of-biscay,252,19.672054290771484,20.866247792397775
bay-of-biscay,253,19.623302459716797,20.824635093442847
bay-of-biscay,254,19.57349395751953,20.78138426503827
bay-of-biscay,255,19.522727966308594,20.738021702920236
bay-of-biscay,256,19.47110939025879,20.6944916694395
bay-of-biscay,257,19.41853904724121,20.648860937549223
bay-of-biscay,258,19.365060806274414,20.603445594541494
bay-of-biscay,259,19.310728073120117,20.558639021842716
bay-of-biscay,260,19.25567626953125,20.51327428510113
bay-of-biscay,261,19.199951171875,20.46590888115668
bay-of-biscay,262,19.143529891967773,20.415115344139842
bay-of-biscay,263,19.086267471313477,20.362292726578257
bay-of-biscay,264,19.02802848815918,20.307433626728677
bay-of-biscay,265,18.968807220458984,20.249241564350747
bay-of-biscay,266,18.908689498901367,20.189857858227146
bay-of-biscay,267,18.847890853881836,20.127452511941232
bay-of-biscay,268,18.786481857299805,20.064075082348236
bay-of-biscay,269,18.724687576293945,19.99842590208976
bay-of-biscay,270,18.66243553161621,19.933875988375757
bay-of-biscay,271,18.599746704101562,19.868540579272853
bay-of-biscay,272,18.53683090209961,19.801542700490646
bay-of-biscay,273,18.473628997802734,19.733676695054577
bay-of-biscay,274,18.410030364990234,19.663605505420314
bay-of-biscay,275,18.346057891845703,19.59082792343632
bay-of-biscay,276,18.281770706176758,19.515305875962778
bay-of-biscay,277,18.21709632873535,19.440716854218515
bay-of-biscay,278,18.152042388916016,19.366032643471996
bay-of-biscay,279,18.08686065673828,19.292764436045005
bay-of-biscay,280,18.02168083190918,19.222493177844633
bay-of-biscay,281,17.956605911254883,19.15321615895917
bay-of-biscay,282,17.891403198242188,19.08410548548545
bay-of-biscay,283,17.82579231262207,19.013398724217573
bay-of-biscay,284,17.759845733642578,18.944409579615446
bay-of-biscay,285,17.693693161010742,18.876890213258807
bay-of-biscay,286,17.627422332763672,18.809581867341073
bay-of-biscay,287,17.561168670654297,18.741366189525973
bay-of-biscay,288,17.494766235351562,18.672692551151403
bay-of-biscay,289,17.42801856994629,18.60235748291016
bay-of-biscay,290,17.36080551147461,18.531011962890624
bay-of-biscay,291,17.292949676513672,18.45800130905643
bay-of-biscay,292,17.2246150970459,18.384404914609846
bay-of-biscay,293,17.15597152709961,18.312152271886024
bay-of-biscay,294,17.087034225463867,18.238955307006837
bay-of-biscay,295,17.017688751220703,18.164999728049004
bay-of-biscay,296,16.947874069213867,18.09244236484651
bay-of-biscay,297,16.877609252929688,18.019355866216845
bay-of-biscay,298,16.806835174560547,17.9448098398024
bay-of-biscay,299,16.735719680786133,17.87026588070777
bay-of-biscay,300,16.664396286010742,17.794771255985385
bay-of-biscay,301,16.592918395996094,17.71803565486785
bay-of-biscay,302,16.521202087402344,17.639790128892468
bay-of-biscay,303,16.44913101196289,17.55930588014664
bay-of-biscay,304,16.376699447631836,17.478134382924722
bay-of-biscay,305,16.304094314575195,17.39801768641318
bay-of-biscay,306,16.23147201538086,17.31889322342411
bay-of-biscay,307,16.158781051635742,17.24211649125622
bay-of-biscay,308,16.085948944091797,17.166033950928718
bay-of-biscay,309,16.013010025024414,17.090190945902183
bay-of-biscay,310,15.940021514892578,17.01451835939961
bay-of-biscay,311,15.866925239562988,16.938313690308604
bay-of-biscay,312,15.793767929077148,16.861396201964347
bay-of-biscay,313,15.720695495605469,16.787294895418228
bay-of-biscay,314,15.647740364074707,16.714852997564503
bay-of-biscay,315,15.57492446899414,16.641814379538257
bay-of-biscay,316,15.502201080322266,16.56764433768488
bay-of-biscay,317,15.429511070251465,16.49256512734198
bay-of-biscay,318,15.356982231140137,16.416872913606703
bay-of-biscay,319,15.284956932067871,16.341461006287606
bay-of-biscay,320,15.213641166687012,16.266548009072583
bay-of-biscay,321,15.143048286437988,16.18916266964328
bay-of-biscay,322,15.073213577270508,16.111648224246117
bay-of-biscay,323,15.004044532775879,16.035509146413496
bay-of-biscay,324,14.935380935668945,15.959978731216925
bay-of-biscay,325,14.867427825927734,15.884759718371978
bay-of-biscay,326,14.800453186035156,15.811923676152384
bay-of-biscay,327,14.734635353088379,15.739315011424404
bay-of-biscay,328,14.669975280761719,15.667524620794483
bay-of-biscay,329,14.606470108032227,15.599402633790046
bay-of-biscay,330,14.543953895568848,15.532005500793458
bay-of-biscay,331,14.482047080993652,15.466614723205568
bay-of-biscay,332,14.420783996582031,15.402001587037118
bay-of-biscay,333,14.360345840454102,15.338729689198155
bay-of-biscay,334,14.30081558227539,15.27344938093616
bay-of-biscay,335,14.242280960083008,15.209069947273502
bay-of-biscay,336,14.184653282165527,15.142557018033921
bay-of-biscay,337,14.127789497375488,15.076907794706283
bay-of-biscay,338,14.071771621704102,15.012702037442116
bay-of-biscay,339,14.01677131652832,14.949152706515406
bay-of-biscay,340,13.962745666503906,14.886400407360448
bay-of-biscay,341,13.909475326538086,14.823902671567856
bay-of-biscay,342,13.857200622558594,14.761293235901864
bay-of-biscay,343,13.80591869354248,14.700027148954332
bay-of-biscay,344,13.755577087402344,14.637022630630002
bay-of-biscay,345,13.706184387207031,14.574264510985344
bay-of-biscay,346,13.657726287841797,14.512925972477083
bay-of-biscay,347,13.61009693145752,14.453403426754859
bay-of-biscay,348,13.563343048095703,14.394768201151201
bay-of-biscay,349,13.517412185668945,14.337970127597933
bay-of-biscay,350,13.472225189208984,14.282463433665614
bay-of-biscay,351,13.42776107788086,14.22813591495637
bay-of-biscay,352,13.383609771728516,14.176436101236654
bay-of-biscay,353,13.340328216552734,14.126084358461442
bay-of-biscay,354,13.297879219055176,14.077109586038898
bay-of-biscay,355,13.256341934204102,14.02964163441812
bay-of-biscay,356,13.215673446655273,13.985059230558337
bay-of-biscay,357,13.175867080688477,13.941099099190007
bay-of-biscay,358,13.136931419372559,13.899752103128742
bay-of-biscay,359,13.098885536193848,13.860267103871996
bay-of-biscay,360,13.061735153198242,13.821360904939716
bay-of-biscay,361,13.025456428527832,13.782510412892991
bay-of-biscay,362,12.990236282348633,13.744320903285862
bay-of-biscay,363,12.956059455871582,13.707207627450268
bay-of-biscay,364,12.922725677490234,13.670952012462001
bay-of-biscay,365,12.890368461608887,13.638755506084813
bay-of-biscay,366,12.858869552612305,13.605515735380111
black-sea,1,9.583620071411133,10.901029359140704
black-sea,2,9.511816024780273,10.824484056042088
black-sea,3,9.441535949707031,10.74599278972995
black-sea,4,9.372626304626465,10.668834375566053
black-sea,5,9.30496597290039,10.58785508371169
black-sea,6,9.238410949707031,10.507586749907466
black-sea,7,9.172856330871582,10.427118999727314
black-sea,8,9.10825252532959,10.347495522037631
black-sea,9,9.044594764709473,10.268778465640162
black-sea,10,8.982016563415527,10.189052787903817
black-sea,11,8.920713424682617,10.112187945458198
black-sea,12,8.860725402832031,10.038341288412772
black-sea,13,8.801937103271484,9.968079893050655
black-sea,14,8.744178771972656,9.900511966213104
black-sea,15,8.687573432922363,9.833028131915677
black-sea,16,8.632248878479004,9.76796568901308
black-sea,17,8.579297065734863,9.708356106665827
black-sea,18,8.52775764465332,9.649839145906512
black-sea,19,8.47773551940918,9.592309185766405
black-sea,20,8.429121017456055,9.538107761260003
black-sea,21,8.38180923461914,9.487490438645885
black-sea,22,8.335699081420898,9.439765791739188
black-sea,23,8.290962219238281,9.391329297711772
black-sea,24,8.247674942016602,9.34476589387463
black-sea,25,8.20583724975586,9.29981890955279
black-sea,26,8.16530990600586,9.256811680332307
black-sea,27,8.126110076904297,9.214232518596033
black-sea,28,8.088225364685059,9.172108899393388
black-sea,29,8.051509857177734,9.13242299172186
black-sea,30,8.01598072052002,9.094129325497534
black-sea,31,7.98163366317749,9.056020195253435
black-sea,32,7.948465347290039,9.017949467320594
black-sea,33,7.916422367095947,8.98048175073439
black-sea,34,7.885507583618164,8.94431895286806
black-sea,35,7.855844497680664,8.908959127241564
black-sea,36,7.827566146850586,8.87785750973609
black-sea,37,7.800713539123535,8.848727453908614
black-sea,38,7.775393962860107,8.823116404010404
black-sea,39,7.751664161682129,8.797565724772792
black-sea,40,7.72979736328125,8.773751514188705
black-sea,41,7.709831714630127,8.752408873650335
black-sea,42,7.691668510437012,8.73236354704826
black-sea,43,7.675339221954346,8.712539528262232
black-sea,44,7.660890579223633,8.693635771351476
black-sea,45,7.646270275115967,8.67711493789509
black-sea,46,7.635106563568115,8.662065348061182
black-sea,47,7.625668048858643,8.648436769875147
black-sea,48,7.6177544593811035,8.636616247443742
black-sea,49,7.611419200897217,8.626382571394725
black-sea,50,7.606621265411377,8.617093297486665
black-sea,51,7.603189468383789,8.608061894037391
black-sea,52,7.600968360900879,8.601060211017568
black-sea,53,7.599857807159424,8.597016782658075
black-sea,54,7.5999369621276855,8.59558708026845
black-sea,55,7.601100444793701,8.595864039595408
black-sea,56,7.603291988372803,8.596951662084107
black-sea,57,7.606539249420166,8.598768316289428
black-sea,58,7.610852241516113,8.601939104962092
black-sea,59,7.616230010986328,8.606323219627463
black-sea,60,7.622707843780518,8.612069839559577
black-sea,61,7.630458354949951,8.619205286169567
black-sea,62,7.639771461486816,8.627277440922235
black-sea,63,7.650763034820557,8.63623170134842
black-sea,64,7.663416862487793,8.647029891065374
black-sea,65,7.6777424812316895,8.659264505037699
black-sea,66,7.6937761306762695,8.672665225818594
black-sea,67,7.711384296417236,8.687281324530161
black-sea,68,7.730623245239258,8.702335279731342
black-sea,69,7.751387119293213,8.718129421562278
black-sea,70,7.773808479309082,8.736413843913745
black-sea,71,7.79772424697876,8.756074375234622
black-sea,72,7.82289457321167,8.778040872594362
black-sea,73,7.849344730377197,8.802299375431511
black-sea,74,7.877172470092773,8.829253918637512
black-sea,75,7.906590938568115,8.858711281643119
black-sea,76,7.9398722648620605,8.888632368272349
black-sea,77,7.973448276519775,8.92139037039972
black-sea,78,8.009234428405762,8.955933515487178
black-sea,79,8.047297477722168,8.993019848485146
black-sea,80,8.08757209777832,9.032997042132964
black-sea,81,8.130340576171875,9.075374406383885
black-sea,82,8.175951957702637,9.124410580050561
black-sea,83,8.22484302520752,9.173115714903801
black-sea,84,8.277106285095215,9.224798577831635
black-sea,85,8.332561492919922,9.279306700921827
black-sea,86,8.391191482543945,9.33792525568316
black-sea,87,8.453068733215332,9.399670776244132
black-sea,88,8.51806640625,9.465524990327896
black-sea,89,8.586226463317871,9.537872945108724
black-sea,90,8.65772533416748,9.617922413733698
black-sea,91,8.732457160949707,9.700060841345017
black-sea,92,8.809868812561035,9.784455213239116
black-sea,93,8.889718055725098,9.87268503865888
black-sea,94,8.971931457519531,9.96439022864065
black-sea,95,9.056561470031738,10.058321586731942
black-sea,96,9.143705368041992,10.15737188400761
black-sea,97,9.23359203338623,10.261881702176986
black-sea,98,9.326505661010742,10.372346736538796
black-sea,99,9.422883987426758,10.485924560792984
black-sea,100,9.523080825805664,10.604399518043763
black-sea,101,9.62726879119873,10.730888668183356
black-sea,102,9.735932350158691,10.865086863117833
black-sea,103,9.849462509155273,11.004223445154006
black-sea,104,9.967791557312012,11.148517042590727
black-sea,105,10.090609550476074,11.300746560865832
black-sea,106,10.21760082244873,11.460677386868385
black-sea,107,10.34836196899414,11.626737422327842
black-sea,108,10.48251724243164,11.79526444711993
black-sea,109,10.61954402923584,11.963394503439627
black-sea,110,10.759132385253906,12.131131439824262
black-sea,111,10.901095390319824,12.302534610994403
black-sea,112,11.045305252075195,12.47458886792583
black-sea,113,11.191411018371582,12.650992211987896
black-sea,114,11.338963508605957,12.83050830902592
black-sea,115,11.488158226013184,13.007224735136957
black-sea,116,11.639266014099121,13.190324121905913
black-sea,117,11.79249095916748,13.37664675866404
black-sea,118,11.948328971862793,13.560954201606014
black-sea,119,12.107110977172852,13.745566161986321
black-sea,120,12.269002914428711,13.927736070079188
black-sea,121,12.433911323547363,14.105331580869613
black-sea,122,12.601945877075195,14.289270324091758
black-sea,123,12.773348808288574,14.475927232926889
black-sea,124,12.948254585266113,14.666264377101774
black-sea,125,13.126569747924805,14.859021903622534
black-sea,126,13.307835578918457,15.054149753816665
black-sea,127,13.491620063781738,15.25046662669028
black-sea,128,13.677638053894043,15.447571606789868
black-sea,129,13.865167617797852,15.645524289531092
black-sea,130,14.053618431091309,15.84947557141704
black-sea,131,14.242636680603027,16.057290913981777
black-sea,132,14.431770324707031,16.262019541955762
black-sea,133,14.620375633239746,16.464107135034375
black-sea,134,14.807698249816895,16.659903341724025
black-sea,135,14.99357795715332,16.849897532309253
black-sea,136,15.17856216430664,17.03415930348058
black-sea,137,15.36318302154541,17.210324235116282
black-sea,138,15.547718048095703,17.383250719501124
black-sea,139,15.732192039489746,17.557840873349097
black-sea,140,15.917118072509766,17.733599441282212
black-sea,141,16.10283088684082,17.915662304047615
black-sea,142,16.289339065551758,18.09935741732197
black-sea,143,16.47661018371582,18.28642473836099
black-sea,144,16.664901733398438,18.46875079677951
black-sea,145,16.85479164123535,18.654105306440783
black-sea,146,17.04604721069336,18.840619321023265
black-sea,147,17.238279342651367,19.02296411452755
black-sea,148,17.431163787841797,19.20183899787165
black-sea,149,17.62405776977539,19.386581488578557
black-sea,150,17.816478729248047,19.571487156037364
black-sea,151,18.007774353027344,19.757369785924112
black-sea,152,18.197280883789062,19.941991233825682
black-sea,153,18.384885787963867,20.121990486883345
black-sea,154,18.570707321166992,20.299008418667693
black-sea,155,18.75448226928711,20.47378453900737
black-sea,156,18.93573570251465,20.647130830826296
black-sea,157,19.11458396911621,20.825583021102407
black-sea,158,19.290990829467773,20.999383871016963
black-sea,159,19.464336395263672,21.171695327758787
black-sea,160,19.634780883789062,21.343736045591292
black-sea,161,19.80236053466797,21.51194958840647
black-sea,162,19.96717643737793,21.67502766270791
black-sea,163,20.129619598388672,21.83567268002418
black-sea,164,20.28959083557129,21.99139307698896
black-sea,165,20.447280883789062,22.145693071426887
black-sea,166,20.60284996032715,22.298395796745055
black-sea,167,20.755971908569336,22.448897251006102
black-sea,168,20.90618133544922,22.5996481680101
black-sea,169,21.053483963012695,22.748613960512227
black-sea,170,21.198286056518555,22.893650848634785
black-sea,171,21.340456008911133,23.0360493875319
black-sea,172,21.479875564575195,23.171509970388108
black-sea,173,21.616456985473633,23.301376724243163
black-sea,174,21.749900817871094,23.42585697789346
black-sea,175,21.879985809326172,23.5463914563579
black-sea,176,22.005929946899414,23.66029898120511
black-sea,177,22.12723159790039,23.771660583249982
black-sea,178,22.243934631347656,23.879208023317393
black-sea,179,22.35605239868164,23.98453104572911
black-sea,180,22.463390350341797,24.084113779375635
black-sea,181,22.56612777709961,24.1808506688764
black-sea,182,22.664775848388672,24.27294828968663
black-sea,183,22.760026931762695,24.364038227450465
black-sea,184,22.85211944580078,24.45317967937839
black-sea,185,22.9410400390625,24.54114354656589
black-sea,186,23.026748657226562,24.624653508586267
black-sea,187,23.10986328125,24.704674197781472
black-sea,188,23.190792083740234,24.777154947096296
black-sea,189,23.269733428955078,24.84955483098183
black-sea,190,23.347272872924805,24.917622744652526
black-sea,191,23.423891067504883,24.979751230055278
black-sea,192,23.499685287475586,25.04062669200281
black-sea,193,23.574541091918945,25.102386923759212
black-sea,194,23.648128509521484,25.16302999065768
black-sea,195,23.720441818237305,25.223946651335684
black-sea,196,23.79158592224121,25.285835690652167
black-sea,197,23.86171531677246,25.34789289659069
black-sea,198,23.930810928344727,25.407441096152027
black-sea,199,23.99892234802246,25.465836512657898
black-sea,200,24.065961837768555,25.52268977626677
black-sea,201,24.13142967224121,25.576481579196066
black-sea,202,24.19496726989746,25.62904529571533
black-sea,203,24.256412506103516,25.679551647555446
black-sea,204,24.31562042236328,25.72681326712332
black-sea,205,24.37238121032715,25.772673459206864
black-sea,206,24.42654037475586,25.816408095821263
black-sea,207,24.47832679748535,25.858929800218153
black-sea,208,24.52813720703125,25.90024172875189
black-sea,209,24.576025009155273,25.939916358455537
black-sea,210,24.62175941467285,25.97669488230059
black-sea,211,24.66533088684082,26.01056631149784
black-sea,212,24.70677375793457,26.042173256412628
black-sea,213,24.745922088623047,26.073390819180396
black-sea,214,24.782611846923828,26.103750130438033
black-sea,215,24.816774368286133,26.12946750271705
black-sea,216,24.848459243774414,26.151832746690317
black-sea,217,24.87775421142578,26.17091282875307
black-sea,218,24.90420913696289,26.188060994302074
black-sea,219,24.927383422851562,26.199523365882136
black-sea,220,24.947057723999023,26.207649920063638
black-sea,221,24.962976455688477,26.21445390639767
black-sea,222,24.974809646606445,26.21831414622645
black-sea,223,24.982297897338867,26.214415205678634
black-sea,224,24.985118865966797,26.203646364519674
black-sea,225,24.9830265045166,26.18971570537936
black-sea,226,24.9758243560791,26.172920700811567
black-sea,227,24.9635066986084,26.154434431752843
black-sea,228,24.94603729248047,26.134318456342136
black-sea,229,24.92348289489746,26.11108256924536
black-sea,230,24.895450592041016,26.083559799194326
black-sea,231,24.86162567138672,26.049923982927872
black-sea,232,24.822246551513672,26.011293269741913
black-sea,233,24.77752113342285,25.968760127405965
black-sea,234,24.727556228637695,25.92354853230138
black-sea,235,24.672719955444336,25.877483958582722
black-sea,236,24.61358642578125,25.827133123336303
black-sea,237,24.550548553466797,25.775302776213614
black-sea,238,24.483678817749023,25.71932822196714
black-sea,239,24.41282844543457,25.657644819444226
black-sea,240,24.338031768798828,25.588407731825306
black-sea,241,24.26000213623047,25.51617886327928
black-sea,242,24.17943000793457,25.44034287852626
black-sea,243,24.09636878967285,25.361798637144027
black-sea,244,24.010784149169922,25.28207959205874
black-sea,245,23.92258644104004,25.200731074425484
black-sea,246,23.831605911254883,25.119024233664238
black-sea,247,23.737573623657227,25.031903322281384
black-sea,248,23.640480041503906,24.940693418441285
black-sea,249,23.5406551361084,24.84802100889145
black-sea,250,23.438430786132812,24.756674077433924
black-sea,251,23.334028244018555,24.665000367933704
black-sea,252,23.227609634399414,24.573228282313195
black-sea,253,23.119247436523438,24.48112806504773
black-sea,254,23.009140014648438,24.390370658136185
black-sea,255,22.897653579711914,24.299738810139317
black-sea,256,22.7852840423584,24.20937320955338
black-sea,257,22.67234992980957,24.11961794822447
black-sea,258,22.558902740478516,24.0297421978366
black-sea,259,22.444873809814453,23.938526295077416
black-sea,260,22.330142974853516,23.845792567345406
black-sea,261,22.214807510375977,23.752908995843704
black-sea,262,22.09908103942871,23.660134420087264
black-sea,263,21.982866287231445,23.567205484451794
black-sea,264,21.866127014160156,23.47284206267327
black-sea,265,21.749055862426758,23.37472054266161
black-sea,266,21.631702423095703,23.268815981957225
black-sea,267,21.513864517211914,23.158763337904414
black-sea,268,21.39540672302246,23.045881917399747
black-sea,269,21.276330947875977,22.936524126606606
black-sea,270,21.1568603515625,22.823810909640407
black-sea,271,21.0369815826416,22.713511725394955
black-sea,272,20.91649627685547,22.59870656536471
black-sea,273,20.7950382232666,22.485814340652954
black-sea,274,20.67274284362793,22.370362355632167
black-sea,275,20.54970359802246,22.250263817079603
black-sea,276,20.426008224487305,22.126704000657604
black-sea,277,20.301681518554688,21.99806874182916
black-sea,278,20.176881790161133,21.8698604706795
black-sea,279,20.051651000976562,21.743453745688164
black-sea,280,19.925941467285156,21.618305778503423
black-sea,281,19.7994327545166,21.495014849016748
black-sea,282,19.672231674194336,21.3719992668398
black-sea,283,19.544340133666992,21.24845283877465
black-sea,284,19.415771484375,21.12453497609785
black-sea,285,19.28623390197754,20.99913442057948
black-sea,286,19.155420303344727,20.87020614993188
black-sea,287,19.022794723510742,20.736192961662052
black-sea,288,18.88849639892578,20.59403706212198
black-sea,289,18.75282859802246,20.448168047012825
black-sea,290,18.61609649658203,20.295724536526592
black-sea,291,18.478490829467773,20.144473961860907
black-sea,292,18.340425491333008,19.993884148136264
black-sea,293,18.20210075378418,19.84078387598838
black-sea,294,18.063783645629883,19.682806033472865
black-sea,295,17.925683975219727,19.52268482331307
black-sea,296,17.78778648376465,19.36626696432791
black-sea,297,17.650074005126953,19.217813848680066
black-sea,298,17.5128116607666,19.075326765737227
black-sea,299,17.375837326049805,18.93182851114581
black-sea,300,17.238941192626953,18.7844847402265
black-sea,301,17.101991653442383,18.642505473475307
black-sea,302,16.965051651000977,18.500557204215756
black-sea,303,16.828168869018555,18.361337501771988
black-sea,304,16.6912784576416,18.218507803640055
black-sea,305,16.554306030273438,18.077157100554437
black-sea,306,16.417245864868164,17.936566894285143
black-sea,307,16.280179977416992,17.793871959563226
black-sea,308,16.143280029296875,17.656741397611558
black-sea,309,16.00659942626953,17.522123210660876
black-sea,310,15.870257377624512,17.38544066644484
black-sea,311,15.734392166137695,17.244753563788628
black-sea,312,15.599205017089844,17.100534396017753
black-sea,313,15.464643478393555,16.95540496149371
black-sea,314,15.330662727355957,16.808678353217342
black-sea,315,15.197375297546387,16.663521800502657
black-sea,316,15.065057754516602,16.519887318149692
black-sea,317,14.93399429321289,16.380058620822044
black-sea,318,14.804636001586914,16.24093977405179
black-sea,319,14.676859855651855,16.10770651294339
black-sea,320,14.550407409667969,15.977068778007261
black-sea,321,14.425102233886719,15.851051653585126
black-sea,322,14.300670623779297,15.726696463554138
black-sea,323,14.177031517028809,15.596656036376954
black-sea,324,14.05412769317627,15.469617517532843
black-sea,325,13.931758880615234,15.349133260788458
black-sea,326,13.809650421142578,15.232466263924877
black-sea,327,13.687543869018555,15.11548545283656
black-sea,328,13.565372467041016,14.991277639327514
black-sea,329,13.442956924438477,14.867549957767611
black-sea,330,13.320645332336426,14.743774500200825
black-sea,331,13.198726654052734,14.619995514039074
black-sea,332,13.077404022216797,14.495141749228203
black-sea,333,12.956830024719238,14.369047574074038
black-sea,334,12.836846351623535,14.24465066232989
black-sea,335,12.717543601989746,14.121702394177838
black-sea,336,12.5989990234375,14.000331103417182
black-sea,337,12.481490135192871,13.881056527168521
black-sea,338,12.36514663696289,13.768184101966119
black-sea,339,12.249983787536621,13.65487038089383
black-sea,340,12.136086463928223,13.544665715002242
black-sea,341,12.02344036102295,13.438391488598239
black-sea,342,11.912057876586914,13.33371875209193
black-sea,343,11.802099227905273,13.230526358081447
black-sea,344,11.693598747253418,13.127410780998968
black-sea,345,11.586637496948242,13.026264230666625
black-sea,346,11.481012344360352,12.922908856791835
black-sea,347,11.37669849395752,12.81841156867243
black-sea,348,11.27370834350586,12.7110897556428
black-sea,349,11.171964645385742,12.605384943562173
black-sea,350,11.071412086486816,12.500969963689007
black-sea,351,10.972039222717285,12.395833510737267
black-sea,352,10.872892379760742,12.28794276945053
black-sea,353,10.775172233581543,12.17942574408747
black-sea,354,10.678675651550293,12.07730330190351
black-sea,355,10.583479881286621,11.97575763886975
black-sea,356,10.489788055419922,11.873996100887176
black-sea,357,10.397981643676758,11.772820026643815
black-sea,358,10.308066368103027,11.67379272214828
black-sea,359,10.220057487487793,11.580340696150255
black-sea,360,10.133999824523926,11.487083662709882
black-sea,361,10.049912452697754,11.396208200147075
black-sea,362,9.967747688293457,11.308020157967844
black-sea,363,9.887386322021484,11.222582561739031
black-sea,364,9.808804512023926,11.139195866738596
black-sea,365,9.73203182220459,11.056621250029533
black-sea,366,9.656988143920898,10.977869559872536
bristol-channel,1,9.17868423461914,10.131162323490265
bristol-channel,2,9.130346298217773,10.080997162480507
bristol-channel,3,9.083182334899902,10.03278581865372
bristol-channel,4,9.036897659301758,9.987360658953266
bristol-channel,5,8.991456985473633,9.944718896189045
bristol-channel,6,8.946822166442871,9.903174089616344
bristol-channel,7,8.90310001373291,9.861698086031021
bristol-channel,8,8.860095977783203,9.819103597825574
bristol-channel,9,8.817665100097656,9.776726978055894
bristol-channel,10,8.77540397644043,9.733345010203703
bristol-channel,11,8.73353099822998,9.68944819973361
bristol-channel,12,8.692371368408203,9.64462139375748
bristol-channel,13,8.652158737182617,9.599928809750464
bristol-channel,14,8.613188743591309,9.558504975226617
bristol-channel,15,8.57557487487793,9.52231972602106
bristol-channel,16,8.539192199707031,9.48748051120389
bristol-channel,17,8.504809379577637,9.452582688485423
bristol-channel,18,8.471441268920898,9.419051887143043
bristol-channel,19,8.439115524291992,9.38637678084835
bristol-channel,20,8.40772819519043,9.35531612211658
bristol-channel,21,8.377555847167969,9.32611270412322
bristol-channel,22,8.348539352416992,9.299416185194447
bristol-channel,23,8.320626258850098,9.274404651887956
bristol-channel,24,8.293747901916504,9.249839490459813
bristol-channel,25,8.26777172088623,9.225211497276062
bristol-channel,26,8.242607116699219,9.20029053841868
bristol-channel,27,8.21817398071289,9.17627748673962
bristol-channel,28,8.194334030151367,9.152962847678893
bristol-channel,29,8.171111106872559,9.12987843790362
bristol-channel,30,8.148436546325684,9.108433858809933
bristol-channel,31,8.126482009887695,9.087489838753978
bristol-channel,32,8.105419158935547,9.066289212626796
bristol-channel,33,8.0851411819458,9.04516609253422
bristol-channel,34,8.065433502197266,9.024689511329898
bristol-channel,35,8.046229362487793,9.004509150597356
bristol-channel,36,8.027539253234863,8.98490320944017
bristol-channel,37,8.009288787841797,8.966057457462433
bristol-channel,38,7.991507530212402,8.947177087107011
bristol-channel,39,7.9745330810546875,8.929637918164651
bristol-channel,40,7.958368301391602,8.913077437493108
bristol-channel,41,7.943105220794678,8.89772591129426
bristol-channel,42,7.928614616394043,8.884011330143096
bristol-channel,43,7.9146294593811035,8.871404783187373
bristol-channel,44,7.9009480476379395,8.860628712561821
bristol-channel,45,7.889860153198242,8.849521705668458
bristol-channel,46,7.8763885498046875,8.837504590967649
bristol-channel,47,7.863410472869873,8.825503365711498
bristol-channel,48,7.85110330581665,8.814391121813046
bristol-channel,49,7.8399434089660645,8.804475166977094
bristol-channel,50,7.829984188079834,8.794630999206214
bristol-channel,51,7.820894241333008,8.78477717471379
bristol-channel,52,7.812775611877441,8.775937730522566
bristol-channel,53,7.805865287780762,8.768494573203466
bristol-channel,54,7.800084114074707,8.761323160766272
bristol-channel,55,7.795309066772461,8.754427867807367
bristol-channel,56,7.791638374328613,8.748452913632955
bristol-channel,57,7.7892961502075195,8.743270392058998
bristol-channel,58,7.788060188293457,8.739160384926743
bristol-channel,59,7.787744045257568,8.735294284615465
bristol-channel,60,7.788120746612549,8.73222411473592
bristol-channel,61,7.789366722106934,8.729567842586066
bristol-channel,62,7.791501522064209,8.728720835203767
bristol-channel,63,7.794257164001465,8.73036653867332
bristol-channel,64,7.79783296585083,8.73453306177611
bristol-channel,65,7.802615642547607,8.739870133963963
bristol-channel,66,7.809046268463135,8.747166511576662
bristol-channel,67,7.817163467407227,8.755538332334128
bristol-channel,68,7.827029228210449,8.764901599063666
bristol-channel,69,7.838585376739502,8.776859696706136
bristol-channel,70,7.85162353515625,8.788729345670312
bristol-channel,71,7.866387844085693,8.801847932671988
bristol-channel,72,7.882892608642578,8.816086373277889
bristol-channel,73,7.901221752166748,8.832082380274292
bristol-channel,74,7.921599388122559,8.850268555712956
bristol-channel,75,7.94395112991333,8.869214661916098
bristol-channel,76,7.965794086456299,8.8891432762146
bristol-channel,77,7.991995811462402,8.912436214570075
bristol-channel,78,8.019999504089355,8.937313682802262
bristol-channel,79,8.049765586853027,8.967802164631506
bristol-channel,80,8.080970764160156,9.000931284504551
bristol-channel,81,8.113595008850098,9.035960480474657
bristol-channel,82,8.147638320922852,9.07300170467746
bristol-channel,83,8.182806015014648,9.112625645053004
bristol-channel,84,8.218952178955078,9.153671461536039
bristol-channel,85,8.255980491638184,9.195365828852502
bristol-channel,86,8.293919563293457,9.238101811562817
bristol-channel,87,8.332610130310059,9.281211357731976
bristol-channel,88,8.371973037719727,9.325058315646265
bristol-channel,89,8.412141799926758,9.368572152045468
bristol-channel,90,8.453328132629395,9.412721993846278
bristol-channel,91,8.49593448638916,9.457034849351452
bristol-channel,92,8.53982162475586,9.504621994879937
bristol-channel,93,8.585074424743652,9.554153808470694
bristol-channel,94,8.631743431091309,9.602679566414126
bristol-channel,95,8.679669380187988,9.64944837324081
bristol-channel,96,8.728616714477539,9.69743568358883
bristol-channel,97,8.778556823730469,9.745638078258885
bristol-channel,98,8.829617500305176,9.794313187753001
bristol-channel,99,8.881688117980957,9.843848763742756
bristol-channel,100,8.934645652770996,9.89287776024111
bristol-channel,101,8.98835277557373,9.943565024099042
bristol-channel,102,9.042420387268066,9.994699453538466
bristol-channel,103,9.096856117248535,10.046528459364367
bristol-channel,104,9.15172004699707,10.09822498444588
bristol-channel,105,9.207268714904785,10.151941757817422
bristol-channel,106,9.263601303100586,10.208002705727852
bristol-channel,107,9.32089900970459,10.268092327733191
bristol-channel,108,9.379077911376953,10.327638373836393
bristol-channel,109,9.437918663024902,10.388708299206147
bristol-channel,110,9.497218132019043,10.445202009139521
bristol-channel,111,9.557085037231445,10.500359116831131
bristol-channel,112,9.617419242858887,10.556323482144261
bristol-channel,113,9.678403854370117,10.613342900430002
bristol-channel,114,9.740321159362793,10.669434285932972
bristol-channel,115,9.803290367126465,10.726810116921701
bristol-channel,116,9.867326736450195,10.786635211206251
bristol-channel,117,9.932358741760254,10.847945154866865
bristol-channel,118,9.998295783996582,10.910066872258339
bristol-channel,119,10.065129280090332,10.971994609217491
bristol-channel,120,10.133077621459961,11.037028414203276
bristol-channel,121,10.202178001403809,11.102855144008513
bristol-channel,122,10.272083282470703,11.17114757414787
bristol-channel,123,10.342802047729492,11.238316895884854
bristol-channel,124,10.414506912231445,11.30861187904112
bristol-channel,125,10.487273216247559,11.38066260430121
bristol-channel,126,10.560972213745117,11.454801008778235
bristol-channel,127,10.635251998901367,11.529932621986635
bristol-channel,128,10.709782600402832,11.607175316349151
bristol-channel,129,10.784674644470215,11.685304777083857
bristol-channel,130,10.86031436920166,11.763629528783984
bristol-channel,131,10.936723709106445,11.844797152857625
bristol-channel,132,11.013895034790039,11.926865916098317
bristol-channel,133,11.09210205078125,12.00867519378662
bristol-channel,134,11.171394348144531,12.091420782766034
bristol-channel,135,11.25144100189209,12.173836800359913
bristol-channel,136,11.331744194030762,12.254129785107027
bristol-channel,137,11.412248611450195,12.33466816871397
bristol-channel,138,11.492856979370117,12.412792439614574
bristol-channel,139,11.574115753173828,12.491549301147462
bristol-channel,140,11.656368255615234,12.57078069256198
bristol-channel,141,11.73922348022461,12.652585315704346
bristol-channel,142,11.82255744934082,12.735407841590144
bristol-channel,143,11.906484603881836,12.820716159574445
bristol-channel,144,11.990803718566895,12.904894582686886
bristol-channel,145,12.075068473815918,12.990549256724695
bristol-channel,146,12.159210205078125,13.07611812160861
bristol-channel,147,12.243361473083496,13.160597779673914
bristol-channel,148,12.327688217163086,13.246253816543087
bristol-channel,149,12.412476539611816,13.333867146891933
bristol-channel,150,12.497525215148926,13.42309274365825
bristol-channel,151,12.582422256469727,13.508928818856516
bristol-channel,152,12.667003631591797,13.593950969942155
bristol-channel,153,12.751323699951172,13.676579210835119
bristol-channel,154,12.835480690002441,13.759750941491898
bristol-channel,155,12.919462203979492,13.843123922040384
bristol-channel,156,13.003543853759766,13.927929819783857
bristol-channel,157,13.08782958984375,14.011767873456401
bristol-channel,158,13.17247486114502,14.097866049120503
bristol-channel,159,13.257412910461426,14.185665776652675
bristol-channel,160,13.342326164245605,14.273548206206293
bristol-channel,161,13.426822662353516,14.36183067752469
bristol-channel,162,13.51070499420166,14.448558296695834
bristol-channel,163,13.593939781188965,14.532816542348554
bristol-channel,164,13.67625904083252,14.617377425778297
bristol-channel,165,13.757594108581543,14.700557979460687
bristol-channel,166,13.838312149047852,14.78385935444986
bristol-channel,167,13.918408393859863,14.866820233868014
bristol-channel,168,13.997973442077637,14.94717445373535
bristol-channel,169,14.077112197875977,15.027835519852177
bristol-channel,170,14.155707359313965,15.110045605321083
bristol-channel,171,14.23353385925293,15.192401590654926
bristol-channel,172,14.310980796813965,15.2733111258476
bristol-channel,173,14.38818359375,15.354776511653776
bristol-channel,174,14.465391159057617,15.43537309400497
bristol-channel,175,14.542855262756348,15.51601495435161
bristol-channel,176,14.620615005493164,15.596629361183416
bristol-channel,177,14.698356628417969,15.67442190108761
bristol-channel,178,14.77596378326416,15.752186575243554
bristol-channel,179,14.853238105773926,15.827380026540451
bristol-channel,180,14.92999267578125,15.899104752079138
bristol-channel,181,15.005895614624023,15.970638779670965
bristol-channel,182,15.080843925476074,16.0425281155494
bristol-channel,183,15.155027389526367,16.11394354604906
bristol-channel,184,15.228496551513672,16.186201655480172
bristol-channel,185,15.30112361907959,16.255861430014335
bristol-channel,186,15.372737884521484,16.321010734188945
bristol-channel,187,15.443095207214355,16.383712823929326
bristol-channel,188,15.512109756469727,16.448783514576576
bristol-channel,189,15.579877853393555,16.50966906086091
bristol-channel,190,15.646589279174805,16.568304071118757
bristol-channel,191,15.71218204498291,16.625752221384356
bristol-channel,192,15.776871681213379,16.68352902935397
bristol-channel,193,15.84113883972168,16.73949668330531
bristol-channel,194,15.904905319213867,16.79605296965568
bristol-channel,195,15.968147277832031,16.852695591219007
bristol-channel,196,16.030807495117188,16.90982410061744
bristol-channel,197,16.092845916748047,16.96822237814626
bristol-channel,198,16.15424919128418,17.02520189592915
bristol-channel,199,16.215049743652344,17.08143856909967
bristol-channel,200,16.27528953552246,17.1373229365195
bristol-channel,201,16.3345890045166,17.19083144895492
bristol-channel,202,16.392465591430664,17.241793903227773
bristol-channel,203,16.448711395263672,17.29163777751307
bristol-channel,204,16.50330352783203,17.343358858170046
bristol-channel,205,16.555891036987305,17.392812513536022
bristol-channel,206,16.606473922729492,17.443423744939988
bristol-channel,207,16.655166625976562,17.48853334611462
bristol-channel,208,16.702152252197266,17.53287632849909
bristol-channel,209,16.74736213684082,17.57534913093813
bristol-channel,210,16.7906436920166,17.61641126448108
bristol-channel,211,16.831777572631836,17.656958290838425
bristol-channel,212,16.870962142944336,17.694346729401612
bristol-channel,213,16.908580780029297,17.731099577872982
bristol-channel,214,16.944700241088867,17.7680733588434
bristol-channel,215,16.979415893554688,17.80371865918559
bristol-channel,216,17.012649536132812,17.839173046235114
bristol-channel,217,17.044347763061523,17.872926951992895
bristol-channel,218,17.07427215576172,17.905027180333292
bristol-channel,219,17.102304458618164,17.933244065315495
bristol-channel,220,17.12836265563965,17.9598145023469
bristol-channel,221,17.152362823486328,17.98183032005064
bristol-channel,222,17.17443084716797,18.0013977173836
bristol-channel,223,17.194612503051758,18.017971961728993
bristol-channel,224,17.21282386779785,18.03317749884821
bristol-channel,225,17.229063034057617,18.04690598518618
bristol-channel,226,17.243253707885742,18.057775891211723
bristol-channel,227,17.2554931640625,18.065977102710352
bristol-channel,228,17.265466690063477,18.07079667737407
bristol-channel,229,17.273271560668945,18.073598467919133
bristol-channel,230,17.27888298034668,18.075411273587136
bristol-channel,231,17.28226661682129,18.073810152853685
bristol-channel,232,17.28357696533203,18.06989167736423
bristol-channel,233,17.283287048339844,18.0630890200215
bristol-channel,234,17.281492233276367,18.054220125752106
bristol-channel,235,17.278186798095703,18.040261877736736
bristol-channel,236,17.273475646972656,18.024801118912233
bristol-channel,237,17.26726722717285,18.006824622615692
bristol-channel,238,17.25944709777832,17.991176512933546
bristol-channel,239,17.250032424926758,17.975496556681968
bristol-channel,240,17.23907470703125,17.959320314468876
bristol-channel,241,17.2265625,17.94301677826912
bristol-channel,242,17.212732315063477,17.926262824766095
bristol-channel,243,17.19761085510254,17.909856630140734
bristol-channel,244,17.181032180786133,17.89145422289448
bristol-channel,245,17.16284942626953,17.872229526888937
bristol-channel,246,17.14283561706543,17.851005449602678
bristol-channel,247,17.12096405029297,17.82807628877701
bristol-channel,248,17.097097396850586,17.804742148614697
bristol-channel,249,17.071481704711914,17.78032855987549
bristol-channel,250,17.0443058013916,17.753344369703726
bristol-channel,251,17.01567268371582,17.725726244526527
bristol-channel,252,16.98584747314453,17.69749810618739
bristol-channel,253,16.954967498779297,17.6689918456539
bristol-channel,254,16.92313575744629,17.64033700266192
bristol-channel,255,16.89012908935547,17.60781961871732
bristol-channel,256,16.85593605041504,17.574504341617708
bristol-channel,257,16.8206787109375,17.539584485946165
bristol-channel,258,16.78427505493164,17.504483198350478
bristol-channel,259,16.746843338012695,17.46912672596593
bristol-channel,260,16.708288192749023,17.435447735940254
bristol-channel,261,16.66853904724121,17.40096553064162
bristol-channel,262,16.62747573852539,17.365523824384137
bristol-channel,263,16.58479118347168,17.328456977105912
bristol-channel,264,16.54044532775879,17.289837664942592
bristol-channel,265,16.494461059570312,17.250824269940775
bristol-channel,266,16.44683837890625,17.209747425202398
bristol-channel,267,16.397550582885742,17.165203808199973
bristol-channel,268,16.34666633605957,17.116873113570673
bristol-channel,269,16.2944278717041,17.065924201473113
bristol-channel,270,16.241104125976562,17.013537511517928
bristol-channel,271,16.18669319152832,16.960383230640044
bristol-channel,272,16.13127899169922,16.90587752249933
bristol-channel,273,16.074806213378906,16.850384512255268
bristol-channel,274,16.017414093017578,16.793178472211284
bristol-channel,275,15.959063529968262,16.735677251508157
bristol-channel,276,15.899706840515137,16.675605014062697
bristol-channel,277,15.839317321777344,16.615192807105277
bristol-channel,278,15.777974128723145,16.554143917945126
bristol-channel,279,15.71578311920166,16.491234173313263
bristol-channel,280,15.65262508392334,16.426523608546102
bristol-channel,281,15.588258743286133,16.362621165860084
bristol-channel,282,15.522848129272461,16.296473112413963
bristol-channel,283,15.45623779296875,16.230249417212704
bristol-channel,284,15.38856315612793,16.16371550713816
bristol-channel,285,15.319745063781738,16.096570344125073
bristol-channel,286,15.249755859375,16.030279402579033
bristol-channel,287,15.178632736206055,15.964134388585245
bristol-channel,288,15.106398582458496,15.898271843694873
bristol-channel,289,15.032966613769531,15.831942115291474
bristol-channel,290,14.958523750305176,15.764982614209577
bristol-channel,291,14.883393287658691,15.694131543559413
bristol-channel,292,14.80773639678955,15.619766579904864
bristol-channel,293,14.731612205505371,15.545882674186462
bristol-channel,294,14.655076026916504,15.470778914420835
bristol-channel,295,14.577903747558594,15.397923174212055
bristol-channel,296,14.500199317932129,15.324540039800826
bristol-channel,297,14.422086715698242,15.250896469239265
bristol-channel,298,14.34357738494873,15.178040350637128
bristol-channel,299,14.264863967895508,15.105794162134968
bristol-channel,300,14.18609619140625,15.034157851434522
bristol-channel,301,14.106870651245117,14.962589608469317
bristol-channel,302,14.027068138122559,14.889457302708779
bristol-channel,303,13.946712493896484,14.815458922232354
bristol-channel,304,13.865863800048828,14.738832347623765
bristol-channel,305,13.78474235534668,14.661417447367024
bristol-channel,306,13.703694343566895,14.584166932875112
bristol-channel,307,13.622607231140137,14.508194135850479
bristol-channel,308,13.541407585144043,14.43071530557448
bristol-channel,309,13.460162162780762,14.353083921247915
bristol-channel,310,13.378812789916992,14.275454468880932
bristol-channel,311,13.297226905822754,14.199300756762106
bristol-channel,312,13.215730667114258,14.121404995456821
bristol-channel,313,13.134145736694336,14.04509315183086
bristol-channel,314,13.052639961242676,13.967584899164018
bristol-channel,315,12.97101879119873,13.889291461821527
bristol-channel,316,12.889121055603027,13.809040183405726
bristol-channel,317,12.806905746459961,13.730437700210082
bristol-channel,318,12.724477767944336,13.650384567629906
bristol-channel,319,12.641956329345703,13.567413277779858
bristol-channel,320,12.559621810913086,13.483607359855409
bristol-channel,321,12.477404594421387,13.398059045114827
bristol-channel,322,12.395225524902344,13.314129543304444
bristol-channel,323,12.312990188598633,13.2331830639993
bristol-channel,324,12.230688095092773,13.151466781862323
bristol-channel,325,12.14820671081543,13.071413913849863
bristol-channel,326,12.065746307373047,12.989415479475452
bristol-channel,327,11.983458518981934,12.906665355928483
bristol-channel,328,11.90117359161377,12.823663277779858
bristol-channel,329,11.81905746459961,12.74008159945088
bristol-channel,330,11.73701286315918,12.657134948238252
bristol-channel,331,11.654657363891602,12.57536491270988
bristol-channel,332,11.572050094604492,12.49327139085339
bristol-channel,333,11.489480972290039,12.412688264539163
bristol-channel,334,11.407085418701172,12.333604117362729
bristol-channel,335,11.325153350830078,12.256962437783518
bristol-channel,336,11.243659019470215,12.18038317465013
bristol-channel,337,11.162496566772461,12.103187511813253
bristol-channel,338,11.08203125,12.024915882848923
bristol-channel,339,11.002464294433594,11.946951312403524
bristol-channel,340,10.923674583435059,11.868088897582023
bristol-channel,341,10.845705032348633,11.789496701763522
bristol-channel,342,10.76877212524414,11.711675059410833
bristol-channel,343,10.693039894104004,11.637905905323642
bristol-channel,344,10.618616104125977,11.56490798457976
bristol-channel,345,10.54563045501709,11.494663330816453
bristol-channel,346,10.473946571350098,11.425533962249755
bristol-channel,347,10.403432846069336,11.359161481549663
bristol-channel,348,10.334026336669922,11.292756092932915
bristol-channel,349,10.265419006347656,11.225100698778704
bristol-channel,350,10.197726249694824,11.156789721212078
bristol-channel,351,10.130826950073242,11.08897215320218
bristol-channel,352,10.063895225524902,11.023667012491535
bristol-channel,353,9.99764347076416,10.958280621805496
bristol-channel,354,9.93198013305664,10.893089494397561
bristol-channel,355,9.867146492004395,10.828310800367785
bristol-channel,356,9.80318546295166,10.762761903578234
bristol-channel,357,9.740065574645996,10.697443429885372
bristol-channel,358,9.6777925491333,10.633136373950586
bristol-channel,359,9.616632461547852,10.571235481385258
bristol-channel,360,9.556682586669922,10.513223143546808
bristol-channel,361,9.497923851013184,10.457752926118909
bristol-channel,362,9.440581321716309,10.402180176396522
bristol-channel,363,9.384934425354004,10.347616232595135
bristol-channel,364,9.33106517791748,10.293411608665219
bristol-channel,365,9.279010772705078,10.238459208703809
bristol-channel,366,9.228266716003418,10.183662466849048
celtic-sea,1,11.30066967010498,11.811425922762961
celtic-sea,2,11.27665901184082,11.790132162647863
celtic-sea,3,11.253124237060547,11.769997538289715
celtic-sea,4,11.229899406433105,11.750883050118722
celtic-sea,5,11.206987380981445,11.732862207966466
celtic-sea,6,11.184375762939453,11.714668338529524
celtic-sea,7,11.161964416503906,11.696927449011033
celtic-sea,8,11.13969898223877,11.67927914588682
celtic-sea,9,11.117700576782227,11.661324857896375
celtic-sea,10,11.095918655395508,11.642621603319721
celtic-sea,11,11.07441234588623,11.623345350450085
celtic-sea,12,11.053281784057617,11.603172809846942
celtic-sea,13,11.032703399658203,11.582730908547678
celtic-sea,14,11.012706756591797,11.562609881739466
celtic-sea,15,10.993403434753418,11.543185083327758
celtic-sea,16,10.9747314453125,11.523543370154599
celtic-sea,17,10.956941604614258,11.50399140696372
celtic-sea,18,10.93941593170166,11.484288197178998
celtic-sea,19,10.922178268432617,11.465092409810714
celtic-sea,20,10.90503978729248,11.44639420970794
celtic-sea,21,10.887971878051758,11.428400144269391
celtic-sea,22,10.871012687683105,11.41038868196549
celtic-sea,23,10.854233741760254,11.392612623399303
celtic-sea,24,10.837764739990234,11.37514901622649
celtic-sea,25,10.821695327758789,11.359185631044449
celtic-sea,26,10.805878639221191,11.343209937310986
celtic-sea,27,10.790141105651855,11.326686751457952
celtic-sea,28,10.774545669555664,11.309887627632389
celtic-sea,29,10.759237289428711,11.293693164087113
celtic-sea,30,10.74409008026123,11.276791341843145
celtic-sea,31,10.729084968566895,11.259877312567927
celtic-sea,32,10.7142333984375,11.243359076592231
celtic-sea,33,10.699512481689453,11.22701867934196
celtic-sea,34,10.68481159210205,11.21085918488041
celtic-sea,35,10.67007064819336,11.194663349274665
celtic-sea,36,10.65526008605957,11.177685737609862
celtic-sea,37,10.640541076660156,11.160813802288423
celtic-sea,38,10.626018524169922,11.144236875349476
celtic-sea,39,10.611666679382324,11.12788555083736
celtic-sea,40,10.597372055053711,11.111840005074779
celtic-sea,41,10.583235740661621,11.096289591635427
celtic-sea,42,10.569388389587402,11.08157106214954
celtic-sea,43,10.555790901184082,11.068133831024172
celtic-sea,44,10.5423583984375,11.055498418500347
celtic-sea,45,10.530882835388184,11.043088714025355
celtic-sea,46,10.518000602722168,11.03017060474683
celtic-sea,47,10.505297660827637,11.018451002592682
celtic-sea,48,10.492805480957031,11.007452661247667
celtic-sea,49,10.48066234588623,10.997343012081684
celtic-sea,50,10.469083786010742,10.987984430661768
celtic-sea,51,10.457999229431152,10.97831919065086
celtic-sea,52,10.447468757629395,10.968968450894925
celtic-sea,53,10.43749713897705,10.960170673042219
celtic-sea,54,10.428154945373535,10.951395900275122
celtic-sea,55,10.419241905212402,10.942337403246155
celtic-sea,56,10.41057014465332,10.932213255154192
celtic-sea,57,10.402194023132324,10.922182508694231
celtic-sea,58,10.394173622131348,10.912387532059869
celtic-sea,59,10.38644790649414,10.902228202614735
celtic-sea,60,10.378984451293945,10.89209848629531
celtic-sea,61,10.371655464172363,10.88247178703226
celtic-sea,62,10.364629745483398,10.873192049867363
celtic-sea,63,10.358007431030273,10.863897576896091
celtic-sea,64,10.352015495300293,10.855243720803207
celtic-sea,65,10.3466157913208,10.847482525405058
celtic-sea,66,10.341861724853516,10.840289036945627
celtic-sea,67,10.337865829467773,10.83465524591425
celtic-sea,68,10.334675788879395,10.830187690898933
celtic-sea,69,10.332371711730957,10.826300714349234
celtic-sea,70,10.330914497375488,10.823463770138321
celtic-sea,71,10.33033275604248,10.82218215798819
celtic-sea,72,10.330702781677246,10.823218029801566
celtic-sea,73,10.332005500793457,10.826469096317087
celtic-sea,74,10.33423137664795,10.83025752139348
celtic-sea,75,10.337221145629883,10.83432955075336
celtic-sea,76,10.339216232299805,10.840089490336759
celtic-sea,77,10.34372615814209,10.84706807905628
celtic-sea,78,10.349259376525879,10.85458840708579
celtic-sea,79,10.355818748474121,10.862400177986393
celtic-sea,80,10.363348960876465,10.870232320600943
celtic-sea,81,10.371732711791992,10.877976429846978
celtic-sea,82,10.381113052368164,10.887859962832541
celtic-sea,83,10.391429901123047,10.900090983606153
celtic-sea,84,10.40258502960205,10.913219910283242
celtic-sea,85,10.41445255279541,10.927097342091221
celtic-sea,86,10.42714786529541,10.941889021473548
celtic-sea,87,10.440741539001465,10.957807679330147
celtic-sea,88,10.455150604248047,10.977694271456812
celtic-sea,89,10.470526695251465,10.998402340181414
celtic-sea,90,10.487043380737305,11.02179037832445
celtic-sea,91,10.504659652709961,11.046720621662757
celtic-sea,92,10.52351188659668,11.0728955453442
celtic-sea,93,10.54349136352539,11.10068068965789
celtic-sea,94,10.564526557922363,11.129435022415654
celtic-sea,95,10.586514472961426,11.159616667224515
celtic-sea,96,10.609452247619629,11.192340533964096
celtic-sea,97,10.633320808410645,11.22555503845215
celtic-sea,98,10.658064842224121,11.260129756312216
celtic-sea,99,10.683585166931152,11.294262249239027
celtic-sea,100,10.709653854370117,11.328103594626148
celtic-sea,101,10.736091613769531,11.361974802324845
celtic-sea,102,10.762965202331543,11.39497346262778
celtic-sea,103,10.790345191955566,11.427341245835827
celtic-sea,104,10.818388938903809,11.459190199452063
celtic-sea,105,10.84721565246582,11.491889799794844
celtic-sea,106,10.876914024353027,11.529107875208704
celtic-sea,107,10.90766429901123,11.567199919300698
celtic-sea,108,10.939356803894043,11.606895016085721
celtic-sea,109,10.971935272216797,11.64942092587871
celtic-sea,110,11.005352973937988,11.693785544364685
celtic-sea,111,11.03951358795166,11.73829074675037
celtic-sea,112,11.074517250061035,11.784074426466418
celtic-sea,113,11.110321998596191,11.829987996624363
celtic-sea,114,11.146927833557129,11.87554682762392
celtic-sea,115,11.184290885925293,11.92164925913657
celtic-sea,116,11.222389221191406,11.968172079516997
celtic-sea,117,11.2612886428833,12.015265996994513
celtic-sea,118,11.301104545593262,12.062669227969264
celtic-sea,119,11.34192943572998,12.108008876923593
celtic-sea,120,11.383872032165527,12.155299371288672
celtic-sea,121,11.427037239074707,12.205297676209485
celtic-sea,122,11.471551895141602,12.256895477541033
celtic-sea,123,11.517395973205566,12.309549156312023
celtic-sea,124,11.564881324768066,12.363575975356566
celtic-sea,125,11.614052772521973,12.419651456033032
celtic-sea,126,11.664692878723145,12.476781097535168
celtic-sea,127,11.716713905334473,12.53718076521351
celtic-sea,128,11.770013809204102,12.598595511528758
celtic-sea,129,11.824419021606445,12.65935604033932
celtic-sea,130,11.880138397216797,12.722922620465683
celtic-sea,131,11.937291145324707,12.787313092139463
celtic-sea,132,11.996150016784668,12.85512786065379
celtic-sea,133,12.056861877441406,12.925993199502273
celtic-sea,134,12.119355201721191,12.999750340369443
celtic-sea,135,12.183086395263672,13.074201491571246
celtic-sea,136,12.24763298034668,13.149082522238459
celtic-sea,137,12.312983512878418,13.22144125046269
celtic-sea,138,12.37890338897705,13.29388464958437
celtic-sea,139,12.44563102722168,13.367603477354972
celtic-sea,140,12.51337718963623,13.44215356457618
celtic-sea,141,12.582008361816406,13.51710115555794
celtic-sea,142,12.651354789733887,13.595140100294543
celtic-sea,143,12.721094131469727,13.674239330907021
celtic-sea,144,12.791251182556152,13.753581385458668
celtic-sea,145,12.86171817779541,13.834253692626953
celtic-sea,146,12.932670593261719,13.914656205331127
celtic-sea,147,13.004332542419434,13.99506592596731
celtic-sea,148,13.076908111572266,14.078799783029867
celtic-sea,149,13.150522232055664,14.162165644861041
celtic-sea,150,13.224981307983398,14.246968515457649
celtic-sea,151,13.299887657165527,14.330527213311969
celtic-sea,152,13.37498664855957,14.411893700015165
celtic-sea,153,13.450141906738281,14.492353303970834
celtic-sea,154,13.525276184082031,14.571969779845212
celtic-sea,155,13.599893569946289,14.654153826928912
celtic-sea,156,13.67416000366211,14.73757334986041
celtic-sea,157,13.748481750488281,14.820678489438952
celtic-sea,158,13.822832107543945,14.89991789171773
celtic-sea,159,13.897026062011719,14.978476918128232
celtic-sea,160,13.971098899841309,15.057153966349942
celtic-sea,161,14.044803619384766,15.13467729630009
celtic-sea,162,14.118017196655273,15.212456580131287
celtic-sea,163,14.190555572509766,15.288947428426436
celtic-sea,164,14.262259483337402,15.364310495315063
celtic-sea,165,14.332989692687988,15.437273969957909
celtic-sea,166,14.403172492980957,15.510148635987315
celtic-sea,167,14.47291374206543,15.58496728097239
celtic-sea,168,14.542036056518555,15.657585968509798
celtic-sea,169,14.610634803771973,15.729197092979186
celtic-sea,170,14.678595542907715,15.798723946848224
celtic-sea,171,14.745654106140137,15.866749788099717
celtic-sea,172,14.811896324157715,15.933340318741337
celtic-sea,173,14.87771224975586,15.99712513339135
celtic-sea,174,14.943471908569336,16.059525342141427
celtic-sea,175,15.00912857055664,16.12169466018677
celtic-sea,176,15.074728965759277,16.184716040088283
celtic-sea,177,15.140138626098633,16.247938125364243
celtic-sea,178,15.205253601074219,16.311125293854747
celtic-sea,179,15.26973819732666,16.374602296275476
celtic-sea,180,15.333340644836426,16.441124722265428
celtic-sea,181,15.396111488342285,16.50783814461001
celtic-sea,182,15.458261489868164,16.575242765488163
celtic-sea,183,15.519840240478516,16.642655861762265
celtic-sea,184,15.580869674682617,16.710981049076203
celtic-sea,185,15.641310691833496,16.77830704104516
celtic-sea,186,15.701581954956055,16.84085246055357
celtic-sea,187,15.761575698852539,16.903105969582835
celtic-sea,188,15.820876121520996,16.96522716399162
celtic-sea,189,15.879326820373535,17.026992410229102
celtic-sea,190,15.937006950378418,17.087767859428162
celtic-sea,191,15.993919372558594,17.14700731462048
celtic-sea,192,16.050065994262695,17.204612418143977
celtic-sea,193,16.105579376220703,17.261115203365204
celtic-sea,194,16.16037368774414,17.3145169227354
celtic-sea,195,16.214170455932617,17.364674322066765
celtic-sea,196,16.266939163208008,17.412235204635127
celtic-sea,197,16.318309783935547,17.457204049633397
celtic-sea,198,16.36834716796875,17.49860618960473
celtic-sea,199,16.41739845275879,17.540721247273108
celtic-sea,200,16.465578079223633,17.58329196437713
celtic-sea,201,16.51278305053711,17.626107843460574
celtic-sea,202,16.55897331237793,17.66499192637782
celtic-sea,203,16.604150772094727,17.704012661595495
celtic-sea,204,16.648021697998047,17.74264776168331
celtic-sea,205,16.690326690673828,17.78066497310515
celtic-sea,206,16.73111343383789,17.817376856650075
celtic-sea,207,16.77052879333496,17.85108159588229
celtic-sea,208,16.80867576599121,17.88344397391042
celtic-sea,209,16.845455169677734,17.914732028592013
celtic-sea,210,16.880605697631836,17.941438059653002
celtic-sea,211,16.91385841369629,17.964464895186886
celtic-sea,212,16.945035934448242,17.983988792665542
celtic-sea,213,16.973966598510742,18.002668983705583
celtic-sea,214,17.00071144104004,18.01889583833756
celtic-sea,215,17.025278091430664,18.032189572241997
celtic-sea,216,17.04784393310547,18.045110382572293
celtic-sea,217,17.06800651550293,18.05710473214426
celtic-sea,218,17.085384368896484,18.064577908669754
celtic-sea,219,17.100059509277344,18.069811377986785
celtic-sea,220,17.112260818481445,18.07311077733194
celtic-sea,221,17.122268676757812,18.074122016660635
celtic-sea,222,17.13006591796875,18.07342856007238
celtic-sea,223,17.135791778564453,18.071060968214468
celtic-sea,224,17.139677047729492,18.065464272037623
celtic-sea,225,17.141822814941406,18.05668534924907
celtic-sea,226,17.14244842529297,18.048414857925902
celtic-sea,227,17.141542434692383,18.040782719273718
celtic-sea,228,17.139522552490234,18.033883303980673
celtic-sea,229,17.13642692565918,18.02698388868762
celtic-sea,230,17.13195037841797,18.019384931748913
celtic-sea,231,17.125791549682617,18.01017143495621
celtic-sea,232,17.11783790588379,17.99796068130001
celtic-sea,233,17.108346939086914,17.98697892465899
celtic-sea,234,17.097394943237305,17.97395100747385
celtic-sea,235,17.08493995666504,17.960139299208116
celtic-sea,236,17.070789337158203,17.945119882399037
celtic-sea,237,17.054851531982422,17.928728805049776
celtic-sea,238,17.036954879760742,17.91120806663267
celtic-sea,239,17.016862869262695,17.892034875192948
celtic-sea,240,16.994653701782227,17.87102261820147
celtic-sea,241,16.970666885375977,17.849352732012346
celtic-sea,242,16.945293426513672,17.827220172266806
celtic-sea,243,16.918760299682617,17.80419403199226
celtic-sea,244,16.891111373901367,17.779026209923526
celtic-sea,245,16.86227798461914,17.75292456842238
celtic-sea,246,16.832313537597656,17.724690234276554
celtic-sea,247,16.80120277404785,17.69464088562996
celtic-sea,248,16.769027709960938,17.663775585543725
celtic-sea,249,16.736122131347656,17.632275870538525
celtic-sea,250,16.702730178833008,17.599756806896583
celtic-sea,251,16.669034957885742,17.566114561019408
celtic-sea,252,16.634912490844727,17.533612417405653
celtic-sea,253,16.600370407104492,17.49943332672119
celtic-sea,254,16.565210342407227,17.464301029328375
celtic-sea,255,16.52913475036621,17.431471966158956
celtic-sea,256,16.49207878112793,17.3994906825404
celtic-sea,257,16.45395278930664,17.365314686682915
celtic-sea,258,16.414823532104492,17.328364249198668
celtic-sea,259,16.374408721923828,17.28988286295245
celtic-sea,260,16.33272361755371,17.2505616218813
celtic-sea,261,16.289825439453125,17.21031939598822
celtic-sea,262,16.245681762695312,17.169326468436946
celtic-sea,263,16.20039176940918,17.128013481632355
celtic-sea,264,16.15392303466797,17.083059532411635
celtic-sea,265,16.1064510345459,17.03565711359824
celtic-sea,266,16.058263778686523,16.985389069587953
celtic-sea,267,16.00966453552246,16.9329903510309
celtic-sea,268,15.960745811462402,16.880815835152905
celtic-sea,269,15.911450386047363,16.827132308098577
celtic-sea,270,15.861950874328613,16.772803386565176
celtic-sea,271,15.812328338623047,16.719166125020674
celtic-sea,272,15.762531280517578,16.664153932755994
celtic-sea,273,15.712455749511719,16.608689735781766
celtic-sea,274,15.662038803100586,16.553015893505467
celtic-sea,275,15.611299514770508,16.497657858940862
celtic-sea,276,15.560145378112793,16.44010037452944
celtic-sea,277,15.508418083190918,16.382601777968866
celtic-sea,278,15.456093788146973,16.325054602469166
celtic-sea,279,15.403295516967773,16.267210185143252
celtic-sea,280,15.350162506103516,16.209036651734383
celtic-sea,281,15.296643257141113,16.14951375530612
celtic-sea,282,15.242419242858887,16.088210459678404
celtic-sea,283,15.187501907348633,16.02691381823632
celtic-sea,284,15.132002830505371,15.966691192503902
celtic-sea,285,15.076155662536621,15.908008929221863
celtic-sea,286,15.020061492919922,15.848630231426611
celtic-sea,287,14.963775634765625,15.790566782797539
celtic-sea,288,14.907313346862793,15.733843800329394
celtic-sea,289,14.850605964660645,15.67930287084272
celtic-sea,290,14.793802261352539,15.625024183334846
celtic-sea,291,14.736845970153809,15.569746715791767
celtic-sea,292,14.67987060546875,15.511476273690503
celtic-sea,293,14.623109817504883,15.451783992398171
celtic-sea,294,14.566466331481934,15.391386456643382
celtic-sea,295,14.50976848602295,15.331459306901502
celtic-sea,296,14.452808380126953,15.27168053042504
celtic-sea,297,14.395407676696777,15.213083279517388
celtic-sea,298,14.337528228759766,15.156595577732208
celtic-sea,299,14.279193878173828,15.099167639209377
celtic-sea,300,14.22066879272461,15.041476477346112
celtic-sea,301,14.16203784942627,14.984535011168449
celtic-sea,302,14.103229522705078,14.927110711989863
celtic-sea,303,14.044102668762207,14.869433642971899
celtic-sea,304,13.984739303588867,14.809044490321991
celtic-sea,305,13.925318717956543,14.748184794764365
celtic-sea,306,13.865960121154785,14.686353812679167
celtic-sea,307,13.80677604675293,14.62649745941162
celtic-sea,308,13.74792194366455,14.566013450007285
celtic-sea,309,13.68950080871582,14.506312637944374
celtic-sea,310,13.631582260131836,14.446286896736392
celtic-sea,311,13.573858261108398,14.38623496640113
celtic-sea,312,13.516149520874023,14.326566748465261
celtic-sea,313,13.458719253540039,14.268265511912684
celtic-sea,314,13.401769638061523,14.20863708988313
celtic-sea,315,13.345261573791504,14.15019464185161
celtic-sea,316,13.28915023803711,14.09167344185614
celtic-sea,317,13.23348617553711,14.03366000883041
celtic-sea,318,13.178303718566895,13.97546814641645
celtic-sea,319,13.123642921447754,13.915731571566674
celtic-sea,320,13.069537162780762,13.854796972582418
celtic-sea,321,13.015907287597656,13.79403814192741
celtic-sea,322,12.96291446685791,13.732856535142467
celtic-sea,323,12.910552024841309,13.6744043719384
celtic-sea,324,12.85877513885498,13.615059883363786
celtic-sea,325,12.807687759399414,13.557414873184698
celtic-sea,326,12.75741958618164,13.50155110820647
celtic-sea,327,12.708028793334961,13.448124039557673
celtic-sea,328,12.65959358215332,13.394015899781259
celtic-sea,329,12.612166404724121,13.338795455809562
celtic-sea,330,12.565768241882324,13.283613008068453
celtic-sea,331,12.520171165466309,13.22884399352535
celtic-sea,332,12.475276947021484,13.173545649743849
celtic-sea,333,12.431113243103027,13.118809979961764
celtic-sea,334,12.387819290161133,13.064680010272609
celtic-sea,335,12.345335960388184,13.01276099297308
celtic-sea,336,12.303585052490234,12.961475046219364
celtic-sea,337,12.262575149536133,12.911269040261546
celtic-sea,338,12.222403526306152,12.86023945962229
celtic-sea,339,12.183087348937988,12.810461333490188
celtic-sea,340,12.144519805908203,12.760723043257192
celtic-sea,341,12.106492042541504,12.711957433146818
celtic-sea,342,12.069151878356934,12.663965332892637
celtic-sea,343,12.032711029052734,12.617767007889288
celtic-sea,344,11.997025489807129,12.573175396457795
celtic-sea,345,11.961967468261719,12.530996304173625
celtic-sea,346,11.92749309539795,12.489237726888348
celtic-sea,347,11.893500328063965,12.448011613661242
celtic-sea,348,11.859806060791016,12.407190842782295
celtic-sea,349,11.826345443725586,12.36650782862017
celtic-sea,350,11.793109893798828,12.327160355352584
celtic-sea,351,11.760183334350586,12.28865488421532
celtic-sea,352,11.727300643920898,12.25043134074057
celtic-sea,353,11.69497013092041,12.213980053317162
celtic-sea,354,11.663141250610352,12.17764247771232
celtic-sea,355,11.631935119628906,12.143484063302315
celtic-sea,356,11.601327896118164,12.108463278124407
celtic-sea,357,11.571222305297852,12.074296259110971
celtic-sea,358,11.541559219360352,12.040551394800984
celtic-sea,359,11.512406349182129,12.009346863531297
celtic-sea,360,11.48375129699707,11.979250735621298
celtic-sea,361,11.455695152282715,11.950845832209433
celtic-sea,362,11.42834758758545,11.924699303411668
celtic-sea,363,11.401676177978516,11.900489782517957
celtic-sea,364,11.375555038452148,11.876551932673301
celtic-sea,365,11.35006332397461,11.854047073856474
celtic-sea,366,11.32512092590332,11.832517805407122
eastern-mediterranean,1,17.913272857666016,18.503146866829166
eastern-mediterranean,2,17.853374481201172,18.437283620526717
eastern-mediterranean,3,17.794918060302734,18.37475425351051
eastern-mediterranean,4,17.737754821777344,18.31371643312516
eastern-mediterranean,5,17.6817569732666,18.25507912174348
eastern-mediterranean,6,17.62693214416504,18.198390345419604
eastern-mediterranean,7,17.573322296142578,18.14333463484241
eastern-mediterranean,8,17.5208683013916,18.088332600747385
eastern-mediterranean,9,17.46954917907715,18.03279036245039
eastern-mediterranean,10,17.41935157775879,17.97988001300443
eastern-mediterranean,11,17.370311737060547,17.928553759667185
eastern-mediterranean,12,17.32257080078125,17.87814774667063
eastern-mediterranean,13,17.276121139526367,17.82769086899296
eastern-mediterranean,14,17.23088264465332,17.7782497098369
eastern-mediterranean,15,17.186874389648438,17.729588010234217
eastern-mediterranean,16,17.144018173217773,17.68386744837607
eastern-mediterranean,17,17.102811813354492,17.641039596065397
eastern-mediterranean,18,17.062599182128906,17.599723169880534
eastern-mediterranean,19,17.023361206054688,17.559212420063638
eastern-mediterranean,20,16.985139846801758,17.52040409580354
eastern-mediterranean,21,16.947927474975586,17.482434475806453
eastern-mediterranean,22,16.911670684814453,17.444968365084744
eastern-mediterranean,23,16.876359939575195,17.406959939772083
eastern-mediterranean,24,16.84203338623047,17.369356056951705
eastern-mediterranean,25,16.808719635009766,17.333068669226865
eastern-mediterranean,26,16.776504516601562,17.29800583008797
eastern-mediterranean,27,16.745450973510742,17.26615238804971
eastern-mediterranean,28,16.715436935424805,17.236201637021956
eastern-mediterranean,29,16.686452865600586,17.20694674215009
eastern-mediterranean,30,16.658536911010742,17.179530242181595
eastern-mediterranean,31,16.631587982177734,17.15394196664133
eastern-mediterranean,32,16.605466842651367,17.127835987460227
eastern-mediterranean,33,16.580110549926758,17.102241319225676
eastern-mediterranean,34,16.555498123168945,17.07705919819493
eastern-mediterranean,35,16.53171157836914,17.05159451884608
eastern-mediterranean,36,16.508811950683594,17.02615197089411
eastern-mediterranean,37,16.486797332763672,17.000491326855077
eastern-mediterranean,38,16.4656925201416,16.975203083407493
eastern-mediterranean,39,16.445592880249023,16.951877286357263
eastern-mediterranean,40,16.42662811279297,16.931490891979585
eastern-mediterranean,41,16.408823013305664,16.91254390593498
eastern-mediterranean,42,16.392213821411133,16.89425792694092
eastern-mediterranean,43,16.37677001953125,16.878057486011137
eastern-mediterranean,44,16.362483978271484,16.863842619619064
eastern-mediterranean,45,16.346839904785156,16.85111471196657
eastern-mediterranean,46,16.334489822387695,16.83893792757424
eastern-mediterranean,47,16.323078155517578,16.82837065009661
eastern-mediterranean,48,16.312515258789062,16.82056773606167
eastern-mediterranean,49,16.3028621673584,16.813679586431032
eastern-mediterranean,50,16.294092178344727,16.807605517807822
eastern-mediterranean,51,16.28607177734375,16.80135157390307
eastern-mediterranean,52,16.278690338134766,16.79550838060276
eastern-mediterranean,53,16.271909713745117,16.790292126645326
eastern-mediterranean,54,16.265750885009766,16.78610398282287
eastern-mediterranean,55,16.260129928588867,16.78238497908397
eastern-mediterranean,56,16.254981994628906,16.778929017179752
eastern-mediterranean,57,16.25030517578125,16.77653867249848
eastern-mediterranean,58,16.246261596679688,16.774600363290435
eastern-mediterranean,59,16.243009567260742,16.773977792391207
eastern-mediterranean,60,16.240562438964844,16.774616046618387
eastern-mediterranean,61,16.2390193939209,16.77662028240901
eastern-mediterranean,62,16.2385196685791,16.780383678149153
eastern-mediterranean,63,16.2392635345459,16.786009396788895
eastern-mediterranean,64,16.24135971069336,16.792282266514274
eastern-mediterranean,65,16.24468994140625,16.79868279939057
eastern-mediterranean,66,16.249114990234375,16.806316070146455
eastern-mediterranean,67,16.254526138305664,16.814432244659752
eastern-mediterranean,68,16.260887145996094,16.82335381251509
eastern-mediterranean,69,16.268169403076172,16.833525290540468
eastern-mediterranean,70,16.276330947875977,16.843808120809573
eastern-mediterranean,71,16.2851505279541,16.85411723557339
eastern-mediterranean,72,16.29454231262207,16.864400767254573
eastern-mediterranean,73,16.304340362548828,16.876073974691412
eastern-mediterranean,74,16.31444549560547,16.888285608189083
eastern-mediterranean,75,16.324968338012695,16.90315118810182
eastern-mediterranean,76,16.338642120361328,16.919399889053835
eastern-mediterranean,77,16.35099983215332,16.938087863306844
eastern-mediterranean,78,16.3645076751709,16.95854917341663
eastern-mediterranean,79,16.379283905029297,16.981210634785313
eastern-mediterranean,80,16.39525604248047,17.004184532165525
eastern-mediterranean,81,16.412372589111328,17.02747001647949
eastern-mediterranean,82,16.430824279785156,17.05181708182058
eastern-mediterranean,83,16.450651168823242,17.079501471980926
eastern-mediterranean,84,16.47199249267578,17.108478718419228
eastern-mediterranean,85,16.494932174682617,17.1380154825026
eastern-mediterranean,86,16.51938247680664,17.16935947787377
eastern-mediterranean,87,16.545269012451172,17.201377579473682
eastern-mediterranean,88,16.572477340698242,17.233367316953597
eastern-mediterranean,89,16.6008358001709,17.26560356386246
eastern-mediterranean,90,16.630207061767578,17.29819818927396
eastern-mediterranean,91,16.660625457763672,17.330411437249953
eastern-mediterranean,92,16.69198226928711,17.36218485678396
eastern-mediterranean,93,16.724275588989258,17.393624262655937
eastern-mediterranean,94,16.75752067565918,17.42539549796812
eastern-mediterranean,95,16.791597366333008,17.45973457213371
eastern-mediterranean,96,16.826519012451172,17.49706871894098
eastern-mediterranean,97,16.862546920776367,17.536617426718433
eastern-mediterranean,98,16.899898529052734,17.57882779644382
eastern-mediterranean,99,16.93872833251953,17.62342891077842
eastern-mediterranean,100,16.979215621948242,17.670259284973145
eastern-mediterranean,101,17.021583557128906,17.721857150908445
eastern-mediterranean,102,17.06605339050293,17.777128219604492
eastern-mediterranean,103,17.112770080566406,17.834775973904517
eastern-mediterranean,104,17.161619186401367,17.897275395547194
eastern-mediterranean,105,17.21250343322754,17.961841386364352
eastern-mediterranean,106,17.265310287475586,18.02563651300246
eastern-mediterranean,107,17.319868087768555,18.090147418360555
eastern-mediterranean,108,17.375837326049805,18.156471437023534
eastern-mediterranean,109,17.433189392089844,18.222104121792697
eastern-mediterranean,110,17.491914749145508,18.289932515544272
eastern-mediterranean,111,17.552034378051758,18.359622032411636
eastern-mediterranean,112,17.613536834716797,18.432464679594965
eastern-mediterranean,113,17.67630958557129,18.506177693028604
eastern-mediterranean,114,17.740375518798828,18.578122428155712
eastern-mediterranean,115,17.80585289001465,18.652580144328454
eastern-mediterranean,116,17.872785568237305,18.728826264412174
eastern-mediterranean,117,17.941343307495117,18.80576350919662
eastern-mediterranean,118,18.01169776916504,18.883468781748128
eastern-mediterranean,119,18.084083557128906,18.964286515020557
eastern-mediterranean,120,18.15839958190918,19.048122695184524
eastern-mediterranean,121,18.23455238342285,19.13595577978319
eastern-mediterranean,122,18.31239128112793,19.225039334451
eastern-mediterranean,123,18.391799926757812,19.3167931033719
eastern-mediterranean,124,18.472795486450195,19.410396237527173
eastern-mediterranean,125,18.555347442626953,19.507563806349236
eastern-mediterranean,126,18.639400482177734,19.60507511631135
eastern-mediterranean,127,18.724985122680664,19.702829711667956
eastern-mediterranean,128,18.81200408935547,19.800147825671782
eastern-mediterranean,129,18.90030288696289,19.89770569955149
eastern-mediterranean,130,18.98980140686035,19.994057076977146
eastern-mediterranean,131,19.080394744873047,20.0927323802825
eastern-mediterranean,132,19.172040939331055,20.190898113866005
eastern-mediterranean,133,19.264692306518555,20.28905489521642
eastern-mediterranean,134,19.358301162719727,20.3888293604697
eastern-mediterranean,135,19.452714920043945,20.48557865388932
eastern-mediterranean,136,19.5478515625,20.58150597233926
eastern-mediterranean,137,19.643728256225586,20.67710685729981
eastern-mediterranean,138,19.740478515625,20.774127234182053
eastern-mediterranean,139,19.838376998901367,20.87161237655148
eastern-mediterranean,140,19.937467575073242,20.970000414694507
eastern-mediterranean,141,20.037734985351562,21.069682988812843
eastern-mediterranean,142,20.13917350769043,21.171141470632243
eastern-mediterranean,143,20.241695404052734,21.274499800897413
eastern-mediterranean,144,20.345258712768555,21.377618968102237
eastern-mediterranean,145,20.449857711791992,21.484777641296386
eastern-mediterranean,146,20.555490493774414,21.593165114618117
eastern-mediterranean,147,20.662317276000977,21.705580520629884
eastern-mediterranean,148,20.770462036132812,21.818200056014526
eastern-mediterranean,149,20.87984275817871,21.933651585732736
eastern-mediterranean,150,20.990123748779297,22.04948763693533
eastern-mediterranean,151,21.101224899291992,22.164720006142897
eastern-mediterranean,152,21.21306610107422,22.279313093616118
eastern-mediterranean,153,21.325641632080078,22.395484641290487
eastern-mediterranean,154,21.439035415649414,22.51050941713395
eastern-mediterranean,155,21.553075790405273,22.626871619686007
eastern-mediterranean,156,21.66765022277832,22.74105612847113
eastern-mediterranean,157,21.782833099365234,22.85508822779502
eastern-mediterranean,158,21.89851951599121,22.970464177285475
eastern-mediterranean,159,22.014450073242188,23.08913975377237
eastern-mediterranean,160,22.130395889282227,23.207871473989176
eastern-mediterranean,161,22.246294021606445,23.32932315949471
eastern-mediterranean,162,22.362028121948242,23.449043464660647
eastern-mediterranean,163,22.47754669189453,23.568510793870498
eastern-mediterranean,164,22.592823028564453,23.688984790925062
eastern-mediterranean,165,22.70768165588379,23.80823919234738
eastern-mediterranean,166,22.822355270385742,23.928945676742067
eastern-mediterranean,167,22.936870574951172,24.04800178158668
eastern-mediterranean,168,23.051000595092773,24.167583237924887
eastern-mediterranean,169,23.164424896240234,24.285908852854085
eastern-mediterranean,170,23.276958465576172,24.40232605472688
eastern-mediterranean,171,23.388540267944336,24.517424269645442
eastern-mediterranean,172,23.499019622802734,24.627784427519767
eastern-mediterranean,173,23.608339309692383,24.73457668673608
eastern-mediterranean,174,23.716463088989258,24.83905915291079
eastern-mediterranean,175,23.823307037353516,24.944964722664125
eastern-mediterranean,176,23.928775787353516,25.047013805758567
eastern-mediterranean,177,24.032546997070312,25.149412955007246
eastern-mediterranean,178,24.13425636291504,25.2462661066363
eastern-mediterranean,179,24.233577728271484,25.34144227427821
eastern-mediterranean,180,24.330392837524414,25.433134700405983
eastern-mediterranean,181,24.424819946289062,25.522313419465103
eastern-mediterranean,182,24.51692771911621,25.609852876970848
eastern-mediterranean,183,24.606876373291016,25.69315421196723
eastern-mediterranean,184,24.69463539123535,25.77452547627111
eastern-mediterranean,185,24.780073165893555,25.85470493685815
eastern-mediterranean,186,24.863195419311523,25.93068760902651
eastern-mediterranean,187,24.9439697265625,26.005310919977
eastern-mediterranean,188,25.022459030151367,26.07854098658407
eastern-mediterranean,189,25.098873138427734,26.14948526813137
eastern-mediterranean,190,25.17357635498047,26.215620570028975
eastern-mediterranean,191,25.246929168701172,26.279473310901267
eastern-mediterranean,192,25.318950653076172,26.34151312305081
eastern-mediterranean,193,25.38945770263672,26.40099656504969
eastern-mediterranean,194,25.458219528198242,26.457365915852208
eastern-mediterranean,195,25.52526092529297,26.51119817303073
eastern-mediterranean,196,25.590700149536133,26.564340357626637
eastern-mediterranean,197,25.654489517211914,26.615210114755943
eastern-mediterranean,198,25.716737747192383,26.666859399118735
eastern-mediterranean,199,25.77760887145996,26.71744977274249
eastern-mediterranean,200,25.837251663208008,26.76634937409432
eastern-mediterranean,201,25.895626068115234,26.81573242064446
eastern-mediterranean,202,25.952468872070312,26.864598729533537
eastern-mediterranean,203,26.007640838623047,26.913625064972912
eastern-mediterranean,204,26.061199188232422,26.96389821575534
eastern-mediterranean,205,26.113313674926758,27.01215128744802
eastern-mediterranean,206,26.163936614990234,27.059465334492344
eastern-mediterranean,207,26.213071823120117,27.105717203694002
eastern-mediterranean,208,26.260847091674805,27.146611921248898
eastern-mediterranean,209,26.30735206604004,27.187438657206872
eastern-mediterranean,210,26.352603912353516,27.22752348992132
eastern-mediterranean,211,26.39661979675293,27.266894229765857
eastern-mediterranean,212,26.439334869384766,27.304857795469214
eastern-mediterranean,213,26.480873107910156,27.34118941522413
eastern-mediterranean,214,26.521310806274414,27.37693144890569
eastern-mediterranean,215,26.560754776000977,27.41150844943138
eastern-mediterranean,216,26.599218368530273,27.445147465121355
eastern-mediterranean,217,26.63668441772461,27.47844453627063
eastern-mediterranean,218,26.673105239868164,27.511317179279935
eastern-mediterranean,219,26.70829200744629,27.542810612340123
eastern-mediterranean,220,26.742048263549805,27.571515415560814
eastern-mediterranean,221,26.77414321899414,27.599156736558484
eastern-mediterranean,222,26.80423355102539,27.625555499907467
eastern-mediterranean,223,26.83217430114746,27.649093246459966
eastern-mediterranean,224,26.85802459716797,27.669359736288747
eastern-mediterranean,225,26.88168716430664,27.68788023917906
eastern-mediterranean,226,26.90289306640625,27.70381474033479
eastern-mediterranean,227,26.921485900878906,27.71739514873874
eastern-mediterranean,228,26.937440872192383,27.728334414574405
eastern-mediterranean,229,26.950687408447266,27.737431956875707
eastern-mediterranean,230,26.961143493652344,27.744627423440257
eastern-mediterranean,231,26.968782424926758,27.74986258476011
eastern-mediterranean,232,26.973594665527344,27.751440300480013
eastern-mediterranean,233,26.97581672668457,27.751999024421938
eastern-mediterranean,234,26.9757080078125,27.74966871200069
eastern-mediterranean,235,26.973134994506836,27.744734376476657
eastern-mediterranean,236,26.968067169189453,27.738413515398584
eastern-mediterranean,237,26.96072769165039,27.727743259552987
eastern-mediterranean,238,26.951231002807617,27.715445801519575
eastern-mediterranean,239,26.93956756591797,27.700749348055936
eastern-mediterranean,240,26.925756454467773,27.6841119704708
eastern-mediterranean,241,26.909988403320312,27.665540356789865
eastern-mediterranean,242,26.892351150512695,27.646506518702356
eastern-mediterranean,243,26.872974395751953,27.62693757703228
eastern-mediterranean,244,26.85167121887207,27.607272049688525
eastern-mediterranean,245,26.828250885009766,27.58671574131135
eastern-mediterranean,246,26.802684783935547,27.56555429274036
eastern-mediterranean,247,26.774991989135742,27.543274350320143
eastern-mediterranean,248,26.745119094848633,27.52092394674978
eastern-mediterranean,249,26.713109970092773,27.4966526339131
eastern-mediterranean,250,26.67912483215332,27.466436712203485
eastern-mediterranean,251,26.643260955810547,27.434914681219283
eastern-mediterranean,252,26.605484008789062,27.399623987751617
eastern-mediterranean,253,26.565929412841797,27.36284847874795
eastern-mediterranean,254,26.524677276611328,27.32505370109312
eastern-mediterranean,255,26.481962203979492,27.287598062330673
eastern-mediterranean,256,26.438016891479492,27.249088718045144
eastern-mediterranean,257,26.39299964904785,27.209814133182643
eastern-mediterranean,258,26.347000122070312,27.169797675840314
eastern-mediterranean,259,26.3000431060791,27.129727203615246
eastern-mediterranean,260,26.25218391418457,27.08723418943343
eastern-mediterranean,261,26.203401565551758,27.042539227393362
eastern-mediterranean,262,26.15369415283203,26.996179131538632
eastern-mediterranean,263,26.103116989135742,26.94752346161873
eastern-mediterranean,264,26.051563262939453,26.897649445072297
eastern-mediterranean,265,25.999027252197266,26.845618506400815
eastern-mediterranean,266,25.945728302001953,26.792877634109992
eastern-mediterranean,267,25.89171028137207,26.73762644490888
eastern-mediterranean,268,25.83693504333496,26.68367115143807
eastern-mediterranean,269,25.781469345092773,26.629215609642767
eastern-mediterranean,270,25.725358963012695,26.573497673772994
eastern-mediterranean,271,25.66859245300293,26.517120785867018
eastern-mediterranean,272,25.611103057861328,26.460827089125107
eastern-mediterranean,273,25.552949905395508,26.402816144881708
eastern-mediterranean,274,25.49408531188965,26.344311400382747
eastern-mediterranean,275,25.43461036682129,26.284639998405208
eastern-mediterranean,276,25.374462127685547,26.22432065163889
eastern-mediterranean,277,25.31350326538086,26.163319630776677
eastern-mediterranean,278,25.25173568725586,26.101890730088755
eastern-mediterranean,279,25.1892147064209,26.03848179232689
eastern-mediterranean,280,25.12594223022461,25.97482056156281
eastern-mediterranean,281,25.061857223510742,25.91503839800434
eastern-mediterranean,282,24.996910095214844,25.853166924753495
eastern-mediterranean,283,24.931123733520508,25.793503675153172
eastern-mediterranean,284,24.864431381225586,25.732843922030536
eastern-mediterranean,285,24.7968692779541,25.669367211864838
eastern-mediterranean,286,24.728336334228516,25.60564712401359
eastern-mediterranean,287,24.658794403076172,25.540990780245874
eastern-mediterranean,288,24.58820152282715,25.4744758113738
eastern-mediterranean,289,24.516525268554688,25.406295167246167
eastern-mediterranean,290,24.443822860717773,25.3350291959701
eastern-mediterranean,291,24.370121002197266,25.263870085439375
eastern-mediterranean,292,24.295455932617188,25.1933901017712
eastern-mediterranean,293,24.219873428344727,25.122772899750743
eastern-mediterranean,294,24.143394470214844,25.05286409931798
eastern-mediterranean,295,24.06620216369629,24.980409935982
eastern-mediterranean,296,23.9882755279541,24.909257876488475
eastern-mediterranean,297,23.90946388244629,24.835944692550168
eastern-mediterranean,298,23.82968521118164,24.761142090828198
eastern-mediterranean,299,23.748859405517578,24.68441078432145
eastern-mediterranean,300,23.666948318481445,24.603982033268103
eastern-mediterranean,301,23.58395004272461,24.5213214443576
eastern-mediterranean,302,23.499919891357422,24.437638399677894
eastern-mediterranean,303,23.414960861206055,24.35337039578346
eastern-mediterranean,304,23.329069137573242,24.26751707138554
eastern-mediterranean,305,23.242298126220703,24.17954144631663
eastern-mediterranean,306,23.15447425842285,24.090582712234994
eastern-mediterranean,307,23.065664291381836,24.00061142829157
eastern-mediterranean,308,22.97610092163086,23.908891739383822
eastern-mediterranean,309,22.885940551757812,23.815788699734597
eastern-mediterranean,310,22.795337677001953,23.721209581436646
eastern-mediterranean,311,22.70426368713379,23.625506204174407
eastern-mediterranean,312,22.6127986907959,23.529637841255433
eastern-mediterranean,313,22.52096939086914,23.43482586030037
eastern-mediterranean,314,22.428796768188477,23.33888754690847
eastern-mediterranean,315,22.336347579956055,23.243630556906417
eastern-mediterranean,316,22.2436580657959,23.14941045084307
eastern-mediterranean,317,22.15090560913086,23.053442112092046
eastern-mediterranean,318,22.058164596557617,22.95807419438516
eastern-mediterranean,319,21.965463638305664,22.862427182351386
eastern-mediterranean,320,21.872827529907227,22.76713219304238
eastern-mediterranean,321,21.780208587646484,22.671240788121374
eastern-mediterranean,322,21.687583923339844,22.575661136258034
eastern-mediterranean,323,21.594995498657227,22.478582517562376
eastern-mediterranean,324,21.502450942993164,22.380654741102646
eastern-mediterranean,325,21.410032272338867,22.281811258869787
eastern-mediterranean,326,21.317625045776367,22.18447677858414
eastern-mediterranean,327,21.225147247314453,22.08682204215757
eastern-mediterranean,328,21.13262176513672,21.988295948889945
eastern-mediterranean,329,21.040056228637695,21.890066589847688
eastern-mediterranean,330,20.947498321533203,21.791454456698506
eastern-mediterranean,331,20.85500144958496,21.69501339081795
eastern-mediterranean,332,20.762643814086914,21.60097212022351
eastern-mediterranean,333,20.670455932617188,21.50579101193336
eastern-mediterranean,334,20.57832145690918,21.4090043283278
eastern-mediterranean,335,20.486190795898438,21.311746443471606
eastern-mediterranean,336,20.3940372467041,21.215207112220032
eastern-mediterranean,337,20.30211639404297,21.11821383199385
eastern-mediterranean,338,20.210647583007812,21.019986140343455
eastern-mediterranean,339,20.119644165039062,20.92272233655376
eastern-mediterranean,340,20.0291805267334,20.8257216976535
eastern-mediterranean,341,19.939208984375,20.730326744817923
eastern-mediterranean,342,19.84976577758789,20.635719379302
eastern-mediterranean,343,19.76082992553711,20.54118562513782
eastern-mediterranean,344,19.67245101928711,20.44696993058728
eastern-mediterranean,345,19.58475112915039,20.351895947610178
eastern-mediterranean,346,19.497844696044922,20.25672278865691
eastern-mediterranean,347,19.411741256713867,20.162269629201578
eastern-mediterranean,348,19.32636833190918,20.069871213359214
eastern-mediterranean,349,19.24172019958496,19.97793410516554
eastern-mediterranean,350,19.157875061035156,19.887503082521498
eastern-mediterranean,351,19.074888229370117,19.795418979275613
eastern-mediterranean,352,18.992338180541992,19.701677513122558
eastern-mediterranean,353,18.91087532043457,19.60807108725271
eastern-mediterranean,354,18.830585479736328,19.516674146344585
eastern-mediterranean,355,18.751543045043945,19.426716256910755
eastern-mediterranean,356,18.673730850219727,19.33878987220026
eastern-mediterranean,357,18.597244262695312,19.252668872956306
eastern-mediterranean,358,18.522119522094727,19.168976266922495
eastern-mediterranean,359,18.44843101501465,19.0889053406254
eastern-mediterranean,360,18.376270294189453,19.011039130918444
eastern-mediterranean,361,18.305606842041016,18.93495160994992
eastern-mediterranean,362,18.23638343811035,18.858723578914518
eastern-mediterranean,363,18.168636322021484,18.783470750624133
eastern-mediterranean,364,18.102399826049805,18.710832792712797
eastern-mediterranean,365,18.0377254486084,18.639796170880718
eastern-mediterranean,366,17.97468376159668,18.570841118597215
english-channel,1,10.685718536376953,11.615997292918546
english-channel,2,10.64081859588623,11.570494208797333
english-channel,3,10.596587181091309,11.524152974159488
english-channel,4,10.552806854248047,11.478311443328858
english-channel,5,10.509289741516113,11.431811831074375
english-channel,6,10.46606731414795,11.385649598029353
english-channel,7,10.42315673828125,11.339325815631499
english-channel,8,10.380576133728027,11.294572851734776
english-channel,9,10.338532447814941,11.25036837670111
english-channel,10,10.29677677154541,11.206073564098727
english-channel,11,10.255398750305176,11.160849032863496
english-channel,12,10.2146577835083,11.116602993011476
english-channel,13,10.174641609191895,11.073277861072174
english-channel,14,10.135385513305664,11.02964718418737
english-channel,15,10.096842765808105,10.986394571488907
english-channel,16,10.059123039245605,10.9444497846788
english-channel,17,10.023173332214355,10.906313317821873
english-channel,18,9.98807430267334,10.868851864722467
english-channel,19,9.953680038452148,10.832036381383096
english-channel,20,9.91979694366455,10.795943484767792
english-channel,21,9.886476516723633,10.761656853460497
english-channel,22,9.853677749633789,10.728022581531157
english-channel,23,9.82131290435791,10.695176395293208
english-channel,24,9.789401054382324,10.662771298808439
english-channel,25,9.75796127319336,10.63125306713966
english-channel,26,9.727059364318848,10.600231444451122
english-channel,27,9.696581840515137,10.570197585321244
english-channel,28,9.666468620300293,10.540172444620442
english-channel,29,9.636695861816406,10.509451641574984
english-channel,30,9.607330322265625,10.478617062107212
english-channel,31,9.57850456237793,10.448475283961143
english-channel,32,9.55024242401123,10.419960043507238
english-channel,33,9.522444725036621,10.393036740826021
english-channel,34,9.495157241821289,10.367570950908046
english-channel,35,9.46830940246582,10.342943265361171
english-channel,36,9.442005157470703,10.319512194971885
english-channel,37,9.416242599487305,10.296534624407368
english-channel,38,9.391068458557129,10.27437460191788
english-channel,39,9.366546630859375,10.25310682481335
english-channel,40,9.342633247375488,10.232598243221158
english-channel,41,9.319513320922852,10.214164087849277
english-channel,42,9.297027587890625,10.197530949500297
english-channel,43,9.27514934539795,10.181123468952794
english-channel,44,9.254005432128906,10.164437647788755
english-channel,45,9.235259056091309,10.148067473339777
english-channel,46,9.215693473815918,10.130552881507462
english-channel,47,9.19692325592041,10.11202020542596
english-channel,48,9.17871379852295,10.093865611989012
english-channel,49,9.16100025177002,10.076274575469315
english-channel,50,9.143991470336914,10.05907187513126
english-channel,51,9.12774658203125,10.042300432471817
english-channel,52,9.112303733825684,10.025485437659807
english-channel,53,9.097723960876465,10.008487592717652
english-channel,54,9.084061622619629,9.991637225817609
english-channel,55,9.071235656738281,9.97654261640323
english-channel,56,9.059207916259766,9.961749232712613
english-channel,57,9.047935485839844,9.947074692223662
english-channel,58,9.03731918334961,9.93239383902601
english-channel,59,9.02751350402832,9.918775419009629
english-channel,60,9.01870346069336,9.906327145074004
english-channel,61,9.010910987854004,9.8953585245276
english-channel,62,9.004119873046875,9.885228814360916
english-channel,63,8.998311996459961,9.875148298407114
english-channel,64,8.993561744689941,9.865457899852466
english-channel,65,8.989906311035156,9.857268144751108
english-channel,66,8.987449645996094,9.849308594324256
english-channel,67,8.986207962036133,9.841954965488885
english-channel,68,8.98631763458252,9.837195124677432
english-channel,69,8.988032341003418,9.833986973506148
english-channel,70,8.991434097290039,9.832386468046455
english-channel,71,8.996330261230469,9.832486333129225
english-channel,72,9.002567291259766,9.835364860616705
english-channel,73,9.01043701171875,9.84112730538973
english-channel,74,9.019926071166992,9.848654982864213
english-channel,75,9.030767440795898,9.858594739565282
english-channel,76,9.041248321533203,9.870061997444399
english-channel,77,9.054764747619629,9.884700030665245
english-channel,78,9.069833755493164,9.901911929345902
english-channel,79,9.086652755737305,9.921010626516034
english-channel,80,9.105118751525879,9.94087747143161
english-channel,81,9.1249361038208,9.961091918330041
english-channel,82,9.146098136901855,9.981541362885507
english-channel,83,9.16845417022705,10.00313106967557
english-channel,84,9.19168758392334,10.02650663929601
english-channel,85,9.215777397155762,10.05076051527454
english-channel,86,9.240799903869629,10.074384532436248
english-channel,87,9.26673698425293,10.098690586705361
english-channel,88,9.293517112731934,10.123365060744748
english-channel,89,9.321268081665039,10.149264027995448
english-channel,90,9.349968910217285,10.175915918042582
english-channel,91,9.379462242126465,10.206574676882836
english-channel,92,9.4097261428833,10.239224787681332
english-channel,93,9.440810203552246,10.272002395506826
english-channel,94,9.472862243652344,10.306185937696888
english-channel,95,9.505952835083008,10.34113894431822
english-channel,96,9.539958953857422,10.375564848992132
english-channel,97,9.574917793273926,10.41052636177309
english-channel,98,9.61079216003418,10.446431615275722
english-channel,99,9.64752197265625,10.480911476381365
english-channel,100,9.684813499450684,10.515111366395029
english-channel,101,9.722334861755371,10.551746940612794
english-channel,102,9.760221481323242,10.589005288770123
english-channel,103,9.798638343811035,10.624862409407093
english-channel,104,9.837359428405762,10.65950525037704
english-channel,105,9.876485824584961,10.693588749054939
english-channel,106,9.91623592376709,10.727379349739321
english-channel,107,9.956780433654785,10.76213317071238
english-channel,108,9.998077392578125,10.798193725462886
english-channel,109,10.039989471435547,10.836768193398754
english-channel,110,10.082343101501465,10.876025141439133
english-channel,111,10.12514877319336,10.916013339258011
english-channel,112,10.168608665466309,10.958211711145218
english-channel,113,10.212801933288574,11.001570513940628
english-channel,114,10.257899284362793,11.046034969822054
english-channel,115,10.304174423217773,11.091597157139931
english-channel,116,10.351414680480957,11.137915454372282
english-channel,117,10.399510383605957,11.187196593130789
english-channel,118,10.448229789733887,11.23827157789661
english-channel,119,10.49769401550293,11.291585833026515
english-channel,120,10.548042297363281,11.346386131163564
english-channel,121,10.59934139251709,11.401613053967871
english-channel,122,10.651740074157715,11.454339421179984
english-channel,123,10.705239295959473,11.506983978517592
english-channel,124,10.759929656982422,11.560725101347892
english-channel,125,10.815910339355469,11.616774205238587
english-channel,126,10.873228073120117,11.677393377980877
english-channel,127,10.931839942932129,11.740173773611744
english-channel,128,10.99162483215332,11.804469357767413
english-channel,129,11.052565574645996,11.86986186119818
english-channel,130,11.114556312561035,11.938490892225696
english-channel,131,11.177704811096191,12.00824514512093
english-channel,132,11.24230670928955,12.076741390843548
english-channel,133,11.30832290649414,12.148029416607276
english-channel,134,11.375585556030273,12.219642349981493
english-channel,135,11.443906784057617,12.290529647950203
english-channel,136,11.512944221496582,12.36216598633797
english-channel,137,11.582528114318848,12.436169522808443
english-channel,138,11.652334213256836,12.509048424997637
english-channel,139,11.722367286682129,12.580548837107996
english-channel,140,11.792913436889648,12.650893528230728
english-channel,141,11.864161491394043,12.721453279064551
english-channel,142,11.936058044433594,12.792827181662284
english-channel,143,12.008381843566895,12.865194292991394
english-channel,144,12.081010818481445,12.939287893233761
english-channel,145,12.153780937194824,13.013499389156221
english-channel,146,12.226648330688477,13.08755815875146
english-channel,147,12.299744606018066,13.16398615375642
english-channel,148,12.373065948486328,13.237984183526809
english-channel,149,12.447308540344238,13.312906852845225
english-channel,150,12.522668838500977,13.388238869943928
english-channel,151,12.59898853302002,13.46312211867302
english-channel,152,12.675848007202148,13.538094695921869
english-channel,153,12.7528076171875,13.61270806712489
english-channel,154,12.829744338989258,13.686794373296921
english-channel,155,12.906532287597656,13.76231582087855
english-channel,156,12.983296394348145,13.836174094292424
english-channel,157,13.05998420715332,13.9101697029606
english-channel,158,13.136467933654785,13.985931796412315
english-channel,159,13.212714195251465,14.063708834494314
english-channel,160,13.28857421875,14.142745759410243
english-channel,161,13.363752365112305,14.219685991348761
english-channel,162,13.438094139099121,14.296335952512681
english-channel,163,13.511775016784668,14.371520414660056
english-channel,164,13.584944725036621,14.444639799671789
english-channel,165,13.657630920410156,14.518073955658945
english-channel,166,13.730165481567383,14.59399245169855
english-channel,167,13.802508354187012,14.67043591468565
english-channel,168,13.874728202819824,14.745336800236855
english-channel,169,13.947129249572754,14.822340103887743
english-channel,170,14.019743919372559,14.900074475811373
english-channel,171,14.092266082763672,14.977984169990787
english-channel,172,14.164612770080566,15.05604611058389
english-channel,173,14.236711502075195,15.134607819587952
english-channel,174,14.308526039123535,15.213045000260877
english-channel,175,14.380213737487793,15.293367622744654
english-channel,176,14.451800346374512,15.374842148442424
english-channel,177,14.523063659667969,15.457252603961578
english-channel,178,14.59404182434082,15.537010220558413
english-channel,179,14.664664268493652,15.616436675287064
english-channel,180,14.734384536743164,15.692965901282527
english-channel,181,14.80299186706543,15.767041840091828
english-channel,182,14.870474815368652,15.839438219993344
english-channel,183,14.93715763092041,15.910896645822833
english-channel,184,15.003562927246094,15.98350118821667
english-channel,185,15.069759368896484,16.056003739756918
english-channel,186,15.13569450378418,16.12741198693552
english-channel,187,15.201277732849121,16.19861268689555
english-channel,188,15.266414642333984,16.265784897342805
english-channel,189,15.331206321716309,16.329389473699752
english-channel,190,15.39560604095459,16.390258247621595
english-channel,191,15.459782600402832,16.45234434681554
english-channel,192,15.523865699768066,16.516616609019618
english-channel,193,15.587991714477539,16.58107495154104
english-channel,194,15.65180492401123,16.646416374944874
english-channel,195,15.714837074279785,16.710927326448505
english-channel,196,15.777098655700684,16.776455017828177
english-channel,197,15.838500022888184,16.839021578142724
english-channel,198,15.899103164672852,16.900101409419893
english-channel,199,15.958961486816406,16.95990236651513
english-channel,200,16.017969131469727,17.01777754137593
english-channel,201,16.076026916503906,17.07509192189863
english-channel,202,16.132993698120117,17.131706108585483
english-channel,203,16.188922882080078,17.18674435769358
english-channel,204,16.243785858154297,17.24030239966608
english-channel,205,16.297466278076172,17.291081994579688
english-channel,206,16.349830627441406,17.33763808588828
english-channel,207,16.400896072387695,17.3828686744936
english-channel,208,16.450824737548828,17.424635333399618
english-channel,209,16.499576568603516,17.464848321483977
english-channel,210,16.546926498413086,17.50248861620503
english-channel,211,16.59295082092285,17.538457156765844
english-channel,212,16.637548446655273,17.57346907584898
english-channel,213,16.6806640625,17.607696096358758
english-channel,214,16.72212028503418,17.64177054128339
english-channel,215,16.761655807495117,17.674027061462404
english-channel,216,16.799352645874023,17.705022227379583
english-channel,217,16.835195541381836,17.733779716491696
english-channel,218,16.868867874145508,17.760621323124052
english-channel,219,16.900161743164062,17.785835801401443
english-channel,220,16.929094314575195,17.810145888790007
english-channel,221,16.955875396728516,17.833023668104598
english-channel,222,16.98023223876953,17.850832797634986
english-channel,223,17.002317428588867,17.863994050795025
english-channel,224,17.022214889526367,17.87442148270145
english-channel,225,17.040019989013672,17.882312122468026
english-channel,226,17.056047439575195,17.88659804559523
english-channel,227,17.070356369018555,17.887536313456874
english-channel,228,17.08295249938965,17.88840071155179
english-channel,229,17.09398078918457,17.88879248096097
english-channel,230,17.103443145751953,17.88801890342466
english-channel,231,17.111183166503906,17.886675951557773
english-channel,232,17.117076873779297,17.883092812568908
english-channel,233,17.121410369873047,17.877175361879406
english-channel,234,17.124059677124023,17.870276045030163
english-channel,235,17.124929428100586,17.861872223884827
english-channel,236,17.124086380004883,17.852895730541597
english-channel,237,17.12160301208496,17.843045511553363
english-channel,238,17.117435455322266,17.831037810540966
english-channel,239,17.111568450927734,17.817834841820503
english-channel,240,17.1038818359375,17.80390219534597
english-channel,241,17.094511032104492,17.79021423093734
english-channel,242,17.08345603942871,17.777090527934416
english-channel,243,17.0709228515625,17.76395293205015
english-channel,244,17.056964874267578,17.74989232094057
english-channel,245,17.041805267333984,17.735295954058248
english-channel,246,17.025527954101562,17.718209949616462
english-channel,247,17.008106231689453,17.6997962274859
english-channel,248,16.989425659179688,17.68070192644673
english-channel,249,16.969562530517578,17.66013842551939
english-channel,250,16.948707580566406,17.638721656799323
english-channel,251,16.927003860473633,17.61664943695068
english-channel,252,16.904504776000977,17.593426876683388
english-channel,253,16.881563186645508,17.57028964873283
english-channel,254,16.858158111572266,17.547148852194507
english-channel,255,16.83405113220215,17.524286965400943
english-channel,256,16.809101104736328,17.50112428972798
english-channel,257,16.78336524963379,17.478935986180456
english-channel,258,16.756807327270508,17.456568933302357
english-channel,259,16.72927474975586,17.43315222955519
english-channel,260,16.70074462890625,17.408907988763627
english-channel,261,16.671043395996094,17.384448519060687
english-channel,262,16.64026641845703,17.358539378258488
english-channel,263,16.608320236206055,17.331651176944856
english-channel,264,16.575111389160156,17.300713391457833
english-channel,265,16.540817260742188,17.265868919126447
english-channel,266,16.50577163696289,17.228864042220575
english-channel,267,16.47007179260254,17.19076528856831
english-channel,268,16.433570861816406,17.150832809940457
english-channel,269,16.39626121520996,17.108873041214483
english-channel,270,16.35820960998535,17.066566516507056
english-channel,271,16.319622039794922,17.02450587364935
english-channel,272,16.280624389648438,16.98285524922032
english-channel,273,16.241168975830078,16.940361459793582
english-channel,274,16.20117950439453,16.89778622042748
english-channel,275,16.160503387451172,16.854943207771544
english-channel,276,16.118925094604492,16.81149402126189
english-channel,277,16.076313018798828,16.768278386515952
english-channel,278,16.032672882080078,16.724897649211265
english-channel,279,15.98812198638916,16.680670166015624
english-channel,280,15.942784309387207,16.635469338201705
english-channel,281,15.896626472473145,16.589983629411265
english-channel,282,15.849566459655762,16.543834550919073
english-channel,283,15.801591873168945,16.49711597504154
english-channel,284,15.752683639526367,16.449004133286014
english-channel,285,15.703020095825195,16.40058894618865
english-channel,286,15.652691841125488,16.351442503160044
english-channel,287,15.601568222045898,16.301561567860265
english-channel,288,15.549510955810547,16.250433700315412
english-channel,289,15.496419906616211,16.19796679096837
english-channel,290,15.442590713500977,16.145137977600097
english-channel,291,15.38814640045166,16.09055203776206
english-channel,292,15.333211898803711,16.034160084878245
english-channel,293,15.277774810791016,15.978292471362698
english-channel,294,15.22183895111084,15.921090002982845
english-channel,295,15.16527271270752,15.86514720609111
english-channel,296,15.107855796813965,15.811368634623866
english-channel,297,15.049515724182129,15.757627339516919
english-channel,298,14.990464210510254,15.703085628632577
english-channel,299,14.930798530578613,15.648777863287158
english-channel,300,14.870692253112793,15.594009934702228
english-channel,301,14.810070991516113,15.538892081476028
english-channel,302,14.74875545501709,15.481781288885303
english-channel,303,14.686729431152344,15.422836679027926
english-channel,304,14.62401294708252,15.363183670659218
english-channel,305,14.560600280761719,15.303172431453582
english-channel,306,14.49669075012207,15.242524448517829
english-channel,307,14.432291984558105,15.181311616589946
english-channel,308,14.367453575134277,15.119860682948943
english-channel,309,14.302157402038574,15.058421067268617
english-channel,310,14.236528396606445,14.997077477362849
english-channel,311,14.170417785644531,14.935806941986083
english-channel,312,14.103874206542969,14.874338876047442
english-channel,313,14.03691577911377,14.811789795660204
english-channel,314,13.969483375549316,14.749308281560099
english-channel,315,13.901589393615723,14.684971418688374
english-channel,316,13.833260536193848,14.62026529312134
english-channel,317,13.764561653137207,14.55471586719636
english-channel,318,13.695867538452148,14.488547223614109
english-channel,319,13.627275466918945,14.42196246424029
english-channel,320,13.558915138244629,14.356296154760546
english-channel,321,13.49051284790039,14.288128234494119
english-channel,322,13.422045707702637,14.2221264285426
english-channel,323,13.353411674499512,14.15727563981087
english-channel,324,13.284573554992676,14.090693981416765
english-channel,325,13.215727806091309,14.024158757732762
english-channel,326,13.146918296813965,13.959007109365157
english-channel,327,13.078261375427246,13.893230327483147
english-channel,328,13.009716033935547,13.828469513308617
english-channel,329,12.941123962402344,13.763282259048955
english-channel,330,12.872523307800293,13.698020984280495
english-channel,331,12.803814888000488,13.633502400305964
english-channel,332,12.735191345214844,13.568896262876448
english-channel,333,12.666887283325195,13.50583411493609
english-channel,334,12.598834991455078,13.442302242402107
english-channel,335,12.531168937683105,13.379450921089418
english-channel,336,12.46398639678955,13.31590179012668
english-channel,337,12.397438049316406,13.253424909037928
english-channel,338,12.331636428833008,13.191392701671973
english-channel,339,12.266695976257324,13.130389038208993
english-channel,340,12.202641487121582,13.069811701005507
english-channel,341,12.139311790466309,13.009249539529126
english-channel,342,12.076703071594238,12.949984931945801
english-channel,343,12.014781951904297,12.88934360934842
english-channel,344,11.953425407409668,12.829079597227038
english-channel,345,11.892790794372559,12.768126958416355
english-channel,346,11.832765579223633,12.709414943572016
english-channel,347,11.773049354553223,12.650169517147924
english-channel,348,11.71349048614502,12.591298269456434
english-channel,349,11.653960227966309,12.533805708731377
english-channel,350,11.594602584838867,12.47836678412653
english-channel,351,11.535331726074219,12.421956800645399
english-channel,352,11.47544002532959,12.364872151036415
english-channel,353,11.415966033935547,12.30732578769807
english-channel,354,11.357158660888672,12.250242710113527
english-channel,355,11.299230575561523,12.194689649151218
english-channel,356,11.242094993591309,12.14008326684275
english-channel,357,11.185859680175781,12.08708924016645
english-channel,358,11.130636215209961,12.035826630746165
english-channel,359,11.076627731323242,11.985515806751868
english-channel,360,11.023957252502441,11.936638850550498
english-channel,361,10.972441673278809,11.88882812376945
english-channel,362,10.922139167785645,11.841822387326147
english-channel,363,10.872942924499512,11.795710009913291
english-channel,364,10.824739456176758,11.749580595570226
english-channel,365,10.777573585510254,11.705005741119384
english-channel,366,10.731274604797363,11.660536935252527
greenland-sea,1,1.397612452507019,1.910107123082684
greenland-sea,2,1.3837159872055054,1.894015968230463
greenland-sea,3,1.3702524900436401,1.8780486806746455
greenland-sea,4,1.357344627380371,1.863264657220533
greenland-sea,5,1.3450510501861572,1.8501122828452818
greenland-sea,6,1.3333816528320312,1.8381405841919687
greenland-sea,7,1.3221932649612427,1.8275968543944823
greenland-sea,8,1.3112677335739136,1.8180961743477853
greenland-sea,9,1.3005141019821167,1.8095461299342492
greenland-sea,10,1.2898876667022705,1.8015396579619376
greenland-sea,11,1.279386281967163,1.7941153764724733
greenland-sea,12,1.2690565586090088,1.7869127492750845
greenland-sea,13,1.2589166164398193,1.7814386613907354
greenland-sea,14,1.2489709854125977,1.776341909362424
greenland-sea,15,1.239227533340454,1.771370787005271
greenland-sea,16,1.2296935319900513,1.7663518309593202
greenland-sea,17,1.2208541631698608,1.7610922705742622
greenland-sea,18,1.2125349044799805,1.7556840512060352
greenland-sea,19,1.204730749130249,1.7501237684680573
greenland-sea,20,1.1974519491195679,1.744763488154258
greenland-sea,21,1.190557599067688,1.7401872484914722
greenland-sea,22,1.1841294765472412,1.736455534350488
greenland-sea,23,1.1781152486801147,1.7323669641248645
greenland-sea,24,1.1725420951843262,1.7286641386247454
greenland-sea,25,1.1673632860183716,1.7256247443537562
greenland-sea,26,1.1625328063964844,1.7222383191508632
greenland-sea,27,1.1579210758209229,1.7184511465411036
greenland-sea,28,1.1534937620162964,1.7152383285184063
greenland-sea,29,1.148911952972412,1.7102062121514354
greenland-sea,30,1.1441346406936646,1.7036866022694497
greenland-sea,31,1.1391301155090332,1.6960147323146944
greenland-sea,32,1.1340253353118896,1.6878807060180174
greenland-sea,33,1.1288267374038696,1.679770350840784
greenland-sea,34,1.1234840154647827,1.67262706833501
greenland-sea,35,1.1180123090744019,1.6651936746412705
greenland-sea,36,1.1124358177185059,1.6572440062799758
greenland-sea,37,1.1067280769348145,1.6490712073541454
greenland-sea,38,1.1009089946746826,1.640508872462857
greenland-sea,39,1.0949207544326782,1.6318105859141192
greenland-sea,40,1.0888981819152832,1.6235923128743324
greenland-sea,41,1.082907795906067,1.6151309586340379
greenland-sea,42,1.0770399570465088,1.6071397173789237
greenland-sea,43,1.0712867975234985,1.5994200052753569
greenland-sea,44,1.065635323524475,1.5919276833534242
greenland-sea,45,1.0596290826797485,1.5826698607014071
greenland-sea,46,1.054299235343933,1.5751816953382183
greenland-sea,47,1.0490220785140991,1.567578762961972
greenland-sea,48,1.0437766313552856,1.5594529928699619
greenland-sea,49,1.0385736227035522,1.5513679515930914
greenland-sea,50,1.033517599105835,1.5435351183337551
greenland-sea,51,1.0286978483200073,1.5361098962445412
greenland-sea,52,1.023998498916626,1.5287792947984513
greenland-sea,53,1.0192934274673462,1.5212118271858461
greenland-sea,54,1.014572024345398,1.5140012156578804
greenland-sea,55,1.0098223686218262,1.506810497853064
greenland-sea,56,1.0050162076950073,1.4995309268274617
greenland-sea,57,1.0001604557037354,1.4928345841746178
greenland-sea,58,0.9952372908592224,1.4866934064895876
greenland-sea,59,0.9902439117431641,1.480998690666691
greenland-sea,60,0.9851921200752258,1.4760671423327536
greenland-sea,61,0.979935348033905,1.4721836824570933
greenland-sea,62,0.9744535684585571,1.46900156428737
greenland-sea,63,0.9688313603401184,1.4660076410539686
greenland-sea,64,0.9631797075271606,1.463485345148271
greenland-sea,65,0.9575226306915283,1.4602860877590798
greenland-sea,66,0.9518488049507141,1.4566581891429042
greenland-sea,67,0.9461660981178284,1.4529703559414036
greenland-sea,68,0.940474271774292,1.4492825227399029
greenland-sea,69,0.9348107576370239,1.4451434439228432
greenland-sea,70,0.9292117357254028,1.4410642996911083
greenland-sea,71,0.9236719012260437,1.4364704497398872
greenland-sea,72,0.9182591438293457,1.431788010751048
greenland-sea,73,0.9129241108894348,1.4270031536779098
greenland-sea,74,0.9077074527740479,1.42201135735358
greenland-sea,75,0.9026083946228027,1.4167609557028744
greenland-sea,76,0.8980610966682434,1.4130373312580973
greenland-sea,77,0.8930535912513733,1.4074526836795196
greenland-sea,78,0.8882936239242554,1.4019633181633488
greenland-sea,79,0.8839159607887268,1.397006471695439
greenland-sea,80,0.8799816370010376,1.3921698485651326
greenland-sea,81,0.8764986991882324,1.3877878219850603
greenland-sea,82,0.8733083605766296,1.3837073541456655
greenland-sea,83,0.8705266714096069,1.3801167495789073
greenland-sea,84,0.8682764172554016,1.377373753439996
greenland-sea,85,0.8665768504142761,1.3746630849376806
greenland-sea,86,0.8654569387435913,1.3722228580905549
greenland-sea,87,0.8649542927742004,1.3701190875422575
greenland-sea,88,0.8652218580245972,1.3687376787585603
greenland-sea,89,0.8661614060401917,1.3678187331845688
greenland-sea,90,0.8676655292510986,1.3682137843101259
greenland-sea,91,0.8697710633277893,1.3690904017417662
greenland-sea,92,0.8725275993347168,1.3709787011146546
greenland-sea,93,0.8759724497795105,1.3748509941562532
greenland-sea,94,0.8800694346427917,1.3806264154372678
greenland-sea,95,0.8848006129264832,1.3871730669852225
greenland-sea,96,0.890047013759613,1.394711229108995
greenland-sea,97,0.8957513570785522,1.4027272839700022
greenland-sea,98,0.9019076824188232,1.411062348658039
greenland-sea,99,0.9084113836288452,1.4198012613481092
greenland-sea,100,0.9153153300285339,1.4299536105125181
greenland-sea,101,0.9227970838546753,1.4402306291364855
greenland-sea,102,0.9308317303657532,1.4514694260012722
greenland-sea,103,0.9394280314445496,1.464408578795772
greenland-sea,104,0.9486216306686401,1.4797986126715141
greenland-sea,105,0.9582902193069458,1.496196923717376
greenland-sea,106,0.9683188796043396,1.5143415543340875
greenland-sea,107,0.9788122773170471,1.533235737969799
greenland-sea,108,0.9897595047950745,1.5522407724011336
greenland-sea,109,1.0010126829147339,1.5712458068324677
greenland-sea,110,1.0124757289886475,1.5902508412638023
greenland-sea,111,1.0240947008132935,1.6088166767551058
greenland-sea,112,1.0357760190963745,1.6265158014912762
greenland-sea,113,1.0476577281951904,1.643649406202378
greenland-sea,114,1.0597577095031738,1.6601565745569047
greenland-sea,115,1.0720734596252441,1.676168259497612
greenland-sea,116,1.0847612619400024,1.6927718693210232
greenland-sea,117,1.0979597568511963,1.710738639293178
greenland-sea,118,1.1116814613342285,1.7290253669984876
greenland-sea,119,1.1258001327514648,1.7472872218778055
greenland-sea,120,1.1405531167984009,1.7661765133180927
greenland-sea,121,1.1560792922973633,1.785255612481025
greenland-sea,122,1.1724380254745483,1.8050357876285428
greenland-sea,123,1.189721703529358,1.8253895671136917
greenland-sea,124,1.2078937292099,1.8454399116577642
greenland-sea,125,1.2268954515457153,1.8652958516151674
greenland-sea,126,1.2466816902160645,1.8854276064903506
greenland-sea,127,1.2672417163848877,1.9058271808008993
greenland-sea,128,1.2885502576828003,1.9267113997090248
greenland-sea,129,1.3106987476348877,1.9477251172065735
greenland-sea,130,1.3339258432388306,1.97105752383509
greenland-sea,131,1.3582366704940796,1.9946764853692824
greenland-sea,132,1.3836166858673096,2.02046320438385
greenland-sea,133,1.41010582447052,2.04784622961475
greenland-sea,134,1.4376391172409058,2.076150659207375
greenland-sea,135,1.4661868810653687,2.103911964354977
greenland-sea,136,1.4958219528198242,2.132723651778313
greenland-sea,137,1.5266928672790527,2.160610112067192
greenland-sea,138,1.5588250160217285,2.1905621074861097
greenland-sea,139,1.5923200845718384,2.2226614290668123
greenland-sea,140,1.6273196935653687,2.257208091212857
greenland-sea,141,1.6638544797897339,2.294256781762646
greenland-sea,142,1.7018852233886719,2.335737438740269
greenland-sea,143,1.7413318157196045,2.3793315652878055
greenland-sea,144,1.7820918560028076,2.425566697505213
greenland-sea,145,1.8241267204284668,2.4746374457113203
greenland-sea,146,1.8673923015594482,2.5253611460808782
greenland-sea,147,1.9118508100509644,2.5775251526986396
greenland-sea,148,1.9573750495910645,2.629017286915933
greenland-sea,149,2.003887891769409,2.6807431805518367
greenland-sea,150,2.051314353942871,2.7328926863208896
greenland-sea,151,2.099404811859131,2.7852491248038507
greenland-sea,152,2.148122787475586,2.8379404229502523
greenland-sea,153,2.1974897384643555,2.894162894833472
greenland-sea,154,2.247515916824341,2.9507014643761416
greenland-sea,155,2.2982356548309326,3.0081675037260975
greenland-sea,156,2.349754571914673,3.0661784671968024
greenland-sea,157,2.4021706581115723,3.1254312207621906
greenland-sea,158,2.455568552017212,3.1853609108155765
greenland-sea,159,2.510016679763794,3.2472960026033455
greenland-sea,160,2.56536602973938,3.3109485018637868
greenland-sea,161,2.6214983463287354,3.373493740635533
greenland-sea,162,2.6784393787384033,3.4363358859092954
greenland-sea,163,2.736128091812134,3.4992833414385394
greenland-sea,164,2.7944493293762207,3.5622288011735486
greenland-sea,165,2.853355646133423,3.6240343163090367
greenland-sea,166,2.9128849506378174,3.6856055175104454
greenland-sea,167,2.9729244709014893,3.7474661311795643
greenland-sea,168,3.033388614654541,3.809972997634642
greenland-sea,169,3.0939953327178955,3.8721807810568043
greenland-sea,170,3.1544675827026367,3.9353559001799554
greenland-sea,171,3.214688539505005,3.999369589744076
greenland-sea,172,3.2746105194091797,4.062886572653247
greenland-sea,173,3.334141969680786,4.125303339189099
greenland-sea,174,3.3932008743286133,4.187463288922463
greenland-sea,175,3.451770067214966,4.251358616736628
greenland-sea,176,3.50984263420105,4.313169080980363
greenland-sea,177,3.5673203468322754,4.374344894193834
greenland-sea,178,3.6239750385284424,4.434359725829094
greenland-sea,179,3.679612159729004,4.493752054245243
greenland-sea,180,3.7343411445617676,4.552980227624216
greenland-sea,181,3.788273572921753,4.612394002945193
greenland-sea,182,3.8415422439575195,4.6710780405229135
greenland-sea,183,3.8940365314483643,4.72911096465203
greenland-sea,184,3.9456539154052734,4.782819448747943
greenland-sea,185,3.9963245391845703,4.83593105039289
greenland-sea,186,4.04600191116333,4.887729378669492
greenland-sea,187,4.094436168670654,4.938710035816316
greenland-sea,188,4.1414666175842285,4.988293741595361
greenland-sea,189,4.187134265899658,5.037208121822726
greenland-sea,190,4.231544017791748,5.085343620854039
greenland-sea,191,4.2748541831970215,5.13180761952554
greenland-sea,192,4.317102432250977,5.17885805406878
greenland-sea,193,4.358180046081543,5.22482245199142
greenland-sea,194,4.398021221160889,5.269844618151265
greenland-sea,195,4.4365949630737305,5.312845383920977
greenland-sea,196,4.473880767822266,5.355331254774524
greenland-sea,197,4.509738445281982,5.39753186933456
greenland-sea,198,4.544290542602539,5.437600798760691
greenland-sea,199,4.57744026184082,5.4764763170673
greenland-sea,200,4.609227180480957,5.5136912268977
greenland-sea,201,4.639580249786377,5.5477914748653285
greenland-sea,202,4.668430328369141,5.578605811826643
greenland-sea,203,4.695739269256592,5.606782825531497
greenland-sea,204,4.721549034118652,5.632067288121869
greenland-sea,205,4.745999336242676,5.655852783879925
greenland-sea,206,4.7691826820373535,5.675237494130288
greenland-sea,207,4.791121006011963,5.693913404403193
greenland-sea,208,4.81179141998291,5.711260120330317
greenland-sea,209,4.831174373626709,5.727679435668453
greenland-sea,210,4.84916353225708,5.742632542887041
greenland-sea,211,4.865816593170166,5.756910653268137
greenland-sea,212,4.881228446960449,5.770094625411495
greenland-sea,213,4.8953046798706055,5.782298509536251
greenland-sea,214,4.907999515533447,5.792860023437009
greenland-sea,215,4.919273853302002,5.802793567411362
greenland-sea,216,4.928979396820068,5.811388407984087
greenland-sea,217,4.936976909637451,5.818137876449093
greenland-sea,218,4.943235397338867,5.821090796685988
greenland-sea,219,4.94774866104126,5.821804758810228
greenland-sea,220,4.95043420791626,5.819317633105862
greenland-sea,221,4.951432228088379,5.813173055648802
greenland-sea,222,4.950539588928223,5.804095099049229
greenland-sea,223,4.947357177734375,5.791005416070261
greenland-sea,224,4.941755771636963,5.774895426534837
greenland-sea,225,4.933837413787842,5.755706987073345
greenland-sea,226,4.923672676086426,5.735299673388081
greenland-sea,227,4.911393642425537,5.714369070914483
greenland-sea,228,4.897139072418213,5.691251907040996
greenland-sea,229,4.880926609039307,5.666559637746504
greenland-sea,230,4.86295223236084,5.638957066689769
greenland-sea,231,4.843362331390381,5.609195616937454
greenland-sea,232,4.822238922119141,5.578200114157892
greenland-sea,233,4.799596309661865,5.546243026179652
greenland-sea,234,4.775678634643555,5.512509216800813
greenland-sea,235,4.750613689422607,5.47833037837859
greenland-sea,236,4.724313735961914,5.443920040130615
greenland-sea,237,4.69676399230957,5.408902585121893
greenland-sea,238,4.667940616607666,5.372941730868431
greenland-sea,239,4.637903213500977,5.336005329316661
greenland-sea,240,4.6067609786987305,5.297316149742373
greenland-sea,241,4.574743270874023,5.2590607073999225
greenland-sea,242,4.541762351989746,5.219877629126271
greenland-sea,243,4.507828712463379,5.1781422307414395
greenland-sea,244,4.473095417022705,5.135367278129824
greenland-sea,245,4.437643527984619,5.09165409764936
greenland-sea,246,4.401514530181885,5.046881468065324
greenland-sea,247,4.364912509918213,5.0015796153776115
greenland-sea,248,4.3280158042907715,4.956903016182684
greenland-sea,249,4.291024684906006,4.9135342690252495
greenland-sea,250,4.25399923324585,4.86959017169091
greenland-sea,251,4.217069149017334,4.826323647652903
greenland-sea,252,4.180016994476318,4.782475054648616
greenland-sea,253,4.142988681793213,4.740297208293793
greenland-sea,254,4.106246471405029,4.699382418970909
greenland-sea,255,4.069952487945557,4.661025448768369
greenland-sea,256,4.034089088439941,4.624231376955586
greenland-sea,257,3.99867582321167,4.588399145680088
greenland-sea,258,3.963519811630249,4.552918184957196
greenland-sea,259,3.9285805225372314,4.5183380173098655
greenland-sea,260,3.8938817977905273,4.484970398872129
greenland-sea,261,3.8593568801879883,4.454402471357777
greenland-sea,262,3.8249173164367676,4.424466279245192
greenland-sea,263,3.790557861328125,4.395328344837312
greenland-sea,264,3.756272792816162,4.366250987206736
greenland-sea,265,3.7219114303588867,4.337913362441524
greenland-sea,266,3.6874630451202393,4.309069291237863
greenland-sea,267,3.653157949447632,4.278989003550622
greenland-sea,268,3.6189520359039307,4.248063096692485
greenland-sea,269,3.5849225521087646,4.217133330529736
greenland-sea,270,3.551058769226074,4.186868051559694
greenland-sea,271,3.5173065662384033,4.157324508697756
greenland-sea,272,3.4836952686309814,4.12758333375377
greenland-sea,273,3.4501917362213135,4.0976323589201895
greenland-sea,274,3.4167377948760986,4.068881239429596
greenland-sea,275,3.3833346366882324,4.041406912188376
greenland-sea,276,3.3500583171844482,4.0158904706278165
greenland-sea,277,3.3169057369232178,3.990098576391898
greenland-sea,278,3.28374981880188,3.9647644742842654
greenland-sea,279,3.250622272491455,3.9373988190004914
greenland-sea,280,3.217622995376587,3.909659389526614
greenland-sea,281,3.1848394870758057,3.8826750316927523
greenland-sea,282,3.1522059440612793,3.856398382494528
greenland-sea,283,3.119661569595337,3.8304029933867927
greenland-sea,284,3.0872440338134766,3.804781030070398
greenland-sea,285,3.0550742149353027,3.7787723725841897
greenland-sea,286,3.0231223106384277,3.751792968473128
greenland-sea,287,2.991325616836548,3.7241770652032677
greenland-sea,288,2.9596481323242188,3.693951586754092
greenland-sea,289,2.928159236907959,3.6625468607871765
greenland-sea,290,2.8968253135681152,3.6301533583671817
greenland-sea,291,2.8655447959899902,3.596912192529248
greenland-sea,292,2.834259033203125,3.562901256930444
greenland-sea,293,2.8030741214752197,3.5281241970677533
greenland-sea,294,2.772240161895752,3.49268302763662
greenland-sea,295,2.741870641708374,3.4578734467106482
greenland-sea,296,2.7119646072387695,3.423555999417459
greenland-sea,297,2.6824612617492676,3.389795714039957
greenland-sea,298,2.653257369995117,3.35709359492025
greenland-sea,299,2.6243841648101807,3.325631190115406
greenland-sea,300,2.5958876609802246,3.2950297532543065
greenland-sea,301,2.5678482055664062,3.2642513421274004
greenland-sea,302,2.5402915477752686,3.233914175341207
greenland-sea,303,2.513333797454834,3.2043197008871265
greenland-sea,304,2.487112522125244,3.175738011637042
greenland-sea,305,2.461663007736206,3.1480479924909535
greenland-sea,306,2.4368979930877686,3.1199660731900125
greenland-sea,307,2.412766218185425,3.091494784047527
greenland-sea,308,2.3893723487854004,3.0647613071626236
greenland-sea,309,2.366774082183838,3.0384454227262934
greenland-sea,310,2.3449037075042725,3.01456841576484
greenland-sea,311,2.3235397338867188,2.9920764154003514
greenland-sea,312,2.3026015758514404,2.9692153200026485
greenland-sea,313,2.282144069671631,2.945449128458577
greenland-sea,314,2.2621428966522217,2.923280147583254
greenland-sea,315,2.242452621459961,2.900714621236247
greenland-sea,316,2.222914218902588,2.878125551439101
greenland-sea,317,2.2035303115844727,2.8559406780427508
greenland-sea,318,2.1843221187591553,2.833212018013001
greenland-sea,319,2.1653342247009277,2.8123723168526924
greenland-sea,320,2.146653652191162,2.791832407059208
greenland-sea,321,2.1283488273620605,2.7716683118574084
greenland-sea,322,2.1104981899261475,2.7522789370629095
greenland-sea,323,2.093197822570801,2.732468761936311
greenland-sea,324,2.0763368606567383,2.7141627711634477
greenland-sea,325,2.059720754623413,2.6965757108503774
greenland-sea,326,2.043267011642456,2.678840656434336
greenland-sea,327,2.026982069015503,2.6622824584284133
greenland-sea,328,2.0109732151031494,2.6465359880078223
greenland-sea,329,1.9952569007873535,2.6308276414871212
greenland-sea,330,1.9797852039337158,2.6147468059293684
greenland-sea,331,1.9644168615341187,2.5987058570308066
greenland-sea,332,1.9489651918411255,2.582858138699685
greenland-sea,333,1.9335341453552246,2.5672696205877483
greenland-sea,334,1.9180238246917725,2.5507900307255404
greenland-sea,335,1.9024780988693237,2.5337123978522516
greenland-sea,336,1.8868602514266968,2.516535472100781
greenland-sea,337,1.8712451457977295,2.49833264658528
greenland-sea,338,1.8556170463562012,2.4801669797589705
greenland-sea,339,1.8398090600967407,2.461108160018921
greenland-sea,340,1.823777198791504,2.441121345950711
greenland-sea,341,1.8075652122497559,2.4202338618616905
greenland-sea,342,1.7913405895233154,2.398623393427941
greenland-sea,343,1.7752634286880493,2.37758234008666
greenland-sea,344,1.7592390775680542,2.3565790591701385
greenland-sea,345,1.743273377418518,2.3353921974858927
greenland-sea,346,1.7273728847503662,2.3139443689777
greenland-sea,347,1.711633563041687,2.2929605514772478
greenland-sea,348,1.6961162090301514,2.2706855085588273
greenland-sea,349,1.6807961463928223,2.2492887900721645
greenland-sea,350,1.6656405925750732,2.2286901639353847
greenland-sea,351,1.6506423950195312,2.208815721927151
greenland-sea,352,1.6352769136428833,2.1897851647869238
greenland-sea,353,1.6196863651275635,2.171168366170699
greenland-sea,354,1.6038093566894531,2.153894201017195
greenland-sea,355,1.587726354598999,2.1364754176908924
greenland-sea,356,1.5716708898544312,2.1186535681447674
greenland-sea,357,1.5556446313858032,2.1003313006893283
greenland-sea,358,1.5395995378494263,2.0820090332338888
greenland-sea,359,1.5233688354492188,2.06288360703376
greenland-sea,360,1.5069389343261719,2.0432469937109174
greenland-sea,361,1.4903367757797241,2.0237295781412428
greenland-sea,362,1.4737333059310913,2.0040303776341095
greenland-sea,363,1.4573780298233032,1.9832474996966696
greenland-sea,364,1.4415620565414429,1.963710856822229
greenland-sea,365,1.4264034032821655,1.9451935764281978
greenland-sea,366,1.4118130207061768,1.9273703059842509
gulf-of-bothnia,1,2.6511950492858887,3.6580641200465545
gulf-of-bothnia,2,2.6051008701324463,3.6078510799715593
gulf-of-bothnia,3,2.5590600967407227,3.558425655672627
gulf-of-bothnia,4,2.513277769088745,3.5098290589547925
gulf-of-bothnia,5,2.4679200649261475,3.4604502877881447
gulf-of-bothnia,6,2.422856330871582,3.411598647794416
gulf-of-bothnia,7,2.3778886795043945,3.361408193649784
gulf-of-bothnia,8,2.332848072052002,3.3119549166771676
gulf-of-bothnia,9,2.287661075592041,3.262513001503483
gulf-of-bothnia,10,2.2426934242248535,3.2144374355193115
gulf-of-bothnia,11,2.198277711868286,3.165411948388623
gulf-of-bothnia,12,2.15462064743042,3.1174857485678893
gulf-of-bothnia,13,2.111910581588745,3.0721405783007225
gulf-of-bothnia,14,2.070326805114746,3.030559117563309
gulf-of-bothnia,15,2.0298328399658203,2.9928768142577136
gulf-of-bothnia,16,1.990378737449646,2.955530352746286
gulf-of-bothnia,17,1.9528239965438843,2.920981841702615
gulf-of-bothnia,18,1.9155808687210083,2.8870255370293894
gulf-of-bothnia,19,1.8788955211639404,2.8529584223224274
gulf-of-bothnia,20,1.8428947925567627,2.81968831939082
gulf-of-bothnia,21,1.8071844577789307,2.786591290658521
gulf-of-bothnia,22,1.7716230154037476,2.7544946708986844
gulf-of-bothnia,23,1.7362476587295532,2.7232965653942487
gulf-of-bothnia,24,1.7009896039962769,2.6904538823712265
gulf-of-bothnia,25,1.666049838066101,2.655581058994417
gulf-of-bothnia,26,1.6313984394073486,2.6178980973459063
gulf-of-bothnia,27,1.5969914197921753,2.5795145527009042
gulf-of-bothnia,28,1.5630695819854736,2.54153558054278
gulf-of-bothnia,29,1.5297532081604004,2.504253907357493
gulf-of-bothnia,30,1.4969807863235474,2.47053244421559
gulf-of-bothnia,31,1.4647243022918701,2.4385009161887634
gulf-of-bothnia,32,1.4332472085952759,2.4074216200459393
gulf-of-bothnia,33,1.4025558233261108,2.3772810866755827
gulf-of-bothnia,34,1.3728981018066406,2.3478748098496474
gulf-of-bothnia,35,1.3441482782363892,2.3198924406882258
gulf-of-bothnia,36,1.316200613975525,2.2922672721647457
gulf-of-bothnia,37,1.2891253232955933,2.26566056936018
gulf-of-bothnia,38,1.26276695728302,2.241184894884787
gulf-of-bothnia,39,1.2371169328689575,2.2193520011440406
gulf-of-bothnia,40,1.2124797105789185,2.1998168110847476
gulf-of-bothnia,41,1.1887807846069336,2.1811454269193837
gulf-of-bothnia,42,1.1658661365509033,2.165021269167623
gulf-of-bothnia,43,1.1437829732894897,2.1504155001332683
gulf-of-bothnia,44,1.122389316558838,2.1369249116989875
gulf-of-bothnia,45,1.1058199405670166,2.1291939480330355
gulf-of-bothnia,46,1.0855413675308228,2.1158220405219708
gulf-of-bothnia,47,1.066047191619873,2.103412070453808
gulf-of-bothnia,48,1.0474636554718018,2.0925506436696617
gulf-of-bothnia,49,1.0302040576934814,2.08009393817635
gulf-of-bothnia,50,1.0138059854507446,2.0666335166141554
gulf-of-bothnia,51,0.9983028173446655,2.051167190331286
gulf-of-bothnia,52,0.9838032126426697,2.039022862013951
gulf-of-bothnia,53,0.9705533385276794,2.026665938926001
gulf-of-bothnia,54,0.9586457014083862,2.0140341815128133
gulf-of-bothnia,55,0.9481800198554993,2.006028929320716
gulf-of-bothnia,56,0.9390814304351807,2.002386813266304
gulf-of-bothnia,57,0.9311182498931885,2.0021997961946725
gulf-of-bothnia,58,0.9239859580993652,2.0026283120596293
gulf-of-bothnia,59,0.9175667762756348,2.0034266674390415
gulf-of-bothnia,60,0.9117940664291382,2.0045155458552872
gulf-of-bothnia,61,0.9070835709571838,2.0044865503106077
gulf-of-bothnia,62,0.9035797715187073,2.0050089388765326
gulf-of-bothnia,63,0.9010653495788574,2.0058979233105987
gulf-of-bothnia,64,0.8995838165283203,2.0070662278001037
gulf-of-bothnia,65,0.8990467190742493,2.0092604401291068
gulf-of-bothnia,66,0.8994465470314026,2.0106205108345203
gulf-of-bothnia,67,0.9009289741516113,2.014628958573906
gulf-of-bothnia,68,0.903535783290863,2.019207289013812
gulf-of-bothnia,69,0.9075136780738831,2.0264577702809414
gulf-of-bothnia,70,0.9130634069442749,2.0340404140051986
gulf-of-bothnia,71,0.9200408458709717,2.0419139945378877
gulf-of-bothnia,72,0.9282475709915161,2.0510017678301833
gulf-of-bothnia,73,0.9376434683799744,2.0597592690939557
gulf-of-bothnia,74,0.9483669996261597,2.068518133958182
gulf-of-bothnia,75,0.9603199362754822,2.0770703014507097
gulf-of-bothnia,76,0.9691517949104309,2.0804524348628153
gulf-of-bothnia,77,0.9836942553520203,2.090697185070285
gulf-of-bothnia,78,0.9994064569473267,2.102079031159802
gulf-of-bothnia,79,1.0161290168762207,2.1129025640026224
gulf-of-bothnia,80,1.033732533454895,2.1265447566586166
gulf-of-bothnia,81,1.0521546602249146,2.1416942469535343
gulf-of-bothnia,82,1.0714386701583862,2.1588496419691277
gulf-of-bothnia,83,1.0918283462524414,2.173154909380021
gulf-of-bothnia,84,1.113250970840454,2.1880694639298226
gulf-of-bothnia,85,1.135560393333435,2.204233943262408
gulf-of-bothnia,86,1.1586817502975464,2.2201497247142177
gulf-of-bothnia,87,1.1826679706573486,2.2355845958955833
gulf-of-bothnia,88,1.207740306854248,2.2530673250075317
gulf-of-bothnia,89,1.2339532375335693,2.273016435100187
gulf-of-bothnia,90,1.2614946365356445,2.2948339731462544
gulf-of-bothnia,91,1.2907174825668335,2.3185727919301677
gulf-of-bothnia,92,1.3216198682785034,2.3465467983676542
gulf-of-bothnia,93,1.3539525270462036,2.3761927150910904
gulf-of-bothnia,94,1.3878191709518433,2.40696173252598
gulf-of-bothnia,95,1.4233903884887695,2.4439244716398183
gulf-of-bothnia,96,1.461003065109253,2.4849032425111344
gulf-of-bothnia,97,1.500794529914856,2.529069995880127
gulf-of-bothnia,98,1.542547583580017,2.57453519528912
gulf-of-bothnia,99,1.5858954191207886,2.6203810622615205
gulf-of-bothnia,100,1.6308257579803467,2.6666618108749396
gulf-of-bothnia,101,1.6772851943969727,2.7135000674955316
gulf-of-bothnia,102,1.7248332500457764,2.7608396245587263
gulf-of-bothnia,103,1.773496150970459,2.8074599142997503
gulf-of-bothnia,104,1.8233649730682373,2.854751119306011
gulf-of-bothnia,105,1.8742815256118774,2.903221751028492
gulf-of-bothnia,106,1.9261996746063232,2.954351838173405
gulf-of-bothnia,107,1.978867769241333,3.0075952714489356
gulf-of-bothnia,108,2.0322916507720947,3.0623947189700225
gulf-of-bothnia,109,2.0868771076202393,3.118040627817954
gulf-of-bothnia,110,2.1431121826171875,3.175555306096231
gulf-of-bothnia,111,2.2011821269989014,3.233734798431397
gulf-of-bothnia,112,2.2609517574310303,3.293063863631218
gulf-of-bothnia,113,2.322415351867676,3.3548605303610533
gulf-of-bothnia,114,2.385483980178833,3.417855817271817
gulf-of-bothnia,115,2.45035457611084,3.4816109441941783
gulf-of-bothnia,116,2.5172133445739746,3.5475438471763368
gulf-of-bothnia,117,2.5863046646118164,3.6152841891011884
gulf-of-bothnia,118,2.6575255393981934,3.6845670423200056
gulf-of-bothnia,119,2.730782985687256,3.7570693931271952
gulf-of-bothnia,120,2.806389331817627,3.8351079756213773
gulf-of-bothnia,121,2.884310245513916,3.921108038194718
gulf-of-bothnia,122,2.9643259048461914,4.011297937362425
gulf-of-bothnia,123,3.0467724800109863,4.105065806450383
gulf-of-bothnia,124,3.1318068504333496,4.202468285252971
gulf-of-bothnia,125,3.219484329223633,4.305369588636583
gulf-of-bothnia,126,3.309645891189575,4.406079458421277
gulf-of-bothnia,127,3.401888132095337,4.506771135330201
gulf-of-bothnia,128,3.4957895278930664,4.609670406772245
gulf-of-bothnia,129,3.5914435386657715,4.712741657226316
gulf-of-bothnia,130,3.689255952835083,4.820001811365928
gulf-of-bothnia,131,3.789088249206543,4.93067409223126
gulf-of-bothnia,132,3.8914108276367188,5.045534042389162
gulf-of-bothnia,133,3.996965169906616,5.166705509155027
gulf-of-bothnia,134,4.106084823608398,5.294962767631776
gulf-of-bothnia,135,4.219026565551758,5.439798970376292
gulf-of-bothnia,136,4.335642337799072,5.600692596743183
gulf-of-bothnia,137,4.455796241760254,5.765182421284337
gulf-of-bothnia,138,4.580121994018555,5.935591639241864
gulf-of-bothnia,139,4.709096431732178,6.108616370539512
gulf-of-bothnia,140,4.8429131507873535,6.286802047298801
gulf-of-bothnia,141,4.981279373168945,6.474306681848342
gulf-of-bothnia,142,5.123964786529541,6.664711683027208
gulf-of-bothnia,143,5.270596504211426,6.861918250976071
gulf-of-bothnia,144,5.42080545425415,7.063016520777058
gulf-of-bothnia,145,5.574028968811035,7.2648735292496225
gulf-of-bothnia,146,5.729604244232178,7.466662020837107
gulf-of-bothnia,147,5.887558460235596,7.667283911858837
gulf-of-bothnia,148,6.047929286956787,7.866832336302727
gulf-of-bothnia,149,6.210477352142334,8.072024265412361
gulf-of-bothnia,150,6.374800205230713,8.276789603694793
gulf-of-bothnia,151,6.5402727127075195,8.47571976877028
gulf-of-bothnia,152,6.706518650054932,8.670067411853422
gulf-of-bothnia,153,6.873404502868652,8.862700151628063
gulf-of-bothnia,154,7.0406293869018555,9.049897449247299
gulf-of-bothnia,155,7.208374977111816,9.234820305916571
gulf-of-bothnia,156,7.377155780792236,9.418025258279616
gulf-of-bothnia,157,7.54780912399292,9.60257868151511
gulf-of-bothnia,158,7.720704555511475,9.790247408036263
gulf-of-bothnia,159,7.8961639404296875,9.976630570811611
gulf-of-bothnia,160,8.074131965637207,10.167005971170243
gulf-of-bothnia,161,8.25451946258545,10.358850426827708
gulf-of-bothnia,162,8.437579154968262,10.555349886801936
gulf-of-bothnia,163,8.623124122619629,10.769144765792356
gulf-of-bothnia,164,8.81074333190918,10.98406765691696
gulf-of-bothnia,165,8.99986743927002,11.198105787461804
gulf-of-bothnia,166,9.189857482910156,11.399142302236251
gulf-of-bothnia,167,9.380390167236328,11.586439418792725
gulf-of-bothnia,168,9.571372985839844,11.772334830991685
gulf-of-bothnia,169,9.762295722961426,11.95490921082035
gulf-of-bothnia,170,9.95261001586914,12.137102625446932
gulf-of-bothnia,171,10.141925811767578,12.316587728069674
gulf-of-bothnia,172,10.329833030700684,12.489655494689941
gulf-of-bothnia,173,10.515996932983398,12.662599812784501
gulf-of-bothnia,174,10.700648307800293,12.833942594835833
gulf-of-bothnia,175,10.883899688720703,13.002554632002306
gulf-of-bothnia,176,11.066323280334473,13.173597394266436
gulf-of-bothnia,177,11.248258590698242,13.34541698886502
gulf-of-bothnia,178,11.429726600646973,13.518419619529478
gulf-of-bothnia,179,11.610279083251953,13.693803796460553
gulf-of-bothnia,180,11.790017127990723,13.86845258589714
gulf-of-bothnia,181,11.968972206115723,14.044277674152006
gulf-of-bothnia,182,12.147316932678223,14.221256363776424
gulf-of-bothnia,183,12.3254976272583,14.395330665957543
gulf-of-bothnia,184,12.503800392150879,14.57262251454015
gulf-of-bothnia,185,12.682104110717773,14.753904576455392
gulf-of-bothnia,186,12.860191345214844,14.934088833101335
gulf-of-bothnia,187,13.0375394821167,15.126463053303379
gulf-of-bothnia,188,13.213375091552734,15.33090772628784
gulf-of-bothnia,189,13.387171745300293,15.541998890907534
gulf-of-bothnia,190,13.558502197265625,15.761158512484643
gulf-of-bothnia,191,13.726984024047852,15.974868125300254
gulf-of-bothnia,192,13.891888618469238,16.18462247233237
gulf-of-bothnia,193,14.052764892578125,16.383798531563052
gulf-of-bothnia,194,14.208830833435059,16.56076427275135
gulf-of-bothnia,195,14.359713554382324,16.729362226301625
gulf-of-bothnia,196,14.505526542663574,16.8919223231654
gulf-of-bothnia,197,14.646367073059082,17.050573136729575
gulf-of-bothnia,198,14.7822847366333,17.205536085559473
gulf-of-bothnia,199,14.913151741027832,17.35481098544213
gulf-of-bothnia,200,15.038840293884277,17.494187305819604
gulf-of-bothnia,201,15.158952713012695,17.621142670416063
gulf-of-bothnia,202,15.273200988769531,17.7432273680164
gulf-of-bothnia,203,15.381976127624512,17.860018231791837
gulf-of-bothnia,204,15.485261917114258,17.971478560663037
gulf-of-bothnia,205,15.583220481872559,18.073553303749332
gulf-of-bothnia,206,15.675726890563965,18.16870382370487
gulf-of-bothnia,207,15.76257610321045,18.257070642902008
gulf-of-bothnia,208,15.843469619750977,18.341646422109296
gulf-of-bothnia,209,15.917854309082031,18.419542380302182
gulf-of-bothnia,210,15.985506057739258,18.48929008360832
gulf-of-bothnia,211,16.046140670776367,18.54699836238738
gulf-of-bothnia,212,16.10013771057129,18.591035252232704
gulf-of-bothnia,213,16.14772605895996,18.629688607492753
gulf-of-bothnia,214,16.188871383666992,18.66383237531108
gulf-of-bothnia,215,16.2235164642334,18.686343371483584
gulf-of-bothnia,216,16.251739501953125,18.70305407124181
gulf-of-bothnia,217,16.273527145385742,18.7168123368294
gulf-of-bothnia,218,16.288471221923828,18.712008365508048
gulf-of-bothnia,219,16.296363830566406,18.68852438772878
gulf-of-bothnia,220,16.297256469726562,18.648995602515434
gulf-of-bothnia,221,16.2912654876709,18.595889669849022
gulf-of-bothnia,222,16.2786922454834,18.539755427452825
gulf-of-bothnia,223,16.259984970092773,18.480452679049584
gulf-of-bothnia,224,16.235198974609375,18.416166133265346
gulf-of-bothnia,225,16.20462417602539,18.343681901501075
gulf-of-bothnia,226,16.16854476928711,18.268765849451864
gulf-of-bothnia,227,16.126962661743164,18.19081227702479
gulf-of-bothnia,228,16.079832077026367,18.109893928035607
gulf-of-bothnia,229,16.027408599853516,18.026666850428427
gulf-of-bothnia,230,15.970170974731445,17.93906379207488
gulf-of-bothnia,231,15.90832805633545,17.850264137021956
gulf-of-bothnia,232,15.842211723327637,17.763927693520827
gulf-of-bothnia,233,15.772196769714355,17.66901937300159
gulf-of-bothnia,234,15.698344230651855,17.57157041488155
gulf-of-bothnia,235,15.62110710144043,17.470161810228902
gulf-of-bothnia,236,15.540663719177246,17.366451026547338
gulf-of-bothnia,237,15.457074165344238,17.265223380058043
gulf-of-bothnia,238,15.370367050170898,17.162433052062987
gulf-of-bothnia,239,15.280739784240723,17.058610700791878
gulf-of-bothnia,240,15.188480377197266,16.956700946438694
gulf-of-bothnia,241,15.09377384185791,16.847045578495145
gulf-of-bothnia,242,14.996929168701172,16.739459234668363
gulf-of-bothnia,243,14.898022651672363,16.637133952110045
gulf-of-bothnia,244,14.796850204467773,16.532968296543245
gulf-of-bothnia,245,14.693013191223145,16.425173091888425
gulf-of-bothnia,246,14.586248397827148,16.314034821910244
gulf-of-bothnia,247,14.476449966430664,16.199586206866847
gulf-of-bothnia,248,14.363470077514648,16.07996987988872
gulf-of-bothnia,249,14.247686386108398,15.95470644120247
gulf-of-bothnia,250,14.129465103149414,15.826720480765065
gulf-of-bothnia,251,14.008942604064941,15.698494901964743
gulf-of-bothnia,252,13.886483192443848,15.567341081557736
gulf-of-bothnia,253,13.762321472167969,15.432723386826053
gulf-of-bothnia,254,13.636635780334473,15.293349758271248
gulf-of-bothnia,255,13.509581565856934,15.153046303410687
gulf-of-bothnia,256,13.381280899047852,15.013735063614385
gulf-of-bothnia,257,13.251729965209961,14.870580682446882
gulf-of-bothnia,258,13.121030807495117,14.725782440554713
gulf-of-bothnia,259,12.989646911621094,14.578183386402749
gulf-of-bothnia,260,12.85769271850586,14.428185779817644
gulf-of-bothnia,261,12.7250337600708,14.27914424711658
gulf-of-bothnia,262,12.59174919128418,14.128606839333811
gulf-of-bothnia,263,12.457756042480469,13.978372666143603
gulf-of-bothnia,264,12.322990417480469,13.832538804700295
gulf-of-bothnia,265,12.187309265136719,13.682374871161676
gulf-of-bothnia,266,12.050525665283203,13.533221247888378
gulf-of-bothnia,267,11.912883758544922,13.384018861093827
gulf-of-bothnia,268,11.77469539642334,13.232294550249653
gulf-of-bothnia,269,11.636046409606934,13.079170485465758
gulf-of-bothnia,270,11.496955871582031,12.926696589685255
gulf-of-bothnia,271,11.357421875,12.774744064577165
gulf-of-bothnia,272,11.217936515808105,12.628053012970955
gulf-of-bothnia,273,11.078670501708984,12.48127993614443
gulf-of-bothnia,274,10.939567565917969,12.33182629000756
gulf-of-bothnia,275,10.800704002380371,12.182840454962948
gulf-of-bothnia,276,10.662453651428223,12.035284482279131
gulf-of-bothnia,277,10.52512264251709,11.892136773755475
gulf-of-bothnia,278,10.388668060302734,11.750372209856588
gulf-of-bothnia,279,10.253242492675781,11.61198746158231
gulf-of-bothnia,280,10.118834495544434,11.478339164487776
gulf-of-bothnia,281,9.985459327697754,11.343505985506118
gulf-of-bothnia,282,9.853303909301758,11.201841400515649
gulf-of-bothnia,283,9.722103118896484,11.061934708010767
gulf-of-bothnia,284,9.59164047241211,10.922955608367921
gulf-of-bothnia,285,9.461979866027832,10.786313493790164
gulf-of-bothnia,286,9.33331298828125,10.651376631952099
gulf-of-bothnia,287,9.205719947814941,10.514913195948447
gulf-of-bothnia,288,9.079266548156738,10.379650192876015
gulf-of-bothnia,289,8.954085350036621,10.243126650779477
gulf-of-bothnia,290,8.83011531829834,10.107292655206495
gulf-of-bothnia,291,8.707436561584473,9.97257639054329
gulf-of-bothnia,292,8.58604621887207,9.838555846675748
gulf-of-bothnia,293,8.465946197509766,9.70897479826404
gulf-of-bothnia,294,8.347245216369629,9.582739310110767
gulf-of-bothnia,295,8.230031967163086,9.458140771619734
gulf-of-bothnia,296,8.114367485046387,9.337409347103486
gulf-of-bothnia,297,8.00025463104248,9.216861238787251
gulf-of-bothnia,298,7.887503623962402,9.098967253777287
gulf-of-bothnia,299,7.7760701179504395,8.982406014780844
gulf-of-bothnia,300,7.665983200073242,8.869159967668597
gulf-of-bothnia,301,7.557205677032471,8.75600381974251
gulf-of-bothnia,302,7.449795246124268,8.642447596211587
gulf-of-bothnia,303,7.343487739562988,8.533828350805468
gulf-of-bothnia,304,7.238200664520264,8.426045467007544
gulf-of-bothnia,305,7.134124279022217,8.321389307514314
gulf-of-bothnia,306,7.031301021575928,8.216673157292027
gulf-of-bothnia,307,6.9297356605529785,8.1120598869939
gulf-of-bothnia,308,6.829321384429932,8.00597059649806
gulf-of-bothnia,309,6.730226039886475,7.8995615143929765
gulf-of-bothnia,310,6.632664680480957,7.793409489047144
gulf-of-bothnia,311,6.53660774230957,7.686641657736995
gulf-of-bothnia,312,6.441893577575684,7.582533401058567
gulf-of-bothnia,313,6.348376750946045,7.484180182795372
gulf-of-bothnia,314,6.2562103271484375,7.38352003712808
gulf-of-bothnia,315,6.165375709533691,7.284469043054888
gulf-of-bothnia,316,6.075653553009033,7.18564839978372
gulf-of-bothnia,317,5.986978054046631,7.088479900360108
gulf-of-bothnia,318,5.899310111999512,6.99698253908465
gulf-of-bothnia,319,5.812582015991211,6.90856401381954
gulf-of-bothnia,320,5.726624011993408,6.824088647288662
gulf-of-bothnia,321,5.641220569610596,6.742185269632648
gulf-of-bothnia,322,5.556247711181641,6.663492631912231
gulf-of-bothnia,323,5.471693515777588,6.587499372420773
gulf-of-bothnia,324,5.387527942657471,6.51386323128977
gulf-of-bothnia,325,5.303866386413574,6.438836626852711
gulf-of-bothnia,326,5.220790386199951,6.363475914924374
gulf-of-bothnia,327,5.1384596824646,6.286998845684912
gulf-of-bothnia,328,5.057012557983398,6.209557733228128
gulf-of-bothnia,329,4.976428985595703,6.13313556025105
gulf-of-bothnia,330,4.896636009216309,6.057012362633981
gulf-of-bothnia,331,4.817645072937012,5.9820439723230185
gulf-of-bothnia,332,4.739583492279053,5.90498437573833
gulf-of-bothnia,333,4.662631511688232,5.825880584409161
gulf-of-bothnia,334,4.587156295776367,5.745854073186076
gulf-of-bothnia,335,4.513426303863525,5.664457044293805
gulf-of-bothnia,336,4.44124174118042,5.584715340214391
gulf-of-bothnia,337,4.370397090911865,5.507199112061532
gulf-of-bothnia,338,4.300577640533447,5.431603499381773
gulf-of-bothnia,339,4.231686115264893,5.3590191256615425
gulf-of-bothnia,340,4.163658618927002,5.289437086351455
gulf-of-bothnia,341,4.096527099609375,5.221091118166523
gulf-of-bothnia,342,4.030410289764404,5.15498884570214
gulf-of-bothnia,343,3.9652981758117676,5.088887565366683
gulf-of-bothnia,344,3.9012458324432373,5.024776523343977
gulf-of-bothnia,345,3.8380544185638428,4.9633990703090545
gulf-of-bothnia,346,3.775538444519043,4.903471809817899
gulf-of-bothnia,347,3.713606357574463,4.843671924837174
gulf-of-bothnia,348,3.6522226333618164,4.782440650847652
gulf-of-bothnia,349,3.5914511680603027,4.719351126301673
gulf-of-bothnia,350,3.5312907695770264,4.65360424826222
gulf-of-bothnia,351,3.4718010425567627,4.587535491297323
gulf-of-bothnia,352,3.4120945930480957,4.519727137011866
gulf-of-bothnia,353,3.353597640991211,4.451619109799785
gulf-of-bothnia,354,3.296541929244995,4.3838382551747
gulf-of-bothnia,355,3.240828514099121,4.315872209302841
gulf-of-bothnia,356,3.1864588260650635,4.2500944922047275
gulf-of-bothnia,357,3.133336067199707,4.186845749424351
gulf-of-bothnia,358,3.08129620552063,4.126829804143599
gulf-of-bothnia,359,3.030247449874878,4.069894101542811
gulf-of-bothnia,360,2.9800822734832764,4.0142717845978275
gulf-of-bothnia,361,2.930868625640869,3.9597072370590705
gulf-of-bothnia,362,2.8828365802764893,3.905763073121348
gulf-of-bothnia,363,2.835848808288574,3.8553914039365704
gulf-of-bothnia,364,2.789597749710083,3.8075926526900266
gulf-of-bothnia,365,2.7435195446014404,3.757979379161712
gulf-of-bothnia,366,2.6973869800567627,3.708535271306192
gulf-of-finland,1,2.4900434017181396,3.971729582355869
gulf-of-finland,2,2.427056312561035,3.9103018737608397
gulf-of-finland,3,2.3641228675842285,3.851150332727741
gulf-of-finland,4,2.301591634750366,3.7932385606150483
gulf-of-finland,5,2.239687919616699,3.735774554744844
gulf-of-finland,6,2.1784543991088867,3.677424042455612
gulf-of-finland,7,2.1176209449768066,3.617412014161387
gulf-of-finland,8,2.056962728500366,3.5550171729057065
gulf-of-finland,9,1.996599555015564,3.4919788383668466
gulf-of-finland,10,1.9366509914398193,3.4269032832114927
gulf-of-finland,11,1.8772691488265991,3.3636410520922757
gulf-of-finland,12,1.8185640573501587,3.3024558628759078
gulf-of-finland,13,1.7606791257858276,3.24325243965272
gulf-of-finland,14,1.703668236732483,3.1845453277710947
gulf-of-finland,15,1.6474153995513916,3.1258577000710273
gulf-of-finland,16,1.5918868780136108,3.0660929672179686
gulf-of-finland,17,1.5384941101074219,3.003615399329893
gulf-of-finland,18,1.4859631061553955,2.9401893038903513
gulf-of-finland,19,1.4343615770339966,2.877547092591563
gulf-of-finland,20,1.3836112022399902,2.815543372015799
gulf-of-finland,21,1.3338818550109863,2.755412689716585
gulf-of-finland,22,1.2852116823196411,2.6966044402891587
gulf-of-finland,23,1.237744927406311,2.6391371373207337
gulf-of-finland,24,1.1914496421813965,2.579731120217231
gulf-of-finland,25,1.146333932876587,2.5199431438599866
gulf-of-finland,26,1.1022446155548096,2.4609101856908495
gulf-of-finland,27,1.0590754747390747,2.4032136294149584
gulf-of-finland,28,1.0167490243911743,2.344784050603067
gulf-of-finland,29,0.9752994775772095,2.284638882452442
gulf-of-finland,30,0.9351093769073486,2.2224703373447547
gulf-of-finland,31,0.8964195251464844,2.1612329763750884
gulf-of-finland,32,0.8594949841499329,2.0997131093855836
gulf-of-finland,33,0.8242715001106262,2.0390367092624793
gulf-of-finland,34,0.7906596660614014,1.9792077749006216
gulf-of-finland,35,0.7585093975067139,1.9215915633786118
gulf-of-finland,36,0.7276885509490967,1.8643249265609254
gulf-of-finland,37,0.6982403993606567,1.808786644474153
gulf-of-finland,38,0.6702938675880432,1.7564714324089792
gulf-of-finland,39,0.6439173817634583,1.7080408519314185
gulf-of-finland,40,0.6190086007118225,1.6629521139206427
gulf-of-finland,41,0.5954710841178894,1.6227248737888953
gulf-of-finland,42,0.5731382966041565,1.5889762497717335
gulf-of-finland,43,0.5517808794975281,1.5558818148028466
gulf-of-finland,44,0.5313379168510437,1.5229126568763491
gulf-of-finland,45,0.5154263973236084,1.5044402726234933
gulf-of-finland,46,0.49703025817871094,1.4715257806162685
gulf-of-finland,47,0.47983434796333313,1.4406064964109857
gulf-of-finland,48,0.46388256549835205,1.4128853444130196
gulf-of-finland,49,0.44930893182754517,1.3871529494562462
gulf-of-finland,50,0.4360404312610626,1.362394267897453
gulf-of-finland,51,0.4242376387119293,1.3418131382234644
gulf-of-finland,52,0.41386765241622925,1.3223046679650592
gulf-of-finland,53,0.40455707907676697,1.3044364071661434
gulf-of-finland,54,0.39617687463760376,1.2872159004211434
gulf-of-finland,55,0.38894423842430115,1.2745492589089182
gulf-of-finland,56,0.3828296959400177,1.265510983236375
gulf-of-finland,57,0.3779173791408539,1.2606619511881185
gulf-of-finland,58,0.3741958439350128,1.2593937166275515
gulf-of-finland,59,0.37169307470321655,1.2601042320651392
gulf-of-finland,60,0.3702515661716461,1.2634705785782108
gulf-of-finland,61,0.3698262870311737,1.2686608822115009
gulf-of-finland,62,0.3703697919845581,1.2761262993658748
gulf-of-finland,63,0.3716897666454315,1.2851278505017685
gulf-of-finland,64,0.3741077184677124,1.2958242554818438
gulf-of-finland,65,0.377856969833374,1.307058610070137
gulf-of-finland,66,0.38288283348083496,1.3195942390349609
gulf-of-finland,67,0.389259397983551,1.3341435428588624
gulf-of-finland,68,0.39693114161491394,1.3494964711127746
gulf-of-finland,69,0.4059162139892578,1.366131365299225
gulf-of-finland,70,0.416136234998703,1.3831934648175395
gulf-of-finland,71,0.4276615083217621,1.4015456714937766
gulf-of-finland,72,0.44048696756362915,1.4219161160530585
gulf-of-finland,73,0.45469316840171814,1.438951595367924
gulf-of-finland,74,0.47052350640296936,1.4564979868550456
gulf-of-finland,75,0.4879192113876343,1.4746842030555973
gulf-of-finland,76,0.5032798051834106,1.4810052963995166
gulf-of-finland,77,0.5239408016204834,1.5048627761102493
gulf-of-finland,78,0.5461909770965576,1.529525789906902
gulf-of-finland,79,0.5698156952857971,1.5550306043317244
gulf-of-finland,80,0.5947798490524292,1.5820755735520398
gulf-of-finland,81,0.6213023066520691,1.6101900527554178
gulf-of-finland,82,0.6493105292320251,1.63799924350554
gulf-of-finland,83,0.6786659955978394,1.6678624726110893
gulf-of-finland,84,0.7096292972564697,1.699024843785071
gulf-of-finland,85,0.7421470284461975,1.7326136350631718
gulf-of-finland,86,0.7760984301567078,1.7672155330258035
gulf-of-finland,87,0.8118125200271606,1.8057024409694058
gulf-of-finland,88,0.8493704199790955,1.8446664887089883
gulf-of-finland,89,0.888804018497467,1.8870136453259376
gulf-of-finland,90,0.9301549792289734,1.9367485173286934
gulf-of-finland,91,0.9734895825386047,1.9930115526722327
gulf-of-finland,92,1.0187208652496338,2.053014419155736
gulf-of-finland,93,1.0659059286117554,2.115448863660136
gulf-of-finland,94,1.1153310537338257,2.179753642697489
gulf-of-finland,95,1.167142629623413,2.2448189112447925
gulf-of-finland,96,1.2215399742126465,2.313604162200805
gulf-of-finland,97,1.2787946462631226,2.383857428258465
gulf-of-finland,98,1.3386719226837158,2.457987485008855
gulf-of-finland,99,1.4009219408035278,2.5367483619720708
gulf-of-finland,100,1.4654499292373657,2.62225151331194
gulf-of-finland,101,1.5323485136032104,2.7097811172085424
gulf-of-finland,102,1.601546287536621,2.797457891894925
gulf-of-finland,103,1.6731245517730713,2.8845441006845043
gulf-of-finland,104,1.747028112411499,2.969884085270666
gulf-of-finland,105,1.8233082294464111,3.055309453318196
gulf-of-finland,106,1.9018023014068604,3.143169795313189
gulf-of-finland,107,1.982114315032959,3.2328378196685543
gulf-of-finland,108,2.0641021728515625,3.322941896992345
gulf-of-finland,109,2.148019552230835,3.4141301224308633
gulf-of-finland,110,2.234285354614258,3.5135250952935997
gulf-of-finland,111,2.323089361190796,3.6171374651693533
gulf-of-finland,112,2.4143519401550293,3.7285177461562626
gulf-of-finland,113,2.508208751678467,3.843261937172184
gulf-of-finland,114,2.6046760082244873,3.957213026477446
gulf-of-finland,115,2.7036983966827393,4.071255278587342
gulf-of-finland,116,2.8052568435668945,4.184970441172201
gulf-of-finland,117,2.909515142440796,4.298802640361171
gulf-of-finland,118,3.0165581703186035,4.412166217065627
gulf-of-finland,119,3.126365900039673,4.53381343426243
gulf-of-finland,120,3.238729476928711,4.6678292389838925
gulf-of-finland,121,3.3535752296447754,4.80141416211282
gulf-of-finland,122,3.470921277999878,4.932991115508541
gulf-of-finland,123,3.5910544395446777,5.068062183933873
gulf-of-finland,124,3.7138795852661133,5.208100302757755
gulf-of-finland,125,3.8392488956451416,5.352621230002373
gulf-of-finland,126,3.9669926166534424,5.50622693031065
gulf-of-finland,127,4.09661865234375,5.658951321724921
gulf-of-finland,128,4.2276411056518555,5.814986543501578
gulf-of-finland,129,4.360035419464111,5.9726116457293115
gulf-of-finland,130,4.493913650512695,6.127867923244354
gulf-of-finland,131,4.629550933837891,6.28235017714962
gulf-of-finland,132,4.7670488357543945,6.442233450182024
gulf-of-finland,133,4.906605243682861,6.613429392537764
gulf-of-finland,134,5.048222541809082,6.790711187547255
gulf-of-finland,135,5.192069053649902,6.97416297697252
gulf-of-finland,136,5.337982654571533,7.1620740106028915
gulf-of-finland,137,5.486161708831787,7.347592430730022
gulf-of-finland,138,5.636998653411865,7.535098738824169
gulf-of-finland,139,5.79088020324707,7.727595473874001
gulf-of-finland,140,5.94779634475708,7.922990789721091
gulf-of-finland,141,6.107549667358398,8.113657302241174
gulf-of-finland,142,6.269784927368164,8.304163709763559
gulf-of-finland,143,6.434260368347168,8.49114651064719
gulf-of-finland,144,6.60061502456665,8.676790488150814
gulf-of-finland,145,6.768477916717529,8.866470949111447
gulf-of-finland,146,6.937213897705078,9.055938493051839
gulf-of-finland,147,7.106706142425537,9.247019483197121
gulf-of-finland,148,7.27689790725708,9.44209263709284
gulf-of-finland,149,7.4476423263549805,9.635469711980512
gulf-of-finland,150,7.618564128875732,9.822541561434347
gulf-of-finland,151,7.789529323577881,9.996818993168494
gulf-of-finland,152,7.960324764251709,10.1669069305543
gulf-of-finland,153,8.131141662597656,10.33939841947248
gulf-of-finland,154,8.301840782165527,10.513137175959926
gulf-of-finland,155,8.472620010375977,10.69496115715273
gulf-of-finland,156,8.644059181213379,10.886415675378615
gulf-of-finland,157,8.816703796386719,11.077294469648793
gulf-of-finland,158,8.991058349609375,11.272004807379938
gulf-of-finland,159,9.167316436767578,11.46580753634053
gulf-of-finland,160,9.345333099365234,11.654402382143083
gulf-of-finland,161,9.525456428527832,11.841626354955858
gulf-of-finland,162,9.707633018493652,12.028279999763738
gulf-of-finland,163,9.891678810119629,12.216395919553696
gulf-of-finland,164,10.077364921569824,12.407036873602099
gulf-of-finland,165,10.265088081359863,12.594564385567942
gulf-of-finland,166,10.454171180725098,12.786674816377703
gulf-of-finland,167,10.643951416015625,12.982480999731251
gulf-of-finland,168,10.83414363861084,13.189255834394887
gulf-of-finland,169,11.024901390075684,13.398942808951102
gulf-of-finland,170,11.216014862060547,13.608839016575969
gulf-of-finland,171,11.407244682312012,13.82007368456933
gulf-of-finland,172,11.597952842712402,14.030252548956105
gulf-of-finland,173,11.788076400756836,14.239237000865323
gulf-of-finland,174,11.97780704498291,14.456562629822763
gulf-of-finland,175,12.16685676574707,14.672701306496899
gulf-of-finland,176,12.355069160461426,14.886468690441502
gulf-of-finland,177,12.543343544006348,15.102337837219238
gulf-of-finland,178,12.731884956359863,15.31645751460906
gulf-of-finland,179,12.920205116271973,15.530425533171623
gulf-of-finland,180,13.107397079467773,15.743972821389475
gulf-of-finland,181,13.29299259185791,15.957845109508883
gulf-of-finland,182,13.477010726928711,16.17309804116526
gulf-of-finland,183,13.659727096557617,16.387482495461743
gulf-of-finland,184,13.840928077697754,16.599956410931004
gulf-of-finland,185,14.020624160766602,16.808184494510776
gulf-of-finland,186,14.198531150817871,17.00617710851854
gulf-of-finland,187,14.373847007751465,17.19222956626646
gulf-of-finland,188,14.546004295349121,17.375080016351514
gulf-of-finland,189,14.714766502380371,17.559266370342623
gulf-of-finland,190,14.880215644836426,17.747612688618325
gulf-of-finland,191,15.042389869689941,17.936324944034702
gulf-of-finland,192,15.200654983520508,18.12393667159542
gulf-of-finland,193,15.354399681091309,18.306257786289343
gulf-of-finland,194,15.503120422363281,18.47978053246775
gulf-of-finland,195,15.646540641784668,18.63743008951987
gulf-of-finland,196,15.783941268920898,18.78900259694746
gulf-of-finland,197,15.915627479553223,18.93050684159802
gulf-of-finland,198,16.041643142700195,19.06269962556901
gulf-of-finland,199,16.16173553466797,19.183449646734427
gulf-of-finland,200,16.27524757385254,19.2952231560984
gulf-of-finland,201,16.381940841674805,19.39646786105249
gulf-of-finland,202,16.48197364807129,19.48374695931712
gulf-of-finland,203,16.575965881347656,19.564868896238266
gulf-of-finland,204,16.664352416992188,19.639017708070813
gulf-of-finland,205,16.747020721435547,19.69732274701518
gulf-of-finland,206,16.8239803314209,19.752556505510874
gulf-of-finland,207,16.895244598388672,19.80444066447596
gulf-of-finland,208,16.960054397583008,19.852420794579288
gulf-of-finland,209,17.01828956604004,19.896969850601685
gulf-of-finland,210,17.06989288330078,19.93443511839836
gulf-of-finland,211,17.115421295166016,19.96949737302718
gulf-of-finland,212,17.15534019470215,19.98960848162251
gulf-of-finland,213,17.189661026000977,19.99588960216891
gulf-of-finland,214,17.218374252319336,19.99394573703888
gulf-of-finland,215,17.241228103637695,19.98073201948596
gulf-of-finland,216,17.258100509643555,19.960158200417794
gulf-of-finland,217,17.269315719604492,19.933037474847605
gulf-of-finland,218,17.27523422241211,19.900596095669652
gulf-of-finland,219,17.27595329284668,19.856767303712907
gulf-of-finland,220,17.271251678466797,19.80333255029494
gulf-of-finland,221,17.26081657409668,19.739336782886138
gulf-of-finland,222,17.24458885192871,19.667217014681913
gulf-of-finland,223,17.22262954711914,19.59150557364187
gulf-of-finland,224,17.195207595825195,19.508204109438005
gulf-of-finland,225,17.162830352783203,19.418965591922884
gulf-of-finland,226,17.125713348388672,19.32789686879804
gulf-of-finland,227,17.083873748779297,19.23541452961583
gulf-of-finland,228,17.037145614624023,19.13817150362076
gulf-of-finland,229,16.985780715942383,19.036191761878225
gulf-of-finland,230,16.930233001708984,18.932406148602887
gulf-of-finland,231,16.871118545532227,18.827662351054528
gulf-of-finland,232,16.808748245239258,18.720627206371677
gulf-of-finland,233,16.743017196655273,18.618151597053775
gulf-of-finland,234,16.673892974853516,18.513701463514757
gulf-of-finland,235,16.601106643676758,18.40805155231107
gulf-of-finland,236,16.524465560913086,18.30262683745353
gulf-of-finland,237,16.444244384765625,18.195059542502122
gulf-of-finland,238,16.36103630065918,18.0848852526757
gulf-of-finland,239,16.275287628173828,17.971175802907638
gulf-of-finland,240,16.186819076538086,17.853421457352177
gulf-of-finland,241,16.095870971679688,17.734768990547423
gulf-of-finland,242,16.002431869506836,17.61111814129737
gulf-of-finland,243,15.906496047973633,17.4945661821673
gulf-of-finland,244,15.80832576751709,17.38544360130064
gulf-of-finland,245,15.707658767700195,17.27404062209591
gulf-of-finland,246,15.604548454284668,17.164190679980862
gulf-of-finland,247,15.499102592468262,17.05294556463918
gulf-of-finland,248,15.391239166259766,16.935304306399434
gulf-of-finland,249,15.280850410461426,16.809449961877636
gulf-of-finland,250,15.167840003967285,16.681401018942555
gulf-of-finland,251,15.052485466003418,16.55186141537082
gulf-of-finland,252,14.934959411621094,16.421516661490163
gulf-of-finland,253,14.815220832824707,16.29427883394303
gulf-of-finland,254,14.693628311157227,16.16345714446037
gulf-of-finland,255,14.57021713256836,16.03268028074695
gulf-of-finland,256,14.44499397277832,15.904421114152473
gulf-of-finland,257,14.318284034729004,15.774793298782836
gulf-of-finland,258,14.190047264099121,15.640801983494908
gulf-of-finland,259,14.060343742370605,15.505387859959752
gulf-of-finland,260,13.929510116577148,15.368184981807584
gulf-of-finland,261,13.797588348388672,15.227024742864792
gulf-of-finland,262,13.66451358795166,15.084930244568856
gulf-of-finland,263,13.530108451843262,14.944628921631844
gulf-of-finland,264,13.394601821899414,14.805346356668782
gulf-of-finland,265,13.257865905761719,14.669397246453071
gulf-of-finland,266,13.119866371154785,14.531478321936824
gulf-of-finland,267,12.981008529663086,14.393105623798988
gulf-of-finland,268,12.841318130493164,14.251312671169162
gulf-of-finland,269,12.70094108581543,14.108187152493386
gulf-of-finland,270,12.560017585754395,13.9619694402141
gulf-of-finland,271,12.418639183044434,13.8162044279037
gulf-of-finland,272,12.276959419250488,13.666841894580477
gulf-of-finland,273,12.135112762451172,13.52003184595416
gulf-of-finland,274,11.993268013000488,13.373774331615818
gulf-of-finland,275,11.851412773132324,13.223447270547192
gulf-of-finland,276,11.709878921508789,13.078973619399536
gulf-of-finland,277,11.568875312805176,12.936912216678744
gulf-of-finland,278,11.428333282470703,12.791963801845428
gulf-of-finland,279,11.288186073303223,12.652475049418788
gulf-of-finland,280,11.148314476013184,12.518967576180737
gulf-of-finland,281,11.008575439453125,12.385784315293838
gulf-of-finland,282,10.869163513183594,12.249703388829385
gulf-of-finland,283,10.730223655700684,12.109918012926654
gulf-of-finland,284,10.591954231262207,11.969673156738281
gulf-of-finland,285,10.454461097717285,11.831913889608076
gulf-of-finland,286,10.318169593811035,11.697931074327037
gulf-of-finland,287,10.183223724365234,11.56277409215127
gulf-of-finland,288,10.049544334411621,11.427100796853342
gulf-of-finland,289,9.917346954345703,11.293216994500929
gulf-of-finland,290,9.786876678466797,11.161106675670995
gulf-of-finland,291,9.658105850219727,11.031090622563518
gulf-of-finland,292,9.531219482421875,10.905479412694133
gulf-of-finland,293,9.405844688415527,10.778536408947364
gulf-of-finland,294,9.282049179077148,10.653375474868286
gulf-of-finland,295,9.15966796875,10.5284978097485
gulf-of-finland,296,9.038649559020996,10.401191579141928
gulf-of-finland,297,8.918797492980957,10.277617109975509
gulf-of-finland,298,8.799971580505371,10.150704657646921
gulf-of-finland,299,8.682353973388672,10.025472508707356
gulf-of-finland,300,8.56583023071289,9.898910654744792
gulf-of-finland,301,8.450311660766602,9.775938649331366
gulf-of-finland,302,8.33587646484375,9.65360941733083
gulf-of-finland,303,8.222699165344238,9.53604522520496
gulf-of-finland,304,8.110868453979492,9.42011988393722
gulf-of-finland,305,8.000292778015137,9.303516707881803
gulf-of-finland,306,7.890971660614014,9.189619888797884
gulf-of-finland,307,7.782837390899658,9.075404756299912
gulf-of-finland,308,7.675807952880859,8.960647307672808
gulf-of-finland,309,7.569855213165283,8.850454971867222
gulf-of-finland,310,7.464964866638184,8.740901691682875
gulf-of-finland,311,7.361250877380371,8.632342343176564
gulf-of-finland,312,7.258699893951416,8.526829479586693
gulf-of-finland,313,7.157018661499023,8.425027321230981
gulf-of-finland,314,7.056026935577393,8.32574316455472
gulf-of-finland,315,6.955721855163574,8.226055154492778
gulf-of-finland,316,6.855959415435791,8.125086918184834
gulf-of-finland,317,6.756333827972412,8.022792842311246
gulf-of-finland,318,6.656708717346191,7.920896873166487
gulf-of-finland,319,6.55686616897583,7.820160339724634
gulf-of-finland,320,6.456731796264648,7.717538775167159
gulf-of-finland,321,6.356314659118652,7.615743830896195
gulf-of-finland,322,6.255654335021973,7.517004299163821
gulf-of-finland,323,6.154588222503662,7.416889156833773
gulf-of-finland,324,6.053471088409424,7.317615479807701
gulf-of-finland,325,5.9521708488464355,7.216758960293187
gulf-of-finland,326,5.850872039794922,7.114558039942096
gulf-of-finland,327,5.749711036682129,7.0139774460946365
gulf-of-finland,328,5.649182319641113,6.913849893693001
gulf-of-finland,329,5.549418926239014,6.817046156237203
gulf-of-finland,330,5.450637340545654,6.722507864429105
gulf-of-finland,331,5.352675437927246,6.6309575926873
gulf-of-finland,332,5.255444049835205,6.541233773385325
gulf-of-finland,333,5.1590046882629395,6.4526416317109145
gulf-of-finland,334,5.063376426696777,6.364624255703341
gulf-of-finland,335,4.968532085418701,6.276789462181829
gulf-of-finland,336,4.874632358551025,6.189320370458787
gulf-of-finland,337,4.7816619873046875,6.101704577476747
gulf-of-finland,338,4.689525604248047,6.01372563608231
gulf-of-finland,339,4.598172187805176,5.924981754056869
gulf-of-finland,340,4.507657527923584,5.838417297793973
gulf-of-finland,341,4.417875289916992,5.752606941038564
gulf-of-finland,342,4.329010486602783,5.6677500355628245
gulf-of-finland,343,4.241297245025635,5.584738760609781
gulf-of-finland,344,4.154704570770264,5.502111094997776
gulf-of-finland,345,4.069422721862793,5.421759446974725
gulf-of-finland,346,3.985508918762207,5.3430787578705825
gulf-of-finland,347,3.9031248092651367,5.267662166780041
gulf-of-finland,348,3.822322130203247,5.193635768275106
gulf-of-finland,349,3.743133544921875,5.120704841613769
gulf-of-finland,350,3.6654560565948486,5.048706892997987
gulf-of-finland,351,3.5892300605773926,4.981595816150788
gulf-of-finland,352,3.5131914615631104,4.91622211240953
gulf-of-finland,353,3.4384284019470215,4.85112476348877
gulf-of-finland,354,3.3647968769073486,4.787031467499272
gulf-of-finland,355,3.2922394275665283,4.724463264403805
gulf-of-finland,356,3.2207424640655518,4.662779011264924
gulf-of-finland,357,3.1502974033355713,4.6015215173844375
gulf-of-finland,358,3.0808513164520264,4.540951096627022
gulf-of-finland,359,3.012160062789917,4.479747885273349
gulf-of-finland,360,2.9440832138061523,4.41796070298841
gulf-of-finland,361,2.8766140937805176,4.354476988700129
gulf-of-finland,362,2.8100533485412598,4.289289310670669
gulf-of-finland,363,2.744504451751709,4.224553388933981
gulf-of-finland,364,2.6800806522369385,4.1617724264821705
gulf-of-finland,365,2.6163406372070312,4.098933774425138
gulf-of-finland,366,2.5530905723571777,4.034358164571947
gulf-of-riga,1,3.3589813709259033,5.066169297310614
gulf-of-riga,2,3.2871532440185547,4.985559928801752
gulf-of-riga,3,3.2161898612976074,4.904408407211303
gulf-of-riga,4,3.1458444595336914,4.824471485999322
gulf-of-riga,5,3.0760674476623535,4.742520233123534
gulf-of-riga,6,3.0069377422332764,4.659777713591052
gulf-of-riga,7,2.93837833404541,4.57598802505001
gulf-of-riga,8,2.8703207969665527,4.492051843673952
gulf-of-riga,9,2.80253267288208,4.410565257841541
gulf-of-riga,10,2.7351443767547607,4.3307219905238
gulf-of-riga,11,2.668445110321045,4.252864829186471
gulf-of-riga,12,2.602503776550293,4.176329130511131
gulf-of-riga,13,2.5372447967529297,4.102240159434657
gulf-of-riga,14,2.4727020263671875,4.032679855438971
gulf-of-riga,15,2.409151792526245,3.967345331561181
gulf-of-riga,16,2.347027063369751,3.905069265827056
gulf-of-riga,17,2.287355899810791,3.8471743952843456
gulf-of-riga,18,2.2281956672668457,3.7882586725296514
gulf-of-riga,19,2.169727087020874,3.7258030391508536
gulf-of-riga,20,2.112386703491211,3.66098773556371
gulf-of-riga,21,2.056077241897583,3.595423139295271
gulf-of-riga,22,1.9999951124191284,3.5253202830591523
gulf-of-riga,23,1.9444832801818848,3.4522478165165076
gulf-of-riga,24,1.8899626731872559,3.379639564791034
gulf-of-riga,25,1.8364336490631104,3.310446880709742
gulf-of-riga,26,1.7840144634246826,3.244215093889546
gulf-of-riga,27,1.732081413269043,3.1798987419374543
gulf-of-riga,28,1.6806920766830444,3.115802165000671
gulf-of-riga,29,1.6299378871917725,3.0527897750177706
gulf-of-riga,30,1.57973051071167,2.9907204458790457
gulf-of-riga,31,1.5298885107040405,2.9274842677577864
gulf-of-riga,32,1.481108546257019,2.8660323181459986
gulf-of-riga,33,1.4340779781341553,2.812564315334444
gulf-of-riga,34,1.3886642456054688,2.760356333563405
gulf-of-riga,35,1.3447601795196533,2.708999860286713
gulf-of-riga,36,1.3024777173995972,2.6607222253276457
gulf-of-riga,37,1.2615456581115723,2.6149687828556183
gulf-of-riga,38,1.2222181558609009,2.569444855182402
gulf-of-riga,39,1.1843948364257812,2.5272986842739975
gulf-of-riga,40,1.148452639579773,2.4892459415620376
gulf-of-riga,41,1.1145775318145752,2.454328289339619
gulf-of-riga,42,1.082832932472229,2.42039612339389
gulf-of-riga,43,1.05266273021698,2.3869853488860597
gulf-of-riga,44,1.0241692066192627,2.3545050459523367
gulf-of-riga,45,1.0030268430709839,2.337260184236753
gulf-of-riga,46,0.9774808287620544,2.304779881303029
gulf-of-riga,47,0.9531033635139465,2.272691800004693
gulf-of-riga,48,0.9303059577941895,2.2423852423185946
gulf-of-riga,49,0.9094856977462769,2.2137834851459797
gulf-of-riga,50,0.8905128836631775,2.1915759742900898
gulf-of-riga,51,0.8732383251190186,2.173355335061269
gulf-of-riga,52,0.8577355146408081,2.157595647022289
gulf-of-riga,53,0.8445253968238831,2.1481471394979827
gulf-of-riga,54,0.8333846926689148,2.14328642301662
gulf-of-riga,55,0.8241830468177795,2.1395171360303
gulf-of-riga,56,0.8165740966796875,2.1388420545926663
gulf-of-riga,57,0.8104488849639893,2.1385887917651925
gulf-of-riga,58,0.8060798048973083,2.1385377640365273
gulf-of-riga,59,0.8035656213760376,2.1388507722526473
gulf-of-riga,60,0.8026500344276428,2.139796797947217
gulf-of-riga,61,0.8036009073257446,2.141502638273342
gulf-of-riga,62,0.8067672848701477,2.1453424017916443
gulf-of-riga,63,0.8114917874336243,2.1500906416164933
gulf-of-riga,64,0.8172481060028076,2.155835359583619
gulf-of-riga,65,0.824356198310852,2.1641721239653964
gulf-of-riga,66,0.83307284116745,2.1735951422363198
gulf-of-riga,67,0.8436044454574585,2.1830227081493665
gulf-of-riga,68,0.8562657833099365,2.1936795367989492
gulf-of-riga,69,0.8708668947219849,2.2066372747062353
gulf-of-riga,70,0.887514054775238,2.22061222932672
gulf-of-riga,71,0.9061474204063416,2.24067324771676
gulf-of-riga,72,0.9264093041419983,2.261765652574519
gulf-of-riga,73,0.948108434677124,2.282631108325015
gulf-of-riga,74,0.9722169637680054,2.3053269765710325
gulf-of-riga,75,0.998893678188324,2.3302180938823254
gulf-of-riga,76,1.02251398563385,2.3423855889228085
gulf-of-riga,77,1.0543217658996582,2.3703936576843265
gulf-of-riga,78,1.0885483026504517,2.4000870127831737
gulf-of-riga,79,1.1248857975006104,2.430318194050943
gulf-of-riga,80,1.1633449792861938,2.4610683364252894
gulf-of-riga,81,1.2038946151733398,2.4951481926825747
gulf-of-riga,82,1.246476411819458,2.5308742461665994
gulf-of-riga,83,1.2912567853927612,2.572328537510288
gulf-of-riga,84,1.3379429578781128,2.6148872706197928
gulf-of-riga,85,1.3861804008483887,2.6590024671246932
gulf-of-riga,86,1.4358083009719849,2.706771259923135
gulf-of-riga,87,1.4873636960983276,2.754116685928837
gulf-of-riga,88,1.5408574342727661,2.8027517457162183
gulf-of-riga,89,1.5962333679199219,2.854327266447006
gulf-of-riga,90,1.6539876461029053,2.9097725652879287
gulf-of-riga,91,1.7145463228225708,2.9699480287490356
gulf-of-riga,92,1.7779457569122314,3.0357163037023245
gulf-of-riga,93,1.8442771434783936,3.10513061477292
gulf-of-riga,94,1.914027214050293,3.182718203144689
gulf-of-riga,95,1.9879904985427856,3.2683423088442902
gulf-of-riga,96,2.066404342651367,3.3567788385575827
gulf-of-riga,97,2.149475574493408,3.4543348896887993
gulf-of-riga,98,2.236537456512451,3.5596755112371143
gulf-of-riga,99,2.327390432357788,3.674609514205687
gulf-of-riga,100,2.421945571899414,3.7992977173097677
gulf-of-riga,101,2.5197203159332275,3.9266413373331877
gulf-of-riga,102,2.6202332973480225,4.046568629049486
gulf-of-riga,103,2.7238988876342773,4.169190663676109
gulf-of-riga,104,2.8306052684783936,4.294847778351077
gulf-of-riga,105,2.9396748542785645,4.422768373643199
gulf-of-riga,106,3.0503525733947754,4.550709526769576
gulf-of-riga,107,3.1623716354370117,4.678702626689788
gulf-of-riga,108,3.276127815246582,4.8092143958614715
gulf-of-riga,109,3.392219305038452,4.942325645108377
gulf-of-riga,110,3.511521816253662,5.0832032211365235
gulf-of-riga,111,3.6345484256744385,5.2308481854777185
gulf-of-riga,112,3.761340618133545,5.380133261219148
gulf-of-riga,113,3.891613245010376,5.5354762800278206
gulf-of-riga,114,4.0249505043029785,5.692510531025548
gulf-of-riga,115,4.161382675170898,5.848500769369063
gulf-of-riga,116,4.301145553588867,6.008045408033556
gulf-of-riga,117,4.444591999053955,6.171842358189245
gulf-of-riga,118,4.591765880584717,6.3464834497820934
gulf-of-riga,119,4.742762088775635,6.524729807915225
gulf-of-riga,120,4.897172927856445,6.708736332001224
gulf-of-riga,121,5.054533958435059,6.894954667552825
gulf-of-riga,122,5.214657783508301,7.086661508006435
gulf-of-riga,123,5.377727031707764,7.289760266580889
gulf-of-riga,124,5.543637752532959,7.502592582087364
gulf-of-riga,125,5.711998462677002,7.721218038374379
gulf-of-riga,126,5.882102012634277,7.938953419654601
gulf-of-riga,127,6.053327560424805,8.156126023877054
gulf-of-riga,128,6.224944114685059,8.364553257726856
gulf-of-riga,129,6.397070407867432,8.567948396744267
gulf-of-riga,130,6.569308757781982,8.765580621842414
gulf-of-riga,131,6.7417521476745605,8.96500673909341
gulf-of-riga,132,6.914179801940918,9.164005871742
gulf-of-riga,133,7.086732864379883,9.365457221000424
gulf-of-riga,134,7.259228706359863,9.563900007740141
gulf-of-riga,135,7.4320759773254395,9.763834974842688
gulf-of-riga,136,7.605737686157227,9.98162266054461
gulf-of-riga,137,7.781022548675537,10.200195163296117
gulf-of-riga,138,7.958634376525879,10.425926271561654
gulf-of-riga,139,8.138812065124512,10.657793823365243
gulf-of-riga,140,8.321316719055176,10.896328699973322
gulf-of-riga,141,8.50532341003418,11.130528848401962
gulf-of-riga,142,8.689957618713379,11.362617603425056
gulf-of-riga,143,8.875073432922363,11.593947536714614
gulf-of-riga,144,9.060219764709473,11.822777972682829
gulf-of-riga,145,9.244864463806152,12.048708706517372
gulf-of-riga,146,9.428681373596191,12.273147124628865
gulf-of-riga,147,9.61103343963623,12.48901841255926
gulf-of-riga,148,9.79167652130127,12.701735616499377
gulf-of-riga,149,9.970231056213379,12.902388548081921
gulf-of-riga,150,10.146177291870117,13.098937025377827
gulf-of-riga,151,10.31944751739502,13.288900310762468
gulf-of-riga,152,10.489858627319336,13.474970245361328
gulf-of-riga,153,10.657710075378418,13.652905993307792
gulf-of-riga,154,10.822796821594238,13.816251905502815
gulf-of-riga,155,10.985302925109863,13.97209903655514
gulf-of-riga,156,11.145565032958984,14.120711483493931
gulf-of-riga,157,11.304193496704102,14.268008816626766
gulf-of-riga,158,11.461962699890137,14.432950622804706
gulf-of-riga,159,11.619340896606445,14.599790613112912
gulf-of-riga,160,11.77666187286377,14.768090475759198
gulf-of-riga,161,11.934925079345703,14.93468442424651
gulf-of-riga,162,12.093806266784668,15.091538549238635
gulf-of-riga,163,12.253612518310547,15.249346443914598
gulf-of-riga,164,12.41414737701416,15.40654730027722
gulf-of-riga,165,12.575520515441895,15.564720753700504
gulf-of-riga,166,12.73730754852295,15.721451094842728
gulf-of-riga,167,12.899314880371094,15.859514811731158
gulf-of-riga,168,13.061039924621582,15.999463428989536
gulf-of-riga,169,13.22195053100586,16.136976491251303
gulf-of-riga,170,13.381294250488281,16.2663823189274
gulf-of-riga,171,13.53842544555664,16.389104852368757
gulf-of-riga,172,13.692915916442871,16.51576860181747
gulf-of-riga,173,13.844684600830078,16.642146611982778
gulf-of-riga,174,13.99403190612793,16.76899650635258
gulf-of-riga,175,14.141922950744629,16.895266348315822
gulf-of-riga,176,14.289105415344238,17.023130450710173
gulf-of-riga,177,14.435744285583496,17.162787609715615
gulf-of-riga,178,14.582303047180176,17.310844126055322
gulf-of-riga,179,14.728392601013184,17.458330243633643
gulf-of-riga,180,14.873778343200684,17.60693260315926
gulf-of-riga,181,15.01855182647705,17.75426132448258
gulf-of-riga,182,15.163190841674805,17.900447144046904
gulf-of-riga,183,15.307697296142578,18.045525655438823
gulf-of-riga,184,15.452242851257324,18.190043237132407
gulf-of-riga,185,15.596778869628906,18.335007482959377
gulf-of-riga,186,15.740325927734375,18.475008441555886
gulf-of-riga,187,15.88239574432373,18.60908489227295
gulf-of-riga,188,16.022783279418945,18.740603139323575
gulf-of-riga,189,16.161113739013672,18.85944223096294
gulf-of-riga,190,16.297239303588867,18.984349170807867
gulf-of-riga,191,16.43096160888672,19.107647225164598
gulf-of-riga,192,16.561555862426758,19.229956442309962
gulf-of-riga,193,16.688488006591797,19.350492717373754
gulf-of-riga,194,16.81171226501465,19.464756928720785
gulf-of-riga,195,16.931453704833984,19.575958061218262
gulf-of-riga,196,17.047386169433594,19.683694519535187
gulf-of-riga,197,17.159893035888672,19.788340931553996
gulf-of-riga,198,17.268436431884766,19.889707356114545
gulf-of-riga,199,17.37272834777832,19.984767587723276
gulf-of-riga,200,17.47237777709961,20.07254100307342
gulf-of-riga,201,17.567649841308594,20.155772449124253
gulf-of-riga,202,17.658666610717773,20.230108316483047
gulf-of-riga,203,17.7456111907959,20.29342415102067
gulf-of-riga,204,17.82866668701172,20.349537621774985
gulf-of-riga,205,17.907339096069336,20.400369982565607
gulf-of-riga,206,17.980737686157227,20.44269988152289
gulf-of-riga,207,18.048320770263672,20.477170458147604
gulf-of-riga,208,18.109773635864258,20.499891459557322
gulf-of-riga,209,18.165348052978516,20.51650908070226
gulf-of-riga,210,18.21513557434082,20.528855576053747
gulf-of-riga,211,18.259437561035156,20.537303241606683
gulf-of-riga,212,18.298364639282227,20.543478738107993
gulf-of-riga,213,18.33155059814453,20.54668623401273
gulf-of-riga,214,18.359365463256836,20.54764802994267
gulf-of-riga,215,18.381587982177734,20.543632335047572
gulf-of-riga,216,18.398338317871094,20.53300411470475
gulf-of-riga,217,18.410451889038086,20.519062602135445
gulf-of-riga,218,18.4182186126709,20.50203271065989
gulf-of-riga,219,18.421279907226562,20.477768282736502
gulf-of-riga,220,18.419347763061523,20.442988918673606
gulf-of-riga,221,18.412235260009766,20.398472773644233
gulf-of-riga,222,18.39969825744629,20.347120266575967
gulf-of-riga,223,18.381546020507812,20.292870306199596
gulf-of-riga,224,18.358558654785156,20.235972798255183
gulf-of-riga,225,18.33085060119629,20.17828406672324
gulf-of-riga,226,18.298458099365234,20.117825268160914
gulf-of-riga,227,18.26129913330078,20.05606448881088
gulf-of-riga,228,18.21868133544922,19.989703590639177
gulf-of-riga,229,18.17096710205078,19.91780231229721
gulf-of-riga,230,18.11861228942871,19.8402370145244
gulf-of-riga,231,18.06199836730957,19.757074534508494
gulf-of-riga,232,18.00127410888672,19.673412679856824
gulf-of-riga,233,17.9366455078125,19.592841960537818
gulf-of-riga,234,17.868350982666016,19.512331273478846
gulf-of-riga,235,17.79635238647461,19.43314718431042
gulf-of-riga,236,17.720861434936523,19.352087771508
gulf-of-riga,237,17.642292022705078,19.26896439213907
gulf-of-riga,238,17.561193466186523,19.183099759009576
gulf-of-riga,239,17.478084564208984,19.093979860121202
gulf-of-riga,240,17.392444610595703,19.00066297592655
gulf-of-riga,241,17.304410934448242,18.902708152032663
gulf-of-riga,242,17.213632583618164,18.804112169819494
gulf-of-riga,243,17.120094299316406,18.701672578627065
gulf-of-riga,244,17.0242919921875,18.597087810885526
gulf-of-riga,245,16.92581558227539,18.49036294260333
gulf-of-riga,246,16.82451629638672,18.382938508064512
gulf-of-riga,247,16.720325469970703,18.27144728014546
gulf-of-riga,248,16.613039016723633,18.159194423306374
gulf-of-riga,249,16.50250816345215,18.045256153229744
gulf-of-riga,250,16.388824462890625,17.92997092277773
gulf-of-riga,251,16.27239418029785,17.81112422635478
gulf-of-riga,252,16.153480529785156,17.69101341616723
gulf-of-riga,253,16.032320022583008,17.5694056141761
gulf-of-riga,254,15.909490585327148,17.444661075838148
gulf-of-riga,255,15.7847900390625,17.316159888236754
gulf-of-riga,256,15.658441543579102,17.182951465729744
gulf-of-riga,257,15.530614852905273,17.0477697034036
gulf-of-riga,258,15.40123462677002,16.910236813945154
gulf-of-riga,259,15.270642280578613,16.772259373818674
gulf-of-riga,260,15.138951301574707,16.635966073313067
gulf-of-riga,261,15.0061674118042,16.503066678200998
gulf-of-riga,262,14.872136116027832,16.370287442976426
gulf-of-riga,263,14.736844062805176,16.241085600083874
gulf-of-riga,264,14.600632667541504,16.111084811918197
gulf-of-riga,265,14.463404655456543,15.980192501314225
gulf-of-riga,266,14.325161933898926,15.846559976762341
gulf-of-riga,267,14.18625545501709,15.710729322125834
gulf-of-riga,268,14.04672622680664,15.569701720822243
gulf-of-riga,269,13.90672492980957,15.429188356091903
gulf-of-riga,270,13.766121864318848,15.286203947374899
gulf-of-riga,271,13.625276565551758,15.139225442947879
gulf-of-riga,272,13.484524726867676,14.991792435799876
gulf-of-riga,273,13.344547271728516,14.84248440342565
gulf-of-riga,274,13.205342292785645,14.69548297697498
gulf-of-riga,275,13.066699028015137,14.550230626137026
gulf-of-riga,276,12.92874526977539,14.406309130883983
gulf-of-riga,277,12.791440963745117,14.26430765890306
gulf-of-riga,278,12.6546630859375,14.126922736629362
gulf-of-riga,279,12.5183744430542,13.990154275586528
gulf-of-riga,280,12.38241195678711,13.856130498455416
gulf-of-riga,281,12.247095108032227,13.725870953836749
gulf-of-riga,282,12.112512588500977,13.600076032453964
gulf-of-riga,283,11.978565216064453,13.472721453635923
gulf-of-riga,284,11.845030784606934,13.34774075169717
gulf-of-riga,285,11.711970329284668,13.219515185202319
gulf-of-riga,286,11.579832077026367,13.088776016235347
gulf-of-riga,287,11.448508262634277,12.960240114888833
gulf-of-riga,288,11.318026542663574,12.832228116066224
gulf-of-riga,289,11.188420295715332,12.702002882188363
gulf-of-riga,290,11.059776306152344,12.571802976054528
gulf-of-riga,291,10.932374000549316,12.441797714848672
gulf-of-riga,292,10.806217193603516,12.312905945316436
gulf-of-riga,293,10.681360244750977,12.183369411960722
gulf-of-riga,294,10.557671546936035,12.04953690190469
gulf-of-riga,295,10.434846878051758,11.913343586460236
gulf-of-riga,296,10.312762260437012,11.778245301400462
gulf-of-riga,297,10.191192626953125,11.641424440568493
gulf-of-riga,298,10.070150375366211,11.505992412567139
gulf-of-riga,299,9.949965476989746,11.374218786916426
gulf-of-riga,300,9.830748558044434,11.243897330376413
gulf-of-riga,301,9.712709426879883,11.118219498665104
gulf-of-riga,302,9.595744132995605,10.998733785075526
gulf-of-riga,303,9.479595184326172,10.881909105854652
gulf-of-riga,304,9.363818168640137,10.76795570004371
gulf-of-riga,305,9.248677253723145,10.653623270219374
gulf-of-riga,306,9.134428977966309,10.53908368079893
gulf-of-riga,307,9.021361351013184,10.42446647151824
gulf-of-riga,308,8.909421920776367,10.309128721298709
gulf-of-riga,309,8.798591613769531,10.195988901199835
gulf-of-riga,310,8.688891410827637,10.08388614654541
gulf-of-riga,311,8.58051586151123,9.970467429007254
gulf-of-riga,312,8.473112106323242,9.85456075668335
gulf-of-riga,313,8.366390228271484,9.7351499865132
gulf-of-riga,314,8.260108947753906,9.61824287599133
gulf-of-riga,315,8.154558181762695,9.503065004656394
gulf-of-riga,316,8.049570083618164,9.393160818469141
gulf-of-riga,317,7.944992542266846,9.288909166089953
gulf-of-riga,318,7.8407301902771,9.180850508905227
gulf-of-riga,319,7.736911296844482,9.074286808506136
gulf-of-riga,320,7.633869171142578,8.972454291005288
gulf-of-riga,321,7.53135871887207,8.87411413192749
gulf-of-riga,322,7.428860187530518,8.777252040370817
gulf-of-riga,323,7.326324939727783,8.679421750960811
gulf-of-riga,324,7.224043846130371,8.585770314739596
gulf-of-riga,325,7.122314453125,8.494820237928822
gulf-of-riga,326,7.021444320678711,8.407026826181719
gulf-of-riga,327,6.921555042266846,8.314448378162998
gulf-of-riga,328,6.822681903839111,8.223886531399144
gulf-of-riga,329,6.724628925323486,8.132821819859167
gulf-of-riga,330,6.627015113830566,8.046782495129495
gulf-of-riga,331,6.5293450355529785,7.959239725912771
gulf-of-riga,332,6.4315619468688965,7.872783204047911
gulf-of-riga,333,6.334108352661133,7.787470522234517
gulf-of-riga,334,6.237257957458496,7.7016406013119605
gulf-of-riga,335,6.141106128692627,7.61494708676492
gulf-of-riga,336,6.045522689819336,7.530479686490952
gulf-of-riga,337,5.950037002563477,7.445594681462933
gulf-of-riga,338,5.854369640350342,7.359566993098105
gulf-of-riga,339,5.7588791847229,7.273454961469096
gulf-of-riga,340,5.663711071014404,7.187621181241928
gulf-of-riga,341,5.568920612335205,7.101671612647272
gulf-of-riga,342,5.474618434906006,7.018328429806617
gulf-of-riga,343,5.38104772567749,6.938335581748716
gulf-of-riga,344,5.2883076667785645,6.860248787172379
gulf-of-riga,345,5.196584701538086,6.781218907140917
gulf-of-riga,346,5.105716705322266,6.70141270083766
gulf-of-riga,347,5.015591621398926,6.622208287639004
gulf-of-riga,348,4.926093101501465,6.5422222414324365
gulf-of-riga,349,4.837369918823242,6.464723068667998
gulf-of-riga,350,4.749149322509766,6.385722663325649
gulf-of-riga,351,4.660960674285889,6.304454855765067
gulf-of-riga,352,4.5718512535095215,6.219028163725331
gulf-of-riga,353,4.483805179595947,6.135748701710855
gulf-of-riga,354,4.396791934967041,6.0536135319740545
gulf-of-riga,355,4.310503005981445,5.972572049786968
gulf-of-riga,356,4.224792003631592,5.89193110312185
gulf-of-riga,357,4.139925479888916,5.810800075531006
gulf-of-riga,358,4.056002616882324,5.734864713299659
gulf-of-riga,359,3.9731521606445312,5.660158794156967
gulf-of-riga,360,3.891432762145996,5.584983682632447
gulf-of-riga,361,3.8109893798828125,5.508524713208598
gulf-of-riga,362,3.7324559688568115,5.433880621387112
gulf-of-riga,363,3.6555871963500977,5.359785635240617
gulf-of-riga,364,3.579993963241577,5.285874858979255
gulf-of-riga,365,3.505342721939087,5.212980078112694
gulf-of-riga,366,3.4316959381103516,5.140308772363969
inner-seas-scotland,1,9.341339111328125,9.93476863676502
inner-seas-scotland,2,9.2991361618042,9.894320844834851
inner-seas-scotland,3,9.2576322555542,9.855428197306974
inner-seas-scotland,4,9.216739654541016,9.816744908978864
inner-seas-scotland,5,9.176305770874023,9.778239471681658
inner-seas-scotland,6,9.136252403259277,9.739893971720049
inner-seas-scotland,7,9.096826553344727,9.701560365000079
inner-seas-scotland,8,9.057985305786133,9.664440496506229
inner-seas-scotland,9,9.019707679748535,9.628024341214086
inner-seas-scotland,10,8.98178482055664,9.592313628042898
inner-seas-scotland,11,8.94431209564209,9.556879501958047
inner-seas-scotland,12,8.907629013061523,9.522516315214094
inner-seas-scotland,13,8.87172794342041,9.487737400301041
inner-seas-scotland,14,8.836445808410645,9.452771029933805
inner-seas-scotland,15,8.801694869995117,9.418053097878733
inner-seas-scotland,16,8.76754093170166,9.384053251820225
inner-seas-scotland,17,8.73491096496582,9.351127335333054
inner-seas-scotland,18,8.703059196472168,9.319974816230035
inner-seas-scotland,19,8.671987533569336,9.290205140267648
inner-seas-scotland,20,8.641572952270508,9.261472108287196
inner-seas-scotland,21,8.611786842346191,9.232961190131402
inner-seas-scotland,22,8.582475662231445,9.203576700149041
inner-seas-scotland,23,8.553316116333008,9.174826188241283
inner-seas-scotland,24,8.524477005004883,9.147648008408087
inner-seas-scotland,25,8.496007919311523,9.120207198973626
inner-seas-scotland,26,8.467999458312988,9.092896987545876
inner-seas-scotland,27,8.440624237060547,9.066131164181616
inner-seas-scotland,28,8.413810729980469,9.041105267309373
inner-seas-scotland,29,8.387678146362305,9.017396410049928
inner-seas-scotland,30,8.362010955810547,8.994304961542928
inner-seas-scotland,31,8.337028503417969,8.971821246608611
inner-seas-scotland,32,8.312795639038086,8.949583401218538
inner-seas-scotland,33,8.289388656616211,8.928097946413102
inner-seas-scotland,34,8.266697883605957,8.906740203980474
inner-seas-scotland,35,8.244668006896973,8.885923923984649
inner-seas-scotland,36,8.223394393920898,8.865062818219585
inner-seas-scotland,37,8.202943801879883,8.844998442742131
inner-seas-scotland,38,8.183232307434082,8.826945584820164
inner-seas-scotland,39,8.164164543151855,8.810397911071778
inner-seas-scotland,40,8.14549732208252,8.794796999039189
inner-seas-scotland,41,8.12747573852539,8.77977086036436
inner-seas-scotland,42,8.109979629516602,8.764610069028793
inner-seas-scotland,43,8.092792510986328,8.749409121851768
inner-seas-scotland,44,8.075879096984863,8.735366870510964
inner-seas-scotland,45,8.061513900756836,8.719418847689065
inner-seas-scotland,46,8.045795440673828,8.707509122869018
inner-seas-scotland,47,8.030438423156738,8.695687579083186
inner-seas-scotland,48,8.015347480773926,8.684087493855465
inner-seas-scotland,49,8.000651359558105,8.672065140098654
inner-seas-scotland,50,7.986501216888428,8.659931797109623
inner-seas-scotland,51,7.973073482513428,8.647592229740596
inner-seas-scotland,52,7.960428714752197,8.635093269553236
inner-seas-scotland,53,7.9486236572265625,8.623813289724371
inner-seas-scotland,54,7.937719821929932,8.613238564357964
inner-seas-scotland,55,7.927706241607666,8.603170999916651
inner-seas-scotland,56,7.9186835289001465,8.594352019730435
inner-seas-scotland,57,7.910668849945068,8.585646579086141
inner-seas-scotland,58,7.90360164642334,8.577201786861627
inner-seas-scotland,59,7.897404193878174,8.568972958800614
inner-seas-scotland,60,7.891764163970947,8.560997051321051
inner-seas-scotland,61,7.886674404144287,8.553402788921069
inner-seas-scotland,62,7.88209867477417,8.546954581558063
inner-seas-scotland,63,7.878012180328369,8.540941354279877
inner-seas-scotland,64,7.874499797821045,8.535035430744129
inner-seas-scotland,65,7.871582984924316,8.529979609417657
inner-seas-scotland,66,7.869278430938721,8.526340397455359
inner-seas-scotland,67,7.8674421310424805,8.52382251883066
inner-seas-scotland,68,7.866077899932861,8.522812688478858
inner-seas-scotland,69,7.865198135375977,8.52192619897986
inner-seas-scotland,70,7.8648905754089355,8.521124374225575
inner-seas-scotland,71,7.865509986877441,8.521098904968591
inner-seas-scotland,72,7.867105960845947,8.52185260916269
inner-seas-scotland,73,7.869537353515625,8.524626112496982
inner-seas-scotland,74,7.872908115386963,8.528637783501738
inner-seas-scotland,75,7.877232074737549,8.534538203413769
inner-seas-scotland,76,7.8805317878723145,8.544920696750763
inner-seas-scotland,77,7.886828899383545,8.552668516097532
inner-seas-scotland,78,7.894317626953125,8.561122180569557
inner-seas-scotland,79,7.902883052825928,8.570789998577487
inner-seas-scotland,80,7.912347316741943,8.581286910272413
inner-seas-scotland,81,7.9228410720825195,8.592775754005679
inner-seas-scotland,82,7.934349536895752,8.60540599822998
inner-seas-scotland,83,7.946719169616699,8.61887997658022
inner-seas-scotland,84,7.959880352020264,8.63284922261392
inner-seas-scotland,85,7.9738006591796875,8.646908572412308
inner-seas-scotland,86,7.988363265991211,8.661337378717239
inner-seas-scotland,87,8.003255844116211,8.676826538578156
inner-seas-scotland,88,8.01856517791748,8.692954604856428
inner-seas-scotland,89,8.034523963928223,8.70991668393535
inner-seas-scotland,90,8.051291465759277,8.727555831786123
inner-seas-scotland,91,8.069171905517578,8.747508716583251
inner-seas-scotland,92,8.087993621826172,8.769126067623015
inner-seas-scotland,93,8.10744857788086,8.791413199517034
inner-seas-scotland,94,8.127584457397461,8.814391619159329
inner-seas-scotland,95,8.148508071899414,8.838543319702149
inner-seas-scotland,96,8.17018985748291,8.863342325149045
inner-seas-scotland,97,8.192720413208008,8.888040656428181
inner-seas-scotland,98,8.216269493103027,8.914310858326573
inner-seas-scotland,99,8.240713119506836,8.940687816373764
inner-seas-scotland,100,8.266030311584473,8.967623606035787
inner-seas-scotland,101,8.292399406433105,8.99471455850909
inner-seas-scotland,102,8.319537162780762,9.022315855949156
inner-seas-scotland,103,8.347315788269043,9.052283280895603
inner-seas-scotland,104,8.376110076904297,9.082267936583488
inner-seas-scotland,105,8.405828475952148,9.1135696195787
inner-seas-scotland,106,8.436513900756836,9.146266506564233
inner-seas-scotland,107,8.468123435974121,9.178702295980147
inner-seas-scotland,108,8.500578880310059,9.213016660751835
inner-seas-scotland,109,8.534001350402832,9.250254760249968
inner-seas-scotland,110,8.568471908569336,9.288398493489911
inner-seas-scotland,111,8.603838920593262,9.327718417875229
inner-seas-scotland,112,8.639681816101074,9.367198925633584
inner-seas-scotland,113,8.676309585571289,9.409345857558712
inner-seas-scotland,114,8.714010238647461,9.45298137357158
inner-seas-scotland,115,8.752668380737305,9.498658632463027
inner-seas-scotland,116,8.792250633239746,9.545443879404376
inner-seas-scotland,117,8.832661628723145,9.592681183353546
inner-seas-scotland,118,8.873912811279297,9.64043914118121
inner-seas-scotland,119,8.915855407714844,9.690530740061115
inner-seas-scotland,120,8.958211898803711,9.74167001170497
inner-seas-scotland,121,9.001005172729492,9.792910551255751
inner-seas-scotland,122,9.044206619262695,9.843374993724208
inner-seas-scotland,123,9.08808708190918,9.892992253457349
inner-seas-scotland,124,9.132537841796875,9.942951673077
inner-seas-scotland,125,9.177501678466797,9.994059910312776
inner-seas-scotland,126,9.222963333129883,10.045624006948163
inner-seas-scotland,127,9.269112586975098,10.09640367261825
inner-seas-scotland,128,9.31609058380127,10.14835741596837
inner-seas-scotland,129,9.36401653289795,10.20175204430857
inner-seas-scotland,130,9.41325569152832,10.255528123917118
inner-seas-scotland,131,9.46383285522461,10.314891039940617
inner-seas-scotland,132,9.515542984008789,10.378375871719854
inner-seas-scotland,133,9.568561553955078,10.444380246439287
inner-seas-scotland,134,9.622806549072266,10.510285048330983
inner-seas-scotland,135,9.678055763244629,10.575800563443092
inner-seas-scotland,136,9.734421730041504,10.640853066598217
inner-seas-scotland,137,9.7918701171875,10.705187462222192
inner-seas-scotland,138,9.850366592407227,10.770470708416356
inner-seas-scotland,139,9.909729957580566,10.835221281359274
inner-seas-scotland,140,9.969755172729492,10.897817113322597
inner-seas-scotland,141,10.030244827270508,10.960699878200408
inner-seas-scotland,142,10.091473579406738,11.025349936946744
inner-seas-scotland,143,10.153605461120605,11.090665346576321
inner-seas-scotland,144,10.216121673583984,11.155137517375332
inner-seas-scotland,145,10.278877258300781,11.221461320692493
inner-seas-scotland,146,10.341906547546387,11.288774631869408
inner-seas-scotland,147,10.404977798461914,11.359772260727421
inner-seas-scotland,148,10.468069076538086,11.432594822299096
inner-seas-scotland,149,10.531081199645996,11.50382475391511
inner-seas-scotland,150,10.594051361083984,11.572893751821208
inner-seas-scotland,151,10.656991958618164,11.64038317280431
inner-seas-scotland,152,10.719740867614746,11.707631855626259
inner-seas-scotland,153,10.781946182250977,11.773413067479288
inner-seas-scotland,154,10.84343433380127,11.838586776487288
inner-seas-scotland,155,10.904658317565918,11.90271496311311
inner-seas-scotland,156,10.96583366394043,11.964740122518235
inner-seas-scotland,157,11.027034759521484,12.02548350980205
inner-seas-scotland,158,11.088347434997559,12.087202078296293
inner-seas-scotland,159,11.149751663208008,12.14878740618306
inner-seas-scotland,160,11.211201667785645,12.208635939321212
inner-seas-scotland,161,11.272432327270508,12.26894551246397
inner-seas-scotland,162,11.333396911621094,12.327446765284385
inner-seas-scotland,163,11.394024848937988,12.38465698303715
inner-seas-scotland,164,11.454273223876953,12.439233216931743
inner-seas-scotland,165,11.514057159423828,12.492469243080388
inner-seas-scotland,166,11.573424339294434,12.54581915640062
inner-seas-scotland,167,11.6322021484375,12.597659495569044
inner-seas-scotland,168,11.690289497375488,12.647670355150774
inner-seas-scotland,169,11.747504234313965,12.69595554105697
inner-seas-scotland,170,11.803805351257324,12.744304057090513
inner-seas-scotland,171,11.859137535095215,12.794358914898288
inner-seas-scotland,172,11.913605690002441,12.843589924227807
inner-seas-scotland,173,11.967074394226074,12.891757565159953
inner-seas-scotland,174,12.019644737243652,12.940849553385089
inner-seas-scotland,175,12.071447372436523,12.99144175744826
inner-seas-scotland,176,12.122598648071289,13.038893653500468
inner-seas-scotland,177,12.173187255859375,13.084162379849342
inner-seas-scotland,178,12.223384857177734,13.12556515662901
inner-seas-scotland,179,12.273313522338867,13.164909571986048
inner-seas-scotland,180,12.323299407958984,13.206516619651548
inner-seas-scotland,181,12.373385429382324,13.250644545401297
inner-seas-scotland,182,12.423666954040527,13.296310584775862
inner-seas-scotland,183,12.474320411682129,13.342751804474858
inner-seas-scotland,184,12.525592803955078,13.390501256142892
inner-seas-scotland,185,12.577635765075684,13.439852468429073
inner-seas-scotland,186,12.630308151245117,13.489791122559575
inner-seas-scotland,187,12.683526992797852,13.541534389988067
inner-seas-scotland,188,12.736979484558105,13.594673236723867
inner-seas-scotland,189,12.79036808013916,13.64893569946289
inner-seas-scotland,190,12.84340763092041,13.704323728622928
inner-seas-scotland,191,12.89559555053711,13.759536724705848
inner-seas-scotland,192,12.946810722351074,13.815019207616006
inner-seas-scotland,193,12.996980667114258,13.86612645733741
inner-seas-scotland,194,13.046116828918457,13.913880966555686
inner-seas-scotland,195,13.094093322753906,13.960556196397352
inner-seas-scotland,196,13.140936851501465,14.00624067860265
inner-seas-scotland,197,13.186690330505371,14.051968599134874
inner-seas-scotland,198,13.231241226196289,14.098146010983374
inner-seas-scotland,199,13.274682998657227,14.145762335869572
inner-seas-scotland,200,13.317102432250977,14.193023703175204
inner-seas-scotland,201,13.358525276184082,14.237177282764062
inner-seas-scotland,202,13.399105072021484,14.278848675758605
inner-seas-scotland,203,13.438923835754395,14.32063321451987
inner-seas-scotland,204,13.478028297424316,14.360537636664604
inner-seas-scotland,205,13.516332626342773,14.396806476962182
inner-seas-scotland,206,13.553815841674805,14.429530389847296
inner-seas-scotland,207,13.590302467346191,14.462041156522691
inner-seas-scotland,208,13.625725746154785,14.494722966224918
inner-seas-scotland,209,13.660213470458984,14.526524411478354
inner-seas-scotland,210,13.693489074707031,14.559216274753696
inner-seas-scotland,211,13.72536849975586,14.589645505720574
inner-seas-scotland,212,13.755914688110352,14.617207644062661
inner-seas-scotland,213,13.785200119018555,14.643122734562047
inner-seas-scotland,214,13.81300163269043,14.6658304368296
inner-seas-scotland,215,13.839241981506348,14.687304607514415
inner-seas-scotland,216,13.863679885864258,14.706756924044702
inner-seas-scotland,217,13.88634967803955,14.724509353022421
inner-seas-scotland,218,13.907160758972168,14.74021087769539
inner-seas-scotland,219,13.92605972290039,14.753979596784037
inner-seas-scotland,220,13.942749977111816,14.763943862915035
inner-seas-scotland,221,13.957185745239258,14.771017133035967
inner-seas-scotland,222,13.969717979431152,14.77428140024985
inner-seas-scotland,223,13.980677604675293,14.773955022135087
inner-seas-scotland,224,13.99006175994873,14.770892527795606
inner-seas-scotland,225,13.99807357788086,14.76719575697376
inner-seas-scotland,226,14.004813194274902,14.76326066601661
inner-seas-scotland,227,14.01052188873291,14.758678119413316
inner-seas-scotland,228,14.015144348144531,14.752824005003898
inner-seas-scotland,229,14.018743515014648,14.744963430589245
inner-seas-scotland,230,14.021320343017578,14.734101741544661
inner-seas-scotland,231,14.023144721984863,14.723130296891735
inner-seas-scotland,232,14.024453163146973,14.713109041029407
inner-seas-scotland,233,14.02517032623291,14.702929564445247
inner-seas-scotland,234,14.024845123291016,14.691126417344616
inner-seas-scotland,235,14.02336597442627,14.679323270243984
inner-seas-scotland,236,14.020734786987305,14.668784341504496
inner-seas-scotland,237,14.01701545715332,14.658608710381293
inner-seas-scotland,238,14.012214660644531,14.648433079258089
inner-seas-scotland,239,14.006241798400879,14.637079334259035
inner-seas-scotland,240,13.998991012573242,14.625127041724422
inner-seas-scotland,241,13.990715980529785,14.611696246362504
inner-seas-scotland,242,13.981396675109863,14.597654582608133
inner-seas-scotland,243,13.97104549407959,14.582094543210923
inner-seas-scotland,244,13.959702491760254,14.565710993736024
inner-seas-scotland,245,13.947599411010742,14.550752209078885
inner-seas-scotland,246,13.934836387634277,14.535556313299367
inner-seas-scotland,247,13.92142391204834,14.519837674786972
inner-seas-scotland,248,13.90710163116455,14.503214334672501
inner-seas-scotland,249,13.891641616821289,14.485813965335971
inner-seas-scotland,250,13.875326156616211,14.467108231206097
inner-seas-scotland,251,13.858549118041992,14.448602125721594
inner-seas-scotland,252,13.841410636901855,14.429731901230351
inner-seas-scotland,253,13.823938369750977,14.410572064307427
inner-seas-scotland,254,13.80593490600586,14.390225382774107
inner-seas-scotland,255,13.787223815917969,14.370642828172253
inner-seas-scotland,256,13.767470359802246,14.350003048681444
inner-seas-scotland,257,13.746574401855469,14.328345418745473
inner-seas-scotland,258,13.72446346282959,14.305692402009042
inner-seas-scotland,259,13.7012939453125,14.282709616999474
inner-seas-scotland,260,13.67737865447998,14.260291361039686
inner-seas-scotland,261,13.652647972106934,14.237853896233345
inner-seas-scotland,262,13.626896858215332,14.213471535713442
inner-seas-scotland,263,13.600130081176758,14.188759702251803
inner-seas-scotland,264,13.572381019592285,14.162495305461267
inner-seas-scotland,265,13.543989181518555,14.135919072551111
inner-seas-scotland,266,13.51513671875,14.108400114120974
inner-seas-scotland,267,13.48596477508545,14.07831329530285
inner-seas-scotland,268,13.45655632019043,14.04698540472215
inner-seas-scotland,269,13.426977157592773,14.015061673810406
inner-seas-scotland,270,13.397257804870605,13.982047825474895
inner-seas-scotland,271,13.367402076721191,13.94845149747787
inner-seas-scotland,272,13.337376594543457,13.913223605002129
inner-seas-scotland,273,13.307168006896973,13.877217323549335
inner-seas-scotland,274,13.276555061340332,13.842079239506877
inner-seas-scotland,275,13.245402336120605,13.806707754442769
inner-seas-scotland,276,13.21362590789795,13.770637832149381
inner-seas-scotland,277,13.181219100952148,13.73446872157435
inner-seas-scotland,278,13.148332595825195,13.698168929930654
inner-seas-scotland,279,13.115029335021973,13.66192485132525
inner-seas-scotland,280,13.08141040802002,13.625854870580856
inner-seas-scotland,281,13.047478675842285,13.590246689704156
inner-seas-scotland,282,13.013069152832031,13.554222454563263
inner-seas-scotland,283,12.978304862976074,13.517518006601641
inner-seas-scotland,284,12.94310188293457,13.482738648691488
inner-seas-scotland,285,12.907530784606934,13.449363176284301
inner-seas-scotland,286,12.871825218200684,13.415344727423884
inner-seas-scotland,287,12.836071968078613,13.38157514449089
inner-seas-scotland,288,12.80029582977295,13.348244014863047
inner-seas-scotland,289,12.76445484161377,13.314669550618817
inner-seas-scotland,290,12.728572845458984,13.28116084683326
inner-seas-scotland,291,12.692488670349121,13.247796624706636
inner-seas-scotland,292,12.65611743927002,13.21468284053187
inner-seas-scotland,293,12.619451522827148,13.181928157806395
inner-seas-scotland,294,12.582280158996582,13.147727809413785
inner-seas-scotland,295,12.544637680053711,13.113358949845837
inner-seas-scotland,296,12.506492614746094,13.077536727536108
inner-seas-scotland,297,12.467842102050781,13.040949036998136
inner-seas-scotland,298,12.428656578063965,13.006152639081401
inner-seas-scotland,299,12.388751029968262,12.970707238105037
inner-seas-scotland,300,12.348138809204102,12.934436072072677
inner-seas-scotland,301,12.306893348693848,12.897083943889987
inner-seas-scotland,302,12.265079498291016,12.859782732686687
inner-seas-scotland,303,12.222643852233887,12.822209047502087
inner-seas-scotland,304,12.179692268371582,12.785058870623187
inner-seas-scotland,305,12.136458396911621,12.746917623089205
inner-seas-scotland,306,12.093016624450684,12.708610645417243
inner-seas-scotland,307,12.04935073852539,12.67005701987974
inner-seas-scotland,308,12.00534439086914,12.630753877086025
inner-seas-scotland,309,11.960958480834961,12.591562932537451
inner-seas-scotland,310,11.916406631469727,12.552024444457027
inner-seas-scotland,311,11.871747016906738,12.511384373326457
inner-seas-scotland,312,11.826892852783203,12.470045089721683
inner-seas-scotland,313,11.78194522857666,12.428469544072309
inner-seas-scotland,314,11.73685073852539,12.387425828749137
inner-seas-scotland,315,11.691631317138672,12.345648476385303
inner-seas-scotland,316,11.646160125732422,12.30324689803585
inner-seas-scotland,317,11.600452423095703,12.260886789137318
inner-seas-scotland,318,11.554600715637207,12.217742430779243
inner-seas-scotland,319,11.508585929870605,12.172505317195771
inner-seas-scotland,320,11.46237850189209,12.127119811888665
inner-seas-scotland,321,11.415865898132324,12.081079452268538
inner-seas-scotland,322,11.369140625,12.034779059502386
inner-seas-scotland,323,11.322362899780273,11.987367457728233
inner-seas-scotland,324,11.275471687316895,11.939884195020122
inner-seas-scotland,325,11.22868824005127,11.89225609071793
inner-seas-scotland,326,11.18213939666748,11.84573099382462
inner-seas-scotland,327,11.135933876037598,11.800600322600335
inner-seas-scotland,328,11.089957237243652,11.755663579510106
inner-seas-scotland,329,11.044105529785156,11.710119530462451
inner-seas-scotland,330,10.99850845336914,11.664923963239117
inner-seas-scotland,331,10.953241348266602,11.61958865504111
inner-seas-scotland,332,10.9083251953125,11.573428310886506
inner-seas-scotland,333,10.863617897033691,11.526259619189846
inner-seas-scotland,334,10.819063186645508,11.480016852963354
inner-seas-scotland,335,10.774680137634277,11.432882259738058
inner-seas-scotland,336,10.730374336242676,11.386019909766409
inner-seas-scotland,337,10.685938835144043,11.338437501845819
inner-seas-scotland,338,10.64135456085205,11.290272475827123
inner-seas-scotland,339,10.596687316894531,11.241579895634803
inner-seas-scotland,340,10.552006721496582,11.193038642021916
inner-seas-scotland,341,10.507298469543457,11.144431483361029
inner-seas-scotland,342,10.462482452392578,11.096120852808799
inner-seas-scotland,343,10.417610168457031,11.047146341877598
inner-seas-scotland,344,10.372705459594727,10.998281414278093
inner-seas-scotland,345,10.327808380126953,10.948577280967468
inner-seas-scotland,346,10.282930374145508,10.89895790776899
inner-seas-scotland,347,10.23790454864502,10.849688696092176
inner-seas-scotland,348,10.192774772644043,10.801147128689674
inner-seas-scotland,349,10.147523880004883,10.75363043815859
inner-seas-scotland,350,10.102375030517578,10.707733698814147
inner-seas-scotland,351,10.057452201843262,10.662077713012698
inner-seas-scotland,352,10.011969566345215,10.615835971217003
inner-seas-scotland,353,9.966564178466797,10.568135261535645
inner-seas-scotland,354,9.92108154296875,10.521131417059129
inner-seas-scotland,355,9.875606536865234,10.474144489534442
inner-seas-scotland,356,9.830049514770508,10.428478170210317
inner-seas-scotland,357,9.784414291381836,10.382748231580182
inner-seas-scotland,358,9.739023208618164,10.336508440202284
inner-seas-scotland,359,9.693960189819336,10.289703421438896
inner-seas-scotland,360,9.649298667907715,10.243208789825442
inner-seas-scotland,361,9.604839324951172,10.197182916825819
inner-seas-scotland,362,9.560262680053711,10.151720179280929
inner-seas-scotland,363,9.51566219329834,10.107297666611212
inner-seas-scotland,364,9.471243858337402,10.063237387134183
inner-seas-scotland,365,9.427414894104004,10.019226335710094
inner-seas-scotland,366,9.384112358093262,9.976465099088609
ionian-sea,1,16.090559005737305,16.89409391649308
ionian-sea,2,16.038833618164062,16.827113280757782
ionian-sea,3,15.988462448120117,16.76073857891944
ionian-sea,4,15.93936824798584,16.697945471732847
ionian-sea,5,15.891287803649902,16.638671831930836
ionian-sea,6,15.844328880310059,16.582583765829764
ionian-sea,7,15.798627853393555,16.527720559027888
ionian-sea,8,15.754311561584473,16.474463059825283
ionian-sea,9,15.711374282836914,16.421727645012638
ionian-sea,10,15.669639587402344,16.37035779645366
ionian-sea,11,15.629157066345215,16.319432652381156
ionian-sea,12,15.59006118774414,16.271094054560503
ionian-sea,13,15.552244186401367,16.22500941984115
ionian-sea,14,15.515680313110352,16.18121032407207
ionian-sea,15,15.480459213256836,16.140395908970987
ionian-sea,16,15.446698188781738,16.101853687532486
ionian-sea,17,15.414650917053223,16.063367945148098
ionian-sea,18,15.383587837219238,16.025707989354288
ionian-sea,19,15.353375434875488,15.98876990656699
ionian-sea,20,15.323976516723633,15.953174517231604
ionian-sea,21,15.295355796813965,15.917656603167133
ionian-sea,22,15.267477035522461,15.88241675592238
ionian-sea,23,15.240296363830566,15.847576405925135
ionian-sea,24,15.213842391967773,15.819408022972846
ionian-sea,25,15.188063621520996,15.793930702824747
ionian-sea,26,15.162991523742676,15.770206605234456
ionian-sea,27,15.13864517211914,15.747375559037732
ionian-sea,28,15.115060806274414,15.725564147580053
ionian-sea,29,15.092277526855469,15.706483859400596
ionian-sea,30,15.070276260375977,15.687469331679804
ionian-sea,31,15.048922538757324,15.668199406900714
ionian-sea,32,15.028307914733887,15.649937217466293
ionian-sea,33,15.008401870727539,15.632700514024304
ionian-sea,34,14.989270210266113,15.616151142120362
ionian-sea,35,14.970995903015137,15.599958785887688
ionian-sea,36,14.953814506530762,15.584465383714248
ionian-sea,37,14.93763256072998,15.568985102253576
ionian-sea,38,14.922518730163574,15.553463606680596
ionian-sea,39,14.908512115478516,15.537715804192327
ionian-sea,40,14.895577430725098,15.522275121750372
ionian-sea,41,14.883647918701172,15.507642269134521
ionian-sea,42,14.872894287109375,15.494412659060572
ionian-sea,43,14.863215446472168,15.482999583213559
ionian-sea,44,14.85453987121582,15.471768680695565
ionian-sea,45,14.846487045288086,15.460503986317624
ionian-sea,46,14.839085578918457,15.450728676908758
ionian-sea,47,14.832174301147461,15.442305828422628
ionian-sea,48,14.8257417678833,15.437724386235718
ionian-sea,49,14.819863319396973,15.433795891013194
ionian-sea,50,14.8145112991333,15.430321467820033
ionian-sea,51,14.809629440307617,15.427323703355684
ionian-sea,52,14.805274963378906,15.424561761015202
ionian-sea,53,14.80156421661377,15.421799818674723
ionian-sea,54,14.798463821411133,15.420320946683164
ionian-sea,55,14.795927047729492,15.419260430079635
ionian-sea,56,14.794014930725098,15.41859775871359
ionian-sea,57,14.792783737182617,15.417488490894277
ionian-sea,58,14.792485237121582,15.41686473251671
ionian-sea,59,14.793212890625,15.41795821856427
ionian-sea,60,14.795083999633789,15.419814388726348
ionian-sea,61,14.797938346862793,15.42300295573409
ionian-sea,62,14.801734924316406,15.426963768210461
ionian-sea,63,14.806563377380371,15.431663635212889
ionian-sea,64,14.81244945526123,15.43698276294175
ionian-sea,65,14.819283485412598,15.443096058343048
ionian-sea,66,14.82676887512207,15.450639883677166
ionian-sea,67,14.834831237792969,15.458434679174939
ionian-sea,68,14.843510627746582,15.467490032155029
ionian-sea,69,14.85273265838623,15.478745840954527
ionian-sea,70,14.862539291381836,15.49484775502195
ionian-sea,71,14.872800827026367,15.513481665170323
ionian-sea,72,14.883713722229004,15.533337001390356
ionian-sea,73,14.895185470581055,15.553986129965834
ionian-sea,74,14.907120704650879,15.576726029508858
ionian-sea,75,14.919450759887695,15.599599243492209
ionian-sea,76,14.932584762573242,15.622717023664904
ionian-sea,77,14.9468355178833,15.64546668760238
ionian-sea,78,14.962533950805664,15.669444810190509
ionian-sea,79,14.979817390441895,15.694588276647755
ionian-sea,80,14.998361587524414,15.720157355646936
ionian-sea,81,15.018062591552734,15.74598533261207
ionian-sea,82,15.039091110229492,15.772577768756499
ionian-sea,83,15.061558723449707,15.79996970392043
ionian-sea,84,15.08537483215332,15.828088855743411
ionian-sea,85,15.110532760620117,15.857055507167695
ionian-sea,86,15.136923789978027,15.886511971873626
ionian-sea,87,15.164363861083984,15.917396973025413
ionian-sea,88,15.19271469116211,15.94922377371019
ionian-sea,89,15.221693992614746,15.982879509464386
ionian-sea,90,15.251163482666016,16.017590673508185
ionian-sea,91,15.28129768371582,16.052990864169214
ionian-sea,92,15.31238842010498,16.090403846002392
ionian-sea,93,15.344571113586426,16.12923459083803
ionian-sea,94,15.37784481048584,16.171781829095654
ionian-sea,95,15.41220760345459,16.21617111390637
ionian-sea,96,15.448065757751465,16.263682845331008
ionian-sea,97,15.486087799072266,16.31214360267885
ionian-sea,98,15.526519775390625,16.364839559985747
ionian-sea,99,15.569424629211426,16.41884485060169
ionian-sea,100,15.61484432220459,16.474384144813786
ionian-sea,101,15.66299057006836,16.52925346743676
ionian-sea,102,15.714115142822266,16.586351862261374
ionian-sea,103,15.768357276916504,16.64597121207945
ionian-sea,104,15.825453758239746,16.710490848172096
ionian-sea,105,15.884964942932129,16.77865885457685
ionian-sea,106,15.946919441223145,16.85032690725019
ionian-sea,107,16.010929107666016,16.925670371517057
ionian-sea,108,16.076536178588867,17.00259825798773
ionian-sea,109,16.143678665161133,17.082919286912485
ionian-sea,110,16.21251678466797,17.16588223365045
ionian-sea,111,16.283252716064453,17.251107683489398
ionian-sea,112,16.355798721313477,17.340569040852202
ionian-sea,113,16.43002700805664,17.432416116037675
ionian-sea,114,16.50553321838379,17.52970600128174
ionian-sea,115,16.58235740661621,17.629840149417998
ionian-sea,116,16.660785675048828,17.731727624708604
ionian-sea,117,16.74094009399414,17.833754287227507
ionian-sea,118,16.823129653930664,17.9363284203314
ionian-sea,119,16.90728759765625,18.03985948254985
ionian-sea,120,16.993181228637695,18.14368677446919
ionian-sea,121,17.08078956604004,18.24650937357256
ionian-sea,122,17.169893264770508,18.35025800889538
ionian-sea,123,17.26042938232422,18.457613821952574
ionian-sea,124,17.352371215820312,18.564464710604756
ionian-sea,125,17.44569206237793,18.669548391526742
ionian-sea,126,17.54048728942871,18.774736465946326
ionian-sea,127,17.63671875,18.878892547853535
ionian-sea,128,17.734338760375977,18.98498237979028
ionian-sea,129,17.83315658569336,19.09643987224948
ionian-sea,130,17.933155059814453,19.21230298319171
ionian-sea,131,18.03456687927246,19.330751923591862
ionian-sea,132,18.137067794799805,19.451309345614526
ionian-sea,133,18.240324020385742,19.57228268038842
ionian-sea,134,18.34395408630371,19.690901620926397
ionian-sea,135,18.447925567626953,19.8068874543713
ionian-sea,136,18.552797317504883,19.92089595179404
ionian-sea,137,18.658769607543945,20.034814773067357
ionian-sea,138,18.766115188598633,20.14937988404305
ionian-sea,139,18.874652862548828,20.267140659209222
ionian-sea,140,18.984424591064453,20.387400264124715
ionian-sea,141,19.095590591430664,20.506942533677623
ionian-sea,142,19.20798110961914,20.62798212728193
ionian-sea,143,19.321809768676758,20.752107915570654
ionian-sea,144,19.437179565429688,20.87554159472065
ionian-sea,145,19.554332733154297,20.997506640034334
ionian-sea,146,19.673307418823242,21.122865492297752
ionian-sea,147,19.79400634765625,21.25251645734233
ionian-sea,148,19.91636848449707,21.386140743378665
ionian-sea,149,20.04022979736328,21.521447901571946
ionian-sea,150,20.16577911376953,21.656222614165273
ionian-sea,151,20.292856216430664,21.792355192861248
ionian-sea,152,20.42115020751953,21.931013365714776
ionian-sea,153,20.55056381225586,22.068857962085353
ionian-sea,154,20.680770874023438,22.202564110294464
ionian-sea,155,20.81145668029785,22.3393009185791
ionian-sea,156,20.942655563354492,22.478078559137163
ionian-sea,157,21.07415008544922,22.61982623069517
ionian-sea,158,21.205286026000977,22.762412428086805
ionian-sea,159,21.335451126098633,22.904346502980882
ionian-sea,160,21.464113235473633,23.039055479726485
ionian-sea,161,21.59116554260254,23.170975106762302
ionian-sea,162,21.716508865356445,23.30082624496952
ionian-sea,163,21.840442657470703,23.427394134767596
ionian-sea,164,21.96317481994629,23.554906420553884
ionian-sea,165,22.084796905517578,23.683224659581338
ionian-sea,166,22.205656051635742,23.812416476588094
ionian-sea,167,22.3255672454834,23.939659192485195
ionian-sea,168,22.444265365600586,24.064570839174333
ionian-sea,169,22.561748504638672,24.18667007569344
ionian-sea,170,22.6783447265625,24.305963590068203
ionian-sea,171,22.794015884399414,24.418650098000807
ionian-sea,172,22.908151626586914,24.528156563543504
ionian-sea,173,23.020532608032227,24.634091106537852
ionian-sea,174,23.130949020385742,24.73457680363809
ionian-sea,175,23.239173889160156,24.83542330957228
ionian-sea,176,23.34502410888672,24.93415521806286
ionian-sea,177,23.448108673095703,25.028625728238012
ionian-sea,178,23.547945022583008,25.117242696208336
ionian-sea,179,23.644350051879883,25.202370674379406
ionian-sea,180,23.737058639526367,25.285609786741198
ionian-sea,181,23.82598876953125,25.368662674196305
ionian-sea,182,23.911500930786133,25.448155304693408
ionian-sea,183,23.994150161743164,25.523665575827323
ionian-sea,184,24.074125289916992,25.59760073384931
ionian-sea,185,24.151514053344727,25.66899593107162
ionian-sea,186,24.226526260375977,25.73620966019169
ionian-sea,187,24.299203872680664,25.798043730951125
ionian-sea,188,24.36979103088379,25.853229110471663
ionian-sea,189,24.438875198364258,25.906237269986057
ionian-sea,190,24.507064819335938,25.95669490445045
ionian-sea,191,24.575084686279297,26.006225807436056
ionian-sea,192,24.64287567138672,26.054146618996903
ionian-sea,193,24.710105895996094,26.100779607219085
ionian-sea,194,24.77635383605957,26.14776626709969
ionian-sea,195,24.841646194458008,26.191712237942603
ionian-sea,196,24.906024932861328,26.2358363674533
ionian-sea,197,24.969219207763672,26.27852707524453
ionian-sea,198,25.031330108642578,26.32044941071541
ionian-sea,199,25.092552185058594,26.36379388378512
ionian-sea,200,25.152812957763672,26.40779884092269
ionian-sea,201,25.211894989013672,26.45215449179372
ionian-sea,202,25.26941680908203,26.496943559954243
ionian-sea,203,25.325336456298828,26.5433141216155
ionian-sea,204,25.37990951538086,26.590206306211403
ionian-sea,205,25.43317222595215,26.63792968257781
ionian-sea,206,25.48507308959961,26.68336984572872
ionian-sea,207,25.535612106323242,26.72690092517484
ionian-sea,208,25.58498764038086,26.766748631385067
ionian-sea,209,25.63341522216797,26.80527631082842
ionian-sea,210,25.680984497070312,26.844314255252957
ionian-sea,211,25.72787857055664,26.88364239354287
ionian-sea,212,25.773963928222656,26.922287159581334
ionian-sea,213,25.81928825378418,26.960297516853572
ionian-sea,214,25.863744735717773,26.99786812566941
ionian-sea,215,25.907291412353516,27.035569172520788
ionian-sea,216,25.950145721435547,27.07424062913464
ionian-sea,217,25.992177963256836,27.11310075329196
ionian-sea,218,26.032947540283203,27.152689484627018
ionian-sea,219,26.072214126586914,27.19290516761042
ionian-sea,220,26.109573364257812,27.231209188892002
ionian-sea,221,26.144550323486328,27.26761005770776
ionian-sea,222,26.1767578125,27.301418433650852
ionian-sea,223,26.206161499023438,27.331516265869148
ionian-sea,224,26.232608795166016,27.357815711728996
ionian-sea,225,26.256086349487305,27.380980177848574
ionian-sea,226,26.27622413635254,27.399689342129623
ionian-sea,227,26.29257583618164,27.414706267080003
ionian-sea,228,26.305124282836914,27.4265587775938
ionian-sea,229,26.313966751098633,27.43411551444762
ionian-sea,230,26.318822860717773,27.438136439169615
ionian-sea,231,26.319740295410156,27.439447704438244
ionian-sea,232,26.31669807434082,27.43811165594286
ionian-sea,233,26.309711456298828,27.435472513014272
ionian-sea,234,26.299057006835938,27.429827142530872
ionian-sea,235,26.284765243530273,27.419955739667337
ionian-sea,236,26.26702880859375,27.405207424779093
ionian-sea,237,26.2462158203125,27.387502971772225
ionian-sea,238,26.222681045532227,27.368210343391663
ionian-sea,239,26.196434020996094,27.34898975126205
ionian-sea,240,26.1675968170166,27.32883433065107
ionian-sea,241,26.136436462402344,27.305911864003832
ionian-sea,242,26.10294532775879,27.27997676480201
ionian-sea,243,26.067201614379883,27.25266325550695
ionian-sea,244,26.02904510498047,27.223565507704215
ionian-sea,245,25.988155364990234,27.192267325616655
ionian-sea,246,25.94452476501465,27.158247720041583
ionian-sea,247,25.898107528686523,27.11849921441848
ionian-sea,248,25.848892211914062,27.075835892461964
ionian-sea,249,25.797021865844727,27.02647006742416
ionian-sea,250,25.742618560791016,26.97334123426868
ionian-sea,251,25.68570327758789,26.916137818367254
ionian-sea,252,25.626333236694336,26.858173997940558
ionian-sea,253,25.564603805541992,26.80045810207244
ionian-sea,254,25.500852584838867,26.742870835335022
ionian-sea,255,25.435501098632812,26.684420856352776
ionian-sea,256,25.368759155273438,26.62385500631025
ionian-sea,257,25.300697326660156,26.56195961736864
ionian-sea,258,25.231462478637695,26.498157851926745
ionian-sea,259,25.161096572875977,26.43174779953495
ionian-sea,260,25.089679718017578,26.365610411859333
ionian-sea,261,25.017288208007812,26.296014644253642
ionian-sea,262,24.943958282470703,26.22353291665354
ionian-sea,263,24.869796752929688,26.148620500872216
ionian-sea,264,24.795000076293945,26.071032505650678
ionian-sea,265,24.719585418701172,25.990852558997375
ionian-sea,266,24.643619537353516,25.91206466920914
ionian-sea,267,24.567094802856445,25.83370406858383
ionian-sea,268,24.489885330200195,25.755524813744334
ionian-sea,269,24.41185760498047,25.670305141325922
ionian-sea,270,24.332998275756836,25.582795936830586
ionian-sea,271,24.253372192382812,25.493090740326917
ionian-sea,272,24.173110961914062,25.40093114299159
ionian-sea,273,24.092308044433594,25.307968416521625
ionian-sea,274,24.011171340942383,25.214777466558647
ionian-sea,275,23.929885864257812,25.122818393092004
ionian-sea,276,23.84855079650879,25.032748819166617
ionian-sea,277,23.767000198364258,24.943342178098618
ionian-sea,278,23.685144424438477,24.857659499875957
ionian-sea,279,23.603145599365234,24.77367953023603
ionian-sea,280,23.521238327026367,24.696146983485068
ionian-sea,281,23.439533233642578,24.621139446381598
ionian-sea,282,23.357986450195312,24.547665817506847
ionian-sea,283,23.276594161987305,24.473973569562354
ionian-sea,284,23.19532585144043,24.396159738109958
ionian-sea,285,23.113731384277344,24.316618365626177
ionian-sea,286,23.031404495239258,24.237024774859027
ionian-sea,287,22.94822883605957,24.154525578406542
ionian-sea,288,22.864351272583008,24.070255076500672
ionian-sea,289,22.780029296875,23.986493602875736
ionian-sea,290,22.695415496826172,23.903826904296874
ionian-sea,291,22.610313415527344,23.82272936913274
ionian-sea,292,22.5247859954834,23.743124389648433
ionian-sea,293,22.438894271850586,23.663091536491148
ionian-sea,294,22.3527774810791,23.581414333466558
ionian-sea,295,22.26641082763672,23.498362098201625
ionian-sea,296,22.179834365844727,23.41611143542874
ionian-sea,297,22.09302520751953,23.3317451353996
ionian-sea,298,22.00584602355957,23.244322081535092
ionian-sea,299,21.918376922607422,23.157542437891806
ionian-sea,300,21.83057975769043,23.071909104624098
ionian-sea,301,21.74259376525879,22.984079428642026
ionian-sea,302,21.65437889099121,22.895289076528243
ionian-sea,303,21.56572151184082,22.806535603923187
ionian-sea,304,21.47650146484375,22.716299844557245
ionian-sea,305,21.38631248474121,22.62533573642854
ionian-sea,306,21.295061111450195,22.532231798479636
ionian-sea,307,21.20291519165039,22.436728323659597
ionian-sea,308,21.11002540588379,22.34014367134341
ionian-sea,309,21.016538619995117,22.24284658739644
ionian-sea,310,20.92243766784668,22.143778702520557
ionian-sea,311,20.827722549438477,22.043599787066068
ionian-sea,312,20.732210159301758,21.941969711549824
ionian-sea,313,20.636093139648438,21.840261016353484
ionian-sea,314,20.53932762145996,21.736903485944193
ionian-sea,315,20.441865921020508,21.63615090154833
ionian-sea,316,20.343915939331055,21.536349382708153
ionian-sea,317,20.245771408081055,21.433666561495876
ionian-sea,318,20.14762306213379,21.33161190402123
ionian-sea,319,20.04964256286621,21.230910393499556
ionian-sea,320,19.95201301574707,21.128738243349137
ionian-sea,321,19.854604721069336,21.025024463284396
ionian-sea,322,19.75741958618164,20.91973676373881
ionian-sea,323,19.660518646240234,20.8117856794788
ionian-sea,324,19.563720703125,20.705788753878682
ionian-sea,325,19.467012405395508,20.601894261760094
ionian-sea,326,19.370437622070312,20.499586332997968
ionian-sea,327,19.274112701416016,20.396595641105407
ionian-sea,328,19.178213119506836,20.293012114494076
ionian-sea,329,19.082792282104492,20.19035330741636
ionian-sea,330,18.987735748291016,20.08589131755214
ionian-sea,331,18.89295196533203,19.984820544335147
ionian-sea,332,18.798429489135742,19.884945900209487
ionian-sea,333,18.70404624938965,19.78643054962158
ionian-sea,334,18.6097354888916,19.689625690829367
ionian-sea,335,18.51580047607422,19.595431407805407
ionian-sea,336,18.422636032104492,19.50042572021484
ionian-sea,337,18.3304386138916,19.406892093535387
ionian-sea,338,18.239198684692383,19.315302645775578
ionian-sea,339,18.148881912231445,19.22221721526115
ionian-sea,340,18.059511184692383,19.126890533201156
ionian-sea,341,17.970985412597656,19.030898284912112
ionian-sea,342,17.88312530517578,18.934596523161858
ionian-sea,343,17.79598617553711,18.838999803604615
ionian-sea,344,17.709697723388672,18.745703008097983
ionian-sea,345,17.62458038330078,18.654956073145716
ionian-sea,346,17.54068946838379,18.5651218968053
ionian-sea,347,17.458080291748047,18.473168286969585
ionian-sea,348,17.3768367767334,18.383994459336808
ionian-sea,349,17.296875,18.297102288276925
ionian-sea,350,17.217947006225586,18.20926150045088
ionian-sea,351,17.13982582092285,18.121617403338036
ionian-sea,352,17.062292098999023,18.034506779332315
ionian-sea,353,16.98617935180664,17.94869553350633
ionian-sea,354,16.91165542602539,17.867289210904026
ionian-sea,355,16.83880043029785,17.786160118349137
ionian-sea,356,16.767566680908203,17.707012588747094
ionian-sea,357,16.698026657104492,17.630168213382845
ionian-sea,358,16.629972457885742,17.55484310888475
ionian-sea,359,16.563283920288086,17.47681382702243
ionian-sea,360,16.498125076293945,17.39887318764963
ionian-sea,361,16.434635162353516,17.322331114738216
ionian-sea,362,16.37294578552246,17.247828778912943
ionian-sea,363,16.312955856323242,17.17592644230012
ionian-sea,364,16.25469398498535,17.10373369032337
ionian-sea,365,16.198270797729492,17.032745841241653
ionian-sea,366,16.143638610839844,16.96238961373606
irish-sea,1,9.422542572021484,10.22974406211607
irish-sea,2,9.37540054321289,10.19324384504749
irish-sea,3,9.328709602355957,10.153393483931021
irish-sea,4,9.282255172729492,10.112174769370787
irish-sea,5,9.23617935180664,10.07195343509797
irish-sea,6,9.190441131591797,10.03264413956673
irish-sea,7,9.1450777053833,9.993657453598514
irish-sea,8,9.100114822387695,9.954239765290291
irish-sea,9,9.05562973022461,9.914156316941783
irish-sea,10,9.011528015136719,9.87337777845321
irish-sea,11,8.967903137207031,9.832397710123368
irish-sea,12,8.925045013427734,9.791675586085164
irish-sea,13,8.882941246032715,9.751405309861706
irish-sea,14,8.84160041809082,9.713465992096934
irish-sea,15,8.80126667022705,9.67570577436878
irish-sea,16,8.761811256408691,9.63798303604126
irish-sea,17,8.724157333374023,9.601172585641185
irish-sea,18,8.687602043151855,9.565772105801491
irish-sea,19,8.65207290649414,9.53004794582244
irish-sea,20,8.617574691772461,9.49233314144996
irish-sea,21,8.584027290344238,9.455207600132113
irish-sea,22,8.551432609558105,9.417836158506331
irish-sea,23,8.519627571105957,9.3809892254491
irish-sea,24,8.48869800567627,9.345565079104517
irish-sea,25,8.4585599899292,9.311407886012908
irish-sea,26,8.428869247436523,9.278279722890547
irish-sea,27,8.39974308013916,9.24606787158597
irish-sea,28,8.3711519241333,9.214301779962353
irish-sea,29,8.343133926391602,9.184288000291394
irish-sea,30,8.315569877624512,9.153947531792424
irish-sea,31,8.28840160369873,9.123954791407431
irish-sea,32,8.261786460876465,9.093365567730318
irish-sea,33,8.235867500305176,9.063061018913023
irish-sea,34,8.21056079864502,9.036277201867872
irish-sea,35,8.186037063598633,9.01155468417752
irish-sea,36,8.16225528717041,8.986562544299709
irish-sea,37,8.139411926269531,8.963264010029453
irish-sea,38,8.117415428161621,8.941182924086046
irish-sea,39,8.096186637878418,8.920541507967055
irish-sea,40,8.075723648071289,8.90131448007399
irish-sea,41,8.055988311767578,8.883752106082055
irish-sea,42,8.036828994750977,8.866039399177797
irish-sea,43,8.0178804397583,8.848210448603476
irish-sea,44,7.999100208282471,8.82914452398977
irish-sea,45,7.9826273918151855,8.808396301474621
irish-sea,46,7.964489936828613,8.788955422883394
irish-sea,47,7.946802139282227,8.770805539367018
irish-sea,48,7.929522514343262,8.753852735539919
irish-sea,49,7.912540912628174,8.737041712319979
irish-sea,50,7.896072864532471,8.720815466809016
irish-sea,51,7.88014030456543,8.706570491995862
irish-sea,52,7.864943027496338,8.692788750638242
irish-sea,53,7.8506011962890625,8.679631330633676
irish-sea,54,7.837470054626465,8.666799338145923
irish-sea,55,7.825527191162109,8.654943292884415
irish-sea,56,7.814695835113525,8.643720367390621
irish-sea,57,7.805218696594238,8.633453438871648
irish-sea,58,7.796939849853516,8.623048655192056
irish-sea,59,7.78969669342041,8.61339144450362
irish-sea,60,7.783343315124512,8.603071796253163
irish-sea,61,7.777785301208496,8.59397796097622
irish-sea,62,7.773034572601318,8.58554106579032
irish-sea,63,7.769222736358643,8.577470603040469
irish-sea,64,7.766374111175537,8.570309370307514
irish-sea,65,7.76452112197876,8.56382272064045
irish-sea,66,7.763675689697266,8.559084232904578
irish-sea,67,7.763838768005371,8.556163999085786
irish-sea,68,7.764975547790527,8.552711128932174
irish-sea,69,7.76723051071167,8.550272316061042
irish-sea,70,7.770684719085693,8.54983681914627
irish-sea,71,7.7755045890808105,8.551756076402564
irish-sea,72,7.7820611000061035,8.555490683483821
irish-sea,73,7.790454864501953,8.561517256049699
irish-sea,74,7.800426006317139,8.570679091381768
irish-sea,75,7.811962604522705,8.582098689130556
irish-sea,76,7.823087692260742,8.59609889368857
irish-sea,77,7.83764123916626,8.60999089517901
irish-sea,78,7.85372257232666,8.624168546738163
irish-sea,79,7.871212005615234,8.640277979450842
irish-sea,80,7.889978885650635,8.657871061755767
irish-sea,81,7.910105228424072,8.678115484791418
irish-sea,82,7.93152379989624,8.699239940028038
irish-sea,83,7.95386266708374,8.720846123849192
irish-sea,84,7.976940155029297,8.743086488785284
irish-sea,85,8.000707626342773,8.765754361306467
irish-sea,86,8.025230407714844,8.789282201951549
irish-sea,87,8.050522804260254,8.81420128114762
irish-sea,88,8.076576232910156,8.84030550679853
irish-sea,89,8.103508949279785,8.86699604219006
irish-sea,90,8.131474494934082,8.89502746520504
irish-sea,91,8.160715103149414,8.92495350991526
irish-sea,92,8.191065788269043,8.955413104641824
irish-sea,93,8.222463607788086,8.986425796631845
irish-sea,94,8.254945755004883,9.01870658936039
irish-sea,95,8.288519859313965,9.053839302062988
irish-sea,96,8.323115348815918,9.089043604943061
irish-sea,97,8.358662605285645,9.125808731202156
irish-sea,98,8.395216941833496,9.162687504676079
irish-sea,99,8.432659149169922,9.200128866011095
irish-sea,100,8.470951080322266,9.237493428876325
irish-sea,101,8.510137557983398,9.275151015866188
irish-sea,102,8.549936294555664,9.313500822744063
irish-sea,103,8.590191841125488,9.352003580524077
irish-sea,104,8.631046295166016,9.391815182470507
irish-sea,105,8.672758102416992,9.431946136105447
irish-sea,106,8.715370178222656,9.473188901716664
irish-sea,107,8.759052276611328,9.515863163240496
irish-sea,108,8.803689002990723,9.55912031973562
irish-sea,109,8.849176406860352,9.603891114265688
irish-sea,110,8.895432472229004,9.64947233815347
irish-sea,111,8.942416191101074,9.694705673956099
irish-sea,112,8.989754676818848,9.74076537163027
irish-sea,113,9.037816047668457,9.786931022520987
irish-sea,114,9.08703899383545,9.836864222249677
irish-sea,115,9.137553215026855,9.88850021054668
irish-sea,116,9.189144134521484,9.941698228159261
irish-sea,117,9.241557121276855,9.997179963511806
irish-sea,118,9.294583320617676,10.053135724221509
irish-sea,119,9.348302841186523,10.109897924238638
irish-sea,120,9.402798652648926,10.168742967421009
irish-sea,121,9.45833683013916,10.228855053071056
irish-sea,122,9.514931678771973,10.289232826232912
irish-sea,123,9.572778701782227,10.350738408488612
irish-sea,124,9.631831169128418,10.416803443047305
irish-sea,125,9.691896438598633,10.484380697434947
irish-sea,126,9.752756118774414,10.551081426682009
irish-sea,127,9.814386367797852,10.618874165319626
irish-sea,128,9.87679386138916,10.687461163920739
irish-sea,129,9.940042495727539,10.75754446521882
irish-sea,130,10.00415325164795,10.828219564499394
irish-sea,131,10.069256782531738,10.900980555626655
irish-sea,132,10.135248184204102,10.9751964845965
irish-sea,133,10.202396392822266,11.048439834963894
irish-sea,134,10.270769119262695,11.12346785760695
irish-sea,135,10.339956283569336,11.198424809978855
irish-sea,136,10.409772872924805,11.273336296696819
irish-sea,137,10.480188369750977,11.350597787672475
irish-sea,138,10.55101490020752,11.428430732603998
irish-sea,139,10.622411727905273,11.506594221053586
irish-sea,140,10.694425582885742,11.583860911092453
irish-sea,141,10.767268180847168,11.660212621381207
irish-sea,142,10.840973854064941,11.738969842849242
irish-sea,143,10.915629386901855,11.818848268447384
irish-sea,144,10.990662574768066,11.898833447117962
irish-sea,145,11.065529823303223,11.976214953391784
irish-sea,146,11.140266418457031,12.05354185719644
irish-sea,147,11.21492862701416,12.131026314150903
irish-sea,148,11.28974723815918,12.208450981878464
irish-sea,149,11.365029335021973,12.289007002307523
irish-sea,150,11.44059944152832,12.36961557942052
irish-sea,151,11.516101837158203,12.44783915550478
irish-sea,152,11.591094017028809,12.523849564213906
irish-sea,153,11.6653413772583,12.59881345687374
irish-sea,154,11.73862361907959,12.672209022891138
irish-sea,155,11.811124801635742,12.743994918946296
irish-sea,156,11.883399963378906,12.816537137185374
irish-sea,157,11.955672264099121,12.888896123824582
irish-sea,158,12.028157234191895,12.964595763914046
irish-sea,159,12.100598335266113,13.038211613316689
irish-sea,160,12.172743797302246,13.111429995875206
irish-sea,161,12.244465827941895,13.184890574793661
irish-sea,162,12.3157377243042,13.25667700306062
irish-sea,163,12.386441230773926,13.325035987361785
irish-sea,164,12.456273078918457,13.393473942049086
irish-sea,165,12.525105476379395,13.458469390869137
irish-sea,166,12.593225479125977,13.522461928090742
irish-sea,167,12.66051197052002,13.584848185508479
irish-sea,168,12.727088928222656,13.644603855379163
irish-sea,169,12.792815208435059,13.70230751960508
irish-sea,170,12.85775375366211,13.759804051922211
irish-sea,171,12.922062873840332,13.81796994055471
irish-sea,172,12.985700607299805,13.876902041896695
irish-sea,173,13.048676490783691,13.937641811370849
irish-sea,174,13.111218452453613,13.996532154083251
irish-sea,175,13.173550605773926,14.056460617434594
irish-sea,176,13.235879898071289,14.117204164689587
irish-sea,177,13.29796314239502,14.176672477106893
irish-sea,178,13.359803199768066,14.235134241657871
irish-sea,179,13.421140670776367,14.29165396844187
irish-sea,180,13.481828689575195,14.343870138352917
irish-sea,181,13.541868209838867,14.394647118353074
irish-sea,182,13.601310729980469,14.447218036651613
irish-sea,183,13.66041088104248,14.500823568528698
irish-sea,184,13.719330787658691,14.55712187367101
irish-sea,185,13.77817153930664,14.614037744460568
irish-sea,186,13.83704662322998,14.669499074259113
irish-sea,187,13.895651817321777,14.722709923405798
irish-sea,188,13.95389175415039,14.776168804783975
irish-sea,189,14.011478424072266,14.829085962234002
irish-sea,190,14.06843376159668,14.881582530852288
irish-sea,191,14.124743461608887,14.933963144979167
irish-sea,192,14.18044376373291,14.985118552177184
irish-sea,193,14.235414505004883,15.037349931655392
irish-sea,194,14.28950023651123,15.089525530415198
irish-sea,195,14.342610359191895,15.139547763332242
irish-sea,196,14.394676208496094,15.189958569311328
irish-sea,197,14.445540428161621,15.24005325686547
irish-sea,198,14.495511054992676,15.289357169981928
irish-sea,199,14.54452896118164,15.338171039089081
irish-sea,200,14.592818260192871,15.386311134215324
irish-sea,201,14.640345573425293,15.433952073127996
irish-sea,202,14.686861991882324,15.480360172640895
irish-sea,203,14.732221603393555,15.527012366633263
irish-sea,204,14.776331901550293,15.570743628471131
irish-sea,205,14.81904125213623,15.613739265934116
irish-sea,206,14.860485076904297,15.654977899982086
irish-sea,207,14.900829315185547,15.693722168091808
irish-sea,208,14.940138816833496,15.731589295787199
irish-sea,209,14.978324890136719,15.768690687610258
irish-sea,210,15.01522445678711,15.804593516934304
irish-sea,211,15.050740242004395,15.839908055336247
irish-sea,212,15.084672927856445,15.874563343294207
irish-sea,213,15.117250442504883,15.907196220274894
irish-sea,214,15.148372650146484,15.938145246813374
irish-sea,215,15.178030967712402,15.965684226251419
irish-sea,216,15.2064208984375,15.991814810229886
irish-sea,217,15.233272552490234,16.015618671909458
irish-sea,218,15.258302688598633,16.039328633585285
irish-sea,219,15.281364440917969,16.059806137700235
irish-sea,220,15.302398681640625,16.07433392617011
irish-sea,221,15.321784973144531,16.08602563796505
irish-sea,222,15.339649200439453,16.095111139359016
irish-sea,223,15.356047630310059,16.102325239489158
irish-sea,224,15.370856285095215,16.106483194904946
irish-sea,225,15.384347915649414,16.110015050826537
irish-sea,226,15.396798133850098,16.113364090458038
irish-sea,227,15.40821361541748,16.1158890047381
irish-sea,228,15.418696403503418,16.11775183216218
irish-sea,229,15.428062438964844,16.118988227844238
irish-sea,230,15.43625545501709,16.119033770407402
irish-sea,231,15.443214416503906,16.118863379570744
irish-sea,232,15.448683738708496,16.116909728511686
irish-sea,233,15.452601432800293,16.112319540208386
irish-sea,234,15.455107688903809,16.104513183716804
irish-sea,235,15.456351280212402,16.09438414727488
irish-sea,236,15.456159591674805,16.08286869910456
irish-sea,237,15.454477310180664,16.071195928512083
irish-sea,238,15.45125961303711,16.059523157919607
irish-sea,239,15.4464693069458,16.04761083356796
irish-sea,240,15.440103530883789,16.035323702904485
irish-sea,241,15.432439804077148,16.023011204504197
irish-sea,242,15.423517227172852,16.010131472925984
irish-sea,243,15.413620948791504,15.996822901695005
irish-sea,244,15.40267562866211,15.983022606757379
irish-sea,245,15.390738487243652,15.968937264719317
irish-sea,246,15.377813339233398,15.954306854740265
irish-sea,247,15.36383056640625,15.938714981079102
irish-sea,248,15.348487854003906,15.922754906069846
irish-sea,249,15.331734657287598,15.904111616073116
irish-sea,250,15.313804626464844,15.885438617583244
irish-sea,251,15.294930458068848,15.86694161507391
irish-sea,252,15.274992942810059,15.849027006087764
irish-sea,253,15.25408935546875,15.831044224769837
irish-sea,254,15.23218822479248,15.81350876285184
irish-sea,255,15.209378242492676,15.79554491043091
irish-sea,256,15.185462951660156,15.77597359072778
irish-sea,257,15.160346031188965,15.755453623494796
irish-sea,258,15.134081840515137,15.734420361057408
irish-sea,259,15.106823921203613,15.71285214577952
irish-sea,260,15.078761100769043,15.689912353023407
irish-sea,261,15.049821853637695,15.665710396920481
irish-sea,262,15.019929885864258,15.640695470379242
irish-sea,263,14.989094734191895,15.613895382419708
irish-sea,264,14.957366943359375,15.58813829421997
irish-sea,265,14.924811363220215,15.56001455860753
irish-sea,266,14.89144229888916,15.530223175787155
irish-sea,267,14.857421875,15.499798630129906
irish-sea,268,14.822713851928711,15.467565471895277
irish-sea,269,14.787298202514648,15.434243432937128
irish-sea,270,14.751193046569824,15.398601279720182
irish-sea,271,14.714436531066895,15.361691804086009
irish-sea,272,14.677042961120605,15.324194708178121
irish-sea,273,14.639081001281738,15.286388129572712
irish-sea,274,14.600617408752441,15.24719836634974
irish-sea,275,14.56155014038086,15.208022360647877
irish-sea,276,14.52161979675293,15.168455323865334
irish-sea,277,14.480794906616211,15.128356862837268
irish-sea,278,14.439187049865723,15.088438258632538
irish-sea,279,14.397135734558105,15.047826093243016
irish-sea,280,14.354747772216797,15.007681723563902
irish-sea,281,14.312063217163086,14.966832354760939
irish-sea,282,14.268939971923828,14.925259319428479
irish-sea,283,14.225301742553711,14.882420352197464
irish-sea,284,14.181037902832031,14.838168959463799
irish-sea,285,14.136068344116211,14.79194338706232
irish-sea,286,14.090432167053223,14.745176103038172
irish-sea,287,14.044333457946777,14.699481779529204
irish-sea,288,13.997676849365234,14.652680375499111
irish-sea,289,13.950170516967773,14.605803554288801
irish-sea,290,13.90167236328125,14.559031317310946
irish-sea,291,13.852219581604004,14.512741654919036
irish-sea,292,13.801899909973145,14.466219034502583
irish-sea,293,13.750833511352539,14.41866066840387
irish-sea,294,13.69900894165039,14.372154365047331
irish-sea,295,13.646594047546387,14.324163993712393
irish-sea,296,13.593512535095215,14.275624828953895
irish-sea,297,13.539651870727539,14.227054595947266
irish-sea,298,13.484882354736328,14.177244657085787
irish-sea,299,13.429279327392578,14.12671972090198
irish-sea,300,13.37314510345459,14.075504813655728
irish-sea,301,13.316582679748535,14.024822653493572
irish-sea,302,13.259517669677734,13.974006717435774
irish-sea,303,13.201634407043457,13.92230401192942
irish-sea,304,13.142992973327637,13.86751746208437
irish-sea,305,13.08353328704834,13.812674463948897
irish-sea,306,13.023127555847168,13.755998242285944
irish-sea,307,12.961955070495605,13.699487790753764
irish-sea,308,12.900257110595703,13.642500071371753
irish-sea,309,12.838142395019531,13.585403140898674
irish-sea,310,12.775677680969238,13.52793401287448
irish-sea,311,12.712807655334473,13.467553470980738
irish-sea,312,12.649378776550293,13.406113009299002
irish-sea,313,12.585419654846191,13.34422669872161
irish-sea,314,12.521096229553223,13.28235676057877
irish-sea,315,12.456323623657227,13.221037526284496
irish-sea,316,12.391368865966797,13.161763791115055
irish-sea,317,12.32645320892334,13.102980219933293
irish-sea,318,12.261645317077637,13.043263850673554
irish-sea,319,12.196882247924805,12.984229478528425
irish-sea,320,12.132413864135742,12.923405773408952
irish-sea,321,12.068182945251465,12.861006918261129
irish-sea,322,12.00402545928955,12.79741029124106
irish-sea,323,11.939860343933105,12.733382766477522
irish-sea,324,11.875800132751465,12.668765886368291
irish-sea,325,11.811990737915039,12.604039918222734
irish-sea,326,11.748344421386719,12.539870945099862
irish-sea,327,11.684759140014648,12.477908020634805
irish-sea,328,11.62117862701416,12.414485854487266
irish-sea,329,11.557745933532715,12.34889291947888
irish-sea,330,11.494564056396484,12.283057003636511
irish-sea,331,11.431307792663574,12.21599720370385
irish-sea,332,11.367912292480469,12.148492434716992
irish-sea,333,11.30457592010498,12.080533021496187
irish-sea,334,11.241729736328125,12.011503456484885
irish-sea,335,11.179376602172852,11.94503655587473
irish-sea,336,11.11755084991455,11.878669812602379
irish-sea,337,11.056528091430664,11.813151522605649
irish-sea,338,10.996500968933105,11.747948086646295
irish-sea,339,10.937296867370605,11.683963627969062
irish-sea,340,10.878623962402344,11.619382606014128
irish-sea,341,10.820381164550781,11.55461102147256
irish-sea,342,10.762553215026855,11.49255507684523
irish-sea,343,10.705232620239258,11.432156227480982
irish-sea,344,10.648386001586914,11.373768074281754
irish-sea,345,10.591906547546387,11.316314734182052
irish-sea,346,10.535840034484863,11.259309820975027
irish-sea,347,10.480157852172852,11.202157100554436
irish-sea,348,10.424660682678223,11.144962704566217
irish-sea,349,10.369109153747559,11.08708722206854
irish-sea,350,10.313748359680176,11.03016234982398
irish-sea,351,10.258614540100098,10.974983916744108
irish-sea,352,10.202905654907227,10.919701634683916
irish-sea,353,10.147619247436523,10.864693195589128
irish-sea,354,10.09286880493164,10.811113422147688
irish-sea,355,10.038403511047363,10.759823171554073
irish-sea,356,9.984153747558594,10.709160094107352
irish-sea,357,9.930145263671875,10.659598424357753
irish-sea,358,9.87648868560791,10.61027484093943
irish-sea,359,9.823383331298828,10.562176935134396
irish-sea,360,9.770931243896484,10.516361224266792
irish-sea,361,9.719099044799805,10.471484399610953
irish-sea,362,9.667891502380371,10.428693999013595
irish-sea,363,9.617443084716797,10.387008294751569
irish-sea,364,9.567627906799316,10.345333776166363
irish-sea,365,9.518501281738281,10.305820302040347
irish-sea,366,9.470193862915039,10.26691641346101
kattegat,1,3.9708917140960693,5.904110247089016
kattegat,2,3.914551019668579,5.850702011969782
kattegat,3,3.859090566635132,5.795899843400524
kattegat,4,3.8040409088134766,5.73626622999868
kattegat,5,3.7490758895874023,5.674812756815265
kattegat,6,3.6943395137786865,5.611666868579003
kattegat,7,3.6398563385009766,5.5457668381352585
kattegat,8,3.5853285789489746,5.475988723385719
kattegat,9,3.5305254459381104,5.4002915690022135
kattegat,10,3.475809097290039,5.32355165327749
kattegat,11,3.4214980602264404,5.248715432997673
kattegat,12,3.368208885192871,5.175583670216223
kattegat,13,3.3159008026123047,5.105317089634558
kattegat,14,3.2648725509643555,5.042736714886081
kattegat,15,3.2155487537384033,4.982983092338808
kattegat,16,3.168245792388916,4.925853721557125
kattegat,17,3.12406325340271,4.8770646310621695
kattegat,18,3.08180570602417,4.827435682665917
kattegat,19,3.0414674282073975,4.778392047266807
kattegat,20,3.002941370010376,4.7290983646146705
kattegat,21,2.966085910797119,4.678815836291159
kattegat,22,2.930692434310913,4.628783076809299
kattegat,23,2.896446466445923,4.579413548592599
kattegat,24,2.8629941940307617,4.531552500878611
kattegat,25,2.830338716506958,4.483275474271467
kattegat,26,2.7982592582702637,4.435599834688249
kattegat,27,2.7666640281677246,4.387627250148404
kattegat,28,2.7353506088256836,4.339772118291548
kattegat,29,2.7040042877197266,4.292354792164219
kattegat,30,2.6729397773742676,4.245380720784588
kattegat,31,2.6424317359924316,4.197761256464067
kattegat,32,2.612912178039551,4.150878306358091
kattegat,33,2.5847089290618896,4.108174707812648
kattegat,34,2.5583691596984863,4.068995929533436
kattegat,35,2.534374952316284,4.0368220690758
kattegat,36,2.512784719467163,4.0083789579329965
kattegat,37,2.49363112449646,3.98403883057256
kattegat,38,2.476839542388916,3.96372527383989
kattegat,39,2.462756395339966,3.948768576498955
kattegat,40,2.4514451026916504,3.9409520556849826
kattegat,41,2.4426956176757812,3.934375237649488
kattegat,42,2.436250925064087,3.9294899732835837
kattegat,43,2.4315872192382812,3.930649802761694
kattegat,44,2.4286012649536133,3.9326199016263415
kattegat,45,2.432901382446289,3.9410180719949874
kattegat,46,2.4322288036346436,3.9429236963231085
kattegat,47,2.432864189147949,3.943803488567312
kattegat,48,2.435023784637451,3.9460716737213954
kattegat,49,2.438467264175415,3.9492626402967725
kattegat,50,2.4428646564483643,3.9531655924294586
kattegat,51,2.4481847286224365,3.9603269174534796
kattegat,52,2.454516649246216,3.973582798947571
kattegat,53,2.462338447570801,3.9912176268075115
kattegat,54,2.471998691558838,4.011524648563838
kattegat,55,2.483804702758789,4.034156296073751
kattegat,56,2.4978103637695312,4.059232709228352
kattegat,57,2.514035940170288,4.0869232667389745
kattegat,58,2.532496690750122,4.1181931408502725
kattegat,59,2.553067684173584,4.150737602223633
kattegat,60,2.5757975578308105,4.183464035423854
kattegat,61,2.600996971130371,4.217867437998454
kattegat,62,2.628817319869995,4.25434949218586
kattegat,63,2.6594736576080322,4.2932310132570155
kattegat,64,2.6924967765808105,4.333405778228596
kattegat,65,2.727435350418091,4.375097786739309
kattegat,66,2.7642135620117188,4.4185422564065595
kattegat,67,2.8028321266174316,4.465572309237654
kattegat,68,2.8433356285095215,4.514108892153669
kattegat,69,2.8857314586639404,4.56208374013183
kattegat,70,2.9300944805145264,4.6093637963776946
kattegat,71,2.976633071899414,4.657475407405567
kattegat,72,3.0253074169158936,4.710929172782489
kattegat,73,3.0761430263519287,4.7656349817911785
kattegat,74,3.1292309761047363,4.817258819969753
kattegat,75,3.185194730758667,4.872248683949953
kattegat,76,3.238443374633789,4.92326941336355
kattegat,77,3.3009631633758545,4.983394847377655
kattegat,78,3.3660430908203125,5.046619275308424
kattegat,79,3.4333512783050537,5.114378418460968
kattegat,80,3.5027565956115723,5.184275427172261
kattegat,81,3.574643135070801,5.2566550823950005
kattegat,82,3.649181604385376,5.330432424237651
kattegat,83,3.726349353790283,5.403620279988934
kattegat,84,3.8056230545043945,5.476569870979556
kattegat,85,3.8865907192230225,5.554447006410169
kattegat,86,3.969116449356079,5.631818203772268
kattegat,87,4.053131103515625,5.711986484835226
kattegat,88,4.138643741607666,5.791127446389968
kattegat,89,4.225885391235352,5.870646438290997
kattegat,90,4.315438747406006,5.953213156423262
kattegat,91,4.40775728225708,6.040726098706647
kattegat,92,4.502766132354736,6.1317134195758465
kattegat,93,4.600238800048828,6.226554113818755
kattegat,94,4.699832916259766,6.328020568047802
kattegat,95,4.802077293395996,6.433418630784558
kattegat,96,4.907276630401611,6.538112628075385
kattegat,97,5.014594078063965,6.644176530838013
kattegat,98,5.12368106842041,6.74984313749498
kattegat,99,5.234914302825928,6.860694282285628
kattegat,100,5.348370552062988,6.975334502804664
kattegat,101,5.463698387145996,7.094042861077093
kattegat,102,5.580754280090332,7.213311195373536
kattegat,103,5.699762344360352,7.335053396224976
kattegat,104,5.820906639099121,7.460363046584591
kattegat,105,5.944393634796143,7.5856999904878695
kattegat,106,6.069735527038574,7.709876823425295
kattegat,107,6.19697904586792,7.835310934435937
kattegat,108,6.326740264892578,7.960708142865089
kattegat,109,6.459619522094727,8.089527271639916
kattegat,110,6.595539569854736,8.219195895041189
kattegat,111,6.734833240509033,8.354892175428327
kattegat,112,6.877003192901611,8.49182609896506
kattegat,113,7.021784782409668,8.62985096593057
kattegat,114,7.168412685394287,8.773043714031095
kattegat,115,7.316728591918945,8.920345798615484
kattegat,116,7.46696138381958,9.067999865931847
kattegat,117,7.619222640991211,9.218211189393074
kattegat,118,7.773133277893066,9.37359297198634
kattegat,119,7.928394794464111,9.53805676583321
kattegat,120,8.084683418273926,9.704822580275996
kattegat,121,8.24168872833252,9.870312801484138
kattegat,122,8.398962020874023,10.035806145206573
kattegat,123,8.556361198425293,10.200951773120511
kattegat,124,8.713879585266113,10.365416526794435
kattegat,125,8.87172794342041,10.535493964533654
kattegat,126,9.029561042785645,10.708217134783347
kattegat,127,9.187217712402344,10.88116132367042
kattegat,128,9.345258712768555,11.053422398721022
kattegat,129,9.50395679473877,11.222507750603464
kattegat,130,9.662510871887207,11.386249582229125
kattegat,131,9.820919036865234,11.546465378422894
kattegat,132,9.979374885559082,11.702664726011218
kattegat,133,10.137911796569824,11.860391392246374
kattegat,134,10.296377182006836,12.013912099407568
kattegat,135,10.454673767089844,12.16892756492861
kattegat,136,10.612821578979492,12.336346250964752
kattegat,137,10.770780563354492,12.50534539684173
kattegat,138,10.928410530090332,12.673469140452724
kattegat,139,11.084875106811523,12.845205113195604
kattegat,140,11.239960670471191,13.014882573773784
kattegat,141,11.39417552947998,13.18325560785109
kattegat,142,11.547232627868652,13.350697215910882
kattegat,143,11.69873046875,13.51583222419985
kattegat,144,11.84827995300293,13.682397876247283
kattegat,145,11.996223449707031,13.84052664849066
kattegat,146,12.142321586608887,13.99537452574699
kattegat,147,12.285990715026855,14.143190906893823
kattegat,148,12.427063941955566,14.287907034350978
kattegat,149,12.565659523010254,14.426272530709543
kattegat,150,12.702012062072754,14.55596503288515
kattegat,151,12.836176872253418,14.689036944604691
kattegat,152,12.967802047729492,14.822770518641319
kattegat,153,13.096696853637695,14.953860818186115
kattegat,154,13.222650527954102,15.080147383289953
kattegat,155,13.345674514770508,15.203132675540063
kattegat,156,13.465917587280273,15.31356496503276
kattegat,157,13.583910942077637,15.418061650183892
kattegat,158,13.700284957885742,15.521829737386394
kattegat,159,13.815140724182129,15.623814192125874
kattegat,160,13.928308486938477,15.726515203906642
kattegat,161,14.04007625579834,15.830500673478648
kattegat,162,14.150273323059082,15.938525033766224
kattegat,163,14.258960723876953,16.05311164855957
kattegat,164,14.36628246307373,16.168372701829483
kattegat,165,14.472862243652344,16.290010246153802
kattegat,166,14.578977584838867,16.407776998704477
kattegat,167,14.684311866760254,16.514100822325677
kattegat,168,14.788407325744629,16.619465363410214
kattegat,169,14.890615463256836,16.725248327562888
kattegat,170,14.99124526977539,16.829077308408674
kattegat,171,15.090161323547363,16.93040677655128
kattegat,172,15.186784744262695,17.030893934926677
kattegat,173,15.281184196472168,17.125775798674553
kattegat,174,15.373828887939453,17.2205690691548
kattegat,175,15.465003967285156,17.31283038354689
kattegat,176,15.554305076599121,17.405834837882747
kattegat,177,15.641803741455078,17.49720739549206
kattegat,178,15.727957725524902,17.589290317412342
kattegat,179,15.813104629516602,17.682412504380746
kattegat,180,15.897536277770996,17.773457299509353
kattegat,181,15.9813232421875,17.86581585791803
kattegat,182,16.064720153808594,17.952069762445262
kattegat,183,16.14830780029297,18.041230730856615
kattegat,184,16.232206344604492,18.130577801119898
kattegat,185,16.31661033630371,18.222891746028775
kattegat,186,16.401750564575195,18.316429710388185
kattegat,187,16.487825393676758,18.410525611139114
kattegat,188,16.574600219726562,18.50677247201243
kattegat,189,16.661479949951172,18.603662097069527
kattegat,190,16.748281478881836,18.701583591584235
kattegat,191,16.835107803344727,18.79970010326755
kattegat,192,16.921695709228516,18.899436310798894
kattegat,193,17.007625579833984,19.006930905003703
kattegat,194,17.09249496459961,19.11013059308452
kattegat,195,17.17621421813965,19.209639321604083
kattegat,196,17.25764274597168,19.30485259025328
kattegat,197,17.336177825927734,19.398756888604932
kattegat,198,17.411605834960938,19.48790163840017
kattegat,199,17.484169006347656,19.572478823507982
kattegat,200,17.554292678833008,19.65182247161865
kattegat,201,17.621915817260742,19.726821210307456
kattegat,202,17.68672752380371,19.797564943375125
kattegat,203,17.74850082397461,19.86391585565382
kattegat,204,17.806856155395508,19.92746716160928
kattegat,205,17.861692428588867,19.987045232711303
kattegat,206,17.912878036499023,20.04186500426262
kattegat,207,17.9610538482666,20.09432777281731
kattegat,208,18.006460189819336,20.14537542404667
kattegat,209,18.048816680908203,20.193913330570346
kattegat,210,18.087800979614258,20.238569216574394
kattegat,211,18.123302459716797,20.278746100394955
kattegat,212,18.155269622802734,20.315566395175072
kattegat,213,18.183490753173828,20.347787943193993
kattegat,214,18.20782470703125,20.374210905259655
kattegat,215,18.22879981994629,20.397959721472954
kattegat,216,18.24641227722168,20.418741663040656
kattegat,217,18.260337829589844,20.432664717397383
kattegat,218,18.269996643066406,20.441986354704824
kattegat,219,18.274873733520508,20.445572403938538
kattegat,220,18.274837493896484,20.44475438517909
kattegat,221,18.269824981689453,20.43716844743298
kattegat,222,18.25945472717285,20.426106926702683
kattegat,223,18.243419647216797,20.40433784607918
kattegat,224,18.222028732299805,20.365870900307932
kattegat,225,18.19544219970703,20.319732290698635
kattegat,226,18.163429260253906,20.26587392745479
kattegat,227,18.126422882080078,20.201803662700037
kattegat,228,18.08468246459961,20.133075375710764
kattegat,229,18.03866958618164,20.05937430474066
kattegat,230,17.98881721496582,19.98051437870149
kattegat,231,17.935243606567383,19.89751697663338
kattegat,232,17.87795639038086,19.807508216365694
kattegat,233,17.817218780517578,19.716444458500032
kattegat,234,17.75370216369629,19.62554290525375
kattegat,235,17.687870025634766,19.531606649583388
kattegat,236,17.61990737915039,19.438046473841514
kattegat,237,17.550058364868164,19.344041688980596
kattegat,238,17.478069305419922,19.24877012314335
kattegat,239,17.403942108154297,19.151612355632167
kattegat,240,17.327869415283203,19.05601738960512
kattegat,241,17.249492645263672,18.955236145757862
kattegat,242,17.168867111206055,18.854312299912976
kattegat,243,17.085981369018555,18.74718504874937
kattegat,244,17.001014709472656,18.639322563909715
kattegat,245,16.91375160217285,18.526212581511466
kattegat,246,16.823701858520508,18.410310702170094
kattegat,247,16.730932235717773,18.29286804814492
kattegat,248,16.635530471801758,18.176667822560955
kattegat,249,16.537799835205078,18.061932957556937
kattegat,250,16.437883377075195,17.947796809288764
kattegat,251,16.336149215698242,17.832897992287915
kattegat,252,16.233118057250977,17.721208369347355
kattegat,253,16.12912368774414,17.60725757229713
kattegat,254,16.02462387084961,17.4921602495255
kattegat,255,15.919537544250488,17.376583040914223
kattegat,256,15.81387710571289,17.261480405253746
kattegat,257,15.707731246948242,17.149356639000676
kattegat,258,15.600983619689941,17.03880324517527
kattegat,259,15.49345588684082,16.924097987144226
kattegat,260,15.384903907775879,16.81219189551569
kattegat,261,15.275284767150879,16.70293848283829
kattegat,262,15.16454029083252,16.59503966300718
kattegat,263,15.05256462097168,16.491324000204763
kattegat,264,14.939484596252441,16.386000282533708
kattegat,265,14.825028419494629,16.27544679334087
kattegat,266,14.70937442779541,16.164555792654717
kattegat,267,14.592713356018066,16.05140164283014
kattegat,268,14.475069046020508,15.935969303500269
kattegat,269,14.35664176940918,15.81976731208063
kattegat,270,14.237812995910645,15.704095855835945
kattegat,271,14.118670463562012,15.583431434631347
kattegat,272,13.999598503112793,15.465759237350957
kattegat,273,13.880465507507324,15.350643385610274
kattegat,274,13.761236190795898,15.234606979739281
kattegat,275,13.641817092895508,15.119256979419339
kattegat,276,13.522417068481445,15.008267079630206
kattegat,277,13.403138160705566,14.897931554240568
kattegat,278,13.283783912658691,14.787425893352877
kattegat,279,13.164491653442383,14.67399512567828
kattegat,280,13.045133590698242,14.556977222811792
kattegat,281,12.925633430480957,14.438232723359139
kattegat,282,12.806109428405762,14.319217491149905
kattegat,283,12.686246871948242,14.19959632812008
kattegat,284,12.56592845916748,14.079288507276967
kattegat,285,12.44538688659668,13.96124961914555
kattegat,286,12.325041770935059,13.84284183133033
kattegat,287,12.205099105834961,13.725597049343971
kattegat,288,12.085577011108398,13.60719044285436
kattegat,289,11.966631889343262,13.487611115363336
kattegat,290,11.848395347595215,13.371162476078156
kattegat,291,11.731064796447754,13.254638779547907
kattegat,292,11.614563941955566,13.13915028418264
kattegat,293,11.498750686645508,13.026549483883764
kattegat,294,11.383512496948242,12.914883275185861
kattegat,295,11.268918991088867,12.805062918509206
kattegat,296,11.154924392700195,12.699731888309604
kattegat,297,11.041055679321289,12.595157374105147
kattegat,298,10.926856994628906,12.490992509165116
kattegat,299,10.812427520751953,12.389315872807654
kattegat,300,10.69807243347168,12.287412892618487
kattegat,301,10.583717346191406,12.184316001399868
kattegat,302,10.46939754486084,12.08568457634218
kattegat,303,10.35500717163086,11.987492182946971
kattegat,304,10.240644454956055,11.888699959170431
kattegat,305,10.126721382141113,11.794504177954886
kattegat,306,10.013008117675781,11.698613203725506
kattegat,307,9.899285316467285,11.601431849695018
kattegat,308,9.78562068939209,11.502632214946129
kattegat,309,9.67241382598877,11.395641609930223
kattegat,310,9.559504508972168,11.289362516710833
kattegat,311,9.44652271270752,11.185003754400435
kattegat,312,9.333438873291016,11.079310229516798
kattegat,313,9.220130920410156,10.96894279910672
kattegat,314,9.1066312789917,10.854855718920307
kattegat,315,8.993021965026855,10.738791527286653
kattegat,316,8.879243850708008,10.623258433803434
kattegat,317,8.765284538269043,10.511729757247434
kattegat,318,8.651013374328613,10.398627499611148
kattegat,319,8.53636360168457,10.286203762792772
kattegat,320,8.421263694763184,10.176311443698022
kattegat,321,8.30563735961914,10.068096696176838
kattegat,322,8.189659118652344,9.960358192074686
kattegat,323,8.073455810546875,9.852698015397596
kattegat,324,7.9571404457092285,9.744160258385444
kattegat,325,7.841161727905273,9.630256177533058
kattegat,326,7.725465774536133,9.51444555867103
kattegat,327,7.609853744506836,9.395550343298144
kattegat,328,7.494396686553955,9.277435105846775
kattegat,329,7.379383563995361,9.162484204384588
kattegat,330,7.265092849731445,9.046330874966037
kattegat,331,7.151444435119629,8.931631800436204
kattegat,332,7.038527488708496,8.817159538884317
kattegat,333,6.926217079162598,8.700003031761415
kattegat,334,6.814837455749512,8.582916081336238
kattegat,335,6.704559326171875,8.462810167189566
kattegat,336,6.595102310180664,8.343462576404695
kattegat,337,6.486583232879639,8.227446343821864
kattegat,338,6.379237174987793,8.113425654749717
kattegat,339,6.273471355438232,8.001891886803413
kattegat,340,6.169431209564209,7.899806665605116
kattegat,341,6.066981792449951,7.802736786873112
kattegat,342,5.966375350952148,7.708116154516898
kattegat,343,5.8678107261657715,7.6178185201460344
kattegat,344,5.771296501159668,7.534902635697398
kattegat,345,5.676613807678223,7.457278976132795
kattegat,346,5.583714485168457,7.382779082944318
kattegat,347,5.492198944091797,7.308226891486877
kattegat,348,5.401961803436279,7.231598168034709
kattegat,349,5.312979221343994,7.151770456375615
kattegat,350,5.225083351135254,7.073216715166646
kattegat,351,5.138171672821045,6.99445935218565
kattegat,352,5.051355838775635,6.90850283099759
kattegat,353,4.965940475463867,6.82607049019106
kattegat,354,4.881967544555664,6.744856982077321
kattegat,355,4.799606800079346,6.664088438403222
kattegat,356,4.718789577484131,6.589942892136113
kattegat,357,4.63950252532959,6.517735867346487
kattegat,358,4.562267303466797,6.448401009651922
kattegat,359,4.487362384796143,6.379990268522694
kattegat,360,4.414908409118652,6.31176684748742
kattegat,361,4.344788074493408,6.246397358371366
kattegat,362,4.277011394500732,6.182076715653944
kattegat,363,4.211608409881592,6.119882588232717
kattegat,364,4.148733139038086,6.060698978362546
kattegat,365,4.087853908538818,6.00489867425734
kattegat,366,4.028672695159912,5.953988018343526
ligurian-sea,1,14.230587005615234,15.295678034136373
ligurian-sea,2,14.190752029418945,15.244117321506625
ligurian-sea,3,14.15204906463623,15.193269225089784
ligurian-sea,4,14.114143371582031,15.141440896065005
ligurian-sea,5,14.07678508758545,15.089904108355125
ligurian-sea,6,14.040166854858398,15.039522389442691
ligurian-sea,7,14.004228591918945,14.990090031777658
ligurian-sea,8,13.968984603881836,14.94108585849885
ligurian-sea,9,13.93462085723877,14.89194370700467
ligurian-sea,10,13.901052474975586,14.842909419152043
ligurian-sea,11,13.868110656738281,14.793126057040306
ligurian-sea,12,13.835783004760742,14.74268513033467
ligurian-sea,13,13.804118156433105,14.691848456475043
ligurian-sea,14,13.773165702819824,14.64230656470022
ligurian-sea,15,13.743102073669434,14.592518418835054
ligurian-sea,16,13.714061737060547,14.544900534229892
ligurian-sea,17,13.68648910522461,14.498858411850467
ligurian-sea,18,13.659791946411133,14.453721489444854
ligurian-sea,19,13.633999824523926,14.410040981538833
ligurian-sea,20,13.609001159667969,14.367562558574061
ligurian-sea,21,13.584836959838867,14.326053797814154
ligurian-sea,22,13.56134033203125,14.2862853142523
ligurian-sea,23,13.538585662841797,14.247674942016603
ligurian-sea,24,13.51672649383545,14.21246400648548
ligurian-sea,25,13.495689392089844,14.179186021128011
ligurian-sea,26,13.475476264953613,14.14701363040555
ligurian-sea,27,13.456226348876953,14.11526923641082
ligurian-sea,28,13.437932968139648,14.085472359195833
ligurian-sea,29,13.420437812805176,14.057767471190422
ligurian-sea,30,13.403764724731445,14.031476633010374
ligurian-sea,31,13.387825012207031,14.005907953939131
ligurian-sea,32,13.372513771057129,13.982961008625647
ligurian-sea,33,13.35816764831543,13.962074239792361
ligurian-sea,34,13.344925880432129,13.942219494235133
ligurian-sea,35,13.33272647857666,13.924224179790867
ligurian-sea,36,13.32187271118164,13.908905056984194
ligurian-sea,37,13.312223434448242,13.895787595933484
ligurian-sea,38,13.303518295288086,13.883959053408716
ligurian-sea,39,13.295660972595215,13.873106725754278
ligurian-sea,40,13.288628578186035,13.86257817053026
ligurian-sea,41,13.28237533569336,13.852722857075356
ligurian-sea,42,13.276824951171875,13.84384937286377
ligurian-sea,43,13.27212142944336,13.83569834001603
ligurian-sea,44,13.268192291259766,13.828888397832074
ligurian-sea,45,13.264620780944824,13.82212568713773
ligurian-sea,46,13.26165771484375,13.816875706949542
ligurian-sea,47,13.259214401245117,13.812320758450417
ligurian-sea,48,13.257360458374023,13.808642565819524
ligurian-sea,49,13.256237030029297,13.805610302955873
ligurian-sea,50,13.256026268005371,13.803562594998267
ligurian-sea,51,13.256625175476074,13.802385942397578
ligurian-sea,52,13.258082389831543,13.80206353587489
ligurian-sea,53,13.260579109191895,13.801842344960859
ligurian-sea,54,13.264062881469727,13.802128837954614
ligurian-sea,55,13.26871395111084,13.803944280070645
ligurian-sea,56,13.274720191955566,13.807123544139248
ligurian-sea,57,13.282037734985352,13.812925818658645
ligurian-sea,58,13.290400505065918,13.820472729590632
ligurian-sea,59,13.29952621459961,13.828708159539008
ligurian-sea,60,13.309224128723145,13.838318111050514
ligurian-sea,61,13.319501876831055,13.848967466046732
ligurian-sea,62,13.33051872253418,13.861479989943964
ligurian-sea,63,13.342279434204102,13.874296895919306
ligurian-sea,64,13.354390144348145,13.88789320607339
ligurian-sea,65,13.366591453552246,13.901634723909437
ligurian-sea,66,13.37875747680664,13.915475713053057
ligurian-sea,67,13.390581130981445,13.92923255428191
ligurian-sea,68,13.402141571044922,13.94247351000386
ligurian-sea,69,13.414115905761719,13.955641537327919
ligurian-sea,70,13.42676830291748,13.969396194334953
ligurian-sea,71,13.440314292907715,13.985431978779454
ligurian-sea,72,13.454658508300781,14.00233131839383
ligurian-sea,73,13.469720840454102,14.023154957063737
ligurian-sea,74,13.48542594909668,14.04524321402273
ligurian-sea,75,13.50206184387207,14.071194854859383
ligurian-sea,76,13.520333290100098,14.099694076661141
ligurian-sea,77,13.540289878845215,14.13277374390633
ligurian-sea,78,13.562090873718262,14.166980048148861
ligurian-sea,79,13.585620880126953,14.205599609498055
ligurian-sea,80,13.610554695129395,14.245204390248944
ligurian-sea,81,13.636857986450195,14.287164223578667
ligurian-sea,82,13.664154052734375,14.33065436578566
ligurian-sea,83,13.692480087280273,14.375527569555466
ligurian-sea,84,13.721902847290039,14.422999003625685
ligurian-sea,85,13.752586364746094,14.475474997489684
ligurian-sea,86,13.78420639038086,14.530901093636789
ligurian-sea,87,13.816385269165039,14.58701355534215
ligurian-sea,88,13.849008560180664,14.641730077805057
ligurian-sea,89,13.882203102111816,14.697248809568343
ligurian-sea,90,13.916139602661133,14.754556960444294
ligurian-sea,91,13.951037406921387,14.811721764841385
ligurian-sea,92,13.986934661865234,14.869619434110579
ligurian-sea,93,14.02428150177002,14.928574079082857
ligurian-sea,94,14.063295364379883,14.987904714768932
ligurian-sea,95,14.104353904724121,15.047305177873183
ligurian-sea,96,14.147682189941406,15.108658504486083
ligurian-sea,97,14.19364070892334,15.173842863882744
ligurian-sea,98,14.24240779876709,15.246737510927263
ligurian-sea,99,14.293733596801758,15.320831849498134
ligurian-sea,100,14.346990585327148,15.39535772262081
ligurian-sea,101,14.402440071105957,15.472071432298229
ligurian-sea,102,14.460029602050781,15.553592078916488
ligurian-sea,103,14.519545555114746,15.633635837801037
ligurian-sea,104,14.58110237121582,15.71389838187925
ligurian-sea,105,14.644647598266602,15.796647321024246
ligurian-sea,106,14.709856033325195,15.877710096297724
ligurian-sea,107,14.776394844055176,15.959138633358862
ligurian-sea,108,14.844202041625977,16.038481515453707
ligurian-sea,109,14.913357734680176,16.119451227495748
ligurian-sea,110,14.984271049499512,16.197744218764768
ligurian-sea,111,15.057585716247559,16.278850226248466
ligurian-sea,112,15.132979393005371,16.360517514136532
ligurian-sea,113,15.210610389709473,16.444447637373404
ligurian-sea,114,15.290614128112793,16.5328994904795
ligurian-sea,115,15.37253189086914,16.623828651059057
ligurian-sea,116,15.45589542388916,16.711340218205603
ligurian-sea,117,15.540684700012207,16.795352735827045
ligurian-sea,118,15.627299308776855,16.88305883407593
ligurian-sea,119,15.715404510498047,16.975050040214295
ligurian-sea,120,15.80475902557373,17.068210986352735
ligurian-sea,121,15.89531421661377,17.16176511702999
ligurian-sea,122,15.986751556396484,17.255471620252056
ligurian-sea,123,16.079370498657227,17.350005331347067
ligurian-sea,124,16.17283058166504,17.447093139156216
ligurian-sea,125,16.267309188842773,17.54693533374417
ligurian-sea,126,16.363239288330078,17.65164599264822
ligurian-sea,127,16.460988998413086,17.7627588641259
ligurian-sea,128,16.560504913330078,17.87683254364998
ligurian-sea,129,16.66154670715332,17.993294395938996
ligurian-sea,130,16.76423454284668,18.11396000154557
ligurian-sea,131,16.868860244750977,18.238195043994534
ligurian-sea,132,16.97504997253418,18.361332062752016
ligurian-sea,133,17.08283042907715,18.482521733930035
ligurian-sea,134,17.191774368286133,18.609756660461425
ligurian-sea,135,17.301837921142578,18.73504671896658
ligurian-sea,136,17.412778854370117,18.858989124913368
ligurian-sea,137,17.524457931518555,18.98382090906943
ligurian-sea,138,17.636672973632812,19.110295523366624
ligurian-sea,139,17.749530792236328,19.237801170349123
ligurian-sea,140,17.862695693969727,19.363325500488283
ligurian-sea,141,17.976181030273438,19.493269766530688
ligurian-sea,142,18.089506149291992,19.623591090786842
ligurian-sea,143,18.20259666442871,19.751833208145634
ligurian-sea,144,18.31537628173828,19.87781013365715
ligurian-sea,145,18.42793846130371,20.001847574787757
ligurian-sea,146,18.540645599365234,20.127441215515134
ligurian-sea,147,18.653505325317383,20.254828662257037
ligurian-sea,148,18.766902923583984,20.38513082688854
ligurian-sea,149,18.880596160888672,20.519701108624854
ligurian-sea,150,18.99469566345215,20.6606909167382
ligurian-sea,151,19.109756469726562,20.800609607081256
ligurian-sea,152,19.225830078125,20.943722804900137
ligurian-sea,153,19.343429565429688,21.091459046640704
ligurian-sea,154,19.46225357055664,21.244405451128564
ligurian-sea,155,19.582239151000977,21.399879344817133
ligurian-sea,156,19.702964782714844,21.558891708620134
ligurian-sea,157,19.823833465576172,21.71622583327755
ligurian-sea,158,19.94485092163086,21.868570819977794
ligurian-sea,159,20.065839767456055,22.017175643674793
ligurian-sea,160,20.186784744262695,22.157139538180445
ligurian-sea,161,20.30767059326172,22.293110921305995
ligurian-sea,162,20.428438186645508,22.42916937182027
ligurian-sea,163,20.5489559173584,22.5683256641511
ligurian-sea,164,20.668546676635742,22.707539459966846
ligurian-sea,165,20.78753662109375,22.842031048190208
ligurian-sea,166,20.905654907226562,22.975438604047223
ligurian-sea,167,21.02302360534668,23.111332474985424
ligurian-sea,168,21.139780044555664,23.245534749184884
ligurian-sea,169,21.255796432495117,23.37844232128512
ligurian-sea,170,21.37010955810547,23.50818967511577
ligurian-sea,171,21.482681274414062,23.636610818678335
ligurian-sea,172,21.59308624267578,23.764644745857485
ligurian-sea,173,21.70075798034668,23.89097025471349
ligurian-sea,174,21.80621910095215,24.022555905003703
ligurian-sea,175,21.909807205200195,24.15419283220845
ligurian-sea,176,22.011232376098633,24.283830894962435
ligurian-sea,177,22.110490798950195,24.408058910985147
ligurian-sea,178,22.208011627197266,24.528886364352317
ligurian-sea,179,22.303295135498047,24.646847995635003
ligurian-sea,180,22.39639663696289,24.755119034551807
ligurian-sea,181,22.487974166870117,24.852934283594934
ligurian-sea,182,22.577777862548828,24.94929970772036
ligurian-sea,183,22.666011810302734,25.040485751244336
ligurian-sea,184,22.752670288085938,25.12831280000749
ligurian-sea,185,22.83704948425293,25.21113078209662
ligurian-sea,186,22.919153213500977,25.288449736564395
ligurian-sea,187,22.99928855895996,25.359947598365046
ligurian-sea,188,23.077735900878906,25.431391623712358
ligurian-sea,189,23.154136657714844,25.499354663971936
ligurian-sea,190,23.22852897644043,25.5642660264046
ligurian-sea,191,23.300987243652344,25.629011406437044
ligurian-sea,192,23.37139892578125,25.692503473835608
ligurian-sea,193,23.4398250579834,25.75129177954889
ligurian-sea,194,23.50606918334961,25.805305800899383
ligurian-sea,195,23.570697784423828,25.853996332230107
ligurian-sea,196,23.634111404418945,25.9007285518031
ligurian-sea,197,23.696317672729492,25.946281162385016
ligurian-sea,198,23.7573299407959,25.9870485613423
ligurian-sea,199,23.817218780517578,26.02647028892271
ligurian-sea,200,23.876035690307617,26.065063741130214
ligurian-sea,201,23.934232711791992,26.10531266735446
ligurian-sea,202,23.99150276184082,26.14613860345656
ligurian-sea,203,24.04751968383789,26.18136444707071
ligurian-sea,204,24.10235595703125,26.21387049152006
ligurian-sea,205,24.155601501464844,26.23994047718664
ligurian-sea,206,24.206727981567383,26.264168468598402
ligurian-sea,207,24.255504608154297,26.286482810974128
ligurian-sea,208,24.301944732666016,26.30857270763767
ligurian-sea,209,24.345935821533203,26.33028299885412
ligurian-sea,210,24.38751983642578,26.349811793911847
ligurian-sea,211,24.426624298095703,26.368877386277724
ligurian-sea,212,24.46303367614746,26.3866552968179
ligurian-sea,213,24.496952056884766,26.40614549575313
ligurian-sea,214,24.528322219848633,26.425362094756096
ligurian-sea,215,24.55699920654297,26.441931096969114
ligurian-sea,216,24.583641052246094,26.456310259911326
ligurian-sea,217,24.608272552490234,26.469922391829957
ligurian-sea,218,24.63081169128418,26.484033166208583
ligurian-sea,219,24.650800704956055,26.4942276062504
ligurian-sea,220,24.66779899597168,26.504192967568677
ligurian-sea,221,24.681360244750977,26.508659356640234
ligurian-sea,222,24.691125869750977,26.507710702957645
ligurian-sea,223,24.696765899658203,26.502286443402692
ligurian-sea,224,24.697467803955078,26.49341142715946
ligurian-sea,225,24.69318389892578,26.481176683979648
ligurian-sea,226,24.683744430541992,26.467170746095718
ligurian-sea,227,24.66863441467285,26.451512275203587
ligurian-sea,228,24.64775276184082,26.429283775821812
ligurian-sea,229,24.621126174926758,26.40326898021083
ligurian-sea,230,24.588930130004883,26.371178657777847
ligurian-sea,231,24.551416397094727,26.333335458078697
ligurian-sea,232,24.50882339477539,26.28593350687335
ligurian-sea,233,24.461729049682617,26.233328653150995
ligurian-sea,234,24.410785675048828,26.177768418096733
ligurian-sea,235,24.35722541809082,26.11839690054617
ligurian-sea,236,24.301467895507812,26.05712998913181
ligurian-sea,237,24.243886947631836,25.99415991383215
ligurian-sea,238,24.184663772583008,25.929894711894377
ligurian-sea,239,24.12379264831543,25.86403316990022
ligurian-sea,240,24.061138153076172,25.79812199377245
ligurian-sea,241,23.99665069580078,25.731027437025503
ligurian-sea,242,23.930330276489258,25.66252351576282
ligurian-sea,243,23.861915588378906,25.59301037326936
ligurian-sea,244,23.79142189025879,25.521665167039448
ligurian-sea,245,23.718961715698242,25.447560808735513
ligurian-sea,246,23.643991470336914,25.365187891068
ligurian-sea,247,23.5662841796875,25.27692618831512
ligurian-sea,248,23.48581886291504,25.18566018381427
ligurian-sea,249,23.402917861938477,25.08955575881466
ligurian-sea,250,23.31797981262207,24.99046178633167
ligurian-sea,251,23.231340408325195,24.885023652353592
ligurian-sea,252,23.14337921142578,24.78205921419205
ligurian-sea,253,23.05455207824707,24.678490318790555
ligurian-sea,254,22.9653263092041,24.578131306555964
ligurian-sea,255,22.876054763793945,24.478498600375264
ligurian-sea,256,22.786832809448242,24.379048162891017
ligurian-sea,257,22.69778060913086,24.281133830162783
ligurian-sea,258,22.609291076660156,24.184948552039362
ligurian-sea,259,22.521753311157227,24.093675705694384
ligurian-sea,260,22.43509864807129,24.00445649546962
ligurian-sea,261,22.34906578063965,23.919239622546783
ligurian-sea,262,22.263622283935547,23.836763437332653
ligurian-sea,263,22.17874526977539,23.75916775734194
ligurian-sea,264,22.094524383544922,23.683186715649025
ligurian-sea,265,22.01103401184082,23.603600132849916
ligurian-sea,266,21.927656173706055,23.52179241180421
ligurian-sea,267,21.844219207763672,23.439011241543685
ligurian-sea,268,21.760770797729492,23.354023330442377
ligurian-sea,269,21.677366256713867,23.263714193528706
ligurian-sea,270,21.59416389465332,23.169186456741834
ligurian-sea,271,21.511201858520508,23.07299865599602
ligurian-sea,272,21.428525924682617,22.976119170650364
ligurian-sea,273,21.346113204956055,22.87694782134026
ligurian-sea,274,21.264036178588867,22.77686303046442
ligurian-sea,275,21.181791305541992,22.67368223744054
ligurian-sea,276,21.09917449951172,22.56949859742196
ligurian-sea,277,21.016695022583008,22.468217898953345
ligurian-sea,278,20.9344539642334,22.369942898904124
ligurian-sea,279,20.852458953857422,22.270239633129492
ligurian-sea,280,20.77042007446289,22.170367653139174
ligurian-sea,281,20.688091278076172,22.071641011391918
ligurian-sea,282,20.60544204711914,21.97581043858682
ligurian-sea,283,20.522409439086914,21.881377515485205
ligurian-sea,284,20.439167022705078,21.78878610672489
ligurian-sea,285,20.355518341064453,21.697217965895124
ligurian-sea,286,20.27187156677246,21.60675922516853
ligurian-sea,287,20.18840980529785,21.51758278877504
ligurian-sea,288,20.10516929626465,21.428693925180742
ligurian-sea,289,20.02214241027832,21.33698908898138
ligurian-sea,290,19.93938446044922,21.24282104738297
ligurian-sea,291,19.856929779052734,21.148709297180176
ligurian-sea,292,19.774755477905273,21.054964951545962
ligurian-sea,293,19.69288444519043,20.960315704345703
ligurian-sea,294,19.611324310302734,20.865251436541158
ligurian-sea,295,19.529678344726562,20.76985064475767
ligurian-sea,296,19.447982788085938,20.677927417139855
ligurian-sea,297,19.365991592407227,20.58924794350901
ligurian-sea,298,19.283658981323242,20.501330880195866
ligurian-sea,299,19.200944900512695,20.414255191433817
ligurian-sea,300,19.117717742919922,20.329712732376596
ligurian-sea,301,19.033613204956055,20.248942781263782
ligurian-sea,302,18.948843002319336,20.168917557501025
ligurian-sea,303,18.86330223083496,20.08818252932641
ligurian-sea,304,18.777145385742188,20.006625612320445
ligurian-sea,305,18.690534591674805,19.922742136063118
ligurian-sea,306,18.603618621826172,19.83938921651533
ligurian-sea,307,18.51641273498535,19.758482736156832
ligurian-sea,308,18.42889976501465,19.68142861397036
ligurian-sea,309,18.34113883972168,19.60229099642846
ligurian-sea,310,18.253093719482422,19.521946457893616
ligurian-sea,311,18.16498374938965,19.440445586173766
ligurian-sea,312,18.077104568481445,19.35576705932617
ligurian-sea,313,17.989336013793945,19.271286201477054
ligurian-sea,314,17.90205955505371,19.18612153453212
ligurian-sea,315,17.81504249572754,19.10133678682389
ligurian-sea,316,17.72850799560547,19.01443709096601
ligurian-sea,317,17.64247703552246,18.92785250756048
ligurian-sea,318,17.557016372680664,18.842290736782935
ligurian-sea,319,17.472232818603516,18.754482607687677
ligurian-sea,320,17.38808250427246,18.66773169117589
ligurian-sea,321,17.304443359375,18.582449143932713
ligurian-sea,322,17.221240997314453,18.4960120970203
ligurian-sea,323,17.1384334564209,18.40908697189823
ligurian-sea,324,17.055892944335938,18.323994150469378
ligurian-sea,325,16.973400115966797,18.239154477273264
ligurian-sea,326,16.89127540588379,18.155172224967714
ligurian-sea,327,16.809492111206055,18.0694709285613
ligurian-sea,328,16.72817611694336,17.982793771066973
ligurian-sea,329,16.64727020263672,17.894920275288236
ligurian-sea,330,16.566808700561523,17.808486027871407
ligurian-sea,331,16.48664665222168,17.7243649882655
ligurian-sea,332,16.406991958618164,17.639364328692036
ligurian-sea,333,16.327768325805664,17.552454154722152
ligurian-sea,334,16.249170303344727,17.465929886602588
ligurian-sea,335,16.17134666442871,17.381953319426504
ligurian-sea,336,16.09441566467285,17.29949523556617
ligurian-sea,337,16.018564224243164,17.217112793460966
ligurian-sea,338,15.943678855895996,17.134301271746235
ligurian-sea,339,15.869959831237793,17.052024339860484
ligurian-sea,340,15.797451972961426,16.971234995318994
ligurian-sea,341,15.726122856140137,16.891154658409857
ligurian-sea,342,15.655850410461426,16.81403738144905
ligurian-sea,343,15.586433410644531,16.740468283622494
ligurian-sea,344,15.51779556274414,16.66950835874004
ligurian-sea,345,15.449951171875,16.600692096833264
ligurian-sea,346,15.383259773254395,16.53417531597999
ligurian-sea,347,15.317686080932617,16.47020164305164
ligurian-sea,348,15.253069877624512,16.406582564692346
ligurian-sea,349,15.189380645751953,16.341516873144336
ligurian-sea,350,15.126378059387207,16.2785407681619
ligurian-sea,351,15.064115524291992,16.215711904341177
ligurian-sea,352,15.00206470489502,16.153255841039847
ligurian-sea,353,14.940977096557617,16.092269017619472
ligurian-sea,354,14.880950927734375,16.031344549117552
ligurian-sea,355,14.822359085083008,15.969238238180838
ligurian-sea,356,14.765298843383789,15.908172502825337
ligurian-sea,357,14.70957088470459,15.847715876179356
ligurian-sea,358,14.655021667480469,15.790527220695251
ligurian-sea,359,14.601739883422852,15.73334121088828
ligurian-sea,360,14.549782752990723,15.677469687308037
ligurian-sea,361,14.499204635620117,15.621933617130404
ligurian-sea,362,14.450212478637695,15.56606304107174
ligurian-sea,363,14.402883529663086,15.509455890040241
ligurian-sea,364,14.357343673706055,15.453581600804482
ligurian-sea,365,14.313615798950195,15.400007269459385
ligurian-sea,366,14.271462440490723,15.347788149310697
mediterranean-sea,1,16.530868530273438,17.131159708576813
mediterranean-sea,2,16.479236602783203,17.071143728686916
mediterranean-sea,3,16.428791046142578,17.011510719791534
mediterranean-sea,4,16.37941551208496,16.953460404180714
mediterranean-sea,5,16.331016540527344,16.895879640886864
mediterranean-sea,6,16.28357696533203,16.839423831816642
mediterranean-sea,7,16.23712921142578,16.78403096352854
mediterranean-sea,8,16.191665649414062,16.72890068177254
mediterranean-sea,9,16.14720344543457,16.67542194858674
mediterranean-sea,10,16.10371208190918,16.62202773247996
mediterranean-sea,11,16.06122398376465,16.57010342074979
mediterranean-sea,12,16.01983070373535,16.519840018979963
mediterranean-sea,13,15.97952938079834,16.471752631279728
mediterranean-sea,14,15.94031810760498,16.426316611997542
mediterranean-sea,15,15.902273178100586,16.381570545319587
mediterranean-sea,16,15.865345001220703,16.338285624596377
mediterranean-sea,17,15.830049514770508,16.297513829508134
mediterranean-sea,18,15.795732498168945,16.257060672390846
mediterranean-sea,19,15.762334823608398,16.216856015113095
mediterranean-sea,20,15.729842185974121,16.177506256103516
mediterranean-sea,21,15.698278427124023,16.14130420069541
mediterranean-sea,22,15.667586326599121,16.106222195779125
mediterranean-sea,23,15.637734413146973,16.072418612818566
mediterranean-sea,24,15.60876178741455,16.03981513669414
mediterranean-sea,25,15.580679893493652,16.009056906546316
mediterranean-sea,26,15.553509712219238,15.979136623874789
mediterranean-sea,27,15.527312278747559,15.951226163679554
mediterranean-sea,28,15.502021789550781,15.925391926303986
mediterranean-sea,29,15.477618217468262,15.900843641834873
mediterranean-sea,30,15.454126358032227,15.87752293002221
mediterranean-sea,31,15.431465148925781,15.854901313781737
mediterranean-sea,32,15.40953254699707,15.830286364401541
mediterranean-sea,33,15.388327598571777,15.806594104151573
mediterranean-sea,34,15.367931365966797,15.784172827197661
mediterranean-sea,35,15.348404884338379,15.762839618805916
mediterranean-sea,36,15.32981014251709,15.7423182764361
mediterranean-sea,37,15.312169075012207,15.722804432530559
mediterranean-sea,38,15.295475006103516,15.704091527385097
mediterranean-sea,39,15.27977180480957,15.68732003242739
mediterranean-sea,40,15.265100479125977,15.672197388064479
mediterranean-sea,41,15.251483917236328,15.659569626469766
mediterranean-sea,42,15.238956451416016,15.648537109744163
mediterranean-sea,43,15.22749137878418,15.63891189021449
mediterranean-sea,44,15.217041015625,15.629869187262752
mediterranean-sea,45,15.206537246704102,15.622874603476577
mediterranean-sea,46,15.197511672973633,15.616694461658437
mediterranean-sea,47,15.189143180847168,15.610578345226985
mediterranean-sea,48,15.181422233581543,15.605506794427031
mediterranean-sea,49,15.174418449401855,15.601138627657326
mediterranean-sea,50,15.16819953918457,15.59763133961667
mediterranean-sea,51,15.162734031677246,15.595119804464359
mediterranean-sea,52,15.157958984375,15.59300488400203
mediterranean-sea,53,15.153871536254883,15.591185264177218
mediterranean-sea,54,15.150505065917969,15.589913662531043
mediterranean-sea,55,15.147814750671387,15.588988727651618
mediterranean-sea,56,15.145866394042969,15.588833700200563
mediterranean-sea,57,15.144769668579102,15.58880002011535
mediterranean-sea,58,15.1446533203125,15.590220779500983
mediterranean-sea,59,15.145599365234375,15.592155037131361
mediterranean-sea,60,15.147557258605957,15.595700029147567
mediterranean-sea,61,15.150503158569336,15.600061227942025
mediterranean-sea,62,15.154484748840332,15.60523133021529
mediterranean-sea,63,15.159608840942383,15.613237026173582
mediterranean-sea,64,15.16589069366455,15.62146712785126
mediterranean-sea,65,15.17318058013916,15.630379552738642
mediterranean-sea,66,15.181365966796875,15.639740749072004
mediterranean-sea,67,15.190372467041016,15.6493902134639
mediterranean-sea,68,15.20016098022461,15.659872893876928
mediterranean-sea,69,15.21072006225586,15.671572862645634
mediterranean-sea,70,15.22199535369873,15.684739191814137
mediterranean-sea,71,15.233899116516113,15.698632746870803
mediterranean-sea,72,15.246416091918945,15.714479999132053
mediterranean-sea,73,15.259439468383789,15.730339430737239
mediterranean-sea,74,15.272920608520508,15.748107795305149
mediterranean-sea,75,15.286945343017578,15.76673373458206
mediterranean-sea,76,15.302712440490723,15.787802714686238
mediterranean-sea,77,15.318873405456543,15.81193367742723
mediterranean-sea,78,15.336344718933105,15.837486070202242
mediterranean-sea,79,15.355108261108398,15.864759832812892
mediterranean-sea,80,15.375070571899414,15.893418130566996
mediterranean-sea,81,15.396162986755371,15.923470795539117
mediterranean-sea,82,15.418426513671875,15.954000076170889
mediterranean-sea,83,15.441868782043457,15.985212252216956
mediterranean-sea,84,15.466628074645996,16.018048246445197
mediterranean-sea,85,15.492769241333008,16.051537969035486
mediterranean-sea,86,15.52021312713623,16.087666643819503
mediterranean-sea,87,15.548750877380371,16.12425874894665
mediterranean-sea,88,15.57817554473877,16.16140567410377
mediterranean-sea,89,15.608355522155762,16.199870601777107
mediterranean-sea,90,15.639276504516602,16.239906603290187
mediterranean-sea,91,15.671008110046387,16.28029647642566
mediterranean-sea,92,15.703575134277344,16.320884221599947
mediterranean-sea,93,15.737133026123047,16.361894259914273
mediterranean-sea,94,15.77178955078125,16.404149686136552
mediterranean-sea,95,15.807504653930664,16.44802330386254
mediterranean-sea,96,15.844416618347168,16.49289623383553
mediterranean-sea,97,15.88278865814209,16.540379047393802
mediterranean-sea,98,15.922830581665039,16.589328070609803
mediterranean-sea,99,15.964653015136719,16.63886113012991
mediterranean-sea,100,16.008359909057617,16.691353158027898
mediterranean-sea,101,16.05413055419922,16.747159065738803
mediterranean-sea,102,16.10209083557129,16.80636078003914
mediterranean-sea,103,16.152324676513672,16.866203338869155
mediterranean-sea,104,16.204710006713867,16.927998739673246
mediterranean-sea,105,16.259111404418945,16.99013874300065
mediterranean-sea,106,16.315404891967773,17.054524052527643
mediterranean-sea,107,16.37338638305664,17.11936374172088
mediterranean-sea,108,16.432846069335938,17.18550124629851
mediterranean-sea,109,16.493793487548828,17.25404359140704
mediterranean-sea,110,16.556303024291992,17.323663883824505
mediterranean-sea,111,16.620441436767578,17.395031799808628
mediterranean-sea,112,16.686222076416016,17.469127396614326
mediterranean-sea,113,16.753583908081055,17.547332929795786
mediterranean-sea,114,16.822484970092773,17.62777055309665
mediterranean-sea,115,16.89284896850586,17.70937101917882
mediterranean-sea,116,16.964595794677734,17.794756680150186
mediterranean-sea,117,17.03784942626953,17.879867615238314
mediterranean-sea,118,17.112808227539062,17.965470467844316
mediterranean-sea,119,17.18956184387207,18.052044683887114
mediterranean-sea,120,17.26795768737793,18.13885342382616
mediterranean-sea,121,17.347862243652344,18.226843907756194
mediterranean-sea,122,17.429128646850586,18.316832917736424
mediterranean-sea,123,17.51172637939453,18.407541687257826
mediterranean-sea,124,17.595643997192383,18.50105472072478
mediterranean-sea,125,17.68086814880371,18.595120977586316
mediterranean-sea,126,17.76753044128418,18.69128641313122
mediterranean-sea,127,17.855764389038086,18.78995600054341
mediterranean-sea,128,17.94546890258789,18.89152969237297
mediterranean-sea,129,18.03642463684082,18.992410592109923
mediterranean-sea,130,18.128589630126953,19.095875506247246
mediterranean-sea,131,18.222017288208008,19.199811683162565
mediterranean-sea,132,18.316682815551758,19.30283038846908
mediterranean-sea,133,18.412519454956055,19.405086824970862
mediterranean-sea,134,18.50935173034668,19.506906337122768
mediterranean-sea,135,18.60713768005371,19.610276252992694
mediterranean-sea,136,18.705907821655273,19.715345801076587
mediterranean-sea,137,18.80565071105957,19.820073921449726
mediterranean-sea,138,18.9063720703125,19.924543522250268
mediterranean-sea,139,19.008129119873047,20.029362260141678
mediterranean-sea,140,19.11098861694336,20.134309048806468
mediterranean-sea,141,19.21491813659668,20.24203566274335
mediterranean-sea,142,19.319786071777344,20.35371642574187
mediterranean-sea,143,19.425457000732422,20.463920937815022
mediterranean-sea,144,19.531938552856445,20.573203492933704
mediterranean-sea,145,19.639284133911133,20.682255923363474
mediterranean-sea,146,19.747526168823242,20.791331783417732
mediterranean-sea,147,19.85684585571289,20.90108883150162
mediterranean-sea,148,19.967323303222656,21.012737348002773
mediterranean-sea,149,20.078950881958008,21.126986214422413
mediterranean-sea,150,20.191585540771484,21.242682130875124
mediterranean-sea,151,20.30516242980957,21.359984102556783
mediterranean-sea,152,20.4196720123291,21.4792303392964
mediterranean-sea,153,20.535192489624023,21.598359323317005
mediterranean-sea,154,20.651697158813477,21.71888853503812
mediterranean-sea,155,20.76897430419922,21.84017735758135
mediterranean-sea,156,20.88685417175293,21.964629370166406
mediterranean-sea,157,21.005142211914062,22.09160451581401
mediterranean-sea,158,21.123483657836914,22.2180915094191
mediterranean-sea,159,21.241653442382812,22.339840895129786
mediterranean-sea,160,21.359477996826172,22.46441635008781
mediterranean-sea,161,21.476909637451172,22.586295072494018
mediterranean-sea,162,21.593870162963867,22.70536660225161
mediterranean-sea,163,21.710309982299805,22.82661692096341
mediterranean-sea,164,21.826128005981445,22.950035242880546
mediterranean-sea,165,21.941242218017578,23.074171337004632
mediterranean-sea,166,22.055736541748047,23.19717255253946
mediterranean-sea,167,22.169601440429688,23.31759008592175
mediterranean-sea,168,22.282794952392578,23.436455351306545
mediterranean-sea,169,22.395214080810547,23.552395137663808
mediterranean-sea,170,22.50665283203125,23.666459840343844
mediterranean-sea,171,22.61692237854004,23.778815620176253
mediterranean-sea,172,22.725879669189453,23.8858284488801
mediterranean-sea,173,22.833459854125977,23.988194268749602
mediterranean-sea,174,22.939674377441406,24.091537518655098
mediterranean-sea,175,23.04444122314453,24.193370049999604
mediterranean-sea,176,23.14763832092285,24.29481946883663
mediterranean-sea,177,23.249013900756836,24.398522186279294
mediterranean-sea,178,23.348262786865234,24.499805856520126
mediterranean-sea,179,23.44513702392578,24.599159105362425
mediterranean-sea,180,23.53951644897461,24.695568060105845
mediterranean-sea,181,23.631572723388672,24.78944939644106
mediterranean-sea,182,23.721467971801758,24.880049194828153
mediterranean-sea,183,23.80927276611328,24.965804930656184
mediterranean-sea,184,23.89487075805664,25.048020873531215
mediterranean-sea,185,23.97810935974121,25.127435598065777
mediterranean-sea,186,24.059083938598633,25.2036860804404
mediterranean-sea,187,24.137893676757812,25.275323190996723
mediterranean-sea,188,24.214733123779297,25.341082825199248
mediterranean-sea,189,24.2899227142334,25.405528653052546
mediterranean-sea,190,24.363718032836914,25.47086683704007
mediterranean-sea,191,24.43636131286621,25.53476296701739
mediterranean-sea,192,24.507787704467773,25.599535456011374
mediterranean-sea,193,24.57775115966797,25.663324429911953
mediterranean-sea,194,24.646102905273438,25.723563132747532
mediterranean-sea,195,24.713022232055664,25.78103870884065
mediterranean-sea,196,24.77863883972168,25.837776879341376
mediterranean-sea,197,24.84288787841797,25.89397188002064
mediterranean-sea,198,24.905832290649414,25.94906639591341
mediterranean-sea,199,24.96755599975586,26.00319039744716
mediterranean-sea,200,25.02804946899414,26.05730253650297
mediterranean-sea,201,25.0872802734375,26.11084472287086
mediterranean-sea,202,25.145034790039062,26.164524361395067
mediterranean-sea,203,25.201114654541016,26.220725127189393
mediterranean-sea,204,25.255611419677734,26.276209757404946
mediterranean-sea,205,25.308557510375977,26.328563468686998
mediterranean-sea,206,25.359867095947266,26.379711895604288
mediterranean-sea,207,25.40953254699707,26.429201366055395
mediterranean-sea,208,25.457700729370117,26.475171427572928
mediterranean-sea,209,25.504457473754883,26.518242669874624
mediterranean-sea,210,25.54983901977539,26.55895009809925
mediterranean-sea,211,25.593847274780273,26.598811974064
mediterranean-sea,212,25.63637924194336,26.637963461106825
mediterranean-sea,213,25.67754364013672,26.67507728453606
mediterranean-sea,214,25.717493057250977,26.711222537871333
mediterranean-sea,215,25.75638198852539,26.747185799383352
mediterranean-sea,216,25.794225692749023,26.78269114955779
mediterranean-sea,217,25.83089256286621,26.81669481338994
mediterranean-sea,218,25.866182327270508,26.849598527723746
mediterranean-sea,219,25.899829864501953,26.881610624251834
mediterranean-sea,220,25.931560516357422,26.910583563773873
mediterranean-sea,221,25.96111297607422,26.937075670303845
mediterranean-sea,222,25.988170623779297,26.96069085521083
mediterranean-sea,223,26.01264190673828,26.98031694350705
mediterranean-sea,224,26.034412384033203,26.998440982449445
mediterranean-sea,225,26.053268432617188,27.01388616869527
mediterranean-sea,226,26.068876266479492,27.02414126857635
mediterranean-sea,227,26.081132888793945,27.03038099350468
mediterranean-sea,228,26.090065002441406,27.0320831606465
mediterranean-sea,229,26.095577239990234,27.031032956031062
mediterranean-sea,230,26.097557067871094,27.029333896021694
mediterranean-sea,231,26.0960693359375,27.026275751667644
mediterranean-sea,232,26.091157913208008,27.021219068957915
mediterranean-sea,233,26.08310890197754,27.013310401670402
mediterranean-sea,234,26.072237014770508,26.999570514309795
mediterranean-sea,235,26.05858612060547,26.982768169526135
mediterranean-sea,236,26.04229736328125,26.964089424379413
mediterranean-sea,237,26.023605346679688,26.94162014376733
mediterranean-sea,238,26.00255584716797,26.916159260657533
mediterranean-sea,239,25.9791259765625,26.887497698876167
mediterranean-sea,240,25.953418731689453,26.857469669465097
mediterranean-sea,241,25.925573348999023,26.8271513723558
mediterranean-sea,242,25.89554214477539,26.796111457578597
mediterranean-sea,243,25.863309860229492,26.763550210768177
mediterranean-sea,244,25.82868766784668,26.731510174658993
mediterranean-sea,245,25.791465759277344,26.696428200506396
mediterranean-sea,246,25.751628875732422,26.660412437685075
mediterranean-sea,247,25.7092227935791,26.622866538263136
mediterranean-sea,248,25.664264678955078,26.581474427253976
mediterranean-sea,249,25.61689567565918,26.53842808508104
mediterranean-sea,250,25.5672550201416,26.491225968637774
mediterranean-sea,251,25.51536750793457,26.442884254455564
mediterranean-sea,252,25.461326599121094,26.390470818550355
mediterranean-sea,253,25.40543556213379,26.333611512953233
mediterranean-sea,254,25.347965240478516,26.27614419383387
mediterranean-sea,255,25.28924560546875,26.21735745706865
mediterranean-sea,256,25.229562759399414,26.15785940231815
mediterranean-sea,257,25.169044494628906,26.097545476113595
mediterranean-sea,258,25.107717514038086,26.036647784325382
mediterranean-sea,259,25.04560089111328,25.976069056603215
mediterranean-sea,260,24.982786178588867,25.9154488225137
mediterranean-sea,261,24.91937828063965,25.852172137844946
mediterranean-sea,262,24.85541343688965,25.784609370077806
mediterranean-sea,263,24.79094886779785,25.716131517964026
mediterranean-sea,264,24.725872039794922,25.64701996464883
mediterranean-sea,265,24.660131454467773,25.5788452394547
mediterranean-sea,266,24.59376335144043,25.510105766788598
mediterranean-sea,267,24.526695251464844,25.44086965745495
mediterranean-sea,268,24.45887565612793,25.37149240432247
mediterranean-sea,269,24.390409469604492,25.301344785382664
mediterranean-sea,270,24.321407318115234,25.229726317621044
mediterranean-sea,271,24.251855850219727,25.157788682753036
mediterranean-sea,272,24.18170738220215,25.084224528651085
mediterranean-sea,273,24.111122131347656,25.009009496627314
mediterranean-sea,274,24.040180206298828,24.933612392794704
mediterranean-sea,275,23.96893882751465,24.857340904974173
mediterranean-sea,276,23.897340774536133,24.783088800984046
mediterranean-sea,277,23.825252532958984,24.705645739647654
mediterranean-sea,278,23.752700805664062,24.627159241707098
mediterranean-sea,279,23.67976188659668,24.55165403427616
mediterranean-sea,280,23.606447219848633,24.477028852893458
mediterranean-sea,281,23.532772064208984,24.404932865019767
mediterranean-sea,282,23.458744049072266,24.329862920699583
mediterranean-sea,283,23.38434600830078,24.25489974483367
mediterranean-sea,284,23.309438705444336,24.182835923471757
mediterranean-sea,285,23.233877182006836,24.111412977403212
mediterranean-sea,286,23.157550811767578,24.039393812610253
mediterranean-sea,287,23.080455780029297,23.965671594681275
mediterranean-sea,288,23.002635955810547,23.89177044899233
mediterranean-sea,289,22.924148559570312,23.81686847440658
mediterranean-sea,290,22.845020294189453,23.740318396783643
mediterranean-sea,291,22.765193939208984,23.663647147147888
mediterranean-sea,292,22.684606552124023,23.586235507842034
mediterranean-sea,293,22.603256225585938,23.510687292775806
mediterranean-sea,294,22.52120590209961,23.43405177208685
mediterranean-sea,295,22.438594818115234,23.35710991274926
mediterranean-sea,296,22.355436325073242,23.27805405278359
mediterranean-sea,297,22.271656036376953,23.195795545270364
mediterranean-sea,298,22.18716049194336,23.112043940636415
mediterranean-sea,299,22.101932525634766,23.026071283894197
mediterranean-sea,300,22.01591682434082,22.939586424058476
mediterranean-sea,301,21.92910385131836,22.852453828627056
mediterranean-sea,302,21.84157943725586,22.763168021171314
mediterranean-sea,303,21.753374099731445,22.67266365174324
mediterranean-sea,304,21.66449546813965,22.58192115906746
mediterranean-sea,305,21.574899673461914,22.490588495808257
mediterranean-sea,306,21.4845027923584,22.397493276288426
mediterranean-sea,307,21.39336395263672,22.302279053964916
mediterranean-sea,308,21.301677703857422,22.20867318799419
mediterranean-sea,309,21.209611892700195,22.115047091822472
mediterranean-sea,310,21.11724281311035,22.019395200667844
mediterranean-sea,311,21.0245418548584,21.921616474274668
mediterranean-sea,312,20.931529998779297,21.82253014964442
mediterranean-sea,313,20.83824348449707,21.724803315439537
mediterranean-sea,314,20.74476432800293,21.628966442231214
mediterranean-sea,315,20.65113067626953,21.532958092228068
mediterranean-sea,316,20.55742835998535,21.43616379153345
mediterranean-sea,317,20.463796615600586,21.339484553183286
mediterranean-sea,318,20.370309829711914,21.241973064791775
mediterranean-sea,319,20.276992797851562,21.14407550442604
mediterranean-sea,320,20.183876037597656,21.047159428750323
mediterranean-sea,321,20.090961456298828,20.949300126106515
mediterranean-sea,322,19.998334884643555,20.851307142934495
mediterranean-sea,323,19.906070709228516,20.7543354219006
mediterranean-sea,324,19.81420135498047,20.65724526682208
mediterranean-sea,325,19.722705841064453,20.560532225331954
mediterranean-sea,326,19.631494522094727,20.462146752880464
mediterranean-sea,327,19.54058837890625,20.36464866515129
mediterranean-sea,328,19.450057983398438,20.27038392712993
mediterranean-sea,329,19.359989166259766,20.175693173562326
mediterranean-sea,330,19.270421981811523,20.0826757554085
mediterranean-sea,331,19.181386947631836,19.990745815154042
mediterranean-sea,332,19.09288787841797,19.89975883114722
mediterranean-sea,333,19.00486946105957,19.808508177726498
mediterranean-sea,334,18.917282104492188,19.718195859847533
mediterranean-sea,335,18.830135345458984,19.628131583429152
mediterranean-sea,336,18.743513107299805,19.538278198242185
mediterranean-sea,337,18.65764617919922,19.449144043460965
mediterranean-sea,338,18.572650909423828,19.36209954292543
mediterranean-sea,339,18.4885311126709,19.274900670205394
mediterranean-sea,340,18.405229568481445,19.18894587486021
mediterranean-sea,341,18.32270050048828,19.10374934288764
mediterranean-sea,342,18.240934371948242,19.019971059983778
mediterranean-sea,343,18.159940719604492,18.937227144548974
mediterranean-sea,344,18.07976722717285,18.854845483841434
mediterranean-sea,345,18.000492095947266,18.772502166994155
mediterranean-sea,346,17.922224044799805,18.69022469059113
mediterranean-sea,347,17.844951629638672,18.60768458458685
mediterranean-sea,348,17.768617630004883,18.524788413509242
mediterranean-sea,349,17.693195343017578,18.44185017616518
mediterranean-sea,350,17.618677139282227,18.359719202595368
mediterranean-sea,351,17.54509925842285,18.278233829621346
mediterranean-sea,352,17.47199058532715,18.197338719521795
mediterranean-sea,353,17.400005340576172,18.117999212203486
mediterranean-sea,354,17.32921028137207,18.04068295878748
mediterranean-sea,355,17.259662628173828,17.96479354981453
mediterranean-sea,356,17.19139289855957,17.888031375023623
mediterranean-sea,357,17.124452590942383,17.81319146310129
mediterranean-sea,358,17.0588321685791,17.739997679187404
mediterranean-sea,359,16.994531631469727,17.667126821702528
mediterranean-sea,360,16.931598663330078,17.595314936484062
mediterranean-sea,361,16.87005043029785,17.5259193728047
mediterranean-sea,362,16.809886932373047,17.456449225641066
mediterranean-sea,363,16.751140594482422,17.38760947565879
mediterranean-sea,364,16.693859100341797,17.321462194381223
mediterranean-sea,365,16.638071060180664,17.25640941742928
mediterranean-sea,366,16.58376693725586,17.19289310209213
north-sea,1,7.635318756103516,8.488888762074131
north-sea,2,7.595266342163086,8.446287428948189
north-sea,3,7.555692195892334,8.402890393041796
north-sea,4,7.5166335105896,8.361116109355804
north-sea,5,7.478115558624268,8.319269452556489
north-sea,6,7.440008163452148,8.278074833654589
north-sea,7,7.402190685272217,8.235449995533113
north-sea,8,7.364546298980713,8.19017287992662
north-sea,9,7.327002048492432,8.143681816900932
north-sea,10,7.289587020874023,8.097040451726606
north-sea,11,7.252338886260986,8.05163286270634
north-sea,12,7.215540885925293,8.00657443846426
north-sea,13,7.179267406463623,7.962224363511609
north-sea,14,7.143582344055176,7.918423497292304
north-sea,15,7.108585834503174,7.874557467429869
north-sea,16,7.074216365814209,7.830797146212671
north-sea,17,7.0412373542785645,7.790406727021741
north-sea,18,7.008667469024658,7.751955052345031
north-sea,19,6.976571083068848,7.716388596257857
north-sea,20,6.944928169250488,7.681634103098224
north-sea,21,6.913651943206787,7.647736620133923
north-sea,22,6.882715702056885,7.614546394348145
north-sea,23,6.852069854736328,7.583301287312661
north-sea,24,6.821725368499756,7.5528495850101605
north-sea,25,6.791759014129639,7.521851210440359
north-sea,26,6.7620673179626465,7.490077966259372
north-sea,27,6.732615947723389,7.458891957806002
north-sea,28,6.703595161437988,7.427668268449845
north-sea,29,6.6750993728637695,7.397515424605339
north-sea,30,6.647221565246582,7.369324268833283
north-sea,31,6.620058059692383,7.3427826358426005
north-sea,32,6.593716144561768,7.317757500371624
north-sea,33,6.568270683288574,7.2949745993460375
north-sea,34,6.543742656707764,7.274823759448144
north-sea,35,6.5201239585876465,7.255976698475499
north-sea,36,6.4973464012146,7.239182155363021
north-sea,37,6.47540807723999,7.223544672996768
north-sea,38,6.454411029815674,7.210015603034727
north-sea,39,6.434325695037842,7.1990134316106005
north-sea,40,6.415030002593994,7.189021055160031
north-sea,41,6.396408557891846,7.179159947364562
north-sea,42,6.378405570983887,7.169963392134637
north-sea,43,6.360914707183838,7.160219490912654
north-sea,44,6.343904495239258,7.149589747767295
north-sea,45,6.329550266265869,7.137649192092239
north-sea,46,6.313563823699951,7.12684161945056
north-sea,47,6.298206806182861,7.116800187223701
north-sea,48,6.2835493087768555,7.107169624041486
north-sea,49,6.269542217254639,7.09737709004392
north-sea,50,6.256165981292725,7.087824043663599
north-sea,51,6.243546009063721,7.078396380844936
north-sea,52,6.231744766235352,7.068797424275387
north-sea,53,6.220908164978027,7.059839192257132
north-sea,54,6.211215972900391,7.051468471301497
north-sea,55,6.202693462371826,7.043614783338319
north-sea,56,6.195399761199951,7.037957231972806
north-sea,57,6.18941593170166,7.033663204152097
north-sea,58,6.18464469909668,7.029810272237306
north-sea,59,6.1808295249938965,7.026787436905727
north-sea,60,6.177865505218506,7.023629745873071
north-sea,61,6.175793170928955,7.020985859183854
north-sea,62,6.174582481384277,7.018776678782638
north-sea,63,6.17431640625,7.017195132983627
north-sea,64,6.174983501434326,7.016056824243196
north-sea,65,6.1765265464782715,7.0155597722658545
north-sea,66,6.178966522216797,7.015830858804845
north-sea,67,6.182277679443359,7.016441745655511
north-sea,68,6.186525344848633,7.017637428673366
north-sea,69,6.191621780395508,7.019414105466617
north-sea,70,6.197768688201904,7.022327146735243
north-sea,71,6.205210208892822,7.027124053175731
north-sea,72,6.214056491851807,7.0348933378855385
north-sea,73,6.2243547439575195,7.043761578426566
north-sea,74,6.2359490394592285,7.054814153076499
north-sea,75,6.248699188232422,7.067651030837848
north-sea,76,6.260417461395264,7.082849051875453
north-sea,77,6.27541971206665,7.098588961939658
north-sea,78,6.291576862335205,7.1153370780329555
north-sea,79,6.308926105499268,7.13266915813569
north-sea,80,6.327510356903076,7.151077281275103
north-sea,81,6.347343921661377,7.169737389779861
north-sea,82,6.368269443511963,7.189153760479343
north-sea,83,6.390112400054932,7.209545736928139
north-sea,84,6.412624835968018,7.2305117330243505
north-sea,85,6.435851097106934,7.2520038297099445
north-sea,86,6.459856033325195,7.273975356932608
north-sea,87,6.484591007232666,7.297445715627362
north-sea,88,6.510038375854492,7.322006571677423
north-sea,89,6.536323070526123,7.347890706216135
north-sea,90,6.563601016998291,7.375126520279914
north-sea,91,6.592077732086182,7.40533953174468
north-sea,92,6.621691703796387,7.4364762952250825
north-sea,93,6.652471542358398,7.468326680890977
north-sea,94,6.684560775756836,7.501445662590766
north-sea,95,6.718186378479004,7.536859032415576
north-sea,96,6.7533698081970215,7.576110809080062
north-sea,97,6.789994716644287,7.616754021183138
north-sea,98,6.8281049728393555,7.658419879790276
north-sea,99,6.867831707000732,7.703023052215577
north-sea,100,6.909201145172119,7.74932971923582
north-sea,101,6.952089786529541,7.797872314145488
north-sea,102,6.996110439300537,7.845882248109387
north-sea,103,7.041104793548584,7.893448345122799
north-sea,104,7.086925029754639,7.9401992013377525
north-sea,105,7.133636951446533,7.985718574831563
north-sea,106,7.181469917297363,8.03208172090592
north-sea,107,7.230564117431641,8.080110960621989
north-sea,108,7.2811503410339355,8.129615406836233
north-sea,109,7.333306312561035,8.181398682440483
north-sea,110,7.386858940124512,8.235280301493985
north-sea,111,7.441733360290527,8.291569334460844
north-sea,112,7.497758865356445,8.350851235851165
north-sea,113,7.555130958557129,8.411936947607225
north-sea,114,7.614155292510986,8.474887360295941
north-sea,115,7.675085544586182,8.541030031634916
north-sea,116,7.73781681060791,8.609805814681515
north-sea,117,7.802011966705322,8.680800785556917
north-sea,118,7.867530345916748,8.753405095684913
north-sea,119,7.934319972991943,8.829924584973243
north-sea,120,8.002421379089355,8.908310636397333
north-sea,121,8.071921348571777,8.987014905868039
north-sea,122,8.142668724060059,9.066438150405885
north-sea,123,8.214776992797852,9.146249684979841
north-sea,124,8.288187026977539,9.227258322315832
north-sea,125,8.362757682800293,9.30971368666618
north-sea,126,8.438407897949219,9.392396222391437
north-sea,127,8.515238761901855,9.472684100366406
north-sea,128,8.593480110168457,9.555240378841276
north-sea,129,8.673076629638672,9.638469582219276
north-sea,130,8.753754615783691,9.725521441428892
north-sea,131,8.835501670837402,9.813963828548308
north-sea,132,8.918304443359375,9.903851219915577
north-sea,133,9.002413749694824,9.998186582134618
north-sea,134,9.088099479675293,10.093808512533867
north-sea,135,9.175546646118164,10.19294935964769
north-sea,136,9.26447868347168,10.298156578310076
north-sea,137,9.354569435119629,10.405070883227935
north-sea,138,9.445733070373535,10.515870780329553
north-sea,139,9.537893295288086,10.626404153147053
north-sea,140,9.630976676940918,10.736815954023792
north-sea,141,9.725164413452148,10.84661920301376
north-sea,142,9.820319175720215,10.960526770930137
north-sea,143,9.916362762451172,11.073092119155392
north-sea,144,10.013052940368652,11.18843193361836
north-sea,145,10.10986614227295,11.303100299835204
north-sea,146,10.206472396850586,11.414976655283283
north-sea,147,10.302990913391113,11.526527915462372
north-sea,148,10.39972972869873,11.638688115150698
north-sea,149,10.496637344360352,11.750454539637415
north-sea,150,10.593469619750977,11.858380262313352
north-sea,151,10.689972877502441,11.96464896355906
north-sea,152,10.785836219787598,12.067807889753775
north-sea,153,10.88097095489502,12.168015280077537
north-sea,154,10.975227355957031,12.26775270585091
north-sea,155,11.068612098693848,12.365518351524106
north-sea,156,11.161263465881348,12.463405230737504
north-sea,157,11.253190040588379,12.561195755004883
north-sea,158,11.344328880310059,12.659398967989029
north-sea,159,11.434425354003906,12.754992808065106
north-sea,160,11.523652076721191,12.85174772508683
north-sea,161,11.61224365234375,12.942560737363754
north-sea,162,11.700262069702148,13.031065491707098
north-sea,163,11.787788391113281,13.11724398828322
north-sea,164,11.874980926513672,13.201415538787845
north-sea,165,11.961974143981934,13.285639255277575
north-sea,166,12.048851013183594,13.368450983109017
north-sea,167,12.13577938079834,13.447659529409103
north-sea,168,12.222856521606445,13.525023786483276
north-sea,169,12.309954643249512,13.599068764717348
north-sea,170,12.396921157836914,13.671913033147014
north-sea,171,12.483391761779785,13.746938357814667
north-sea,172,12.569098472595215,13.820814787956976
north-sea,173,12.654166221618652,13.888912173240419
north-sea,174,12.73873233795166,13.956102832671135
north-sea,175,12.822684288024902,14.020864622054564
north-sea,176,12.90606689453125,14.085483157250192
north-sea,177,12.988912582397461,14.151366258436637
north-sea,178,13.071137428283691,14.217601536166285
north-sea,179,13.152698516845703,14.283154709108418
north-sea,180,13.233877182006836,14.34778170739451
north-sea,181,13.314961433410645,14.414732945349911
north-sea,182,13.396211624145508,14.482782317746071
north-sea,183,13.477787017822266,14.556579279130505
north-sea,184,13.559703826904297,14.632888895465483
north-sea,185,13.642157554626465,14.713217120016775
north-sea,186,13.72526741027832,14.797688130409487
north-sea,187,13.80897045135498,14.883015734149563
north-sea,188,13.893038749694824,14.971466479762906
north-sea,189,13.977360725402832,15.058287737446445
north-sea,190,14.06180191040039,15.147579786854404
north-sea,191,14.14595890045166,15.239848296873031
north-sea,192,14.229514122009277,15.333266347454442
north-sea,193,14.312286376953125,15.425679908260223
north-sea,194,14.394204139709473,15.516712364073722
north-sea,195,14.475059509277344,15.606384855701076
north-sea,196,14.554349899291992,15.694789314270018
north-sea,197,14.631753921508789,15.782034074106525
north-sea,198,14.70734977722168,15.868070670097104
north-sea,199,14.781181335449219,15.95430580262215
north-sea,200,14.853202819824219,16.03820436846825
north-sea,201,14.92329216003418,16.1218582184084
north-sea,202,14.99145221710205,16.200435413852816
north-sea,203,15.057621955871582,16.278267328200805
north-sea,204,15.12164306640625,16.35528945307578
north-sea,205,15.183257102966309,16.431153955767236
north-sea,206,15.24246597290039,16.504274503646364
north-sea,207,15.299386024475098,16.574233212009556
north-sea,208,15.354094505310059,16.641433758889477
north-sea,209,15.406298637390137,16.703642466760456
north-sea,210,15.455893516540527,16.762464600224654
north-sea,211,15.50275993347168,16.818835599960824
north-sea,212,15.546866416931152,16.870838029922982
north-sea,213,15.588321685791016,16.91944008181172
north-sea,214,15.627293586730957,16.96332916136711
north-sea,215,15.663849830627441,17.003670969317035
north-sea,216,15.697858810424805,17.03862189631308
north-sea,217,15.72912311553955,17.068889968625964
north-sea,218,15.757413864135742,17.094110138185563
north-sea,219,15.78256607055664,17.11405436608099
north-sea,220,15.80441951751709,17.133911434296643
north-sea,221,15.822875022888184,17.1496561050415
north-sea,222,15.837845802307129,17.156499124342396
north-sea,223,15.849396705627441,17.15739549821423
north-sea,224,15.85745906829834,17.155073768861833
north-sea,225,15.861988067626953,17.1484156270181
north-sea,226,15.862932205200195,17.13848533630371
north-sea,227,15.860454559326172,17.12444378637498
north-sea,228,15.854657173156738,17.103116029308687
north-sea,229,15.84561538696289,17.075113530312816
north-sea,230,15.833334922790527,17.041012062564974
north-sea,231,15.817850112915039,17.003284355901904
north-sea,232,15.799365043640137,16.961852818150675
north-sea,233,15.77833080291748,16.918812517965996
north-sea,234,15.755033493041992,16.87497446921564
north-sea,235,15.72960090637207,16.830269198263846
north-sea,236,15.70221996307373,16.78499172579858
north-sea,237,15.67302417755127,16.738940546589518
north-sea,238,15.642107963562012,16.693665922841724
north-sea,239,15.609508514404297,16.64909787331858
north-sea,240,15.575213432312012,16.605735326582387
north-sea,241,15.539228439331055,16.561302403480777
north-sea,242,15.50165843963623,16.516842777498308
north-sea,243,15.462484359741211,16.47152499844951
north-sea,244,15.421463966369629,16.42422111572758
north-sea,245,15.378437995910645,16.376640387504334
north-sea,246,15.333464622497559,16.32875549562516
north-sea,247,15.286528587341309,16.280380959664623
north-sea,248,15.237581253051758,16.229341319299515
north-sea,249,15.186624526977539,16.175899800946638
north-sea,250,15.13392448425293,16.11952747529553
north-sea,251,15.07988452911377,16.060506811449603
north-sea,252,15.024822235107422,15.999161652595769
north-sea,253,14.969034194946289,15.938450493351107
north-sea,254,14.912617683410645,15.880582538727792
north-sea,255,14.855666160583496,15.822464675288048
north-sea,256,14.798094749450684,15.764593810419886
north-sea,257,14.73976993560791,15.702949825409922
north-sea,258,14.68063735961914,15.640222583278536
north-sea,259,14.620841979980469,15.582123171898626
north-sea,260,14.560426712036133,15.527100175426856
north-sea,261,14.49931526184082,15.475561046600344
north-sea,262,14.43742847442627,15.424611586909142
north-sea,263,14.374690055847168,15.372195579159648
north-sea,264,14.310876846313477,15.317870555385467
north-sea,265,14.245976448059082,15.261434118209348
north-sea,266,14.180106163024902,15.199263969544445
north-sea,267,14.113368034362793,15.13437047158518
north-sea,268,14.045957565307617,15.067583653234667
north-sea,269,13.978082656860352,14.999120878404186
north-sea,270,13.909758567810059,14.928840646436138
north-sea,271,13.841206550598145,14.855887929854857
north-sea,272,13.772507667541504,14.783308893634429
north-sea,273,13.703574180603027,14.707608035302933
north-sea,274,13.634407043457031,14.632828303306335
north-sea,275,13.565071105957031,14.558714392877398
north-sea,276,13.495514869689941,14.481944727128555
north-sea,277,13.425642967224121,14.401694516212713
north-sea,278,13.355544090270996,14.320002641985493
north-sea,279,13.285258293151855,14.239963697618055
north-sea,280,13.214693069458008,14.158887106372465
north-sea,281,13.143868446350098,14.077540449942314
north-sea,282,13.072587966918945,13.996162626820226
north-sea,283,13.000802993774414,13.915887577302994
north-sea,284,12.928603172302246,13.836557332931026
north-sea,285,12.856061935424805,13.756497703060026
north-sea,286,12.783306121826172,13.6775041303327
north-sea,287,12.71041202545166,13.599888389341292
north-sea,288,12.637458801269531,13.52528046638735
north-sea,289,12.564369201660156,13.452218609471474
north-sea,290,12.49119758605957,13.376263759982201
north-sea,291,12.41800308227539,13.299411290691745
north-sea,292,12.344901084899902,13.22046222071494
north-sea,293,12.272021293640137,13.142140902242353
north-sea,294,12.19933795928955,13.066022799091954
north-sea,295,12.126864433288574,12.991364014533257
north-sea,296,12.054478645324707,12.917947683026714
north-sea,297,11.981996536254883,12.847773693453881
north-sea,298,11.90942668914795,12.777319535901468
north-sea,299,11.836785316467285,12.706870857361823
north-sea,300,11.764126777648926,12.636854685506513
north-sea,301,11.691447257995605,12.56656934061358
north-sea,302,11.618681907653809,12.496467119647608
north-sea,303,11.545781135559082,12.426393305870794
north-sea,304,11.472758293151855,12.358730343849427
north-sea,305,11.399613380432129,12.28909601088493
north-sea,306,11.326279640197754,12.219675851637316
north-sea,307,11.252826690673828,12.14946800970262
north-sea,308,11.17935562133789,12.080907935480916
north-sea,309,11.1058988571167,12.012517033853838
north-sea,310,11.032489776611328,11.943583943766933
north-sea,311,10.959250450134277,11.874715509722309
north-sea,312,10.886112213134766,11.80527699378229
north-sea,313,10.813200950622559,11.736542240265877
north-sea,314,10.740474700927734,11.66665536511329
north-sea,315,10.667878150939941,11.594946848961616
north-sea,316,10.595476150512695,11.522163511091664
north-sea,317,10.523305892944336,11.449176557602422
north-sea,318,10.4514799118042,11.37538781627532
north-sea,319,10.380098342895508,11.30118012582102
north-sea,320,10.309305191040039,11.226373463292274
north-sea,321,10.238971710205078,11.15275349463186
north-sea,322,10.168951034545898,11.080170674477856
north-sea,323,10.099194526672363,11.009066738620882
north-sea,324,10.029641151428223,10.938269919733848
north-sea,325,9.960396766662598,10.867404248637536
north-sea,326,9.891565322875977,10.794712106643184
north-sea,327,9.82332706451416,10.721901564444263
north-sea,328,9.755826950073242,10.648152329844812
north-sea,329,9.689033508300781,10.576190748522356
north-sea,330,9.622867584228516,10.505714893341063
north-sea,331,9.557038307189941,10.436299557839668
north-sea,332,9.491545677185059,10.367945701845228
north-sea,333,9.426519393920898,10.301153109150547
north-sea,334,9.362054824829102,10.234452259925103
north-sea,335,9.298195838928223,10.167489950118526
north-sea,336,9.234951972961426,10.101911981644168
north-sea,337,9.172340393066406,10.035614665862052
north-sea,338,9.110396385192871,9.971201275240993
north-sea,339,9.049120903015137,9.905821298783827
north-sea,340,8.988465309143066,9.840175514836467
north-sea,341,8.928478240966797,9.774274995250087
north-sea,342,8.869277000427246,9.711240393115629
north-sea,343,8.810972213745117,9.651050524557789
north-sea,344,8.75353717803955,9.591747397761191
north-sea,345,8.697040557861328,9.534526483474238
north-sea,346,8.641491889953613,9.47826031715639
north-sea,347,8.586712837219238,9.423838009372835
north-sea,348,8.532657623291016,9.370798618562757
north-sea,349,8.479220390319824,9.319869158344883
north-sea,350,8.426295280456543,9.271120982016285
north-sea,351,8.373893737792969,9.223189935376569
north-sea,352,8.321253776550293,9.174598567716538
north-sea,353,8.26950454711914,9.125726247602893
north-sea,354,8.218717575073242,9.075421979350427
north-sea,355,8.16890811920166,9.025227485164518
north-sea,356,8.12007999420166,8.975890522618446
north-sea,357,8.07216739654541,8.928798358671127
north-sea,358,8.025042533874512,8.881250824466829
north-sea,359,7.978641510009766,8.836195871906895
north-sea,360,7.9328999519348145,8.791576247061453
north-sea,361,7.887913227081299,8.747543790263515
north-sea,362,7.843867301940918,8.703702791275518
north-sea,363,7.8007378578186035,8.660604692274525
north-sea,364,7.7584381103515625,8.618096573122086
north-sea,365,7.7168097496032715,8.57494081527956
north-sea,366,7.675816535949707,8.531667272506223
norwegian-sea,1,5.635168552398682,6.165598126380675
norwegian-sea,2,5.619319438934326,6.145509341455274
norwegian-sea,3,5.604002475738525,6.127125650836575
norwegian-sea,4,5.589221954345703,6.108619520741124
norwegian-sea,5,5.574941158294678,6.091719741206016
norwegian-sea,6,5.56105899810791,6.075859718938029
norwegian-sea,7,5.547329425811768,6.060095680913618
norwegian-sea,8,5.533674716949463,6.044057483057823
norwegian-sea,9,5.5200958251953125,6.027921112122075
norwegian-sea,10,5.506642818450928,6.011594864629931
norwegian-sea,11,5.493198394775391,5.994786990073419
norwegian-sea,12,5.479630947113037,5.9779876155238
norwegian-sea,13,5.465978622436523,5.9614279070208145
norwegian-sea,14,5.452273845672607,5.944709716304656
norwegian-sea,15,5.438563823699951,5.928086813034549
norwegian-sea,16,5.424905300140381,5.911399964363343
norwegian-sea,17,5.4116058349609375,5.895014195288381
norwegian-sea,18,5.398319244384766,5.87854072047818
norwegian-sea,19,5.3850274085998535,5.861954575200233
norwegian-sea,20,5.371767520904541,5.844826736757831
norwegian-sea,21,5.358516693115234,5.828270687595489
norwegian-sea,22,5.345400810241699,5.812497395853842
norwegian-sea,23,5.332517147064209,5.796896743774414
norwegian-sea,24,5.319808006286621,5.782169389724731
norwegian-sea,25,5.307283401489258,5.767594760464084
norwegian-sea,26,5.294904708862305,5.7520442993410175
norwegian-sea,27,5.282687664031982,5.736693937547747
norwegian-sea,28,5.270784378051758,5.723170326602076
norwegian-sea,29,5.25930643081665,5.7110453174960245
norwegian-sea,30,5.248290538787842,5.69921750714702
norwegian-sea,31,5.237634658813477,5.688171828177669
norwegian-sea,32,5.227227210998535,5.677708785764633
norwegian-sea,33,5.216897487640381,5.66719775815164
norwegian-sea,34,5.206589698791504,5.656469525060346
norwegian-sea,35,5.196301460266113,5.646117921029368
norwegian-sea,36,5.186110973358154,5.6360986309666785
norwegian-sea,37,5.176143646240234,5.626389400420651
norwegian-sea,38,5.16645622253418,5.617118829296482
norwegian-sea,39,5.156991004943848,5.6084335557876095
norwegian-sea,40,5.147627830505371,5.600031377423195
norwegian-sea,41,5.138291835784912,5.591992781239173
norwegian-sea,42,5.129120826721191,5.58454071629432
norwegian-sea,43,5.120229721069336,5.577413123653781
norwegian-sea,44,5.1117353439331055,5.5709875599030525
norwegian-sea,45,5.103485584259033,5.562661027395597
norwegian-sea,46,5.095973968505859,5.557357836795111
norwegian-sea,47,5.088879108428955,5.552434242412608
norwegian-sea,48,5.082094192504883,5.546824390144759
norwegian-sea,49,5.07548189163208,5.5405612063664265
norwegian-sea,50,5.069018840789795,5.533725756470877
norwegian-sea,51,5.062753677368164,5.527188454392138
norwegian-sea,52,5.056765556335449,5.520522912343345
norwegian-sea,53,5.051001071929932,5.513695321031797
norwegian-sea,54,5.045432090759277,5.507250825307703
norwegian-sea,55,5.040099620819092,5.500652111217541
norwegian-sea,56,5.034923553466797,5.494301118645617
norwegian-sea,57,5.029819488525391,5.489286591417047
norwegian-sea,58,5.024702072143555,5.484024944100329
norwegian-sea,59,5.019536018371582,5.478471850836149
norwegian-sea,60,5.014278411865234,5.4726882114205315
norwegian-sea,61,5.0089640617370605,5.466646132417905
norwegian-sea,62,5.003634452819824,5.460110510036509
norwegian-sea,63,4.998411178588867,5.45384879830063
norwegian-sea,64,4.993498802185059,5.4480203931049624
norwegian-sea,65,4.98891019821167,5.442798683207521
norwegian-sea,66,4.984643459320068,5.437841119561144
norwegian-sea,67,4.980622291564941,5.433201946238035
norwegian-sea,68,4.976774215698242,5.4287765420893175
norwegian-sea,69,4.973110675811768,5.424422903471095
norwegian-sea,70,4.969628810882568,5.42029155710692
norwegian-sea,71,4.966407299041748,5.416739817075832
norwegian-sea,72,4.963480472564697,5.413230837032359
norwegian-sea,73,4.960804462432861,5.4097178961641035
norwegian-sea,74,4.958337783813477,5.406181565664148
norwegian-sea,75,4.955899715423584,5.402323536206317
norwegian-sea,76,4.953686237335205,5.400727468921292
norwegian-sea,77,4.951204776763916,5.396150381334366
norwegian-sea,78,4.948800563812256,5.39170195364183
norwegian-sea,79,4.946658134460449,5.388209372182046
norwegian-sea,80,4.944954872131348,5.385829925537109
norwegian-sea,81,4.943817138671875,5.384412865484915
norwegian-sea,82,4.943236351013184,5.383806539350941
norwegian-sea,83,4.9431915283203125,5.383917048669631
norwegian-sea,84,4.9436821937561035,5.384851927911082
norwegian-sea,85,4.944672107696533,5.3860750321419
norwegian-sea,86,4.946211338043213,5.387687097057219
norwegian-sea,87,4.948301792144775,5.389586448669433
norwegian-sea,88,4.950993537902832,5.391945583589614
norwegian-sea,89,4.954301834106445,5.395075874943886
norwegian-sea,90,4.9582014083862305,5.399124262409825
norwegian-sea,91,4.962645530700684,5.40374952131702
norwegian-sea,92,4.967499732971191,5.409019850146387
norwegian-sea,93,4.972813129425049,5.415443681901501
norwegian-sea,94,4.9785966873168945,5.422216224670411
norwegian-sea,95,4.984793186187744,5.429912917844711
norwegian-sea,96,4.991390705108643,5.437843661154471
norwegian-sea,97,4.998369216918945,5.446131329382619
norwegian-sea,98,5.005771160125732,5.455927705764771
norwegian-sea,99,5.013736248016357,5.465398371604181
norwegian-sea,100,5.022412300109863,5.474884173177904
norwegian-sea,101,5.031949520111084,5.485725129035211
norwegian-sea,102,5.0423383712768555,5.497433879298549
norwegian-sea,103,5.053577423095703,5.510259083778628
norwegian-sea,104,5.065516948699951,5.523766754519555
norwegian-sea,105,5.078036785125732,5.537667885134296
norwegian-sea,106,5.091253280639648,5.552649024225051
norwegian-sea,107,5.105264186859131,5.568732077075589
norwegian-sea,108,5.120114803314209,5.58577987609371
norwegian-sea,109,5.135767936706543,5.604135024163031
norwegian-sea,110,5.152012825012207,5.622489676936981
norwegian-sea,111,5.168676853179932,5.641575796373429
norwegian-sea,112,5.185581207275391,5.661011394377678
norwegian-sea,113,5.202746391296387,5.681257341754052
norwegian-sea,114,5.220302581787109,5.702770010117563
norwegian-sea,115,5.2383952140808105,5.723946968201669
norwegian-sea,116,5.2571892738342285,5.7454693732723126
norwegian-sea,117,5.276650905609131,5.7685589974926375
norwegian-sea,118,5.296741962432861,5.794930667261924
norwegian-sea,119,5.317465782165527,5.823159057863297
norwegian-sea,120,5.3388495445251465,5.851943219092584
norwegian-sea,121,5.360945701599121,5.881073204163582
norwegian-sea,122,5.383860111236572,5.911587992022114
norwegian-sea,123,5.407747745513916,5.942556431985671
norwegian-sea,124,5.432637691497803,5.973883210459063
norwegian-sea,125,5.458497524261475,6.00560251820472
norwegian-sea,126,5.485270977020264,6.036664261356479
norwegian-sea,127,5.5128912925720215,6.067684233573176
norwegian-sea,128,5.54149055480957,6.099466525354694
norwegian-sea,129,5.571249961853027,6.130770361808039
norwegian-sea,130,5.602150917053223,6.1656481019912235
norwegian-sea,131,5.634169578552246,6.2033484197432
norwegian-sea,132,5.667295932769775,6.243600140848468
norwegian-sea,133,5.701597213745117,6.285029546676144
norwegian-sea,134,5.737104415893555,6.327595198538996
norwegian-sea,135,5.773922920227051,6.372480758543938
norwegian-sea,136,5.812109470367432,6.419621758307181
norwegian-sea,137,5.851689338684082,6.468377576335785
norwegian-sea,138,5.8926777839660645,6.519461045726653
norwegian-sea,139,5.93501615524292,6.572120177361273
norwegian-sea,140,5.9786696434021,6.627503018225394
norwegian-sea,141,6.023700714111328,6.685482975744433
norwegian-sea,142,6.070090293884277,6.744925048274379
norwegian-sea,143,6.117824554443359,6.805738329118299
norwegian-sea,144,6.166738510131836,6.86966258479703
norwegian-sea,145,6.216691970825195,6.935605964353009
norwegian-sea,146,6.267552375793457,7.005918955033826
norwegian-sea,147,6.319180488586426,7.077132225036622
norwegian-sea,148,6.371573448181152,7.14703378985005
norwegian-sea,149,6.424716472625732,7.213825739583661
norwegian-sea,150,6.478490352630615,7.279611565989833
norwegian-sea,151,6.532732963562012,7.344863883910641
norwegian-sea,152,6.58737325668335,7.409478429055983
norwegian-sea,153,6.642470836639404,7.47298198515369
norwegian-sea,154,6.698051929473877,7.535943445082634
norwegian-sea,155,6.754199981689453,7.59874588443387
norwegian-sea,156,6.810909748077393,7.661947901018205
norwegian-sea,157,6.868219375610352,7.726877264822685
norwegian-sea,158,6.9262237548828125,7.7929729969270785
norwegian-sea,159,6.98482608795166,7.861042825637326
norwegian-sea,160,7.043913841247559,7.929237890243532
norwegian-sea,161,7.103407859802246,7.996487908209525
norwegian-sea,162,7.16323184967041,8.065320785583989
norwegian-sea,163,7.22327995300293,8.13255251146132
norwegian-sea,164,7.283425807952881,8.201883552920433
norwegian-sea,165,7.343718528747559,8.272686229213592
norwegian-sea,166,7.404220104217529,8.342647237162439
norwegian-sea,167,7.465060710906982,8.411553685895859
norwegian-sea,168,7.526182651519775,8.481496149493802
norwegian-sea,169,7.587368488311768,8.549871164752592
norwegian-sea,170,7.648501873016357,8.617219846479355
norwegian-sea,171,7.709439277648926,8.682015665115848
norwegian-sea,172,7.770265579223633,8.744918650965536
norwegian-sea,173,7.831019878387451,8.80664036504684
norwegian-sea,174,7.89176082611084,8.866917631703037
norwegian-sea,175,7.952668190002441,8.925289077143516
norwegian-sea,176,8.01375675201416,8.981407288582094
norwegian-sea,177,8.074994087219238,9.035769068810247
norwegian-sea,178,8.136331558227539,9.09131575246011
norwegian-sea,179,8.197657585144043,9.148873350697178
norwegian-sea,180,8.259037017822266,9.208009809063329
norwegian-sea,181,8.320574760437012,9.26652728049986
norwegian-sea,182,8.382499694824219,9.325868268166818
norwegian-sea,183,8.444681167602539,9.385495831889491
norwegian-sea,184,8.507012367248535,9.450478166149507
norwegian-sea,185,8.569374084472656,9.520167403067314
norwegian-sea,186,8.631643295288086,9.595079252796788
norwegian-sea,187,8.693655014038086,9.671929777822188
norwegian-sea,188,8.755346298217773,9.747583253922002
norwegian-sea,189,8.816650390625,9.822980530031266
norwegian-sea,190,8.877662658691406,9.896133047534574
norwegian-sea,191,8.938376426696777,9.968300997826361
norwegian-sea,192,8.99880313873291,10.03826297329318
norwegian-sea,193,9.058873176574707,10.104873214229462
norwegian-sea,194,9.118583679199219,10.170393205458117
norwegian-sea,195,9.177848815917969,10.233823456302765
norwegian-sea,196,9.236577033996582,10.295238304138183
norwegian-sea,197,9.294524192810059,10.355395670860045
norwegian-sea,198,9.351522445678711,10.415810751145887
norwegian-sea,199,9.40742015838623,10.474040855899936
norwegian-sea,200,9.462090492248535,10.531807068855532
norwegian-sea,201,9.515436172485352,10.58899249415244
norwegian-sea,202,9.567486763000488,10.644571064364529
norwegian-sea,203,9.618146896362305,10.699292185998734
norwegian-sea,204,9.66739273071289,10.752696935592162
norwegian-sea,205,9.715249061584473,10.805646471823419
norwegian-sea,206,9.761678695678711,10.855785662128083
norwegian-sea,207,9.806597709655762,10.90445863662228
norwegian-sea,208,9.84994125366211,10.950422591547817
norwegian-sea,209,9.891630172729492,10.99335727076377
norwegian-sea,210,9.93160629272461,11.033404664070376
norwegian-sea,211,9.969911575317383,11.071121880315966
norwegian-sea,212,10.006497383117676,11.107489742771273
norwegian-sea,213,10.04117202758789,11.141307172467632
norwegian-sea,214,10.07387924194336,11.174485425026186
norwegian-sea,215,10.1044921875,11.200711450269145
norwegian-sea,216,10.132950782775879,11.219060033367528
norwegian-sea,217,10.159207344055176,11.231000727991905
norwegian-sea,218,10.183295249938965,11.237591205104707
norwegian-sea,219,10.205151557922363,11.242357300173854
norwegian-sea,220,10.22469711303711,11.243936954006074
norwegian-sea,221,10.241768836975098,11.243723869323732
norwegian-sea,222,10.256264686584473,11.241911805060605
norwegian-sea,223,10.268056869506836,11.238337261446064
norwegian-sea,224,10.277142524719238,11.233212335648076
norwegian-sea,225,10.283599853515625,11.22605379166142
norwegian-sea,226,10.287561416625977,11.2156568988677
norwegian-sea,227,10.288911819458008,11.20291445639826
norwegian-sea,228,10.287720680236816,11.18843795407203
norwegian-sea,229,10.283998489379883,11.170785211747694
norwegian-sea,230,10.277894973754883,11.150375972255585
norwegian-sea,231,10.269723892211914,11.128196787065077
norwegian-sea,232,10.259716033935547,11.104764569190243
norwegian-sea,233,10.247919082641602,11.080584870615315
norwegian-sea,234,10.234452247619629,11.053954739724436
norwegian-sea,235,10.219366073608398,11.02592763900757
norwegian-sea,236,10.202596664428711,10.997359888015254
norwegian-sea,237,10.184046745300293,10.968253618671046
norwegian-sea,238,10.163837432861328,10.93851459872338
norwegian-sea,239,10.142050743103027,10.90794647893598
norwegian-sea,240,10.118769645690918,10.875530159857965
norwegian-sea,241,10.094051361083984,10.842229027901924
norwegian-sea,242,10.067828178405762,10.808210597499725
norwegian-sea,243,10.040085792541504,10.77459610046879
norwegian-sea,244,10.010859489440918,10.741548036759902
norwegian-sea,245,9.980219841003418,10.706497641532652
norwegian-sea,246,9.94822883605957,10.671016320874616
norwegian-sea,247,9.914963722229004,10.637165063427341
norwegian-sea,248,9.880487442016602,10.602795899298885
norwegian-sea,249,9.8447904586792,10.569903158372448
norwegian-sea,250,9.80785083770752,10.537606922272712
norwegian-sea,251,9.769815444946289,10.505988287156628
norwegian-sea,252,9.730790138244629,10.474113655090331
norwegian-sea,253,9.690777778625488,10.441576305512458
norwegian-sea,254,9.649904251098633,10.407374006702055
norwegian-sea,255,9.608231544494629,10.37049908176545
norwegian-sea,256,9.56579303741455,10.332263857318505
norwegian-sea,257,9.522626876831055,10.294265516342652
norwegian-sea,258,9.478792190551758,10.254816861306464
norwegian-sea,259,9.43437385559082,10.214916358455532
norwegian-sea,260,9.389585494995117,10.173568737891411
norwegian-sea,261,9.344555854797363,10.132639051252793
norwegian-sea,262,9.2991361618042,10.091767978668214
norwegian-sea,263,9.253210067749023,10.050666922907675
norwegian-sea,264,9.206758499145508,10.008229397189233
norwegian-sea,265,9.15963363647461,9.966314761869368
norwegian-sea,266,9.11180591583252,9.923768880290371
norwegian-sea,267,9.063298225402832,9.878012060349986
norwegian-sea,268,9.014184951782227,9.831838398595007
norwegian-sea,269,8.964489936828613,9.786113160656344
norwegian-sea,270,8.914180755615234,9.739210144166021
norwegian-sea,271,8.863165855407715,9.692914329036588
norwegian-sea,272,8.811453819274902,9.645348130503006
norwegian-sea,273,8.759151458740234,9.59673552359304
norwegian-sea,274,8.70644474029541,9.54698563544981
norwegian-sea,275,8.653463363647461,9.496819576140373
norwegian-sea,276,8.600359916687012,9.447867885712656
norwegian-sea,277,8.547273635864258,9.39774339429794
norwegian-sea,278,8.494227409362793,9.346926381511073
norwegian-sea,279,8.441195487976074,9.294964258132442
norwegian-sea,280,8.388288497924805,9.24148053507651
norwegian-sea,281,8.335660934448242,9.187280242673813
norwegian-sea,282,8.283329010009766,9.132674060329315
norwegian-sea,283,8.231308937072754,9.077443027496338
norwegian-sea,284,8.179667472839355,9.021739645927184
norwegian-sea,285,8.128345489501953,8.966427498479044
norwegian-sea,286,8.077327728271484,8.9125459424911
norwegian-sea,287,8.026585578918457,8.860153456657166
norwegian-sea,288,7.976049900054932,8.807689768268219
norwegian-sea,289,7.925890922546387,8.756101568283574
norwegian-sea,290,7.876173496246338,8.704609721706762
norwegian-sea,291,7.826745986938477,8.653743108626335
norwegian-sea,292,7.777501583099365,8.602842074055829
norwegian-sea,293,7.728574275970459,8.552073953997706
norwegian-sea,294,7.6800971031188965,8.501326820927282
norwegian-sea,295,7.632122993469238,8.451231110480524
norwegian-sea,296,7.5847673416137695,8.402722583278535
norwegian-sea,297,7.538031578063965,8.35437034176242
norwegian-sea,298,7.491950511932373,8.308202660468318
norwegian-sea,299,7.446567535400391,8.262537270207558
norwegian-sea,300,7.401818752288818,8.216253140664872
norwegian-sea,301,7.357753753662109,8.17032500851539
norwegian-sea,302,7.314507007598877,8.125008816872874
norwegian-sea,303,7.272218704223633,8.081141581073885
norwegian-sea,304,7.23089075088501,8.038105227870327
norwegian-sea,305,7.190465450286865,7.995297055090629
norwegian-sea,306,7.150951862335205,7.953001769896478
norwegian-sea,307,7.112342357635498,7.9108223007571326
norwegian-sea,308,7.074643135070801,7.869802465746481
norwegian-sea,309,7.037886142730713,7.829948777537193
norwegian-sea,310,7.002008438110352,7.790844560438588
norwegian-sea,311,6.966892719268799,7.752670592646445
norwegian-sea,312,6.932497501373291,7.714645784131942
norwegian-sea,313,6.898837089538574,7.677387742073305
norwegian-sea,314,6.865800857543945,7.641155144476121
norwegian-sea,315,6.833278656005859,7.605282863493888
norwegian-sea,316,6.801219463348389,7.57100342781313
norwegian-sea,317,6.769564628601074,7.5360103407213765
norwegian-sea,318,6.738253116607666,7.500307153886364
norwegian-sea,319,6.707335948944092,7.464722874856765
norwegian-sea,320,6.67671537399292,7.429401323872228
norwegian-sea,321,6.6464009284973145,7.392356103466404
norwegian-sea,322,6.616504192352295,7.356649106548678
norwegian-sea,323,6.587075233459473,7.320707879527923
norwegian-sea,324,6.558065414428711,7.284486993666618
norwegian-sea,325,6.529468536376953,7.248550527326522
norwegian-sea,326,6.501382350921631,7.213632837418587
norwegian-sea,327,6.473812580108643,7.178594756895497
norwegian-sea,328,6.4468674659729,7.145428606771654
norwegian-sea,329,6.420583248138428,7.113309158817414
norwegian-sea,330,6.39491605758667,7.081527465389622
norwegian-sea,331,6.369800090789795,7.050548838030909
norwegian-sea,332,6.345208168029785,7.020376290044479
norwegian-sea,333,6.321127414703369,6.990872624612625
norwegian-sea,334,6.297471523284912,6.961866118831021
norwegian-sea,335,6.274112224578857,6.933509512870544
norwegian-sea,336,6.250899314880371,6.904313764264508
norwegian-sea,337,6.227715015411377,6.874943113327028
norwegian-sea,338,6.204554080963135,6.844622475101103
norwegian-sea,339,6.181312084197998,6.815255605020831
norwegian-sea,340,6.157939434051514,6.784867126710954
norwegian-sea,341,6.134497165679932,6.754652701654742
norwegian-sea,342,6.111175537109375,6.725055473081527
norwegian-sea,343,6.088022708892822,6.695804109881001
norwegian-sea,344,6.065028667449951,6.666709655331027
norwegian-sea,345,6.042237758636475,6.637791465943859
norwegian-sea,346,6.019804954528809,6.6102422252778075
norwegian-sea,347,5.9979071617126465,6.583270128311648
norwegian-sea,348,5.976593017578125,6.557867337811377
norwegian-sea,349,5.955857276916504,6.533334636688231
norwegian-sea,350,5.935673713684082,6.509007947675642
norwegian-sea,351,5.916075706481934,6.48560539676297
norwegian-sea,352,5.896703720092773,6.464961970236994
norwegian-sea,353,5.877890586853027,6.445081744655486
norwegian-sea,354,5.859587669372559,6.426424772508683
norwegian-sea,355,5.8416972160339355,6.408377781221945
norwegian-sea,356,5.824112892150879,6.390138006210328
norwegian-sea,357,5.806650638580322,6.371529225380191
norwegian-sea,358,5.789215564727783,6.352796546874509
norwegian-sea,359,5.771755695343018,6.333190570339081
norwegian-sea,360,5.75425386428833,6.313593435287476
norwegian-sea,361,5.7368011474609375,6.293992468618578
norwegian-sea,362,5.719503879547119,6.274022399225543
norwegian-sea,363,5.702343463897705,6.252774549299671
norwegian-sea,364,5.68527364730835,6.23049266569076
norwegian-sea,365,5.668295860290527,6.208508779156593
norwegian-sea,366,5.651537895202637,6.186282071759623
sea-of-azov,1,4.947825908660889,7.341614252521147
sea-of-azov,2,4.898233413696289,7.321784425550892
sea-of-azov,3,4.8501152992248535,7.303827167326404
sea-of-azov,4,4.803404331207275,7.288172026603453
sea-of-azov,5,4.7579264640808105,7.272839992277085
sea-of-azov,6,4.71342134475708,7.257761606093377
sea-of-azov,7,4.6692118644714355,7.242802506108439
sea-of-azov,8,4.625234603881836,7.226754631534701
sea-of-azov,9,4.581976890563965,7.212507929340487
sea-of-azov,10,4.539703845977783,7.198179468031854
sea-of-azov,11,4.498958110809326,7.184629851002847
sea-of-azov,12,4.459651470184326,7.1734833809637255
sea-of-azov,13,4.421987056732178,7.163205408280896
sea-of-azov,14,4.386364459991455,7.152864531547793
sea-of-azov,15,4.352942943572998,7.142315638449883
sea-of-azov,16,4.321824550628662,7.1310739286484255
sea-of-azov,17,4.292999744415283,7.1197248212752795
sea-of-azov,18,4.266664505004883,7.108956033952775
sea-of-azov,19,4.2428879737854,7.0984407024998815
sea-of-azov,20,4.2210612297058105,7.088009195943033
sea-of-azov,21,4.201023101806641,7.0774258582822736
sea-of-azov,22,4.182437419891357,7.0666389388422814
sea-of-azov,23,4.16522216796875,7.056699517465407
sea-of-azov,24,4.149413585662842,7.048886229915004
sea-of-azov,25,4.134702682495117,7.041359553798552
sea-of-azov,26,4.1208953857421875,7.033656940152567
sea-of-azov,27,4.108022689819336,7.0262231549909036
sea-of-azov,28,4.095857620239258,7.01878936982924
sea-of-azov,29,4.0837788581848145,7.010813074727213
sea-of-azov,30,4.071614742279053,7.0029102294675765
sea-of-azov,31,4.059642791748047,6.99513415828828
sea-of-azov,32,4.047765254974365,6.985559475806452
sea-of-azov,33,4.035858154296875,6.97576528210794
sea-of-azov,34,4.024179458618164,6.965941535272907
sea-of-azov,35,4.012742042541504,6.95600335213446
sea-of-azov,36,4.001522064208984,6.9453545431936945
sea-of-azov,37,3.990623950958252,6.934304886479532
sea-of-azov,38,3.9802448749542236,6.918158509654383
sea-of-azov,39,3.970639705657959,6.903323648821923
sea-of-azov,40,3.962064743041992,6.889102222073461
sea-of-azov,41,3.954800605773926,6.875657270800682
sea-of-azov,42,3.948565721511841,6.862368142220281
sea-of-azov,43,3.943288803100586,6.849187617148121
sea-of-azov,44,3.939103364944458,6.835525560379027
sea-of-azov,45,3.938352108001709,6.82911396641885
sea-of-azov,46,3.934798002243042,6.815652255089052
sea-of-azov,47,3.9315056800842285,6.799711851919851
sea-of-azov,48,3.92868709564209,6.783781210068733
sea-of-azov,49,3.926180601119995,6.767954038804579
sea-of-azov,50,3.9238967895507812,6.756005616341868
sea-of-azov,51,3.9219753742218018,6.744453371724775
sea-of-azov,52,3.9207797050476074,6.733514299700338
sea-of-azov,53,3.920727014541626,6.724911051411783
sea-of-azov,54,3.922147035598755,6.716990887734198
sea-of-azov,55,3.925232410430908,6.709127906060989
sea-of-azov,56,3.930043935775757,6.701593125251033
sea-of-azov,57,3.9367949962615967,6.694585391013854
sea-of-azov,58,3.945552349090576,6.688261676603749
sea-of-azov,59,3.956857442855835,6.682708223404425
sea-of-azov,60,3.9715452194213867,6.678990510202224
sea-of-azov,61,3.9900927543640137,6.67588336852289
sea-of-azov,62,4.012787818908691,6.673921198998729
sea-of-azov,63,4.039583206176758,6.675139461025116
sea-of-azov,64,4.070209503173828,6.677020889712919
sea-of-azov,65,4.104538917541504,6.679115578436083
sea-of-azov,66,4.1425371170043945,6.683030248457387
sea-of-azov,67,4.184638500213623,6.688275794059999
sea-of-azov,68,4.231007099151611,6.694472866673625
sea-of-azov,69,4.281737804412842,6.708734821504162
sea-of-azov,70,4.3363213539123535,6.72554578781128
sea-of-azov,71,4.394590854644775,6.747182921440372
sea-of-azov,72,4.456226348876953,6.771107556743007
sea-of-azov,73,4.520971298217773,6.797654001174435
sea-of-azov,74,4.589298725128174,6.8284737279338215
sea-of-azov,75,4.66122579574585,6.86596585242979
sea-of-azov,76,4.734353065490723,6.9020837245448945
sea-of-azov,77,4.814977645874023,6.947263771487822
sea-of-azov,78,4.899959564208984,6.997881581706385
sea-of-azov,79,4.988906383514404,7.051646918635215
sea-of-azov,80,5.081793308258057,7.107687617886451
sea-of-azov,81,5.17909049987793,7.163384682132352
sea-of-azov,82,5.280889987945557,7.224713731581166
sea-of-azov,83,5.386942386627197,7.291618234880509
sea-of-azov,84,5.497640609741211,7.370377791312434
sea-of-azov,85,5.612459182739258,7.457576259489984
sea-of-azov,86,5.731717586517334,7.549922601638303
sea-of-azov,87,5.855549335479736,7.647762715431953
sea-of-azov,88,5.983879566192627,7.7533506424196315
sea-of-azov,89,6.1166839599609375,7.864967269282189
sea-of-azov,90,6.2538299560546875,7.980343117252473
sea-of-azov,91,6.395137786865234,8.102556806995024
sea-of-azov,92,6.539975166320801,8.226854136682325
sea-of-azov,93,6.687901973724365,8.35310291321047
sea-of-azov,94,6.839174270629883,8.485789592804448
sea-of-azov,95,6.99427604675293,8.629899280301986
sea-of-azov,96,7.1537089347839355,8.782583930415491
sea-of-azov,97,7.317492485046387,8.942018622736779
sea-of-azov,98,7.48552131652832,9.106805099979525
sea-of-azov,99,7.657824516296387,9.278927500017229
sea-of-azov,100,7.834659576416016,9.461963753546438
sea-of-azov,101,8.016810417175293,9.658228435823997
sea-of-azov,102,8.204660415649414,9.866738199418592
sea-of-azov,103,8.398673057556152,10.085121042497697
sea-of-azov,104,8.599188804626465,10.310057263220513
sea-of-azov,105,8.805691719055176,10.539308091132874
sea-of-azov,106,9.017533302307129,10.770400685648767
sea-of-azov,107,9.23375129699707,11.00650175156132
sea-of-azov,108,9.453437805175781,11.249480561287173
sea-of-azov,109,9.67612361907959,11.494081318762994
sea-of-azov,110,9.901772499084473,11.744242538944368
sea-of-azov,111,10.129902839660645,11.998006528423678
sea-of-azov,112,10.359814643859863,12.258695236329109
sea-of-azov,113,10.590877532958984,12.520780034219065
sea-of-azov,114,10.822680473327637,12.779018611292686
sea-of-azov,115,11.054854393005371,13.030402131234444
sea-of-azov,116,11.28788948059082,13.280033874511718
sea-of-azov,117,11.521400451660156,13.531165932070824
sea-of-azov,118,11.755753517150879,13.782995460879418
sea-of-azov,119,11.991170883178711,14.03977948158018
sea-of-azov,120,12.22778606414795,14.292219709580941
sea-of-azov,121,12.465607643127441,14.550789143962243
sea-of-azov,122,12.704710960388184,14.807102055703437
sea-of-azov,123,12.945527076721191,15.067937287976667
sea-of-azov,124,13.188377380371094,15.340754121349706
sea-of-azov,125,13.432899475097656,15.611666347134499
sea-of-azov,126,13.678518295288086,15.886161841115648
sea-of-azov,127,13.924347877502441,16.1585914950217
sea-of-azov,128,14.169818878173828,16.427535029380554
sea-of-azov,129,14.41431713104248,16.69428860449022
sea-of-azov,130,14.657479286193848,16.95502766332319
sea-of-azov,131,14.898862838745117,17.205324422159503
sea-of-azov,132,15.13786792755127,17.447377054152952
sea-of-azov,133,15.373748779296875,17.676091987855976
sea-of-azov,134,15.60545825958252,17.899177249785392
sea-of-azov,135,15.832847595214844,18.118297813784693
sea-of-azov,136,16.055747985839844,18.333165608682943
sea-of-azov,137,16.274333953857422,18.545409451761557
sea-of-azov,138,16.489015579223633,18.750833895898634
sea-of-azov,139,16.700651168823242,18.949986113271404
sea-of-azov,140,16.909900665283203,19.15078042860954
sea-of-azov,141,17.11710548400879,19.348763392048497
sea-of-azov,142,17.322786331176758,19.546794036126904
sea-of-azov,143,17.527151107788086,19.7447205943446
sea-of-azov,144,17.730817794799805,19.939269650367002
sea-of-azov,145,17.93433952331543,20.13710133337206
sea-of-azov,146,18.137537002563477,20.334576200669815
sea-of-azov,147,18.340396881103516,20.53250000861384
sea-of-azov,148,18.543066024780273,20.730019815506477
sea-of-azov,149,18.74479866027832,20.924929360420474
sea-of-azov,150,18.944974899291992,21.1081868756202
sea-of-azov,151,19.14303207397461,21.29513877130324
sea-of-azov,152,19.338397979736328,21.474068247887395
sea-of-azov,153,19.53036117553711,21.652039238714405
sea-of-azov,154,19.71848487854004,21.825495387661842
sea-of-azov,155,19.902311325073242,21.98996761691186
sea-of-azov,156,20.081674575805664,22.154132037008964
sea-of-azov,157,20.25667381286621,22.30448209701046
sea-of-azov,158,20.427734375,22.45687139572636
sea-of-azov,159,20.59480857849121,22.605623183711888
sea-of-azov,160,20.758182525634766,22.755049090231623
sea-of-azov,161,20.917781829833984,22.904603755089546
sea-of-azov,162,21.07330322265625,23.054446835671705
sea-of-azov,163,21.224987030029297,23.199262157563243
sea-of-azov,164,21.373361587524414,23.343232560926868
sea-of-azov,165,21.51919937133789,23.482098093340475
sea-of-azov,166,21.66269302368164,23.617786579747353
sea-of-azov,167,21.804027557373047,23.7515420052313
sea-of-azov,168,21.94312286376953,23.88396146220545
sea-of-azov,169,22.079952239990234,24.017116048259116
sea-of-azov,170,22.21453094482422,24.151950196296937
sea-of-azov,171,22.34675407409668,24.28512882109611
sea-of-azov,172,22.476356506347656,24.41588970307381
sea-of-azov,173,22.603252410888672,24.544478791759857
sea-of-azov,174,22.72737693786621,24.664915017158755
sea-of-azov,175,22.8482666015625,24.78377766147737
sea-of-azov,176,22.965015411376953,24.89940556556948
sea-of-azov,177,23.077011108398438,25.008920226558562
sea-of-azov,178,23.183876037597656,25.113287421195743
sea-of-azov,179,23.285310745239258,25.21274793071132
sea-of-azov,180,23.38148307800293,25.310043937929215
sea-of-azov,181,23.47271156311035,25.406550598144534
sea-of-azov,182,23.5594539642334,25.496205975932458
sea-of-azov,183,23.642507553100586,25.58307330223822
sea-of-azov,184,23.722517013549805,25.661759591871693
sea-of-azov,185,23.79963493347168,25.737101924034857
sea-of-azov,186,23.873924255371094,25.805463667838804
sea-of-azov,187,23.945877075195312,25.866667956690634
sea-of-azov,188,24.016023635864258,25.92796617323352
sea-of-azov,189,24.084522247314453,25.980934456856023
sea-of-azov,190,24.1520938873291,26.03431577374858
sea-of-azov,191,24.218948364257812,26.086117535252725
sea-of-azov,192,24.285301208496094,26.138164809442337
sea-of-azov,193,24.35111427307129,26.18908044138263
sea-of-azov,194,24.41611099243164,26.241635531763876
sea-of-azov,195,24.4801025390625,26.29312021193966
sea-of-azov,196,24.542922973632812,26.345696030893638
sea-of-azov,197,24.60434341430664,26.39898773931688
sea-of-azov,198,24.664255142211914,26.450637688175327
sea-of-azov,199,24.722675323486328,26.50028085400981
sea-of-azov,200,24.779529571533203,26.546013998216196
sea-of-azov,201,24.834217071533203,26.587622734808154
sea-of-azov,202,24.885976791381836,26.62532140670284
sea-of-azov,203,24.93438148498535,26.659946429344917
sea-of-azov,204,24.979223251342773,26.689963402286658
sea-of-azov,205,25.020225524902344,26.718264130623112
sea-of-azov,206,25.057239532470703,26.74256540729154
sea-of-azov,207,25.09073829650879,26.761748732289966
sea-of-azov,208,25.121129989624023,26.779535102844243
sea-of-azov,209,25.14849853515625,26.794514483790245
sea-of-azov,210,25.172924041748047,26.80259721817509
sea-of-azov,211,25.194185256958008,26.80369766604516
sea-of-azov,212,25.21198272705078,26.798108236251334
sea-of-azov,213,25.226268768310547,26.787923031468544
sea-of-azov,214,25.23678970336914,26.77600004749913
sea-of-azov,215,25.24332618713379,26.763983689585036
sea-of-azov,216,25.245943069458008,26.751421553088772
sea-of-azov,217,25.244722366333008,26.739476794581257
sea-of-azov,218,25.23902702331543,26.726917783675653
sea-of-azov,219,25.228443145751953,26.711981711849088
sea-of-azov,220,25.21291732788086,26.696142288946337
sea-of-azov,221,25.19202995300293,26.675816455964117
sea-of-azov,222,25.165653228759766,26.65183777347688
sea-of-azov,223,25.133405685424805,26.623497489190868
sea-of-azov,224,25.095027923583984,26.588180492770288
sea-of-azov,225,25.050291061401367,26.54198740682294
sea-of-azov,226,24.999109268188477,26.492018675035048
sea-of-azov,227,24.941240310668945,26.436180526979506
sea-of-azov,228,24.876718521118164,26.372432093466482
sea-of-azov,229,24.805532455444336,26.302302618949646
sea-of-azov,230,24.727697372436523,26.22433090209961
sea-of-azov,231,24.642892837524414,26.1399647374307
sea-of-azov,232,24.55112075805664,26.048533679592996
sea-of-azov,233,24.4527587890625,25.952206808520906
sea-of-azov,234,24.348417282104492,25.85096999752906
sea-of-azov,235,24.2386531829834,25.74829315062492
sea-of-azov,236,24.124149322509766,25.640897467828566
sea-of-azov,237,24.00556182861328,25.530750317727364
sea-of-azov,238,23.883054733276367,25.40850348318777
sea-of-azov,239,23.756637573242188,25.280380458216516
sea-of-azov,240,23.626659393310547,25.149350080182472
sea-of-azov,241,23.49347686767578,25.021184785904424
sea-of-azov,242,23.35762596130371,24.89652035620905
sea-of-azov,243,23.219404220581055,24.77487313055223
sea-of-azov,244,23.078466415405273,24.653903099798388
sea-of-azov,245,22.934606552124023,24.53162635064894
sea-of-azov,246,22.787940979003906,24.404284551066738
sea-of-azov,247,22.63826560974121,24.272922466647245
sea-of-azov,248,22.485517501831055,24.131317815473004
sea-of-azov,249,22.330060958862305,23.983359318394815
sea-of-azov,250,22.171875,23.831443263638405
sea-of-azov,251,22.010822296142578,23.67536052580803
sea-of-azov,252,21.847261428833008,23.51991196293985
sea-of-azov,253,21.681379318237305,23.363536871633222
sea-of-azov,254,21.51368522644043,23.207768464857526
sea-of-azov,255,21.345151901245117,23.05481916858304
sea-of-azov,256,21.176298141479492,22.907559917819114
sea-of-azov,257,21.007251739501953,22.759606299861783
sea-of-azov,258,20.838031768798828,22.613349859176143
sea-of-azov,259,20.66876220703125,22.468663412524812
sea-of-azov,260,20.49964714050293,22.321721852210263
sea-of-azov,261,20.331045150756836,22.177718340966006
sea-of-azov,262,20.1632137298584,22.03720240439138
sea-of-azov,263,19.995832443237305,21.898799631672524
sea-of-azov,264,19.828886032104492,21.758611389898487
sea-of-azov,265,19.662229537963867,21.618945558609504
sea-of-azov,266,19.495386123657227,21.474210782204903
sea-of-azov,267,19.32818603515625,21.325581772096697
sea-of-azov,268,19.16032600402832,21.175050378614856
sea-of-azov,269,18.991798400878906,21.030624691132576
sea-of-azov,270,18.822681427001953,20.885299756450035
sea-of-azov,271,18.65268325805664,20.736500573927355
sea-of-azov,272,18.481369018554688,20.581729698181153
sea-of-azov,273,18.308589935302734,20.4248472521382
sea-of-azov,274,18.134754180908203,20.26410025319746
sea-of-azov,275,17.96002960205078,20.09950546141594
sea-of-azov,276,17.78465461730957,19.933765005296284
sea-of-azov,277,17.608566284179688,19.770339812001875
sea-of-azov,278,17.431734085083008,19.60849572458575
sea-of-azov,279,17.25412940979004,19.451607894897467
sea-of-azov,280,17.075668334960938,19.293842574088806
sea-of-azov,281,16.896093368530273,19.135740280151367
sea-of-azov,282,16.71554946899414,18.97278147666685
sea-of-azov,283,16.533857345581055,18.807069729220487
sea-of-azov,284,16.35097312927246,18.641298635544317
sea-of-azov,285,16.166589736938477,18.475617313385012
sea-of-azov,286,15.980083465576172,18.303106566398377
sea-of-azov,287,15.79101848602295,18.126870776760963
sea-of-azov,288,15.599691390991211,17.94023049262262
sea-of-azov,289,15.40681266784668,17.745464441853187
sea-of-azov,290,15.212785720825195,17.548160774477072
sea-of-azov,291,15.017892837524414,17.35190402000181
sea-of-azov,292,14.822209358215332,17.15329453560614
sea-of-azov,293,14.626035690307617,16.947466785677015
sea-of-azov,294,14.430201530456543,16.73547242072321
sea-of-azov,295,14.235057830810547,16.522546623599144
sea-of-azov,296,14.040301322937012,16.310586449407765
sea-of-azov,297,13.846404075622559,16.098263140647642
sea-of-azov,298,13.65345573425293,15.889285219869308
sea-of-azov,299,13.461395263671875,15.68137898291311
sea-of-azov,300,13.269927978515625,15.476557688559257
sea-of-azov,301,13.07894515991211,15.270793708678218
sea-of-azov,302,12.888309478759766,15.066540530420122
sea-of-azov,303,12.698298454284668,14.862902555158062
sea-of-azov,304,12.508889198303223,14.659593689826227
sea-of-azov,305,12.319482803344727,14.458786998256562
sea-of-azov,306,12.129932403564453,14.260340773674749
sea-of-azov,307,11.940585136413574,14.05990741483627
sea-of-azov,308,11.751570701599121,13.855592832257672
sea-of-azov,309,11.563375473022461,13.648498184450212
sea-of-azov,310,11.3763427734375,13.44452511572069
sea-of-azov,311,11.190690040588379,13.240420806023385
sea-of-azov,312,11.006684303283691,13.032085295646421
sea-of-azov,313,10.824565887451172,12.828470171651533
sea-of-azov,314,10.644537925720215,12.625907993316652
sea-of-azov,315,10.46661376953125,12.423260547268777
sea-of-azov,316,10.291505813598633,12.219959978903493
sea-of-azov,317,10.119680404663086,12.022498964494275
sea-of-azov,318,9.951408386230469,11.826414446676933
sea-of-azov,319,9.78646469116211,11.643181902362455
sea-of-azov,320,9.624504089355469,11.467741357126545
sea-of-azov,321,9.465267181396484,11.297274189610635
sea-of-azov,322,9.308382034301758,11.1288822297127
sea-of-azov,323,9.15410041809082,10.95878092858099
sea-of-azov,324,9.002503395080566,10.794423650926158
sea-of-azov,325,8.853515625,10.639654830194285
sea-of-azov,326,8.707159042358398,10.490186171377855
sea-of-azov,327,8.563493728637695,10.342099023634384
sea-of-azov,328,8.42223072052002,10.199654613002654
sea-of-azov,329,8.283369064331055,10.058556424417803
sea-of-azov,330,8.147096633911133,9.920753731266146
sea-of-azov,331,8.013172149658203,9.786520142709058
sea-of-azov,332,7.881741046905518,9.65808033789358
sea-of-azov,333,7.753396034240723,9.534204347672
sea-of-azov,334,7.628008842468262,9.416779576578447
sea-of-azov,335,7.5056986808776855,9.298641124848396
sea-of-azov,336,7.38670539855957,9.181453301829677
sea-of-azov,337,7.271322250366211,9.068149925047353
sea-of-azov,338,7.15922212600708,8.95911935067946
sea-of-azov,339,7.050553321838379,8.857306915713894
sea-of-azov,340,6.9452643394470215,8.761652612686156
sea-of-azov,341,6.843276500701904,8.66835282694909
sea-of-azov,342,6.7449798583984375,8.58431534459514
sea-of-azov,343,6.650677680969238,8.509352645566386
sea-of-azov,344,6.559545516967773,8.436615727024694
sea-of-azov,345,6.471185207366943,8.367195575468001
sea-of-azov,346,6.385100841522217,8.29868811022851
sea-of-azov,347,6.300851345062256,8.229800645766721
sea-of-azov,348,6.218210220336914,8.162796175864436
sea-of-azov,349,6.13723087310791,8.099216570392732
sea-of-azov,350,6.05783224105835,8.03622390685543
sea-of-azov,351,5.979887962341309,7.975255360141879
sea-of-azov,352,5.903444290161133,7.915134402244322
sea-of-azov,353,5.828634262084961,7.859083387928624
sea-of-azov,354,5.754916191101074,7.8091214456865865
sea-of-azov,355,5.682552814483643,7.762197842136507
sea-of-azov,356,5.6116943359375,7.716761392162692
sea-of-azov,357,5.542446136474609,7.673594760894775
sea-of-azov,358,5.474963665008545,7.63149636330143
sea-of-azov,359,5.409029483795166,7.5893157466765375
sea-of-azov,360,5.344655990600586,7.550727053611509
sea-of-azov,361,5.281991481781006,7.5143474917257995
sea-of-azov,362,5.221653461456299,7.480137194356613
sea-of-azov,363,5.16343355178833,7.448628745540498
sea-of-azov,364,5.106966018676758,7.417952102230443
sea-of-azov,365,5.052280902862549,7.388709705106676
sea-of-azov,366,4.999167442321777,7.3634533451449515
sea-of-marmara,1,10.577929496765137,11.921433356500442
sea-of-marmara,2,10.505383491516113,11.848614821895476
sea-of-marmara,3,10.434863090515137,11.78006062353811
sea-of-marmara,4,10.365889549255371,11.7150982610641
sea-of-marmara,5,10.298280715942383,11.648220059179492
sea-of-marmara,6,10.23209285736084,11.579893309070217
sea-of-marmara,7,10.167166709899902,11.50985109575333
sea-of-marmara,8,10.103452682495117,11.439067628306725
sea-of-marmara,9,10.041231155395508,11.370773066243817
sea-of-marmara,10,9.980206489562988,11.303338463075699
sea-of-marmara,11,9.920501708984375,11.235468907510079
sea-of-marmara,12,9.862401962280273,11.167942902349656
sea-of-marmara,13,9.805920600891113,11.103798924722978
sea-of-marmara,14,9.75079345703125,11.039841368890576
sea-of-marmara,15,9.697471618652344,10.979006108930033
sea-of-marmara,16,9.645820617675781,10.921258498776345
sea-of-marmara,17,9.596746444702148,10.867843467958512
sea-of-marmara,18,9.549525260925293,10.81737240206811
sea-of-marmara,19,9.504274368286133,10.774830498233921
sea-of-marmara,20,9.460949897766113,10.735605692094376
sea-of-marmara,21,9.419405937194824,10.699127594117199
sea-of-marmara,22,9.379626274108887,10.663209782877281
sea-of-marmara,23,9.341936111450195,10.629608791105213
sea-of-marmara,24,9.30656623840332,10.596221653107674
sea-of-marmara,25,9.273486137390137,10.565395066045946
sea-of-marmara,26,9.242109298706055,10.534635168506254
sea-of-marmara,27,9.212316513061523,10.504491070778139
sea-of-marmara,28,9.183695793151855,10.475169058768978
sea-of-marmara,29,9.156184196472168,10.447085915842361
sea-of-marmara,30,9.129638671875,10.419239764059743
sea-of-marmara,31,9.104046821594238,10.39175031108241
sea-of-marmara,32,9.07965087890625,10.364513775610154
sea-of-marmara,33,9.05643081665039,10.339163346444407
sea-of-marmara,34,9.034351348876953,10.313990211486816
sea-of-marmara,35,9.013312339782715,10.291423299235683
sea-of-marmara,36,8.993429183959961,10.271446591038858
sea-of-marmara,37,8.97482681274414,10.253435959354523
sea-of-marmara,38,8.958012580871582,10.236557905135616
sea-of-marmara,39,8.943253517150879,10.219985257425614
sea-of-marmara,40,8.930588722229004,10.20455913543701
sea-of-marmara,41,8.920401573181152,10.191289809442333
sea-of-marmara,42,8.912606239318848,10.181680885437995
sea-of-marmara,43,8.90693473815918,10.174912978756812
sea-of-marmara,44,8.903572082519531,10.169033991905952
sea-of-marmara,45,8.89893627166748,10.167612258336879
sea-of-marmara,46,8.89913558959961,10.163654543763851
sea-of-marmara,47,8.901089668273926,10.161966629438503
sea-of-marmara,48,8.9048490524292,10.16274657198178
sea-of-marmara,49,8.910346984863281,10.165394297979212
sea-of-marmara,50,8.91736888885498,10.169039816497476
sea-of-marmara,51,8.925776481628418,10.174072558905488
sea-of-marmara,52,8.93558406829834,10.182796722330071
sea-of-marmara,53,8.9464693069458,10.196423140905233
sea-of-marmara,54,8.958290100097656,10.214398861956852
sea-of-marmara,55,8.970767974853516,10.236700474318637
sea-of-marmara,56,8.983829498291016,10.261126596184186
sea-of-marmara,57,8.998082160949707,10.287822296798872
sea-of-marmara,58,9.013755798339844,10.316522731575914
sea-of-marmara,59,9.031158447265625,10.34784451864099
sea-of-marmara,60,9.050305366516113,10.379321071665775
sea-of-marmara,61,9.071452140808105,10.411874578332387
sea-of-marmara,62,9.094526290893555,10.445085563454576
sea-of-marmara,63,9.11936092376709,10.48020366955829
sea-of-marmara,64,9.146099090576172,10.51555739166916
sea-of-marmara,65,9.174802780151367,10.550917241906609
sea-of-marmara,66,9.20572566986084,10.586533264447283
sea-of-marmara,67,9.238849639892578,10.624563750400338
sea-of-marmara,68,9.27390193939209,10.66374863757882
sea-of-marmara,69,9.310441970825195,10.705352328926002
sea-of-marmara,70,9.348471641540527,10.74918932248187
sea-of-marmara,71,9.38789176940918,10.794855894068233
sea-of-marmara,72,9.428343772888184,10.842500389263192
sea-of-marmara,73,9.46997356414795,10.890301646981186
sea-of-marmara,74,9.512978553771973,10.938240522979406
sea-of-marmara,75,9.557364463806152,10.98748653575938
sea-of-marmara,76,9.606832504272461,11.03750588201707
sea-of-marmara,77,9.655116081237793,11.092938875382947
sea-of-marmara,78,9.705456733703613,11.150620608175954
sea-of-marmara,79,9.75755500793457,11.208519381861535
sea-of-marmara,80,9.81148910522461,11.269829316293041
sea-of-marmara,81,9.867349624633789,11.332776980246267
sea-of-marmara,82,9.925276756286621,11.396006338057981
sea-of-marmara,83,9.985430717468262,11.457385743048885
sea-of-marmara,84,10.048117637634277,11.51768871430428
sea-of-marmara,85,10.113523483276367,11.577301508380522
sea-of-marmara,86,10.181821823120117,11.637627789282032
sea-of-marmara,87,10.253161430358887,11.69949021493235
sea-of-marmara,88,10.32687759399414,11.763127102390415
sea-of-marmara,89,10.402846336364746,11.829970273663923
sea-of-marmara,90,10.481229782104492,11.897194785456506
sea-of-marmara,91,10.562173843383789,11.969185287721698
sea-of-marmara,92,10.64551067352295,12.04432954788208
sea-of-marmara,93,10.731196403503418,12.12345771789551
sea-of-marmara,94,10.819173812866211,12.20945397038614
sea-of-marmara,95,10.909250259399414,12.30304989968577
sea-of-marmara,96,11.001472473144531,12.407317613786269
sea-of-marmara,97,11.095708847045898,12.51840378238309
sea-of-marmara,98,11.192259788513184,12.63655389355075
sea-of-marmara,99,11.291789054870605,12.76163370378556
sea-of-marmara,100,11.394735336303711,12.891643102707402
sea-of-marmara,101,11.500740051269531,13.02348508527202
sea-of-marmara,102,11.609550476074219,13.158222173875378
sea-of-marmara,103,11.721007347106934,13.294595333837693
sea-of-marmara,104,11.834909439086914,13.434845109139717
sea-of-marmara,105,11.951306343078613,13.57644418285739
sea-of-marmara,106,12.070096015930176,13.719925043659824
sea-of-marmara,107,12.191166877746582,13.859913238402335
sea-of-marmara,108,12.314247131347656,14.001188853479203
sea-of-marmara,109,12.438745498657227,14.145983332972373
sea-of-marmara,110,12.56478500366211,14.288278241311351
sea-of-marmara,111,12.692052841186523,14.427560141778763
sea-of-marmara,112,12.821324348449707,14.567214898140202
sea-of-marmara,113,12.952695846557617,14.709233493189661
sea-of-marmara,114,13.086158752441406,14.852653863353115
sea-of-marmara,115,13.221658706665039,14.995137291569865
sea-of-marmara,116,13.359014511108398,15.13972670339769
sea-of-marmara,117,13.498072624206543,15.28754918190741
sea-of-marmara,118,13.6389741897583,15.433389959027693
sea-of-marmara,119,13.782013893127441,15.578233783475817
sea-of-marmara,120,13.927485466003418,15.729743852922995
sea-of-marmara,121,14.075218200683594,15.884614766028623
sea-of-marmara,122,14.224993705749512,16.044346501750333
sea-of-marmara,123,14.376626968383789,16.207860762073146
sea-of-marmara,124,14.530187606811523,16.37254412558771
sea-of-marmara,125,14.685380935668945,16.53523664474487
sea-of-marmara,126,14.842496871948242,16.697135131589825
sea-of-marmara,127,15.001485824584961,16.854712141713787
sea-of-marmara,128,15.162193298339844,17.010887936622865
sea-of-marmara,129,15.323827743530273,17.168609050012403
sea-of-marmara,130,15.4858980178833,17.324274355365382
sea-of-marmara,131,15.647932052612305,17.47669149521858
sea-of-marmara,132,15.810094833374023,17.629757727346114
sea-of-marmara,133,15.972620964050293,17.786292193012855
sea-of-marmara,134,16.135160446166992,17.940977797969694
sea-of-marmara,135,16.297752380371094,18.09577248788649
sea-of-marmara,136,16.46103286743164,18.252443221307573
sea-of-marmara,137,16.62479591369629,18.413211262610652
sea-of-marmara,138,16.78877830505371,18.576914233546105
sea-of-marmara,139,16.95337677001953,18.74002838750039
sea-of-marmara,140,17.119098663330078,18.902010856136194
sea-of-marmara,141,17.285503387451172,19.06656408617573
sea-of-marmara,142,17.452333450317383,19.230180438872303
sea-of-marmara,143,17.618844985961914,19.392486830680596
sea-of-marmara,144,17.78539276123047,19.553946033600834
sea-of-marmara,145,17.952341079711914,19.716700320090016
sea-of-marmara,146,18.119583129882812,19.881865249141565
sea-of-marmara,147,18.286645889282227,20.046925427836758
sea-of-marmara,148,18.45351219177246,20.209627815984913
sea-of-marmara,149,18.619983673095703,20.374553212811872
sea-of-marmara,150,18.78548240661621,20.547248261974705
sea-of-marmara,151,18.94945526123047,20.71386763664984
sea-of-marmara,152,19.11205291748047,20.8772340097735
sea-of-marmara,153,19.27376937866211,21.034962912528744
sea-of-marmara,154,19.43474769592285,21.187115632334063
sea-of-marmara,155,19.59457015991211,21.338085919041784
sea-of-marmara,156,19.75315284729004,21.485683761104458
sea-of-marmara,157,19.90999412536621,21.62937602996826
sea-of-marmara,158,20.064455032348633,21.769426192006758
sea-of-marmara,159,20.21590805053711,21.905202988655333
sea-of-marmara,160,20.364315032958984,22.030882337016443
sea-of-marmara,161,20.509872436523438,22.15357578031478
sea-of-marmara,162,20.65300941467285,22.27490020875008
sea-of-marmara,163,20.79374885559082,22.398159783886324
sea-of-marmara,164,20.93178367614746,22.51728817724413
sea-of-marmara,165,21.06730079650879,22.63807617310555
sea-of-marmara,166,21.199792861938477,22.755706313348586
sea-of-marmara,167,21.328441619873047,22.868919120296358
sea-of-marmara,168,21.453401565551758,22.974981917104415
sea-of-marmara,169,21.575237274169922,23.078209366336946
sea-of-marmara,170,21.694290161132812,23.181229382176554
sea-of-marmara,171,21.810688018798828,23.28020706176758
sea-of-marmara,172,21.92461395263672,23.378239582430936
sea-of-marmara,173,22.035873413085938,23.476864131804437
sea-of-marmara,174,22.144107818603516,23.57507511877245
sea-of-marmara,175,22.248729705810547,23.67014483790244
sea-of-marmara,176,22.349079132080078,23.760759292110325
sea-of-marmara,177,22.44529151916504,23.847097273795836
sea-of-marmara,178,22.537670135498047,23.93172593270579
sea-of-marmara,179,22.626026153564453,24.013138143477903
sea-of-marmara,180,22.710294723510742,24.092191806916265
sea-of-marmara,181,22.790796279907227,24.164071796786395
sea-of-marmara,182,22.867664337158203,24.231325112619704
sea-of-marmara,183,22.940698623657227,24.295685152853686
sea-of-marmara,184,23.009546279907227,24.35836486201132
sea-of-marmara,185,23.074508666992188,24.421317038997522
sea-of-marmara,186,23.13625144958496,24.487792113519482
sea-of-marmara,187,23.195451736450195,24.554049731839086
sea-of-marmara,188,23.252521514892578,24.619975643773238
sea-of-marmara,189,23.30789566040039,24.683919039080223
sea-of-marmara,190,23.362459182739258,24.7483670450026
sea-of-marmara,191,23.416624069213867,24.815079442916378
sea-of-marmara,192,23.47040367126465,24.881814852068498
sea-of-marmara,193,23.5234432220459,24.947762907705002
sea-of-marmara,194,23.57569694519043,25.00887132460071
sea-of-marmara,195,23.627450942993164,25.066095481380344
sea-of-marmara,196,23.678884506225586,25.11917001662716
sea-of-marmara,197,23.730178833007812,25.17141123740904
sea-of-marmara,198,23.781326293945312,25.224059781720563
sea-of-marmara,199,23.832002639770508,25.27760849614297
sea-of-marmara,200,23.881885528564453,25.330862519048875
sea-of-marmara,201,23.930124282836914,25.382133576177782
sea-of-marmara,202,23.976219177246094,25.431126471488707
sea-of-marmara,203,24.020153045654297,25.4780825338056
sea-of-marmara,204,24.062427520751953,25.521632311421055
sea-of-marmara,205,24.103286743164062,25.561642332999938
sea-of-marmara,206,24.142642974853516,25.60352588161346
sea-of-marmara,207,24.18075942993164,25.646841535260602
sea-of-marmara,208,24.217655181884766,25.689566378439626
sea-of-marmara,209,24.253023147583008,25.728960111064296
sea-of-marmara,210,24.286697387695312,25.766640478564845
sea-of-marmara,211,24.318477630615234,25.802143484546292
sea-of-marmara,212,24.348569869995117,25.833908923979727
sea-of-marmara,213,24.37718391418457,25.864499448960828
sea-of-marmara,214,24.404401779174805,25.894235580198227
sea-of-marmara,215,24.430217742919922,25.91982869794292
sea-of-marmara,216,24.45436668395996,25.9432822627406
sea-of-marmara,217,24.4764404296875,25.9571221013223
sea-of-marmara,218,24.4957332611084,25.96557012988675
sea-of-marmara,219,24.511825561523438,25.965599404611897
sea-of-marmara,220,24.524934768676758,25.964667744790358
sea-of-marmara,221,24.53478240966797,25.95977714292465
sea-of-marmara,222,24.541353225708008,25.950400906224406
sea-of-marmara,223,24.544496536254883,25.936841251004125
sea-of-marmara,224,24.544052124023438,25.920685165159163
sea-of-marmara,225,24.53974151611328,25.903876839914634
sea-of-marmara,226,24.53133201599121,25.88489343581661
sea-of-marmara,227,24.518814086914062,25.863558283159808
sea-of-marmara,228,24.5025577545166,25.838897409746725
sea-of-marmara,229,24.48272132873535,25.813248917364305
sea-of-marmara,230,24.459131240844727,25.785059670479068
sea-of-marmara,231,24.43161964416504,25.75369670006537
sea-of-marmara,232,24.400487899780273,25.716737574915737
sea-of-marmara,233,24.36591148376465,25.675869277215774
sea-of-marmara,234,24.328012466430664,25.632611957673113
sea-of-marmara,235,24.286598205566406,25.58895479017689
sea-of-marmara,236,24.242002487182617,25.54572177394744
sea-of-marmara,237,24.194541931152344,25.498720538231634
sea-of-marmara,238,24.14401626586914,25.44806003570557
sea-of-marmara,239,24.090286254882812,25.39489813158589
sea-of-marmara,240,24.03388023376465,25.338912256302372
sea-of-marmara,241,23.975730895996094,25.279126351879487
sea-of-marmara,242,23.915916442871094,25.218025121381203
sea-of-marmara,243,23.854528427124023,25.154917027873378
sea-of-marmara,244,23.79132652282715,25.089462440244613
sea-of-marmara,245,23.72601890563965,25.02237693417457
sea-of-marmara,246,23.65850067138672,24.95514481452204
sea-of-marmara,247,23.588558197021484,24.88312864611226
sea-of-marmara,248,23.516216278076172,24.812123347866923
sea-of-marmara,249,23.442012786865234,24.743443187590568
sea-of-marmara,250,23.366174697875977,24.677137061088317
sea-of-marmara,251,23.28842544555664,24.607040288371422
sea-of-marmara,252,23.20844078063965,24.533778572082518
sea-of-marmara,253,23.12633514404297,24.458186838703767
sea-of-marmara,254,23.042165756225586,24.38232770735217
sea-of-marmara,255,22.956344604492188,24.30559125715686
sea-of-marmara,256,22.869104385375977,24.229272916240078
sea-of-marmara,257,22.780845642089844,24.14959582667197
sea-of-marmara,258,22.691696166992188,24.07074046596404
sea-of-marmara,259,22.601472854614258,23.99303703923379
sea-of-marmara,260,22.510019302368164,23.912828845362508
sea-of-marmara,261,22.417695999145508,23.830207720110494
sea-of-marmara,262,22.32436752319336,23.74721229307113
sea-of-marmara,263,22.229875564575195,23.661745932794386
sea-of-marmara,264,22.134328842163086,23.57868600045481
sea-of-marmara,265,22.037700653076172,23.496464169409972
sea-of-marmara,266,21.94011878967285,23.415425589776806
sea-of-marmara,267,21.841726303100586,23.334218425135457
sea-of-marmara,268,21.74214744567871,23.24716245589718
sea-of-marmara,269,21.64101791381836,23.15584744484194
sea-of-marmara,270,21.53839683532715,23.062667619028396
sea-of-marmara,271,21.434396743774414,22.969413105134034
sea-of-marmara,272,21.3284969329834,22.872713439695293
sea-of-marmara,273,21.220991134643555,22.77343746308357
sea-of-marmara,274,21.112045288085938,22.665727676883822
sea-of-marmara,275,21.001745223999023,22.552802879579605
sea-of-marmara,276,20.890384674072266,22.43892996388097
sea-of-marmara,277,20.77803611755371,22.32256093179026
sea-of-marmara,278,20.664506912231445,22.20553294766334
sea-of-marmara,279,20.549930572509766,22.08415255392752
sea-of-marmara,280,20.434589385986328,21.958725886191097
sea-of-marmara,281,20.31839370727539,21.835686443698023
sea-of-marmara,282,20.201007843017578,21.714959827546156
sea-of-marmara,283,20.082721710205078,21.598155310846145
sea-of-marmara,284,19.96338653564453,21.483731718986267
sea-of-marmara,285,19.842775344848633,21.364909221280005
sea-of-marmara,286,19.72064781188965,21.24499381280714
sea-of-marmara,287,19.596975326538086,21.122223927897796
sea-of-marmara,288,19.471555709838867,20.998172224721607
sea-of-marmara,289,19.344608306884766,20.87060112491731
sea-of-marmara,290,19.216468811035156,20.74176356407904
sea-of-marmara,291,19.087160110473633,20.610206240992394
sea-of-marmara,292,18.95672607421875,20.479434419447376
sea-of-marmara,293,18.82598114013672,20.344033007467946
sea-of-marmara,294,18.69530487060547,20.212157803197062
sea-of-marmara,295,18.564882278442383,20.08014099982477
sea-of-marmara,296,18.434812545776367,19.946543465891192
sea-of-marmara,297,18.305347442626953,19.808811852239796
sea-of-marmara,298,18.176071166992188,19.662775064283807
sea-of-marmara,299,18.04704475402832,19.52089100499307
sea-of-marmara,300,17.918527603149414,19.37887789818549
sea-of-marmara,301,17.790538787841797,19.234954390987276
sea-of-marmara,302,17.663108825683594,19.09053692971507
sea-of-marmara,303,17.536373138427734,18.951958059495503
sea-of-marmara,304,17.41012954711914,18.81540203094483
sea-of-marmara,305,17.28402328491211,18.68688863938855
sea-of-marmara,306,17.158061981201172,18.562297568782686
sea-of-marmara,307,17.032367706298828,18.437880805230908
sea-of-marmara,308,16.906661987304688,18.309122448582805
sea-of-marmara,309,16.78124237060547,18.18189110294465
sea-of-marmara,310,16.656131744384766,18.055046838329684
sea-of-marmara,311,16.53104019165039,17.931484846914966
sea-of-marmara,312,16.40606117248535,17.806651733767602
sea-of-marmara,313,16.281583786010742,17.682392400310885
sea-of-marmara,314,16.15777015686035,17.558076993880732
sea-of-marmara,315,16.034711837768555,17.43121441871889
sea-of-marmara,316,15.912742614746094,17.308278139175904
sea-of-marmara,317,15.791850090026855,17.187973914607873
sea-of-marmara,318,15.672163009643555,17.06677799840127
sea-of-marmara,319,15.553861618041992,16.94688685940158
sea-of-marmara,320,15.436702728271484,16.829252658351773
sea-of-marmara,321,15.320613861083984,16.7116574933452
sea-of-marmara,322,15.205657005310059,16.596283158948346
sea-of-marmara,323,15.091816902160645,16.480256465173536
sea-of-marmara,324,14.978588104248047,16.366279835854805
sea-of-marmara,325,14.865656852722168,16.251538522781864
sea-of-marmara,326,14.752561569213867,16.134538022933466
sea-of-marmara,327,14.63924503326416,16.017545961564586
sea-of-marmara,328,14.525266647338867,15.901064435897336
sea-of-marmara,329,14.410575866699219,15.789698874565863
sea-of-marmara,330,14.295489311218262,15.679252070765342
sea-of-marmara,331,14.1804780960083,15.568279140226302
sea-of-marmara,332,14.065603256225586,15.457278368549963
sea-of-marmara,333,13.950894355773926,15.348095740041423
sea-of-marmara,334,13.835954666137695,15.236747255632954
sea-of-marmara,335,13.721019744873047,15.12420984083606
sea-of-marmara,336,13.606536865234375,15.0094611629363
sea-of-marmara,337,13.492865562438965,14.895434358043053
sea-of-marmara,338,13.379703521728516,14.779726705243505
sea-of-marmara,339,13.267730712890625,14.666521447704678
sea-of-marmara,340,13.157086372375488,14.556557815305645
sea-of-marmara,341,13.047475814819336,14.451451273887383
sea-of-marmara,342,12.93880558013916,14.34851249879406
sea-of-marmara,343,12.831158638000488,14.246520460805582
sea-of-marmara,344,12.724452018737793,14.142307235348605
sea-of-marmara,345,12.618937492370605,14.037317808212771
sea-of-marmara,346,12.514522552490234,13.933742532422462
sea-of-marmara,347,12.410905838012695,13.83010922401182
sea-of-marmara,348,12.308135032653809,13.723920099196894
sea-of-marmara,349,12.206280708312988,13.62073760801746
sea-of-marmara,350,12.10493278503418,13.519711026837749
sea-of-marmara,351,12.004329681396484,13.417833949673561
sea-of-marmara,352,11.903712272644043,13.314025838913457
sea-of-marmara,353,11.804080963134766,13.210692390318842
sea-of-marmara,354,11.705361366271973,13.102706340051467
sea-of-marmara,355,11.607686042785645,12.996775174910022
sea-of-marmara,356,11.511333465576172,12.892072182316936
sea-of-marmara,357,11.41670036315918,12.790194185318487
sea-of-marmara,358,11.323601722717285,12.688728560170821
sea-of-marmara,359,11.232307434082031,12.590333224881082
sea-of-marmara,360,11.143083572387695,12.49425703171761
sea-of-marmara,361,11.056187629699707,12.400633879630798
sea-of-marmara,362,10.971236228942871,12.313453243624778
sea-of-marmara,363,10.888270378112793,12.231629845403855
sea-of-marmara,364,10.807243347167969,12.150123934591969
sea-of-marmara,365,10.728595733642578,12.071391096422749
sea-of-marmara,366,10.652261734008789,11.995086356132262
skagerrak,1,5.811258792877197,7.315881238445161
skagerrak,2,5.75958776473999,7.266407785108013
skagerrak,3,5.708476543426514,7.214136183646419
skagerrak,4,5.658050060272217,7.162208763245615
skagerrak,5,5.6081719398498535,7.111344795842325
skagerrak,6,5.558437824249268,7.060174645147017
skagerrak,7,5.508656978607178,7.007350810881584
skagerrak,8,5.4589948654174805,6.95551219601785
skagerrak,9,5.409396648406982,6.904828385383853
skagerrak,10,5.3601460456848145,6.849289303441202
skagerrak,11,5.311178684234619,6.789842179513749
skagerrak,12,5.2628583908081055,6.730625561744938
skagerrak,13,5.214943885803223,6.672215858582529
skagerrak,14,5.166990280151367,6.611539813010925
skagerrak,15,5.119409084320068,6.5519331809013135
skagerrak,16,5.072564125061035,6.494608522230581
skagerrak,17,5.027823448181152,6.440352682913505
skagerrak,18,4.984117031097412,6.385968720528388
skagerrak,19,4.941324234008789,6.33217797279358
skagerrak,20,4.899357318878174,6.279215002059937
skagerrak,21,4.858152866363525,6.227372087970856
skagerrak,22,4.817183494567871,6.177272215197163
skagerrak,23,4.776646614074707,6.128673978005685
skagerrak,24,4.736540794372559,6.082217222644435
skagerrak,25,4.697118759155273,6.0359092973893675
skagerrak,26,4.657933235168457,5.9927605090602745
skagerrak,27,4.618810176849365,5.9500699843129805
skagerrak,28,4.579835891723633,5.907129276952436
skagerrak,29,4.540909290313721,5.864866855067591
skagerrak,30,4.5020270347595215,5.8223603387032785
skagerrak,31,4.463365077972412,5.779123493932909
skagerrak,32,4.425124645233154,5.73432429682824
skagerrak,33,4.387972354888916,5.690516001178373
skagerrak,34,4.35184907913208,5.649998221858855
skagerrak,35,4.317009449005127,5.612116693681285
skagerrak,36,4.283272743225098,5.575261009893109
skagerrak,37,4.2506632804870605,5.540067515834686
skagerrak,38,4.219189167022705,5.50777320707998
skagerrak,39,4.189141273498535,5.477257948537026
skagerrak,40,4.160582065582275,5.449279759007115
skagerrak,41,4.133542060852051,5.4259604377131305
skagerrak,42,4.107896327972412,5.406877816107966
skagerrak,43,4.0834879875183105,5.389405418211415
skagerrak,44,4.060336112976074,5.3737706676606205
skagerrak,45,4.045300006866455,5.364845403035481
skagerrak,46,4.0244855880737305,5.353390371671288
skagerrak,47,4.004848957061768,5.3417460005770465
skagerrak,48,3.986598014831543,5.330667192192489
skagerrak,49,3.969619035720825,5.321091185333909
skagerrak,50,3.953608274459839,5.311764827338599
skagerrak,51,3.938547372817993,5.302034954358173
skagerrak,52,3.9245307445526123,5.292593340207171
skagerrak,53,3.9122111797332764,5.283055371110157
skagerrak,54,3.9017958641052246,5.274084932060651
skagerrak,55,3.893458843231201,5.265114493011146
skagerrak,56,3.8875856399536133,5.2562314166817625
skagerrak,57,3.8841872215270996,5.247357332578271
skagerrak,58,3.8833794593811035,5.239635977693784
skagerrak,59,3.8850245475769043,5.233789354242306
skagerrak,60,3.889162302017212,5.229152079038724
skagerrak,61,3.896235466003418,5.226639720957768
skagerrak,62,3.9061808586120605,5.228712585920929
skagerrak,63,3.919132947921753,5.235418028472573
skagerrak,64,3.934460401535034,5.243457919807844
skagerrak,65,3.951979398727417,5.253209178165723
skagerrak,66,3.971295118331909,5.267158773893951
skagerrak,67,3.992314577102661,5.283531840642293
skagerrak,68,4.015086650848389,5.302950504774688
skagerrak,69,4.039783954620361,5.325227907652495
skagerrak,70,4.066251277923584,5.350843138335852
skagerrak,71,4.094499111175537,5.37683995718597
skagerrak,72,4.124237537384033,5.404575731933757
skagerrak,73,4.155665397644043,5.43291449495541
skagerrak,74,4.188587188720703,5.462902997642434
skagerrak,75,4.223254680633545,5.494557687800417
skagerrak,76,4.252804279327393,5.524350620085192
skagerrak,77,4.2909955978393555,5.560840828188004
skagerrak,78,4.330770492553711,5.598078484689037
skagerrak,79,4.371907711029053,5.635789202105617
skagerrak,80,4.414391040802002,5.675211189639185
skagerrak,81,4.458666801452637,5.7198391714403725
skagerrak,82,4.50504207611084,5.766948912220618
skagerrak,83,4.553858757019043,5.815941509123773
skagerrak,84,4.604779243469238,5.866239284699964
skagerrak,85,4.657679080963135,5.916525616184358
skagerrak,86,4.712226390838623,5.967995522099158
skagerrak,87,4.768265247344971,6.020052825250934
skagerrak,88,4.825969219207764,6.073456299689509
skagerrak,89,4.885419845581055,6.128473329544068
skagerrak,90,4.947142124176025,6.184780869945403
skagerrak,91,5.011467456817627,6.248219330080095
skagerrak,92,5.078067302703857,6.314240220285232
skagerrak,93,5.146895885467529,6.389217812015165
skagerrak,94,5.217845439910889,6.465539373890047
skagerrak,95,5.291468620300293,6.545639424170218
skagerrak,96,5.367821216583252,6.630931614291284
skagerrak,97,5.446864128112793,6.719247411912487
skagerrak,98,5.528696060180664,6.815196792541012
skagerrak,99,5.6135406494140625,6.9167176646571
skagerrak,100,5.701071739196777,7.018147174773677
skagerrak,101,5.790931224822998,7.119362432725969
skagerrak,102,5.882948398590088,7.221288801008655
skagerrak,103,5.977185249328613,7.323010269288095
skagerrak,104,6.073287487030029,7.4264079355424455
skagerrak,105,6.171054840087891,7.529097701657204
skagerrak,106,6.2703986167907715,7.631588708200764
skagerrak,107,6.371747970581055,7.736325420871859
skagerrak,108,6.475595951080322,7.842309110395371
skagerrak,109,6.58226203918457,7.952480054670766
skagerrak,110,6.691756725311279,8.066912171148486
skagerrak,111,6.804335117340088,8.184631946009976
skagerrak,112,6.919482707977295,8.305977844422864
skagerrak,113,7.03651762008667,8.430186199372816
skagerrak,114,7.154974937438965,8.55758686065674
skagerrak,115,7.274982929229736,8.687665041031376
skagerrak,116,7.396846294403076,8.82409107300543
skagerrak,117,7.520787715911865,8.961702675973216
skagerrak,118,7.646245956420898,9.102714947731263
skagerrak,119,7.772735118865967,9.248747251879783
skagerrak,120,7.900123119354248,9.39837008291675
skagerrak,121,8.028318405151367,9.549312820742207
skagerrak,122,8.157170295715332,9.696514061958558
skagerrak,123,8.286757469177246,9.847338905642108
skagerrak,124,8.417341232299805,9.993205981100758
skagerrak,125,8.549057960510254,10.146865184845463
skagerrak,126,8.68156909942627,10.302423923246321
skagerrak,127,8.814750671386719,10.45259440637404
skagerrak,128,8.948290824890137,10.60079095286708
skagerrak,129,9.082149505615234,10.74288446980138
skagerrak,130,9.216047286987305,10.884940655000749
skagerrak,131,9.35038948059082,11.026907419389296
skagerrak,132,9.4853515625,11.169669877329179
skagerrak,133,9.621088027954102,11.31611322895173
skagerrak,134,9.757868766784668,11.468992867008334
skagerrak,135,9.896162986755371,11.62840230695663
skagerrak,136,10.036022186279297,11.791249592073502
skagerrak,137,10.177433013916016,11.960873462307838
skagerrak,138,10.31994342803955,12.12998895029868
skagerrak,139,10.463220596313477,12.310914224193942
skagerrak,140,10.607133865356445,12.49529340190272
skagerrak,141,10.751812934875488,12.681928659254504
skagerrak,142,10.896592140197754,12.868390806259645
skagerrak,143,11.04112434387207,13.05061136676419
skagerrak,144,11.18493938446045,13.231829286390735
skagerrak,145,11.327780723571777,13.408863861330094
skagerrak,146,11.468789100646973,13.581915738505703
skagerrak,147,11.607654571533203,13.748063678126185
skagerrak,148,11.744373321533203,13.910978215740576
skagerrak,149,11.879199981689453,14.069537621159709
skagerrak,150,12.012201309204102,14.218063982071419
skagerrak,151,12.14305305480957,14.358958767306424
skagerrak,152,12.270901679992676,14.492537978387649
skagerrak,153,12.395414352416992,14.619004471071307
skagerrak,154,12.516363143920898,14.737474324626307
skagerrak,155,12.633736610412598,14.85067295566682
skagerrak,156,12.748030662536621,14.952329466419837
skagerrak,157,12.859959602355957,15.050545763200331
skagerrak,158,12.969793319702148,15.150763099424301
skagerrak,159,13.077641487121582,15.248505835379325
skagerrak,160,13.18364429473877,15.344784302865309
skagerrak,161,13.288125991821289,15.436021300285095
skagerrak,162,13.391016960144043,15.528053551335491
skagerrak,163,13.492595672607422,15.620243552423295
skagerrak,164,13.592961311340332,15.707233490482457
skagerrak,165,13.692572593688965,15.79149053635136
skagerrak,166,13.7915678024292,15.869553442924255
skagerrak,167,13.8898344039917,15.951546570562549
skagerrak,168,13.986932754516602,16.03124157690233
skagerrak,169,14.082603454589844,16.11290743427892
skagerrak,170,14.176835060119629,16.181824493408204
skagerrak,171,14.269018173217773,16.245876521448935
skagerrak,172,14.358654022216797,16.30573270243983
skagerrak,173,14.446307182312012,16.362727995841734
skagerrak,174,14.532845497131348,16.418934532903858
skagerrak,175,14.618810653686523,16.473463033860728
skagerrak,176,14.703943252563477,16.527590573218557
skagerrak,177,14.788458824157715,16.581718112576393
skagerrak,178,14.872169494628906,16.6363643277076
skagerrak,179,14.955046653747559,16.695126730395906
skagerrak,180,15.037282943725586,16.755971600932458
skagerrak,181,15.119206428527832,16.822532530753843
skagerrak,182,15.201574325561523,16.89340401311075
skagerrak,183,15.285135269165039,16.972154611156835
skagerrak,184,15.369935035705566,17.054167402944255
skagerrak,185,15.455951690673828,17.13898719664543
skagerrak,186,15.543242454528809,17.229137162239322
skagerrak,187,15.631596565246582,17.32623522666193
skagerrak,188,15.720550537109375,17.423218302572923
skagerrak,189,15.809720993041992,17.522049171693865
skagerrak,190,15.89919662475586,17.621159005934192
skagerrak,191,15.989002227783203,17.721527493384574
skagerrak,192,16.078689575195312,17.822905977310675
skagerrak,193,16.167625427246094,17.928131608040097
skagerrak,194,16.25535011291504,18.03290664918961
skagerrak,195,16.34145164489746,18.13916008241715
skagerrak,196,16.424802780151367,18.240170041976434
skagerrak,197,16.5048770904541,18.338376408238563
skagerrak,198,16.58160400390625,18.42689733197612
skagerrak,199,16.655244827270508,18.5087855369814
skagerrak,200,16.726314544677734,18.583744141363333
skagerrak,201,16.79470443725586,18.656523390739196
skagerrak,202,16.860576629638672,18.72596840397004
skagerrak,203,16.923603057861328,18.79205338878016
skagerrak,204,16.983375549316406,18.85454166166244
skagerrak,205,17.03958511352539,18.9132065311555
skagerrak,206,17.092172622680664,18.967085339946134
skagerrak,207,17.141773223876953,19.019787283866638
skagerrak,208,17.188732147216797,19.069208083614225
skagerrak,209,17.233131408691406,19.117975407262005
skagerrak,210,17.274822235107422,19.163531100365425
skagerrak,211,17.31361961364746,19.20782859556137
skagerrak,212,17.34949493408203,19.250076872302643
skagerrak,213,17.381969451904297,19.290465877902122
skagerrak,214,17.41126251220703,19.326059993620838
skagerrak,215,17.437585830688477,19.361033962618915
skagerrak,216,17.46094512939453,19.391989277255146
skagerrak,217,17.4812068939209,19.418289775233117
skagerrak,218,17.49788475036621,19.438219581111785
skagerrak,219,17.510303497314453,19.454339273514286
skagerrak,220,17.518335342407227,19.465373605297458
skagerrak,221,17.521747589111328,19.460243581956433
skagerrak,222,17.519973754882812,19.445788568066014
skagerrak,223,17.51268768310547,19.42685403516216
skagerrak,224,17.50012969970703,19.399986445519236
skagerrak,225,17.482450485229492,19.36301057877079
skagerrak,226,17.460004806518555,19.318343839337746
skagerrak,227,17.43324089050293,19.267573701181718
skagerrak,228,17.40218734741211,19.207187258812688
skagerrak,229,17.36728858947754,19.141839679594963
skagerrak,230,17.328941345214844,19.07543653057468
skagerrak,231,17.286977767944336,19.00869670990975
skagerrak,232,17.241687774658203,18.93854717746858
skagerrak,233,17.193384170532227,18.863492245827953
skagerrak,234,17.142864227294922,18.78390424174647
skagerrak,235,17.090314865112305,18.702459033843006
skagerrak,236,17.035633087158203,18.619711223725353
skagerrak,237,16.978830337524414,18.538249680303757
skagerrak,238,16.91990089416504,18.456521028087987
skagerrak,239,16.85893440246582,18.376765294228832
skagerrak,240,16.7957706451416,18.295166630898752
skagerrak,241,16.73030662536621,18.21224919596026
skagerrak,242,16.662708282470703,18.126422402166554
skagerrak,243,16.592782974243164,18.038138746446187
skagerrak,244,16.52059555053711,17.946368580479778
skagerrak,245,16.44580841064453,17.852356590763215
skagerrak,246,16.368330001831055,17.75639447242983
skagerrak,247,16.288410186767578,17.65951181842435
skagerrak,248,16.205951690673828,17.559255501531787
skagerrak,249,16.12099266052246,17.457329516257012
skagerrak,250,16.033851623535156,17.350512067733273
skagerrak,251,15.945106506347656,17.239365374657417
skagerrak,252,15.855198860168457,17.139025294396188
skagerrak,253,15.764490127563477,17.040167571652326
skagerrak,254,15.673433303833008,16.94093467958512
skagerrak,255,15.582113265991211,16.839418660440753
skagerrak,256,15.490616798400879,16.74140206613848
skagerrak,257,15.398643493652344,16.645651964987476
skagerrak,258,15.30610179901123,16.55043271587741
skagerrak,259,15.213232040405273,16.46178443970219
skagerrak,260,15.119621276855469,16.375396903868644
skagerrak,261,15.025053024291992,16.28825431946785
skagerrak,262,14.92955493927002,16.20023921535861
skagerrak,263,14.832987785339355,16.110471104037376
skagerrak,264,14.735346794128418,16.022750362273182
skagerrak,265,14.636361122131348,15.935479284101916
skagerrak,266,14.536203384399414,15.84475706469628
skagerrak,267,14.434889793395996,15.75069687135758
skagerrak,268,14.332564353942871,15.65266162810787
skagerrak,269,14.229315757751465,15.552558698961812
skagerrak,270,14.125203132629395,15.45212317743609
skagerrak,271,14.020824432373047,15.350070393470027
skagerrak,272,13.916470527648926,15.247014396421372
skagerrak,273,13.812040328979492,15.144646804563463
skagerrak,274,13.707599639892578,15.04113041047127
skagerrak,275,13.603208541870117,14.937684446765529
skagerrak,276,13.499078750610352,14.832993633516374
skagerrak,277,13.395052909851074,14.727805414507467
skagerrak,278,13.2910737991333,14.619328046614122
skagerrak,279,13.18737506866455,14.51386703675793
skagerrak,280,13.08388900756836,14.405921637627387
skagerrak,281,12.98076343536377,14.302384884126726
skagerrak,282,12.87784481048584,14.201428351863738
skagerrak,283,12.775052070617676,14.099109665040046
skagerrak,284,12.672323226928711,13.999844729515814
skagerrak,285,12.569644927978516,13.900516260823897
skagerrak,286,12.467184066772461,13.803665610282653
skagerrak,287,12.365164756774902,13.707460741842947
skagerrak,288,12.264029502868652,13.612319804776101
skagerrak,289,12.163599967956543,13.520192020170148
skagerrak,290,12.063786506652832,13.427476719887025
skagerrak,291,11.964837074279785,13.335602800307736
skagerrak,292,11.866647720336914,13.24381008763467
skagerrak,293,11.769082069396973,13.150868228174025
skagerrak,294,11.672140121459961,13.06006322060862
skagerrak,295,11.57592487335205,12.968930195223901
skagerrak,296,11.480449676513672,12.880916500091551
skagerrak,297,11.385440826416016,12.797853112989856
skagerrak,298,11.290594100952148,12.717082423548543
skagerrak,299,11.196128845214844,12.638581900442798
skagerrak,300,11.102466583251953,12.559743908912903
skagerrak,301,11.0097017288208,12.4812136496267
skagerrak,302,10.9176025390625,12.405607623438682
skagerrak,303,10.825860023498535,12.327939664163898
skagerrak,304,10.734601974487305,12.248003510505926
skagerrak,305,10.643824577331543,12.170084925620788
skagerrak,306,10.553374290466309,12.089875824220721
skagerrak,307,10.462859153747559,12.008110255579796
skagerrak,308,10.372491836547852,11.922182627647155
skagerrak,309,10.282510757446289,11.841254898809618
skagerrak,310,10.192569732666016,11.758429348853326
skagerrak,311,10.102484703063965,11.676489214743336
skagerrak,312,10.012248992919922,11.590713344081754
skagerrak,313,9.921916007995605,11.50256903863722
skagerrak,314,9.831586837768555,11.416880626063191
skagerrak,315,9.741116523742676,11.331605772818286
skagerrak,316,9.650577545166016,11.245786048519994
skagerrak,317,9.559741020202637,11.15859871833555
skagerrak,318,9.468668937683105,11.072949034167875
skagerrak,319,9.377169609069824,10.988329527454992
skagerrak,320,9.285499572753906,10.903180740725608
skagerrak,321,9.193652153015137,10.81856654690158
skagerrak,322,9.101856231689453,10.733100768058533
skagerrak,323,9.0101318359375,10.64663867027529
skagerrak,324,8.918450355529785,10.561903279827488
skagerrak,325,8.826881408691406,10.47538423845845
skagerrak,326,8.735501289367676,10.38516478077058
skagerrak,327,8.644330978393555,10.293983010322817
skagerrak,328,8.553670883178711,10.201383861418696
skagerrak,329,8.46387767791748,10.108226803810366
skagerrak,330,8.374916076660156,10.014381931674096
skagerrak,331,8.286351203918457,9.920820082387616
skagerrak,332,8.198177337646484,9.826237906179122
skagerrak,333,8.11026668548584,9.730089867499567
skagerrak,334,8.023097038269043,9.637556900516635
skagerrak,335,7.936872482299805,9.545690594950031
skagerrak,336,7.851696968078613,9.45233674203196
skagerrak,337,7.767392158508301,9.362196482381513
skagerrak,338,7.684098243713379,9.276824655840475
skagerrak,339,7.6020073890686035,9.195322292081771
skagerrak,340,7.521237850189209,9.111561582934472
skagerrak,341,7.442005634307861,9.027904547414474
skagerrak,342,7.3646650314331055,8.945712184906007
skagerrak,343,7.2889299392700195,8.866075101975472
skagerrak,344,7.214609146118164,8.788007760817003
skagerrak,345,7.1413655281066895,8.71135447717482
skagerrak,346,7.069399356842041,8.636728040633663
skagerrak,347,6.998787879943848,8.563401714448005
skagerrak,348,6.929802417755127,8.489763639819236
skagerrak,349,6.862466335296631,8.416729679415303
skagerrak,350,6.796276569366455,8.342299299855386
skagerrak,351,6.73097562789917,8.268675621094241
skagerrak,352,6.665471076965332,8.194941463778097
skagerrak,353,6.600869655609131,8.123173627545757
skagerrak,354,6.537533760070801,8.053779180588261
skagerrak,355,6.475859642028809,7.985427022749378
skagerrak,356,6.415586471557617,7.919888287205851
skagerrak,357,6.356622695922852,7.859589329073507
skagerrak,358,6.298605918884277,7.799715126714399
skagerrak,359,6.241372585296631,7.74049190552004
skagerrak,360,6.184597015380859,7.6841674804687505
skagerrak,361,6.128711223602295,7.627903879842451
skagerrak,362,6.073967456817627,7.573329991679038
skagerrak,363,6.0201568603515625,7.520609514174923
skagerrak,364,5.9672980308532715,7.469078971493629
skagerrak,365,5.915030002593994,7.417377310414469
skagerrak,366,5.863088130950928,7.365712258123582
strait-of-gibraltar,1,16.847793579101562,17.709284683965862
strait-of-gibraltar,2,16.819215774536133,17.680003252337055
strait-of-gibraltar,3,16.789684295654297,17.648164373828518
strait-of-gibraltar,4,16.75960922241211,17.61539840698242
strait-of-gibraltar,5,16.729042053222656,17.58242663106611
strait-of-gibraltar,6,16.697851181030273,17.550042521569036
strait-of-gibraltar,7,16.665626525878906,17.517320891349545
strait-of-gibraltar,8,16.632556915283203,17.483695620875206
strait-of-gibraltar,9,16.599239349365234,17.449873259759716
strait-of-gibraltar,10,16.56602668762207,17.414520694363503
strait-of-gibraltar,11,16.532699584960938,17.378709786938085
strait-of-gibraltar,12,16.499025344848633,17.341999133940668
strait-of-gibraltar,13,16.46527862548828,17.30416124405399
strait-of-gibraltar,14,16.431921005249023,17.26803502728862
strait-of-gibraltar,15,16.398643493652344,17.23348370213662
strait-of-gibraltar,16,16.365886688232422,17.19923573770831
strait-of-gibraltar,17,16.33416175842285,17.165051730986562
strait-of-gibraltar,18,16.30316734313965,17.131032537644913
strait-of-gibraltar,19,16.27301788330078,17.09693718571817
strait-of-gibraltar,20,16.24336814880371,17.064987317977415
strait-of-gibraltar,21,16.214109420776367,17.03398626389042
strait-of-gibraltar,22,16.185781478881836,17.00481582149383
strait-of-gibraltar,23,16.158552169799805,16.97675886461812
strait-of-gibraltar,24,16.132266998291016,16.949046541029407
strait-of-gibraltar,25,16.106891632080078,16.922591184800673
strait-of-gibraltar,26,16.08243751525879,16.896053867955363
strait-of-gibraltar,27,16.058439254760742,16.869118382853845
strait-of-gibraltar,28,16.03468132019043,16.84064083714639
strait-of-gibraltar,29,16.01136589050293,16.812602461538013
strait-of-gibraltar,30,15.988825798034668,16.785432870926392
strait-of-gibraltar,31,15.967133522033691,16.760192557304137
strait-of-gibraltar,32,15.946298599243164,16.736861136651807
strait-of-gibraltar,33,15.92622184753418,16.715514379932035
strait-of-gibraltar,34,15.907337188720703,16.69673247798797
strait-of-gibraltar,35,15.88945484161377,16.679702241959113
strait-of-gibraltar,36,15.872293472290039,16.66351766278667
strait-of-gibraltar,37,15.855807304382324,16.648956224995274
strait-of-gibraltar,38,15.84031867980957,16.63558078888924
strait-of-gibraltar,39,15.825885772705078,16.62324388565556
strait-of-gibraltar,40,15.812252044677734,16.612172292893934
strait-of-gibraltar,41,15.799042701721191,16.60405270976405
strait-of-gibraltar,42,15.786500930786133,16.59645029498685
strait-of-gibraltar,43,15.774726867675781,16.59022501053349
strait-of-gibraltar,44,15.763267517089844,16.584775137132215
strait-of-gibraltar,45,15.75450325012207,16.581853099535873
strait-of-gibraltar,46,15.7427978515625,16.574837569780247
strait-of-gibraltar,47,15.731005668640137,16.567387767504623
strait-of-gibraltar,48,15.719473838806152,16.55885167480797
strait-of-gibraltar,49,15.708269119262695,16.548603004537604
strait-of-gibraltar,50,15.697408676147461,16.539196797852878
strait-of-gibraltar,51,15.687444686889648,16.530483986229026
strait-of-gibraltar,52,15.678450584411621,16.522099441610358
strait-of-gibraltar,53,15.669983863830566,16.513577247947776
strait-of-gibraltar,54,15.661887168884277,16.503864425741217
strait-of-gibraltar,55,15.654603958129883,16.494713606885686
strait-of-gibraltar,56,15.648398399353027,16.48749222499068
strait-of-gibraltar,57,15.643401145935059,16.48130606579524
strait-of-gibraltar,58,15.639815330505371,16.476864367659378
strait-of-gibraltar,59,15.637706756591797,16.474421693945445
strait-of-gibraltar,60,15.636838912963867,16.472576887889577
strait-of-gibraltar,61,15.63723087310791,16.471518653951666
strait-of-gibraltar,62,15.638879776000977,16.47052218734577
strait-of-gibraltar,63,15.641456604003906,16.469515341071673
strait-of-gibraltar,64,15.644742012023926,16.4689787608321
strait-of-gibraltar,65,15.64854907989502,16.468442180592525
strait-of-gibraltar,66,15.653019905090332,16.4688142735471
strait-of-gibraltar,67,15.658390998840332,16.4691743686635
strait-of-gibraltar,68,15.66491985321045,16.4697231190179
strait-of-gibraltar,69,15.672222137451172,16.470473106958533
strait-of-gibraltar,70,15.679941177368164,16.471223094899166
strait-of-gibraltar,71,15.688000679016113,16.471679080429897
strait-of-gibraltar,72,15.696541786193848,16.471903409240067
strait-of-gibraltar,73,15.705582618713379,16.473603496756606
strait-of-gibraltar,74,15.715513229370117,16.477261588394004
strait-of-gibraltar,75,15.726757049560547,16.48251352822909
strait-of-gibraltar,76,15.73660945892334,16.4863582611084
strait-of-gibraltar,77,15.75069522857666,16.493714387955205
strait-of-gibraltar,78,15.76591682434082,16.501744356463032
strait-of-gibraltar,79,15.781842231750488,16.510581551828693
strait-of-gibraltar,80,15.798791885375977,16.52169028251402
strait-of-gibraltar,81,15.816981315612793,16.533594371426492
strait-of-gibraltar,82,15.836029052734375,16.545056189260176
strait-of-gibraltar,83,15.855565071105957,16.556674323543426
strait-of-gibraltar,84,15.875814437866211,16.571021781429167
strait-of-gibraltar,85,15.896803855895996,16.587379910868982
strait-of-gibraltar,86,15.918351173400879,16.606193425578454
strait-of-gibraltar,87,15.940237998962402,16.62509340470837
strait-of-gibraltar,88,15.962124824523926,16.643938593710622
strait-of-gibraltar,89,15.984098434448242,16.662684815929783
strait-of-gibraltar,90,16.00608253479004,16.682099902245305
strait-of-gibraltar,91,16.027759552001953,16.702632737928823
strait-of-gibraltar,92,16.048873901367188,16.72274369270571
strait-of-gibraltar,93,16.069814682006836,16.74320935895366
strait-of-gibraltar,94,16.091045379638672,16.764522447893693
strait-of-gibraltar,95,16.113052368164062,16.78643773601901
strait-of-gibraltar,96,16.13593101501465,16.809794905877883
strait-of-gibraltar,97,16.159610748291016,16.833745857977096
strait-of-gibraltar,98,16.184049606323242,16.85846035865045
strait-of-gibraltar,99,16.209150314331055,16.88555206791047
strait-of-gibraltar,100,16.234994888305664,16.91303584191107
strait-of-gibraltar,101,16.26201820373535,16.942229350920645
strait-of-gibraltar,102,16.2901668548584,16.9736768537952
strait-of-gibraltar,103,16.319454193115234,17.00816288609658
strait-of-gibraltar,104,16.349580764770508,17.04223610047371
strait-of-gibraltar,105,16.380050659179688,17.077210204832014
strait-of-gibraltar,106,16.410213470458984,17.113171946617864
strait-of-gibraltar,107,16.440210342407227,17.1486508646319
strait-of-gibraltar,108,16.470443725585938,17.184820187476372
strait-of-gibraltar,109,16.501380920410156,17.222451825295725
strait-of-gibraltar,110,16.533227920532227,17.263603838028445
strait-of-gibraltar,111,16.5659236907959,17.305665336116668
strait-of-gibraltar,112,16.59919548034668,17.34967111156833
strait-of-gibraltar,113,16.633262634277344,17.39498019064626
strait-of-gibraltar,114,16.66822052001953,17.44113563414543
strait-of-gibraltar,115,16.70392417907715,17.484989578493177
strait-of-gibraltar,116,16.740556716918945,17.529181388116655
strait-of-gibraltar,117,16.777904510498047,17.571313661144625
strait-of-gibraltar,118,16.815685272216797,17.612397329268916
strait-of-gibraltar,119,16.8537654876709,17.653556128471124
strait-of-gibraltar,120,16.8917179107666,17.695270772134105
strait-of-gibraltar,121,16.929859161376953,17.736236387683498
strait-of-gibraltar,122,16.968713760375977,17.777522819272935
strait-of-gibraltar,123,17.008569717407227,17.821228082718388
strait-of-gibraltar,124,17.04909896850586,17.865808474633003
strait-of-gibraltar,125,17.090415954589844,17.910613035386607
strait-of-gibraltar,126,17.13250732421875,17.956558572092366
strait-of-gibraltar,127,17.175487518310547,18.002511664359798
strait-of-gibraltar,128,17.219554901123047,18.050151548077984
strait-of-gibraltar,129,17.264745712280273,18.102278297178206
strait-of-gibraltar,130,17.311079025268555,18.155061401859403
strait-of-gibraltar,131,17.358854293823242,18.21114847736974
strait-of-gibraltar,132,17.407760620117188,18.268520096809635
strait-of-gibraltar,133,17.45787811279297,18.32792371319186
strait-of-gibraltar,134,17.508962631225586,18.38747829929475
strait-of-gibraltar,135,17.561567306518555,18.4485241551553
strait-of-gibraltar,136,17.61563491821289,18.50956525494975
strait-of-gibraltar,137,17.67115592956543,18.573412359914467
strait-of-gibraltar,138,17.727920532226562,18.63762211338166
strait-of-gibraltar,139,17.785293579101562,18.702355833976494
strait-of-gibraltar,140,17.842748641967773,18.765548084628197
strait-of-gibraltar,141,17.900156021118164,18.82525460643153
strait-of-gibraltar,142,17.957443237304688,18.88541395125851
strait-of-gibraltar,143,18.015031814575195,18.946639325541835
strait-of-gibraltar,144,18.072433471679688,19.009069559651035
strait-of-gibraltar,145,18.129501342773438,19.073234484272618
strait-of-gibraltar,146,18.18636131286621,19.138344764709473
strait-of-gibraltar,147,18.243488311767578,19.20714184545702
strait-of-gibraltar,148,18.301475524902344,19.27996279808783
strait-of-gibraltar,149,18.360427856445312,19.353258834346654
strait-of-gibraltar,150,18.42085838317871,19.428494853358117
strait-of-gibraltar,151,18.483230590820312,19.50532163189304
strait-of-gibraltar,152,18.547260284423828,19.585508069684433
strait-of-gibraltar,153,18.61264419555664,19.66753200407951
strait-of-gibraltar,154,18.678848266601562,19.748015846744664
strait-of-gibraltar,155,18.74599838256836,19.82835163608674
strait-of-gibraltar,156,18.814165115356445,19.90917658036755
strait-of-gibraltar,157,18.88286781311035,19.989377803187217
strait-of-gibraltar,158,18.951309204101562,20.069516446513514
strait-of-gibraltar,159,19.01891326904297,20.14839361867597
strait-of-gibraltar,160,19.085617065429688,20.222699546813967
strait-of-gibraltar,161,19.151445388793945,20.295190964975667
strait-of-gibraltar,162,19.216678619384766,20.36460448849586
strait-of-gibraltar,163,19.28148651123047,20.43195711566556
strait-of-gibraltar,164,19.345781326293945,20.496240148236677
strait-of-gibraltar,165,19.409944534301758,20.559373049582202
strait-of-gibraltar,166,19.473670959472656,20.623214764748848
strait-of-gibraltar,167,19.53688621520996,20.68672941269413
strait-of-gibraltar,168,19.599567413330078,20.746651003437655
strait-of-gibraltar,169,19.66181182861328,20.806090127268142
strait-of-gibraltar,170,19.724111557006836,20.864085701973206
strait-of-gibraltar,171,19.78691864013672,20.923880447879913
strait-of-gibraltar,172,19.85038948059082,20.986571435005434
strait-of-gibraltar,173,19.914087295532227,21.04916794069352
strait-of-gibraltar,174,19.977956771850586,21.112196700803697
strait-of-gibraltar,175,20.04252815246582,21.176200792866368
strait-of-gibraltar,176,20.107580184936523,21.23849709418512
strait-of-gibraltar,177,20.172508239746094,21.303528231959184
strait-of-gibraltar,178,20.236621856689453,21.364584873568628
strait-of-gibraltar,179,20.299718856811523,21.42245851947415
strait-of-gibraltar,180,20.362306594848633,21.480416119483213
strait-of-gibraltar,181,20.424036026000977,21.53693243457425
strait-of-gibraltar,182,20.484573364257812,21.59169504104122
strait-of-gibraltar,183,20.543859481811523,21.64539479901714
strait-of-gibraltar,184,20.60220718383789,21.697426580613662
strait-of-gibraltar,185,20.659893035888672,21.749870367973084
strait-of-gibraltar,186,20.71687126159668,21.80823788181428
strait-of-gibraltar,187,20.77280616760254,21.866592154964323
strait-of-gibraltar,188,20.82829475402832,21.92417469024658
strait-of-gibraltar,189,20.884662628173828,21.98268621506229
strait-of-gibraltar,190,20.942293167114258,22.04359950404013
strait-of-gibraltar,191,21.000776290893555,22.106391795989005
strait-of-gibraltar,192,21.059940338134766,22.16897225533762
strait-of-gibraltar,193,21.11913299560547,22.232034941642517
strait-of-gibraltar,194,21.17797088623047,22.29602650057885
strait-of-gibraltar,195,21.23641014099121,22.359251274601103
strait-of-gibraltar,196,21.293970108032227,22.42004973503851
strait-of-gibraltar,197,21.350061416625977,22.47868482528194
strait-of-gibraltar,198,21.40502166748047,22.536847840586017
strait-of-gibraltar,199,21.459482192993164,22.59497515770697
strait-of-gibraltar,200,21.513193130493164,22.654288298083888
strait-of-gibraltar,201,21.565593719482422,22.71504272337883
strait-of-gibraltar,202,21.616199493408203,22.773921019031157
strait-of-gibraltar,203,21.664690017700195,22.82952990993377
strait-of-gibraltar,204,21.711315155029297,22.881586979281522
strait-of-gibraltar,205,21.75613784790039,22.929459590296588
strait-of-gibraltar,206,21.798381805419922,22.97227909334244
strait-of-gibraltar,207,21.83810806274414,23.012298682428174
strait-of-gibraltar,208,21.876083374023438,23.046463344943138
strait-of-gibraltar,209,21.912397384643555,23.078947091871687
strait-of-gibraltar,210,21.94647216796875,23.110137465692333
strait-of-gibraltar,211,21.977882385253906,23.141147865787627
strait-of-gibraltar,212,22.00716781616211,23.171604525658392
strait-of-gibraltar,213,22.03459930419922,23.201639556884764
strait-of-gibraltar,214,22.06039810180664,23.230540047922442
strait-of-gibraltar,215,22.084110260009766,23.257267995034493
strait-of-gibraltar,216,22.105318069458008,23.281144658980825
strait-of-gibraltar,217,22.124553680419922,23.298008801860192
strait-of-gibraltar,218,22.14200782775879,23.313101854631977
strait-of-gibraltar,219,22.157426834106445,23.32737692556074
strait-of-gibraltar,220,22.170656204223633,23.339950038540746
strait-of-gibraltar,221,22.181955337524414,23.347402388049712
strait-of-gibraltar,222,22.191160202026367,23.351790034386426
strait-of-gibraltar,223,22.19767951965332,23.352501819979768
strait-of-gibraltar,224,22.20151138305664,23.34939714862455
strait-of-gibraltar,225,22.20262908935547,23.34423727835379
strait-of-gibraltar,226,22.201292037963867,23.338181686401374
strait-of-gibraltar,227,22.19770050048828,23.331882569097708
strait-of-gibraltar,228,22.19196891784668,23.324382277457946
strait-of-gibraltar,229,22.184288024902344,23.314942095356603
strait-of-gibraltar,230,22.174333572387695,23.30303867709252
strait-of-gibraltar,231,22.161779403686523,23.288554560753603
strait-of-gibraltar,232,22.146610260009766,23.271976520169158
strait-of-gibraltar,233,22.12895965576172,23.25387201001567
strait-of-gibraltar,234,22.109468460083008,23.233809680323443
strait-of-gibraltar,235,22.088802337646484,23.214191547516847
strait-of-gibraltar,236,22.066865921020508,23.193316582710512
strait-of-gibraltar,237,22.04424476623535,23.170616826703473
strait-of-gibraltar,238,22.021574020385742,23.148954957531345
strait-of-gibraltar,239,21.998628616333008,23.12884261223578
strait-of-gibraltar,240,21.97522735595703,23.10875148773194
strait-of-gibraltar,241,21.95145034790039,23.086364838384817
strait-of-gibraltar,242,21.926908493041992,23.063407621076035
strait-of-gibraltar,243,21.90119743347168,23.0399911511329
strait-of-gibraltar,244,21.874738693237305,23.016252542311154
strait-of-gibraltar,245,21.84746551513672,22.99066969348539
strait-of-gibraltar,246,21.819101333618164,22.964435571239846
strait-of-gibraltar,247,21.790481567382812,22.938635869180008
strait-of-gibraltar,248,21.761363983154297,22.91153198365243
strait-of-gibraltar,249,21.73172378540039,22.883446182743203
strait-of-gibraltar,250,21.701377868652344,22.854810117906144
strait-of-gibraltar,251,21.66948127746582,22.820026803785755
strait-of-gibraltar,252,21.63534927368164,22.782709238606117
strait-of-gibraltar,253,21.599863052368164,22.74414771295363
strait-of-gibraltar,254,21.56381607055664,22.707284293636203
strait-of-gibraltar,255,21.527488708496094,22.672138780163184
strait-of-gibraltar,256,21.491422653198242,22.636788429752478
strait-of-gibraltar,257,21.455333709716797,22.600012207031256
strait-of-gibraltar,258,21.419008255004883,22.562139726454216
strait-of-gibraltar,259,21.382394790649414,22.524553305102938
strait-of-gibraltar,260,21.34485626220703,22.485947510503955
strait-of-gibraltar,261,21.30680274963379,22.448462037117253
strait-of-gibraltar,262,21.268766403198242,22.410334261002077
strait-of-gibraltar,263,21.231393814086914,22.371020926198653
strait-of-gibraltar,264,21.194801330566406,22.332926454851705
strait-of-gibraltar,265,21.15830421447754,22.29662496505245
strait-of-gibraltar,266,21.12111473083496,22.255674152989542
strait-of-gibraltar,267,21.082412719726562,22.214233490728567
strait-of-gibraltar,268,21.042301177978516,22.175183037788642
strait-of-gibraltar,269,21.000572204589844,22.13508800998811
strait-of-gibraltar,270,20.957509994506836,22.095193542972687
strait-of-gibraltar,271,20.913368225097656,22.055204053078928
strait-of-gibraltar,272,20.868183135986328,22.016623546231173
strait-of-gibraltar,273,20.822587966918945,21.975605158652023
strait-of-gibraltar,274,20.776826858520508,21.932404985735488
strait-of-gibraltar,275,20.730684280395508,21.888111274473125
strait-of-gibraltar,276,20.684329986572266,21.841806590172546
strait-of-gibraltar,277,20.638330459594727,21.791251496345765
strait-of-gibraltar,278,20.592788696289062,21.7403569867534
strait-of-gibraltar,279,20.547426223754883,21.690773108697705
strait-of-gibraltar,280,20.50215721130371,21.6419938118227
strait-of-gibraltar,281,20.45707893371582,21.59251219226468
strait-of-gibraltar,282,20.412458419799805,21.5485639326034
strait-of-gibraltar,283,20.368515014648438,21.50739914678758
strait-of-gibraltar,284,20.324703216552734,21.467741486334027
strait-of-gibraltar,285,20.280624389648438,21.427475603165163
strait-of-gibraltar,286,20.235929489135742,21.38427631624283
strait-of-gibraltar,287,20.19050407409668,21.34086155429963
strait-of-gibraltar,288,20.144306182861328,21.295328847823605
strait-of-gibraltar,289,20.097274780273438,21.248648495827954
strait-of-gibraltar,290,20.049795150756836,21.199614623285107
strait-of-gibraltar,291,20.002225875854492,21.14936831074376
strait-of-gibraltar,292,19.95402717590332,21.097142514874857
strait-of-gibraltar,293,19.905290603637695,21.045371640113096
strait-of-gibraltar,294,19.856115341186523,20.992600324076992
strait-of-gibraltar,295,19.80664825439453,20.938895957700673
strait-of-gibraltar,296,19.75715446472168,20.882712394960468
strait-of-gibraltar,297,19.707643508911133,20.830770178764098
strait-of-gibraltar,298,19.65838050842285,20.779153571590303
strait-of-gibraltar,299,19.60928726196289,20.72511312423214
strait-of-gibraltar,300,19.560306549072266,20.66953630755025
strait-of-gibraltar,301,19.51121711730957,20.611007241279847
strait-of-gibraltar,302,19.462045669555664,20.551197974912583
strait-of-gibraltar,303,19.413053512573242,20.491071528773155
strait-of-gibraltar,304,19.36433982849121,20.43236200271114
strait-of-gibraltar,305,19.31536293029785,20.374921527985602
strait-of-gibraltar,306,19.265522003173828,20.31797938808318
strait-of-gibraltar,307,19.214794158935547,20.26218224802325
strait-of-gibraltar,308,19.1633243560791,20.21046376382151
strait-of-gibraltar,309,19.110746383666992,20.15902585060366
strait-of-gibraltar,310,19.05701446533203,20.105811223676127
strait-of-gibraltar,311,19.002347946166992,20.051236035746914
strait-of-gibraltar,312,18.94683074951172,19.99698055636498
strait-of-gibraltar,313,18.890684127807617,19.941266718218397
strait-of-gibraltar,314,18.83409309387207,19.8846259455527
strait-of-gibraltar,315,18.776710510253906,19.825055411554146
strait-of-gibraltar,316,18.718793869018555,19.764710247901174
strait-of-gibraltar,317,18.66123390197754,19.706652425950573
strait-of-gibraltar,318,18.6038875579834,19.647344103167136
strait-of-gibraltar,319,18.54668617248535,19.588464786160372
strait-of-gibraltar,320,18.489917755126953,19.530813598632815
strait-of-gibraltar,321,18.433914184570312,19.4753603904478
strait-of-gibraltar,322,18.378992080688477,19.42075761979626
strait-of-gibraltar,323,18.32542610168457,19.367576919063445
strait-of-gibraltar,324,18.272815704345703,19.31253463375953
strait-of-gibraltar,325,18.220930099487305,19.259722617364698
strait-of-gibraltar,326,18.16972541809082,19.206522640105213
strait-of-gibraltar,327,18.11929702758789,19.15436929272067
strait-of-gibraltar,328,18.069686889648438,19.10244645149477
strait-of-gibraltar,329,18.021242141723633,19.0518093293713
strait-of-gibraltar,330,17.97413444519043,19.003600132849908
strait-of-gibraltar,331,17.928590774536133,18.957576277948196
strait-of-gibraltar,332,17.88445472717285,18.913776643814575
strait-of-gibraltar,333,17.84156036376953,18.870505929762317
strait-of-gibraltar,334,17.799854278564453,18.82726202934019
strait-of-gibraltar,335,17.759016036987305,18.784477326177782
strait-of-gibraltar,336,17.719404220581055,18.74082884634695
strait-of-gibraltar,337,17.681432723999023,18.697529368246755
strait-of-gibraltar,338,17.644975662231445,18.655393625074815
strait-of-gibraltar,339,17.60954475402832,18.613256331413023
strait-of-gibraltar,340,17.575220108032227,18.571383617770287
strait-of-gibraltar,341,17.542156219482422,18.529371403109643
strait-of-gibraltar,342,17.510225296020508,18.487871268487748
strait-of-gibraltar,343,17.479198455810547,18.447169119311916
strait-of-gibraltar,344,17.448732376098633,18.40741879863124
strait-of-gibraltar,345,17.418787002563477,18.36857773565477
strait-of-gibraltar,346,17.38995361328125,18.332477704940302
strait-of-gibraltar,347,17.36229705810547,18.29715287608485
strait-of-gibraltar,348,17.335399627685547,18.262754784860917
strait-of-gibraltar,349,17.30927276611328,18.22850877700313
strait-of-gibraltar,350,17.284339904785156,18.196878790086313
strait-of-gibraltar,351,17.260269165039062,18.165961216342065
strait-of-gibraltar,352,17.23613739013672,18.135812291791364
strait-of-gibraltar,353,17.211854934692383,18.10738237442509
strait-of-gibraltar,354,17.187252044677734,18.07881352209276
strait-of-gibraltar,355,17.162649154663086,18.050656097165998
strait-of-gibraltar,356,17.13812255859375,18.02186189466907
strait-of-gibraltar,357,17.113344192504883,17.992782242067396
strait-of-gibraltar,358,17.088191986083984,17.96420666479295
strait-of-gibraltar,359,17.06273078918457,17.936163047052197
strait-of-gibraltar,360,17.036903381347656,17.906359377214986
strait-of-gibraltar,361,17.0106143951416,17.87690715174521
strait-of-gibraltar,362,16.9840087890625,17.847568185867804
strait-of-gibraltar,363,16.95722770690918,17.819091723042153
strait-of-gibraltar,364,16.930376052856445,17.791848557995213
strait-of-gibraltar,365,16.903282165527344,17.76495671426096
strait-of-gibraltar,366,16.875810623168945,17.736827653454192
tyrrhenian-sea,1,15.238420486450195,16.088480183386032
tyrrhenian-sea,2,15.19214916229248,16.029156743326492
tyrrhenian-sea,3,15.146870613098145,15.973003916586599
tyrrhenian-sea,4,15.102522850036621,15.915872989162322
tyrrhenian-sea,5,15.059128761291504,15.860530130324824
tyrrhenian-sea,6,15.016573905944824,15.805665720662763
tyrrhenian-sea,7,14.974936485290527,15.752653158864666
tyrrhenian-sea,8,14.934218406677246,15.701297593885851
tyrrhenian-sea,9,14.894421577453613,15.65141109651135
tyrrhenian-sea,10,14.855566024780273,15.602407467749812
tyrrhenian-sea,11,14.817488670349121,15.554229465607673
tyrrhenian-sea,12,14.780287742614746,15.506019121600735
tyrrhenian-sea,13,14.744104385375977,15.459239190624606
tyrrhenian-sea,14,14.709001541137695,15.413836171550136
tyrrhenian-sea,15,14.675054550170898,15.370544076734971
tyrrhenian-sea,16,14.642226219177246,15.327677133006432
tyrrhenian-sea,17,14.610871315002441,15.285837548778902
tyrrhenian-sea,18,14.580331802368164,15.247743489665368
tyrrhenian-sea,19,14.550586700439453,15.21352655656876
tyrrhenian-sea,20,14.521561622619629,15.179897643673804
tyrrhenian-sea,21,14.493328094482422,15.149325152366393
tyrrhenian-sea,22,14.465919494628906,15.120046855557352
tyrrhenian-sea,23,14.439208984375,15.092303897488504
tyrrhenian-sea,24,14.41317081451416,15.06612091679727
tyrrhenian-sea,25,14.387755393981934,15.042090188303302
tyrrhenian-sea,26,14.362823486328125,15.018525788091843
tyrrhenian-sea,27,14.338565826416016,14.996213011587818
tyrrhenian-sea,28,14.315250396728516,14.974886617352885
tyrrhenian-sea,29,14.293008804321289,14.954428808150752
tyrrhenian-sea,30,14.27178955078125,14.93410470101141
tyrrhenian-sea,31,14.251435279846191,14.91341286628477
tyrrhenian-sea,32,14.231816291809082,14.892908585456109
tyrrhenian-sea,33,14.212973594665527,14.874199639597245
tyrrhenian-sea,34,14.195011138916016,14.856282495683239
tyrrhenian-sea,35,14.178051948547363,14.840165636616367
tyrrhenian-sea,36,14.16220474243164,14.824582699806458
tyrrhenian-sea,37,14.147656440734863,14.808792532643963
tyrrhenian-sea,38,14.13429069519043,14.793214308830997
tyrrhenian-sea,39,14.121886253356934,14.777782067944926
tyrrhenian-sea,40,14.110265731811523,14.762615674541841
tyrrhenian-sea,41,14.099454879760742,14.748439401195897
tyrrhenian-sea,42,14.089516639709473,14.735357982881608
tyrrhenian-sea,43,14.08051586151123,14.724523907323038
tyrrhenian-sea,44,14.072412490844727,14.714909873470182
tyrrhenian-sea,45,14.065068244934082,14.705296355421826
tyrrhenian-sea,46,14.058062553405762,14.696712292907058
tyrrhenian-sea,47,14.051575660705566,14.68831658722252
tyrrhenian-sea,48,14.045655250549316,14.680498918922998
tyrrhenian-sea,49,14.040322303771973,14.673283056033554
tyrrhenian-sea,50,14.035731315612793,14.666806804492909
tyrrhenian-sea,51,14.03198528289795,14.661098820676086
tyrrhenian-sea,52,14.029111862182617,14.655673976611068
tyrrhenian-sea,53,14.027191162109375,14.650765759457824
tyrrhenian-sea,54,14.02636432647705,14.647026943904098
tyrrhenian-sea,55,14.026578903198242,14.643874825713455
tyrrhenian-sea,56,14.028027534484863,14.640671769008843
tyrrhenian-sea,57,14.030941009521484,14.638319023706579
tyrrhenian-sea,58,14.035235404968262,14.638278978614398
tyrrhenian-sea,59,14.040804862976074,14.63960146032354
tyrrhenian-sea,60,14.047365188598633,14.642817376249582
tyrrhenian-sea,61,14.054689407348633,14.647953278531311
tyrrhenian-sea,62,14.062917709350586,14.654657150596698
tyrrhenian-sea,63,14.07224178314209,14.662995700425999
tyrrhenian-sea,64,14.0824613571167,14.672424410748224
tyrrhenian-sea,65,14.09329605102539,14.682787608074882
tyrrhenian-sea,66,14.104640007019043,14.694838338257163
tyrrhenian-sea,67,14.116510391235352,14.709527448428572
tyrrhenian-sea,68,14.128884315490723,14.726856412169752
tyrrhenian-sea,69,14.141823768615723,14.7459364850034
tyrrhenian-sea,70,14.155488967895508,14.76863126959852
tyrrhenian-sea,71,14.170156478881836,14.793010910608434
tyrrhenian-sea,72,14.185920715332031,14.817710776995588
tyrrhenian-sea,73,14.202584266662598,14.842157113680276
tyrrhenian-sea,74,14.219807624816895,14.866079741652296
tyrrhenian-sea,75,14.237674713134766,14.890133829014278
tyrrhenian-sea,76,14.256526947021484,14.916118892546624
tyrrhenian-sea,77,14.277060508728027,14.944283223921255
tyrrhenian-sea,78,14.299201965332031,14.974375534057618
tyrrhenian-sea,79,14.322795867919922,15.006891493643485
tyrrhenian-sea,80,14.347779273986816,15.040151525312854
tyrrhenian-sea,81,14.374116897583008,15.075353447083504
tyrrhenian-sea,82,14.401543617248535,15.111218695486745
tyrrhenian-sea,83,14.429829597473145,15.147991020448744
tyrrhenian-sea,84,14.459199905395508,15.18699100555912
tyrrhenian-sea,85,14.489723205566406,15.22708677476452
tyrrhenian-sea,86,14.521403312683105,15.270196896214639
tyrrhenian-sea,87,14.553783416748047,15.316088565703362
tyrrhenian-sea,88,14.586559295654297,15.363800187264719
tyrrhenian-sea,89,14.619608879089355,15.412632849908643
tyrrhenian-sea,90,14.653157234191895,15.465177705211023
tyrrhenian-sea,91,14.687477111816406,15.51983239573817
tyrrhenian-sea,92,14.72256851196289,15.574630066656297
tyrrhenian-sea,93,14.758752822875977,15.63133631675474
tyrrhenian-sea,94,14.796270370483398,15.68812026669902
tyrrhenian-sea,95,14.83530044555664,15.746393834390949
tyrrhenian-sea,96,14.876185417175293,15.806896551193729
tyrrhenian-sea,97,14.919042587280273,15.86660439275926
tyrrhenian-sea,98,14.963997840881348,15.926088573086645
tyrrhenian-sea,99,15.011064529418945,15.986552112333234
tyrrhenian-sea,100,15.060344696044922,16.046833142926616
tyrrhenian-sea,101,15.111873626708984,16.10838731950329
tyrrhenian-sea,102,15.165495872497559,16.173559908713063
tyrrhenian-sea,103,15.221426963806152,16.243114228402415
tyrrhenian-sea,104,15.279754638671875,16.31476876966415
tyrrhenian-sea,105,15.340619087219238,16.390708203469554
tyrrhenian-sea,106,15.403759002685547,16.470978361560455
tyrrhenian-sea,107,15.468756675720215,16.551422842087288
tyrrhenian-sea,108,15.53564453125,16.630004055269303
tyrrhenian-sea,109,15.604674339294434,16.71059505401119
tyrrhenian-sea,110,15.675970077514648,16.791002245872253
tyrrhenian-sea,111,15.74968433380127,16.873156593691917
tyrrhenian-sea,112,15.825752258300781,16.958185998855097
tyrrhenian-sea,113,15.90432357788086,17.048604346859836
tyrrhenian-sea,114,15.985259056091309,17.144321460108603
tyrrhenian-sea,115,16.068159103393555,17.244865949692265
tyrrhenian-sea,116,16.152536392211914,17.345997785752818
tyrrhenian-sea,117,16.23832893371582,17.445955479529594
tyrrhenian-sea,118,16.32585906982422,17.545917178738502
tyrrhenian-sea,119,16.41508674621582,17.645869267371395
tyrrhenian-sea,120,16.505712509155273,17.74709107183641
tyrrhenian-sea,121,16.59747886657715,17.85018608954645
tyrrhenian-sea,122,16.689945220947266,17.952583146864367
tyrrhenian-sea,123,16.78335189819336,18.054288082738072
tyrrhenian-sea,124,16.877595901489258,18.155057630231305
tyrrhenian-sea,125,16.972732543945312,18.256844286764824
tyrrhenian-sea,126,17.06922149658203,18.360800712339344
tyrrhenian-sea,127,17.16744041442871,18.46875540210355
tyrrhenian-sea,128,17.267606735229492,18.584492535744946
tyrrhenian-sea,129,17.36948013305664,18.6996096703314
tyrrhenian-sea,130,17.47290802001953,18.816823424062427
tyrrhenian-sea,131,17.5779972076416,18.93922939915811
tyrrhenian-sea,132,17.68474578857422,19.060055412784703
tyrrhenian-sea,133,17.79318618774414,19.1806757034794
tyrrhenian-sea,134,17.902629852294922,19.301950436253705
tyrrhenian-sea,135,18.01303482055664,19.42338131320092
tyrrhenian-sea,136,18.124343872070312,19.543158377370528
tyrrhenian-sea,137,18.236454010009766,19.663402686580532
tyrrhenian-sea,138,18.349300384521484,19.78489865333803
tyrrhenian-sea,139,18.462646484375,19.910266956206293
tyrrhenian-sea,140,18.576581954956055,20.03551999368975
tyrrhenian-sea,141,18.691137313842773,20.163184479744206
tyrrhenian-sea,142,18.80604362487793,20.292244646626138
tyrrhenian-sea,143,18.921178817749023,20.419778263953425
tyrrhenian-sea,144,19.036598205566406,20.544274717761624
tyrrhenian-sea,145,19.15263557434082,20.66837953752087
tyrrhenian-sea,146,19.2694091796875,20.78793085159794
tyrrhenian-sea,147,19.387348175048828,20.91124207896571
tyrrhenian-sea,148,19.506526947021484,21.040324211120602
tyrrhenian-sea,149,19.62687110900879,21.17055918785833
tyrrhenian-sea,150,19.74838638305664,21.30459911592545
tyrrhenian-sea,151,19.871164321899414,21.441344230405747
tyrrhenian-sea,152,19.99538230895996,21.575716793921682
tyrrhenian-sea,153,20.12135124206543,21.710758590698244
tyrrhenian-sea,154,20.24885368347168,21.852987775494977
tyrrhenian-sea,155,20.377714157104492,21.99514285056822
tyrrhenian-sea,156,20.507829666137695,22.139557266235354
tyrrhenian-sea,157,20.638429641723633,22.28201328400643
tyrrhenian-sea,158,20.768789291381836,22.421815207696728
tyrrhenian-sea,159,20.89870834350586,22.558469212439753
tyrrhenian-sea,160,21.02817153930664,22.699321513022145
tyrrhenian-sea,161,21.157249450683594,22.84149960548647
tyrrhenian-sea,162,21.28586769104004,22.981967064642138
tyrrhenian-sea,163,21.414073944091797,23.1213656825404
tyrrhenian-sea,164,21.541851043701172,23.258239167736424
tyrrhenian-sea,165,21.669466018676758,23.393854215068203
tyrrhenian-sea,166,21.79673957824707,23.531949400132703
tyrrhenian-sea,167,21.92348289489746,23.669460019757675
tyrrhenian-sea,168,22.05010414123535,23.803444363993986
tyrrhenian-sea,169,22.176616668701172,23.937053668114448
tyrrhenian-sea,170,22.302722930908203,24.066662037757137
tyrrhenian-sea,171,22.42771339416504,24.197164597049838
tyrrhenian-sea,172,22.551218032836914,24.32439429375433
tyrrhenian-sea,173,22.673091888427734,24.45125286963678
tyrrhenian-sea,174,22.79332160949707,24.5816261968305
tyrrhenian-sea,175,22.911758422851562,24.710295357242703
tyrrhenian-sea,176,23.028076171875,24.834155027328002
tyrrhenian-sea,177,23.14198875427246,24.957594957659325
tyrrhenian-sea,178,23.2531795501709,25.076551861916823
tyrrhenian-sea,179,23.36148452758789,25.190685376813338
tyrrhenian-sea,180,23.467039108276367,25.300758657147814
tyrrhenian-sea,181,23.57002830505371,25.40544297002977
tyrrhenian-sea,182,23.670923233032227,25.5045886624244
tyrrhenian-sea,183,23.769664764404297,25.60150692232194
tyrrhenian-sea,184,23.86600112915039,25.696426047048263
tyrrhenian-sea,185,23.959667205810547,25.78376639581496
tyrrhenian-sea,186,24.050464630126953,25.869203979738295
tyrrhenian-sea,187,24.13828468322754,25.95273338440926
tyrrhenian-sea,188,24.223669052124023,26.035107409569523
tyrrhenian-sea,189,24.30718421936035,26.116061745920486
tyrrhenian-sea,190,24.388896942138672,26.194943618774413
tyrrhenian-sea,191,24.468708038330078,26.271011967812818
tyrrhenian-sea,192,24.546411514282227,26.341626044242613
tyrrhenian-sea,193,24.621782302856445,26.407988769777365
tyrrhenian-sea,194,24.694860458374023,26.47261866292646
tyrrhenian-sea,195,24.765945434570312,26.535215100934433
tyrrhenian-sea,196,24.83513641357422,26.594525084957002
tyrrhenian-sea,197,24.902673721313477,26.649992739769726
tyrrhenian-sea,198,24.968774795532227,26.703587205948374
tyrrhenian-sea,199,25.033315658569336,26.757767597321543
tyrrhenian-sea,200,25.096097946166992,26.811844961104857
tyrrhenian-sea,201,25.15715789794922,26.867161572364072
tyrrhenian-sea,202,25.21640968322754,26.918475083381903
tyrrhenian-sea,203,25.27375030517578,26.969448095752348
tyrrhenian-sea,204,25.329214096069336,27.017072659154092
tyrrhenian-sea,205,25.38263511657715,27.057892073354413
tyrrhenian-sea,206,25.43375587463379,27.097134227137406
tyrrhenian-sea,207,25.48267936706543,27.13490960521083
tyrrhenian-sea,208,25.529708862304688,27.17022262081023
tyrrhenian-sea,209,25.57509422302246,27.203545785719346
tyrrhenian-sea,210,25.618980407714844,27.232854074047456
tyrrhenian-sea,211,25.661293029785156,27.261398986078078
tyrrhenian-sea,212,25.701894760131836,27.28884606515207
tyrrhenian-sea,213,25.740739822387695,27.314935573454825
tyrrhenian-sea,214,25.77815055847168,27.338841770541283
tyrrhenian-sea,215,25.814414978027344,27.361914788523027
tyrrhenian-sea,216,25.849699020385742,27.38465387282833
tyrrhenian-sea,217,25.88401985168457,27.407628170136483
tyrrhenian-sea,218,25.917016983032227,27.427950662182223
tyrrhenian-sea,219,25.94819450378418,27.44782382595924
tyrrhenian-sea,220,25.977027893066406,27.463949591113675
tyrrhenian-sea,221,26.003192901611328,27.475772137795722
tyrrhenian-sea,222,26.02648162841797,27.481836312816984
tyrrhenian-sea,223,26.046781539916992,27.48636128825526
tyrrhenian-sea,224,26.063884735107422,27.48911170959472
tyrrhenian-sea,225,26.07708740234375,27.490008452630807
tyrrhenian-sea,226,26.085712432861328,27.487863842133546
tyrrhenian-sea,227,26.089557647705078,27.482129072373912
tyrrhenian-sea,228,26.088462829589844,27.47107790054813
tyrrhenian-sea,229,26.082401275634766,27.458738628510506
tyrrhenian-sea,230,26.0712890625,27.442242413182413
tyrrhenian-sea,231,26.055349349975586,27.4217286632907
tyrrhenian-sea,232,26.03460693359375,27.39385155093285
tyrrhenian-sea,233,26.009395599365234,27.362118007290746
tyrrhenian-sea,234,25.980260848999023,27.325130751825142
tyrrhenian-sea,235,25.94728660583496,27.284763680734944
tyrrhenian-sea,236,25.910907745361328,27.241814354927307
tyrrhenian-sea,237,25.871662139892578,27.193918640382826
tyrrhenian-sea,238,25.82967185974121,27.14516474816107
tyrrhenian-sea,239,25.784982681274414,27.093115283596905
tyrrhenian-sea,240,25.737628936767578,27.039368690982943
tyrrhenian-sea,241,25.687665939331055,26.9840477297383
tyrrhenian-sea,242,25.6348934173584,26.928400248865927
tyrrhenian-sea,243,25.579219818115234,26.872462266491304
tyrrhenian-sea,244,25.5203857421875,26.815248790864022
tyrrhenian-sea,245,25.457958221435547,26.756685176972415
tyrrhenian-sea,246,25.392091751098633,26.69217198279596
tyrrhenian-sea,247,25.323013305664062,26.625794336872715
tyrrhenian-sea,248,25.250743865966797,26.55626086573447
tyrrhenian-sea,249,25.175525665283203,26.483781402341787
tyrrhenian-sea,250,25.09754180908203,26.40490186752812
tyrrhenian-sea,251,25.016958236694336,26.3225791869625
tyrrhenian-sea,252,24.933889389038086,26.23455720716908
tyrrhenian-sea,253,24.84885025024414,26.146048582753835
tyrrhenian-sea,254,24.76228141784668,26.054164308117286
tyrrhenian-sea,255,24.67454719543457,25.95966004402407
tyrrhenian-sea,256,24.586233139038086,25.863735543527913
tyrrhenian-sea,257,24.49762725830078,25.767164501067132
tyrrhenian-sea,258,24.408803939819336,25.671907467995922
tyrrhenian-sea,259,24.31989097595215,25.579442854850523
tyrrhenian-sea,260,24.231042861938477,25.484971944747436
tyrrhenian-sea,261,24.142431259155273,25.38760130482335
tyrrhenian-sea,262,24.05392837524414,25.288846637356666
tyrrhenian-sea,263,23.965694427490234,25.193215142526935
tyrrhenian-sea,264,23.877676010131836,25.095142044559605
tyrrhenian-sea,265,23.78989601135254,24.997406098150435
tyrrhenian-sea,266,23.702564239501953,24.901201278932636
tyrrhenian-sea,267,23.61543083190918,24.805745210955223
tyrrhenian-sea,268,23.528242111206055,24.71216876737533
tyrrhenian-sea,269,23.44093894958496,24.6176193298832
tyrrhenian-sea,270,23.353580474853516,24.52205318943147
tyrrhenian-sea,271,23.266122817993164,24.425611354458717
tyrrhenian-sea,272,23.178604125976562,24.32905983463411
tyrrhenian-sea,273,23.091337203979492,24.231805487601985
tyrrhenian-sea,274,23.0045166015625,24.134221932195846
tyrrhenian-sea,275,22.918222427368164,24.035171951786165
tyrrhenian-sea,276,22.832332611083984,23.93343919938611
tyrrhenian-sea,277,22.746450424194336,23.83320648439469
tyrrhenian-sea,278,22.660598754882812,23.73388807850499
tyrrhenian-sea,279,22.57499122619629,23.636401404103925
tyrrhenian-sea,280,22.489713668823242,23.53922112372614
tyrrhenian-sea,281,22.40485191345215,23.44677503647343
tyrrhenian-sea,282,22.3204345703125,23.357906403080104
tyrrhenian-sea,283,22.236377716064453,23.27525747975995
tyrrhenian-sea,284,22.152502059936523,23.19477330484698
tyrrhenian-sea,285,22.068645477294922,23.115733128209268
tyrrhenian-sea,286,21.98463249206543,23.038651860144828
tyrrhenian-sea,287,21.90042495727539,22.962388370883083
tyrrhenian-sea,288,21.816265106201172,22.886422938685264
tyrrhenian-sea,289,21.732215881347656,22.80807717231012
tyrrhenian-sea,290,21.648258209228516,22.7271189904982
tyrrhenian-sea,291,21.5642032623291,22.645898695914976
tyrrhenian-sea,292,21.47985076904297,22.567192723674157
tyrrhenian-sea,293,21.395231246948242,22.489536310011342
tyrrhenian-sea,294,21.31026268005371,22.410401061273397
tyrrhenian-sea,295,21.225051879882812,22.335438396084697
tyrrhenian-sea,296,21.139362335205078,22.259173036390738
tyrrhenian-sea,297,21.053075790405273,22.180559662849678
tyrrhenian-sea,298,20.966243743896484,22.1008037444084
tyrrhenian-sea,299,20.87883758544922,22.02123228503812
tyrrhenian-sea,300,20.79079818725586,21.937673900973415
tyrrhenian-sea,301,20.70194435119629,21.8520784747216
tyrrhenian-sea,302,20.612401962280273,21.764197940211144
tyrrhenian-sea,303,20.522104263305664,21.674318492028025
tyrrhenian-sea,304,20.43086814880371,21.582470143225883
tyrrhenian-sea,305,20.338642120361328,21.48766171240037
tyrrhenian-sea,306,20.245346069335938,21.393170732067475
tyrrhenian-sea,307,20.15117645263672,21.299377509086362
tyrrhenian-sea,308,20.056428909301758,21.207771559684502
tyrrhenian-sea,309,19.961170196533203,21.11431474378032
tyrrhenian-sea,310,19.865337371826172,21.01744551504812
tyrrhenian-sea,311,19.76884651184082,20.917672089607482
tyrrhenian-sea,312,19.67174530029297,20.81489480541598
tyrrhenian-sea,313,19.573942184448242,20.709917652991514
tyrrhenian-sea,314,19.47569465637207,20.60302116024879
tyrrhenian-sea,315,19.377058029174805,20.49660846341041
tyrrhenian-sea,316,19.2781982421875,20.389757254815873
tyrrhenian-sea,317,19.179336547851562,20.279123047859443
tyrrhenian-sea,318,19.080577850341797,20.167054440898283
tyrrhenian-sea,319,18.981809616088867,20.056764473453644
tyrrhenian-sea,320,18.882997512817383,19.94828579195084
tyrrhenian-sea,321,18.784204483032227,19.84099993551931
tyrrhenian-sea,322,18.685659408569336,19.73547051952731
tyrrhenian-sea,323,18.587495803833008,19.62771826098042
tyrrhenian-sea,324,18.489757537841797,19.519864426889725
tyrrhenian-sea,325,18.39230728149414,19.412787111343874
tyrrhenian-sea,326,18.295122146606445,19.306738465832122
tyrrhenian-sea,327,18.198442459106445,19.202514285425984
tyrrhenian-sea,328,18.102336883544922,19.098661588853403
tyrrhenian-sea,329,18.006874084472656,18.995185126027753
tyrrhenian-sea,330,17.91220474243164,18.89210968017578
tyrrhenian-sea,331,17.81841278076172,18.793893580282887
tyrrhenian-sea,332,17.725479125976562,18.70107146232359
tyrrhenian-sea,333,17.63319206237793,18.61099594485375
tyrrhenian-sea,334,17.541685104370117,18.520581583822928
tyrrhenian-sea,335,17.451175689697266,18.4314318995322
tyrrhenian-sea,336,17.361967086791992,18.343520004518574
tyrrhenian-sea,337,17.27437400817871,18.25679261607509
tyrrhenian-sea,338,17.188329696655273,18.168899979129918
tyrrhenian-sea,339,17.10367774963379,18.081779658409854
tyrrhenian-sea,340,17.020219802856445,17.994946922794465
tyrrhenian-sea,341,16.937910079956055,17.91185850328015
tyrrhenian-sea,342,16.856735229492188,17.8319318894417
tyrrhenian-sea,343,16.77672576904297,17.753655507487636
tyrrhenian-sea,344,16.697994232177734,17.67686049553656
tyrrhenian-sea,345,16.620460510253906,17.601154235101514
tyrrhenian-sea,346,16.544334411621094,17.524756739216468
tyrrhenian-sea,347,16.46946907043457,17.449665764839416
tyrrhenian-sea,348,16.3956356048584,17.377518376996438
tyrrhenian-sea,349,16.322765350341797,17.306867919429656
tyrrhenian-sea,350,16.25087547302246,17.235225320631457
tyrrhenian-sea,351,16.180063247680664,17.164956363554918
tyrrhenian-sea,352,16.109922409057617,17.09609526972617
tyrrhenian-sea,353,16.04110336303711,17.024985171902564
tyrrhenian-sea,354,15.973586082458496,16.953992585212955
tyrrhenian-sea,355,15.907583236694336,16.884087233389575
tyrrhenian-sea,356,15.843290328979492,16.813532543182376
tyrrhenian-sea,357,15.780525207519531,16.7417234359249
tyrrhenian-sea,358,15.719232559204102,16.671110122434555
tyrrhenian-sea,359,15.659457206726074,16.60247497250957
tyrrhenian-sea,360,15.601200103759766,16.53470051057877
tyrrhenian-sea,361,15.544557571411133,16.46852788309897
tyrrhenian-sea,362,15.489511489868164,16.40214210018035
tyrrhenian-sea,363,15.436084747314453,16.33576799208118
tyrrhenian-sea,364,15.384332656860352,16.269983328542402
tyrrhenian-sea,365,15.334254264831543,16.207569251521942
tyrrhenian-sea,366,15.285714149475098,16.146851844172325
western-mediterranean,1,15.169709205627441,15.937708224019696
western-mediterranean,2,15.126888275146484,15.882077777001165
western-mediterranean,3,15.084831237792969,15.827804897677515
western-mediterranean,4,15.04345989227295,15.77418886615384
western-mediterranean,5,15.002725601196289,15.721643632458102
western-mediterranean,6,14.962536811828613,15.670499943148705
western-mediterranean,7,14.922918319702148,15.620112917500157
western-mediterranean,8,14.883902549743652,15.569915762255269
western-mediterranean,9,14.84564208984375,15.520975402093702
western-mediterranean,10,14.808150291442871,15.472289473010646
western-mediterranean,11,14.77149486541748,15.424828646259922
western-mediterranean,12,14.735636711120605,15.378185093787408
western-mediterranean,13,14.700544357299805,15.332534980773927
western-mediterranean,14,14.666386604309082,15.288345924500495
western-mediterranean,15,14.633358001708984,15.248269896353444
western-mediterranean,16,14.601338386535645,15.209270249643632
western-mediterranean,17,14.570984840393066,15.171752831243698
western-mediterranean,18,14.5416841506958,15.135104779274231
western-mediterranean,19,14.513325691223145,15.099635299559559
western-mediterranean,20,14.485825538635254,15.06588158761301
western-mediterranean,21,14.459209442138672,15.032517910003659
western-mediterranean,22,14.43344497680664,15.00015095741518
western-mediterranean,23,14.408477783203125,14.969452904116721
western-mediterranean,24,14.384446144104004,14.939244984042258
western-mediterranean,25,14.361271858215332,14.909836649125621
western-mediterranean,26,14.338927268981934,14.881550945774201
western-mediterranean,27,14.317549705505371,14.856051568062073
western-mediterranean,28,14.297080993652344,14.8319262073886
western-mediterranean,29,14.277410507202148,14.80873866542693
western-mediterranean,30,14.25858211517334,14.788488581872754
western-mediterranean,31,14.240531921386719,14.769892754093293
western-mediterranean,32,14.223124504089355,14.751516997429633
western-mediterranean,33,14.206450462341309,14.733964778530984
western-mediterranean,34,14.190733909606934,14.718804553247267
western-mediterranean,35,14.176003456115723,14.70485286097373
western-mediterranean,36,14.162334442138672,14.692288801746985
western-mediterranean,37,14.14979076385498,14.680227165837442
western-mediterranean,38,14.138218879699707,14.669348399869858
western-mediterranean,39,14.12756633758545,14.660472746818296
western-mediterranean,40,14.1177339553833,14.653373745949034
western-mediterranean,41,14.108743667602539,14.64744621707547
western-mediterranean,42,14.10064697265625,14.642752973494988
western-mediterranean,43,14.093561172485352,14.639604390052053
western-mediterranean,44,14.087361335754395,14.637973791553126
western-mediterranean,45,14.083136558532715,14.639853793318549
western-mediterranean,46,14.077691078186035,14.63951736778341
western-mediterranean,47,14.072571754455566,14.640276052618539
western-mediterranean,48,14.067852020263672,14.641786238967732
western-mediterranean,49,14.063650131225586,14.643528497347269
western-mediterranean,50,14.060275077819824,14.64750184602635
western-mediterranean,51,14.057889938354492,14.65176751741799
western-mediterranean,52,14.056461334228516,14.656654227677215
western-mediterranean,53,14.05602741241455,14.661643799402382
western-mediterranean,54,14.056573867797852,14.666654065860214
western-mediterranean,55,14.058021545410156,14.672459558261336
western-mediterranean,56,14.060626029968262,14.678681972462643
western-mediterranean,57,14.064693450927734,14.684958066222487
western-mediterranean,58,14.070261001586914,14.691297225541964
western-mediterranean,59,14.077322006225586,14.698498081904583
western-mediterranean,60,14.085723876953125,14.707518244302399
western-mediterranean,61,14.095248222351074,14.716937574776269
western-mediterranean,62,14.10587215423584,14.726919677693354
western-mediterranean,63,14.117623329162598,14.738309905349567
western-mediterranean,64,14.130342483520508,14.750820632647441
western-mediterranean,65,14.143770217895508,14.76357442384125
western-mediterranean,66,14.157907485961914,14.777289678717173
western-mediterranean,67,14.172785758972168,14.79306400258054
western-mediterranean,68,14.188335418701172,14.809950329155052
western-mediterranean,69,14.204621315002441,14.827884442319151
western-mediterranean,70,14.2214994430542,14.846548402437598
western-mediterranean,71,14.238988876342773,14.86518813615204
western-mediterranean,72,14.257164001464844,14.88449794605214
western-mediterranean,73,14.275943756103516,14.904252891130342
western-mediterranean,74,14.295313835144043,14.924483498193883
western-mediterranean,75,14.315452575683594,14.944815407004409
western-mediterranean,76,14.335333824157715,14.963914465135142
western-mediterranean,77,14.358253479003906,14.989254496174473
western-mediterranean,78,14.382612228393555,15.016091485177316
western-mediterranean,79,14.408105850219727,15.045463555858982
western-mediterranean,80,14.434605598449707,15.07526962218746
western-mediterranean,81,14.4619722366333,15.103757996712961
western-mediterranean,82,14.490029335021973,15.132207775115965
western-mediterranean,83,14.518725395202637,15.161177807469521
western-mediterranean,84,14.548150062561035,15.191601802456763
western-mediterranean,85,14.578372955322266,15.225988474199847
western-mediterranean,86,14.6093168258667,15.26274254398961
western-mediterranean,87,14.640652656555176,15.304877047384936
western-mediterranean,88,14.672075271606445,15.350549962443688
western-mediterranean,89,14.703573226928711,15.39794585320257
western-mediterranean,90,14.735281944274902,15.447860311692756
western-mediterranean,91,14.767236709594727,15.496630253330352
western-mediterranean,92,14.799638748168945,15.54533604345014
western-mediterranean,93,14.832937240600586,15.594108726132298
western-mediterranean,94,14.867350578308105,15.643800074054349
western-mediterranean,95,14.902904510498047,15.693224999212449
western-mediterranean,96,14.939831733703613,15.744503131989509
western-mediterranean,97,14.978337287902832,15.797385111162736
western-mediterranean,98,15.018316268920898,15.849738785528364
western-mediterranean,99,15.05978775024414,15.904789195522183
western-mediterranean,100,15.102720260620117,15.962634418856712
western-mediterranean,101,15.147366523742676,16.020449822948823
western-mediterranean,102,15.193821907043457,16.07845469136392
western-mediterranean,103,15.241964340209961,16.13805842245779
western-mediterranean,104,15.291573524475098,16.198247045086276
western-mediterranean,105,15.342504501342773,16.258633419775194
western-mediterranean,106,15.394627571105957,16.320090349258916
western-mediterranean,107,15.447808265686035,16.381306094508016
western-mediterranean,108,15.50214958190918,16.441741666486188
western-mediterranean,109,15.5579252243042,16.504448087753786
western-mediterranean,110,15.615300178527832,16.568390320193384
western-mediterranean,111,15.674370765686035,16.635527063185165
western-mediterranean,112,15.735054016113281,16.706601102890506
western-mediterranean,113,15.797321319580078,16.78101147682436
western-mediterranean,114,15.861139297485352,16.858230390856342
western-mediterranean,115,15.926310539245605,16.936546544105777
western-mediterranean,116,15.992612838745117,17.011812859196816
western-mediterranean,117,16.060256958007812,17.088558467741937
western-mediterranean,118,16.129308700561523,17.162546773110666
western-mediterranean,119,16.19961166381836,17.233986700734786
western-mediterranean,120,16.270980834960938,17.306117746906896
western-mediterranean,121,16.343242645263672,17.376618348398516
western-mediterranean,122,16.416433334350586,17.450415802001952
western-mediterranean,123,16.490652084350586,17.525004940648234
western-mediterranean,124,16.56587028503418,17.602286006558327
western-mediterranean,125,16.642160415649414,17.680696616634243
western-mediterranean,126,16.71984100341797,17.761936969141807
western-mediterranean,127,16.799110412597656,17.84594984977476
western-mediterranean,128,16.8797664642334,17.931580045146326
western-mediterranean,129,16.961780548095703,18.020328318688176
western-mediterranean,130,17.04520034790039,18.11022319793701
western-mediterranean,131,17.13031005859375,18.19961631528793
western-mediterranean,132,17.217073440551758,18.293274159585277
western-mediterranean,133,17.305410385131836,18.38913278272075
western-mediterranean,134,17.395212173461914,18.487338859804215
western-mediterranean,135,17.48663330078125,18.58840444011073
western-mediterranean,136,17.57969093322754,18.691420456670947
western-mediterranean,137,17.674217224121094,18.797188666559034
western-mediterranean,138,17.769939422607422,18.904030079995433
western-mediterranean,139,17.866641998291016,19.009706515650596
western-mediterranean,140,17.964269638061523,19.114244344157555
western-mediterranean,141,18.062803268432617,19.22041390326715
western-mediterranean,142,18.162015914916992,19.324477872540875
western-mediterranean,143,18.261701583862305,19.42657684203117
western-mediterranean,144,18.361894607543945,19.52842008529171
western-mediterranean,145,18.462688446044922,19.6349242425734
western-mediterranean,146,18.564064025878906,19.741252640754947
western-mediterranean,147,18.66620635986328,19.851002207110003
western-mediterranean,148,18.769176483154297,19.960984100834015
western-mediterranean,149,18.87320899963379,20.074637129998976
western-mediterranean,150,18.9783935546875,20.191952151636922
western-mediterranean,151,19.084632873535156,20.3094298947242
western-mediterranean,152,19.191993713378906,20.42834634473247
western-mediterranean,153,19.30061149597168,20.549564312350366
western-mediterranean,154,19.41053009033203,20.67697642541701
western-mediterranean,155,19.521507263183594,20.80269626494377
western-mediterranean,156,19.633085250854492,20.927653564945345
western-mediterranean,157,19.74492645263672,21.05590010612242
western-mediterranean,158,19.856735229492188,21.1815923383159
western-mediterranean,159,19.96859359741211,21.308454648910033
western-mediterranean,160,20.080514907836914,21.433883950018114
western-mediterranean,161,20.19245147705078,21.561065378496725
western-mediterranean,162,20.304462432861328,21.689380067394627
western-mediterranean,163,20.41644287109375,21.816014357536073
western-mediterranean,164,20.528043746948242,21.94396482898343
western-mediterranean,165,20.639131546020508,22.068173525410312
western-mediterranean,166,20.749549865722656,22.190745796695833
western-mediterranean,167,20.85938835144043,22.31058289312547
western-mediterranean,168,20.96877098083496,22.426973724365233
western-mediterranean,169,21.07775115966797,22.541043663024897
western-mediterranean,170,21.185758590698242,22.655020080074188
western-mediterranean,171,21.292396545410156,22.76639999881867
western-mediterranean,172,21.39771270751953,22.875339046601322
western-mediterranean,173,21.501686096191406,22.989388090564358
western-mediterranean,174,21.604549407958984,23.106256103515626
western-mediterranean,175,21.706315994262695,23.223199567487164
western-mediterranean,176,21.80682945251465,23.33466849173269
western-mediterranean,177,21.905981063842773,23.444932519235916
western-mediterranean,178,22.00371742248535,23.5511564131706
western-mediterranean,179,22.099956512451172,23.653161282693183
western-mediterranean,180,22.1945858001709,23.749137103173044
western-mediterranean,181,22.288043975830078,23.84122690385388
western-mediterranean,182,22.38057518005371,23.93226918866558
western-mediterranean,183,22.472023010253906,24.021899826295915
western-mediterranean,184,22.561996459960938,24.10796337742959
western-mediterranean,185,22.65012550354004,24.18998838240101
western-mediterranean,186,22.736631393432617,24.274009070857886
western-mediterranean,187,22.821958541870117,24.357621955871583
western-mediterranean,188,22.906410217285156,24.440994730303366
western-mediterranean,189,22.990108489990234,24.526288493987057
western-mediterranean,190,23.0728759765625,24.607818960374406
western-mediterranean,191,23.154573440551758,24.689109482303742
western-mediterranean,192,23.234926223754883,24.765493762108587
western-mediterranean,193,23.31358528137207,24.83825190759475
western-mediterranean,194,23.39060401916504,24.908843649587325
western-mediterranean,195,23.466398239135742,24.976680294159923
western-mediterranean,196,23.541217803955078,25.043875891162507
western-mediterranean,197,23.61488151550293,25.10831684604769
western-mediterranean,198,23.68734359741211,25.173417915836463
western-mediterranean,199,23.758617401123047,25.2377273990262
western-mediterranean,200,23.828641891479492,25.305350475926556
western-mediterranean,201,23.897607803344727,25.374803303134062
western-mediterranean,202,23.965341567993164,25.443890282415577
western-mediterranean,203,24.03145980834961,25.511144090467884
western-mediterranean,204,24.096025466918945,25.571532913946335
western-mediterranean,205,24.158836364746094,25.626791184948335
western-mediterranean,206,24.21977996826172,25.678639670341244
western-mediterranean,207,24.27880096435547,25.727720279078326
western-mediterranean,208,24.336101531982422,25.775533885340533
western-mediterranean,209,24.39154815673828,25.823068704912735
western-mediterranean,210,24.44514274597168,25.87036062671292
western-mediterranean,211,24.49679183959961,25.91719793504284
western-mediterranean,212,24.54629135131836,25.962212168785832
western-mediterranean,213,24.593917846679688,26.005209092170958
western-mediterranean,214,24.64004898071289,26.046434679339008
western-mediterranean,215,24.685039520263672,26.085769038046557
western-mediterranean,216,24.728836059570312,26.12223533507316
western-mediterranean,217,24.770994186401367,26.155338607295867
western-mediterranean,218,24.81121063232422,26.18642640267649
western-mediterranean,219,24.849164962768555,26.210871155031267
western-mediterranean,220,24.884645462036133,26.230843297896847
western-mediterranean,221,24.917444229125977,26.249381182270668
western-mediterranean,222,24.947288513183594,26.26442486547655
western-mediterranean,223,24.9741268157959,26.277444193440104
western-mediterranean,224,24.9975643157959,26.289286281216533
western-mediterranean,225,25.017166137695312,26.299051764703567
western-mediterranean,226,25.0324649810791,26.306569487048733
western-mediterranean,227,25.043540954589844,26.311972279702466
western-mediterranean,228,25.05070686340332,26.315013559402963
western-mediterranean,229,25.053735733032227,26.31289478425057
western-mediterranean,230,25.05247688293457,26.30791355871385
western-mediterranean,231,25.047067642211914,26.298509813124134
western-mediterranean,232,25.037654876708984,26.280738842871884
western-mediterranean,233,25.024898529052734,26.25892724067934
western-mediterranean,234,25.00921630859375,26.232801597349102
western-mediterranean,235,24.990934371948242,26.204024321033106
western-mediterranean,236,24.97041893005371,26.174018090771092
western-mediterranean,237,24.947853088378906,26.14275360107422
western-mediterranean,238,24.92312240600586,26.110696595714938
western-mediterranean,239,24.89607810974121,26.077664646025628
western-mediterranean,240,24.866975784301758,26.0440732525241
western-mediterranean,241,24.835777282714844,26.010104880794405
western-mediterranean,242,24.802078247070312,25.975184243725195
western-mediterranean,243,24.76551055908203,25.939802908128307
western-mediterranean,244,24.72569465637207,25.903677454302393
western-mediterranean,245,24.682451248168945,25.86713056871968
western-mediterranean,246,24.63581085205078,25.830149478297088
western-mediterranean,247,24.585922241210938,25.79167991761239
western-mediterranean,248,24.53290557861328,25.74952251680436
western-mediterranean,249,24.476999282836914,25.704228647293586
western-mediterranean,250,24.418216705322266,25.652150467903386
western-mediterranean,251,24.356369018554688,25.594493318373154
western-mediterranean,252,24.291732788085938,25.53086650602279
western-mediterranean,253,24.225082397460938,25.464296445538913
western-mediterranean,254,24.157011032104492,25.395021389376733
western-mediterranean,255,24.08799171447754,25.325177094244186
western-mediterranean,256,24.01828956604004,25.254631860794557
western-mediterranean,257,23.94804573059082,25.18229583617179
western-mediterranean,258,23.87710189819336,25.110203570704307
western-mediterranean,259,23.805402755737305,25.037028454196065
western-mediterranean,260,23.733081817626953,24.96606508685696
western-mediterranean,261,23.66043472290039,24.894994151207705
western-mediterranean,262,23.587636947631836,24.822836032990477
western-mediterranean,263,23.514760971069336,24.75253954856626
western-mediterranean,264,23.441566467285156,24.682654743809852
western-mediterranean,265,23.367809295654297,24.61453880802278
western-mediterranean,266,23.293231964111328,24.546653562976466
western-mediterranean,267,23.217586517333984,24.475584423926573
western-mediterranean,268,23.140844345092773,24.400722226788925
western-mediterranean,269,23.063297271728516,24.322653315144205
western-mediterranean,270,22.98525047302246,24.24505210384246
western-mediterranean,271,22.906681060791016,24.166080837865028
western-mediterranean,272,22.827587127685547,24.085728589950072
western-mediterranean,273,22.748435974121094,24.0033642061295
western-mediterranean,274,22.669477462768555,23.919369014616933
western-mediterranean,275,22.590539932250977,23.834696222120712
western-mediterranean,276,22.511512756347656,23.746996110485444
western-mediterranean,277,22.432231903076172,23.65657275415236
western-mediterranean,278,22.352825164794922,23.566322062092443
western-mediterranean,279,22.273347854614258,23.477858746436336
western-mediterranean,280,22.193727493286133,23.390423805482925
western-mediterranean,281,22.114038467407227,23.30741081237793
western-mediterranean,282,22.03447151184082,23.228191431107057
western-mediterranean,283,21.95494842529297,23.15288180689658
western-mediterranean,284,21.875032424926758,23.077964671965567
western-mediterranean,285,21.79439353942871,23.002221224384925
western-mediterranean,286,21.713123321533203,22.925369902580016
western-mediterranean,287,21.631412506103516,22.848792383747725
western-mediterranean,288,21.549474716186523,22.772354162892988
western-mediterranean,289,21.467378616333008,22.695816944491483
western-mediterranean,290,21.38498878479004,22.617516536097373
western-mediterranean,291,21.302108764648438,22.538484684113534
western-mediterranean,292,21.218549728393555,22.459168311088316
western-mediterranean,293,21.13408088684082,22.378994172619233
western-mediterranean,294,21.048765182495117,22.299153574051395
western-mediterranean,295,20.962627410888672,22.217460010897728
western-mediterranean,296,20.875728607177734,22.130537131524857
western-mediterranean,297,20.788015365600586,22.039800077869046
western-mediterranean,298,20.699283599853516,21.948787412335797
western-mediterranean,299,20.609529495239258,21.86043946666102
western-mediterranean,300,20.51866912841797,21.772815827400457
western-mediterranean,301,20.426706314086914,21.680073295101042
western-mediterranean,302,20.333772659301758,21.587386685033003
western-mediterranean,303,20.239805221557617,21.493905399691677
western-mediterranean,304,20.144853591918945,21.399748925239813
western-mediterranean,305,20.048873901367188,21.304303101570376
western-mediterranean,306,19.952077865600586,21.20727328023603
western-mediterranean,307,19.85452651977539,21.112300571318595
western-mediterranean,308,19.756391525268555,21.014455659927865
western-mediterranean,309,19.65789794921875,20.914034689626387
western-mediterranean,310,19.55905532836914,20.81288831157069
western-mediterranean,311,19.45979881286621,20.710657408929638
western-mediterranean,312,19.360164642333984,20.60754067205614
western-mediterranean,313,19.260183334350586,20.50459027444163
western-mediterranean,314,19.160062789916992,20.39760391481461
western-mediterranean,315,19.059894561767578,20.29247766310169
western-mediterranean,316,18.959806442260742,20.188736792533632
western-mediterranean,317,18.859804153442383,20.084940368898454
western-mediterranean,318,18.75985336303711,19.979873811045
western-mediterranean,319,18.65994644165039,19.87631635358257
western-mediterranean,320,18.560142517089844,19.77182497209119
western-mediterranean,321,18.460603713989258,19.67015898304601
western-mediterranean,322,18.361658096313477,19.567228766410583
western-mediterranean,323,18.263452529907227,19.46338489901635
western-mediterranean,324,18.166156768798828,19.359840565343056
western-mediterranean,325,18.069721221923828,19.25794085841025
western-mediterranean,326,17.97411346435547,19.158826009688834
western-mediterranean,327,17.87947654724121,19.06310045180782
western-mediterranean,328,17.78596305847168,18.9690035358552
western-mediterranean,329,17.69387435913086,18.8757685261388
western-mediterranean,330,17.60321617126465,18.78116310488793
western-mediterranean,331,17.513965606689453,18.68737417036487
western-mediterranean,332,17.42608070373535,18.595849474014774
western-mediterranean,333,17.33941078186035,18.50281876594789
western-mediterranean,334,17.25406265258789,18.41026125877134
western-mediterranean,335,17.170042037963867,18.318291694887222
western-mediterranean,336,17.087438583374023,18.2296108799596
western-mediterranean,337,17.006380081176758,18.142429653290783
western-mediterranean,338,16.926904678344727,18.052918335699268
western-mediterranean,339,16.848970413208008,17.96696507853846
western-mediterranean,340,16.772319793701172,17.88157634119833
western-mediterranean,341,16.696941375732422,17.79631814033754
western-mediterranean,342,16.62286949157715,17.712313024459345
western-mediterranean,343,16.55011749267578,17.62949139379686
western-mediterranean,344,16.478694915771484,17.545750439551565
western-mediterranean,345,16.40851593017578,17.467015666346395
western-mediterranean,346,16.339675903320312,17.38838885522658
western-mediterranean,347,16.27216148376465,17.310672212416126
western-mediterranean,348,16.2059326171875,17.233447081042875
western-mediterranean,349,16.140901565551758,17.156734669593074
western-mediterranean,350,16.07697868347168,17.07663928001158
western-mediterranean,351,16.014245986938477,16.99744922884049
western-mediterranean,352,15.952157974243164,16.918160438537598
western-mediterranean,353,15.891287803649902,16.841823808608517
western-mediterranean,354,15.831657409667969,16.767583714762043
western-mediterranean,355,15.773244857788086,16.69414718997094
western-mediterranean,356,15.716135025024414,16.621207754073602
western-mediterranean,357,15.660300254821777,16.549535579066124
western-mediterranean,358,15.605722427368164,16.47926033696821
western-mediterranean,359,15.552299499511719,16.41271888671383
western-mediterranean,360,15.500051498413086,16.34863888525194
western-mediterranean,361,15.449068069458008,16.28719326142342
western-mediterranean,362,15.399374961853027,16.22574823748681
western-mediterranean,363,15.350987434387207,16.16638200821415
western-mediterranean,364,15.303936004638672,16.10901460032309
western-mediterranean,365,15.258118629455566,16.05075939547631
western-mediterranean,366,15.213412284851074,15.993931355014924
white-sea,1,0.31765952706336975,1.1338288215860244
white-sea,2,0.2717006802558899,1.0753956452492746
white-sea,3,0.2270319163799286,1.0176927902525472
white-sea,4,0.18367671966552734,0.9609581904065225
white-sea,5,0.14163215458393097,0.9052287234894693
white-sea,6,0.10077998042106628,0.8511506195510588
white-sea,7,0.06099782511591911,0.7974639261201507
white-sea,8,0.022192319855093956,0.7458884699450388
white-sea,9,-0.01574842259287834,0.6969314302888611
white-sea,10,-0.05292556807398796,0.6492091932844734
white-sea,11,-0.08947543799877167,0.6019568114751771
white-sea,12,-0.125425323843956,0.5586127932153403
white-sea,13,-0.16075828671455383,0.5164053809618759
white-sea,14,-0.19540248811244965,0.47400587433648705
white-sea,15,-0.22912171483039856,0.4321064580171822
white-sea,16,-0.26186496019363403,0.39077894289286885
white-sea,17,-0.29298487305641174,0.3480497506176754
white-sea,18,-0.32283976674079895,0.3088515342063002
white-sea,19,-0.35155612230300903,0.27026679768797873
white-sea,20,-0.37923532724380493,0.2346012021084468
white-sea,21,-0.40572935342788696,0.20372066515227497
white-sea,22,-0.43103012442588806,0.1745408044527136
white-sea,23,-0.4551926851272583,0.14623136802185946
white-sea,24,-0.4782421588897705,0.11954558417801911
white-sea,25,-0.5001853108406067,0.09368633063690338
white-sea,26,-0.5213043093681335,0.06879393288324934
white-sea,27,-0.5416780710220337,0.04536535122822389
white-sea,28,-0.5612788796424866,0.022177768600804382
white-sea,29,-0.580246090888977,-0.0007138844639541795
white-sea,30,-0.5985127687454224,-0.022820803204611252
white-sea,31,-0.6160569190979004,-0.04363449578203484
white-sea,32,-0.6329179406166077,-0.06236821583081624
white-sea,33,-0.649091899394989,-0.07965115363439232
white-sea,34,-0.6645146608352661,-0.09675059503004423
white-sea,35,-0.6791334748268127,-0.11384598494417232
white-sea,36,-0.6931304931640625,-0.13096304806850598
white-sea,37,-0.7065150141716003,-0.1473979410805528
white-sea,38,-0.719186544418335,-0.1629688424388727
white-sea,39,-0.7311451435089111,-0.1785666532514075
white-sea,40,-0.7423487305641174,-0.19409076075760578
white-sea,41,-0.7526662945747375,-0.20917813969595767
white-sea,42,-0.7620328068733215,-0.22383338981458248
white-sea,43,-0.7703970670700073,-0.23787086863791737
white-sea,44,-0.7777316570281982,-0.25099477105203166
white-sea,45,-0.7829947471618652,-0.26192976033254967
white-sea,46,-0.7886542081832886,-0.27247940167304
white-sea,47,-0.7933748364448547,-0.2823981551633726
white-sea,48,-0.7971024513244629,-0.29025802213338103
white-sea,49,-0.7999278903007507,-0.297097921034982
white-sea,50,-0.8019617199897766,-0.3026660738452787
white-sea,51,-0.8033398985862732,-0.3073663749521777
white-sea,52,-0.80421382188797,-0.3115741125518275
white-sea,53,-0.804706871509552,-0.3157622831963722
white-sea,54,-0.8048369884490967,-0.3199617797328578
white-sea,55,-0.8047174215316772,-0.3241082489490507
white-sea,56,-0.8043573498725891,-0.3281427200763455
white-sea,57,-0.8037744760513306,-0.33201870437591297
white-sea,58,-0.8031853437423706,-0.3354383890186586
white-sea,59,-0.8027377128601074,-0.33848962865529514
white-sea,60,-0.80245041847229,-0.34150070139477323
white-sea,61,-0.802293598651886,-0.343992097627732
white-sea,62,-0.8022388815879822,-0.34628583952303843
white-sea,63,-0.8023096323013306,-0.3480506520117482
white-sea,64,-0.8025001287460327,-0.3488441317312178
white-sea,65,-0.8027774691581726,-0.3486906091051716
white-sea,66,-0.8031402230262756,-0.34753780278467356
white-sea,67,-0.8035265207290649,-0.3464107348072912
white-sea,68,-0.8038057684898376,-0.3443737499175532
white-sea,69,-0.803904116153717,-0.3412432454286082
white-sea,70,-0.8037009239196777,-0.33738204149469236
white-sea,71,-0.8032425045967102,-0.33240325864284254
white-sea,72,-0.8025297522544861,-0.32726037656107243
white-sea,73,-0.8014981150627136,-0.32193515488216934
white-sea,74,-0.8001106381416321,-0.3163096090958962
white-sea,75,-0.7982613444328308,-0.31085284405177627
white-sea,76,-0.797042727470398,-0.30572938919067366
white-sea,77,-0.7940212488174438,-0.29984974846724527
white-sea,78,-0.7905995845794678,-0.29401174278989906
white-sea,79,-0.7869447469711304,-0.2884881110441299
white-sea,80,-0.7829625010490417,-0.28274462299962194
white-sea,81,-0.7785589098930359,-0.276981674278936
white-sea,82,-0.7736046314239502,-0.27100776597376786
white-sea,83,-0.7680595517158508,-0.2647219294021206
white-sea,84,-0.7618909478187561,-0.2577082412617821
white-sea,85,-0.7551794648170471,-0.24988678239526277
white-sea,86,-0.7480200529098511,-0.24194437765306032
white-sea,87,-0.7405307292938232,-0.23362106281903472
white-sea,88,-0.7326529026031494,-0.2251880429925456
white-sea,89,-0.7241330146789551,-0.21563946723096786
white-sea,90,-0.7147426605224609,-0.20549630615860212
white-sea,91,-0.7044715285301208,-0.19232290994616277
white-sea,92,-0.6932045221328735,-0.17729076071972802
white-sea,93,-0.6808736324310303,-0.15939475559299027
white-sea,94,-0.6675454378128052,-0.14067000931188936
white-sea,95,-0.6532101631164551,-0.12060924183817633
white-sea,96,-0.6377268433570862,-0.10044073377765945
white-sea,97,-0.6207269430160522,-0.0783666658004925
white-sea,98,-0.6021466851234436,-0.05512407721891506
white-sea,99,-0.5819768309593201,-0.03177869023695095
white-sea,100,-0.5602104067802429,-0.006915048167349694
white-sea,101,-0.5367028117179871,0.0201073102713113
white-sea,102,-0.5113041400909424,0.05065869975594755
white-sea,103,-0.4841005504131317,0.0848479065984008
white-sea,104,-0.45507198572158813,0.12164427929467746
white-sea,105,-0.4238148629665375,0.16111016853321955
white-sea,106,-0.3902040421962738,0.20493625799614587
white-sea,107,-0.3542995750904083,0.2534052960154031
white-sea,108,-0.31634804606437683,0.3055151223475415
white-sea,109,-0.2760531008243561,0.3618504352447008
white-sea,110,-0.2331906259059906,0.4235989486317963
white-sea,111,-0.18767628073692322,0.4900049552621863
white-sea,112,-0.13966763019561768,0.5600175248819496
white-sea,113,-0.08920884877443314,0.6315188794186521
white-sea,114,-0.036339495331048965,0.7051007069226717
white-sea,115,0.01897561177611351,0.7833133120270027
white-sea,116,0.07678994536399841,0.8723191034950079
white-sea,117,0.13741877675056458,0.9636585932405248
white-sea,118,0.20121563971042633,1.064634975724884
white-sea,119,0.2684237062931061,1.1762011253365108
white-sea,120,0.33912089467048645,1.2920815066103974
white-sea,121,0.41317009925842285,1.4165410797922844
white-sea,122,0.4907352924346924,1.5476232593098
white-sea,123,0.5719113945960999,1.6852607543430027
white-sea,124,0.6566251516342163,1.826821956423022
white-sea,125,0.7452397346496582,1.9715390787009275
white-sea,126,0.8378410339355469,2.117556162418858
white-sea,127,0.9339903593063354,2.2710410178669043
white-sea,128,1.0329667329788208,2.427994616762285
white-sea,129,1.1344103813171387,2.587591745391969
white-sea,130,1.2381091117858887,2.74899185088373
white-sea,131,1.3437774181365967,2.9128537745245047
white-sea,132,1.451209545135498,3.077154942289476
white-sea,133,1.560155987739563,3.239610423580293
white-sea,134,1.6705454587936401,3.403978698099814
white-sea,135,1.7822312116622925,3.570834837805841
white-sea,136,1.8944623470306396,3.7378891875666964
white-sea,137,2.0064942836761475,3.903843416706209
white-sea,138,2.118375062942505,4.068583132759218
white-sea,139,2.2307002544403076,4.235406069601737
white-sea,140,2.3437366485595703,4.401543196939654
white-sea,141,2.4573171138763428,4.563139847786197
white-sea,142,2.571085214614868,4.724524374161997
white-sea,143,2.685016393661499,4.885848686002918
white-sea,144,2.7990336418151855,5.045733970980491
white-sea,145,2.9133808612823486,5.206912738277067
white-sea,146,3.027998208999634,5.3639299031226875
white-sea,147,3.1431045532226562,5.5110837674910025
white-sea,148,3.258948802947998,5.658140870063535
white-sea,149,3.3752520084381104,5.7985977065178655
white-sea,150,3.491554021835327,5.932385523088517
white-sea,151,3.6072466373443604,6.066567838576532
white-sea,152,3.7222392559051514,6.193598641118696
white-sea,153,3.8366787433624268,6.315355168619464
white-sea,154,3.9506614208221436,6.431880200293756
white-sea,155,4.064427852630615,6.549829941411172
white-sea,156,4.1777238845825195,6.673098967152258
white-sea,157,4.2909674644470215,6.802415269420993
white-sea,158,4.404450416564941,6.928934321864957
white-sea,159,4.51826810836792,7.055149916679627
white-sea,160,4.632776737213135,7.184061291909987
white-sea,161,4.74805212020874,7.313363625926355
white-sea,162,4.864529609680176,7.44070475486017
white-sea,163,4.982546806335449,7.574740194505261
white-sea,164,5.102389812469482,7.711988366034723
white-sea,165,5.223992347717285,7.848287107098487
white-sea,166,5.347346305847168,7.982338045489404
white-sea,167,5.472546577453613,8.114926358192198
white-sea,168,5.599629878997803,8.249177638946044
white-sea,169,5.72810697555542,8.382099246978761
white-sea,170,5.857600688934326,8.515740329988542
white-sea,171,5.987742900848389,8.653382970440772
white-sea,172,6.118790149688721,8.796832443052724
white-sea,173,6.250789165496826,8.940203279064551
white-sea,174,6.383786678314209,9.084716647671117
white-sea,175,6.517444610595703,9.23043394704019
white-sea,176,6.651547908782959,9.374155366036199
white-sea,177,6.785790920257568,9.520080834050335
white-sea,178,6.919635772705078,9.670386968120452
white-sea,179,7.0521626472473145,9.819173980528308
white-sea,180,7.183818817138672,9.966545467991985
white-sea,181,7.315199375152588,10.111160138345536
white-sea,182,7.4465413093566895,10.252920195364185
white-sea,183,7.577761650085449,10.398491159562143
white-sea,184,7.708518028259277,10.54145378605012
white-sea,185,7.838241100311279,10.691582479784566
white-sea,186,7.966277122497559,10.836102316456456
white-sea,187,8.092358589172363,10.972613107004472
white-sea,188,8.215872764587402,11.105382285579557
white-sea,189,8.336970329284668,11.237669655584519
white-sea,190,8.456269264221191,11.365248280186806
white-sea,191,8.573360443115234,11.48799412019791
white-sea,192,8.687854766845703,11.607764050268358
white-sea,193,8.799386978149414,11.724812833724483
white-sea,194,8.907307624816895,11.83199010972054
white-sea,195,9.011224746704102,11.932715723591466
white-sea,196,9.111350059509277,12.029175641459807
white-sea,197,9.208075523376465,12.12267348997055
white-sea,198,9.301545143127441,12.215552126976755
white-sea,199,9.392136573791504,12.303846193129019
white-sea,200,9.48007869720459,12.389674115950065
white-sea,201,9.565289497375488,12.473139950536913
white-sea,202,9.647504806518555,12.553801321214248
white-sea,203,9.72622299194336,12.62938078603437
white-sea,204,9.801177024841309,12.699986577803092
white-sea,205,9.872159004211426,12.765540119909472
white-sea,206,9.939496994018555,12.827460833518739
white-sea,207,10.002981185913086,12.886169658168672
white-sea,208,10.062647819519043,12.938539009709515
white-sea,209,10.118450164794922,12.977258888367684
white-sea,210,10.170751571655273,13.006738176653464
white-sea,211,10.218840599060059,13.033895012640185
white-sea,212,10.262099266052246,13.059106709880215
white-sea,213,10.300869941711426,13.080974228151383
white-sea,214,10.335468292236328,13.096705787412581
white-sea,215,10.36601448059082,13.110965030424056
white-sea,216,10.392877578735352,13.11491522019909
white-sea,217,10.416240692138672,13.11623801262148
white-sea,218,10.436100006103516,13.116234597852152
white-sea,219,10.452459335327148,13.111316345584004
white-sea,220,10.465142250061035,13.097539649471157
white-sea,221,10.47373104095459,13.075692124520577
white-sea,222,10.478513717651367,13.050565516564152
white-sea,223,10.479646682739258,13.022945157943232
white-sea,224,10.477102279663086,12.992789271570018
white-sea,225,10.471250534057617,12.962287988970353
white-sea,226,10.462469100952148,12.931902002519173
white-sea,227,10.450753211975098,12.900431128471128
white-sea,228,10.435942649841309,12.866453241532845
white-sea,229,10.417976379394531,12.827478178085817
white-sea,230,10.397007942199707,12.786603370789557
white-sea,231,10.373278617858887,12.744822889758693
white-sea,232,10.34682559967041,12.69792402944257
white-sea,233,10.317983627319336,12.64620039847589
white-sea,234,10.287251472473145,12.592233805502612
white-sea,235,10.254964828491211,12.538139189443278
white-sea,236,10.221081733703613,12.483819361655941
white-sea,237,10.185395240783691,12.430122858478176
white-sea,238,10.147968292236328,12.3727082098684
white-sea,239,10.10895824432373,12.310452412020775
white-sea,240,10.068779945373535,12.25312335721908
white-sea,241,10.027420997619629,12.201316332047986
white-sea,242,9.985033988952637,12.148723980688278
white-sea,243,9.941664695739746,12.093533968156382
white-sea,244,9.896961212158203,12.036478291788407
white-sea,245,9.850711822509766,11.975432048305388
white-sea,246,9.802706718444824,11.911881049986809
white-sea,247,9.752737045288086,11.843129687155447
white-sea,248,9.700968742370605,11.767813497974029
white-sea,249,9.647610664367676,11.690018616953205
white-sea,250,9.592720031738281,11.610360028666836
white-sea,251,9.535985946655273,11.531774665463354
white-sea,252,9.477245330810547,11.458437301266578
white-sea,253,9.416485786437988,11.385582702390607
white-sea,254,9.35409164428711,11.30747385640298
white-sea,255,9.290336608886719,11.228479163877424
white-sea,256,9.225114822387695,11.148002381478587
white-sea,257,9.1582612991333,11.064354490464732
white-sea,258,9.089791297912598,10.975923467451528
white-sea,259,9.019600868225098,10.886649147156746
white-sea,260,8.947588920593262,10.797156201639483
white-sea,261,8.87356948852539,10.706201448748189
white-sea,262,8.797801971435547,10.614052938645887
white-sea,263,8.720494270324707,10.51949078036893
white-sea,264,8.6417236328125,10.421056922789544
white-sea,265,8.561113357543945,10.320967311243859
white-sea,266,8.478527069091797,10.218011274645406
white-sea,267,8.39417839050293,10.11115859862297
white-sea,268,8.30836296081543,10.0036116661564
white-sea,269,8.221390724182129,9.898762730629212
white-sea,270,8.133225440979004,9.79746702871015
white-sea,271,8.044015884399414,9.694646416940998
white-sea,272,7.953869819641113,9.592766567968553
white-sea,273,7.8628153800964355,9.490208361225744
white-sea,274,7.770934581756592,9.38798834739193
white-sea,275,7.6783246994018555,9.280798179872576
white-sea,276,7.585033893585205,9.173843846782562
white-sea,277,7.491218090057373,9.066611594538534
white-sea,278,7.396921634674072,8.961245578335177
white-sea,279,7.302103519439697,8.86028943215647
white-sea,280,7.2066144943237305,8.758119615431756
white-sea,281,7.110637664794922,8.655409914447414
white-sea,282,7.014359474182129,8.551209354400635
white-sea,283,6.918003082275391,8.445831629537768
white-sea,284,6.821635723114014,8.339582766256024
white-sea,285,6.725225925445557,8.239246285346248
white-sea,286,6.6285200119018555,8.138606891324445
white-sea,287,6.53147029876709,8.033771113426456
white-sea,288,6.4341139793396,7.929229484065888
white-sea,289,6.336543560028076,7.825381283606253
white-sea,290,6.238730430603027,7.720126633490286
white-sea,291,6.140979290008545,7.616461764612506
white-sea,292,6.043383598327637,7.512627555478003
white-sea,293,5.94562292098999,7.40757506893527
white-sea,294,5.847496509552002,7.30334729379223
white-sea,295,5.74888801574707,7.201379582189743
white-sea,296,5.6499199867248535,7.0988460463862255
white-sea,297,5.550886154174805,6.99569539100893
white-sea,298,5.451986312866211,6.894210181697722
white-sea,299,5.353189468383789,6.792277082320182
white-sea,300,5.254244804382324,6.689530552587202
white-sea,301,5.155165672302246,6.588218896619736
white-sea,302,5.055602550506592,6.485741418407811
white-sea,303,4.955609321594238,6.380337941262032
white-sea,304,4.855340957641602,6.272522997087049
white-sea,305,4.754868507385254,6.163281060803322
white-sea,306,4.6542067527771,6.057887460339455
white-sea,307,4.553513050079346,5.951703056212394
white-sea,308,4.45297384262085,5.844694469821069
white-sea,309,4.3528313636779785,5.738321681176463
white-sea,310,4.253251552581787,5.631851793104602
white-sea,311,4.1544928550720215,5.528216585036245
white-sea,312,4.056701183319092,5.426186424686061
white-sea,313,3.960078239440918,5.325514398851701
white-sea,314,3.8645637035369873,5.223658393275352
white-sea,315,3.7702419757843018,5.1211991110155655
white-sea,316,3.6771230697631836,5.017909654494254
white-sea,317,3.5853676795959473,4.914426079873116
white-sea,318,3.495023727416992,4.816252854562575
white-sea,319,3.4059231281280518,4.718063538305221
white-sea,320,3.317854166030884,4.621348504866322
white-sea,321,3.2306997776031494,4.527837252616881
white-sea,322,3.144387722015381,4.434405387601545
white-sea,323,3.0589091777801514,4.341909512396781
white-sea,324,2.9745724201202393,4.250167289087849
white-sea,325,2.8916289806365967,4.158389924418542
white-sea,326,2.810020685195923,4.066335497363921
white-sea,327,2.7298519611358643,3.9761635149678884
white-sea,328,2.6511754989624023,3.886309558345426
white-sea,329,2.5738413333892822,3.7944374107545427
white-sea,330,2.4978902339935303,3.703688357722376
white-sea,331,2.423429489135742,3.615864041543777
white-sea,332,2.3506224155426025,3.5298164398439487
white-sea,333,2.279512643814087,3.4463881123450504
white-sea,334,2.2100582122802734,3.365842426207759
white-sea,335,2.141927719116211,3.287966773586889
white-sea,336,2.0750346183776855,3.2108351046039223
white-sea,337,2.0094783306121826,3.1337345653964634
white-sea,338,1.945044994354248,3.0598163293254
white-sea,339,1.8814364671707153,2.9874813906608093
white-sea,340,1.8186012506484985,2.916594959843544
white-sea,341,1.7565439939498901,2.845396310667838
white-sea,342,1.6952298879623413,2.773408700573829
white-sea,343,1.6344375610351562,2.6997116738750093
white-sea,344,1.5741639137268066,2.626656262336239
white-sea,345,1.514519214630127,2.5566469600123742
white-sea,346,1.4554659128189087,2.488569831463598
white-sea,347,1.3968993425369263,2.4186323577357878
white-sea,348,1.3387765884399414,2.350788293730828
white-sea,349,1.2811461687088013,2.282717493657143
white-sea,350,1.2239969968795776,2.2164339788498415
white-sea,351,1.1672440767288208,2.1521363242979974
white-sea,352,1.1103800535202026,2.0890047073364264
white-sea,353,1.053856611251831,2.02420978507688
white-sea,354,0.997887372970581,1.9600735637449451
white-sea,355,0.9424136877059937,1.8947843397817306
white-sea,356,0.8871673941612244,1.826777756983234
white-sea,357,0.8322950601577759,1.758991598890674
white-sea,358,0.7778143286705017,1.6913238404258606
white-sea,359,0.7236801981925964,1.625373438673635
white-sea,360,0.670015275478363,1.563071102673008
white-sea,361,0.6170141696929932,1.5010581937528427
white-sea,362,0.5648099780082703,1.4376199693449083
white-sea,363,0.5133432745933533,1.374486300637645
white-sea,364,0.46286967396736145,1.313675954745662
white-sea,365,0.41329002380371094,1.2534170074808983
white-sea,366,0.36483004689216614,1.1931047216538457
