region,date,sst_c,region_cells,valid_cells,missing_sst_cells,ice_cells
european-seas,1981-09-01,20.35481,12740,11456,1284,0
european-seas,1981-09-02,20.442478,12740,11456,1284,0
european-seas,1981-09-03,20.475319,12740,11456,1284,0
european-seas,1981-09-04,20.470419,12740,11456,1284,0
european-seas,1981-09-05,20.383507,12740,11456,1284,0
european-seas,1981-09-06,20.327768,12740,11456,1284,0
european-seas,1981-09-07,20.301607,12740,11456,1284,0
european-seas,1981-09-08,20.257114,12740,11456,1284,0
european-seas,1981-09-09,20.185514,12740,11456,1284,0
european-seas,1981-09-10,20.067379,12740,11456,1284,0
european-seas,1981-09-11,20.089737,12740,11456,1284,0
european-seas,1981-09-12,20.141201,12740,11456,1284,0
european-seas,1981-09-13,20.134705,12740,11456,1284,0
european-seas,1981-09-14,20.075224,12740,11456,1284,0
european-seas,1981-09-15,20.054092,12740,11456,1284,0
european-seas,1981-09-16,20.012226,12740,11456,1284,0
european-seas,1981-09-17,19.87052,12740,11456,1284,0
european-seas,1981-09-18,19.825386,12740,11456,1284,0
european-seas,1981-09-19,19.803938,12740,11456,1284,0
european-seas,1981-09-20,19.696198,12740,11456,1284,0
european-seas,1981-09-21,19.659946,12740,11456,1284,0
european-seas,1981-09-22,19.618769,12740,11456,1284,0
european-seas,1981-09-23,19.55835,12740,11456,1284,0
european-seas,1981-09-24,19.532038,12740,11456,1284,0
european-seas,1981-09-25,19.45548,12740,11456,1284,0
european-seas,1981-09-26,19.349726,12740,11456,1284,0
european-seas,1981-09-27,19.221231,12740,11456,1284,0
european-seas,1981-09-28,19.120607,12740,11456,1284,0
european-seas,1981-09-29,19.125692,12740,11456,1284,0
european-seas,1981-09-30,19.126944,12740,11456,1284,0
european-seas,1981-10-01,19.033264,12740,11456,1284,0
european-seas,1981-10-02,18.890448,12740,11456,1284,0
european-seas,1981-10-03,18.763098,12740,11456,1284,0
european-seas,1981-10-04,18.70721,12740,11456,1284,0
european-seas,1981-10-05,18.675308,12740,11456,1284,0
european-seas,1981-10-06,18.626791,12740,11456,1284,0
european-seas,1981-10-07,18.555185,12740,11456,1284,0
european-seas,1981-10-08,18.510092,12740,11456,1284,0
european-seas,1981-10-09,18.439354,12740,11456,1284,0
european-seas,1981-10-10,18.347452,12740,11456,1284,0
european-seas,1981-10-11,18.209337,12740,11456,1284,0
european-seas,1981-10-12,18.139215,12740,11456,1284,0
european-seas,1981-10-13,18.121716,12740,11456,1284,0
european-seas,1981-10-14,18.086094,12740,11456,1284,0
european-seas,1981-10-15,18.053982,12740,11456,1284,0
european-seas,1981-10-16,18.037628,12740,11456,1284,0
european-seas,1981-10-17,17.937246,12740,11456,1284,0
european-seas,1981-10-18,17.847286,12740,11456,1284,0
european-seas,1981-10-19,17.786633,12740,11456,1284,0
european-seas,1981-10-20,17.704264,12740,11456,1284,0
european-seas,1981-10-21,17.562963,12740,11456,1284,0
european-seas,1981-10-22,17.438066,12740,11456,1284,0
european-seas,1981-10-23,17.339024,12740,11456,1284,0
european-seas,1981-10-24,17.294636,12740,11456,1284,0
european-seas,1981-10-25,17.238853,12740,11456,1284,0
european-seas,1981-10-26,17.095339,12740,11456,1284,0
european-seas,1981-10-27,16.917707,12740,11456,1284,0
european-seas,1981-10-28,16.874899,12740,11456,1284,0
european-seas,1981-10-29,16.701626,12740,11456,1284,0
european-seas,1981-10-30,16.549835,12740,11456,1284,0
european-seas,1981-10-31,16.54207,12740,11436,1284,20
european-seas,1981-11-01,16.467566,12740,11424,1284,32
european-seas,1981-11-02,16.331722,12740,11393,1284,63
european-seas,1981-11-03,16.357538,12740,11375,1284,81
european-seas,1981-11-04,16.327047,12740,11348,1284,108
european-seas,1981-11-05,16.231747,12740,11345,1284,111
european-seas,1981-11-06,16.183413,12740,11339,1284,117
european-seas,1981-11-07,16.064255,12740,11343,1284,113
european-seas,1981-11-08,15.988332,12740,11329,1284,127
european-seas,1981-11-09,15.840043,12740,11361,1284,95
european-seas,1981-11-10,15.707142,12740,11344,1284,112
european-seas,1981-11-11,15.636971,12740,11371,1284,85
european-seas,1981-11-12,15.511227,12740,11351,1284,105
european-seas,1981-11-13,15.346236,12740,11361,1284,95
european-seas,1981-11-14,15.219497,12740,11302,1284,154
european-seas,1981-11-15,15.114468,12740,11310,1284,146
european-seas,1981-11-16,14.978364,12740,11297,1284,159
european-seas,1981-11-17,14.882446,12740,11298,1284,158
european-seas,1981-11-18,14.804992,12740,11286,1284,170
european-seas,1981-11-19,14.669583,12740,11351,1284,105
european-seas,1981-11-20,14.650635,12740,11318,1284,138
european-seas,1981-11-21,14.601992,12740,11360,1284,96
european-seas,1981-11-22,14.555547,12740,11325,1284,131
european-seas,1981-11-23,14.509068,12740,11344,1284,112
european-seas,1981-11-24,14.527104,12740,11286,1284,170
european-seas,1981-11-25,14.490964,12740,11289,1284,167
european-seas,1981-11-26,14.493142,12740,11291,1284,165
european-seas,1981-11-27,14.417392,12740,11314,1284,142
european-seas,1981-11-28,14.302646,12740,11307,1284,149
european-seas,1981-11-29,13.989668,12740,11337,1284,119
european-seas,1981-11-30,14.0439005,12740,11204,1284,252
european-seas,1981-12-01,13.968184,12740,11233,1284,223
european-seas,1981-12-02,13.972605,12740,11111,1284,345
european-seas,1981-12-03,13.949493,12740,11098,1284,358
european-seas,1981-12-04,13.960562,12740,11052,1284,404
european-seas,1981-12-05,13.845581,12740,11078,1284,378
european-seas,1981-12-06,13.782761,12740,10987,1284,469
european-seas,1981-12-07,13.776892,12740,11036,1284,420
european-seas,1981-12-08,13.768985,12740,10987,1284,469
european-seas,1981-12-09,13.623522,12740,11021,1284,435
european-seas,1981-12-10,13.544207,12740,10962,1284,494
european-seas,1981-12-11,13.489082,12740,11018,1284,438
european-seas,1981-12-12,13.55207,12740,10903,1284,553
european-seas,1981-12-13,13.5007305,12740,10956,1284,500
european-seas,1981-12-14,13.469019,12740,10892,1284,564
european-seas,1981-12-15,13.410064,12740,10942,1284,514
european-seas,1981-12-16,13.451355,12740,10867,1284,589
european-seas,1981-12-17,13.341041,12740,10961,1284,495
european-seas,1981-12-18,13.285718,12740,10879,1284,577
european-seas,1981-12-19,13.0488825,12740,10937,1284,519
european-seas,1981-12-20,12.986268,12740,10865,1284,591
european-seas,1981-12-21,12.861192,12740,10912,1284,544
european-seas,1981-12-22,12.8662,12740,10840,1284,616
european-seas,1981-12-23,12.851258,12740,10870,1284,586
european-seas,1981-12-24,12.850376,12740,10847,1284,609
european-seas,1981-12-25,12.745775,12740,10901,1284,555
european-seas,1981-12-26,12.761752,12740,10861,1284,595
european-seas,1981-12-27,12.681355,12740,10916,1284,540
european-seas,1981-12-28,12.702194,12740,10868,1284,588
european-seas,1981-12-29,12.623457,12740,10957,1284,499
european-seas,1981-12-30,12.579224,12740,10957,1284,499
european-seas,1981-12-31,12.511276,12740,10899,1284,557
european-seas,1982-01-01,12.693,12740,10597,1284,859
european-seas,1982-01-02,12.799012,12740,10597,1284,859
european-seas,1982-01-03,12.839406,12740,10676,1284,780
european-seas,1982-01-04,12.775936,12740,10676,1284,780
european-seas,1982-01-05,12.773866,12740,10514,1284,942
european-seas,1982-01-06,12.666068,12740,10544,1284,912
european-seas,1982-01-07,12.618055,12740,10451,1284,1005
european-seas,1982-01-08,12.499092,12740,10476,1284,980
european-seas,1982-01-09,12.524932,12740,10397,1284,1059
european-seas,1982-01-10,12.479982,12740,10418,1284,1038
european-seas,1982-01-11,12.568466,12740,10359,1284,1097
european-seas,1982-01-12,12.5255995,12740,10463,1284,993
european-seas,1982-01-13,12.532818,12740,10402,1284,1054
european-seas,1982-01-14,12.420343,12740,10504,1284,952
european-seas,1982-01-15,12.435958,12740,10453,1284,1003
european-seas,1982-01-16,12.349408,12740,10521,1284,935
european-seas,1982-01-17,12.3832445,12740,10452,1284,1004
european-seas,1982-01-18,12.355905,12740,10492,1284,964
european-seas,1982-01-19,12.420137,12740,10452,1284,1004
european-seas,1982-01-20,12.320132,12740,10480,1284,976
european-seas,1982-01-21,12.275305,12740,10436,1284,1020
european-seas,1982-01-22,12.2791195,12740,10469,1284,987
european-seas,1982-01-23,12.202756,12740,10448,1284,1008
european-seas,1982-01-24,12.150696,12740,10512,1284,944
european-seas,1982-01-25,12.256989,12740,10457,1284,999
european-seas,1982-01-26,12.245577,12740,10545,1284,911
european-seas,1982-01-27,12.279763,12740,10467,1284,989
european-seas,1982-01-28,12.166707,12740,10526,1284,930
european-seas,1982-01-29,12.136583,12740,10483,1284,973
european-seas,1982-01-30,12.026759,12740,10532,1284,924
european-seas,1982-01-31,12.06087,12740,10401,1284,1055
european-seas,1982-02-01,11.971909,12740,10463,1284,993
european-seas,1982-02-02,12.048032,12740,10359,1284,1097
european-seas,1982-02-03,12.029005,12740,10411,1284,1045
european-seas,1982-02-04,12.100231,12740,10367,1284,1089
european-seas,1982-02-05,12.061686,12740,10425,1284,1031
european-seas,1982-02-06,12.103207,12740,10348,1284,1108
european-seas,1982-02-07,11.917871,12740,10468,1284,988
european-seas,1982-02-08,11.933811,12740,10389,1284,1067
european-seas,1982-02-09,11.822501,12740,10514,1284,942
european-seas,1982-02-10,11.884196,12740,10407,1284,1049
european-seas,1982-02-11,11.765574,12740,10509,1284,947
european-seas,1982-02-12,11.80207,12740,10467,1284,989
european-seas,1982-02-13,11.748399,12740,10536,1284,920
european-seas,1982-02-14,11.806135,12740,10482,1284,974
european-seas,1982-02-15,11.737408,12740,10593,1284,863
european-seas,1982-02-16,11.797026,12740,10517,1284,939
european-seas,1982-02-17,11.72991,12740,10597,1284,859
european-seas,1982-02-18,11.739605,12740,10491,1284,965
european-seas,1982-02-19,11.706659,12740,10533,1284,923
european-seas,1982-02-20,11.745869,12740,10491,1284,965
european-seas,1982-02-21,11.722686,12740,10533,1284,923
european-seas,1982-02-22,11.756705,12740,10477,1284,979
european-seas,1982-02-23,11.682834,12740,10564,1284,892
european-seas,1982-02-24,11.783056,12740,10484,1284,972
european-seas,1982-02-25,11.75768,12740,10541,1284,915
european-seas,1982-02-26,11.717365,12740,10469,1284,987
european-seas,1982-02-27,11.529618,12740,10513,1284,943
european-seas,1982-02-28,11.717912,12740,10410,1284,1046
european-seas,1982-03-01,11.788273,12740,10502,1284,954
european-seas,1982-03-02,11.887149,12740,10451,1284,1005
european-seas,1982-03-03,11.836513,12740,10533,1284,923
european-seas,1982-03-04,11.878558,12740,10506,1284,950
european-seas,1982-03-05,11.80715,12740,10598,1284,858
european-seas,1982-03-06,11.830771,12740,10492,1284,964
european-seas,1982-03-07,11.786563,12740,10555,1284,901
european-seas,1982-03-08,11.82112,12740,10470,1284,986
european-seas,1982-03-09,11.7631235,12740,10554,1284,902
european-seas,1982-03-10,11.887406,12740,10436,1284,1020
european-seas,1982-03-11,11.860595,12740,10526,1284,930
european-seas,1982-03-12,11.886339,12740,10441,1284,1015
european-seas,1982-03-13,11.764304,12740,10535,1284,921
european-seas,1982-03-14,11.790588,12740,10438,1284,1018
european-seas,1982-03-15,11.70794,12740,10569,1284,887
european-seas,1982-03-16,11.834625,12740,10490,1284,966
european-seas,1982-03-17,11.813341,12740,10611,1284,845
european-seas,1982-03-18,11.875975,12740,10565,1284,891
european-seas,1982-03-19,11.818774,12740,10664,1284,792
european-seas,1982-03-20,11.8327675,12740,10591,1284,865
european-seas,1982-03-21,11.7438755,12740,10699,1284,757
european-seas,1982-03-22,11.802685,12740,10572,1284,884
european-seas,1982-03-23,11.743848,12740,10660,1284,796
european-seas,1982-03-24,11.752243,12740,10592,1284,864
european-seas,1982-03-25,11.825188,12740,10627,1284,829
european-seas,1982-03-26,12.019576,12740,10558,1284,898
european-seas,1982-03-27,12.011925,12740,10638,1284,818
european-seas,1982-03-28,12.044552,12740,10578,1284,878
european-seas,1982-03-29,11.96692,12740,10659,1284,797
european-seas,1982-03-30,11.89288,12740,10574,1284,882
european-seas,1982-03-31,11.763855,12740,10620,1284,836
european-seas,1982-04-01,11.879193,12740,10564,1284,892
european-seas,1982-04-02,11.964203,12740,10631,1284,825
european-seas,1982-04-03,12.164366,12740,10550,1284,906
european-seas,1982-04-04,12.212211,12740,10612,1284,844
european-seas,1982-04-05,12.392558,12740,10476,1284,980
european-seas,1982-04-06,12.436346,12740,10558,1284,898
european-seas,1982-04-07,12.586325,12740,10411,1284,1045
european-seas,1982-04-08,12.5058565,12740,10483,1284,973
european-seas,1982-04-09,12.588062,12740,10397,1284,1059
european-seas,1982-04-10,12.575522,12740,10485,1284,971
european-seas,1982-04-11,12.661562,12740,10391,1284,1065
european-seas,1982-04-12,12.55412,12740,10579,1284,877
european-seas,1982-04-13,12.664189,12740,10495,1284,961
european-seas,1982-04-14,12.5121975,12740,10605,1284,851
european-seas,1982-04-15,12.641808,12740,10520,1284,936
european-seas,1982-04-16,12.758859,12740,10605,1284,851
european-seas,1982-04-17,12.964614,12740,10538,1284,918
european-seas,1982-04-18,13.046848,12740,10615,1284,841
european-seas,1982-04-19,13.170228,12740,10486,1284,970
european-seas,1982-04-20,13.028228,12740,10596,1284,860
european-seas,1982-04-21,13.058204,12740,10526,1284,930
european-seas,1982-04-22,13.052181,12740,10598,1284,858
european-seas,1982-04-23,13.097978,12740,10554,1284,902
european-seas,1982-04-24,13.071686,12740,10677,1284,779
european-seas,1982-04-25,13.091133,12740,10549,1284,907
european-seas,1982-04-26,13.128641,12740,10673,1284,783
european-seas,1982-04-27,13.282246,12740,10569,1284,887
european-seas,1982-04-28,13.228307,12740,10624,1284,832
european-seas,1982-04-29,13.170189,12740,10607,1284,849
european-seas,1982-04-30,13.045047,12740,10768,1284,688
european-seas,1982-05-01,13.103392,12740,10728,1284,728
european-seas,1982-05-02,13.039172,12740,11038,1284,418
european-seas,1982-05-03,13.122122,12740,11013,1284,443
european-seas,1982-05-04,13.273715,12740,11044,1284,412
european-seas,1982-05-05,13.32118,12740,11014,1284,442
european-seas,1982-05-06,13.339104,12740,11085,1284,371
european-seas,1982-05-07,13.419086,12740,11001,1284,455
european-seas,1982-05-08,13.384576,12740,11056,1284,400
european-seas,1982-05-09,13.46263,12740,11009,1284,447
european-seas,1982-05-10,13.511299,12740,11051,1284,405
european-seas,1982-05-11,13.676335,12740,11012,1284,444
european-seas,1982-05-12,13.84789,12740,11089,1284,367
european-seas,1982-05-13,14.128851,12740,11055,1284,401
european-seas,1982-05-14,14.321326,12740,11097,1284,359
european-seas,1982-05-15,14.447335,12740,11062,1284,394
european-seas,1982-05-16,14.585422,12740,11126,1284,330
european-seas,1982-05-17,14.793499,12740,11037,1284,419
european-seas,1982-05-18,14.856829,12740,11109,1284,347
european-seas,1982-05-19,14.998796,12740,11059,1284,397
european-seas,1982-05-20,15.127009,12740,11103,1284,353
european-seas,1982-05-21,15.33619,12740,11062,1284,394
european-seas,1982-05-22,15.472772,12740,11117,1284,339
european-seas,1982-05-23,15.596616,12740,11062,1284,394
european-seas,1982-05-24,15.720979,12740,11131,1284,325
european-seas,1982-05-25,15.777939,12740,11054,1284,402
european-seas,1982-05-26,15.817305,12740,11100,1284,356
european-seas,1982-05-27,15.899006,12740,11043,1284,413
european-seas,1982-05-28,15.952387,12740,11058,1284,398
european-seas,1982-05-29,16.083267,12740,11078,1284,378
european-seas,1982-05-30,16.191734,12740,11167,1284,289
european-seas,1982-05-31,16.373919,12740,11189,1284,267
european-seas,1982-06-01,16.388292,12740,11456,1284,0
european-seas,1982-06-02,16.49332,12740,11456,1284,0
european-seas,1982-06-03,16.852457,12740,11456,1284,0
european-seas,1982-06-04,16.948471,12740,11456,1284,0
european-seas,1982-06-05,17.073635,12740,11456,1284,0
european-seas,1982-06-06,17.12299,12740,11456,1284,0
european-seas,1982-06-07,17.251465,12740,11456,1284,0
european-seas,1982-06-08,17.356358,12740,11456,1284,0
european-seas,1982-06-09,17.466639,12740,11456,1284,0
european-seas,1982-06-10,17.597383,12740,11456,1284,0
european-seas,1982-06-11,17.66638,12740,11456,1284,0
european-seas,1982-06-12,17.605356,12740,11456,1284,0
european-seas,1982-06-13,17.550657,12740,11456,1284,0
european-seas,1982-06-14,17.484348,12740,11456,1284,0
european-seas,1982-06-15,17.493793,12740,11456,1284,0
european-seas,1982-06-16,17.517282,12740,11456,1284,0
european-seas,1982-06-17,17.558857,12740,11456,1284,0
european-seas,1982-06-18,17.696203,12740,11456,1284,0
european-seas,1982-06-19,17.770891,12740,11456,1284,0
european-seas,1982-06-20,17.850454,12740,11456,1284,0
european-seas,1982-06-21,18.040123,12740,11456,1284,0
european-seas,1982-06-22,18.278076,12740,11456,1284,0
european-seas,1982-06-23,18.413807,12740,11456,1284,0
european-seas,1982-06-24,18.483429,12740,11456,1284,0
european-seas,1982-06-25,18.65731,12740,11456,1284,0
european-seas,1982-06-26,18.839,12740,11456,1284,0
european-seas,1982-06-27,19.006315,12740,11456,1284,0
european-seas,1982-06-28,19.049814,12740,11456,1284,0
european-seas,1982-06-29,19.087437,12740,11456,1284,0
european-seas,1982-06-30,19.161497,12740,11456,1284,0
european-seas,1982-07-01,19.214096,12740,11456,1284,0
european-seas,1982-07-02,19.261097,12740,11456,1284,0
european-seas,1982-07-03,19.210346,12740,11456,1284,0
european-seas,1982-07-04,19.21826,12740,11456,1284,0
european-seas,1982-07-05,19.261667,12740,11456,1284,0
european-seas,1982-07-06,19.332376,12740,11456,1284,0
european-seas,1982-07-07,19.507915,12740,11456,1284,0
european-seas,1982-07-08,19.69003,12740,11456,1284,0
european-seas,1982-07-09,19.751928,12740,11456,1284,0
european-seas,1982-07-10,19.825932,12740,11456,1284,0
european-seas,1982-07-11,19.989307,12740,11456,1284,0
european-seas,1982-07-12,20.06326,12740,11456,1284,0
european-seas,1982-07-13,20.145964,12740,11456,1284,0
european-seas,1982-07-14,20.211596,12740,11456,1284,0
european-seas,1982-07-15,20.153927,12740,11456,1284,0
european-seas,1982-07-16,20.178885,12740,11456,1284,0
european-seas,1982-07-17,20.367985,12740,11456,1284,0
european-seas,1982-07-18,20.497282,12740,11456,1284,0
european-seas,1982-07-19,20.708254,12740,11456,1284,0
european-seas,1982-07-20,20.811817,12740,11456,1284,0
european-seas,1982-07-21,20.75769,12740,11456,1284,0
european-seas,1982-07-22,20.740965,12740,11456,1284,0
european-seas,1982-07-23,20.8881,12740,11456,1284,0
european-seas,1982-07-24,21.051094,12740,11456,1284,0
european-seas,1982-07-25,21.194178,12740,11456,1284,0
european-seas,1982-07-26,21.126268,12740,11456,1284,0
european-seas,1982-07-27,21.047516,12740,11456,1284,0
european-seas,1982-07-28,21.056934,12740,11456,1284,0
european-seas,1982-07-29,21.073198,12740,11456,1284,0
european-seas,1982-07-30,21.084282,12740,11456,1284,0
european-seas,1982-07-31,21.036318,12740,11456,1284,0
european-seas,1982-08-01,21.024311,12740,11456,1284,0
european-seas,1982-08-02,21.105139,12740,11456,1284,0
european-seas,1982-08-03,21.254635,12740,11456,1284,0
european-seas,1982-08-04,21.220602,12740,11456,1284,0
european-seas,1982-08-05,21.226156,12740,11456,1284,0
european-seas,1982-08-06,21.283504,12740,11456,1284,0
european-seas,1982-08-07,21.294552,12740,11456,1284,0
european-seas,1982-08-08,21.272144,12740,11456,1284,0
european-seas,1982-08-09,21.29134,12740,11456,1284,0
european-seas,1982-08-10,21.22519,12740,11456,1284,0
european-seas,1982-08-11,21.210411,12740,11456,1284,0
european-seas,1982-08-12,21.248287,12740,11456,1284,0
european-seas,1982-08-13,21.234015,12740,11456,1284,0
european-seas,1982-08-14,21.149729,12740,11456,1284,0
european-seas,1982-08-15,21.063766,12740,11456,1284,0
european-seas,1982-08-16,21.019974,12740,11456,1284,0
european-seas,1982-08-17,20.989653,12740,11456,1284,0
european-seas,1982-08-18,20.997557,12740,11456,1284,0
european-seas,1982-08-19,21.026958,12740,11456,1284,0
european-seas,1982-08-20,21.094526,12740,11456,1284,0
european-seas,1982-08-21,21.056772,12740,11456,1284,0
european-seas,1982-08-22,20.979448,12740,11456,1284,0
european-seas,1982-08-23,20.922684,12740,11456,1284,0
european-seas,1982-08-24,20.820381,12740,11456,1284,0
european-seas,1982-08-25,20.641483,12740,11456,1284,0
european-seas,1982-08-26,20.542713,12740,11456,1284,0
european-seas,1982-08-27,20.423136,12740,11456,1284,0
european-seas,1982-08-28,20.460827,12740,11456,1284,0
european-seas,1982-08-29,20.507973,12740,11456,1284,0
european-seas,1982-08-30,20.384598,12740,11456,1284,0
european-seas,1982-08-31,20.300886,12740,11456,1284,0
european-seas,1982-09-01,20.332792,12740,11456,1284,0
european-seas,1982-09-02,20.3069,12740,11456,1284,0
european-seas,1982-09-03,20.279358,12740,11456,1284,0
european-seas,1982-09-04,20.232939,12740,11456,1284,0
european-seas,1982-09-05,20.188457,12740,11456,1284,0
european-seas,1982-09-06,20.147333,12740,11456,1284,0
european-seas,1982-09-07,20.063944,12740,11456,1284,0
european-seas,1982-09-08,20.01914,12740,11456,1284,0
european-seas,1982-09-09,20.057127,12740,11456,1284,0
european-seas,1982-09-10,20.163418,12740,11456,1284,0
european-seas,1982-09-11,20.169367,12740,11456,1284,0
european-seas,1982-09-12,20.164421,12740,11456,1284,0
european-seas,1982-09-13,20.091663,12740,11456,1284,0
european-seas,1982-09-14,20.114288,12740,11456,1284,0
european-seas,1982-09-15,20.019087,12740,11456,1284,0
european-seas,1982-09-16,19.948757,12740,11456,1284,0
european-seas,1982-09-17,19.986855,12740,11456,1284,0
european-seas,1982-09-18,20.012749,12740,11456,1284,0
european-seas,1982-09-19,20.046488,12740,11456,1284,0
european-seas,1982-09-20,20.03479,12740,11456,1284,0
european-seas,1982-09-21,19.994783,12740,11456,1284,0
european-seas,1982-09-22,19.947828,12740,11456,1284,0
european-seas,1982-09-23,19.931147,12740,11456,1284,0
european-seas,1982-09-24,19.927702,12740,11456,1284,0
european-seas,1982-09-25,19.918661,12740,11456,1284,0
european-seas,1982-09-26,19.642519,12740,11456,1284,0
european-seas,1982-09-27,19.481346,12740,11456,1284,0
european-seas,1982-09-28,19.43807,12740,11456,1284,0
european-seas,1982-09-29,19.322432,12740,11456,1284,0
european-seas,1982-09-30,19.336988,12740,11456,1284,0
european-seas,1982-10-01,19.379988,12740,11456,1284,0
european-seas,1982-10-02,19.401537,12740,11456,1284,0
european-seas,1982-10-03,19.339643,12740,11456,1284,0
european-seas,1982-10-04,19.189503,12740,11456,1284,0
european-seas,1982-10-05,19.036644,12740,11456,1284,0
european-seas,1982-10-06,18.73925,12740,11456,1284,0
european-seas,1982-10-07,18.550344,12740,11456,1284,0
european-seas,1982-10-08,18.414856,12740,11456,1284,0
european-seas,1982-10-09,18.299364,12740,11456,1284,0
european-seas,1982-10-10,18.292404,12740,11456,1284,0
european-seas,1982-10-11,18.280931,12740,11456,1284,0
european-seas,1982-10-12,18.275476,12740,11456,1284,0
european-seas,1982-10-13,18.132395,12740,11456,1284,0
european-seas,1982-10-14,18.039581,12740,11456,1284,0
european-seas,1982-10-15,17.983795,12740,11456,1284,0
european-seas,1982-10-16,17.873707,12740,11456,1284,0
european-seas,1982-10-17,17.762833,12740,11456,1284,0
european-seas,1982-10-18,17.663826,12740,11456,1284,0
european-seas,1982-10-19,17.592846,12740,11456,1284,0
european-seas,1982-10-20,17.509192,12740,11456,1284,0
european-seas,1982-10-21,17.386507,12740,11456,1284,0
european-seas,1982-10-22,17.257633,12740,11456,1284,0
european-seas,1982-10-23,17.227667,12740,11456,1284,0
european-seas,1982-10-24,17.178877,12740,11456,1284,0
european-seas,1982-10-25,17.13309,12740,11456,1284,0
european-seas,1982-10-26,17.070457,12740,11456,1284,0
european-seas,1982-10-27,17.04307,12740,11456,1284,0
european-seas,1982-10-28,16.894258,12740,11456,1284,0
european-seas,1982-10-29,16.70702,12740,11456,1284,0
european-seas,1982-10-30,16.561455,12740,11456,1284,0
european-seas,1982-10-31,16.52505,12740,11456,1284,0
european-seas,1982-11-01,16.630686,12740,11358,1284,98
european-seas,1982-11-02,16.603823,12740,11344,1284,112
european-seas,1982-11-03,16.535572,12740,11300,1284,156
european-seas,1982-11-04,16.498941,12740,11290,1284,166
european-seas,1982-11-05,16.443548,12740,11282,1284,174
european-seas,1982-11-06,16.28941,12740,11291,1284,165
european-seas,1982-11-07,16.09602,12740,11273,1284,183
european-seas,1982-11-08,15.861899,12740,11320,1284,136
european-seas,1982-11-09,15.833182,12740,11283,1284,173
european-seas,1982-11-10,15.751383,12740,11323,1284,133
european-seas,1982-11-11,15.6959505,12740,11314,1284,142
european-seas,1982-11-12,15.599737,12740,11330,1284,126
european-seas,1982-11-13,15.569044,12740,11310,1284,146
european-seas,1982-11-14,15.524677,12740,11338,1284,118
european-seas,1982-11-15,15.447602,12740,11323,1284,133
european-seas,1982-11-16,15.321188,12740,11355,1284,101
european-seas,1982-11-17,15.16654,12740,11342,1284,114
european-seas,1982-11-18,14.968515,12740,11351,1284,105
european-seas,1982-11-19,14.962381,12740,11308,1284,148
european-seas,1982-11-20,14.9156275,12740,11334,1284,122
european-seas,1982-11-21,14.885627,12740,11322,1284,134
european-seas,1982-11-22,14.875477,12740,11336,1284,120
european-seas,1982-11-23,14.849514,12740,11333,1284,123
european-seas,1982-11-24,14.761342,12740,11346,1284,110
european-seas,1982-11-25,14.684106,12740,11321,1284,135
european-seas,1982-11-26,14.554426,12740,11355,1284,101
european-seas,1982-11-27,14.340439,12740,11348,1284,108
european-seas,1982-11-28,14.232129,12740,11357,1284,99
european-seas,1982-11-29,14.161231,12740,11341,1284,115
european-seas,1982-11-30,14.120562,12740,11347,1284,109
european-seas,1982-12-01,14.196783,12740,11155,1284,301
european-seas,1982-12-02,14.066316,12740,11163,1284,293
european-seas,1982-12-03,14.030913,12740,11039,1284,417
european-seas,1982-12-04,13.976815,12740,11035,1284,421
european-seas,1982-12-05,13.93496,12740,10966,1284,490
european-seas,1982-12-06,13.869413,12740,11007,1284,449
european-seas,1982-12-07,13.862242,12740,10939,1284,517
european-seas,1982-12-08,13.898391,12740,11012,1284,444
european-seas,1982-12-09,13.91868,12740,10962,1284,494
european-seas,1982-12-10,13.737071,12740,11037,1284,419
european-seas,1982-12-11,13.65319,12740,10972,1284,484
european-seas,1982-12-12,13.539637,12740,11046,1284,410
european-seas,1982-12-13,13.516966,12740,10966,1284,490
european-seas,1982-12-14,13.370883,12740,11040,1284,416
european-seas,1982-12-15,13.303083,12740,10961,1284,495
european-seas,1982-12-16,13.256976,12740,11006,1284,450
european-seas,1982-12-17,13.334781,12740,10931,1284,525
european-seas,1982-12-18,13.20587,12740,10997,1284,459
european-seas,1982-12-19,13.224916,12740,10962,1284,494
european-seas,1982-12-20,13.213752,12740,11026,1284,430
european-seas,1982-12-21,13.228319,12740,10996,1284,460
european-seas,1982-12-22,13.105541,12740,11081,1284,375
european-seas,1982-12-23,12.980309,12740,11013,1284,443
european-seas,1982-12-24,12.795098,12740,11099,1284,357
european-seas,1982-12-25,12.747519,12740,11056,1284,400
european-seas,1982-12-26,12.747046,12740,11095,1284,361
european-seas,1982-12-27,12.801486,12740,11038,1284,418
european-seas,1982-12-28,12.763479,12740,11075,1284,381
european-seas,1982-12-29,12.757495,12740,11024,1284,432
european-seas,1982-12-30,12.656177,12740,11086,1284,370
european-seas,1982-12-31,12.674066,12740,10895,1284,561
european-seas,1983-01-01,12.630163,12740,10929,1284,527
european-seas,1983-01-02,12.630219,12740,10825,1284,631
european-seas,1983-01-03,12.577257,12740,10867,1284,589
european-seas,1983-01-04,12.607778,12740,10710,1284,746
european-seas,1983-01-05,12.454405,12740,10816,1284,640
european-seas,1983-01-06,12.565096,12740,10662,1284,794
european-seas,1983-01-07,12.538408,12740,10802,1284,654
european-seas,1983-01-08,12.572891,12740,10633,1284,823
european-seas,1983-01-09,12.4150095,12740,10754,1284,702
european-seas,1983-01-10,12.400298,12740,10674,1284,782
european-seas,1983-01-11,12.304636,12740,10797,1284,659
european-seas,1983-01-12,12.335334,12740,10721,1284,735
european-seas,1983-01-13,12.222342,12740,10859,1284,597
european-seas,1983-01-14,12.299538,12740,10680,1284,776
european-seas,1983-01-15,12.179631,12740,10822,1284,634
european-seas,1983-01-16,12.193705,12740,10654,1284,802
european-seas,1983-01-17,12.094251,12740,10736,1284,720
european-seas,1983-01-18,12.136291,12740,10575,1284,881
european-seas,1983-01-19,12.068329,12740,10664,1284,792
european-seas,1983-01-20,12.130481,12740,10602,1284,854
european-seas,1983-01-21,12.009332,12740,10709,1284,747
european-seas,1983-01-22,11.969357,12740,10629,1284,827
european-seas,1983-01-23,11.857497,12740,10798,1284,658
european-seas,1983-01-24,11.937019,12740,10669,1284,787
european-seas,1983-01-25,11.838881,12740,10825,1284,631
european-seas,1983-01-26,11.896919,12740,10719,1284,737
european-seas,1983-01-27,11.872079,12740,10809,1284,647
european-seas,1983-01-28,11.900638,12740,10691,1284,765
european-seas,1983-01-29,11.73702,12740,10762,1284,694
european-seas,1983-01-30,11.749908,12740,10665,1284,791
european-seas,1983-01-31,11.7600355,12740,10725,1284,731
european-seas,1983-02-01,11.934238,12740,10568,1284,888
european-seas,1983-02-02,11.886783,12740,10637,1284,819
european-seas,1983-02-03,11.906077,12740,10543,1284,913
european-seas,1983-02-04,11.793999,12740,10617,1284,839
european-seas,1983-02-05,11.819643,12740,10490,1284,966
european-seas,1983-02-06,11.739913,12740,10583,1284,873
european-seas,1983-02-07,11.745987,12740,10481,1284,975
european-seas,1983-02-08,11.602087,12740,10569,1284,887
european-seas,1983-02-09,11.52585,12740,10500,1284,956
european-seas,1983-02-10,11.319933,12740,10680,1284,776
european-seas,1983-02-11,11.333224,12740,10616,1284,840
european-seas,1983-02-12,11.267295,12740,10754,1284,702
european-seas,1983-02-13,11.399383,12740,10653,1284,803
european-seas,1983-02-14,11.360448,12740,10760,1284,696
european-seas,1983-02-15,11.433394,12740,10665,1284,791
european-seas,1983-02-16,11.422983,12740,10746,1284,710
european-seas,1983-02-17,11.507602,12740,10654,1284,802
european-seas,1983-02-18,11.473325,12740,10677,1284,779
european-seas,1983-02-19,11.480047,12740,10620,1284,836
european-seas,1983-02-20,11.437475,12740,10675,1284,781
european-seas,1983-02-21,11.452254,12740,10601,1284,855
european-seas,1983-02-22,11.404676,12740,10691,1284,765
european-seas,1983-02-23,11.43024,12740,10603,1284,853
european-seas,1983-02-24,11.344844,12740,10678,1284,778
european-seas,1983-02-25,11.4014,12740,10620,1284,836
european-seas,1983-02-26,11.4418,12740,10688,1284,768
european-seas,1983-02-27,11.516642,12740,10638,1284,818
european-seas,1983-02-28,11.471419,12740,10696,1284,760
european-seas,1983-03-01,11.465852,12740,10588,1284,868
european-seas,1983-03-02,11.390723,12740,10668,1284,788
european-seas,1983-03-03,11.453992,12740,10557,1284,899
european-seas,1983-03-04,11.389623,12740,10597,1284,859
european-seas,1983-03-05,11.455442,12740,10521,1284,935
european-seas,1983-03-06,11.489428,12740,10573,1284,883
european-seas,1983-03-07,11.672284,12740,10512,1284,944
european-seas,1983-03-08,11.660403,12740,10573,1284,883
european-seas,1983-03-09,11.682828,12740,10510,1284,946
european-seas,1983-03-10,11.606846,12740,10594,1284,862
european-seas,1983-03-11,11.645113,12740,10508,1284,948
european-seas,1983-03-12,11.581197,12740,10590,1284,866
european-seas,1983-03-13,11.576747,12740,10508,1284,948
european-seas,1983-03-14,11.519138,12740,10592,1284,864
european-seas,1983-03-15,11.518678,12740,10529,1284,927
european-seas,1983-03-16,11.45198,12740,10657,1284,799
european-seas,1983-03-17,11.542446,12740,10550,1284,906
european-seas,1983-03-18,11.526062,12740,10683,1284,773
european-seas,1983-03-19,11.624639,12740,10564,1284,892
european-seas,1983-03-20,11.674296,12740,10662,1284,794
european-seas,1983-03-21,11.8245735,12740,10570,1284,886
european-seas,1983-03-22,11.821867,12740,10631,1284,825
european-seas,1983-03-23,11.909513,12740,10539,1284,917
european-seas,1983-03-24,11.8754015,12740,10648,1284,808
european-seas,1983-03-25,11.837434,12740,10587,1284,869
european-seas,1983-03-26,11.731662,12740,10720,1284,736
european-seas,1983-03-27,11.766738,12740,10651,1284,805
european-seas,1983-03-28,11.674405,12740,10753,1284,703
european-seas,1983-03-29,11.697994,12740,10686,1284,770
european-seas,1983-03-30,11.667989,12740,10803,1284,653
european-seas,1983-03-31,11.744022,12740,10723,1284,733
european-seas,1983-04-01,11.633996,12740,10787,1284,669
european-seas,1983-04-02,11.703365,12740,10707,1284,749
european-seas,1983-04-03,11.632956,12740,10816,1284,640
european-seas,1983-04-04,11.756933,12740,10737,1284,719
european-seas,1983-04-05,11.812521,12740,10800,1284,656
european-seas,1983-04-06,11.930356,12740,10740,1284,716
european-seas,1983-04-07,12.043729,12740,10822,1284,634
european-seas,1983-04-08,12.251531,12740,10704,1284,752
european-seas,1983-04-09,12.25325,12740,10782,1284,674
european-seas,1983-04-10,12.398938,12740,10620,1284,836
european-seas,1983-04-11,12.415157,12740,10699,1284,757
european-seas,1983-04-12,12.473291,12740,10603,1284,853
european-seas,1983-04-13,12.427463,12740,10670,1284,786
european-seas,1983-04-14,12.519445,12740,10563,1284,893
european-seas,1983-04-15,12.465835,12740,10694,1284,762
european-seas,1983-04-16,12.492888,12740,10561,1284,895
european-seas,1983-04-17,12.335811,12740,10679,1284,777
european-seas,1983-04-18,12.294732,12740,10578,1284,878
european-seas,1983-04-19,12.141273,12740,10737,1284,719
european-seas,1983-04-20,12.240083,12740,10645,1284,811
european-seas,1983-04-21,12.269193,12740,10772,1284,684
european-seas,1983-04-22,12.626215,12740,10685,1284,771
european-seas,1983-04-23,12.664094,12740,10796,1284,660
european-seas,1983-04-24,12.822837,12740,10683,1284,773
european-seas,1983-04-25,12.928527,12740,10778,1284,678
european-seas,1983-04-26,13.098614,12740,10654,1284,802
european-seas,1983-04-27,13.102598,12740,10762,1284,694
european-seas,1983-04-28,13.188577,12740,10764,1284,692
european-seas,1983-04-29,13.170188,12740,10911,1284,545
european-seas,1983-04-30,13.262396,12740,10887,1284,569
european-seas,1983-05-01,13.172233,12740,11174,1284,282
european-seas,1983-05-02,13.318371,12740,11121,1284,335
european-seas,1983-05-03,13.412635,12740,11172,1284,284
european-seas,1983-05-04,13.433736,12740,11116,1284,340
european-seas,1983-05-05,13.505515,12740,11146,1284,310
european-seas,1983-05-06,13.664215,12740,11088,1284,368
european-seas,1983-05-07,13.752218,12740,11124,1284,332
european-seas,1983-05-08,13.864675,12740,11042,1284,414
european-seas,1983-05-09,13.787365,12740,11103,1284,353
european-seas,1983-05-10,13.764213,12740,11061,1284,395
european-seas,1983-05-11,13.857518,12740,11106,1284,350
european-seas,1983-05-12,14.102676,12740,11056,1284,400
european-seas,1983-05-13,14.193139,12740,11112,1284,344
european-seas,1983-05-14,14.417554,12740,10993,1284,463
european-seas,1983-05-15,14.490487,12740,11042,1284,414
european-seas,1983-05-16,14.621112,12740,10989,1284,467
european-seas,1983-05-17,14.692213,12740,11036,1284,420
european-seas,1983-05-18,14.820396,12740,10974,1284,482
european-seas,1983-05-19,14.915415,12740,11072,1284,384
european-seas,1983-05-20,15.019222,12740,10991,1284,465
european-seas,1983-05-21,15.044602,12740,11085,1284,371
european-seas,1983-05-22,15.135191,12740,11035,1284,421
european-seas,1983-05-23,15.057817,12740,11080,1284,376
european-seas,1983-05-24,15.131999,12740,10992,1284,464
european-seas,1983-05-25,15.266167,12740,11033,1284,423
european-seas,1983-05-26,15.408377,12740,11019,1284,437
european-seas,1983-05-27,15.490671,12740,11075,1284,381
european-seas,1983-05-28,15.616652,12740,11056,1284,400
european-seas,1983-05-29,15.709808,12740,11088,1284,368
european-seas,1983-05-30,15.816732,12740,11118,1284,338
european-seas,1983-05-31,15.874673,12740,11267,1284,189
european-seas,1983-06-01,15.979226,12740,11286,1284,170
european-seas,1983-06-02,15.970558,12740,11456,1284,0
european-seas,1983-06-03,16.073872,12740,11456,1284,0
european-seas,1983-06-04,16.33989,12740,11456,1284,0
european-seas,1983-06-05,16.462751,12740,11456,1284,0
european-seas,1983-06-06,16.590343,12740,11456,1284,0
european-seas,1983-06-07,16.65884,12740,11456,1284,0
european-seas,1983-06-08,16.637325,12740,11456,1284,0
european-seas,1983-06-09,16.704708,12740,11456,1284,0
european-seas,1983-06-10,16.756714,12740,11456,1284,0
european-seas,1983-06-11,16.837505,12740,11456,1284,0
european-seas,1983-06-12,16.996294,12740,11456,1284,0
european-seas,1983-06-13,17.128622,12740,11456,1284,0
european-seas,1983-06-14,17.179296,12740,11456,1284,0
european-seas,1983-06-15,17.245026,12740,11456,1284,0
european-seas,1983-06-16,17.260204,12740,11456,1284,0
european-seas,1983-06-17,17.256224,12740,11456,1284,0
european-seas,1983-06-18,17.375341,12740,11456,1284,0
european-seas,1983-06-19,17.469814,12740,11456,1284,0
european-seas,1983-06-20,17.543137,12740,11456,1284,0
european-seas,1983-06-21,17.535727,12740,11456,1284,0
european-seas,1983-06-22,17.644941,12740,11456,1284,0
european-seas,1983-06-23,17.903734,12740,11456,1284,0
european-seas,1983-06-24,18.02117,12740,11456,1284,0
european-seas,1983-06-25,17.981943,12740,11456,1284,0
european-seas,1983-06-26,18.014349,12740,11456,1284,0
european-seas,1983-06-27,17.997335,12740,11456,1284,0
european-seas,1983-06-28,17.982565,12740,11456,1284,0
european-seas,1983-06-29,18.123241,12740,11456,1284,0
european-seas,1983-06-30,18.264687,12740,11456,1284,0
european-seas,1983-07-01,18.34983,12740,11456,1284,0
european-seas,1983-07-02,18.402414,12740,11456,1284,0
european-seas,1983-07-03,18.455736,12740,11456,1284,0
european-seas,1983-07-04,18.649473,12740,11456,1284,0
european-seas,1983-07-05,18.840328,12740,11456,1284,0
european-seas,1983-07-06,19.141598,12740,11456,1284,0
european-seas,1983-07-07,19.384905,12740,11456,1284,0
european-seas,1983-07-08,19.60747,12740,11456,1284,0
european-seas,1983-07-09,19.816648,12740,11456,1284,0
european-seas,1983-07-10,20.103622,12740,11456,1284,0
european-seas,1983-07-11,20.32322,12740,11456,1284,0
european-seas,1983-07-12,20.378231,12740,11456,1284,0
european-seas,1983-07-13,20.55856,12740,11456,1284,0
european-seas,1983-07-14,20.73875,12740,11456,1284,0
european-seas,1983-07-15,20.753368,12740,11456,1284,0
european-seas,1983-07-16,20.676126,12740,11456,1284,0
european-seas,1983-07-17,20.697334,12740,11456,1284,0
european-seas,1983-07-18,20.718987,12740,11456,1284,0
european-seas,1983-07-19,20.62479,12740,11456,1284,0
european-seas,1983-07-20,20.567757,12740,11456,1284,0
european-seas,1983-07-21,20.621101,12740,11456,1284,0
european-seas,1983-07-22,20.669388,12740,11456,1284,0
european-seas,1983-07-23,20.67196,12740,11456,1284,0
european-seas,1983-07-24,20.776255,12740,11456,1284,0
european-seas,1983-07-25,20.818571,12740,11456,1284,0
european-seas,1983-07-26,20.882532,12740,11456,1284,0
european-seas,1983-07-27,20.914148,12740,11456,1284,0
european-seas,1983-07-28,20.949696,12740,11456,1284,0
european-seas,1983-07-29,20.852564,12740,11456,1284,0
european-seas,1983-07-30,20.89764,12740,11456,1284,0
european-seas,1983-07-31,21.027344,12740,11456,1284,0
european-seas,1983-08-01,21.03811,12740,11456,1284,0
european-seas,1983-08-02,21.035313,12740,11456,1284,0
european-seas,1983-08-03,20.96161,12740,11456,1284,0
european-seas,1983-08-04,20.846205,12740,11456,1284,0
european-seas,1983-08-05,20.858751,12740,11456,1284,0
european-seas,1983-08-06,20.88741,12740,11456,1284,0
european-seas,1983-08-07,20.90821,12740,11456,1284,0
european-seas,1983-08-08,20.76147,12740,11456,1284,0
european-seas,1983-08-09,20.739536,12740,11456,1284,0
european-seas,1983-08-10,20.797577,12740,11456,1284,0
european-seas,1983-08-11,20.922611,12740,11456,1284,0
european-seas,1983-08-12,21.05482,12740,11456,1284,0
european-seas,1983-08-13,21.05961,12740,11456,1284,0
european-seas,1983-08-14,21.064146,12740,11456,1284,0
european-seas,1983-08-15,20.97809,12740,11456,1284,0
european-seas,1983-08-16,20.88779,12740,11456,1284,0
european-seas,1983-08-17,20.819216,12740,11456,1284,0
european-seas,1983-08-18,20.762823,12740,11456,1284,0
european-seas,1983-08-19,20.816051,12740,11456,1284,0
european-seas,1983-08-20,20.922522,12740,11456,1284,0
european-seas,1983-08-21,20.913517,12740,11456,1284,0
european-seas,1983-08-22,20.980503,12740,11456,1284,0
european-seas,1983-08-23,21.00021,12740,11456,1284,0
european-seas,1983-08-24,20.989828,12740,11456,1284,0
european-seas,1983-08-25,20.904598,12740,11456,1284,0
european-seas,1983-08-26,20.904745,12740,11456,1284,0
european-seas,1983-08-27,20.937216,12740,11456,1284,0
european-seas,1983-08-28,20.860619,12740,11456,1284,0
european-seas,1983-08-29,20.68082,12740,11456,1284,0
european-seas,1983-08-30,20.579218,12740,11456,1284,0
european-seas,1983-08-31,20.482124,12740,11456,1284,0
european-seas,1983-09-01,20.457842,12740,11456,1284,0
european-seas,1983-09-02,20.444212,12740,11456,1284,0
european-seas,1983-09-03,20.375679,12740,11456,1284,0
european-seas,1983-09-04,20.260527,12740,11456,1284,0
european-seas,1983-09-05,20.183632,12740,11456,1284,0
european-seas,1983-09-06,20.151865,12740,11456,1284,0
european-seas,1983-09-07,20.097448,12740,11456,1284,0
european-seas,1983-09-08,20.099419,12740,11456,1284,0
european-seas,1983-09-09,20.092627,12740,11456,1284,0
european-seas,1983-09-10,20.049694,12740,11456,1284,0
european-seas,1983-09-11,19.948185,12740,11456,1284,0
european-seas,1983-09-12,19.861866,12740,11456,1284,0
european-seas,1983-09-13,19.824173,12740,11456,1284,0
european-seas,1983-09-14,19.787767,12740,11456,1284,0
european-seas,1983-09-15,19.722937,12740,11456,1284,0
european-seas,1983-09-16,19.619135,12740,11456,1284,0
european-seas,1983-09-17,19.478363,12740,11456,1284,0
european-seas,1983-09-18,19.423845,12740,11456,1284,0
european-seas,1983-09-19,19.333294,12740,11456,1284,0
european-seas,1983-09-20,19.23674,12740,11456,1284,0
european-seas,1983-09-21,19.180717,12740,11456,1284,0
european-seas,1983-09-22,19.19683,12740,11456,1284,0
european-seas,1983-09-23,19.19051,12740,11456,1284,0
european-seas,1983-09-24,19.155611,12740,11456,1284,0
european-seas,1983-09-25,19.094475,12740,11456,1284,0
european-seas,1983-09-26,18.924376,12740,11456,1284,0
european-seas,1983-09-27,18.748045,12740,11456,1284,0
european-seas,1983-09-28,18.722086,12740,11456,1284,0
european-seas,1983-09-29,18.733284,12740,11456,1284,0
european-seas,1983-09-30,18.754948,12740,11456,1284,0
european-seas,1983-10-01,18.744408,12740,11456,1284,0
european-seas,1983-10-02,18.678915,12740,11456,1284,0
european-seas,1983-10-03,18.591719,12740,11456,1284,0
european-seas,1983-10-04,18.564121,12740,11456,1284,0
european-seas,1983-10-05,18.487757,12740,11456,1284,0
european-seas,1983-10-06,18.484539,12740,11456,1284,0
european-seas,1983-10-07,18.471823,12740,11456,1284,0
european-seas,1983-10-08,18.421154,12740,11456,1284,0
european-seas,1983-10-09,18.374668,12740,11456,1284,0
european-seas,1983-10-10,18.346367,12740,11456,1284,0
european-seas,1983-10-11,18.240877,12740,11456,1284,0
european-seas,1983-10-12,18.102676,12740,11456,1284,0
european-seas,1983-10-13,17.995481,12740,11456,1284,0
european-seas,1983-10-14,17.81173,12740,11456,1284,0
european-seas,1983-10-15,17.64875,12740,11456,1284,0
european-seas,1983-10-16,17.552786,12740,11456,1284,0
european-seas,1983-10-17,17.48695,12740,11456,1284,0
european-seas,1983-10-18,17.426414,12740,11456,1284,0
european-seas,1983-10-19,17.365168,12740,11456,1284,0
european-seas,1983-10-20,17.256474,12740,11456,1284,0
european-seas,1983-10-21,17.110735,12740,11456,1284,0
european-seas,1983-10-22,16.986738,12740,11456,1284,0
european-seas,1983-10-23,16.849298,12740,11456,1284,0
european-seas,1983-10-24,16.723244,12740,11456,1284,0
european-seas,1983-10-25,16.66085,12740,11456,1284,0
european-seas,1983-10-26,16.670942,12740,11456,1284,0
european-seas,1983-10-27,16.631905,12740,11456,1284,0
european-seas,1983-10-28,16.550266,12740,11456,1284,0
european-seas,1983-10-29,16.450117,12740,11456,1284,0
european-seas,1983-10-30,16.36807,12740,11456,1284,0
european-seas,1983-10-31,16.302542,12740,11354,1284,102
european-seas,1983-11-01,16.256142,12740,11346,1284,110
european-seas,1983-11-02,16.264204,12740,11307,1284,149
european-seas,1983-11-03,16.233055,12740,11301,1284,155
european-seas,1983-11-04,16.242977,12740,11278,1284,178
european-seas,1983-11-05,16.120066,12740,11318,1284,138
european-seas,1983-11-06,16.043493,12740,11296,1284,160
european-seas,1983-11-07,15.946071,12740,11340,1284,116
european-seas,1983-11-08,15.932031,12740,11315,1284,141
european-seas,1983-11-09,15.837145,12740,11354,1284,102
european-seas,1983-11-10,15.865549,12740,11295,1284,161
european-seas,1983-11-11,15.82393,12740,11304,1284,152
european-seas,1983-11-12,15.749517,12740,11292,1284,164
european-seas,1983-11-13,15.626021,12740,11299,1284,157
european-seas,1983-11-14,15.508051,12740,11292,1284,164
european-seas,1983-11-15,15.437724,12740,11307,1284,149
european-seas,1983-11-16,15.338505,12740,11297,1284,159
european-seas,1983-11-17,15.21308,12740,11335,1284,121
european-seas,1983-11-18,15.182382,12740,11312,1284,144
european-seas,1983-11-19,15.048147,12740,11328,1284,128
european-seas,1983-11-20,15.006359,12740,11307,1284,149
european-seas,1983-11-21,14.987056,12740,11317,1284,139
european-seas,1983-11-22,14.911596,12740,11277,1284,179
european-seas,1983-11-23,14.76038,12740,11302,1284,154
european-seas,1983-11-24,14.588945,12740,11276,1284,180
european-seas,1983-11-25,14.437426,12740,11281,1284,175
european-seas,1983-11-26,14.406454,12740,11251,1284,205
european-seas,1983-11-27,14.466811,12740,11257,1284,199
european-seas,1983-11-28,14.592405,12740,11235,1284,221
european-seas,1983-11-29,14.556337,12740,11258,1284,198
european-seas,1983-11-30,14.599539,12740,11056,1284,400
european-seas,1983-12-01,14.495653,12740,11045,1284,411
european-seas,1983-12-02,14.381651,12740,10968,1284,488
european-seas,1983-12-03,14.224402,12740,10990,1284,466
european-seas,1983-12-04,14.16004,12740,10908,1284,548
european-seas,1983-12-05,14.016955,12740,10972,1284,484
european-seas,1983-12-06,13.986607,12740,10931,1284,525
european-seas,1983-12-07,13.8667555,12740,10995,1284,461
european-seas,1983-12-08,13.821331,12740,10908,1284,548
european-seas,1983-12-09,13.664346,12740,10963,1284,493
european-seas,1983-12-10,13.647231,12740,10894,1284,562
european-seas,1983-12-11,13.566756,12740,10943,1284,513
european-seas,1983-12-12,13.576599,12740,10900,1284,556
european-seas,1983-12-13,13.495307,12740,10919,1284,537
european-seas,1983-12-14,13.403358,12740,10873,1284,583
european-seas,1983-12-15,13.318964,12740,10922,1284,534
european-seas,1983-12-16,13.319117,12740,10900,1284,556
european-seas,1983-12-17,13.216519,12740,10996,1284,460
european-seas,1983-12-18,13.185601,12740,10957,1284,499
european-seas,1983-12-19,13.147305,12740,11034,1284,422
european-seas,1983-12-20,13.1321335,12740,10979,1284,477
european-seas,1983-12-21,13.066928,12740,11080,1284,376
european-seas,1983-12-22,13.016473,12740,10978,1284,478
european-seas,1983-12-23,12.946145,12740,11034,1284,422
european-seas,1983-12-24,13.003214,12740,10953,1284,503
european-seas,1983-12-25,13.049999,12740,10971,1284,485
european-seas,1983-12-26,13.114803,12740,10909,1284,547
european-seas,1983-12-27,13.089115,12740,10940,1284,516
european-seas,1983-12-28,13.1543,12740,10881,1284,575
european-seas,1983-12-29,13.174163,12740,10933,1284,523
european-seas,1983-12-30,13.194307,12740,10864,1284,592
european-seas,1983-12-31,13.062461,12740,10921,1284,535
european-seas,1984-01-01,13.094449,12740,10667,1284,789
european-seas,1984-01-02,12.948262,12740,10712,1284,744
european-seas,1984-01-03,12.935906,12740,10614,1284,842
european-seas,1984-01-04,12.764716,12740,10694,1284,762
european-seas,1984-01-05,12.713781,12740,10604,1284,852
european-seas,1984-01-06,12.599779,12740,10756,1284,700
european-seas,1984-01-07,12.661275,12740,10653,1284,803
european-seas,1984-01-08,12.564422,12740,10735,1284,721
european-seas,1984-01-09,12.532851,12740,10643,1284,813
european-seas,1984-01-10,12.4233,12740,10731,1284,725
european-seas,1984-01-11,12.430216,12740,10625,1284,831
european-seas,1984-01-12,12.296708,12740,10716,1284,740
european-seas,1984-01-13,12.277946,12740,10637,1284,819
european-seas,1984-01-14,12.176308,12740,10730,1284,726
european-seas,1984-01-15,12.162803,12740,10653,1284,803
european-seas,1984-01-16,12.138522,12740,10753,1284,703
european-seas,1984-01-17,12.230797,12740,10622,1284,834
european-seas,1984-01-18,12.149514,12740,10708,1284,748
european-seas,1984-01-19,12.112643,12740,10621,1284,835
european-seas,1984-01-20,12.05379,12740,10707,1284,749
european-seas,1984-01-21,12.11384,12740,10593,1284,863
european-seas,1984-01-22,12.0296955,12740,10674,1284,782
european-seas,1984-01-23,12.067027,12740,10580,1284,876
european-seas,1984-01-24,12.001502,12740,10668,1284,788
european-seas,1984-01-25,12.021491,12740,10605,1284,851
european-seas,1984-01-26,11.929499,12740,10690,1284,766
european-seas,1984-01-27,11.927121,12740,10651,1284,805
european-seas,1984-01-28,11.856192,12740,10747,1284,709
european-seas,1984-01-29,11.8770275,12740,10686,1284,770
european-seas,1984-01-30,11.724489,12740,10767,1284,689
european-seas,1984-01-31,11.691404,12740,10715,1284,741
european-seas,1984-02-01,11.715669,12740,10776,1284,680
european-seas,1984-02-02,11.804423,12740,10629,1284,827
european-seas,1984-02-03,11.795334,12740,10691,1284,765
european-seas,1984-02-04,11.865712,12740,10617,1284,839
european-seas,1984-02-05,11.825247,12740,10687,1284,769
european-seas,1984-02-06,11.770381,12740,10619,1284,837
european-seas,1984-02-07,11.612855,12740,10745,1284,711
european-seas,1984-02-08,11.670778,12740,10680,1284,776
european-seas,1984-02-09,11.608685,12740,10790,1284,666
european-seas,1984-02-10,11.6373,12740,10714,1284,742
european-seas,1984-02-11,11.63862,12740,10741,1284,715
european-seas,1984-02-12,11.737797,12740,10643,1284,813
european-seas,1984-02-13,11.613311,12740,10722,1284,734
european-seas,1984-02-14,11.559223,12740,10630,1284,826
european-seas,1984-02-15,11.38381,12740,10693,1284,763
european-seas,1984-02-16,11.395233,12740,10597,1284,859
european-seas,1984-02-17,11.348202,12740,10630,1284,826
european-seas,1984-02-18,11.413526,12740,10544,1284,912
european-seas,1984-02-19,11.445593,12740,10576,1284,880
european-seas,1984-02-20,11.627132,12740,10488,1284,968
european-seas,1984-02-21,11.595116,12740,10537,1284,919
european-seas,1984-02-22,11.621114,12740,10507,1284,949
european-seas,1984-02-23,11.530685,12740,10589,1284,867
european-seas,1984-02-24,11.529643,12740,10559,1284,897
european-seas,1984-02-25,11.448892,12740,10682,1284,774
european-seas,1984-02-26,11.454119,12740,10583,1284,873
european-seas,1984-02-27,11.383981,12740,10680,1284,776
european-seas,1984-02-28,11.437413,12740,10578,1284,878
european-seas,1984-02-29,11.341668,12740,10620,1284,836
european-seas,1984-03-01,11.352139,12740,10563,1284,893
european-seas,1984-03-02,11.321892,12740,10600,1284,856
european-seas,1984-03-03,11.422351,12740,10520,1284,936
european-seas,1984-03-04,11.408004,12740,10579,1284,877
european-seas,1984-03-05,11.496861,12740,10522,1284,934
european-seas,1984-03-06,11.48589,12740,10600,1284,856
european-seas,1984-03-07,11.515554,12740,10528,1284,928
european-seas,1984-03-08,11.425274,12740,10621,1284,835
european-seas,1984-03-09,11.424368,12740,10528,1284,928
european-seas,1984-03-10,11.29361,12740,10649,1284,807
european-seas,1984-03-11,11.374648,12740,10560,1284,896
european-seas,1984-03-12,11.327426,12740,10639,1284,817
european-seas,1984-03-13,11.411935,12740,10533,1284,923
european-seas,1984-03-14,11.360828,12740,10604,1284,852
european-seas,1984-03-15,11.405127,12740,10518,1284,938
european-seas,1984-03-16,11.369047,12740,10566,1284,890
european-seas,1984-03-17,11.439801,12740,10513,1284,943
european-seas,1984-03-18,11.410189,12740,10558,1284,898
european-seas,1984-03-19,11.413175,12740,10457,1284,999
european-seas,1984-03-20,11.290663,12740,10550,1284,906
european-seas,1984-03-21,11.288524,12740,10471,1284,985
european-seas,1984-03-22,11.248274,12740,10510,1284,946
european-seas,1984-03-23,11.301818,12740,10465,1284,991
european-seas,1984-03-24,11.418302,12740,10526,1284,930
european-seas,1984-03-25,11.544723,12740,10474,1284,982
european-seas,1984-03-26,11.561209,12740,10607,1284,849
european-seas,1984-03-27,11.742855,12740,10527,1284,929
european-seas,1984-03-28,11.761498,12740,10644,1284,812
european-seas,1984-03-29,11.8624525,12740,10580,1284,876
european-seas,1984-03-30,11.7618265,12740,10667,1284,789
european-seas,1984-03-31,11.810491,12740,10600,1284,856
european-seas,1984-04-01,11.798729,12740,10707,1284,749
european-seas,1984-04-02,11.857098,12740,10624,1284,832
european-seas,1984-04-03,11.839689,12740,10702,1284,754
european-seas,1984-04-04,11.996845,12740,10633,1284,823
european-seas,1984-04-05,12.03253,12740,10721,1284,735
european-seas,1984-04-06,12.064612,12740,10612,1284,844
european-seas,1984-04-07,11.965935,12740,10697,1284,759
european-seas,1984-04-08,11.996756,12740,10630,1284,826
european-seas,1984-04-09,11.97599,12740,10701,1284,755
european-seas,1984-04-10,12.086566,12740,10585,1284,871
european-seas,1984-04-11,12.160322,12740,10650,1284,806
european-seas,1984-04-12,12.314203,12740,10570,1284,886
european-seas,1984-04-13,12.3010025,12740,10640,1284,816
european-seas,1984-04-14,12.354793,12740,10559,1284,897
european-seas,1984-04-15,12.258795,12740,10686,1284,770
european-seas,1984-04-16,12.186232,12740,10581,1284,875
european-seas,1984-04-17,12.123772,12740,10708,1284,748
european-seas,1984-04-18,12.333512,12740,10568,1284,888
european-seas,1984-04-19,12.408168,12740,10696,1284,760
european-seas,1984-04-20,12.651283,12740,10579,1284,877
european-seas,1984-04-21,12.721349,12740,10671,1284,785
european-seas,1984-04-22,12.897355,12740,10550,1284,906
european-seas,1984-04-23,12.924178,12740,10652,1284,804
european-seas,1984-04-24,13.088512,12740,10560,1284,896
european-seas,1984-04-25,13.086043,12740,10629,1284,827
european-seas,1984-04-26,13.23042,12740,10553,1284,903
european-seas,1984-04-27,13.285894,12740,10644,1284,812
european-seas,1984-04-28,13.384423,12740,10601,1284,855
european-seas,1984-04-29,13.281231,12740,10768,1284,688
european-seas,1984-04-30,13.305249,12740,10744,1284,712
european-seas,1984-05-01,13.213039,12740,11073,1284,383
european-seas,1984-05-02,13.328797,12740,11023,1284,433
european-seas,1984-05-03,13.327634,12740,11076,1284,380
european-seas,1984-05-04,13.533433,12740,11025,1284,431
european-seas,1984-05-05,13.75699,12740,11119,1284,337
european-seas,1984-05-06,13.808631,12740,11087,1284,369
european-seas,1984-05-07,13.7418785,12740,11138,1284,318
european-seas,1984-05-08,13.722934,12740,11090,1284,366
european-seas,1984-05-09,13.676813,12740,11134,1284,322
european-seas,1984-05-10,13.746814,12740,11050,1284,406
european-seas,1984-05-11,13.8163,12740,11091,1284,365
european-seas,1984-05-12,13.97253,12740,11031,1284,425
european-seas,1984-05-13,14.047543,12740,11064,1284,392
european-seas,1984-05-14,14.123904,12740,11009,1284,447
european-seas,1984-05-15,14.150227,12740,11068,1284,388
european-seas,1984-05-16,14.306168,12740,10953,1284,503
european-seas,1984-05-17,14.32418,12740,10996,1284,460
european-seas,1984-05-18,14.450162,12740,10944,1284,512
european-seas,1984-05-19,14.537409,12740,10994,1284,462
european-seas,1984-05-20,14.609405,12740,10950,1284,506
european-seas,1984-05-21,14.611993,12740,11002,1284,454
european-seas,1984-05-22,14.665266,12740,10920,1284,536
european-seas,1984-05-23,14.712393,12740,10969,1284,487
european-seas,1984-05-24,14.831386,12740,10936,1284,520
european-seas,1984-05-25,14.915378,12740,10972,1284,484
european-seas,1984-05-26,15.0421505,12740,10922,1284,534
european-seas,1984-05-27,15.114783,12740,11024,1284,432
european-seas,1984-05-28,15.135623,12740,10949,1284,507
european-seas,1984-05-29,15.1623335,12740,11028,1284,428
european-seas,1984-05-30,15.332152,12740,11058,1284,398
european-seas,1984-05-31,15.352305,12740,11113,1284,343
european-seas,1984-06-01,15.410183,12740,11130,1284,326
european-seas,1984-06-02,15.348563,12740,11456,1284,0
european-seas,1984-06-03,15.452686,12740,11456,1284,0
european-seas,1984-06-04,15.683016,12740,11456,1284,0
european-seas,1984-06-05,15.877242,12740,11456,1284,0
european-seas,1984-06-06,15.918347,12740,11456,1284,0
european-seas,1984-06-07,15.960338,12740,11456,1284,0
european-seas,1984-06-08,15.992086,12740,11456,1284,0
european-seas,1984-06-09,16.011902,12740,11456,1284,0
european-seas,1984-06-10,16.07376,12740,11456,1284,0
european-seas,1984-06-11,16.144825,12740,11456,1284,0
european-seas,1984-06-12,16.242002,12740,11456,1284,0
european-seas,1984-06-13,16.399761,12740,11456,1284,0
european-seas,1984-06-14,16.557846,12740,11456,1284,0
european-seas,1984-06-15,16.650564,12740,11456,1284,0
european-seas,1984-06-16,16.773096,12740,11456,1284,0
european-seas,1984-06-17,17.09266,12740,11456,1284,0
european-seas,1984-06-18,17.371466,12740,11456,1284,0
european-seas,1984-06-19,17.489447,12740,11456,1284,0
european-seas,1984-06-20,17.528097,12740,11456,1284,0
european-seas,1984-06-21,17.43785,12740,11456,1284,0
european-seas,1984-06-22,17.308456,12740,11456,1284,0
european-seas,1984-06-23,17.233978,12740,11456,1284,0
european-seas,1984-06-24,17.296907,12740,11456,1284,0
european-seas,1984-06-25,17.435387,12740,11456,1284,0
european-seas,1984-06-26,17.566998,12740,11456,1284,0
european-seas,1984-06-27,17.685886,12740,11456,1284,0
european-seas,1984-06-28,17.839334,12740,11456,1284,0
european-seas,1984-06-29,17.91351,12740,11456,1284,0
european-seas,1984-06-30,18.045494,12740,11456,1284,0
european-seas,1984-07-01,18.139915,12740,11456,1284,0
european-seas,1984-07-02,18.13078,12740,11456,1284,0
european-seas,1984-07-03,18.210785,12740,11456,1284,0
european-seas,1984-07-04,18.378834,12740,11456,1284,0
european-seas,1984-07-05,18.517265,12740,11456,1284,0
european-seas,1984-07-06,18.704403,12740,11456,1284,0
european-seas,1984-07-07,18.901714,12740,11456,1284,0
european-seas,1984-07-08,19.0185,12740,11456,1284,0
european-seas,1984-07-09,19.001007,12740,11456,1284,0
european-seas,1984-07-10,19.039103,12740,11456,1284,0
european-seas,1984-07-11,19.129786,12740,11456,1284,0
european-seas,1984-07-12,19.159676,12740,11456,1284,0
european-seas,1984-07-13,19.386984,12740,11456,1284,0
european-seas,1984-07-14,19.50698,12740,11456,1284,0
european-seas,1984-07-15,19.619879,12740,11456,1284,0
european-seas,1984-07-16,19.720276,12740,11456,1284,0
european-seas,1984-07-17,19.733524,12740,11456,1284,0
european-seas,1984-07-18,19.785927,12740,11456,1284,0
european-seas,1984-07-19,19.774096,12740,11456,1284,0
european-seas,1984-07-20,19.786577,12740,11456,1284,0
european-seas,1984-07-21,19.840437,12740,11456,1284,0
european-seas,1984-07-22,19.899942,12740,11456,1284,0
european-seas,1984-07-23,19.979258,12740,11456,1284,0
european-seas,1984-07-24,19.990034,12740,11456,1284,0
european-seas,1984-07-25,19.968685,12740,11456,1284,0
european-seas,1984-07-26,19.959927,12740,11456,1284,0
european-seas,1984-07-27,20.053543,12740,11456,1284,0
european-seas,1984-07-28,20.178202,12740,11456,1284,0
european-seas,1984-07-29,20.233831,12740,11456,1284,0
european-seas,1984-07-30,20.294767,12740,11456,1284,0
european-seas,1984-07-31,20.375988,12740,11456,1284,0
european-seas,1984-08-01,20.476185,12740,11456,1284,0
european-seas,1984-08-02,20.477043,12740,11456,1284,0
european-seas,1984-08-03,20.49787,12740,11456,1284,0
european-seas,1984-08-04,20.507584,12740,11456,1284,0
european-seas,1984-08-05,20.54301,12740,11456,1284,0
european-seas,1984-08-06,20.5644,12740,11456,1284,0
european-seas,1984-08-07,20.541893,12740,11456,1284,0
european-seas,1984-08-08,20.525826,12740,11456,1284,0
european-seas,1984-08-09,20.445402,12740,11456,1284,0
european-seas,1984-08-10,20.432407,12740,11456,1284,0
european-seas,1984-08-11,20.526968,12740,11456,1284,0
european-seas,1984-08-12,20.52739,12740,11456,1284,0
european-seas,1984-08-13,20.52996,12740,11456,1284,0
european-seas,1984-08-14,20.6062,12740,11456,1284,0
european-seas,1984-08-15,20.75159,12740,11456,1284,0
european-seas,1984-08-16,20.864565,12740,11456,1284,0
european-seas,1984-08-17,20.905771,12740,11456,1284,0
european-seas,1984-08-18,20.906801,12740,11456,1284,0
european-seas,1984-08-19,20.980251,12740,11456,1284,0
european-seas,1984-08-20,21.06212,12740,11456,1284,0
european-seas,1984-08-21,21.030191,12740,11456,1284,0
european-seas,1984-08-22,20.958487,12740,11456,1284,0
european-seas,1984-08-23,20.902634,12740,11456,1284,0
european-seas,1984-08-24,20.841434,12740,11456,1284,0
european-seas,1984-08-25,20.841839,12740,11456,1284,0
european-seas,1984-08-26,20.816172,12740,11456,1284,0
european-seas,1984-08-27,20.77195,12740,11456,1284,0
european-seas,1984-08-28,20.66854,12740,11456,1284,0
european-seas,1984-08-29,20.537142,12740,11456,1284,0
european-seas,1984-08-30,20.517025,12740,11456,1284,0
european-seas,1984-08-31,20.543858,12740,11456,1284,0
european-seas,1984-09-01,20.583477,12740,11456,1284,0
european-seas,1984-09-02,20.572546,12740,11456,1284,0
european-seas,1984-09-03,20.558544,12740,11456,1284,0
european-seas,1984-09-04,20.527294,12740,11456,1284,0
european-seas,1984-09-05,20.286226,12740,11456,1284,0
european-seas,1984-09-06,20.232685,12740,11456,1284,0
european-seas,1984-09-07,20.112432,12740,11456,1284,0
european-seas,1984-09-08,20.033176,12740,11456,1284,0
european-seas,1984-09-09,19.974089,12740,11456,1284,0
european-seas,1984-09-10,19.943325,12740,11456,1284,0
european-seas,1984-09-11,20.082155,12740,11456,1284,0
european-seas,1984-09-12,20.111713,12740,11456,1284,0
european-seas,1984-09-13,20.013384,12740,11456,1284,0
european-seas,1984-09-14,19.892614,12740,11456,1284,0
european-seas,1984-09-15,19.810139,12740,11456,1284,0
european-seas,1984-09-16,19.74589,12740,11456,1284,0
european-seas,1984-09-17,19.68655,12740,11456,1284,0
european-seas,1984-09-18,19.614332,12740,11456,1284,0
european-seas,1984-09-19,19.498013,12740,11456,1284,0
european-seas,1984-09-20,19.40678,12740,11456,1284,0
european-seas,1984-09-21,19.328371,12740,11456,1284,0
european-seas,1984-09-22,19.272438,12740,11456,1284,0
european-seas,1984-09-23,19.282377,12740,11456,1284,0
european-seas,1984-09-24,19.228899,12740,11456,1284,0
european-seas,1984-09-25,19.106731,12740,11456,1284,0
european-seas,1984-09-26,18.961443,12740,11456,1284,0
european-seas,1984-09-27,18.868116,12740,11456,1284,0
european-seas,1984-09-28,18.858622,12740,11456,1284,0
european-seas,1984-09-29,18.721468,12740,11456,1284,0
european-seas,1984-09-30,18.613585,12740,11456,1284,0
european-seas,1984-10-01,18.60463,12740,11456,1284,0
european-seas,1984-10-02,18.659958,12740,11456,1284,0
european-seas,1984-10-03,18.693531,12740,11456,1284,0
european-seas,1984-10-04,18.562233,12740,11456,1284,0
european-seas,1984-10-05,18.501429,12740,11456,1284,0
european-seas,1984-10-06,18.393557,12740,11456,1284,0
european-seas,1984-10-07,18.230581,12740,11456,1284,0
european-seas,1984-10-08,18.153955,12740,11456,1284,0
european-seas,1984-10-09,18.120249,12740,11456,1284,0
european-seas,1984-10-10,18.070541,12740,11456,1284,0
european-seas,1984-10-11,18.0302,12740,11456,1284,0
european-seas,1984-10-12,18.066454,12740,11456,1284,0
european-seas,1984-10-13,18.026283,12740,11456,1284,0
european-seas,1984-10-14,17.979456,12740,11456,1284,0
european-seas,1984-10-15,17.923689,12740,11456,1284,0
european-seas,1984-10-16,17.867489,12740,11456,1284,0
european-seas,1984-10-17,17.664387,12740,11456,1284,0
european-seas,1984-10-18,17.512531,12740,11456,1284,0
european-seas,1984-10-19,17.4519,12740,11456,1284,0
european-seas,1984-10-20,17.373539,12740,11456,1284,0
european-seas,1984-10-21,17.324772,12740,11456,1284,0
european-seas,1984-10-22,17.317032,12740,11456,1284,0
european-seas,1984-10-23,17.277143,12740,11456,1284,0
european-seas,1984-10-24,17.213436,12740,11456,1284,0
european-seas,1984-10-25,17.14021,12740,11456,1284,0
european-seas,1984-10-26,17.08607,12740,11456,1284,0
european-seas,1984-10-27,17.02596,12740,11456,1284,0
european-seas,1984-10-28,16.988062,12740,11456,1284,0
european-seas,1984-10-29,16.950819,12740,11456,1284,0
european-seas,1984-10-30,16.866257,12740,11456,1284,0
european-seas,1984-10-31,16.744469,12740,11413,1284,43
european-seas,1984-11-01,16.703415,12740,11398,1284,58
european-seas,1984-11-02,16.632978,12740,11375,1284,81
european-seas,1984-11-03,16.545048,12740,11362,1284,94
european-seas,1984-11-04,16.459574,12740,11362,1284,94
european-seas,1984-11-05,16.356066,12740,11384,1284,72
european-seas,1984-11-06,16.184818,12740,11370,1284,86
european-seas,1984-11-07,16.045908,12740,11386,1284,70
european-seas,1984-11-08,16.032911,12740,11373,1284,83
european-seas,1984-11-09,15.950021,12740,11396,1284,60
european-seas,1984-11-10,15.940975,12740,11380,1284,76
european-seas,1984-11-11,15.887391,12740,11392,1284,64
european-seas,1984-11-12,15.777154,12740,11371,1284,85
european-seas,1984-11-13,15.610769,12740,11388,1284,68
european-seas,1984-11-14,15.433765,12740,11352,1284,104
european-seas,1984-11-15,15.32384,12740,11354,1284,102
european-seas,1984-11-16,15.274078,12740,11337,1284,119
european-seas,1984-11-17,15.225996,12740,11352,1284,104
european-seas,1984-11-18,15.097322,12740,11322,1284,134
european-seas,1984-11-19,15.044293,12740,11331,1284,125
european-seas,1984-11-20,15.008227,12740,11306,1284,150
european-seas,1984-11-21,14.890055,12740,11357,1284,99
european-seas,1984-11-22,14.882326,12740,11326,1284,130
european-seas,1984-11-23,14.834194,12740,11355,1284,101
european-seas,1984-11-24,14.885171,12740,11308,1284,148
european-seas,1984-11-25,14.837903,12740,11328,1284,128
european-seas,1984-11-26,14.742383,12740,11319,1284,137
european-seas,1984-11-27,14.670427,12740,11332,1284,124
european-seas,1984-11-28,14.649367,12740,11328,1284,128
european-seas,1984-11-29,14.539296,12740,11337,1284,119
european-seas,1984-11-30,14.5262165,12740,11213,1284,243
european-seas,1984-12-01,14.4471655,12740,11244,1284,212
european-seas,1984-12-02,14.413202,12740,11188,1284,268
european-seas,1984-12-03,14.311224,12740,11199,1284,257
european-seas,1984-12-04,14.2678385,12740,11103,1284,353
european-seas,1984-12-05,14.216957,12740,11158,1284,298
european-seas,1984-12-06,14.267966,12740,10959,1284,497
european-seas,1984-12-07,14.150074,12740,11002,1284,454
european-seas,1984-12-08,14.13115,12740,10944,1284,512
european-seas,1984-12-09,14.04834,12740,10967,1284,489
european-seas,1984-12-10,14.020916,12740,10913,1284,543
european-seas,1984-12-11,13.934566,12740,11041,1284,415
european-seas,1984-12-12,13.935286,12740,10935,1284,521
european-seas,1984-12-13,13.794007,12740,11005,1284,451
european-seas,1984-12-14,13.697345,12740,10928,1284,528
european-seas,1984-12-15,13.570638,12740,10994,1284,462
european-seas,1984-12-16,13.593711,12740,10917,1284,539
european-seas,1984-12-17,13.491572,12740,10997,1284,459
european-seas,1984-12-18,13.498871,12740,10898,1284,558
european-seas,1984-12-19,13.410526,12740,10967,1284,489
european-seas,1984-12-20,13.455787,12740,10904,1284,552
european-seas,1984-12-21,13.338516,12740,10954,1284,502
european-seas,1984-12-22,13.340269,12740,10894,1284,562
european-seas,1984-12-23,13.28618,12740,10987,1284,469
european-seas,1984-12-24,13.332856,12740,10929,1284,527
european-seas,1984-12-25,13.201783,12740,11039,1284,417
european-seas,1984-12-26,13.12918,12740,10989,1284,467
european-seas,1984-12-27,12.942988,12740,11076,1284,380
european-seas,1984-12-28,12.915067,12740,10980,1284,476
european-seas,1984-12-29,12.791203,12740,11064,1284,392
european-seas,1984-12-30,12.801442,12740,10954,1284,502
european-seas,1984-12-31,12.701286,12740,11014,1284,442
european-seas,1985-01-01,12.643424,12740,10859,1284,597
european-seas,1985-01-02,12.560673,12740,10861,1284,595
european-seas,1985-01-03,12.657901,12740,10683,1284,773
european-seas,1985-01-04,12.646936,12740,10688,1284,768
european-seas,1985-01-05,12.675003,12740,10592,1284,864
european-seas,1985-01-06,12.51604,12740,10638,1284,818
european-seas,1985-01-07,12.4221735,12740,10569,1284,887
european-seas,1985-01-08,12.336075,12740,10648,1284,808
european-seas,1985-01-09,12.353398,12740,10569,1284,887
european-seas,1985-01-10,12.244185,12740,10661,1284,795
european-seas,1985-01-11,12.222827,12740,10560,1284,896
european-seas,1985-01-12,12.111042,12740,10609,1284,847
european-seas,1985-01-13,12.141296,12740,10487,1284,969
european-seas,1985-01-14,12.090412,12740,10546,1284,910
european-seas,1985-01-15,12.070915,12740,10473,1284,983
european-seas,1985-01-16,11.953293,12740,10509,1284,947
european-seas,1985-01-17,11.928002,12740,10407,1284,1049
european-seas,1985-01-18,11.818478,12740,10523,1284,933
european-seas,1985-01-19,11.845537,12740,10459,1284,997
european-seas,1985-01-20,11.815612,12740,10522,1284,934
european-seas,1985-01-21,11.888891,12740,10464,1284,992
european-seas,1985-01-22,11.897067,12740,10537,1284,919
european-seas,1985-01-23,11.995722,12740,10453,1284,1003
european-seas,1985-01-24,11.954635,12740,10520,1284,936
european-seas,1985-01-25,11.966314,12740,10443,1284,1013
european-seas,1985-01-26,11.841448,12740,10498,1284,958
european-seas,1985-01-27,11.873797,12740,10454,1284,1002
european-seas,1985-01-28,11.885302,12740,10502,1284,954
european-seas,1985-01-29,11.933316,12740,10440,1284,1016
european-seas,1985-01-30,11.855079,12740,10543,1284,913
european-seas,1985-01-31,11.862456,12740,10442,1284,1014
european-seas,1985-02-01,11.809307,12740,10526,1284,930
european-seas,1985-02-02,11.861929,12740,10461,1284,995
european-seas,1985-02-03,11.8144245,12740,10510,1284,946
european-seas,1985-02-04,11.865307,12740,10438,1284,1018
european-seas,1985-02-05,11.78685,12740,10505,1284,951
european-seas,1985-02-06,11.858936,12740,10343,1284,1113
european-seas,1985-02-07,11.754664,12740,10394,1284,1062
european-seas,1985-02-08,11.827112,12740,10263,1284,1193
european-seas,1985-02-09,11.883508,12740,10276,1284,1180
european-seas,1985-02-10,11.929872,12740,10235,1284,1221
european-seas,1985-02-11,11.864305,12740,10303,1284,1153
european-seas,1985-02-12,11.903714,12740,10234,1284,1222
european-seas,1985-02-13,11.877053,12740,10305,1284,1151
european-seas,1985-02-14,11.935842,12740,10225,1284,1231
european-seas,1985-02-15,11.9091015,12740,10283,1284,1173
european-seas,1985-02-16,11.930459,12740,10217,1284,1239
european-seas,1985-02-17,11.751817,12740,10255,1284,1201
european-seas,1985-02-18,11.639316,12740,10230,1284,1226
european-seas,1985-02-19,11.576524,12740,10264,1284,1192
european-seas,1985-02-20,11.576856,12740,10206,1284,1250
european-seas,1985-02-21,11.430745,12740,10302,1284,1154
european-seas,1985-02-22,11.426541,12740,10197,1284,1259
european-seas,1985-02-23,11.423519,12740,10230,1284,1226
european-seas,1985-02-24,11.466044,12740,10214,1284,1242
european-seas,1985-02-25,11.483611,12740,10251,1284,1205
european-seas,1985-02-26,11.457535,12740,10229,1284,1227
european-seas,1985-02-27,11.351429,12740,10370,1284,1086
european-seas,1985-02-28,11.409554,12740,10324,1284,1132
european-seas,1985-03-01,11.4717,12740,10396,1284,1060
european-seas,1985-03-02,11.527587,12740,10344,1284,1112
european-seas,1985-03-03,11.450444,12740,10416,1284,1040
european-seas,1985-03-04,11.528775,12740,10366,1284,1090
european-seas,1985-03-05,11.505765,12740,10429,1284,1027
european-seas,1985-03-06,11.535846,12740,10357,1284,1099
european-seas,1985-03-07,11.471028,12740,10435,1284,1021
european-seas,1985-03-08,11.439519,12740,10394,1284,1062
european-seas,1985-03-09,11.442251,12740,10435,1284,1021
european-seas,1985-03-10,11.530427,12740,10372,1284,1084
european-seas,1985-03-11,11.49851,12740,10439,1284,1017
european-seas,1985-03-12,11.490043,12740,10382,1284,1074
european-seas,1985-03-13,11.552615,12740,10489,1284,967
european-seas,1985-03-14,11.591768,12740,10418,1284,1038
european-seas,1985-03-15,11.536137,12740,10475,1284,981
european-seas,1985-03-16,11.559427,12740,10420,1284,1036
european-seas,1985-03-17,11.527309,12740,10514,1284,942
european-seas,1985-03-18,11.553933,12740,10461,1284,995
european-seas,1985-03-19,11.462697,12740,10538,1284,918
european-seas,1985-03-20,11.44851,12740,10486,1284,970
european-seas,1985-03-21,11.391542,12740,10563,1284,893
european-seas,1985-03-22,11.433218,12740,10495,1284,961
european-seas,1985-03-23,11.432534,12740,10573,1284,883
european-seas,1985-03-24,11.574308,12740,10481,1284,975
european-seas,1985-03-25,11.490465,12740,10555,1284,901
european-seas,1985-03-26,11.513476,12740,10464,1284,992
european-seas,1985-03-27,11.50689,12740,10550,1284,906
european-seas,1985-03-28,11.705577,12740,10449,1284,1007
european-seas,1985-03-29,11.742573,12740,10485,1284,971
european-seas,1985-03-30,11.796486,12740,10451,1284,1005
european-seas,1985-03-31,11.802863,12740,10520,1284,936
european-seas,1985-04-01,11.905113,12740,10455,1284,1001
european-seas,1985-04-02,11.876219,12740,10602,1284,854
european-seas,1985-04-03,12.095056,12740,10508,1284,948
european-seas,1985-04-04,12.199532,12740,10571,1284,885
european-seas,1985-04-05,12.249651,12740,10494,1284,962
european-seas,1985-04-06,12.26706,12740,10565,1284,891
european-seas,1985-04-07,12.363978,12740,10514,1284,942
european-seas,1985-04-08,12.302969,12740,10588,1284,868
european-seas,1985-04-09,12.352258,12740,10492,1284,964
european-seas,1985-04-10,12.262051,12740,10586,1284,870
european-seas,1985-04-11,12.35223,12740,10505,1284,951
european-seas,1985-04-12,12.356108,12740,10550,1284,906
european-seas,1985-04-13,12.396529,12740,10503,1284,953
european-seas,1985-04-14,12.378913,12740,10567,1284,889
european-seas,1985-04-15,12.337902,12740,10520,1284,936
european-seas,1985-04-16,12.248211,12740,10613,1284,843
european-seas,1985-04-17,12.362257,12740,10570,1284,886
european-seas,1985-04-18,12.403584,12740,10637,1284,819
european-seas,1985-04-19,12.49427,12740,10570,1284,886
european-seas,1985-04-20,12.546954,12740,10629,1284,827
european-seas,1985-04-21,12.69271,12740,10533,1284,923
european-seas,1985-04-22,12.677071,12740,10592,1284,864
european-seas,1985-04-23,12.721858,12740,10510,1284,946
european-seas,1985-04-24,12.67895,12740,10545,1284,911
european-seas,1985-04-25,12.687701,12740,10448,1284,1008
european-seas,1985-04-26,12.673601,12740,10536,1284,920
european-seas,1985-04-27,12.76937,12740,10473,1284,983
european-seas,1985-04-28,12.754079,12740,10562,1284,894
european-seas,1985-04-29,13.049903,12740,10511,1284,945
european-seas,1985-04-30,13.1740885,12740,10589,1284,867
european-seas,1985-05-01,13.19669,12740,10592,1284,864
european-seas,1985-05-02,13.218359,12740,10690,1284,766
european-seas,1985-05-03,13.234327,12740,10665,1284,791
european-seas,1985-05-04,13.040327,12740,10956,1284,500
european-seas,1985-05-05,13.079302,12740,10920,1284,536
european-seas,1985-05-06,13.136594,12740,10943,1284,513
european-seas,1985-05-07,13.210947,12740,10931,1284,525
european-seas,1985-05-08,13.2817745,12740,10983,1284,473
european-seas,1985-05-09,13.459247,12740,10941,1284,515
european-seas,1985-05-10,13.490019,12740,10994,1284,462
european-seas,1985-05-11,13.647733,12740,10919,1284,537
european-seas,1985-05-12,13.715035,12740,10964,1284,492
european-seas,1985-05-13,13.878566,12740,10910,1284,546
european-seas,1985-05-14,13.961114,12740,10933,1284,523
european-seas,1985-05-15,14.086215,12740,10917,1284,539
european-seas,1985-05-16,14.277098,12740,10958,1284,498
european-seas,1985-05-17,14.572384,12740,10941,1284,515
european-seas,1985-05-18,14.7364235,12740,11006,1284,450
european-seas,1985-05-19,14.854892,12740,10968,1284,488
european-seas,1985-05-20,14.846316,12740,11040,1284,416
european-seas,1985-05-21,14.911091,12740,11003,1284,453
european-seas,1985-05-22,14.983135,12740,11044,1284,412
european-seas,1985-05-23,15.108579,12740,10992,1284,464
european-seas,1985-05-24,15.098894,12740,11037,1284,419
european-seas,1985-05-25,15.192844,12740,10959,1284,497
european-seas,1985-05-26,15.325302,12740,11006,1284,450
european-seas,1985-05-27,15.586376,12740,10952,1284,504
european-seas,1985-05-28,15.775707,12740,10984,1284,472
european-seas,1985-05-29,15.984639,12740,10941,1284,515
european-seas,1985-05-30,16.23649,12740,10982,1284,474
european-seas,1985-05-31,16.38754,12740,11007,1284,449
european-seas,1985-06-01,16.455101,12740,11123,1284,333
european-seas,1985-06-02,16.56809,12740,11142,1284,314
european-seas,1985-06-03,16.459925,12740,11456,1284,0
european-seas,1985-06-04,16.571709,12740,11456,1284,0
european-seas,1985-06-05,16.636732,12740,11456,1284,0
european-seas,1985-06-06,16.71872,12740,11456,1284,0
european-seas,1985-06-07,16.894976,12740,11456,1284,0
european-seas,1985-06-08,16.983889,12740,11456,1284,0
european-seas,1985-06-09,16.998028,12740,11456,1284,0
european-seas,1985-06-10,17.090208,12740,11456,1284,0
european-seas,1985-06-11,17.156761,12740,11456,1284,0
european-seas,1985-06-12,17.194983,12740,11456,1284,0
european-seas,1985-06-13,17.231373,12740,11456,1284,0
european-seas,1985-06-14,17.31511,12740,11456,1284,0
european-seas,1985-06-15,17.370476,12740,11456,1284,0
european-seas,1985-06-16,17.359053,12740,11456,1284,0
european-seas,1985-06-17,17.296919,12740,11456,1284,0
european-seas,1985-06-18,17.301762,12740,11456,1284,0
european-seas,1985-06-19,17.413366,12740,11456,1284,0
european-seas,1985-06-20,17.573114,12740,11456,1284,0
european-seas,1985-06-21,17.684769,12740,11456,1284,0
european-seas,1985-06-22,17.78271,12740,11456,1284,0
european-seas,1985-06-23,17.906887,12740,11456,1284,0
european-seas,1985-06-24,18.028444,12740,11456,1284,0
european-seas,1985-06-25,18.11619,12740,11456,1284,0
european-seas,1985-06-26,18.22699,12740,11456,1284,0
european-seas,1985-06-27,18.350769,12740,11456,1284,0
european-seas,1985-06-28,18.432781,12740,11456,1284,0
european-seas,1985-06-29,18.565544,12740,11456,1284,0
european-seas,1985-06-30,18.670038,12740,11456,1284,0
european-seas,1985-07-01,18.723816,12740,11456,1284,0
european-seas,1985-07-02,18.806309,12740,11456,1284,0
european-seas,1985-07-03,18.93818,12740,11456,1284,0
european-seas,1985-07-04,19.101023,12740,11456,1284,0
european-seas,1985-07-05,19.08416,12740,11456,1284,0
european-seas,1985-07-06,19.115688,12740,11456,1284,0
european-seas,1985-07-07,19.232847,12740,11456,1284,0
european-seas,1985-07-08,19.251492,12740,11456,1284,0
european-seas,1985-07-09,19.316881,12740,11456,1284,0
european-seas,1985-07-10,19.393822,12740,11456,1284,0
european-seas,1985-07-11,19.609577,12740,11456,1284,0
european-seas,1985-07-12,19.838434,12740,11456,1284,0
european-seas,1985-07-13,19.915245,12740,11456,1284,0
european-seas,1985-07-14,19.959063,12740,11456,1284,0
european-seas,1985-07-15,19.934717,12740,11456,1284,0
european-seas,1985-07-16,19.909874,12740,11456,1284,0
european-seas,1985-07-17,19.92112,12740,11456,1284,0
european-seas,1985-07-18,19.982363,12740,11456,1284,0
european-seas,1985-07-19,20.13155,12740,11456,1284,0
european-seas,1985-07-20,20.261223,12740,11456,1284,0
european-seas,1985-07-21,20.344425,12740,11456,1284,0
european-seas,1985-07-22,20.365335,12740,11456,1284,0
european-seas,1985-07-23,20.347458,12740,11456,1284,0
european-seas,1985-07-24,20.384672,12740,11456,1284,0
european-seas,1985-07-25,20.503435,12740,11456,1284,0
european-seas,1985-07-26,20.535475,12740,11456,1284,0
european-seas,1985-07-27,20.640528,12740,11456,1284,0
european-seas,1985-07-28,20.686144,12740,11456,1284,0
european-seas,1985-07-29,20.737312,12740,11456,1284,0
european-seas,1985-07-30,20.76312,12740,11456,1284,0
european-seas,1985-07-31,20.674135,12740,11456,1284,0
european-seas,1985-08-01,20.54691,12740,11456,1284,0
european-seas,1985-08-02,20.549892,12740,11456,1284,0
european-seas,1985-08-03,20.502686,12740,11456,1284,0
european-seas,1985-08-04,20.483395,12740,11456,1284,0
european-seas,1985-08-05,20.535078,12740,11456,1284,0
european-seas,1985-08-06,20.49519,12740,11456,1284,0
european-seas,1985-08-07,20.395096,12740,11456,1284,0
european-seas,1985-08-08,20.349277,12740,11456,1284,0
european-seas,1985-08-09,20.337133,12740,11456,1284,0
european-seas,1985-08-10,20.302092,12740,11456,1284,0
european-seas,1985-08-11,20.29772,12740,11456,1284,0
european-seas,1985-08-12,20.29608,12740,11456,1284,0
european-seas,1985-08-13,20.386742,12740,11456,1284,0
european-seas,1985-08-14,20.46477,12740,11456,1284,0
european-seas,1985-08-15,20.521816,12740,11456,1284,0
european-seas,1985-08-16,20.599043,12740,11456,1284,0
european-seas,1985-08-17,20.680164,12740,11456,1284,0
european-seas,1985-08-18,20.751324,12740,11456,1284,0
european-seas,1985-08-19,20.850494,12740,11456,1284,0
european-seas,1985-08-20,20.87393,12740,11456,1284,0
european-seas,1985-08-21,20.827108,12740,11456,1284,0
european-seas,1985-08-22,20.762705,12740,11456,1284,0
european-seas,1985-08-23,20.675678,12740,11456,1284,0
european-seas,1985-08-24,20.61979,12740,11456,1284,0
european-seas,1985-08-25,20.528906,12740,11456,1284,0
european-seas,1985-08-26,20.380348,12740,11456,1284,0
european-seas,1985-08-27,20.30879,12740,11456,1284,0
european-seas,1985-08-28,20.322092,12740,11456,1284,0
european-seas,1985-08-29,20.304491,12740,11456,1284,0
european-seas,1985-08-30,20.279713,12740,11456,1284,0
european-seas,1985-08-31,20.256933,12740,11456,1284,0
european-seas,1985-09-01,20.240253,12740,11456,1284,0
european-seas,1985-09-02,20.26074,12740,11456,1284,0
european-seas,1985-09-03,20.255201,12740,11456,1284,0
european-seas,1985-09-04,20.196102,12740,11456,1284,0
european-seas,1985-09-05,20.083237,12740,11456,1284,0
european-seas,1985-09-06,19.945477,12740,11456,1284,0
european-seas,1985-09-07,19.825197,12740,11456,1284,0
european-seas,1985-09-08,19.811377,12740,11456,1284,0
european-seas,1985-09-09,19.860737,12740,11456,1284,0
european-seas,1985-09-10,19.853712,12740,11456,1284,0
european-seas,1985-09-11,19.775862,12740,11456,1284,0
european-seas,1985-09-12,19.715532,12740,11456,1284,0
european-seas,1985-09-13,19.670643,12740,11456,1284,0
european-seas,1985-09-14,19.58512,12740,11456,1284,0
european-seas,1985-09-15,19.460354,12740,11456,1284,0
european-seas,1985-09-16,19.402384,12740,11456,1284,0
european-seas,1985-09-17,19.359348,12740,11456,1284,0
european-seas,1985-09-18,19.365004,12740,11456,1284,0
european-seas,1985-09-19,19.323505,12740,11456,1284,0
european-seas,1985-09-20,19.2697,12740,11456,1284,0
european-seas,1985-09-21,19.266653,12740,11456,1284,0
european-seas,1985-09-22,19.320389,12740,11456,1284,0
european-seas,1985-09-23,19.37035,12740,11456,1284,0
european-seas,1985-09-24,19.452168,12740,11456,1284,0
european-seas,1985-09-25,19.462582,12740,11456,1284,0
european-seas,1985-09-26,19.383657,12740,11456,1284,0
european-seas,1985-09-27,19.287191,12740,11456,1284,0
european-seas,1985-09-28,19.222229,12740,11456,1284,0
european-seas,1985-09-29,19.200647,12740,11456,1284,0
european-seas,1985-09-30,19.172256,12740,11456,1284,0
european-seas,1985-10-01,19.197937,12740,11456,1284,0
european-seas,1985-10-02,19.154812,12740,11456,1284,0
european-seas,1985-10-03,19.066355,12740,11456,1284,0
european-seas,1985-10-04,18.997755,12740,11456,1284,0
european-seas,1985-10-05,18.967873,12740,11456,1284,0
european-seas,1985-10-06,18.91111,12740,11456,1284,0
european-seas,1985-10-07,18.83872,12740,11456,1284,0
european-seas,1985-10-08,18.705694,12740,11456,1284,0
european-seas,1985-10-09,18.541763,12740,11456,1284,0
european-seas,1985-10-10,18.414793,12740,11456,1284,0
european-seas,1985-10-11,18.370825,12740,11456,1284,0
european-seas,1985-10-12,18.302223,12740,11456,1284,0
european-seas,1985-10-13,18.10666,12740,11456,1284,0
european-seas,1985-10-14,18.051302,12740,11456,1284,0
european-seas,1985-10-15,18.027645,12740,11456,1284,0
european-seas,1985-10-16,17.91287,12740,11456,1284,0
european-seas,1985-10-17,17.730211,12740,11456,1284,0
european-seas,1985-10-18,17.566025,12740,11456,1284,0
european-seas,1985-10-19,17.43904,12740,11456,1284,0
european-seas,1985-10-20,17.367147,12740,11456,1284,0
european-seas,1985-10-21,17.29813,12740,11456,1284,0
european-seas,1985-10-22,17.218153,12740,11456,1284,0
european-seas,1985-10-23,17.144865,12740,11456,1284,0
european-seas,1985-10-24,17.032917,12740,11456,1284,0
european-seas,1985-10-25,16.907259,12740,11456,1284,0
european-seas,1985-10-26,16.833122,12740,11456,1284,0
european-seas,1985-10-27,16.75514,12740,11456,1284,0
european-seas,1985-10-28,16.634592,12740,11456,1284,0
european-seas,1985-10-29,16.549253,12740,11456,1284,0
european-seas,1985-10-30,16.487669,12740,11456,1284,0
european-seas,1985-10-31,16.431643,12740,11456,1284,0
european-seas,1985-11-01,16.516285,12740,11306,1284,150
european-seas,1985-11-02,16.402157,12740,11297,1284,159
european-seas,1985-11-03,16.331308,12740,11274,1284,182
european-seas,1985-11-04,16.275604,12740,11263,1284,193
european-seas,1985-11-05,16.256907,12740,11244,1284,212
european-seas,1985-11-06,16.202,12740,11301,1284,155
european-seas,1985-11-07,16.135662,12740,11280,1284,176
european-seas,1985-11-08,16.06481,12740,11315,1284,141
european-seas,1985-11-09,15.966226,12740,11274,1284,182
european-seas,1985-11-10,15.856388,12740,11303,1284,153
european-seas,1985-11-11,15.786266,12740,11279,1284,177
european-seas,1985-11-12,15.692691,12740,11296,1284,160
european-seas,1985-11-13,15.60114,12740,11303,1284,153
european-seas,1985-11-14,15.456924,12740,11323,1284,133
european-seas,1985-11-15,15.330583,12740,11314,1284,142
european-seas,1985-11-16,15.153152,12740,11360,1284,96
european-seas,1985-11-17,15.013107,12740,11336,1284,120
european-seas,1985-11-18,14.932685,12740,11371,1284,85
european-seas,1985-11-19,14.873718,12740,11360,1284,96
european-seas,1985-11-20,14.794961,12740,11359,1284,97
european-seas,1985-11-21,14.706669,12740,11343,1284,113
european-seas,1985-11-22,14.613549,12740,11349,1284,107
european-seas,1985-11-23,14.518055,12740,11312,1284,144
european-seas,1985-11-24,14.442758,12740,11321,1284,135
european-seas,1985-11-25,14.340871,12740,11299,1284,157
european-seas,1985-11-26,14.242552,12740,11306,1284,150
european-seas,1985-11-27,14.190528,12740,11291,1284,165
european-seas,1985-11-28,14.123702,12740,11305,1284,151
european-seas,1985-11-29,14.107002,12740,11256,1284,200
european-seas,1985-11-30,14.054675,12740,11283,1284,173
european-seas,1985-12-01,14.142379,12740,11124,1284,332
european-seas,1985-12-02,14.135442,12740,11125,1284,331
european-seas,1985-12-03,14.156455,12740,11009,1284,447
european-seas,1985-12-04,14.152553,12740,11023,1284,433
european-seas,1985-12-05,14.184,12740,10914,1284,542
european-seas,1985-12-06,14.073371,12740,10981,1284,475
european-seas,1985-12-07,14.046286,12740,10935,1284,521
european-seas,1985-12-08,13.950715,12740,10972,1284,484
european-seas,1985-12-09,13.947995,12740,10894,1284,562
european-seas,1985-12-10,13.839519,12740,10950,1284,506
european-seas,1985-12-11,13.824167,12740,10893,1284,563
european-seas,1985-12-12,13.72039,12740,10929,1284,527
european-seas,1985-12-13,13.683567,12740,10893,1284,563
european-seas,1985-12-14,13.61902,12740,10929,1284,527
european-seas,1985-12-15,13.617335,12740,10878,1284,578
european-seas,1985-12-16,13.539225,12740,10947,1284,509
european-seas,1985-12-17,13.57201,12740,10911,1284,545
european-seas,1985-12-18,13.489702,12740,10965,1284,491
european-seas,1985-12-19,13.4366255,12740,10941,1284,515
european-seas,1985-12-20,13.300783,12740,10983,1284,473
european-seas,1985-12-21,13.206014,12740,10930,1284,526
european-seas,1985-12-22,13.071701,12740,11032,1284,424
european-seas,1985-12-23,13.067063,12740,10966,1284,490
european-seas,1985-12-24,12.92908,12740,11032,1284,424
european-seas,1985-12-25,12.962688,12740,10953,1284,503
european-seas,1985-12-26,12.895099,12740,10986,1284,470
european-seas,1985-12-27,12.943131,12740,10925,1284,531
european-seas,1985-12-28,12.922105,12740,10951,1284,505
european-seas,1985-12-29,12.898709,12740,10874,1284,582
european-seas,1985-12-30,12.763454,12740,10915,1284,541
european-seas,1985-12-31,12.885107,12740,10645,1284,811
european-seas,1986-01-01,12.835473,12740,10668,1284,788
european-seas,1986-01-02,12.857951,12740,10613,1284,843
european-seas,1986-01-03,12.869421,12740,10621,1284,835
european-seas,1986-01-04,12.931861,12740,10508,1284,948
european-seas,1986-01-05,12.832909,12740,10602,1284,854
european-seas,1986-01-06,12.865819,12740,10455,1284,1001
european-seas,1986-01-07,12.780815,12740,10527,1284,929
european-seas,1986-01-08,12.794045,12740,10433,1284,1023
european-seas,1986-01-09,12.687245,12740,10489,1284,967
european-seas,1986-01-10,12.703261,12740,10434,1284,1022
european-seas,1986-01-11,12.617823,12740,10586,1284,870
european-seas,1986-01-12,12.637017,12740,10518,1284,938
european-seas,1986-01-13,12.48619,12740,10644,1284,812
european-seas,1986-01-14,12.52199,12740,10535,1284,921
european-seas,1986-01-15,12.437573,12740,10649,1284,807
european-seas,1986-01-16,12.454056,12740,10536,1284,920
european-seas,1986-01-17,12.275193,12740,10627,1284,829
european-seas,1986-01-18,12.25836,12740,10535,1284,921
european-seas,1986-01-19,12.173274,12740,10618,1284,838
european-seas,1986-01-20,12.1773205,12740,10552,1284,904
european-seas,1986-01-21,12.117391,12740,10626,1284,830
european-seas,1986-01-22,12.126856,12740,10568,1284,888
european-seas,1986-01-23,12.077239,12740,10632,1284,824
european-seas,1986-01-24,12.089775,12740,10569,1284,887
european-seas,1986-01-25,11.992763,12740,10687,1284,769
european-seas,1986-01-26,12.018385,12740,10567,1284,889
european-seas,1986-01-27,11.884757,12740,10680,1284,776
european-seas,1986-01-28,11.878887,12740,10577,1284,879
european-seas,1986-01-29,11.7991085,12740,10639,1284,817
european-seas,1986-01-30,11.824287,12740,10558,1284,898
european-seas,1986-01-31,11.752101,12740,10617,1284,839
european-seas,1986-02-01,11.711882,12740,10520,1284,936
european-seas,1986-02-02,11.6326885,12740,10612,1284,844
european-seas,1986-02-03,11.717405,12740,10512,1284,944
european-seas,1986-02-04,11.644762,12740,10565,1284,891
european-seas,1986-02-05,11.61006,12740,10489,1284,967
european-seas,1986-02-06,11.507711,12740,10530,1284,926
european-seas,1986-02-07,11.518633,12740,10420,1284,1036
european-seas,1986-02-08,11.361117,12740,10490,1284,966
european-seas,1986-02-09,11.40608,12740,10375,1284,1081
european-seas,1986-02-10,11.375616,12740,10410,1284,1046
european-seas,1986-02-11,11.464467,12740,10358,1284,1098
european-seas,1986-02-12,11.476511,12740,10378,1284,1078
european-seas,1986-02-13,11.544874,12740,10319,1284,1137
european-seas,1986-02-14,11.506288,12740,10435,1284,1021
european-seas,1986-02-15,11.526436,12740,10376,1284,1080
european-seas,1986-02-16,11.446984,12740,10436,1284,1020
european-seas,1986-02-17,11.479824,12740,10387,1284,1069
european-seas,1986-02-18,11.446169,12740,10419,1284,1037
european-seas,1986-02-19,11.476916,12740,10376,1284,1080
european-seas,1986-02-20,11.394793,12740,10436,1284,1020
european-seas,1986-02-21,11.433172,12740,10344,1284,1112
european-seas,1986-02-22,11.445578,12740,10383,1284,1073
european-seas,1986-02-23,11.541937,12740,10342,1284,1114
european-seas,1986-02-24,11.568755,12740,10355,1284,1101
european-seas,1986-02-25,11.605377,12740,10316,1284,1140
european-seas,1986-02-26,11.549281,12740,10346,1284,1110
european-seas,1986-02-27,11.509228,12740,10293,1284,1163
european-seas,1986-02-28,11.373818,12740,10345,1284,1111
european-seas,1986-03-01,11.291749,12740,10299,1284,1157
european-seas,1986-03-02,11.249572,12740,10334,1284,1122
european-seas,1986-03-03,11.339041,12740,10308,1284,1148
european-seas,1986-03-04,11.390621,12740,10380,1284,1076
european-seas,1986-03-05,11.520248,12740,10341,1284,1115
european-seas,1986-03-06,11.431951,12740,10484,1284,972
european-seas,1986-03-07,11.426059,12740,10425,1284,1031
european-seas,1986-03-08,11.322266,12740,10519,1284,937
european-seas,1986-03-09,11.3555155,12740,10466,1284,990
european-seas,1986-03-10,11.333933,12740,10549,1284,907
european-seas,1986-03-11,11.380153,12740,10502,1284,954
european-seas,1986-03-12,11.372121,12740,10560,1284,896
european-seas,1986-03-13,11.415544,12740,10494,1284,962
european-seas,1986-03-14,11.392429,12740,10572,1284,884
european-seas,1986-03-15,11.537343,12740,10472,1284,984
european-seas,1986-03-16,11.504576,12740,10526,1284,930
european-seas,1986-03-17,11.519364,12740,10471,1284,985
european-seas,1986-03-18,11.51164,12740,10497,1284,959
european-seas,1986-03-19,11.585326,12740,10432,1284,1024
european-seas,1986-03-20,11.523415,12740,10559,1284,897
european-seas,1986-03-21,11.568187,12740,10444,1284,1012
european-seas,1986-03-22,11.467739,12740,10528,1284,928
european-seas,1986-03-23,11.50481,12740,10494,1284,962
european-seas,1986-03-24,11.54789,12740,10588,1284,868
european-seas,1986-03-25,11.6577,12740,10533,1284,923
european-seas,1986-03-26,11.614622,12740,10686,1284,770
european-seas,1986-03-27,11.787107,12740,10597,1284,859
european-seas,1986-03-28,11.777617,12740,10682,1284,774
european-seas,1986-03-29,11.8129635,12740,10680,1284,776
european-seas,1986-03-30,11.833075,12740,10699,1284,757
european-seas,1986-03-31,11.851196,12740,10693,1284,763
european-seas,1986-04-01,11.863832,12740,10747,1284,709
european-seas,1986-04-02,11.94795,12740,10738,1284,718
european-seas,1986-04-03,11.937978,12740,10783,1284,673
european-seas,1986-04-04,11.881628,12740,10754,1284,702
european-seas,1986-04-05,11.759233,12740,10755,1284,701
european-seas,1986-04-06,11.803124,12740,10719,1284,737
european-seas,1986-04-07,11.81903,12740,10736,1284,720
european-seas,1986-04-08,11.974165,12740,10693,1284,763
european-seas,1986-04-09,12.050157,12740,10702,1284,754
european-seas,1986-04-10,12.11278,12740,10666,1284,790
european-seas,1986-04-11,12.04213,12740,10689,1284,767
european-seas,1986-04-12,11.985103,12740,10644,1284,812
european-seas,1986-04-13,11.942838,12740,10682,1284,774
european-seas,1986-04-14,12.02607,12740,10636,1284,820
european-seas,1986-04-15,11.985824,12740,10750,1284,706
european-seas,1986-04-16,12.042484,12740,10667,1284,789
european-seas,1986-04-17,12.017726,12740,10763,1284,693
european-seas,1986-04-18,12.204833,12740,10635,1284,821
european-seas,1986-04-19,12.1664095,12740,10703,1284,753
european-seas,1986-04-20,12.269094,12740,10608,1284,848
european-seas,1986-04-21,12.287402,12740,10679,1284,777
european-seas,1986-04-22,12.415499,12740,10581,1284,875
european-seas,1986-04-23,12.40073,12740,10711,1284,745
european-seas,1986-04-24,12.537127,12740,10607,1284,849
european-seas,1986-04-25,12.592601,12740,10709,1284,747
european-seas,1986-04-26,12.7497225,12740,10599,1284,857
european-seas,1986-04-27,12.769952,12740,10662,1284,794
european-seas,1986-04-28,12.843827,12740,10661,1284,795
european-seas,1986-04-29,12.796589,12740,10808,1284,648
european-seas,1986-04-30,12.8977165,12740,10786,1284,670
european-seas,1986-05-01,12.954524,12740,10985,1284,471
european-seas,1986-05-02,13.07253,12740,10963,1284,493
european-seas,1986-05-03,13.122798,12740,10989,1284,467
european-seas,1986-05-04,13.166994,12740,10960,1284,496
european-seas,1986-05-05,13.172803,12740,11013,1284,443
european-seas,1986-05-06,13.2744055,12740,10986,1284,470
european-seas,1986-05-07,13.37123,12740,11051,1284,405
european-seas,1986-05-08,13.556486,12740,11030,1284,426
european-seas,1986-05-09,13.617257,12740,11085,1284,371
european-seas,1986-05-10,13.662771,12740,11037,1284,419
european-seas,1986-05-11,13.64932,12740,11108,1284,348
european-seas,1986-05-12,13.807835,12740,11055,1284,401
european-seas,1986-05-13,13.916043,12740,11113,1284,343
european-seas,1986-05-14,14.121985,12740,11062,1284,394
european-seas,1986-05-15,14.266718,12740,11092,1284,364
european-seas,1986-05-16,14.447011,12740,11067,1284,389
european-seas,1986-05-17,14.546375,12740,11104,1284,352
european-seas,1986-05-18,14.841787,12740,11037,1284,419
european-seas,1986-05-19,14.943424,12740,11115,1284,341
european-seas,1986-05-20,15.052459,12740,11067,1284,389
european-seas,1986-05-21,15.047752,12740,11116,1284,340
european-seas,1986-05-22,15.243528,12740,11082,1284,374
european-seas,1986-05-23,15.424963,12740,11125,1284,331
european-seas,1986-05-24,15.581283,12740,11000,1284,456
european-seas,1986-05-25,15.65789,12740,11051,1284,405
european-seas,1986-05-26,15.75031,12740,11031,1284,425
european-seas,1986-05-27,15.790457,12740,11076,1284,380
european-seas,1986-05-28,15.906327,12740,11059,1284,397
european-seas,1986-05-29,15.919753,12740,11141,1284,315
european-seas,1986-05-30,15.832465,12740,11164,1284,292
european-seas,1986-05-31,15.731373,12740,11249,1284,207
european-seas,1986-06-01,15.71201,12740,11275,1284,181
european-seas,1986-06-02,15.743497,12740,11456,1284,0
european-seas,1986-06-03,15.846195,12740,11456,1284,0
european-seas,1986-06-04,15.960795,12740,11456,1284,0
european-seas,1986-06-05,16.093485,12740,11456,1284,0
european-seas,1986-06-06,16.110773,12740,11456,1284,0
european-seas,1986-06-07,16.120638,12740,11456,1284,0
european-seas,1986-06-08,16.132313,12740,11456,1284,0
european-seas,1986-06-09,16.199007,12740,11456,1284,0
european-seas,1986-06-10,16.345045,12740,11456,1284,0
european-seas,1986-06-11,16.431162,12740,11456,1284,0
european-seas,1986-06-12,16.607347,12740,11456,1284,0
european-seas,1986-06-13,16.757801,12740,11456,1284,0
european-seas,1986-06-14,16.92016,12740,11456,1284,0
european-seas,1986-06-15,17.243553,12740,11456,1284,0
european-seas,1986-06-16,17.469294,12740,11456,1284,0
european-seas,1986-06-17,17.566559,12740,11456,1284,0
european-seas,1986-06-18,17.628191,12740,11456,1284,0
european-seas,1986-06-19,17.735563,12740,11456,1284,0
european-seas,1986-06-20,17.840487,12740,11456,1284,0
european-seas,1986-06-21,17.87441,12740,11456,1284,0
european-seas,1986-06-22,17.976507,12740,11456,1284,0
european-seas,1986-06-23,18.124365,12740,11456,1284,0
european-seas,1986-06-24,18.255997,12740,11456,1284,0
european-seas,1986-06-25,18.432661,12740,11456,1284,0
european-seas,1986-06-26,18.691368,12740,11456,1284,0
european-seas,1986-06-27,18.831184,12740,11456,1284,0
european-seas,1986-06-28,18.884922,12740,11456,1284,0
european-seas,1986-06-29,18.901867,12740,11456,1284,0
european-seas,1986-06-30,18.91564,12740,11456,1284,0
european-seas,1986-07-01,18.900415,12740,11456,1284,0
european-seas,1986-07-02,19.036085,12740,11456,1284,0
european-seas,1986-07-03,19.311537,12740,11456,1284,0
european-seas,1986-07-04,19.437151,12740,11456,1284,0
european-seas,1986-07-05,19.454664,12740,11456,1284,0
european-seas,1986-07-06,19.516716,12740,11456,1284,0
european-seas,1986-07-07,19.614887,12740,11456,1284,0
european-seas,1986-07-08,19.61574,12740,11456,1284,0
european-seas,1986-07-09,19.589025,12740,11456,1284,0
european-seas,1986-07-10,19.577765,12740,11456,1284,0
european-seas,1986-07-11,19.676428,12740,11456,1284,0
european-seas,1986-07-12,19.774736,12740,11456,1284,0
european-seas,1986-07-13,19.720314,12740,11456,1284,0
european-seas,1986-07-14,19.646275,12740,11456,1284,0
european-seas,1986-07-15,19.64002,12740,11456,1284,0
european-seas,1986-07-16,19.77632,12740,11456,1284,0
european-seas,1986-07-17,19.873055,12740,11456,1284,0
european-seas,1986-07-18,19.871649,12740,11456,1284,0
european-seas,1986-07-19,19.792253,12740,11456,1284,0
european-seas,1986-07-20,19.747978,12740,11456,1284,0
european-seas,1986-07-21,19.79428,12740,11456,1284,0
european-seas,1986-07-22,19.899303,12740,11456,1284,0
european-seas,1986-07-23,19.865662,12740,11456,1284,0
european-seas,1986-07-24,19.877987,12740,11456,1284,0
european-seas,1986-07-25,19.925426,12740,11456,1284,0
european-seas,1986-07-26,19.996387,12740,11456,1284,0
european-seas,1986-07-27,20.077715,12740,11456,1284,0
european-seas,1986-07-28,20.25838,12740,11456,1284,0
european-seas,1986-07-29,20.356678,12740,11456,1284,0
european-seas,1986-07-30,20.421375,12740,11456,1284,0
european-seas,1986-07-31,20.520521,12740,11456,1284,0
european-seas,1986-08-01,20.543156,12740,11456,1284,0
european-seas,1986-08-02,20.528366,12740,11456,1284,0
european-seas,1986-08-03,20.577908,12740,11456,1284,0
european-seas,1986-08-04,20.627926,12740,11456,1284,0
european-seas,1986-08-05,20.64469,12740,11456,1284,0
european-seas,1986-08-06,20.631008,12740,11456,1284,0
european-seas,1986-08-07,20.689049,12740,11456,1284,0
european-seas,1986-08-08,20.756004,12740,11456,1284,0
european-seas,1986-08-09,20.806398,12740,11456,1284,0
european-seas,1986-08-10,20.795134,12740,11456,1284,0
european-seas,1986-08-11,20.794065,12740,11456,1284,0
european-seas,1986-08-12,20.791363,12740,11456,1284,0
european-seas,1986-08-13,20.82163,12740,11456,1284,0
european-seas,1986-08-14,20.88832,12740,11456,1284,0
european-seas,1986-08-15,20.96809,12740,11456,1284,0
european-seas,1986-08-16,20.975973,12740,11456,1284,0
european-seas,1986-08-17,20.945383,12740,11456,1284,0
european-seas,1986-08-18,20.934584,12740,11456,1284,0
european-seas,1986-08-19,20.908915,12740,11456,1284,0
european-seas,1986-08-20,20.801924,12740,11456,1284,0
european-seas,1986-08-21,20.711657,12740,11456,1284,0
european-seas,1986-08-22,20.708776,12740,11456,1284,0
european-seas,1986-08-23,20.71445,12740,11456,1284,0
european-seas,1986-08-24,20.695755,12740,11456,1284,0
european-seas,1986-08-25,20.716871,12740,11456,1284,0
european-seas,1986-08-26,20.713562,12740,11456,1284,0
european-seas,1986-08-27,20.679157,12740,11456,1284,0
european-seas,1986-08-28,20.512892,12740,11456,1284,0
european-seas,1986-08-29,20.351332,12740,11456,1284,0
european-seas,1986-08-30,20.177643,12740,11456,1284,0
european-seas,1986-08-31,20.046507,12740,11456,1284,0
european-seas,1986-09-01,19.995853,12740,11456,1284,0
european-seas,1986-09-02,19.998833,12740,11456,1284,0
european-seas,1986-09-03,19.976683,12740,11456,1284,0
european-seas,1986-09-04,19.91545,12740,11456,1284,0
european-seas,1986-09-05,19.913158,12740,11456,1284,0
european-seas,1986-09-06,19.917109,12740,11456,1284,0
european-seas,1986-09-07,19.878452,12740,11456,1284,0
european-seas,1986-09-08,19.820976,12740,11456,1284,0
european-seas,1986-09-09,19.7661,12740,11456,1284,0
european-seas,1986-09-10,19.726673,12740,11456,1284,0
european-seas,1986-09-11,19.73117,12740,11456,1284,0
european-seas,1986-09-12,19.75445,12740,11456,1284,0
european-seas,1986-09-13,19.801945,12740,11456,1284,0
european-seas,1986-09-14,19.819902,12740,11456,1284,0
european-seas,1986-09-15,19.84486,12740,11456,1284,0
european-seas,1986-09-16,19.830957,12740,11456,1284,0
european-seas,1986-09-17,19.77187,12740,11456,1284,0
european-seas,1986-09-18,19.705462,12740,11456,1284,0
european-seas,1986-09-19,19.647074,12740,11456,1284,0
european-seas,1986-09-20,19.541443,12740,11456,1284,0
european-seas,1986-09-21,19.381477,12740,11456,1284,0
european-seas,1986-09-22,19.28669,12740,11456,1284,0
european-seas,1986-09-23,19.268335,12740,11456,1284,0
european-seas,1986-09-24,19.222317,12740,11456,1284,0
european-seas,1986-09-25,19.077246,12740,11456,1284,0
european-seas,1986-09-26,18.936218,12740,11456,1284,0
european-seas,1986-09-27,18.857113,12740,11456,1284,0
european-seas,1986-09-28,18.85379,12740,11456,1284,0
european-seas,1986-09-29,18.81341,12740,11456,1284,0
european-seas,1986-09-30,18.745098,12740,11456,1284,0
european-seas,1986-10-01,18.608496,12740,11456,1284,0
european-seas,1986-10-02,18.474463,12740,11456,1284,0
european-seas,1986-10-03,18.397106,12740,11456,1284,0
european-seas,1986-10-04,18.373194,12740,11456,1284,0
european-seas,1986-10-05,18.361868,12740,11456,1284,0
european-seas,1986-10-06,18.283882,12740,11456,1284,0
european-seas,1986-10-07,18.227673,12740,11456,1284,0
european-seas,1986-10-08,18.235764,12740,11456,1284,0
european-seas,1986-10-09,18.216534,12740,11456,1284,0
european-seas,1986-10-10,18.17651,12740,11456,1284,0
european-seas,1986-10-11,18.079971,12740,11456,1284,0
european-seas,1986-10-12,18.005287,12740,11456,1284,0
european-seas,1986-10-13,17.947691,12740,11456,1284,0
european-seas,1986-10-14,17.87078,12740,11456,1284,0
european-seas,1986-10-15,17.76131,12740,11456,1284,0
european-seas,1986-10-16,17.679758,12740,11456,1284,0
european-seas,1986-10-17,17.593739,12740,11456,1284,0
european-seas,1986-10-18,17.510748,12740,11456,1284,0
european-seas,1986-10-19,17.412527,12740,11456,1284,0
european-seas,1986-10-20,17.368675,12740,11456,1284,0
european-seas,1986-10-21,17.30093,12740,11456,1284,0
european-seas,1986-10-22,17.181786,12740,11456,1284,0
european-seas,1986-10-23,17.080828,12740,11456,1284,0
european-seas,1986-10-24,17.047247,12740,11456,1284,0
european-seas,1986-10-25,16.985092,12740,11456,1284,0
european-seas,1986-10-26,16.899393,12740,11456,1284,0
european-seas,1986-10-27,16.793056,12740,11456,1284,0
european-seas,1986-10-28,16.707258,12740,11456,1284,0
european-seas,1986-10-29,16.570963,12740,11456,1284,0
european-seas,1986-10-30,16.44808,12740,11456,1284,0
european-seas,1986-10-31,16.39021,12740,11404,1284,52
european-seas,1986-11-01,16.331724,12740,11392,1284,64
european-seas,1986-11-02,16.268589,12740,11336,1284,120
european-seas,1986-11-03,16.179493,12740,11321,1284,135
european-seas,1986-11-04,16.090485,12740,11292,1284,164
european-seas,1986-11-05,15.943891,12740,11339,1284,117
european-seas,1986-11-06,15.850845,12740,11324,1284,132
european-seas,1986-11-07,15.763855,12740,11331,1284,125
european-seas,1986-11-08,15.654147,12740,11315,1284,141
european-seas,1986-11-09,15.527233,12740,11334,1284,122
european-seas,1986-11-10,15.4518385,12740,11311,1284,145
european-seas,1986-11-11,15.381684,12740,11343,1284,113
european-seas,1986-11-12,15.31816,12740,11326,1284,130
european-seas,1986-11-13,15.198538,12740,11340,1284,116
european-seas,1986-11-14,15.14343,12740,11322,1284,134
european-seas,1986-11-15,15.063978,12740,11356,1284,100
european-seas,1986-11-16,15.036298,12740,11306,1284,150
european-seas,1986-11-17,14.944834,12740,11343,1284,113
european-seas,1986-11-18,14.880104,12740,11336,1284,120
european-seas,1986-11-19,14.816373,12740,11359,1284,97
european-seas,1986-11-20,14.765244,12740,11330,1284,126
european-seas,1986-11-21,14.667514,12740,11361,1284,95
european-seas,1986-11-22,14.655368,12740,11303,1284,153
european-seas,1986-11-23,14.584968,12740,11336,1284,120
european-seas,1986-11-24,14.542072,12740,11318,1284,138
european-seas,1986-11-25,14.514237,12740,11330,1284,126
european-seas,1986-11-26,14.4616785,12740,11313,1284,143
european-seas,1986-11-27,14.354651,12740,11347,1284,109
european-seas,1986-11-28,14.308966,12740,11310,1284,146
european-seas,1986-11-29,14.194488,12740,11346,1284,110
european-seas,1986-11-30,14.264115,12740,11112,1284,344
european-seas,1986-12-01,14.218013,12740,11113,1284,343
european-seas,1986-12-02,14.235661,12740,11013,1284,443
european-seas,1986-12-03,14.202539,12740,11031,1284,425
european-seas,1986-12-04,14.187622,12740,11009,1284,447
european-seas,1986-12-05,14.111298,12740,11023,1284,433
european-seas,1986-12-06,14.036525,12740,11014,1284,442
european-seas,1986-12-07,13.922313,12740,11052,1284,404
european-seas,1986-12-08,13.8687725,12740,11046,1284,410
european-seas,1986-12-09,13.812049,12740,11083,1284,373
european-seas,1986-12-10,13.73994,12740,11066,1284,390
european-seas,1986-12-11,13.617869,12740,11100,1284,356
european-seas,1986-12-12,13.569552,12740,11061,1284,395
european-seas,1986-12-13,13.456909,12740,11125,1284,331
european-seas,1986-12-14,13.458883,12740,11033,1284,423
european-seas,1986-12-15,13.404486,12740,11071,1284,385
european-seas,1986-12-16,13.397979,12740,11018,1284,438
european-seas,1986-12-17,13.331312,12740,11029,1284,427
european-seas,1986-12-18,13.274148,12740,10969,1284,487
european-seas,1986-12-19,13.142585,12740,10996,1284,460
european-seas,1986-12-20,13.091398,12740,10908,1284,548
european-seas,1986-12-21,13.02891,12740,10938,1284,518
european-seas,1986-12-22,12.998123,12740,10886,1284,570
european-seas,1986-12-23,12.897773,12740,10933,1284,523
european-seas,1986-12-24,12.813081,12740,10885,1284,571
european-seas,1986-12-25,12.687672,12740,10946,1284,510
european-seas,1986-12-26,12.668101,12740,10853,1284,603
european-seas,1986-12-27,12.583012,12740,10892,1284,564
european-seas,1986-12-28,12.552561,12740,10853,1284,603
european-seas,1986-12-29,12.485377,12740,10900,1284,556
european-seas,1986-12-30,12.502775,12740,10836,1284,620
european-seas,1986-12-31,12.423429,12740,10870,1284,586
european-seas,1987-01-01,12.436635,12740,10653,1284,803
european-seas,1987-01-02,12.391268,12740,10672,1284,784
european-seas,1987-01-03,12.459827,12740,10538,1284,918
european-seas,1987-01-04,12.396993,12740,10563,1284,893
european-seas,1987-01-05,12.357731,12740,10469,1284,987
european-seas,1987-01-06,12.23081,12740,10538,1284,918
european-seas,1987-01-07,12.208713,12740,10425,1284,1031
european-seas,1987-01-08,12.109303,12740,10469,1284,987
european-seas,1987-01-09,12.10313,12740,10381,1284,1075
european-seas,1987-01-10,11.971415,12740,10437,1284,1019
european-seas,1987-01-11,11.951588,12740,10361,1284,1095
european-seas,1987-01-12,11.918896,12740,10408,1284,1048
european-seas,1987-01-13,11.915856,12740,10372,1284,1084
european-seas,1987-01-14,11.89455,12740,10412,1284,1044
european-seas,1987-01-15,11.8962145,12740,10367,1284,1089
european-seas,1987-01-16,11.725752,12740,10468,1284,988
european-seas,1987-01-17,11.737646,12740,10400,1284,1056
european-seas,1987-01-18,11.690259,12740,10487,1284,969
european-seas,1987-01-19,11.720276,12740,10427,1284,1029
european-seas,1987-01-20,11.689108,12740,10478,1284,978
european-seas,1987-01-21,11.727301,12740,10419,1284,1037
european-seas,1987-01-22,11.68698,12740,10466,1284,990
european-seas,1987-01-23,11.734287,12740,10367,1284,1089
european-seas,1987-01-24,11.732237,12740,10398,1284,1058
european-seas,1987-01-25,11.747528,12740,10337,1284,1119
european-seas,1987-01-26,11.750133,12740,10348,1284,1108
european-seas,1987-01-27,11.776941,12740,10333,1284,1123
european-seas,1987-01-28,11.71354,12740,10360,1284,1096
european-seas,1987-01-29,11.705088,12740,10300,1284,1156
european-seas,1987-01-30,11.579197,12740,10332,1284,1124
european-seas,1987-01-31,11.546022,12740,10298,1284,1158
european-seas,1987-02-01,11.512589,12740,10402,1284,1054
european-seas,1987-02-02,11.625869,12740,10312,1284,1144
european-seas,1987-02-03,11.597556,12740,10387,1284,1069
european-seas,1987-02-04,11.634776,12740,10362,1284,1094
european-seas,1987-02-05,11.534751,12740,10426,1284,1030
european-seas,1987-02-06,11.468982,12740,10379,1284,1077
european-seas,1987-02-07,11.407927,12740,10488,1284,968
european-seas,1987-02-08,11.516926,12740,10425,1284,1031
european-seas,1987-02-09,11.583305,12740,10523,1284,933
european-seas,1987-02-10,11.563844,12740,10480,1284,976
european-seas,1987-02-11,11.386645,12740,10561,1284,895
european-seas,1987-02-12,11.417506,12740,10505,1284,951
european-seas,1987-02-13,11.329389,12740,10597,1284,859
european-seas,1987-02-14,11.348723,12740,10509,1284,947
european-seas,1987-02-15,11.316397,12740,10586,1284,870
european-seas,1987-02-16,11.393702,12740,10491,1284,965
european-seas,1987-02-17,11.398546,12740,10523,1284,933
european-seas,1987-02-18,11.443842,12740,10446,1284,1010
european-seas,1987-02-19,11.344192,12740,10485,1284,971
european-seas,1987-02-20,11.293935,12740,10435,1284,1021
european-seas,1987-02-21,11.269298,12740,10475,1284,981
european-seas,1987-02-22,11.311112,12740,10408,1284,1048
european-seas,1987-02-23,11.244187,12740,10470,1284,986
european-seas,1987-02-24,11.34705,12740,10393,1284,1063
european-seas,1987-02-25,11.290224,12740,10464,1284,992
european-seas,1987-02-26,11.393654,12740,10275,1284,1181
european-seas,1987-02-27,11.346048,12740,10312,1284,1144
european-seas,1987-02-28,11.505126,12740,10160,1284,1296
european-seas,1987-03-01,11.547802,12740,10172,1284,1284
european-seas,1987-03-02,11.64456,12740,10128,1284,1328
european-seas,1987-03-03,11.590726,12740,10222,1284,1234
european-seas,1987-03-04,11.536797,12740,10156,1284,1300
european-seas,1987-03-05,11.474162,12740,10195,1284,1261
european-seas,1987-03-06,11.502197,12740,10149,1284,1307
european-seas,1987-03-07,11.458895,12740,10189,1284,1267
european-seas,1987-03-08,11.470344,12740,10157,1284,1299
european-seas,1987-03-09,11.440255,12740,10208,1284,1248
european-seas,1987-03-10,11.490399,12740,10177,1284,1279
european-seas,1987-03-11,11.478151,12740,10226,1284,1230
european-seas,1987-03-12,11.467623,12740,10187,1284,1269
european-seas,1987-03-13,11.397997,12740,10273,1284,1183
european-seas,1987-03-14,11.402461,12740,10200,1284,1256
european-seas,1987-03-15,11.375195,12740,10235,1284,1221
european-seas,1987-03-16,11.398165,12740,10223,1284,1233
european-seas,1987-03-17,11.357114,12740,10266,1284,1190
european-seas,1987-03-18,11.411356,12740,10247,1284,1209
european-seas,1987-03-19,11.364378,12740,10369,1284,1087
european-seas,1987-03-20,11.424496,12740,10323,1284,1133
european-seas,1987-03-21,11.427409,12740,10387,1284,1069
european-seas,1987-03-22,11.426092,12740,10348,1284,1108
european-seas,1987-03-23,11.27709,12740,10421,1284,1035
european-seas,1987-03-24,11.429172,12740,10347,1284,1109
european-seas,1987-03-25,11.458512,12740,10430,1284,1026
european-seas,1987-03-26,11.550272,12740,10332,1284,1124
european-seas,1987-03-27,11.58631,12740,10427,1284,1029
european-seas,1987-03-28,11.623766,12740,10403,1284,1053
european-seas,1987-03-29,11.551771,12740,10486,1284,970
european-seas,1987-03-30,11.47631,12740,10449,1284,1007
european-seas,1987-03-31,11.357276,12740,10562,1284,894
european-seas,1987-04-01,11.3835535,12740,10479,1284,977
european-seas,1987-04-02,11.386584,12740,10573,1284,883
european-seas,1987-04-03,11.5456085,12740,10496,1284,960
european-seas,1987-04-04,11.56761,12740,10547,1284,909
european-seas,1987-04-05,11.66835,12740,10511,1284,945
european-seas,1987-04-06,11.775837,12740,10563,1284,893
european-seas,1987-04-07,11.950223,12740,10493,1284,963
european-seas,1987-04-08,11.960376,12740,10575,1284,881
european-seas,1987-04-09,12.012348,12740,10520,1284,936
european-seas,1987-04-10,12.019676,12740,10605,1284,851
european-seas,1987-04-11,12.134445,12740,10513,1284,943
european-seas,1987-04-12,12.094809,12740,10604,1284,852
european-seas,1987-04-13,12.102341,12740,10532,1284,924
european-seas,1987-04-14,12.063985,12740,10576,1284,880
european-seas,1987-04-15,12.216588,12740,10485,1284,971
european-seas,1987-04-16,12.3012085,12740,10566,1284,890
european-seas,1987-04-17,12.442017,12740,10485,1284,971
european-seas,1987-04-18,12.5006075,12740,10562,1284,894
european-seas,1987-04-19,12.620936,12740,10470,1284,986
european-seas,1987-04-20,12.577382,12740,10564,1284,892
european-seas,1987-04-21,12.6857395,12740,10464,1284,992
european-seas,1987-04-22,12.6900425,12740,10568,1284,888
european-seas,1987-04-23,12.824999,12740,10474,1284,982
european-seas,1987-04-24,12.82491,12740,10541,1284,915
european-seas,1987-04-25,12.878426,12740,10489,1284,967
european-seas,1987-04-26,12.9040365,12740,10526,1284,930
european-seas,1987-04-27,13.002933,12740,10470,1284,986
european-seas,1987-04-28,12.902337,12740,10543,1284,913
european-seas,1987-04-29,12.904631,12740,10554,1284,902
european-seas,1987-04-30,12.929931,12740,10691,1284,765
european-seas,1987-05-01,12.970588,12740,10708,1284,748
european-seas,1987-05-02,12.93534,12740,10945,1284,511
european-seas,1987-05-03,13.005666,12740,10917,1284,539
european-seas,1987-05-04,12.950622,12740,10981,1284,475
european-seas,1987-05-05,12.989802,12740,10967,1284,489
european-seas,1987-05-06,13.044966,12740,11033,1284,423
european-seas,1987-05-07,13.144042,12740,11011,1284,445
european-seas,1987-05-08,13.18198,12740,11046,1284,410
european-seas,1987-05-09,13.278496,12740,11022,1284,434
european-seas,1987-05-10,13.304792,12740,11074,1284,382
european-seas,1987-05-11,13.424706,12740,11021,1284,435
european-seas,1987-05-12,13.405677,12740,11118,1284,338
european-seas,1987-05-13,13.500243,12740,11077,1284,379
european-seas,1987-05-14,13.591783,12740,11110,1284,346
european-seas,1987-05-15,13.670589,12740,11078,1284,378
european-seas,1987-05-16,13.672897,12740,11125,1284,331
european-seas,1987-05-17,13.788144,12740,11036,1284,420
european-seas,1987-05-18,13.8525915,12740,11092,1284,364
european-seas,1987-05-19,13.999268,12740,11029,1284,427
european-seas,1987-05-20,14.097571,12740,11070,1284,386
european-seas,1987-05-21,14.252317,12740,11006,1284,450
european-seas,1987-05-22,14.234022,12740,11082,1284,374
european-seas,1987-05-23,14.265286,12740,11015,1284,441
european-seas,1987-05-24,14.223047,12740,11079,1284,377
european-seas,1987-05-25,14.423525,12740,11029,1284,427
european-seas,1987-05-26,14.538331,12740,11096,1284,360
european-seas,1987-05-27,14.729319,12740,11053,1284,403
european-seas,1987-05-28,14.803423,12740,11124,1284,332
european-seas,1987-05-29,14.87909,12740,11154,1284,302
european-seas,1987-05-30,14.899951,12740,11269,1284,187
european-seas,1987-05-31,14.986144,12740,11297,1284,159
european-seas,1987-06-01,15.006386,12740,11456,1284,0
european-seas,1987-06-02,15.106329,12740,11456,1284,0
european-seas,1987-06-03,15.353727,12740,11456,1284,0
european-seas,1987-06-04,15.588637,12740,11456,1284,0
european-seas,1987-06-05,15.730411,12740,11456,1284,0
european-seas,1987-06-06,15.858475,12740,11456,1284,0
european-seas,1987-06-07,15.953252,12740,11456,1284,0
european-seas,1987-06-08,15.996878,12740,11456,1284,0
european-seas,1987-06-09,16.119415,12740,11456,1284,0
european-seas,1987-06-10,16.339523,12740,11456,1284,0
european-seas,1987-06-11,16.53099,12740,11456,1284,0
european-seas,1987-06-12,16.610653,12740,11456,1284,0
european-seas,1987-06-13,16.710924,12740,11456,1284,0
european-seas,1987-06-14,16.861872,12740,11456,1284,0
european-seas,1987-06-15,16.89718,12740,11456,1284,0
european-seas,1987-06-16,16.95639,12740,11456,1284,0
european-seas,1987-06-17,16.930243,12740,11456,1284,0
european-seas,1987-06-18,16.966187,12740,11456,1284,0
european-seas,1987-06-19,16.996214,12740,11456,1284,0
european-seas,1987-06-20,17.124008,12740,11456,1284,0
european-seas,1987-06-21,17.228693,12740,11456,1284,0
european-seas,1987-06-22,17.267712,12740,11456,1284,0
european-seas,1987-06-23,17.330656,12740,11456,1284,0
european-seas,1987-06-24,17.440649,12740,11456,1284,0
european-seas,1987-06-25,17.576574,12740,11456,1284,0
european-seas,1987-06-26,17.710125,12740,11456,1284,0
european-seas,1987-06-27,17.84854,12740,11456,1284,0
european-seas,1987-06-28,18.044907,12740,11456,1284,0
european-seas,1987-06-29,18.223343,12740,11456,1284,0
european-seas,1987-06-30,18.34865,12740,11456,1284,0
european-seas,1987-07-01,18.48619,12740,11456,1284,0
european-seas,1987-07-02,18.689892,12740,11456,1284,0
european-seas,1987-07-03,18.817503,12740,11456,1284,0
european-seas,1987-07-04,19.003557,12740,11456,1284,0
european-seas,1987-07-05,19.21632,12740,11456,1284,0
european-seas,1987-07-06,19.371483,12740,11456,1284,0
european-seas,1987-07-07,19.383821,12740,11456,1284,0
european-seas,1987-07-08,19.366867,12740,11456,1284,0
european-seas,1987-07-09,19.414494,12740,11456,1284,0
european-seas,1987-07-10,19.527084,12740,11456,1284,0
european-seas,1987-07-11,19.581316,12740,11456,1284,0
european-seas,1987-07-12,19.626411,12740,11456,1284,0
european-seas,1987-07-13,19.674435,12740,11456,1284,0
european-seas,1987-07-14,19.766512,12740,11456,1284,0
european-seas,1987-07-15,19.979324,12740,11456,1284,0
european-seas,1987-07-16,20.168667,12740,11456,1284,0
european-seas,1987-07-17,20.244717,12740,11456,1284,0
european-seas,1987-07-18,20.28553,12740,11456,1284,0
european-seas,1987-07-19,20.27318,12740,11456,1284,0
european-seas,1987-07-20,20.323017,12740,11456,1284,0
european-seas,1987-07-21,20.359194,12740,11456,1284,0
european-seas,1987-07-22,20.376917,12740,11456,1284,0
european-seas,1987-07-23,20.520187,12740,11456,1284,0
european-seas,1987-07-24,20.603817,12740,11456,1284,0
european-seas,1987-07-25,20.693087,12740,11456,1284,0
european-seas,1987-07-26,20.611889,12740,11456,1284,0
european-seas,1987-07-27,20.52736,12740,11456,1284,0
european-seas,1987-07-28,20.49064,12740,11456,1284,0
european-seas,1987-07-29,20.48485,12740,11456,1284,0
european-seas,1987-07-30,20.430708,12740,11456,1284,0
european-seas,1987-07-31,20.436932,12740,11456,1284,0
european-seas,1987-08-01,20.352715,12740,11456,1284,0
european-seas,1987-08-02,20.339846,12740,11456,1284,0
european-seas,1987-08-03,20.4467,12740,11456,1284,0
european-seas,1987-08-04,20.537498,12740,11456,1284,0
european-seas,1987-08-05,20.564962,12740,11456,1284,0
european-seas,1987-08-06,20.548716,12740,11456,1284,0
european-seas,1987-08-07,20.531971,12740,11456,1284,0
european-seas,1987-08-08,20.486404,12740,11456,1284,0
european-seas,1987-08-09,20.512278,12740,11456,1284,0
european-seas,1987-08-10,20.568455,12740,11456,1284,0
european-seas,1987-08-11,20.619879,12740,11456,1284,0
european-seas,1987-08-12,20.748281,12740,11456,1284,0
european-seas,1987-08-13,20.870728,12740,11456,1284,0
european-seas,1987-08-14,20.87288,12740,11456,1284,0
european-seas,1987-08-15,20.771687,12740,11456,1284,0
european-seas,1987-08-16,20.758303,12740,11456,1284,0
european-seas,1987-08-17,20.810593,12740,11456,1284,0
european-seas,1987-08-18,20.844559,12740,11456,1284,0
european-seas,1987-08-19,20.92529,12740,11456,1284,0
european-seas,1987-08-20,20.994724,12740,11456,1284,0
european-seas,1987-08-21,21.026928,12740,11456,1284,0
european-seas,1987-08-22,21.009445,12740,11456,1284,0
european-seas,1987-08-23,20.985695,12740,11456,1284,0
european-seas,1987-08-24,20.869453,12740,11456,1284,0
european-seas,1987-08-25,20.756271,12740,11456,1284,0
european-seas,1987-08-26,20.672937,12740,11456,1284,0
european-seas,1987-08-27,20.577322,12740,11456,1284,0
european-seas,1987-08-28,20.525434,12740,11456,1284,0
european-seas,1987-08-29,20.452127,12740,11456,1284,0
european-seas,1987-08-30,20.471678,12740,11456,1284,0
european-seas,1987-08-31,20.47849,12740,11456,1284,0
european-seas,1987-09-01,20.465088,12740,11456,1284,0
european-seas,1987-09-02,20.502115,12740,11456,1284,0
european-seas,1987-09-03,20.532898,12740,11456,1284,0
european-seas,1987-09-04,20.51073,12740,11456,1284,0
european-seas,1987-09-05,20.508133,12740,11456,1284,0
european-seas,1987-09-06,20.543642,12740,11456,1284,0
european-seas,1987-09-07,20.523378,12740,11456,1284,0
european-seas,1987-09-08,20.472275,12740,11456,1284,0
european-seas,1987-09-09,20.461369,12740,11456,1284,0
european-seas,1987-09-10,20.385393,12740,11456,1284,0
european-seas,1987-09-11,20.399487,12740,11456,1284,0
european-seas,1987-09-12,20.412317,12740,11456,1284,0
european-seas,1987-09-13,20.38571,12740,11456,1284,0
european-seas,1987-09-14,20.375425,12740,11456,1284,0
european-seas,1987-09-15,20.351137,12740,11456,1284,0
european-seas,1987-09-16,20.348003,12740,11456,1284,0
european-seas,1987-09-17,20.378378,12740,11456,1284,0
european-seas,1987-09-18,20.3846,12740,11456,1284,0
european-seas,1987-09-19,20.36675,12740,11456,1284,0
european-seas,1987-09-20,20.355959,12740,11456,1284,0
european-seas,1987-09-21,20.332191,12740,11456,1284,0
european-seas,1987-09-22,20.239592,12740,11456,1284,0
european-seas,1987-09-23,20.169086,12740,11456,1284,0
european-seas,1987-09-24,20.04635,12740,11456,1284,0
european-seas,1987-09-25,19.97114,12740,11456,1284,0
european-seas,1987-09-26,19.888704,12740,11456,1284,0
european-seas,1987-09-27,19.806824,12740,11456,1284,0
european-seas,1987-09-28,19.7465,12740,11456,1284,0
european-seas,1987-09-29,19.649813,12740,11456,1284,0
european-seas,1987-09-30,19.417484,12740,11456,1284,0
european-seas,1987-10-01,19.1804,12740,11456,1284,0
european-seas,1987-10-02,18.9684,12740,11456,1284,0
european-seas,1987-10-03,18.859116,12740,11456,1284,0
european-seas,1987-10-04,18.755102,12740,11456,1284,0
european-seas,1987-10-05,18.624783,12740,11456,1284,0
european-seas,1987-10-06,18.534513,12740,11456,1284,0
european-seas,1987-10-07,18.434513,12740,11456,1284,0
european-seas,1987-10-08,18.301226,12740,11456,1284,0
european-seas,1987-10-09,18.198761,12740,11456,1284,0
european-seas,1987-10-10,18.127192,12740,11456,1284,0
european-seas,1987-10-11,18.070599,12740,11456,1284,0
european-seas,1987-10-12,17.987215,12740,11456,1284,0
european-seas,1987-10-13,17.922264,12740,11456,1284,0
european-seas,1987-10-14,17.846436,12740,11456,1284,0
european-seas,1987-10-15,17.671614,12740,11456,1284,0
european-seas,1987-10-16,17.621351,12740,11456,1284,0
european-seas,1987-10-17,17.595676,12740,11456,1284,0
european-seas,1987-10-18,17.510891,12740,11456,1284,0
european-seas,1987-10-19,17.43758,12740,11456,1284,0
european-seas,1987-10-20,17.376837,12740,11456,1284,0
european-seas,1987-10-21,17.287712,12740,11456,1284,0
european-seas,1987-10-22,17.120556,12740,11456,1284,0
european-seas,1987-10-23,16.986938,12740,11456,1284,0
european-seas,1987-10-24,16.928898,12740,11456,1284,0
european-seas,1987-10-25,16.925667,12740,11456,1284,0
european-seas,1987-10-26,16.880207,12740,11456,1284,0
european-seas,1987-10-27,16.709316,12740,11456,1284,0
european-seas,1987-10-28,16.602694,12740,11456,1284,0
european-seas,1987-10-29,16.48316,12740,11456,1284,0
european-seas,1987-10-30,16.452488,12740,11456,1284,0
european-seas,1987-10-31,16.454594,12740,11456,1284,0
european-seas,1987-11-01,16.485662,12740,11357,1284,99
european-seas,1987-11-02,16.493778,12740,11304,1284,152
european-seas,1987-11-03,16.474758,12740,11282,1284,174
european-seas,1987-11-04,16.389269,12740,11273,1284,183
european-seas,1987-11-05,16.213346,12740,11279,1284,177
european-seas,1987-11-06,16.050514,12740,11298,1284,158
european-seas,1987-11-07,15.942904,12740,11294,1284,162
european-seas,1987-11-08,15.843328,12740,11296,1284,160
european-seas,1987-11-09,15.772757,12740,11310,1284,146
european-seas,1987-11-10,15.714697,12740,11307,1284,149
european-seas,1987-11-11,15.603653,12740,11299,1284,157
european-seas,1987-11-12,15.510469,12740,11307,1284,149
european-seas,1987-11-13,15.459209,12740,11300,1284,156
european-seas,1987-11-14,15.365584,12740,11302,1284,154
european-seas,1987-11-15,15.308682,12740,11298,1284,158
european-seas,1987-11-16,15.281239,12740,11308,1284,148
european-seas,1987-11-17,15.272256,12740,11312,1284,144
european-seas,1987-11-18,15.230812,12740,11309,1284,147
european-seas,1987-11-19,15.125146,12740,11306,1284,150
european-seas,1987-11-20,14.936402,12740,11304,1284,152
european-seas,1987-11-21,14.773434,12740,11308,1284,148
european-seas,1987-11-22,14.67186,12740,11315,1284,141
european-seas,1987-11-23,14.598226,12740,11309,1284,147
european-seas,1987-11-24,14.51984,12740,11316,1284,140
european-seas,1987-11-25,14.41471,12740,11315,1284,141
european-seas,1987-11-26,14.24275,12740,11315,1284,141
european-seas,1987-11-27,14.195183,12740,11309,1284,147
european-seas,1987-11-28,14.226009,12740,11295,1284,161
european-seas,1987-11-29,14.1761675,12740,11287,1284,169
european-seas,1987-11-30,14.092018,12740,11274,1284,182
european-seas,1987-12-01,13.975646,12740,11278,1284,178
european-seas,1987-12-02,14.015107,12740,11141,1284,315
european-seas,1987-12-03,13.9851885,12740,11130,1284,326
european-seas,1987-12-04,13.985767,12740,10984,1284,472
european-seas,1987-12-05,13.875809,12740,11028,1284,428
european-seas,1987-12-06,13.535282,12740,11456,1284,0
european-seas,1987-12-07,13.410878,12740,11456,1284,0
european-seas,1987-12-08,13.3534155,12740,11456,1284,0
european-seas,1987-12-09,13.320762,12740,11456,1284,0
european-seas,1987-12-10,13.250943,12740,11456,1284,0
european-seas,1987-12-11,13.2143135,12740,11456,1284,0
european-seas,1987-12-12,13.188313,12740,11456,1284,0
european-seas,1987-12-13,13.197713,12740,11456,1284,0
european-seas,1987-12-14,13.169853,12740,11456,1284,0
european-seas,1987-12-15,13.13587,12740,11456,1284,0
european-seas,1987-12-16,13.081635,12740,11456,1284,0
european-seas,1987-12-17,13.075808,12740,11456,1284,0
european-seas,1987-12-18,13.053318,12740,11456,1284,0
european-seas,1987-12-19,13.033202,12740,11456,1284,0
european-seas,1987-12-20,13.047059,12740,11456,1284,0
european-seas,1987-12-21,12.986065,12740,11456,1284,0
european-seas,1987-12-22,12.95674,12740,11456,1284,0
european-seas,1987-12-23,12.900791,12740,11456,1284,0
european-seas,1987-12-24,12.768712,12740,11456,1284,0
european-seas,1987-12-25,12.6837225,12740,11456,1284,0
european-seas,1987-12-26,12.642664,12740,11456,1284,0
european-seas,1987-12-27,12.664184,12740,11456,1284,0
european-seas,1987-12-28,12.655035,12740,11456,1284,0
european-seas,1987-12-29,12.653205,12740,11456,1284,0
european-seas,1987-12-30,12.63356,12740,11456,1284,0
european-seas,1987-12-31,12.584919,12740,11456,1284,0
european-seas,1988-01-01,12.535144,12740,11456,1284,0
european-seas,1988-01-02,12.523286,12740,11456,1284,0
european-seas,1988-01-03,12.513492,12740,11456,1284,0
european-seas,1988-01-04,12.45384,12740,11456,1284,0
european-seas,1988-01-05,12.397589,12740,11456,1284,0
european-seas,1988-01-06,12.410511,12740,11456,1284,0
european-seas,1988-01-07,12.392338,12740,11456,1284,0
european-seas,1988-01-08,12.340667,12740,11456,1284,0
european-seas,1988-01-09,12.275891,12740,11456,1284,0
european-seas,1988-01-10,12.241259,12740,11456,1284,0
european-seas,1988-01-11,12.585946,12740,10796,1284,660
european-seas,1988-01-12,12.609374,12740,10722,1284,734
european-seas,1988-01-13,12.50353,12740,10879,1284,577
european-seas,1988-01-14,12.499652,12740,10842,1284,614
european-seas,1988-01-15,12.44514,12740,10904,1284,552
european-seas,1988-01-16,12.433653,12740,10833,1284,623
european-seas,1988-01-17,12.337681,12740,10861,1284,595
european-seas,1988-01-18,12.240608,12740,10856,1284,600
european-seas,1988-01-19,12.1866,12740,10835,1284,621
european-seas,1988-01-20,12.215888,12740,10826,1284,630
european-seas,1988-01-21,12.222546,12740,10829,1284,627
european-seas,1988-01-22,12.221194,12740,10830,1284,626
european-seas,1988-01-23,12.212574,12740,10849,1284,607
european-seas,1988-01-24,12.217568,12740,10851,1284,605
european-seas,1988-01-25,12.20255,12740,10843,1284,613
european-seas,1988-01-26,12.274107,12740,10829,1284,627
european-seas,1988-01-27,12.339783,12740,10773,1284,683
european-seas,1988-01-28,12.307587,12740,10773,1284,683
european-seas,1988-01-29,12.254043,12740,10735,1284,721
european-seas,1988-01-30,12.211504,12740,10692,1284,764
european-seas,1988-01-31,12.1847925,12740,10669,1284,787
european-seas,1988-02-01,12.156126,12740,10628,1284,828
european-seas,1988-02-02,12.154042,12740,10611,1284,845
european-seas,1988-02-03,12.105304,12740,10605,1284,851
european-seas,1988-02-04,12.056813,12740,10597,1284,859
european-seas,1988-02-05,12.07337,12740,10603,1284,853
european-seas,1988-02-06,12.113334,12740,10636,1284,820
european-seas,1988-02-07,12.108909,12740,10648,1284,808
european-seas,1988-02-08,12.061515,12740,10651,1284,805
european-seas,1988-02-09,11.979969,12740,10667,1284,789
european-seas,1988-02-10,11.93216,12740,10689,1284,767
european-seas,1988-02-11,11.877326,12740,10693,1284,763
european-seas,1988-02-12,11.828385,12740,10708,1284,748
european-seas,1988-02-13,11.828618,12740,10708,1284,748
european-seas,1988-02-14,11.789924,12740,10727,1284,729
european-seas,1988-02-15,11.73715,12740,10728,1284,728
european-seas,1988-02-16,11.728654,12740,10717,1284,739
european-seas,1988-02-17,11.682922,12740,10722,1284,734
european-seas,1988-02-18,11.660283,12740,10702,1284,754
european-seas,1988-02-19,11.639355,12740,10686,1284,770
european-seas,1988-02-20,11.667424,12740,10666,1284,790
european-seas,1988-02-21,11.686678,12740,10673,1284,783
european-seas,1988-02-22,11.702236,12740,10671,1284,785
european-seas,1988-02-23,11.681259,12740,10650,1284,806
european-seas,1988-02-24,11.609539,12740,10646,1284,810
european-seas,1988-02-25,11.534659,12740,10621,1284,835
european-seas,1988-02-26,11.488967,12740,10611,1284,845
european-seas,1988-02-27,11.47824,12740,10634,1284,822
european-seas,1988-02-28,11.495436,12740,10620,1284,836
european-seas,1988-02-29,11.546499,12740,10607,1284,849
european-seas,1988-03-01,11.559436,12740,10608,1284,848
european-seas,1988-03-02,11.584981,12740,10586,1284,870
european-seas,1988-03-03,11.530775,12740,10621,1284,835
european-seas,1988-03-04,11.519669,12740,10655,1284,801
european-seas,1988-03-05,11.514982,12740,10683,1284,773
european-seas,1988-03-06,11.449724,12740,10695,1284,761
european-seas,1988-03-07,11.367222,12740,10720,1284,736
european-seas,1988-03-08,11.337059,12740,10725,1284,731
european-seas,1988-03-09,11.33071,12740,10712,1284,744
european-seas,1988-03-10,11.348409,12740,10712,1284,744
european-seas,1988-03-11,11.375813,12740,10709,1284,747
european-seas,1988-03-12,11.448054,12740,10694,1284,762
european-seas,1988-03-13,11.455576,12740,10663,1284,793
european-seas,1988-03-14,11.483682,12740,10664,1284,792
european-seas,1988-03-15,11.542445,12740,10687,1284,769
european-seas,1988-03-16,11.593473,12740,10701,1284,755
european-seas,1988-03-17,11.659891,12740,10680,1284,776
european-seas,1988-03-18,11.730844,12740,10660,1284,796
european-seas,1988-03-19,11.761796,12740,10676,1284,780
european-seas,1988-03-20,11.797215,12740,10648,1284,808
european-seas,1988-03-21,11.817128,12740,10631,1284,825
european-seas,1988-03-22,11.792968,12740,10635,1284,821
european-seas,1988-03-23,11.79986,12740,10628,1284,828
european-seas,1988-03-24,11.873993,12740,10646,1284,810
european-seas,1988-03-25,11.97225,12740,10649,1284,807
european-seas,1988-03-26,12.045605,12740,10650,1284,806
european-seas,1988-03-27,12.042826,12740,10683,1284,773
european-seas,1988-03-28,11.977464,12740,10691,1284,765
european-seas,1988-03-29,11.902693,12740,10687,1284,769
european-seas,1988-03-30,11.881198,12740,10686,1284,770
european-seas,1988-03-31,11.899076,12740,10703,1284,753
european-seas,1988-04-01,11.913408,12740,10722,1284,734
european-seas,1988-04-02,11.9365425,12740,10744,1284,712
european-seas,1988-04-03,11.916678,12740,10755,1284,701
european-seas,1988-04-04,11.826828,12740,10753,1284,703
european-seas,1988-04-05,11.72878,12740,10754,1284,702
european-seas,1988-04-06,11.829554,12740,10738,1284,718
european-seas,1988-04-07,11.995453,12740,10704,1284,752
european-seas,1988-04-08,12.12428,12740,10700,1284,756
european-seas,1988-04-09,12.176316,12740,10708,1284,748
european-seas,1988-04-10,12.293203,12740,10726,1284,730
european-seas,1988-04-11,12.381837,12740,10764,1284,692
european-seas,1988-04-12,12.497546,12740,10767,1284,689
european-seas,1988-04-13,12.562186,12740,10786,1284,670
european-seas,1988-04-14,12.5350275,12740,10809,1284,647
european-seas,1988-04-15,12.523543,12740,10792,1284,664
european-seas,1988-04-16,12.555727,12740,10768,1284,688
european-seas,1988-04-17,12.609123,12740,10752,1284,704
european-seas,1988-04-18,12.761625,12740,10731,1284,725
european-seas,1988-04-19,12.878946,12740,10724,1284,732
european-seas,1988-04-20,12.940347,12740,10730,1284,726
european-seas,1988-04-21,13.041754,12740,10730,1284,726
european-seas,1988-04-22,13.098555,12740,10753,1284,703
european-seas,1988-04-23,13.157894,12740,10778,1284,678
european-seas,1988-04-24,13.196948,12740,10818,1284,638
european-seas,1988-04-25,13.172822,12740,10838,1284,618
european-seas,1988-04-26,13.136082,12740,10838,1284,618
european-seas,1988-04-27,13.102526,12740,10834,1284,622
european-seas,1988-04-28,13.093132,12740,10877,1284,579
european-seas,1988-04-29,13.122187,12740,10921,1284,535
european-seas,1988-04-30,13.206963,12740,10969,1284,487
european-seas,1988-05-01,13.249406,12740,11080,1284,376
european-seas,1988-05-02,13.300375,12740,11066,1284,390
european-seas,1988-05-03,13.36345,12740,11049,1284,407
european-seas,1988-05-04,13.459512,12740,11041,1284,415
european-seas,1988-05-05,13.668871,12740,11025,1284,431
european-seas,1988-05-06,13.863563,12740,11013,1284,443
european-seas,1988-05-07,13.91755,12740,11008,1284,448
european-seas,1988-05-08,14.021709,12740,11012,1284,444
european-seas,1988-05-09,14.064013,12740,11017,1284,439
european-seas,1988-05-10,14.199032,12740,11029,1284,427
european-seas,1988-05-11,14.297786,12740,11057,1284,399
european-seas,1988-05-12,14.288904,12740,11077,1284,379
european-seas,1988-05-13,14.2779455,12740,11088,1284,368
european-seas,1988-05-14,14.409605,12740,11087,1284,369
european-seas,1988-05-15,14.63107,12740,11077,1284,379
european-seas,1988-05-16,14.762114,12740,11085,1284,371
european-seas,1988-05-17,14.864849,12740,11093,1284,363
european-seas,1988-05-18,14.947302,12740,11097,1284,359
european-seas,1988-05-19,15.21363,12740,11109,1284,347
european-seas,1988-05-20,15.462072,12740,11111,1284,345
european-seas,1988-05-21,15.578283,12740,11113,1284,343
european-seas,1988-05-22,15.611886,12740,11117,1284,339
european-seas,1988-05-23,15.591481,12740,11106,1284,350
european-seas,1988-05-24,15.538979,12740,11097,1284,359
european-seas,1988-05-25,15.624745,12740,11078,1284,378
european-seas,1988-05-26,15.828667,12740,11057,1284,399
european-seas,1988-05-27,15.906419,12740,11069,1284,387
european-seas,1988-05-28,15.94533,12740,11092,1284,364
european-seas,1988-05-29,16.00811,12740,11161,1284,295
european-seas,1988-05-30,16.054552,12740,11266,1284,190
european-seas,1988-05-31,16.053295,12740,11354,1284,102
european-seas,1988-06-01,16.081654,12740,11456,1284,0
european-seas,1988-06-02,16.177652,12740,11456,1284,0
european-seas,1988-06-03,16.2434,12740,11456,1284,0
european-seas,1988-06-04,16.28525,12740,11456,1284,0
european-seas,1988-06-05,16.313826,12740,11456,1284,0
european-seas,1988-06-06,16.382668,12740,11456,1284,0
european-seas,1988-06-07,16.5724,12740,11456,1284,0
european-seas,1988-06-08,16.703651,12740,11456,1284,0
european-seas,1988-06-09,16.860884,12740,11456,1284,0
european-seas,1988-06-10,16.973,12740,11456,1284,0
european-seas,1988-06-11,17.072195,12740,11456,1284,0
european-seas,1988-06-12,17.188587,12740,11456,1284,0
european-seas,1988-06-13,17.30682,12740,11456,1284,0
european-seas,1988-06-14,17.368658,12740,11456,1284,0
european-seas,1988-06-15,17.513536,12740,11456,1284,0
european-seas,1988-06-16,17.798098,12740,11456,1284,0
european-seas,1988-06-17,17.93283,12740,11456,1284,0
european-seas,1988-06-18,18.022314,12740,11456,1284,0
european-seas,1988-06-19,18.161045,12740,11456,1284,0
european-seas,1988-06-20,18.184982,12740,11456,1284,0
european-seas,1988-06-21,18.216597,12740,11456,1284,0
european-seas,1988-06-22,18.394608,12740,11456,1284,0
european-seas,1988-06-23,18.451387,12740,11456,1284,0
european-seas,1988-06-24,18.445528,12740,11456,1284,0
european-seas,1988-06-25,18.482162,12740,11456,1284,0
european-seas,1988-06-26,18.583038,12740,11456,1284,0
european-seas,1988-06-27,18.658783,12740,11456,1284,0
european-seas,1988-06-28,18.757671,12740,11456,1284,0
european-seas,1988-06-29,19.024343,12740,11456,1284,0
european-seas,1988-06-30,19.219217,12740,11456,1284,0
european-seas,1988-07-01,19.3163,12740,11456,1284,0
european-seas,1988-07-02,19.421415,12740,11456,1284,0
european-seas,1988-07-03,19.453428,12740,11456,1284,0
european-seas,1988-07-04,19.525877,12740,11456,1284,0
european-seas,1988-07-05,19.5044,12740,11456,1284,0
european-seas,1988-07-06,19.553999,12740,11456,1284,0
european-seas,1988-07-07,19.688719,12740,11456,1284,0
european-seas,1988-07-08,19.863,12740,11456,1284,0
european-seas,1988-07-09,19.98917,12740,11456,1284,0
european-seas,1988-07-10,20.115086,12740,11456,1284,0
european-seas,1988-07-11,20.252556,12740,11456,1284,0
european-seas,1988-07-12,20.304615,12740,11456,1284,0
european-seas,1988-07-13,20.327694,12740,11456,1284,0
european-seas,1988-07-14,20.435822,12740,11456,1284,0
european-seas,1988-07-15,20.430193,12740,11456,1284,0
european-seas,1988-07-16,20.338276,12740,11456,1284,0
european-seas,1988-07-17,20.336557,12740,11456,1284,0
european-seas,1988-07-18,20.40053,12740,11456,1284,0
european-seas,1988-07-19,20.448927,12740,11456,1284,0
european-seas,1988-07-20,20.458199,12740,11456,1284,0
european-seas,1988-07-21,20.51413,12740,11456,1284,0
european-seas,1988-07-22,20.612312,12740,11456,1284,0
european-seas,1988-07-23,20.677574,12740,11456,1284,0
european-seas,1988-07-24,20.741728,12740,11456,1284,0
european-seas,1988-07-25,20.758497,12740,11456,1284,0
european-seas,1988-07-26,20.788776,12740,11456,1284,0
european-seas,1988-07-27,20.840311,12740,11456,1284,0
european-seas,1988-07-28,20.84474,12740,11456,1284,0
european-seas,1988-07-29,20.758377,12740,11456,1284,0
european-seas,1988-07-30,20.720993,12740,11456,1284,0
european-seas,1988-07-31,20.753107,12740,11456,1284,0
european-seas,1988-08-01,20.755236,12740,11456,1284,0
european-seas,1988-08-02,20.750366,12740,11456,1284,0
european-seas,1988-08-03,20.72189,12740,11456,1284,0
european-seas,1988-08-04,20.668661,12740,11456,1284,0
european-seas,1988-08-05,20.74284,12740,11456,1284,0
european-seas,1988-08-06,20.833073,12740,11456,1284,0
european-seas,1988-08-07,20.926378,12740,11456,1284,0
european-seas,1988-08-08,20.988346,12740,11456,1284,0
european-seas,1988-08-09,21.043734,12740,11456,1284,0
european-seas,1988-08-10,21.09629,12740,11456,1284,0
european-seas,1988-08-11,21.156572,12740,11456,1284,0
european-seas,1988-08-12,21.115103,12740,11456,1284,0
european-seas,1988-08-13,21.127459,12740,11456,1284,0
european-seas,1988-08-14,21.198221,12740,11456,1284,0
european-seas,1988-08-15,21.274185,12740,11456,1284,0
european-seas,1988-08-16,21.34368,12740,11456,1284,0
european-seas,1988-08-17,21.368767,12740,11456,1284,0
european-seas,1988-08-18,21.338722,12740,11456,1284,0
european-seas,1988-08-19,21.325066,12740,11456,1284,0
european-seas,1988-08-20,21.292332,12740,11456,1284,0
european-seas,1988-08-21,21.180956,12740,11456,1284,0
european-seas,1988-08-22,20.982935,12740,11456,1284,0
european-seas,1988-08-23,20.895472,12740,11456,1284,0
european-seas,1988-08-24,20.938538,12740,11456,1284,0
european-seas,1988-08-25,20.927189,12740,11456,1284,0
european-seas,1988-08-26,20.919119,12740,11456,1284,0
european-seas,1988-08-27,20.909414,12740,11456,1284,0
european-seas,1988-08-28,20.78702,12740,11456,1284,0
european-seas,1988-08-29,20.592085,12740,11456,1284,0
european-seas,1988-08-30,20.508234,12740,11456,1284,0
european-seas,1988-08-31,20.476452,12740,11456,1284,0
european-seas,1988-09-01,20.471136,12740,11456,1284,0
european-seas,1988-09-02,20.457085,12740,11456,1284,0
european-seas,1988-09-03,20.472963,12740,11456,1284,0
european-seas,1988-09-04,20.53179,12740,11456,1284,0
european-seas,1988-09-05,20.535131,12740,11456,1284,0
european-seas,1988-09-06,20.524147,12740,11456,1284,0
european-seas,1988-09-07,20.450441,12740,11456,1284,0
european-seas,1988-09-08,20.273275,12740,11456,1284,0
european-seas,1988-09-09,20.17144,12740,11456,1284,0
european-seas,1988-09-10,20.077978,12740,11456,1284,0
european-seas,1988-09-11,19.96848,12740,11456,1284,0
european-seas,1988-09-12,19.891006,12740,11456,1284,0
european-seas,1988-09-13,19.84117,12740,11456,1284,0
european-seas,1988-09-14,19.774158,12740,11456,1284,0
european-seas,1988-09-15,19.604914,12740,11456,1284,0
european-seas,1988-09-16,19.42977,12740,11456,1284,0
european-seas,1988-09-17,19.38268,12740,11456,1284,0
european-seas,1988-09-18,19.340412,12740,11456,1284,0
european-seas,1988-09-19,19.283415,12740,11456,1284,0
european-seas,1988-09-20,19.27159,12740,11456,1284,0
european-seas,1988-09-21,19.218485,12740,11456,1284,0
european-seas,1988-09-22,19.078712,12740,11456,1284,0
european-seas,1988-09-23,19.053059,12740,11456,1284,0
european-seas,1988-09-24,19.008865,12740,11456,1284,0
european-seas,1988-09-25,18.948483,12740,11456,1284,0
european-seas,1988-09-26,18.972414,12740,11456,1284,0
european-seas,1988-09-27,18.995914,12740,11456,1284,0
european-seas,1988-09-28,18.96385,12740,11456,1284,0
european-seas,1988-09-29,18.856197,12740,11456,1284,0
european-seas,1988-09-30,18.711561,12740,11456,1284,0
european-seas,1988-10-01,18.578354,12740,11456,1284,0
european-seas,1988-10-02,18.43911,12740,11456,1284,0
european-seas,1988-10-03,18.365358,12740,11456,1284,0
european-seas,1988-10-04,18.296099,12740,11456,1284,0
european-seas,1988-10-05,18.259708,12740,11456,1284,0
european-seas,1988-10-06,18.1726,12740,11456,1284,0
european-seas,1988-10-07,18.169544,12740,11456,1284,0
european-seas,1988-10-08,18.181602,12740,11456,1284,0
european-seas,1988-10-09,18.160011,12740,11456,1284,0
european-seas,1988-10-10,18.080265,12740,11456,1284,0
european-seas,1988-10-11,17.966011,12740,11456,1284,0
european-seas,1988-10-12,17.849846,12740,11456,1284,0
european-seas,1988-10-13,17.748722,12740,11456,1284,0
european-seas,1988-10-14,17.68248,12740,11456,1284,0
european-seas,1988-10-15,17.559921,12740,11456,1284,0
european-seas,1988-10-16,17.46775,12740,11456,1284,0
european-seas,1988-10-17,17.42034,12740,11456,1284,0
european-seas,1988-10-18,17.398094,12740,11456,1284,0
european-seas,1988-10-19,17.415462,12740,11456,1284,0
european-seas,1988-10-20,17.316923,12740,11456,1284,0
european-seas,1988-10-21,17.202957,12740,11456,1284,0
european-seas,1988-10-22,17.178366,12740,11456,1284,0
european-seas,1988-10-23,17.141014,12740,11456,1284,0
european-seas,1988-10-24,17.054329,12740,11456,1284,0
european-seas,1988-10-25,17.018957,12740,11456,1284,0
european-seas,1988-10-26,16.907,12740,11456,1284,0
european-seas,1988-10-27,16.766188,12740,11456,1284,0
european-seas,1988-10-28,16.64637,12740,11456,1284,0
european-seas,1988-10-29,16.49414,12740,11456,1284,0
european-seas,1988-10-30,16.42288,12740,11456,1284,0
european-seas,1988-10-31,16.364332,12740,11456,1284,0
european-seas,1988-11-01,16.27741,12740,11383,1284,73
european-seas,1988-11-02,16.160107,12740,11332,1284,124
european-seas,1988-11-03,16.042858,12740,11301,1284,155
european-seas,1988-11-04,15.920736,12740,11271,1284,185
european-seas,1988-11-05,15.825111,12740,11280,1284,176
european-seas,1988-11-06,15.728341,12740,11274,1284,182
european-seas,1988-11-07,15.737934,12740,11267,1284,189
european-seas,1988-11-08,15.743659,12740,11261,1284,195
european-seas,1988-11-09,15.706367,12740,11267,1284,189
european-seas,1988-11-10,15.635519,12740,11279,1284,177
european-seas,1988-11-11,15.514174,12740,11277,1284,179
european-seas,1988-11-12,15.416738,12740,11270,1284,186
european-seas,1988-11-13,15.340873,12740,11265,1284,191
european-seas,1988-11-14,15.337721,12740,11278,1284,178
european-seas,1988-11-15,15.31283,12740,11288,1284,168
european-seas,1988-11-16,15.235346,12740,11287,1284,169
european-seas,1988-11-17,15.084358,12740,11297,1284,159
european-seas,1988-11-18,14.989796,12740,11302,1284,154
european-seas,1988-11-19,14.884371,12740,11298,1284,158
european-seas,1988-11-20,14.781034,12740,11295,1284,161
european-seas,1988-11-21,14.708765,12740,11286,1284,170
european-seas,1988-11-22,14.589949,12740,11276,1284,180
european-seas,1988-11-23,14.459737,12740,11273,1284,183
european-seas,1988-11-24,14.346584,12740,11270,1284,186
european-seas,1988-11-25,14.2717905,12740,11271,1284,185
european-seas,1988-11-26,14.216715,12740,11276,1284,180
european-seas,1988-11-27,14.140803,12740,11281,1284,175
european-seas,1988-11-28,14.053684,12740,11282,1284,174
european-seas,1988-11-29,13.9859295,12740,11277,1284,179
european-seas,1988-11-30,13.95432,12740,11270,1284,186
european-seas,1988-12-01,13.964252,12740,11128,1284,328
european-seas,1988-12-02,13.8846855,12740,11045,1284,411
european-seas,1988-12-03,13.899694,12740,10999,1284,457
european-seas,1988-12-04,13.91371,12740,10963,1284,493
european-seas,1988-12-05,13.866431,12740,10940,1284,516
european-seas,1988-12-06,13.833505,12740,10929,1284,527
european-seas,1988-12-07,13.768542,12740,10936,1284,520
european-seas,1988-12-08,13.697498,12740,10931,1284,525
european-seas,1988-12-09,13.5924015,12740,10941,1284,515
european-seas,1988-12-10,13.497468,12740,10933,1284,523
european-seas,1988-12-11,13.46594,12740,10922,1284,534
european-seas,1988-12-12,13.424036,12740,10919,1284,537
european-seas,1988-12-13,13.412089,12740,10928,1284,528
european-seas,1988-12-14,13.384467,12740,10917,1284,539
european-seas,1988-12-15,13.334718,12740,10914,1284,542
european-seas,1988-12-16,13.237214,12740,10917,1284,539
european-seas,1988-12-17,13.125713,12740,10915,1284,541
european-seas,1988-12-18,13.079626,12740,10903,1284,553
european-seas,1988-12-19,13.02601,12740,10903,1284,553
european-seas,1988-12-20,13.002697,12740,10884,1284,572
european-seas,1988-12-21,12.964886,12740,10886,1284,570
european-seas,1988-12-22,12.931179,12740,10877,1284,579
european-seas,1988-12-23,12.89025,12740,10866,1284,590
european-seas,1988-12-24,12.881258,12740,10860,1284,596
european-seas,1988-12-25,12.864406,12740,10856,1284,600
european-seas,1988-12-26,12.817701,12740,10855,1284,601
european-seas,1988-12-27,12.76399,12740,10855,1284,601
european-seas,1988-12-28,12.779525,12740,10859,1284,597
european-seas,1988-12-29,12.708436,12740,10872,1284,584
european-seas,1988-12-30,12.654469,12740,10896,1284,560
european-seas,1988-12-31,12.610402,12740,10913,1284,543
european-seas,1989-01-01,12.568754,12740,10922,1284,534
european-seas,1989-01-02,12.531491,12740,10874,1284,582
european-seas,1989-01-03,12.538327,12740,10831,1284,625
european-seas,1989-01-04,12.482859,12740,10798,1284,658
european-seas,1989-01-05,12.437372,12740,10787,1284,669
european-seas,1989-01-06,12.394877,12740,10769,1284,687
european-seas,1989-01-07,12.397673,12740,10753,1284,703
european-seas,1989-01-08,12.413408,12740,10735,1284,721
european-seas,1989-01-09,12.414845,12740,10716,1284,740
european-seas,1989-01-10,12.37823,12740,10697,1284,759
european-seas,1989-01-11,12.373577,12740,10675,1284,781
european-seas,1989-01-12,12.352084,12740,10657,1284,799
european-seas,1989-01-13,12.328181,12740,10630,1284,826
european-seas,1989-01-14,12.312199,12740,10612,1284,844
european-seas,1989-01-15,12.326032,12740,10617,1284,839
european-seas,1989-01-16,12.386357,12740,10619,1284,837
european-seas,1989-01-17,12.391155,12740,10635,1284,821
european-seas,1989-01-18,12.271494,12740,10677,1284,779
european-seas,1989-01-19,12.203757,12740,10696,1284,760
european-seas,1989-01-20,12.17542,12740,10734,1284,722
european-seas,1989-01-21,12.141655,12740,10753,1284,703
european-seas,1989-01-22,12.12958,12740,10762,1284,694
european-seas,1989-01-23,12.10255,12740,10786,1284,670
european-seas,1989-01-24,12.120869,12740,10772,1284,684
european-seas,1989-01-25,12.136064,12740,10744,1284,712
european-seas,1989-01-26,12.113964,12740,10732,1284,724
european-seas,1989-01-27,12.092104,12740,10736,1284,720
european-seas,1989-01-28,12.088391,12740,10712,1284,744
european-seas,1989-01-29,12.034213,12740,10706,1284,750
european-seas,1989-01-30,12.003521,12740,10690,1284,766
european-seas,1989-01-31,12.03092,12740,10675,1284,781
european-seas,1989-02-01,12.03341,12740,10638,1284,818
european-seas,1989-02-02,12.017619,12740,10594,1284,862
european-seas,1989-02-03,12.035583,12740,10571,1284,885
european-seas,1989-02-04,12.042561,12740,10550,1284,906
european-seas,1989-02-05,12.053507,12740,10540,1284,916
european-seas,1989-02-06,12.061677,12740,10577,1284,879
european-seas,1989-02-07,12.018287,12740,10618,1284,838
european-seas,1989-02-08,11.977426,12740,10670,1284,786
european-seas,1989-02-09,11.916754,12740,10688,1284,768
european-seas,1989-02-10,11.906583,12740,10704,1284,752
european-seas,1989-02-11,11.91354,12740,10713,1284,743
european-seas,1989-02-12,11.922174,12740,10694,1284,762
european-seas,1989-02-13,11.972485,12740,10649,1284,807
european-seas,1989-02-14,11.965893,12740,10651,1284,805
european-seas,1989-02-15,11.924817,12740,10633,1284,823
european-seas,1989-02-16,11.914643,12740,10612,1284,844
european-seas,1989-02-17,11.870848,12740,10612,1284,844
european-seas,1989-02-18,11.828235,12740,10630,1284,826
european-seas,1989-02-19,11.800979,12740,10683,1284,773
european-seas,1989-02-20,11.857519,12740,10676,1284,780
european-seas,1989-02-21,11.879921,12740,10689,1284,767
european-seas,1989-02-22,11.905177,12740,10673,1284,783
european-seas,1989-02-23,11.891062,12740,10678,1284,778
european-seas,1989-02-24,11.844242,12740,10686,1284,770
european-seas,1989-02-25,11.750242,12740,10673,1284,783
european-seas,1989-02-26,11.668923,12740,10661,1284,795
european-seas,1989-02-27,11.661939,12740,10699,1284,757
european-seas,1989-02-28,11.7106,12740,10710,1284,746
european-seas,1989-03-01,11.749629,12740,10745,1284,711
european-seas,1989-03-02,11.780752,12740,10766,1284,690
european-seas,1989-03-03,11.832244,12740,10766,1284,690
european-seas,1989-03-04,11.922812,12740,10771,1284,685
european-seas,1989-03-05,11.941485,12740,10781,1284,675
european-seas,1989-03-06,11.957948,12740,10791,1284,665
european-seas,1989-03-07,11.988503,12740,10765,1284,691
european-seas,1989-03-08,11.993594,12740,10738,1284,718
european-seas,1989-03-09,11.911651,12740,10768,1284,688
european-seas,1989-03-10,11.782198,12740,10749,1284,707
european-seas,1989-03-11,11.751963,12740,10711,1284,745
european-seas,1989-03-12,11.706808,12740,10707,1284,749
european-seas,1989-03-13,11.749516,12740,10708,1284,748
european-seas,1989-03-14,11.772128,12740,10742,1284,714
european-seas,1989-03-15,11.890406,12740,10771,1284,685
european-seas,1989-03-16,12.057457,12740,10719,1284,737
european-seas,1989-03-17,12.075909,12740,10741,1284,715
european-seas,1989-03-18,12.001308,12740,10767,1284,689
european-seas,1989-03-19,11.9980755,12740,10729,1284,727
european-seas,1989-03-20,12.016062,12740,10684,1284,772
european-seas,1989-03-21,11.989192,12740,10643,1284,813
european-seas,1989-03-22,12.051531,12740,10622,1284,834
european-seas,1989-03-23,12.065604,12740,10639,1284,817
european-seas,1989-03-24,12.140364,12740,10649,1284,807
european-seas,1989-03-25,12.245413,12740,10652,1284,804
european-seas,1989-03-26,12.356696,12740,10676,1284,780
european-seas,1989-03-27,12.388929,12740,10723,1284,733
european-seas,1989-03-28,12.356921,12740,10736,1284,720
european-seas,1989-03-29,12.318859,12740,10766,1284,690
european-seas,1989-03-30,12.299793,12740,10764,1284,692
european-seas,1989-03-31,12.316674,12740,10785,1284,671
european-seas,1989-04-01,12.422111,12740,10832,1284,624
european-seas,1989-04-02,12.405885,12740,10847,1284,609
european-seas,1989-04-03,12.322554,12740,10856,1284,600
european-seas,1989-04-04,12.255401,12740,10863,1284,593
european-seas,1989-04-05,12.275656,12740,10846,1284,610
european-seas,1989-04-06,12.39305,12740,10849,1284,607
european-seas,1989-04-07,12.610581,12740,10803,1284,653
european-seas,1989-04-08,12.681554,12740,10770,1284,686
european-seas,1989-04-09,12.719153,12740,10753,1284,703
european-seas,1989-04-10,12.690182,12740,10749,1284,707
european-seas,1989-04-11,12.674482,12740,10760,1284,696
european-seas,1989-04-12,12.659614,12740,10754,1284,702
european-seas,1989-04-13,12.739666,12740,10730,1284,726
european-seas,1989-04-14,12.7649145,12740,10741,1284,715
european-seas,1989-04-15,12.766596,12740,10751,1284,705
european-seas,1989-04-16,12.801153,12740,10754,1284,702
european-seas,1989-04-17,12.8788,12740,10753,1284,703
european-seas,1989-04-18,12.894727,12740,10775,1284,681
european-seas,1989-04-19,12.904462,12740,10776,1284,680
european-seas,1989-04-20,12.919331,12740,10778,1284,678
european-seas,1989-04-21,12.978552,12740,10776,1284,680
european-seas,1989-04-22,13.018573,12740,10777,1284,679
european-seas,1989-04-23,13.132367,12740,10759,1284,697
european-seas,1989-04-24,13.230415,12740,10758,1284,698
european-seas,1989-04-25,13.207344,12740,10761,1284,695
european-seas,1989-04-26,13.180396,12740,10795,1284,661
european-seas,1989-04-27,13.216905,12740,10820,1284,636
european-seas,1989-04-28,13.206575,12740,10895,1284,561
european-seas,1989-04-29,13.231208,12740,10961,1284,495
european-seas,1989-04-30,13.264289,12740,11038,1284,418
european-seas,1989-05-01,13.3427515,12740,11114,1284,342
european-seas,1989-05-02,13.501976,12740,11109,1284,347
european-seas,1989-05-03,13.723249,12740,11091,1284,365
european-seas,1989-05-04,13.91322,12740,11089,1284,367
european-seas,1989-05-05,14.003851,12740,11071,1284,385
european-seas,1989-05-06,14.030393,12740,11074,1284,382
european-seas,1989-05-07,14.083872,12740,11054,1284,402
european-seas,1989-05-08,14.130193,12740,11055,1284,401
european-seas,1989-05-09,14.190816,12740,11055,1284,401
european-seas,1989-05-10,14.298627,12740,11052,1284,404
european-seas,1989-05-11,14.42606,12740,11042,1284,414
european-seas,1989-05-12,14.517875,12740,11029,1284,427
european-seas,1989-05-13,14.653692,12740,11022,1284,434
european-seas,1989-05-14,14.78752,12740,11026,1284,430
european-seas,1989-05-15,14.958963,12740,11015,1284,441
european-seas,1989-05-16,15.100446,12740,11009,1284,447
european-seas,1989-05-17,15.247228,12740,11016,1284,440
european-seas,1989-05-18,15.428149,12740,11031,1284,425
european-seas,1989-05-19,15.628588,12740,11036,1284,420
european-seas,1989-05-20,15.771602,12740,11050,1284,406
european-seas,1989-05-21,15.905371,12740,11062,1284,394
european-seas,1989-05-22,15.938975,12740,11062,1284,394
european-seas,1989-05-23,15.875891,12740,11067,1284,389
european-seas,1989-05-24,15.716559,12740,11069,1284,387
european-seas,1989-05-25,15.774348,12740,11065,1284,391
european-seas,1989-05-26,15.893251,12740,11053,1284,403
european-seas,1989-05-27,16.035334,12740,11043,1284,413
european-seas,1989-05-28,16.201311,12740,11016,1284,440
european-seas,1989-05-29,16.263823,12740,11069,1284,387
european-seas,1989-05-30,16.179785,12740,11138,1284,318
european-seas,1989-05-31,16.121235,12740,11268,1284,188
european-seas,1989-06-01,16.166277,12740,11456,1284,0
european-seas,1989-06-02,16.290575,12740,11456,1284,0
european-seas,1989-06-03,16.39593,12740,11456,1284,0
european-seas,1989-06-04,16.418205,12740,11456,1284,0
european-seas,1989-06-05,16.419077,12740,11456,1284,0
european-seas,1989-06-06,16.36989,12740,11456,1284,0
european-seas,1989-06-07,16.4282,12740,11456,1284,0
european-seas,1989-06-08,16.610481,12740,11456,1284,0
european-seas,1989-06-09,16.70677,12740,11456,1284,0
european-seas,1989-06-10,16.837482,12740,11456,1284,0
european-seas,1989-06-11,17.07454,12740,11456,1284,0
european-seas,1989-06-12,17.29245,12740,11456,1284,0
european-seas,1989-06-13,17.41485,12740,11456,1284,0
european-seas,1989-06-14,17.528181,12740,11456,1284,0
european-seas,1989-06-15,17.686287,12740,11456,1284,0
european-seas,1989-06-16,17.788202,12740,11456,1284,0
european-seas,1989-06-17,17.920351,12740,11456,1284,0
european-seas,1989-06-18,18.016993,12740,11456,1284,0
european-seas,1989-06-19,18.145798,12740,11456,1284,0
european-seas,1989-06-20,18.259357,12740,11456,1284,0
european-seas,1989-06-21,18.38584,12740,11456,1284,0
european-seas,1989-06-22,18.567558,12740,11456,1284,0
european-seas,1989-06-23,18.652641,12740,11456,1284,0
european-seas,1989-06-24,18.75331,12740,11456,1284,0
european-seas,1989-06-25,18.886677,12740,11456,1284,0
european-seas,1989-06-26,19.004183,12740,11456,1284,0
european-seas,1989-06-27,19.072187,12740,11456,1284,0
european-seas,1989-06-28,19.113977,12740,11456,1284,0
european-seas,1989-06-29,19.175457,12740,11456,1284,0
european-seas,1989-06-30,19.258642,12740,11456,1284,0
european-seas,1989-07-01,19.330368,12740,11456,1284,0
european-seas,1989-07-02,19.388546,12740,11456,1284,0
european-seas,1989-07-03,19.454922,12740,11456,1284,0
european-seas,1989-07-04,19.613253,12740,11456,1284,0
european-seas,1989-07-05,19.678276,12740,11456,1284,0
european-seas,1989-07-06,19.743826,12740,11456,1284,0
european-seas,1989-07-07,19.810558,12740,11456,1284,0
european-seas,1989-07-08,19.882751,12740,11456,1284,0
european-seas,1989-07-09,19.913666,12740,11456,1284,0
european-seas,1989-07-10,19.947018,12740,11456,1284,0
european-seas,1989-07-11,20.015997,12740,11456,1284,0
european-seas,1989-07-12,20.110508,12740,11456,1284,0
european-seas,1989-07-13,20.195433,12740,11456,1284,0
european-seas,1989-07-14,20.270754,12740,11456,1284,0
european-seas,1989-07-15,20.27517,12740,11456,1284,0
european-seas,1989-07-16,20.34132,12740,11456,1284,0
european-seas,1989-07-17,20.364595,12740,11456,1284,0
european-seas,1989-07-18,20.374357,12740,11456,1284,0
european-seas,1989-07-19,20.447472,12740,11456,1284,0
european-seas,1989-07-20,20.584846,12740,11456,1284,0
european-seas,1989-07-21,20.649744,12740,11456,1284,0
european-seas,1989-07-22,20.705292,12740,11456,1284,0
european-seas,1989-07-23,20.79656,12740,11456,1284,0
european-seas,1989-07-24,20.894009,12740,11456,1284,0
european-seas,1989-07-25,20.960707,12740,11456,1284,0
european-seas,1989-07-26,20.923878,12740,11456,1284,0
european-seas,1989-07-27,20.859781,12740,11456,1284,0
european-seas,1989-07-28,20.816278,12740,11456,1284,0
european-seas,1989-07-29,20.83122,12740,11456,1284,0
european-seas,1989-07-30,20.844555,12740,11456,1284,0
european-seas,1989-07-31,20.824196,12740,11456,1284,0
european-seas,1989-08-01,20.777094,12740,11456,1284,0
european-seas,1989-08-02,20.772198,12740,11456,1284,0
european-seas,1989-08-03,20.779175,12740,11456,1284,0
european-seas,1989-08-04,20.768063,12740,11456,1284,0
european-seas,1989-08-05,20.759064,12740,11456,1284,0
european-seas,1989-08-06,20.797577,12740,11456,1284,0
european-seas,1989-08-07,20.88108,12740,11456,1284,0
european-seas,1989-08-08,21.043034,12740,11456,1284,0
european-seas,1989-08-09,21.148567,12740,11456,1284,0
european-seas,1989-08-10,21.170305,12740,11456,1284,0
european-seas,1989-08-11,21.15262,12740,11456,1284,0
european-seas,1989-08-12,21.21143,12740,11456,1284,0
european-seas,1989-08-13,21.310566,12740,11456,1284,0
european-seas,1989-08-14,21.415047,12740,11456,1284,0
european-seas,1989-08-15,21.49182,12740,11456,1284,0
european-seas,1989-08-16,21.544884,12740,11456,1284,0
european-seas,1989-08-17,21.580082,12740,11456,1284,0
european-seas,1989-08-18,21.527098,12740,11456,1284,0
european-seas,1989-08-19,21.531712,12740,11456,1284,0
european-seas,1989-08-20,21.580544,12740,11456,1284,0
european-seas,1989-08-21,21.59729,12740,11456,1284,0
european-seas,1989-08-22,21.61128,12740,11456,1284,0
european-seas,1989-08-23,21.583569,12740,11456,1284,0
european-seas,1989-08-24,21.469782,12740,11456,1284,0
european-seas,1989-08-25,21.372686,12740,11456,1284,0
european-seas,1989-08-26,21.349163,12740,11456,1284,0
european-seas,1989-08-27,21.357624,12740,11456,1284,0
european-seas,1989-08-28,21.283812,12740,11456,1284,0
european-seas,1989-08-29,21.135427,12740,11456,1284,0
european-seas,1989-08-30,21.013952,12740,11456,1284,0
european-seas,1989-08-31,20.899994,12740,11456,1284,0
european-seas,1989-09-01,20.695248,12740,11456,1284,0
european-seas,1989-09-02,20.45267,12740,11456,1284,0
european-seas,1989-09-03,20.428484,12740,11456,1284,0
european-seas,1989-09-04,20.450537,12740,11456,1284,0
european-seas,1989-09-05,20.418905,12740,11456,1284,0
european-seas,1989-09-06,20.301758,12740,11456,1284,0
european-seas,1989-09-07,20.18842,12740,11456,1284,0
european-seas,1989-09-08,20.085241,12740,11456,1284,0
european-seas,1989-09-09,19.992996,12740,11456,1284,0
european-seas,1989-09-10,20.00067,12740,11456,1284,0
european-seas,1989-09-11,20.04616,12740,11456,1284,0
european-seas,1989-09-12,19.976181,12740,11456,1284,0
european-seas,1989-09-13,19.901407,12740,11456,1284,0
european-seas,1989-09-14,19.843166,12740,11456,1284,0
european-seas,1989-09-15,19.879477,12740,11456,1284,0
european-seas,1989-09-16,19.918575,12740,11456,1284,0
european-seas,1989-09-17,19.900757,12740,11456,1284,0
european-seas,1989-09-18,19.807217,12740,11456,1284,0
european-seas,1989-09-19,19.767752,12740,11456,1284,0
european-seas,1989-09-20,19.789955,12740,11456,1284,0
european-seas,1989-09-21,19.753086,12740,11456,1284,0
european-seas,1989-09-22,19.710884,12740,11456,1284,0
european-seas,1989-09-23,19.629387,12740,11456,1284,0
european-seas,1989-09-24,19.594511,12740,11456,1284,0
european-seas,1989-09-25,19.592907,12740,11456,1284,0
european-seas,1989-09-26,19.55654,12740,11456,1284,0
european-seas,1989-09-27,19.460651,12740,11456,1284,0
european-seas,1989-09-28,19.31282,12740,11456,1284,0
european-seas,1989-09-29,19.206545,12740,11456,1284,0
european-seas,1989-09-30,19.132105,12740,11456,1284,0
european-seas,1989-10-01,19.056913,12740,11456,1284,0
european-seas,1989-10-02,18.928665,12740,11456,1284,0
european-seas,1989-10-03,18.8353,12740,11456,1284,0
european-seas,1989-10-04,18.763407,12740,11456,1284,0
european-seas,1989-10-05,18.606693,12740,11456,1284,0
european-seas,1989-10-06,18.460888,12740,11456,1284,0
european-seas,1989-10-07,18.345749,12740,11456,1284,0
european-seas,1989-10-08,18.201616,12740,11456,1284,0
european-seas,1989-10-09,18.063225,12740,11456,1284,0
european-seas,1989-10-10,17.92908,12740,11456,1284,0
european-seas,1989-10-11,17.845793,12740,11456,1284,0
european-seas,1989-10-12,17.738407,12740,11456,1284,0
european-seas,1989-10-13,17.64462,12740,11456,1284,0
european-seas,1989-10-14,17.577784,12740,11456,1284,0
european-seas,1989-10-15,17.556765,12740,11456,1284,0
european-seas,1989-10-16,17.512785,12740,11456,1284,0
european-seas,1989-10-17,17.411697,12740,11456,1284,0
european-seas,1989-10-18,17.32532,12740,11456,1284,0
european-seas,1989-10-19,17.199717,12740,11456,1284,0
european-seas,1989-10-20,17.12582,12740,11456,1284,0
european-seas,1989-10-21,17.069244,12740,11456,1284,0
european-seas,1989-10-22,17.04139,12740,11456,1284,0
european-seas,1989-10-23,17.080292,12740,11456,1284,0
european-seas,1989-10-24,17.073187,12740,11456,1284,0
european-seas,1989-10-25,17.03296,12740,11456,1284,0
european-seas,1989-10-26,16.905638,12740,11456,1284,0
european-seas,1989-10-27,16.800198,12740,11456,1284,0
european-seas,1989-10-28,16.746626,12740,11456,1284,0
european-seas,1989-10-29,16.745808,12740,11456,1284,0
european-seas,1989-10-30,16.732445,12740,11456,1284,0
european-seas,1989-10-31,16.686144,12740,11456,1284,0
european-seas,1989-11-01,16.687935,12740,11381,1284,75
european-seas,1989-11-02,16.64342,12740,11351,1284,105
european-seas,1989-11-03,16.575531,12740,11321,1284,135
european-seas,1989-11-04,16.521727,12740,11304,1284,152
european-seas,1989-11-05,16.34056,12740,11293,1284,163
european-seas,1989-11-06,16.21132,12740,11294,1284,162
european-seas,1989-11-07,16.096083,12740,11289,1284,167
european-seas,1989-11-08,15.986383,12740,11277,1284,179
european-seas,1989-11-09,15.884559,12740,11268,1284,188
european-seas,1989-11-10,15.806768,12740,11264,1284,192
european-seas,1989-11-11,15.720835,12740,11263,1284,193
european-seas,1989-11-12,15.612418,12740,11269,1284,187
european-seas,1989-11-13,15.563148,12740,11255,1284,201
european-seas,1989-11-14,15.533706,12740,11267,1284,189
european-seas,1989-11-15,15.476684,12740,11278,1284,178
european-seas,1989-11-16,15.381075,12740,11284,1284,172
european-seas,1989-11-17,15.240494,12740,11292,1284,164
european-seas,1989-11-18,15.107877,12740,11298,1284,158
european-seas,1989-11-19,15.03831,12740,11299,1284,157
european-seas,1989-11-20,14.925511,12740,11304,1284,152
european-seas,1989-11-21,14.820235,12740,11300,1284,156
european-seas,1989-11-22,14.800754,12740,11308,1284,148
european-seas,1989-11-23,14.757364,12740,11309,1284,147
european-seas,1989-11-24,14.702625,12740,11296,1284,160
european-seas,1989-11-25,14.645848,12740,11291,1284,165
european-seas,1989-11-26,14.552784,12740,11286,1284,170
european-seas,1989-11-27,14.445407,12740,11286,1284,170
european-seas,1989-11-28,14.430531,12740,11274,1284,182
european-seas,1989-11-29,14.368811,12740,11261,1284,195
european-seas,1989-11-30,14.28109,12740,11250,1284,206
european-seas,1989-12-01,14.280432,12740,11131,1284,325
european-seas,1989-12-02,14.273179,12740,11052,1284,404
european-seas,1989-12-03,14.252036,12740,10984,1284,472
european-seas,1989-12-04,14.184206,12740,10926,1284,530
european-seas,1989-12-05,14.114793,12740,10926,1284,530
european-seas,1989-12-06,14.067062,12740,10933,1284,523
european-seas,1989-12-07,13.959392,12740,10935,1284,521
european-seas,1989-12-08,13.861555,12740,10951,1284,505
european-seas,1989-12-09,13.800512,12740,10948,1284,508
european-seas,1989-12-10,13.771718,12740,10961,1284,495
european-seas,1989-12-11,13.716686,12740,10966,1284,490
european-seas,1989-12-12,13.676816,12740,10975,1284,481
european-seas,1989-12-13,13.665633,12740,10977,1284,479
european-seas,1989-12-14,13.638814,12740,10959,1284,497
european-seas,1989-12-15,13.636541,12740,10935,1284,521
european-seas,1989-12-16,13.66137,12740,10927,1284,529
european-seas,1989-12-17,13.688067,12740,10917,1284,539
european-seas,1989-12-18,13.723113,12740,10883,1284,573
european-seas,1989-12-19,13.662697,12740,10880,1284,576
european-seas,1989-12-20,13.62126,12740,10882,1284,574
european-seas,1989-12-21,13.57418,12740,10905,1284,551
european-seas,1989-12-22,13.54873,12740,10920,1284,536
european-seas,1989-12-23,13.539923,12740,10930,1284,526
european-seas,1989-12-24,13.470438,12740,10952,1284,504
european-seas,1989-12-25,13.419231,12740,10993,1284,463
european-seas,1989-12-26,13.366984,12740,11025,1284,431
european-seas,1989-12-27,13.289312,12740,11050,1284,406
european-seas,1989-12-28,13.229488,12740,11058,1284,398
european-seas,1989-12-29,13.1257925,12740,11077,1284,379
european-seas,1989-12-30,13.034546,12740,11080,1284,376
european-seas,1989-12-31,12.964951,12740,11065,1284,391
european-seas,1990-01-01,12.93264,12740,11003,1284,453
european-seas,1990-01-02,12.937214,12740,10954,1284,502
european-seas,1990-01-03,12.888115,12740,10904,1284,552
european-seas,1990-01-04,12.849974,12740,10852,1284,604
european-seas,1990-01-05,12.822159,12740,10829,1284,627
european-seas,1990-01-06,12.801,12740,10793,1284,663
european-seas,1990-01-07,12.783693,12740,10795,1284,661
european-seas,1990-01-08,12.761953,12740,10752,1284,704
european-seas,1990-01-09,12.715543,12740,10716,1284,740
european-seas,1990-01-10,12.699593,12740,10701,1284,755
european-seas,1990-01-11,12.693636,12740,10699,1284,757
european-seas,1990-01-12,12.673486,12740,10687,1284,769
european-seas,1990-01-13,12.636168,12740,10687,1284,769
european-seas,1990-01-14,12.613639,12740,10678,1284,778
european-seas,1990-01-15,12.603697,12740,10664,1284,792
european-seas,1990-01-16,12.688155,12740,10656,1284,800
european-seas,1990-01-17,12.711204,12740,10636,1284,820
european-seas,1990-01-18,12.699753,12740,10628,1284,828
european-seas,1990-01-19,12.672691,12740,10653,1284,803
european-seas,1990-01-20,12.637029,12740,10652,1284,804
european-seas,1990-01-21,12.654039,12740,10674,1284,782
european-seas,1990-01-22,12.636242,12740,10669,1284,787
european-seas,1990-01-23,12.548348,12740,10658,1284,798
european-seas,1990-01-24,12.518986,12740,10666,1284,790
european-seas,1990-01-25,12.555896,12740,10660,1284,796
european-seas,1990-01-26,12.605619,12740,10654,1284,802
european-seas,1990-01-27,12.592442,12740,10658,1284,798
european-seas,1990-01-28,12.607421,12740,10652,1284,804
european-seas,1990-01-29,12.539882,12740,10648,1284,808
european-seas,1990-01-30,12.495793,12740,10673,1284,783
european-seas,1990-01-31,12.482743,12740,10654,1284,802
european-seas,1990-02-01,12.468558,12740,10635,1284,821
european-seas,1990-02-02,12.439994,12740,10617,1284,839
european-seas,1990-02-03,12.401329,12740,10622,1284,834
european-seas,1990-02-04,12.372921,12740,10613,1284,843
european-seas,1990-02-05,12.3820505,12740,10606,1284,850
european-seas,1990-02-06,12.3553915,12740,10620,1284,836
european-seas,1990-02-07,12.321761,12740,10630,1284,826
european-seas,1990-02-08,12.29898,12740,10635,1284,821
european-seas,1990-02-09,12.290526,12740,10634,1284,822
european-seas,1990-02-10,12.237232,12740,10648,1284,808
european-seas,1990-02-11,12.157745,12740,10673,1284,783
european-seas,1990-02-12,12.070613,12740,10731,1284,725
european-seas,1990-02-13,12.066486,12740,10774,1284,682
european-seas,1990-02-14,12.034192,12740,10793,1284,663
european-seas,1990-02-15,12.041648,12740,10802,1284,654
european-seas,1990-02-16,12.095388,12740,10796,1284,660
european-seas,1990-02-17,12.127814,12740,10785,1284,671
european-seas,1990-02-18,12.123044,12740,10748,1284,708
european-seas,1990-02-19,12.168099,12740,10693,1284,763
european-seas,1990-02-20,12.218218,12740,10652,1284,804
european-seas,1990-02-21,12.226913,12740,10647,1284,809
european-seas,1990-02-22,12.226327,12740,10652,1284,804
european-seas,1990-02-23,12.29739,12740,10604,1284,852
european-seas,1990-02-24,12.334887,12740,10559,1284,897
european-seas,1990-02-25,12.351975,12740,10545,1284,911
european-seas,1990-02-26,12.347515,12740,10553,1284,903
european-seas,1990-02-27,12.30886,12740,10560,1284,896
european-seas,1990-02-28,12.237753,12740,10581,1284,875
european-seas,1990-03-01,12.202285,12740,10599,1284,857
european-seas,1990-03-02,12.207843,12740,10602,1284,854
european-seas,1990-03-03,12.19112,12740,10629,1284,827
european-seas,1990-03-04,12.0576315,12740,10629,1284,827
european-seas,1990-03-05,12.003044,12740,10611,1284,845
european-seas,1990-03-06,12.00291,12740,10593,1284,863
european-seas,1990-03-07,12.079855,12740,10575,1284,881
european-seas,1990-03-08,12.182349,12740,10585,1284,871
european-seas,1990-03-09,12.229603,12740,10617,1284,839
european-seas,1990-03-10,12.215545,12740,10655,1284,801
european-seas,1990-03-11,12.231977,12740,10664,1284,792
european-seas,1990-03-12,12.331629,12740,10659,1284,797
european-seas,1990-03-13,12.400073,12740,10681,1284,775
european-seas,1990-03-14,12.402835,12740,10683,1284,773
european-seas,1990-03-15,12.382064,12740,10703,1284,753
european-seas,1990-03-16,12.428894,12740,10696,1284,760
european-seas,1990-03-17,12.479684,12740,10677,1284,779
european-seas,1990-03-18,12.481567,12740,10683,1284,773
european-seas,1990-03-19,12.55698,12740,10670,1284,786
european-seas,1990-03-20,12.637021,12740,10655,1284,801
european-seas,1990-03-21,12.674926,12740,10609,1284,847
european-seas,1990-03-22,12.725196,12740,10585,1284,871
european-seas,1990-03-23,12.707952,12740,10614,1284,842
european-seas,1990-03-24,12.623229,12740,10634,1284,822
european-seas,1990-03-25,12.647904,12740,10669,1284,787
european-seas,1990-03-26,12.658463,12740,10749,1284,707
european-seas,1990-03-27,12.674451,12740,10787,1284,669
european-seas,1990-03-28,12.708167,12740,10805,1284,651
european-seas,1990-03-29,12.683882,12740,10824,1284,632
european-seas,1990-03-30,12.667664,12740,10807,1284,649
european-seas,1990-03-31,12.642881,12740,10758,1284,698
european-seas,1990-04-01,12.671893,12740,10731,1284,725
european-seas,1990-04-02,12.74626,12740,10735,1284,721
european-seas,1990-04-03,12.752939,12740,10758,1284,698
european-seas,1990-04-04,12.765926,12740,10802,1284,654
european-seas,1990-04-05,12.820959,12740,10816,1284,640
european-seas,1990-04-06,12.877735,12740,10827,1284,629
european-seas,1990-04-07,12.823564,12740,10845,1284,611
european-seas,1990-04-08,12.79656,12740,10821,1284,635
european-seas,1990-04-09,12.7521305,12740,10813,1284,643
european-seas,1990-04-10,12.729846,12740,10815,1284,641
european-seas,1990-04-11,12.723232,12740,10790,1284,666
european-seas,1990-04-12,12.777422,12740,10757,1284,699
european-seas,1990-04-13,12.815297,12740,10748,1284,708
european-seas,1990-04-14,12.860976,12740,10752,1284,704
european-seas,1990-04-15,12.89699,12740,10757,1284,699
european-seas,1990-04-16,12.948777,12740,10723,1284,733
european-seas,1990-04-17,12.985104,12740,10699,1284,757
european-seas,1990-04-18,13.065011,12740,10673,1284,783
european-seas,1990-04-19,13.07772,12740,10687,1284,769
european-seas,1990-04-20,13.060312,12740,10675,1284,781
european-seas,1990-04-21,13.082194,12740,10672,1284,784
european-seas,1990-04-22,13.187665,12740,10675,1284,781
european-seas,1990-04-23,13.260045,12740,10675,1284,781
european-seas,1990-04-24,13.304543,12740,10688,1284,768
european-seas,1990-04-25,13.432567,12740,10703,1284,753
european-seas,1990-04-26,13.528259,12740,10726,1284,730
european-seas,1990-04-27,13.517666,12740,10759,1284,697
european-seas,1990-04-28,13.545562,12740,10817,1284,639
european-seas,1990-04-29,13.718433,12740,10870,1284,586
european-seas,1990-04-30,13.817681,12740,10964,1284,492
european-seas,1990-05-01,13.868125,12740,11085,1284,371
european-seas,1990-05-02,14.013879,12740,11071,1284,385
european-seas,1990-05-03,14.233284,12740,11057,1284,399
european-seas,1990-05-04,14.349719,12740,11054,1284,402
european-seas,1990-05-05,14.483565,12740,11052,1284,404
european-seas,1990-05-06,14.661889,12740,11065,1284,391
european-seas,1990-05-07,14.792017,12740,11065,1284,391
european-seas,1990-05-08,14.774019,12740,11071,1284,385
european-seas,1990-05-09,14.739073,12740,11090,1284,366
european-seas,1990-05-10,14.736192,12740,11087,1284,369
european-seas,1990-05-11,14.732344,12740,11106,1284,350
european-seas,1990-05-12,14.717313,12740,11093,1284,363
european-seas,1990-05-13,14.856096,12740,11091,1284,365
european-seas,1990-05-14,15.03301,12740,11094,1284,362
european-seas,1990-05-15,15.212988,12740,11086,1284,370
european-seas,1990-05-16,15.389854,12740,11078,1284,378
european-seas,1990-05-17,15.559911,12740,11087,1284,369
european-seas,1990-05-18,15.814706,12740,11068,1284,388
european-seas,1990-05-19,15.979102,12740,11066,1284,390
european-seas,1990-05-20,16.067741,12740,11075,1284,381
european-seas,1990-05-21,16.14335,12740,11080,1284,376
european-seas,1990-05-22,16.19901,12740,11054,1284,402
european-seas,1990-05-23,16.20626,12740,11039,1284,417
european-seas,1990-05-24,16.203516,12740,11049,1284,407
european-seas,1990-05-25,16.260784,12740,11046,1284,410
european-seas,1990-05-26,16.476053,12740,11051,1284,405
european-seas,1990-05-27,16.686241,12740,11051,1284,405
european-seas,1990-05-28,16.717657,12740,11071,1284,385
european-seas,1990-05-29,16.64428,12740,11148,1284,308
european-seas,1990-05-30,16.582823,12740,11208,1284,248
european-seas,1990-05-31,16.536798,12740,11290,1284,166
european-seas,1990-06-01,16.456205,12740,11456,1284,0
european-seas,1990-06-02,16.463366,12740,11456,1284,0
european-seas,1990-06-03,16.501604,12740,11456,1284,0
european-seas,1990-06-04,16.606152,12740,11456,1284,0
european-seas,1990-06-05,16.64914,12740,11456,1284,0
european-seas,1990-06-06,16.681625,12740,11456,1284,0
european-seas,1990-06-07,16.785152,12740,11456,1284,0
european-seas,1990-06-08,16.917797,12740,11456,1284,0
european-seas,1990-06-09,17.058922,12740,11456,1284,0
european-seas,1990-06-10,17.247395,12740,11456,1284,0
european-seas,1990-06-11,17.36636,12740,11456,1284,0
european-seas,1990-06-12,17.4145,12740,11456,1284,0
european-seas,1990-06-13,17.436617,12740,11456,1284,0
european-seas,1990-06-14,17.51411,12740,11456,1284,0
european-seas,1990-06-15,17.586687,12740,11456,1284,0
european-seas,1990-06-16,17.675835,12740,11456,1284,0
european-seas,1990-06-17,17.81822,12740,11456,1284,0
european-seas,1990-06-18,17.918285,12740,11456,1284,0
european-seas,1990-06-19,18.023333,12740,11456,1284,0
european-seas,1990-06-20,18.145004,12740,11456,1284,0
european-seas,1990-06-21,18.208357,12740,11456,1284,0
european-seas,1990-06-22,18.310846,12740,11456,1284,0
european-seas,1990-06-23,18.474216,12740,11456,1284,0
european-seas,1990-06-24,18.67389,12740,11456,1284,0
european-seas,1990-06-25,18.824352,12740,11456,1284,0
european-seas,1990-06-26,18.924706,12740,11456,1284,0
european-seas,1990-06-27,19.006971,12740,11456,1284,0
european-seas,1990-06-28,19.118616,12740,11456,1284,0
european-seas,1990-06-29,19.188198,12740,11456,1284,0
european-seas,1990-06-30,19.22248,12740,11456,1284,0
european-seas,1990-07-01,19.212803,12740,11456,1284,0
european-seas,1990-07-02,19.256268,12740,11456,1284,0
european-seas,1990-07-03,19.352448,12740,11456,1284,0
european-seas,1990-07-04,19.413298,12740,11456,1284,0
european-seas,1990-07-05,19.472694,12740,11456,1284,0
european-seas,1990-07-06,19.432785,12740,11456,1284,0
european-seas,1990-07-07,19.361193,12740,11456,1284,0
european-seas,1990-07-08,19.403109,12740,11456,1284,0
european-seas,1990-07-09,19.38948,12740,11456,1284,0
european-seas,1990-07-10,19.3769,12740,11456,1284,0
european-seas,1990-07-11,19.362255,12740,11456,1284,0
european-seas,1990-07-12,19.390217,12740,11456,1284,0
european-seas,1990-07-13,19.512667,12740,11456,1284,0
european-seas,1990-07-14,19.690266,12740,11456,1284,0
european-seas,1990-07-15,19.915253,12740,11456,1284,0
european-seas,1990-07-16,20.082672,12740,11456,1284,0
european-seas,1990-07-17,20.182787,12740,11456,1284,0
european-seas,1990-07-18,20.263765,12740,11456,1284,0
european-seas,1990-07-19,20.34444,12740,11456,1284,0
european-seas,1990-07-20,20.424255,12740,11456,1284,0
european-seas,1990-07-21,20.488688,12740,11456,1284,0
european-seas,1990-07-22,20.621094,12740,11456,1284,0
european-seas,1990-07-23,20.754492,12740,11456,1284,0
european-seas,1990-07-24,20.86316,12740,11456,1284,0
european-seas,1990-07-25,20.942492,12740,11456,1284,0
european-seas,1990-07-26,20.972265,12740,11456,1284,0
european-seas,1990-07-27,20.977526,12740,11456,1284,0
european-seas,1990-07-28,21.01746,12740,11456,1284,0
european-seas,1990-07-29,21.031834,12740,11456,1284,0
european-seas,1990-07-30,21.067495,12740,11456,1284,0
european-seas,1990-07-31,21.11324,12740,11456,1284,0
european-seas,1990-08-01,21.202053,12740,11456,1284,0
european-seas,1990-08-02,21.372192,12740,11456,1284,0
european-seas,1990-08-03,21.41441,12740,11456,1284,0
european-seas,1990-08-04,21.399446,12740,11456,1284,0
european-seas,1990-08-05,21.313189,12740,11456,1284,0
european-seas,1990-08-06,21.179796,12740,11456,1284,0
european-seas,1990-08-07,21.104582,12740,11456,1284,0
european-seas,1990-08-08,21.00154,12740,11456,1284,0
european-seas,1990-08-09,21.02935,12740,11456,1284,0
european-seas,1990-08-10,21.081917,12740,11456,1284,0
european-seas,1990-08-11,21.162333,12740,11456,1284,0
european-seas,1990-08-12,21.28028,12740,11456,1284,0
european-seas,1990-08-13,21.303478,12740,11456,1284,0
european-seas,1990-08-14,21.261955,12740,11456,1284,0
european-seas,1990-08-15,21.261597,12740,11456,1284,0
european-seas,1990-08-16,21.27356,12740,11456,1284,0
european-seas,1990-08-17,21.214962,12740,11456,1284,0
european-seas,1990-08-18,21.104776,12740,11456,1284,0
european-seas,1990-08-19,21.084229,12740,11456,1284,0
european-seas,1990-08-20,21.085068,12740,11456,1284,0
european-seas,1990-08-21,21.057299,12740,11456,1284,0
european-seas,1990-08-22,21.044508,12740,11456,1284,0
european-seas,1990-08-23,20.987602,12740,11456,1284,0
european-seas,1990-08-24,20.892675,12740,11456,1284,0
european-seas,1990-08-25,20.870737,12740,11456,1284,0
european-seas,1990-08-26,20.948673,12740,11456,1284,0
european-seas,1990-08-27,21.015604,12740,11456,1284,0
european-seas,1990-08-28,21.041533,12740,11456,1284,0
european-seas,1990-08-29,21.049175,12740,11456,1284,0
european-seas,1990-08-30,20.986788,12740,11456,1284,0
european-seas,1990-08-31,20.820854,12740,11456,1284,0
european-seas,1990-09-01,20.625587,12740,11456,1284,0
european-seas,1990-09-02,20.608862,12740,11456,1284,0
european-seas,1990-09-03,20.643887,12740,11456,1284,0
european-seas,1990-09-04,20.582373,12740,11456,1284,0
european-seas,1990-09-05,20.513912,12740,11456,1284,0
european-seas,1990-09-06,20.52503,12740,11456,1284,0
european-seas,1990-09-07,20.518887,12740,11456,1284,0
european-seas,1990-09-08,20.372074,12740,11456,1284,0
european-seas,1990-09-09,20.213205,12740,11456,1284,0
european-seas,1990-09-10,20.096186,12740,11456,1284,0
european-seas,1990-09-11,20.082859,12740,11456,1284,0
european-seas,1990-09-12,20.144007,12740,11456,1284,0
european-seas,1990-09-13,20.151953,12740,11456,1284,0
european-seas,1990-09-14,20.074245,12740,11456,1284,0
european-seas,1990-09-15,19.987888,12740,11456,1284,0
european-seas,1990-09-16,19.852968,12740,11456,1284,0
european-seas,1990-09-17,19.786724,12740,11456,1284,0
european-seas,1990-09-18,19.740253,12740,11456,1284,0
european-seas,1990-09-19,19.660828,12740,11456,1284,0
european-seas,1990-09-20,19.568039,12740,11456,1284,0
european-seas,1990-09-21,19.481983,12740,11456,1284,0
european-seas,1990-09-22,19.507034,12740,11456,1284,0
european-seas,1990-09-23,19.526423,12740,11456,1284,0
european-seas,1990-09-24,19.48493,12740,11456,1284,0
european-seas,1990-09-25,19.368086,12740,11456,1284,0
european-seas,1990-09-26,19.303194,12740,11456,1284,0
european-seas,1990-09-27,19.2877,12740,11456,1284,0
european-seas,1990-09-28,19.246876,12740,11456,1284,0
european-seas,1990-09-29,19.123003,12740,11456,1284,0
european-seas,1990-09-30,19.058908,12740,11456,1284,0
european-seas,1990-10-01,19.052122,12740,11456,1284,0
european-seas,1990-10-02,19.057278,12740,11456,1284,0
european-seas,1990-10-03,18.99083,12740,11456,1284,0
european-seas,1990-10-04,18.881252,12740,11456,1284,0
european-seas,1990-10-05,18.837181,12740,11456,1284,0
european-seas,1990-10-06,18.775429,12740,11456,1284,0
european-seas,1990-10-07,18.632013,12740,11456,1284,0
european-seas,1990-10-08,18.50758,12740,11456,1284,0
european-seas,1990-10-09,18.356337,12740,11456,1284,0
european-seas,1990-10-10,18.252045,12740,11456,1284,0
european-seas,1990-10-11,18.195189,12740,11456,1284,0
european-seas,1990-10-12,18.207457,12740,11456,1284,0
european-seas,1990-10-13,18.206064,12740,11456,1284,0
european-seas,1990-10-14,18.16754,12740,11456,1284,0
european-seas,1990-10-15,18.03465,12740,11456,1284,0
european-seas,1990-10-16,17.92576,12740,11456,1284,0
european-seas,1990-10-17,17.892267,12740,11456,1284,0
european-seas,1990-10-18,17.868835,12740,11456,1284,0
european-seas,1990-10-19,17.825937,12740,11456,1284,0
european-seas,1990-10-20,17.727505,12740,11456,1284,0
european-seas,1990-10-21,17.65552,12740,11456,1284,0
european-seas,1990-10-22,17.562593,12740,11456,1284,0
european-seas,1990-10-23,17.42392,12740,11456,1284,0
european-seas,1990-10-24,17.309555,12740,11456,1284,0
european-seas,1990-10-25,17.222593,12740,11456,1284,0
european-seas,1990-10-26,17.128212,12740,11456,1284,0
european-seas,1990-10-27,17.051182,12740,11456,1284,0
european-seas,1990-10-28,16.901014,12740,11456,1284,0
european-seas,1990-10-29,16.795357,12740,11456,1284,0
european-seas,1990-10-30,16.796349,12740,11456,1284,0
european-seas,1990-10-31,16.786947,12740,11456,1284,0
european-seas,1990-11-01,16.779268,12740,11383,1284,73
european-seas,1990-11-02,16.687296,12740,11346,1284,110
european-seas,1990-11-03,16.59534,12740,11310,1284,146
european-seas,1990-11-04,16.53644,12740,11284,1284,172
european-seas,1990-11-05,16.500753,12740,11274,1284,182
european-seas,1990-11-06,16.406134,12740,11280,1284,176
european-seas,1990-11-07,16.309631,12740,11284,1284,172
european-seas,1990-11-08,16.20771,12740,11288,1284,168
european-seas,1990-11-09,16.114544,12740,11292,1284,164
european-seas,1990-11-10,15.998574,12740,11306,1284,150
european-seas,1990-11-11,15.854697,12740,11322,1284,134
european-seas,1990-11-12,15.844304,12740,11317,1284,139
european-seas,1990-11-13,15.811895,12740,11317,1284,139
european-seas,1990-11-14,15.711631,12740,11323,1284,133
european-seas,1990-11-15,15.669667,12740,11315,1284,141
european-seas,1990-11-16,15.665639,12740,11312,1284,144
european-seas,1990-11-17,15.639835,12740,11309,1284,147
european-seas,1990-11-18,15.581856,12740,11311,1284,145
european-seas,1990-11-19,15.519406,12740,11318,1284,138
european-seas,1990-11-20,15.435342,12740,11330,1284,126
european-seas,1990-11-21,15.366071,12740,11319,1284,137
european-seas,1990-11-22,15.340799,12740,11302,1284,154
european-seas,1990-11-23,15.2779255,12740,11303,1284,153
european-seas,1990-11-24,15.134348,12740,11305,1284,151
european-seas,1990-11-25,15.0361805,12740,11282,1284,174
european-seas,1990-11-26,14.910078,12740,11271,1284,185
european-seas,1990-11-27,14.852044,12740,11259,1284,197
european-seas,1990-11-28,14.820225,12740,11258,1284,198
european-seas,1990-11-29,14.763086,12740,11257,1284,199
european-seas,1990-11-30,14.683131,12740,11243,1284,213
european-seas,1990-12-01,14.642179,12740,11073,1284,383
european-seas,1990-12-02,14.592114,12740,10983,1284,473
european-seas,1990-12-03,14.538121,12740,10923,1284,533
european-seas,1990-12-04,14.4407625,12740,10894,1284,562
european-seas,1990-12-05,14.333417,12740,10905,1284,551
european-seas,1990-12-06,14.199487,12740,10925,1284,531
european-seas,1990-12-07,14.08778,12740,10974,1284,482
european-seas,1990-12-08,14.008635,12740,10995,1284,461
european-seas,1990-12-09,13.929747,12740,10986,1284,470
european-seas,1990-12-10,13.843574,12740,10993,1284,463
european-seas,1990-12-11,13.743758,12740,11000,1284,456
european-seas,1990-12-12,13.677075,12740,11013,1284,443
european-seas,1990-12-13,13.580159,12740,11016,1284,440
european-seas,1990-12-14,13.519632,12740,11024,1284,432
european-seas,1990-12-15,13.485913,12740,11047,1284,409
european-seas,1990-12-16,13.45896,12740,11052,1284,404
european-seas,1990-12-17,13.384317,12740,11050,1284,406
european-seas,1990-12-18,13.331127,12740,11017,1284,439
european-seas,1990-12-19,13.283524,12740,10992,1284,464
european-seas,1990-12-20,13.241279,12740,10959,1284,497
european-seas,1990-12-21,13.243709,12740,10896,1284,560
european-seas,1990-12-22,13.191398,12740,10840,1284,616
european-seas,1990-12-23,13.09888,12740,10831,1284,625
european-seas,1990-12-24,13.069695,12740,10831,1284,625
european-seas,1990-12-25,12.997807,12740,10833,1284,623
european-seas,1990-12-26,12.932105,12740,10836,1284,620
european-seas,1990-12-27,12.908049,12740,10844,1284,612
european-seas,1990-12-28,12.89525,12740,10875,1284,581
european-seas,1990-12-29,12.898022,12740,10905,1284,551
european-seas,1990-12-30,12.872749,12740,10921,1284,535
european-seas,1990-12-31,12.800707,12740,10941,1284,515
european-seas,1991-01-01,12.814996,12740,10879,1284,577
european-seas,1991-01-02,12.863492,12740,10793,1284,663
european-seas,1991-01-03,12.8474865,12740,10730,1284,726
european-seas,1991-01-04,12.814838,12740,10709,1284,747
european-seas,1991-01-05,12.800791,12740,10671,1284,785
european-seas,1991-01-06,12.742396,12740,10672,1284,784
european-seas,1991-01-07,12.717901,12740,10691,1284,765
european-seas,1991-01-08,12.699816,12740,10675,1284,781
european-seas,1991-01-09,12.619623,12740,10704,1284,752
european-seas,1991-01-10,12.5672245,12740,10751,1284,705
european-seas,1991-01-11,12.535027,12740,10780,1284,676
european-seas,1991-01-12,12.4308405,12740,10860,1284,596
european-seas,1991-01-13,12.317812,12740,10907,1284,549
european-seas,1991-01-14,12.198746,12740,10960,1284,496
european-seas,1991-01-15,12.129973,12740,10973,1284,483
european-seas,1991-01-16,12.092018,12740,10963,1284,493
european-seas,1991-01-17,12.065495,12740,10920,1284,536
european-seas,1991-01-18,12.024721,12740,10887,1284,569
european-seas,1991-01-19,12.015412,12740,10879,1284,577
european-seas,1991-01-20,11.991476,12740,10866,1284,590
european-seas,1991-01-21,11.961666,12740,10872,1284,584
european-seas,1991-01-22,11.936495,12740,10875,1284,581
european-seas,1991-01-23,11.889644,12740,10887,1284,569
european-seas,1991-01-24,11.84715,12740,10907,1284,549
european-seas,1991-01-25,11.836265,12740,10927,1284,529
european-seas,1991-01-26,11.764119,12740,10959,1284,497
european-seas,1991-01-27,11.660751,12740,10998,1284,458
european-seas,1991-01-28,11.613207,12740,11006,1284,450
european-seas,1991-01-29,11.576024,12740,11033,1284,423
european-seas,1991-01-30,11.543114,12740,11027,1284,429
european-seas,1991-01-31,11.522447,12740,10979,1284,477
european-seas,1991-02-01,11.501106,12740,10945,1284,511
european-seas,1991-02-02,11.474126,12740,10901,1284,555
european-seas,1991-02-03,11.465147,12740,10849,1284,607
european-seas,1991-02-04,11.42274,12740,10818,1284,638
european-seas,1991-02-05,11.416054,12740,10777,1284,679
european-seas,1991-02-06,11.410866,12740,10757,1284,699
european-seas,1991-02-07,11.446988,12740,10746,1284,710
european-seas,1991-02-08,11.437781,12740,10719,1284,737
european-seas,1991-02-09,11.441851,12740,10702,1284,754
european-seas,1991-02-10,11.416878,12740,10713,1284,743
european-seas,1991-02-11,11.389992,12740,10711,1284,745
european-seas,1991-02-12,11.375467,12740,10723,1284,733
european-seas,1991-02-13,11.35881,12740,10722,1284,734
european-seas,1991-02-14,11.333438,12740,10727,1284,729
european-seas,1991-02-15,11.37161,12740,10720,1284,736
european-seas,1991-02-16,11.412623,12740,10697,1284,759
european-seas,1991-02-17,11.392708,12740,10685,1284,771
european-seas,1991-02-18,11.339281,12740,10681,1284,775
european-seas,1991-02-19,11.387721,12740,10664,1284,792
european-seas,1991-02-20,11.376087,12740,10663,1284,793
european-seas,1991-02-21,11.360989,12740,10651,1284,805
european-seas,1991-02-22,11.32884,12740,10629,1284,827
european-seas,1991-02-23,11.414006,12740,10659,1284,797
european-seas,1991-02-24,11.493867,12740,10665,1284,791
european-seas,1991-02-25,11.486538,12740,10686,1284,770
european-seas,1991-02-26,11.4465275,12740,10717,1284,739
european-seas,1991-02-27,11.4301195,12740,10738,1284,718
european-seas,1991-02-28,11.383881,12740,10758,1284,698
european-seas,1991-03-01,11.370669,12740,10752,1284,704
european-seas,1991-03-02,11.350166,12740,10765,1284,691
european-seas,1991-03-03,11.408317,12740,10768,1284,688
european-seas,1991-03-04,11.477149,12740,10746,1284,710
european-seas,1991-03-05,11.487342,12740,10716,1284,740
european-seas,1991-03-06,11.481224,12740,10690,1284,766
european-seas,1991-03-07,11.511772,12740,10681,1284,775
european-seas,1991-03-08,11.505253,12740,10666,1284,790
european-seas,1991-03-09,11.520393,12740,10660,1284,796
european-seas,1991-03-10,11.560517,12740,10673,1284,783
european-seas,1991-03-11,11.634416,12740,10682,1284,774
european-seas,1991-03-12,11.661812,12740,10700,1284,756
european-seas,1991-03-13,11.651684,12740,10731,1284,725
european-seas,1991-03-14,11.643533,12740,10731,1284,725
european-seas,1991-03-15,11.581692,12740,10718,1284,738
european-seas,1991-03-16,11.554622,12740,10698,1284,758
european-seas,1991-03-17,11.654474,12740,10684,1284,772
european-seas,1991-03-18,11.764185,12740,10688,1284,768
european-seas,1991-03-19,11.847766,12740,10700,1284,756
european-seas,1991-03-20,11.891921,12740,10734,1284,722
european-seas,1991-03-21,11.896628,12740,10776,1284,680
european-seas,1991-03-22,11.933959,12740,10793,1284,663
european-seas,1991-03-23,11.943242,12740,10798,1284,658
european-seas,1991-03-24,11.990284,12740,10805,1284,651
european-seas,1991-03-25,11.961204,12740,10815,1284,641
european-seas,1991-03-26,11.893767,12740,10819,1284,637
european-seas,1991-03-27,11.837916,12740,10798,1284,658
european-seas,1991-03-28,11.838985,12740,10802,1284,654
european-seas,1991-03-29,11.896462,12740,10783,1284,673
european-seas,1991-03-30,11.869132,12740,10802,1284,654
european-seas,1991-03-31,11.874294,12740,10795,1284,661
european-seas,1991-04-01,11.972976,12740,10761,1284,695
european-seas,1991-04-02,12.089612,12740,10720,1284,736
european-seas,1991-04-03,12.175641,12740,10707,1284,749
european-seas,1991-04-04,12.196515,12740,10695,1284,761
european-seas,1991-04-05,12.202101,12740,10674,1284,782
european-seas,1991-04-06,12.226385,12740,10678,1284,778
european-seas,1991-04-07,12.270193,12740,10681,1284,775
european-seas,1991-04-08,12.291775,12740,10714,1284,742
european-seas,1991-04-09,12.3866005,12740,10735,1284,721
european-seas,1991-04-10,12.452525,12740,10736,1284,720
european-seas,1991-04-11,12.500298,12740,10735,1284,721
european-seas,1991-04-12,12.435629,12740,10735,1284,721
european-seas,1991-04-13,12.421078,12740,10706,1284,750
european-seas,1991-04-14,12.478176,12740,10687,1284,769
european-seas,1991-04-15,12.430286,12740,10708,1284,748
european-seas,1991-04-16,12.435985,12740,10733,1284,723
european-seas,1991-04-17,12.474385,12740,10734,1284,722
european-seas,1991-04-18,12.453607,12740,10778,1284,678
european-seas,1991-04-19,12.433854,12740,10843,1284,613
european-seas,1991-04-20,12.507445,12740,10907,1284,549
european-seas,1991-04-21,12.534452,12740,10931,1284,525
european-seas,1991-04-22,12.530927,12740,10940,1284,516
european-seas,1991-04-23,12.563692,12740,10923,1284,533
european-seas,1991-04-24,12.637956,12740,10921,1284,535
european-seas,1991-04-25,12.627747,12740,10905,1284,551
european-seas,1991-04-26,12.658554,12740,10879,1284,577
european-seas,1991-04-27,12.744694,12740,10840,1284,616
european-seas,1991-04-28,12.764561,12740,10855,1284,601
european-seas,1991-04-29,12.790438,12740,10892,1284,564
european-seas,1991-04-30,12.967394,12740,10923,1284,533
european-seas,1991-05-01,12.991732,12740,11051,1284,405
european-seas,1991-05-02,13.023475,12740,11049,1284,407
european-seas,1991-05-03,13.0005865,12740,11051,1284,405
european-seas,1991-05-04,12.99143,12740,11077,1284,379
european-seas,1991-05-05,13.066304,12740,11102,1284,354
european-seas,1991-05-06,13.174698,12740,11098,1284,358
european-seas,1991-05-07,13.272368,12740,11093,1284,363
european-seas,1991-05-08,13.393637,12740,11083,1284,373
european-seas,1991-05-09,13.421839,12740,11082,1284,374
european-seas,1991-05-10,13.497252,12740,11091,1284,365
european-seas,1991-05-11,13.653776,12740,11064,1284,392
european-seas,1991-05-12,13.758253,12740,11058,1284,398
european-seas,1991-05-13,13.8131075,12740,11073,1284,383
european-seas,1991-05-14,13.880925,12740,11078,1284,378
european-seas,1991-05-15,13.916742,12740,11111,1284,345
european-seas,1991-05-16,13.959866,12740,11119,1284,337
european-seas,1991-05-17,14.005453,12740,11108,1284,348
european-seas,1991-05-18,14.025165,12740,11101,1284,355
european-seas,1991-05-19,14.123621,12740,11071,1284,385
european-seas,1991-05-20,14.195335,12740,11052,1284,404
european-seas,1991-05-21,14.2928505,12740,11050,1284,406
european-seas,1991-05-22,14.43164,12740,11052,1284,404
european-seas,1991-05-23,14.593524,12740,11056,1284,400
european-seas,1991-05-24,14.646494,12740,11071,1284,385
european-seas,1991-05-25,14.754376,12740,11079,1284,377
european-seas,1991-05-26,14.88148,12740,11103,1284,353
european-seas,1991-05-27,14.936255,12740,11106,1284,350
european-seas,1991-05-28,14.930393,12740,11104,1284,352
european-seas,1991-05-29,14.91913,12740,11137,1284,319
european-seas,1991-05-30,14.977908,12740,11193,1284,263
european-seas,1991-05-31,14.997927,12740,11274,1284,182
european-seas,1991-06-01,14.940745,12740,11456,1284,0
european-seas,1991-06-02,15.029881,12740,11456,1284,0
european-seas,1991-06-03,15.150295,12740,11456,1284,0
european-seas,1991-06-04,15.212347,12740,11456,1284,0
european-seas,1991-06-05,15.34032,12740,11456,1284,0
european-seas,1991-06-06,15.510039,12740,11456,1284,0
european-seas,1991-06-07,15.659939,12740,11456,1284,0
european-seas,1991-06-08,15.78842,12740,11456,1284,0
european-seas,1991-06-09,15.936572,12740,11456,1284,0
european-seas,1991-06-10,16.077423,12740,11456,1284,0
european-seas,1991-06-11,16.1773,12740,11456,1284,0
european-seas,1991-06-12,16.267176,12740,11456,1284,0
european-seas,1991-06-13,16.313456,12740,11456,1284,0
european-seas,1991-06-14,16.373266,12740,11456,1284,0
european-seas,1991-06-15,16.583912,12740,11456,1284,0
european-seas,1991-06-16,16.873528,12740,11456,1284,0
european-seas,1991-06-17,17.042845,12740,11456,1284,0
european-seas,1991-06-18,17.117453,12740,11456,1284,0
european-seas,1991-06-19,17.120304,12740,11456,1284,0
european-seas,1991-06-20,17.146332,12740,11456,1284,0
european-seas,1991-06-21,17.226131,12740,11456,1284,0
european-seas,1991-06-22,17.327244,12740,11456,1284,0
european-seas,1991-06-23,17.476015,12740,11456,1284,0
european-seas,1991-06-24,17.659426,12740,11456,1284,0
european-seas,1991-06-25,17.84238,12740,11456,1284,0
european-seas,1991-06-26,17.96291,12740,11456,1284,0
european-seas,1991-06-27,18.021088,12740,11456,1284,0
european-seas,1991-06-28,18.011415,12740,11456,1284,0
european-seas,1991-06-29,18.021915,12740,11456,1284,0
european-seas,1991-06-30,18.11169,12740,11456,1284,0
european-seas,1991-07-01,18.237606,12740,11456,1284,0
european-seas,1991-07-02,18.361504,12740,11456,1284,0
european-seas,1991-07-03,18.521915,12740,11456,1284,0
european-seas,1991-07-04,18.706858,12740,11456,1284,0
european-seas,1991-07-05,18.892172,12740,11456,1284,0
european-seas,1991-07-06,19.003094,12740,11456,1284,0
european-seas,1991-07-07,19.243973,12740,11456,1284,0
european-seas,1991-07-08,19.379332,12740,11456,1284,0
european-seas,1991-07-09,19.451769,12740,11456,1284,0
european-seas,1991-07-10,19.570986,12740,11456,1284,0
european-seas,1991-07-11,19.61123,12740,11456,1284,0
european-seas,1991-07-12,19.645754,12740,11456,1284,0
european-seas,1991-07-13,19.682308,12740,11456,1284,0
european-seas,1991-07-14,19.74658,12740,11456,1284,0
european-seas,1991-07-15,19.771019,12740,11456,1284,0
european-seas,1991-07-16,19.8313,12740,11456,1284,0
european-seas,1991-07-17,19.912485,12740,11456,1284,0
european-seas,1991-07-18,20.004948,12740,11456,1284,0
european-seas,1991-07-19,20.050577,12740,11456,1284,0
european-seas,1991-07-20,20.162064,12740,11456,1284,0
european-seas,1991-07-21,20.293566,12740,11456,1284,0
european-seas,1991-07-22,20.362925,12740,11456,1284,0
european-seas,1991-07-23,20.373426,12740,11456,1284,0
european-seas,1991-07-24,20.353844,12740,11456,1284,0
european-seas,1991-07-25,20.341022,12740,11456,1284,0
european-seas,1991-07-26,20.339123,12740,11456,1284,0
european-seas,1991-07-27,20.41682,12740,11456,1284,0
european-seas,1991-07-28,20.539106,12740,11456,1284,0
european-seas,1991-07-29,20.63561,12740,11456,1284,0
european-seas,1991-07-30,20.65917,12740,11456,1284,0
european-seas,1991-07-31,20.653578,12740,11456,1284,0
european-seas,1991-08-01,20.719252,12740,11456,1284,0
european-seas,1991-08-02,20.833132,12740,11456,1284,0
european-seas,1991-08-03,20.952604,12740,11456,1284,0
european-seas,1991-08-04,21.131975,12740,11456,1284,0
european-seas,1991-08-05,21.155249,12740,11456,1284,0
european-seas,1991-08-06,21.16236,12740,11456,1284,0
european-seas,1991-08-07,21.190807,12740,11456,1284,0
european-seas,1991-08-08,21.221123,12740,11456,1284,0
european-seas,1991-08-09,21.17917,12740,11456,1284,0
european-seas,1991-08-10,21.124794,12740,11456,1284,0
european-seas,1991-08-11,21.149122,12740,11456,1284,0
european-seas,1991-08-12,21.22953,12740,11456,1284,0
european-seas,1991-08-13,21.31239,12740,11456,1284,0
european-seas,1991-08-14,21.331793,12740,11456,1284,0
european-seas,1991-08-15,21.290567,12740,11456,1284,0
european-seas,1991-08-16,21.245808,12740,11456,1284,0
european-seas,1991-08-17,21.160809,12740,11456,1284,0
european-seas,1991-08-18,21.119722,12740,11456,1284,0
european-seas,1991-08-19,21.117157,12740,11456,1284,0
european-seas,1991-08-20,21.168297,12740,11456,1284,0
european-seas,1991-08-21,21.222195,12740,11456,1284,0
european-seas,1991-08-22,21.180933,12740,11456,1284,0
european-seas,1991-08-23,21.135296,12740,11456,1284,0
european-seas,1991-08-24,21.159887,12740,11456,1284,0
european-seas,1991-08-25,21.176743,12740,11456,1284,0
european-seas,1991-08-26,21.210499,12740,11456,1284,0
european-seas,1991-08-27,21.254356,12740,11456,1284,0
european-seas,1991-08-28,21.265942,12740,11456,1284,0
european-seas,1991-08-29,21.22333,12740,11456,1284,0
european-seas,1991-08-30,21.165178,12740,11456,1284,0
european-seas,1991-08-31,21.058254,12740,11456,1284,0
european-seas,1991-09-01,21.005672,12740,11456,1284,0
european-seas,1991-09-02,21.053022,12740,11456,1284,0
european-seas,1991-09-03,20.989532,12740,11456,1284,0
european-seas,1991-09-04,20.933285,12740,11456,1284,0
european-seas,1991-09-05,20.888275,12740,11456,1284,0
european-seas,1991-09-06,20.847996,12740,11456,1284,0
european-seas,1991-09-07,20.806786,12740,11456,1284,0
european-seas,1991-09-08,20.750135,12740,11456,1284,0
european-seas,1991-09-09,20.67533,12740,11456,1284,0
european-seas,1991-09-10,20.5737,12740,11456,1284,0
european-seas,1991-09-11,20.467134,12740,11456,1284,0
european-seas,1991-09-12,20.455395,12740,11456,1284,0
european-seas,1991-09-13,20.472307,12740,11456,1284,0
european-seas,1991-09-14,20.454884,12740,11456,1284,0
european-seas,1991-09-15,20.367794,12740,11456,1284,0
european-seas,1991-09-16,20.333988,12740,11456,1284,0
european-seas,1991-09-17,20.335182,12740,11456,1284,0
european-seas,1991-09-18,20.349627,12740,11456,1284,0
european-seas,1991-09-19,20.279135,12740,11456,1284,0
european-seas,1991-09-20,20.192589,12740,11456,1284,0
european-seas,1991-09-21,20.140295,12740,11456,1284,0
european-seas,1991-09-22,20.019213,12740,11456,1284,0
european-seas,1991-09-23,19.87007,12740,11456,1284,0
european-seas,1991-09-24,19.79413,12740,11456,1284,0
european-seas,1991-09-25,19.756742,12740,11456,1284,0
european-seas,1991-09-26,19.686138,12740,11456,1284,0
european-seas,1991-09-27,19.592863,12740,11456,1284,0
european-seas,1991-09-28,19.462389,12740,11456,1284,0
european-seas,1991-09-29,19.317335,12740,11456,1284,0
european-seas,1991-09-30,19.143879,12740,11456,1284,0
european-seas,1991-10-01,19.08321,12740,11456,1284,0
european-seas,1991-10-02,19.014153,12740,11456,1284,0
european-seas,1991-10-03,18.944414,12740,11456,1284,0
european-seas,1991-10-04,18.782955,12740,11456,1284,0
european-seas,1991-10-05,18.592566,12740,11456,1284,0
european-seas,1991-10-06,18.459013,12740,11456,1284,0
european-seas,1991-10-07,18.375034,12740,11456,1284,0
european-seas,1991-10-08,18.297153,12740,11456,1284,0
european-seas,1991-10-09,18.21926,12740,11456,1284,0
european-seas,1991-10-10,18.11574,12740,11456,1284,0
european-seas,1991-10-11,18.068817,12740,11456,1284,0
european-seas,1991-10-12,18.065306,12740,11456,1284,0
european-seas,1991-10-13,18.011862,12740,11456,1284,0
european-seas,1991-10-14,17.941679,12740,11456,1284,0
european-seas,1991-10-15,17.88389,12740,11456,1284,0
european-seas,1991-10-16,17.881245,12740,11456,1284,0
european-seas,1991-10-17,17.84776,12740,11456,1284,0
european-seas,1991-10-18,17.749361,12740,11456,1284,0
european-seas,1991-10-19,17.592953,12740,11456,1284,0
european-seas,1991-10-20,17.354162,12740,11456,1284,0
european-seas,1991-10-21,17.246841,12740,11456,1284,0
european-seas,1991-10-22,17.128073,12740,11456,1284,0
european-seas,1991-10-23,17.022245,12740,11456,1284,0
european-seas,1991-10-24,16.9815,12740,11456,1284,0
european-seas,1991-10-25,16.917273,12740,11456,1284,0
european-seas,1991-10-26,16.875238,12740,11456,1284,0
european-seas,1991-10-27,16.70775,12740,11456,1284,0
european-seas,1991-10-28,16.55941,12740,11456,1284,0
european-seas,1991-10-29,16.4507,12740,11456,1284,0
european-seas,1991-10-30,16.410612,12740,11456,1284,0
european-seas,1991-10-31,16.379677,12740,11456,1284,0
european-seas,1991-11-01,16.38695,12740,11347,1284,109
european-seas,1991-11-02,16.277813,12740,11296,1284,160
european-seas,1991-11-03,16.164017,12740,11283,1284,173
european-seas,1991-11-04,16.055586,12740,11263,1284,193
european-seas,1991-11-05,15.964006,12740,11265,1284,191
european-seas,1991-11-06,15.90028,12740,11277,1284,179
european-seas,1991-11-07,15.803345,12740,11292,1284,164
european-seas,1991-11-08,15.699989,12740,11294,1284,162
european-seas,1991-11-09,15.571633,12740,11287,1284,169
european-seas,1991-11-10,15.456606,12740,11279,1284,177
european-seas,1991-11-11,15.371723,12740,11266,1284,190
european-seas,1991-11-12,15.292259,12740,11266,1284,190
european-seas,1991-11-13,15.175534,12740,11276,1284,180
european-seas,1991-11-14,15.094926,12740,11290,1284,166
european-seas,1991-11-15,15.044128,12740,11295,1284,161
european-seas,1991-11-16,14.978381,12740,11317,1284,139
european-seas,1991-11-17,14.926059,12740,11331,1284,125
european-seas,1991-11-18,14.898988,12740,11323,1284,133
european-seas,1991-11-19,14.827394,12740,11312,1284,144
european-seas,1991-11-20,14.7280855,12740,11301,1284,155
european-seas,1991-11-21,14.623721,12740,11298,1284,158
european-seas,1991-11-22,14.549414,12740,11296,1284,160
european-seas,1991-11-23,14.548503,12740,11289,1284,167
european-seas,1991-11-24,14.523683,12740,11280,1284,176
european-seas,1991-11-25,14.426759,12740,11275,1284,181
european-seas,1991-11-26,14.36405,12740,11279,1284,177
european-seas,1991-11-27,14.3308325,12740,11279,1284,177
european-seas,1991-11-28,14.29094,12740,11276,1284,180
european-seas,1991-11-29,14.189394,12740,11282,1284,174
european-seas,1991-11-30,14.08311,12740,11281,1284,175
european-seas,1991-12-01,14.0384,12740,11165,1284,291
european-seas,1991-12-02,13.960066,12740,11101,1284,355
european-seas,1991-12-03,13.875816,12740,11046,1284,410
european-seas,1991-12-04,13.845521,12740,11014,1284,442
european-seas,1991-12-05,13.763204,12740,11021,1284,435
european-seas,1991-12-06,13.6980295,12740,11014,1284,442
european-seas,1991-12-07,13.587571,12740,11021,1284,435
european-seas,1991-12-08,13.453464,12740,11021,1284,435
european-seas,1991-12-09,13.328835,12740,11031,1284,425
european-seas,1991-12-10,13.264583,12740,11012,1284,444
european-seas,1991-12-11,13.212374,12740,10983,1284,473
european-seas,1991-12-12,13.146511,12740,10972,1284,484
european-seas,1991-12-13,13.094394,12740,10962,1284,494
european-seas,1991-12-14,13.054548,12740,10945,1284,511
european-seas,1991-12-15,12.971148,12740,10965,1284,491
european-seas,1991-12-16,12.961986,12740,10944,1284,512
european-seas,1991-12-17,12.893047,12740,10943,1284,513
european-seas,1991-12-18,12.870719,12740,10916,1284,540
european-seas,1991-12-19,12.844027,12740,10903,1284,553
european-seas,1991-12-20,12.7680025,12740,10889,1284,567
european-seas,1991-12-21,12.737601,12740,10882,1284,574
european-seas,1991-12-22,12.69604,12740,10872,1284,584
european-seas,1991-12-23,12.6604185,12740,10870,1284,586
european-seas,1991-12-24,12.613073,12740,10869,1284,587
european-seas,1991-12-25,12.515456,12740,10872,1284,584
european-seas,1991-12-26,12.455256,12740,10872,1284,584
european-seas,1991-12-27,12.3873415,12740,10873,1284,583
european-seas,1991-12-28,12.342881,12740,10876,1284,580
european-seas,1991-12-29,12.307222,12740,10881,1284,575
european-seas,1991-12-30,12.299929,12740,10892,1284,564
european-seas,1991-12-31,12.286108,12740,10910,1284,546
european-seas,1992-01-01,12.358714,12740,10751,1284,705
european-seas,1992-01-02,12.412868,12740,10716,1284,740
european-seas,1992-01-03,12.444708,12740,10713,1284,743
european-seas,1992-01-04,12.443669,12740,10691,1284,765
european-seas,1992-01-05,12.446587,12740,10721,1284,735
european-seas,1992-01-06,12.419879,12740,10738,1284,718
european-seas,1992-01-07,12.343735,12740,10795,1284,661
european-seas,1992-01-08,12.314649,12740,10805,1284,651
european-seas,1992-01-09,12.300555,12740,10810,1284,646
european-seas,1992-01-10,12.30218,12740,10795,1284,661
european-seas,1992-01-11,12.259858,12740,10804,1284,652
european-seas,1992-01-12,12.263004,12740,10807,1284,649
european-seas,1992-01-13,12.255917,12740,10799,1284,657
european-seas,1992-01-14,12.196715,12740,10771,1284,685
european-seas,1992-01-15,12.181232,12740,10759,1284,697
european-seas,1992-01-16,12.195999,12740,10759,1284,697
european-seas,1992-01-17,12.194906,12740,10775,1284,681
european-seas,1992-01-18,12.145315,12740,10801,1284,655
european-seas,1992-01-19,12.062312,12740,10818,1284,638
european-seas,1992-01-20,11.940792,12740,10883,1284,573
european-seas,1992-01-21,11.853574,12740,10942,1284,514
european-seas,1992-01-22,11.816185,12740,10942,1284,514
european-seas,1992-01-23,11.7948265,12740,10935,1284,521
european-seas,1992-01-24,11.798834,12740,10911,1284,545
european-seas,1992-01-25,11.7927265,12740,10885,1284,571
european-seas,1992-01-26,11.721289,12740,10864,1284,592
european-seas,1992-01-27,11.648855,12740,10847,1284,609
european-seas,1992-01-28,11.635763,12740,10846,1284,610
european-seas,1992-01-29,11.626633,12740,10871,1284,585
european-seas,1992-01-30,11.673923,12740,10870,1284,586
european-seas,1992-01-31,11.6853695,12740,10837,1284,619
european-seas,1992-02-01,11.684066,12740,10828,1284,628
european-seas,1992-02-02,11.662967,12740,10812,1284,644
european-seas,1992-02-03,11.636459,12740,10785,1284,671
european-seas,1992-02-04,11.648591,12740,10747,1284,709
european-seas,1992-02-05,11.6465025,12740,10748,1284,708
european-seas,1992-02-06,11.6469345,12740,10744,1284,712
european-seas,1992-02-07,11.62054,12740,10774,1284,682
european-seas,1992-02-08,11.593214,12740,10776,1284,680
european-seas,1992-02-09,11.567613,12740,10784,1284,672
european-seas,1992-02-10,11.5552635,12740,10785,1284,671
european-seas,1992-02-11,11.58856,12740,10782,1284,674
european-seas,1992-02-12,11.666712,12740,10718,1284,738
european-seas,1992-02-13,11.69969,12740,10726,1284,730
european-seas,1992-02-14,11.690671,12740,10744,1284,712
european-seas,1992-02-15,11.676864,12740,10740,1284,716
european-seas,1992-02-16,11.681033,12740,10754,1284,702
european-seas,1992-02-17,11.688761,12740,10764,1284,692
european-seas,1992-02-18,11.663147,12740,10736,1284,720
european-seas,1992-02-19,11.597348,12740,10729,1284,727
european-seas,1992-02-20,11.460113,12740,10717,1284,739
european-seas,1992-02-21,11.318039,12740,10721,1284,735
european-seas,1992-02-22,11.271104,12740,10719,1284,737
european-seas,1992-02-23,11.312553,12740,10713,1284,743
european-seas,1992-02-24,11.393729,12740,10722,1284,734
european-seas,1992-02-25,11.439094,12740,10744,1284,712
european-seas,1992-02-26,11.396714,12740,10770,1284,686
european-seas,1992-02-27,11.389089,12740,10796,1284,660
european-seas,1992-02-28,11.439757,12740,10751,1284,705
european-seas,1992-02-29,11.513833,12740,10703,1284,753
european-seas,1992-03-01,11.55015,12740,10666,1284,790
european-seas,1992-03-02,11.543205,12740,10660,1284,796
european-seas,1992-03-03,11.495721,12740,10658,1284,798
european-seas,1992-03-04,11.5147,12740,10663,1284,793
european-seas,1992-03-05,11.526333,12740,10690,1284,766
european-seas,1992-03-06,11.480886,12740,10706,1284,750
european-seas,1992-03-07,11.558492,12740,10715,1284,741
european-seas,1992-03-08,11.546755,12740,10711,1284,745
european-seas,1992-03-09,11.544335,12740,10680,1284,776
european-seas,1992-03-10,11.470714,12740,10658,1284,798
european-seas,1992-03-11,11.490442,12740,10637,1284,819
european-seas,1992-03-12,11.497292,12740,10647,1284,809
european-seas,1992-03-13,11.468895,12740,10667,1284,789
european-seas,1992-03-14,11.497625,12740,10646,1284,810
european-seas,1992-03-15,11.576168,12740,10664,1284,792
european-seas,1992-03-16,11.646069,12740,10703,1284,753
european-seas,1992-03-17,11.642938,12740,10734,1284,722
european-seas,1992-03-18,11.598825,12740,10745,1284,711
european-seas,1992-03-19,11.582898,12740,10728,1284,728
european-seas,1992-03-20,11.628457,12740,10722,1284,734
european-seas,1992-03-21,11.663848,12740,10727,1284,729
european-seas,1992-03-22,11.664902,12740,10749,1284,707
european-seas,1992-03-23,11.636093,12740,10787,1284,669
european-seas,1992-03-24,11.555049,12740,10823,1284,633
european-seas,1992-03-25,11.498324,12740,10840,1284,616
european-seas,1992-03-26,11.436377,12740,10860,1284,596
european-seas,1992-03-27,11.424062,12740,10879,1284,577
european-seas,1992-03-28,11.457117,12740,10866,1284,590
european-seas,1992-03-29,11.524719,12740,10825,1284,631
european-seas,1992-03-30,11.591668,12740,10810,1284,646
european-seas,1992-03-31,11.547734,12740,10821,1284,635
european-seas,1992-04-01,11.584266,12740,10841,1284,615
european-seas,1992-04-02,11.635232,12740,10819,1284,637
european-seas,1992-04-03,11.746511,12740,10793,1284,663
european-seas,1992-04-04,11.798408,12740,10788,1284,668
european-seas,1992-04-05,11.807511,12740,10820,1284,636
european-seas,1992-04-06,11.751607,12740,10826,1284,630
european-seas,1992-04-07,11.797994,12740,10820,1284,636
european-seas,1992-04-08,11.896071,12740,10824,1284,632
european-seas,1992-04-09,12.011079,12740,10808,1284,648
european-seas,1992-04-10,12.020647,12740,10791,1284,665
european-seas,1992-04-11,12.036948,12740,10771,1284,685
european-seas,1992-04-12,12.1198,12740,10734,1284,722
european-seas,1992-04-13,12.21711,12740,10734,1284,722
european-seas,1992-04-14,12.270163,12740,10732,1284,724
european-seas,1992-04-15,12.285872,12740,10737,1284,719
european-seas,1992-04-16,12.253098,12740,10725,1284,731
european-seas,1992-04-17,12.244962,12740,10750,1284,706
european-seas,1992-04-18,12.309403,12740,10763,1284,693
european-seas,1992-04-19,12.300014,12740,10798,1284,658
european-seas,1992-04-20,12.350843,12740,10810,1284,646
european-seas,1992-04-21,12.425592,12740,10804,1284,652
european-seas,1992-04-22,12.459118,12740,10811,1284,645
european-seas,1992-04-23,12.537086,12740,10827,1284,629
european-seas,1992-04-24,12.687247,12740,10787,1284,669
european-seas,1992-04-25,12.817946,12740,10770,1284,686
european-seas,1992-04-26,12.966885,12740,10746,1284,710
european-seas,1992-04-27,13.144025,12740,10712,1284,744
european-seas,1992-04-28,13.212964,12740,10717,1284,739
european-seas,1992-04-29,13.24937,12740,10793,1284,663
european-seas,1992-04-30,13.183522,12740,10876,1284,580
european-seas,1992-05-01,13.124616,12740,11047,1284,409
european-seas,1992-05-02,13.094272,12740,11061,1284,395
european-seas,1992-05-03,13.175494,12740,11045,1284,411
european-seas,1992-05-04,13.21909,12740,11056,1284,400
european-seas,1992-05-05,13.235927,12740,11054,1284,402
european-seas,1992-05-06,13.254322,12740,11065,1284,391
european-seas,1992-05-07,13.215161,12740,11070,1284,386
european-seas,1992-05-08,13.313467,12740,11077,1284,379
european-seas,1992-05-09,13.505853,12740,11088,1284,368
european-seas,1992-05-10,13.733658,12740,11106,1284,350
european-seas,1992-05-11,13.91624,12740,11101,1284,355
european-seas,1992-05-12,14.040092,12740,11103,1284,353
european-seas,1992-05-13,14.110247,12740,11095,1284,361
european-seas,1992-05-14,14.23992,12740,11091,1284,365
european-seas,1992-05-15,14.311166,12740,11092,1284,364
european-seas,1992-05-16,14.421064,12740,11084,1284,372
european-seas,1992-05-17,14.66003,12740,11101,1284,355
european-seas,1992-05-18,14.807835,12740,11110,1284,346
european-seas,1992-05-19,14.875414,12740,11105,1284,351
european-seas,1992-05-20,14.905551,12740,11115,1284,341
european-seas,1992-05-21,15.043275,12740,11124,1284,332
european-seas,1992-05-22,15.16689,12740,11099,1284,357
european-seas,1992-05-23,15.322585,12740,11089,1284,367
european-seas,1992-05-24,15.475301,12740,11084,1284,372
european-seas,1992-05-25,15.530461,12740,11090,1284,366
european-seas,1992-05-26,15.649963,12740,11092,1284,364
european-seas,1992-05-27,15.738667,12740,11095,1284,361
european-seas,1992-05-28,15.853523,12740,11095,1284,361
european-seas,1992-05-29,16.001068,12740,11136,1284,320
european-seas,1992-05-30,16.219864,12740,11206,1284,250
european-seas,1992-05-31,16.472818,12740,11289,1284,167
european-seas,1992-06-01,16.493475,12740,11456,1284,0
european-seas,1992-06-02,16.475405,12740,11456,1284,0
european-seas,1992-06-03,16.501675,12740,11456,1284,0
european-seas,1992-06-04,16.591558,12740,11456,1284,0
european-seas,1992-06-05,16.695974,12740,11456,1284,0
european-seas,1992-06-06,16.82317,12740,11456,1284,0
european-seas,1992-06-07,16.972557,12740,11456,1284,0
european-seas,1992-06-08,17.080149,12740,11456,1284,0
european-seas,1992-06-09,17.140808,12740,11456,1284,0
european-seas,1992-06-10,17.151447,12740,11456,1284,0
european-seas,1992-06-11,17.1359,12740,11456,1284,0
european-seas,1992-06-12,17.238436,12740,11456,1284,0
european-seas,1992-06-13,17.3741,12740,11456,1284,0
european-seas,1992-06-14,17.379627,12740,11456,1284,0
european-seas,1992-06-15,17.386889,12740,11456,1284,0
european-seas,1992-06-16,17.38347,12740,11456,1284,0
european-seas,1992-06-17,17.426311,12740,11456,1284,0
european-seas,1992-06-18,17.520624,12740,11456,1284,0
european-seas,1992-06-19,17.661495,12740,11456,1284,0
european-seas,1992-06-20,17.814104,12740,11456,1284,0
european-seas,1992-06-21,17.900782,12740,11456,1284,0
european-seas,1992-06-22,17.91137,12740,11456,1284,0
european-seas,1992-06-23,17.967926,12740,11456,1284,0
european-seas,1992-06-24,18.15618,12740,11456,1284,0
european-seas,1992-06-25,18.401598,12740,11456,1284,0
european-seas,1992-06-26,18.54233,12740,11456,1284,0
european-seas,1992-06-27,18.619251,12740,11456,1284,0
european-seas,1992-06-28,18.680918,12740,11456,1284,0
european-seas,1992-06-29,18.76059,12740,11456,1284,0
european-seas,1992-06-30,18.836878,12740,11456,1284,0
european-seas,1992-07-01,18.798563,12740,11456,1284,0
european-seas,1992-07-02,18.749586,12740,11456,1284,0
european-seas,1992-07-03,18.75088,12740,11456,1284,0
european-seas,1992-07-04,18.811464,12740,11456,1284,0
european-seas,1992-07-05,18.920267,12740,11456,1284,0
european-seas,1992-07-06,19.043951,12740,11456,1284,0
european-seas,1992-07-07,19.200674,12740,11456,1284,0
european-seas,1992-07-08,19.282324,12740,11456,1284,0
european-seas,1992-07-09,19.308428,12740,11456,1284,0
european-seas,1992-07-10,19.31975,12740,11456,1284,0
european-seas,1992-07-11,19.369923,12740,11456,1284,0
european-seas,1992-07-12,19.48514,12740,11456,1284,0
european-seas,1992-07-13,19.531641,12740,11456,1284,0
european-seas,1992-07-14,19.542696,12740,11456,1284,0
european-seas,1992-07-15,19.540892,12740,11456,1284,0
european-seas,1992-07-16,19.641853,12740,11456,1284,0
european-seas,1992-07-17,19.82377,12740,11456,1284,0
european-seas,1992-07-18,19.97867,12740,11456,1284,0
european-seas,1992-07-19,20.199068,12740,11456,1284,0
european-seas,1992-07-20,20.282501,12740,11456,1284,0
european-seas,1992-07-21,20.301447,12740,11456,1284,0
european-seas,1992-07-22,20.34757,12740,11456,1284,0
european-seas,1992-07-23,20.42348,12740,11456,1284,0
european-seas,1992-07-24,20.532625,12740,11456,1284,0
european-seas,1992-07-25,20.647404,12740,11456,1284,0
european-seas,1992-07-26,20.780077,12740,11456,1284,0
european-seas,1992-07-27,20.84926,12740,11456,1284,0
european-seas,1992-07-28,20.839079,12740,11456,1284,0
european-seas,1992-07-29,20.843287,12740,11456,1284,0
european-seas,1992-07-30,20.868458,12740,11456,1284,0
european-seas,1992-07-31,20.885162,12740,11456,1284,0
european-seas,1992-08-01,20.896742,12740,11456,1284,0
european-seas,1992-08-02,20.957396,12740,11456,1284,0
european-seas,1992-08-03,21.01052,12740,11456,1284,0
european-seas,1992-08-04,21.06912,12740,11456,1284,0
european-seas,1992-08-05,21.14066,12740,11456,1284,0
european-seas,1992-08-06,21.194845,12740,11456,1284,0
european-seas,1992-08-07,21.222391,12740,11456,1284,0
european-seas,1992-08-08,21.26504,12740,11456,1284,0
european-seas,1992-08-09,21.303396,12740,11456,1284,0
european-seas,1992-08-10,21.293211,12740,11456,1284,0
european-seas,1992-08-11,21.20561,12740,11456,1284,0
european-seas,1992-08-12,21.137264,12740,11456,1284,0
european-seas,1992-08-13,21.147665,12740,11456,1284,0
european-seas,1992-08-14,21.164848,12740,11456,1284,0
european-seas,1992-08-15,21.183155,12740,11456,1284,0
european-seas,1992-08-16,21.18726,12740,11456,1284,0
european-seas,1992-08-17,21.16885,12740,11456,1284,0
european-seas,1992-08-18,21.144869,12740,11456,1284,0
european-seas,1992-08-19,21.148132,12740,11456,1284,0
european-seas,1992-08-20,21.214914,12740,11456,1284,0
european-seas,1992-08-21,21.267078,12740,11456,1284,0
european-seas,1992-08-22,21.252764,12740,11456,1284,0
european-seas,1992-08-23,21.222435,12740,11456,1284,0
european-seas,1992-08-24,21.234972,12740,11456,1284,0
european-seas,1992-08-25,21.23554,12740,11456,1284,0
european-seas,1992-08-26,21.252262,12740,11456,1284,0
european-seas,1992-08-27,21.218798,12740,11456,1284,0
european-seas,1992-08-28,21.170807,12740,11456,1284,0
european-seas,1992-08-29,21.047268,12740,11456,1284,0
european-seas,1992-08-30,20.91146,12740,11456,1284,0
european-seas,1992-08-31,20.847763,12740,11456,1284,0
european-seas,1992-09-01,20.71986,12740,11456,1284,0
european-seas,1992-09-02,20.618654,12740,11456,1284,0
european-seas,1992-09-03,20.526966,12740,11456,1284,0
european-seas,1992-09-04,20.486427,12740,11456,1284,0
european-seas,1992-09-05,20.34316,12740,11456,1284,0
european-seas,1992-09-06,20.117147,12740,11456,1284,0
european-seas,1992-09-07,19.984907,12740,11456,1284,0
european-seas,1992-09-08,19.868258,12740,11456,1284,0
european-seas,1992-09-09,19.817072,12740,11456,1284,0
european-seas,1992-09-10,19.81036,12740,11456,1284,0
european-seas,1992-09-11,19.814148,12740,11456,1284,0
european-seas,1992-09-12,19.747807,12740,11456,1284,0
european-seas,1992-09-13,19.653742,12740,11456,1284,0
european-seas,1992-09-14,19.62063,12740,11456,1284,0
european-seas,1992-09-15,19.596712,12740,11456,1284,0
european-seas,1992-09-16,19.586988,12740,11456,1284,0
european-seas,1992-09-17,19.563337,12740,11456,1284,0
european-seas,1992-09-18,19.492746,12740,11456,1284,0
european-seas,1992-09-19,19.440441,12740,11456,1284,0
european-seas,1992-09-20,19.351164,12740,11456,1284,0
european-seas,1992-09-21,19.256178,12740,11456,1284,0
european-seas,1992-09-22,19.180187,12740,11456,1284,0
european-seas,1992-09-23,19.146719,12740,11456,1284,0
european-seas,1992-09-24,19.03763,12740,11456,1284,0
european-seas,1992-09-25,18.951096,12740,11456,1284,0
european-seas,1992-09-26,18.861128,12740,11456,1284,0
european-seas,1992-09-27,18.760351,12740,11456,1284,0
european-seas,1992-09-28,18.701323,12740,11456,1284,0
european-seas,1992-09-29,18.686773,12740,11456,1284,0
european-seas,1992-09-30,18.725363,12740,11456,1284,0
european-seas,1992-10-01,18.719137,12740,11456,1284,0
european-seas,1992-10-02,18.692156,12740,11456,1284,0
european-seas,1992-10-03,18.587234,12740,11456,1284,0
european-seas,1992-10-04,18.397013,12740,11456,1284,0
european-seas,1992-10-05,18.18133,12740,11456,1284,0
european-seas,1992-10-06,18.02243,12740,11456,1284,0
european-seas,1992-10-07,17.961971,12740,11456,1284,0
european-seas,1992-10-08,17.87848,12740,11456,1284,0
european-seas,1992-10-09,17.798439,12740,11456,1284,0
european-seas,1992-10-10,17.802423,12740,11456,1284,0
european-seas,1992-10-11,17.768818,12740,11456,1284,0
european-seas,1992-10-12,17.733593,12740,11456,1284,0
european-seas,1992-10-13,17.673197,12740,11456,1284,0
european-seas,1992-10-14,17.558994,12740,11456,1284,0
european-seas,1992-10-15,17.414845,12740,11456,1284,0
european-seas,1992-10-16,17.288443,12740,11456,1284,0
european-seas,1992-10-17,17.162708,12740,11456,1284,0
european-seas,1992-10-18,17.142986,12740,11456,1284,0
european-seas,1992-10-19,17.120302,12740,11456,1284,0
european-seas,1992-10-20,17.06976,12740,11456,1284,0
european-seas,1992-10-21,16.994547,12740,11456,1284,0
european-seas,1992-10-22,16.942268,12740,11456,1284,0
european-seas,1992-10-23,16.874868,12740,11456,1284,0
european-seas,1992-10-24,16.769585,12740,11456,1284,0
european-seas,1992-10-25,16.618025,12740,11456,1284,0
european-seas,1992-10-26,16.478485,12740,11456,1284,0
european-seas,1992-10-27,16.331858,12740,11456,1284,0
european-seas,1992-10-28,16.28416,12740,11456,1284,0
european-seas,1992-10-29,16.28385,12740,11456,1284,0
european-seas,1992-10-30,16.214432,12740,11456,1284,0
european-seas,1992-10-31,16.177504,12740,11456,1284,0
european-seas,1992-11-01,16.145243,12740,11371,1284,85
european-seas,1992-11-02,16.015995,12740,11338,1284,118
european-seas,1992-11-03,15.908108,12740,11297,1284,159
european-seas,1992-11-04,15.92125,12740,11272,1284,184
european-seas,1992-11-05,15.952184,12740,11268,1284,188
european-seas,1992-11-06,15.918179,12740,11268,1284,188
european-seas,1992-11-07,15.859258,12740,11273,1284,183
european-seas,1992-11-08,15.78926,12740,11270,1284,186
european-seas,1992-11-09,15.707727,12740,11270,1284,186
european-seas,1992-11-10,15.639368,12740,11260,1284,196
european-seas,1992-11-11,15.591661,12740,11266,1284,190
european-seas,1992-11-12,15.495412,12740,11275,1284,181
european-seas,1992-11-13,15.362931,12740,11279,1284,177
european-seas,1992-11-14,15.271734,12740,11292,1284,164
european-seas,1992-11-15,15.123615,12740,11301,1284,155
european-seas,1992-11-16,15.060154,12740,11295,1284,161
european-seas,1992-11-17,14.987798,12740,11307,1284,149
european-seas,1992-11-18,14.9327755,12740,11296,1284,160
european-seas,1992-11-19,14.847868,12740,11303,1284,153
european-seas,1992-11-20,14.766409,12740,11300,1284,156
european-seas,1992-11-21,14.669066,12740,11279,1284,177
european-seas,1992-11-22,14.584631,12740,11281,1284,175
european-seas,1992-11-23,14.548006,12740,11286,1284,170
european-seas,1992-11-24,14.49235,12740,11290,1284,166
european-seas,1992-11-25,14.445475,12740,11290,1284,166
european-seas,1992-11-26,14.4137125,12740,11280,1284,176
european-seas,1992-11-27,14.397705,12740,11271,1284,185
european-seas,1992-11-28,14.357903,12740,11277,1284,179
european-seas,1992-11-29,14.296014,12740,11272,1284,184
european-seas,1992-11-30,14.195096,12740,11264,1284,192
european-seas,1992-12-01,14.263984,12740,11017,1284,439
european-seas,1992-12-02,14.249295,12740,10943,1284,513
european-seas,1992-12-03,14.205514,12740,10923,1284,533
european-seas,1992-12-04,14.169034,12740,10913,1284,543
european-seas,1992-12-05,14.079566,12740,10952,1284,504
european-seas,1992-12-06,13.949601,12740,11027,1284,429
european-seas,1992-12-07,13.816632,12740,11073,1284,383
european-seas,1992-12-08,13.735319,12740,11065,1284,391
european-seas,1992-12-09,13.610767,12740,11069,1284,387
european-seas,1992-12-10,13.533841,12740,11061,1284,395
european-seas,1992-12-11,13.506,12740,11048,1284,408
european-seas,1992-12-12,13.457177,12740,11027,1284,429
european-seas,1992-12-13,13.433978,12740,11016,1284,440
european-seas,1992-12-14,13.441611,12740,11008,1284,448
european-seas,1992-12-15,13.326317,12740,11021,1284,435
european-seas,1992-12-16,13.2512455,12740,11019,1284,437
european-seas,1992-12-17,13.1945715,12740,11026,1284,430
european-seas,1992-12-18,13.107591,12740,11038,1284,418
european-seas,1992-12-19,13.034192,12740,11034,1284,422
european-seas,1992-12-20,12.986885,12740,11045,1284,411
european-seas,1992-12-21,12.96274,12740,11049,1284,407
european-seas,1992-12-22,12.863709,12740,11062,1284,394
european-seas,1992-12-23,12.768536,12740,11072,1284,384
european-seas,1992-12-24,12.7270565,12740,11054,1284,402
european-seas,1992-12-25,12.693766,12740,11025,1284,431
european-seas,1992-12-26,12.618336,12740,11029,1284,427
european-seas,1992-12-27,12.555393,12740,10998,1284,458
european-seas,1992-12-28,12.501918,12740,10998,1284,458
european-seas,1992-12-29,12.45867,12740,11008,1284,448
european-seas,1992-12-30,12.411885,12740,11009,1284,447
european-seas,1992-12-31,12.337704,12740,11007,1284,449
european-seas,1993-01-01,12.301779,12740,10929,1284,527
european-seas,1993-01-02,12.248554,12740,10868,1284,588
european-seas,1993-01-03,12.204797,12740,10801,1284,655
european-seas,1993-01-04,12.177361,12740,10730,1284,726
european-seas,1993-01-05,12.1551,12740,10680,1284,776
european-seas,1993-01-06,12.14486,12740,10644,1284,812
european-seas,1993-01-07,12.109043,12740,10629,1284,827
european-seas,1993-01-08,12.093188,12740,10612,1284,844
european-seas,1993-01-09,12.0941105,12740,10579,1284,877
european-seas,1993-01-10,12.095789,12740,10529,1284,927
european-seas,1993-01-11,12.043359,12740,10484,1284,972
european-seas,1993-01-12,12.131491,12740,10474,1284,982
european-seas,1993-01-13,12.176699,12740,10497,1284,959
european-seas,1993-01-14,12.212765,12740,10479,1284,977
european-seas,1993-01-15,12.225838,12740,10524,1284,932
european-seas,1993-01-16,12.225477,12740,10617,1284,839
european-seas,1993-01-17,12.226497,12740,10652,1284,804
european-seas,1993-01-18,12.208938,12740,10650,1284,806
european-seas,1993-01-19,12.230194,12740,10603,1284,853
european-seas,1993-01-20,12.176219,12740,10610,1284,846
european-seas,1993-01-21,12.109152,12740,10617,1284,839
european-seas,1993-01-22,12.107001,12740,10596,1284,860
european-seas,1993-01-23,12.094366,12740,10587,1284,869
european-seas,1993-01-24,12.033792,12740,10617,1284,839
european-seas,1993-01-25,11.997244,12740,10703,1284,753
european-seas,1993-01-26,11.901186,12740,10780,1284,676
european-seas,1993-01-27,11.83168,12740,10841,1284,615
european-seas,1993-01-28,11.774466,12740,10872,1284,584
european-seas,1993-01-29,11.714459,12740,10898,1284,558
european-seas,1993-01-30,11.695388,12740,10908,1284,548
european-seas,1993-01-31,11.638243,12740,10896,1284,560
european-seas,1993-02-01,11.655687,12740,10834,1284,622
european-seas,1993-02-02,11.698106,12740,10774,1284,682
european-seas,1993-02-03,11.750473,12740,10746,1284,710
european-seas,1993-02-04,11.786879,12740,10754,1284,702
european-seas,1993-02-05,11.718467,12740,10746,1284,710
european-seas,1993-02-06,11.673325,12740,10738,1284,718
european-seas,1993-02-07,11.594841,12740,10766,1284,690
european-seas,1993-02-08,11.550901,12740,10800,1284,656
european-seas,1993-02-09,11.516875,12740,10849,1284,607
european-seas,1993-02-10,11.525029,12740,10872,1284,584
european-seas,1993-02-11,11.522249,12740,10908,1284,548
european-seas,1993-02-12,11.50533,12740,10917,1284,539
european-seas,1993-02-13,11.514342,12740,10897,1284,559
european-seas,1993-02-14,11.542449,12740,10888,1284,568
european-seas,1993-02-15,11.560576,12740,10862,1284,594
european-seas,1993-02-16,11.56544,12740,10805,1284,651
european-seas,1993-02-17,11.576489,12740,10753,1284,703
european-seas,1993-02-18,11.6274605,12740,10682,1284,774
european-seas,1993-02-19,11.5829935,12740,10659,1284,797
european-seas,1993-02-20,11.508165,12740,10697,1284,759
european-seas,1993-02-21,11.462613,12740,10701,1284,755
european-seas,1993-02-22,11.458294,12740,10730,1284,726
european-seas,1993-02-23,11.43607,12740,10777,1284,679
european-seas,1993-02-24,11.396992,12740,10790,1284,666
european-seas,1993-02-25,11.342239,12740,10806,1284,650
european-seas,1993-02-26,11.304015,12740,10805,1284,651
european-seas,1993-02-27,11.303364,12740,10783,1284,673
european-seas,1993-02-28,11.210434,12740,10776,1284,680
european-seas,1993-03-01,11.095302,12740,10781,1284,675
european-seas,1993-03-02,11.051852,12740,10771,1284,685
european-seas,1993-03-03,11.013405,12740,10784,1284,672
european-seas,1993-03-04,10.996409,12740,10793,1284,663
european-seas,1993-03-05,11.002116,12740,10796,1284,660
european-seas,1993-03-06,11.000104,12740,10816,1284,640
european-seas,1993-03-07,10.991709,12740,10811,1284,645
european-seas,1993-03-08,11.028895,12740,10789,1284,667
european-seas,1993-03-09,11.047732,12740,10779,1284,677
european-seas,1993-03-10,11.0625925,12740,10765,1284,691
european-seas,1993-03-11,11.1275,12740,10733,1284,723
european-seas,1993-03-12,11.200864,12740,10711,1284,745
european-seas,1993-03-13,11.253776,12740,10666,1284,790
european-seas,1993-03-14,11.36423,12740,10632,1284,824
european-seas,1993-03-15,11.430116,12740,10627,1284,829
european-seas,1993-03-16,11.449102,12740,10603,1284,853
european-seas,1993-03-17,11.436045,12740,10582,1284,874
european-seas,1993-03-18,11.524045,12740,10575,1284,881
european-seas,1993-03-19,11.6240225,12740,10601,1284,855
european-seas,1993-03-20,11.684703,12740,10624,1284,832
european-seas,1993-03-21,11.826783,12740,10635,1284,821
european-seas,1993-03-22,11.886687,12740,10655,1284,801
european-seas,1993-03-23,11.917192,12740,10714,1284,742
european-seas,1993-03-24,11.887079,12740,10768,1284,688
european-seas,1993-03-25,11.802024,12740,10825,1284,631
european-seas,1993-03-26,11.722537,12740,10820,1284,636
european-seas,1993-03-27,11.617129,12740,10825,1284,631
european-seas,1993-03-28,11.495494,12740,10850,1284,606
european-seas,1993-03-29,11.502711,12740,10848,1284,608
european-seas,1993-03-30,11.562906,12740,10815,1284,641
european-seas,1993-03-31,11.532504,12740,10806,1284,650
european-seas,1993-04-01,11.542156,12740,10756,1284,700
european-seas,1993-04-02,11.58801,12740,10771,1284,685
european-seas,1993-04-03,11.655569,12740,10772,1284,684
european-seas,1993-04-04,11.791679,12740,10746,1284,710
european-seas,1993-04-05,11.894234,12740,10731,1284,725
european-seas,1993-04-06,11.965702,12740,10758,1284,698
european-seas,1993-04-07,12.050995,12740,10788,1284,668
european-seas,1993-04-08,12.073068,12740,10826,1284,630
european-seas,1993-04-09,12.134467,12740,10861,1284,595
european-seas,1993-04-10,12.148817,12740,10903,1284,553
european-seas,1993-04-11,12.127041,12740,10931,1284,525
european-seas,1993-04-12,12.152346,12740,10953,1284,503
european-seas,1993-04-13,12.165092,12740,10944,1284,512
european-seas,1993-04-14,12.200347,12740,10903,1284,553
european-seas,1993-04-15,12.275984,12740,10868,1284,588
european-seas,1993-04-16,12.370435,12740,10835,1284,621
european-seas,1993-04-17,12.468741,12740,10808,1284,648
european-seas,1993-04-18,12.54819,12740,10753,1284,703
european-seas,1993-04-19,12.665877,12740,10701,1284,755
european-seas,1993-04-20,12.749035,12740,10689,1284,767
european-seas,1993-04-21,12.820879,12740,10692,1284,764
european-seas,1993-04-22,12.951905,12740,10680,1284,776
european-seas,1993-04-23,13.054018,12740,10668,1284,788
european-seas,1993-04-24,13.075623,12740,10661,1284,795
european-seas,1993-04-25,12.9924,12740,10655,1284,801
european-seas,1993-04-26,12.935859,12740,10671,1284,785
european-seas,1993-04-27,12.96301,12740,10687,1284,769
european-seas,1993-04-28,13.041869,12740,10724,1284,732
european-seas,1993-04-29,13.152715,12740,10788,1284,668
european-seas,1993-04-30,13.222953,12740,10880,1284,576
european-seas,1993-05-01,13.2014675,12740,11062,1284,394
european-seas,1993-05-02,13.280246,12740,11060,1284,396
european-seas,1993-05-03,13.359262,12740,11061,1284,395
european-seas,1993-05-04,13.474943,12740,11068,1284,388
european-seas,1993-05-05,13.518357,12740,11062,1284,394
european-seas,1993-05-06,13.613221,12740,11066,1284,390
european-seas,1993-05-07,13.653959,12740,11069,1284,387
european-seas,1993-05-08,13.713563,12740,11079,1284,377
european-seas,1993-05-09,13.854375,12740,11087,1284,369
european-seas,1993-05-10,13.906838,12740,11079,1284,377
european-seas,1993-05-11,13.997774,12740,11073,1284,383
european-seas,1993-05-12,14.083349,12740,11082,1284,374
european-seas,1993-05-13,14.076642,12740,11080,1284,376
european-seas,1993-05-14,14.041648,12740,11080,1284,376
european-seas,1993-05-15,14.190997,12740,11075,1284,381
european-seas,1993-05-16,14.401508,12740,11071,1284,385
european-seas,1993-05-17,14.493176,12740,11074,1284,382
european-seas,1993-05-18,14.657288,12740,11083,1284,373
european-seas,1993-05-19,14.836906,12740,11087,1284,369
european-seas,1993-05-20,15.032776,12740,11088,1284,368
european-seas,1993-05-21,15.200076,12740,11094,1284,362
european-seas,1993-05-22,15.425778,12740,11096,1284,360
european-seas,1993-05-23,15.690422,12740,11103,1284,353
european-seas,1993-05-24,15.826695,12740,11096,1284,360
european-seas,1993-05-25,15.965168,12740,11106,1284,350
european-seas,1993-05-26,16.02187,12740,11094,1284,362
european-seas,1993-05-27,16.01466,12740,11115,1284,341
european-seas,1993-05-28,16.103922,12740,11113,1284,343
european-seas,1993-05-29,16.222767,12740,11175,1284,281
european-seas,1993-05-30,16.350008,12740,11235,1284,221
european-seas,1993-05-31,16.477917,12740,11306,1284,150
european-seas,1993-06-01,16.552925,12740,11456,1284,0
european-seas,1993-06-02,16.634472,12740,11456,1284,0
european-seas,1993-06-03,16.666395,12740,11456,1284,0
european-seas,1993-06-04,16.729387,12740,11456,1284,0
european-seas,1993-06-05,16.832693,12740,11456,1284,0
european-seas,1993-06-06,16.96074,12740,11456,1284,0
european-seas,1993-06-07,17.087616,12740,11456,1284,0
european-seas,1993-06-08,17.225407,12740,11456,1284,0
european-seas,1993-06-09,17.382437,12740,11456,1284,0
european-seas,1993-06-10,17.41289,12740,11456,1284,0
european-seas,1993-06-11,17.46167,12740,11456,1284,0
european-seas,1993-06-12,17.529001,12740,11456,1284,0
european-seas,1993-06-13,17.65135,12740,11456,1284,0
european-seas,1993-06-14,17.69876,12740,11456,1284,0
european-seas,1993-06-15,17.754253,12740,11456,1284,0
european-seas,1993-06-16,17.803926,12740,11456,1284,0
european-seas,1993-06-17,17.860064,12740,11456,1284,0
european-seas,1993-06-18,17.934206,12740,11456,1284,0
european-seas,1993-06-19,18.003574,12740,11456,1284,0
european-seas,1993-06-20,18.07206,12740,11456,1284,0
european-seas,1993-06-21,18.129704,12740,11456,1284,0
european-seas,1993-06-22,18.19653,12740,11456,1284,0
european-seas,1993-06-23,18.309412,12740,11456,1284,0
european-seas,1993-06-24,18.366127,12740,11456,1284,0
european-seas,1993-06-25,18.42527,12740,11456,1284,0
european-seas,1993-06-26,18.574852,12740,11456,1284,0
european-seas,1993-06-27,18.669056,12740,11456,1284,0
european-seas,1993-06-28,18.710274,12740,11456,1284,0
european-seas,1993-06-29,18.827995,12740,11456,1284,0
european-seas,1993-06-30,18.829401,12740,11456,1284,0
european-seas,1993-07-01,18.886894,12740,11456,1284,0
european-seas,1993-07-02,18.877214,12740,11456,1284,0
european-seas,1993-07-03,18.888302,12740,11456,1284,0
european-seas,1993-07-04,18.967587,12740,11456,1284,0
european-seas,1993-07-05,19.006792,12740,11456,1284,0
european-seas,1993-07-06,19.037289,12740,11456,1284,0
european-seas,1993-07-07,19.067493,12740,11456,1284,0
european-seas,1993-07-08,19.13748,12740,11456,1284,0
european-seas,1993-07-09,19.13721,12740,11456,1284,0
european-seas,1993-07-10,19.073597,12740,11456,1284,0
european-seas,1993-07-11,19.03332,12740,11456,1284,0
european-seas,1993-07-12,19.074247,12740,11456,1284,0
european-seas,1993-07-13,19.09214,12740,11456,1284,0
european-seas,1993-07-14,19.148897,12740,11456,1284,0
european-seas,1993-07-15,19.258715,12740,11456,1284,0
european-seas,1993-07-16,19.40856,12740,11456,1284,0
european-seas,1993-07-17,19.535007,12740,11456,1284,0
european-seas,1993-07-18,19.634613,12740,11456,1284,0
european-seas,1993-07-19,19.698423,12740,11456,1284,0
european-seas,1993-07-20,19.676067,12740,11456,1284,0
european-seas,1993-07-21,19.623339,12740,11456,1284,0
european-seas,1993-07-22,19.604786,12740,11456,1284,0
european-seas,1993-07-23,19.642271,12740,11456,1284,0
european-seas,1993-07-24,19.687845,12740,11456,1284,0
european-seas,1993-07-25,19.68059,12740,11456,1284,0
european-seas,1993-07-26,19.65529,12740,11456,1284,0
european-seas,1993-07-27,19.769754,12740,11456,1284,0
european-seas,1993-07-28,19.951199,12740,11456,1284,0
european-seas,1993-07-29,20.062426,12740,11456,1284,0
european-seas,1993-07-30,20.189548,12740,11456,1284,0
european-seas,1993-07-31,20.206928,12740,11456,1284,0
european-seas,1993-08-01,20.166426,12740,11456,1284,0
european-seas,1993-08-02,20.195652,12740,11456,1284,0
european-seas,1993-08-03,20.300947,12740,11456,1284,0
european-seas,1993-08-04,20.443497,12740,11456,1284,0
european-seas,1993-08-05,20.611715,12740,11456,1284,0
european-seas,1993-08-06,20.686186,12740,11456,1284,0
european-seas,1993-08-07,20.686993,12740,11456,1284,0
european-seas,1993-08-08,20.719856,12740,11456,1284,0
european-seas,1993-08-09,20.708189,12740,11456,1284,0
european-seas,1993-08-10,20.691755,12740,11456,1284,0
european-seas,1993-08-11,20.679558,12740,11456,1284,0
european-seas,1993-08-12,20.657532,12740,11456,1284,0
european-seas,1993-08-13,20.660877,12740,11456,1284,0
european-seas,1993-08-14,20.722464,12740,11456,1284,0
european-seas,1993-08-15,20.82299,12740,11456,1284,0
european-seas,1993-08-16,20.83555,12740,11456,1284,0
european-seas,1993-08-17,20.868383,12740,11456,1284,0
european-seas,1993-08-18,20.945175,12740,11456,1284,0
european-seas,1993-08-19,20.976215,12740,11456,1284,0
european-seas,1993-08-20,20.991604,12740,11456,1284,0
european-seas,1993-08-21,20.991388,12740,11456,1284,0
european-seas,1993-08-22,20.947365,12740,11456,1284,0
european-seas,1993-08-23,20.820414,12740,11456,1284,0
european-seas,1993-08-24,20.68273,12740,11456,1284,0
european-seas,1993-08-25,20.55656,12740,11456,1284,0
european-seas,1993-08-26,20.473413,12740,11456,1284,0
european-seas,1993-08-27,20.522108,12740,11456,1284,0
european-seas,1993-08-28,20.56256,12740,11456,1284,0
european-seas,1993-08-29,20.574738,12740,11456,1284,0
european-seas,1993-08-30,20.513784,12740,11456,1284,0
european-seas,1993-08-31,20.469534,12740,11456,1284,0
european-seas,1993-09-01,20.424692,12740,11456,1284,0
european-seas,1993-09-02,20.411745,12740,11456,1284,0
european-seas,1993-09-03,20.363018,12740,11456,1284,0
european-seas,1993-09-04,20.287834,12740,11456,1284,0
european-seas,1993-09-05,20.149912,12740,11456,1284,0
european-seas,1993-09-06,20.051855,12740,11456,1284,0
european-seas,1993-09-07,19.984692,12740,11456,1284,0
european-seas,1993-09-08,19.959126,12740,11456,1284,0
european-seas,1993-09-09,19.95466,12740,11456,1284,0
european-seas,1993-09-10,19.965775,12740,11456,1284,0
european-seas,1993-09-11,19.926252,12740,11456,1284,0
european-seas,1993-09-12,19.849897,12740,11456,1284,0
european-seas,1993-09-13,19.754053,12740,11456,1284,0
european-seas,1993-09-14,19.629246,12740,11456,1284,0
european-seas,1993-09-15,19.489557,12740,11456,1284,0
european-seas,1993-09-16,19.469065,12740,11456,1284,0
european-seas,1993-09-17,19.446112,12740,11456,1284,0
european-seas,1993-09-18,19.429298,12740,11456,1284,0
european-seas,1993-09-19,19.389544,12740,11456,1284,0
european-seas,1993-09-20,19.307364,12740,11456,1284,0
european-seas,1993-09-21,19.215248,12740,11456,1284,0
european-seas,1993-09-22,19.109571,12740,11456,1284,0
european-seas,1993-09-23,19.029457,12740,11456,1284,0
european-seas,1993-09-24,18.928997,12740,11456,1284,0
european-seas,1993-09-25,18.811745,12740,11456,1284,0
european-seas,1993-09-26,18.730488,12740,11456,1284,0
european-seas,1993-09-27,18.663137,12740,11456,1284,0
european-seas,1993-09-28,18.58777,12740,11456,1284,0
european-seas,1993-09-29,18.557049,12740,11456,1284,0
european-seas,1993-09-30,18.504002,12740,11456,1284,0
european-seas,1993-10-01,18.349777,12740,11456,1284,0
european-seas,1993-10-02,18.118258,12740,11456,1284,0
european-seas,1993-10-03,17.987377,12740,11456,1284,0
european-seas,1993-10-04,17.910412,12740,11456,1284,0
european-seas,1993-10-05,17.846024,12740,11456,1284,0
european-seas,1993-10-06,17.81282,12740,11456,1284,0
european-seas,1993-10-07,17.675737,12740,11456,1284,0
european-seas,1993-10-08,17.626923,12740,11456,1284,0
european-seas,1993-10-09,17.644608,12740,11456,1284,0
european-seas,1993-10-10,17.650686,12740,11456,1284,0
european-seas,1993-10-11,17.653658,12740,11456,1284,0
european-seas,1993-10-12,17.668474,12740,11456,1284,0
european-seas,1993-10-13,17.585814,12740,11456,1284,0
european-seas,1993-10-14,17.474344,12740,11456,1284,0
european-seas,1993-10-15,17.361053,12740,11456,1284,0
european-seas,1993-10-16,17.244545,12740,11456,1284,0
european-seas,1993-10-17,17.150269,12740,11456,1284,0
european-seas,1993-10-18,17.110235,12740,11456,1284,0
european-seas,1993-10-19,17.006699,12740,11456,1284,0
european-seas,1993-10-20,16.95542,12740,11456,1284,0
european-seas,1993-10-21,16.89976,12740,11456,1284,0
european-seas,1993-10-22,16.83604,12740,11456,1284,0
european-seas,1993-10-23,16.753195,12740,11456,1284,0
european-seas,1993-10-24,16.676218,12740,11456,1284,0
european-seas,1993-10-25,16.596865,12740,11456,1284,0
european-seas,1993-10-26,16.503586,12740,11456,1284,0
european-seas,1993-10-27,16.434765,12740,11456,1284,0
european-seas,1993-10-28,16.406658,12740,11456,1284,0
european-seas,1993-10-29,16.344564,12740,11456,1284,0
european-seas,1993-10-30,16.234867,12740,11456,1284,0
european-seas,1993-10-31,16.069002,12740,11456,1284,0
european-seas,1993-11-01,16.025507,12740,11401,1284,55
european-seas,1993-11-02,15.965436,12740,11375,1284,81
european-seas,1993-11-03,15.9121065,12740,11359,1284,97
european-seas,1993-11-04,15.887607,12740,11349,1284,107
european-seas,1993-11-05,15.8745,12740,11360,1284,96
european-seas,1993-11-06,15.81745,12740,11354,1284,102
european-seas,1993-11-07,15.6962185,12740,11351,1284,105
european-seas,1993-11-08,15.609027,12740,11353,1284,103
european-seas,1993-11-09,15.600974,12740,11341,1284,115
european-seas,1993-11-10,15.561038,12740,11327,1284,129
european-seas,1993-11-11,15.504085,12740,11320,1284,136
european-seas,1993-11-12,15.347968,12740,11321,1284,135
european-seas,1993-11-13,15.2340555,12740,11318,1284,138
european-seas,1993-11-14,15.0578575,12740,11313,1284,143
european-seas,1993-11-15,14.83706,12740,11319,1284,137
european-seas,1993-11-16,14.712872,12740,11323,1284,133
european-seas,1993-11-17,14.62125,12740,11325,1284,131
european-seas,1993-11-18,14.500075,12740,11325,1284,131
european-seas,1993-11-19,14.437973,12740,11316,1284,140
european-seas,1993-11-20,14.390038,12740,11311,1284,145
european-seas,1993-11-21,14.317313,12740,11318,1284,138
european-seas,1993-11-22,14.203472,12740,11312,1284,144
european-seas,1993-11-23,14.14594,12740,11312,1284,144
european-seas,1993-11-24,14.057899,12740,11305,1284,151
european-seas,1993-11-25,14.011056,12740,11299,1284,157
european-seas,1993-11-26,13.959115,12740,11294,1284,162
european-seas,1993-11-27,13.9054985,12740,11308,1284,148
european-seas,1993-11-28,13.831527,12740,11314,1284,142
european-seas,1993-11-29,13.714018,12740,11321,1284,135
european-seas,1993-11-30,13.692748,12740,11311,1284,145
european-seas,1993-12-01,13.771087,12740,11133,1284,323
european-seas,1993-12-02,13.807828,12740,11052,1284,404
european-seas,1993-12-03,13.817351,12740,11001,1284,455
european-seas,1993-12-04,13.814194,12740,10951,1284,505
european-seas,1993-12-05,13.771815,12740,10947,1284,509
european-seas,1993-12-06,13.725111,12740,10930,1284,526
european-seas,1993-12-07,13.640123,12740,10945,1284,511
european-seas,1993-12-08,13.620711,12740,10952,1284,504
european-seas,1993-12-09,13.606054,12740,10979,1284,477
european-seas,1993-12-10,13.521703,12740,11011,1284,445
european-seas,1993-12-11,13.475191,12740,11024,1284,432
european-seas,1993-12-12,13.39286,12740,11021,1284,435
european-seas,1993-12-13,13.254069,12740,11032,1284,424
european-seas,1993-12-14,13.16086,12740,11024,1284,432
european-seas,1993-12-15,13.102377,12740,11016,1284,440
european-seas,1993-12-16,13.061417,12740,10986,1284,470
european-seas,1993-12-17,13.026384,12740,10962,1284,494
european-seas,1993-12-18,13.015016,12740,10945,1284,511
european-seas,1993-12-19,12.965612,12740,10960,1284,496
european-seas,1993-12-20,12.931502,12740,10973,1284,483
european-seas,1993-12-21,12.936198,12740,10967,1284,489
european-seas,1993-12-22,12.87889,12740,10962,1284,494
european-seas,1993-12-23,12.7959385,12740,10963,1284,493
european-seas,1993-12-24,12.720785,12740,10978,1284,478
european-seas,1993-12-25,12.698816,12740,10961,1284,495
european-seas,1993-12-26,12.595006,12740,10960,1284,496
european-seas,1993-12-27,12.545302,12740,10952,1284,504
european-seas,1993-12-28,12.529667,12740,10948,1284,508
european-seas,1993-12-29,12.4888115,12740,10960,1284,496
european-seas,1993-12-30,12.398148,12740,10980,1284,476
european-seas,1993-12-31,12.343242,12740,10989,1284,467
european-seas,1994-01-01,12.323259,12740,10952,1284,504
european-seas,1994-01-02,12.331753,12740,10908,1284,548
european-seas,1994-01-03,12.32781,12740,10878,1284,578
european-seas,1994-01-04,12.350752,12740,10837,1284,619
european-seas,1994-01-05,12.332538,12740,10839,1284,617
european-seas,1994-01-06,12.274043,12740,10832,1284,624
european-seas,1994-01-07,12.248059,12740,10828,1284,628
european-seas,1994-01-08,12.215043,12740,10823,1284,633
european-seas,1994-01-09,12.091912,12740,10816,1284,640
european-seas,1994-01-10,12.048786,12740,10759,1284,697
european-seas,1994-01-11,12.068935,12740,10737,1284,719
european-seas,1994-01-12,12.112545,12740,10731,1284,725
european-seas,1994-01-13,12.142097,12740,10756,1284,700
european-seas,1994-01-14,12.152481,12740,10769,1284,687
european-seas,1994-01-15,12.133239,12740,10749,1284,707
european-seas,1994-01-16,12.111394,12740,10749,1284,707
european-seas,1994-01-17,12.041053,12740,10793,1284,663
european-seas,1994-01-18,11.987871,12740,10793,1284,663
european-seas,1994-01-19,11.877207,12740,10779,1284,677
european-seas,1994-01-20,11.800393,12740,10721,1284,735
european-seas,1994-01-21,11.79167,12740,10678,1284,778
european-seas,1994-01-22,11.804452,12740,10668,1284,788
european-seas,1994-01-23,11.827451,12740,10657,1284,799
european-seas,1994-01-24,11.91166,12740,10624,1284,832
european-seas,1994-01-25,11.9534,12740,10599,1284,857
european-seas,1994-01-26,11.962804,12740,10615,1284,841
european-seas,1994-01-27,11.931233,12740,10620,1284,836
european-seas,1994-01-28,11.88018,12740,10647,1284,809
european-seas,1994-01-29,11.844708,12740,10652,1284,804
european-seas,1994-01-30,11.787078,12740,10678,1284,778
european-seas,1994-01-31,11.734171,12740,10715,1284,741
european-seas,1994-02-01,11.729664,12740,10717,1284,739
european-seas,1994-02-02,11.696597,12740,10705,1284,751
european-seas,1994-02-03,11.674879,12740,10700,1284,756
european-seas,1994-02-04,11.69298,12740,10679,1284,777
european-seas,1994-02-05,11.724618,12740,10650,1284,806
european-seas,1994-02-06,11.624716,12740,10651,1284,805
european-seas,1994-02-07,11.596559,12740,10649,1284,807
european-seas,1994-02-08,11.545129,12740,10662,1284,794
european-seas,1994-02-09,11.499918,12740,10678,1284,778
european-seas,1994-02-10,11.477382,12740,10692,1284,764
european-seas,1994-02-11,11.517713,12740,10692,1284,764
european-seas,1994-02-12,11.530863,12740,10682,1284,774
european-seas,1994-02-13,11.451193,12740,10693,1284,763
european-seas,1994-02-14,11.445782,12740,10667,1284,789
european-seas,1994-02-15,11.432919,12740,10653,1284,803
european-seas,1994-02-16,11.440369,12740,10647,1284,809
european-seas,1994-02-17,11.425666,12740,10614,1284,842
european-seas,1994-02-18,11.382595,12740,10609,1284,847
european-seas,1994-02-19,11.335024,12740,10618,1284,838
european-seas,1994-02-20,11.309992,12740,10602,1284,854
european-seas,1994-02-21,11.281954,12740,10624,1284,832
european-seas,1994-02-22,11.28972,12740,10614,1284,842
european-seas,1994-02-23,11.335264,12740,10604,1284,852
european-seas,1994-02-24,11.4194565,12740,10599,1284,857
european-seas,1994-02-25,11.508139,12740,10572,1284,884
european-seas,1994-02-26,11.527945,12740,10546,1284,910
european-seas,1994-02-27,11.558195,12740,10538,1284,918
european-seas,1994-02-28,11.56002,12740,10525,1284,931
european-seas,1994-03-01,11.5695,12740,10517,1284,939
european-seas,1994-03-02,11.507124,12740,10508,1284,948
european-seas,1994-03-03,11.442087,12740,10482,1284,974
european-seas,1994-03-04,11.437685,12740,10461,1284,995
european-seas,1994-03-05,11.436463,12740,10471,1284,985
european-seas,1994-03-06,11.48228,12740,10477,1284,979
european-seas,1994-03-07,11.531873,12740,10494,1284,962
european-seas,1994-03-08,11.577359,12740,10506,1284,950
european-seas,1994-03-09,11.653692,12740,10516,1284,940
european-seas,1994-03-10,11.632855,12740,10522,1284,934
european-seas,1994-03-11,11.605891,12740,10536,1284,920
european-seas,1994-03-12,11.58859,12740,10570,1284,886
european-seas,1994-03-13,11.629467,12740,10564,1284,892
european-seas,1994-03-14,11.702703,12740,10550,1284,906
european-seas,1994-03-15,11.724999,12740,10589,1284,867
european-seas,1994-03-16,11.721493,12740,10612,1284,844
european-seas,1994-03-17,11.619634,12740,10648,1284,808
european-seas,1994-03-18,11.607221,12740,10682,1284,774
european-seas,1994-03-19,11.62956,12740,10681,1284,775
european-seas,1994-03-20,11.725289,12740,10676,1284,780
european-seas,1994-03-21,11.8488245,12740,10655,1284,801
european-seas,1994-03-22,11.884478,12740,10625,1284,831
european-seas,1994-03-23,11.966348,12740,10626,1284,830
european-seas,1994-03-24,11.989413,12740,10642,1284,814
european-seas,1994-03-25,12.082561,12740,10609,1284,847
european-seas,1994-03-26,12.107133,12740,10606,1284,850
european-seas,1994-03-27,12.075767,12740,10588,1284,868
european-seas,1994-03-28,12.117833,12740,10575,1284,881
european-seas,1994-03-29,12.147747,12740,10554,1284,902
european-seas,1994-03-30,12.163751,12740,10562,1284,894
european-seas,1994-03-31,12.16572,12740,10587,1284,869
european-seas,1994-04-01,12.172666,12740,10601,1284,855
european-seas,1994-04-02,12.138702,12740,10615,1284,841
european-seas,1994-04-03,12.0917225,12740,10656,1284,800
european-seas,1994-04-04,12.002739,12740,10673,1284,783
european-seas,1994-04-05,11.935916,12740,10700,1284,756
european-seas,1994-04-06,11.938973,12740,10701,1284,755
european-seas,1994-04-07,11.978207,12740,10708,1284,748
european-seas,1994-04-08,11.97379,12740,10728,1284,728
european-seas,1994-04-09,12.011436,12740,10751,1284,705
european-seas,1994-04-10,12.078775,12740,10728,1284,728
european-seas,1994-04-11,12.159489,12740,10722,1284,734
european-seas,1994-04-12,12.268083,12740,10710,1284,746
european-seas,1994-04-13,12.343238,12740,10727,1284,729
european-seas,1994-04-14,12.317263,12740,10734,1284,722
european-seas,1994-04-15,12.28712,12740,10741,1284,715
european-seas,1994-04-16,12.227901,12740,10765,1284,691
european-seas,1994-04-17,12.285788,12740,10766,1284,690
european-seas,1994-04-18,12.352845,12740,10773,1284,683
european-seas,1994-04-19,12.310234,12740,10760,1284,696
european-seas,1994-04-20,12.359451,12740,10738,1284,718
european-seas,1994-04-21,12.422589,12740,10722,1284,734
european-seas,1994-04-22,12.637492,12740,10712,1284,744
european-seas,1994-04-23,12.837735,12740,10699,1284,757
european-seas,1994-04-24,13.002753,12740,10678,1284,778
european-seas,1994-04-25,13.086965,12740,10695,1284,761
european-seas,1994-04-26,13.170315,12740,10715,1284,741
european-seas,1994-04-27,13.275655,12740,10717,1284,739
european-seas,1994-04-28,13.407552,12740,10779,1284,677
european-seas,1994-04-29,13.496222,12740,10824,1284,632
european-seas,1994-04-30,13.495733,12740,10934,1284,522
european-seas,1994-05-01,13.48992,12740,11111,1284,345
european-seas,1994-05-02,13.500967,12740,11131,1284,325
european-seas,1994-05-03,13.459843,12740,11137,1284,319
european-seas,1994-05-04,13.50877,12740,11146,1284,310
european-seas,1994-05-05,13.56142,12740,11165,1284,291
european-seas,1994-05-06,13.623144,12740,11177,1284,279
european-seas,1994-05-07,13.68228,12740,11167,1284,289
european-seas,1994-05-08,13.761298,12740,11156,1284,300
european-seas,1994-05-09,13.810078,12740,11142,1284,314
european-seas,1994-05-10,13.841886,12740,11128,1284,328
european-seas,1994-05-11,13.935566,12740,11118,1284,338
european-seas,1994-05-12,14.027903,12740,11101,1284,355
european-seas,1994-05-13,14.124723,12740,11089,1284,367
european-seas,1994-05-14,14.27491,12740,11099,1284,357
european-seas,1994-05-15,14.383202,12740,11105,1284,351
european-seas,1994-05-16,14.444192,12740,11120,1284,336
european-seas,1994-05-17,14.570121,12740,11122,1284,334
european-seas,1994-05-18,14.621711,12740,11115,1284,341
european-seas,1994-05-19,14.677503,12740,11113,1284,343
european-seas,1994-05-20,14.843677,12740,11115,1284,341
european-seas,1994-05-21,15.066653,12740,11121,1284,335
european-seas,1994-05-22,15.32176,12740,11114,1284,342
european-seas,1994-05-23,15.528967,12740,11118,1284,338
european-seas,1994-05-24,15.715613,12740,11122,1284,334
european-seas,1994-05-25,15.8257885,12740,11136,1284,320
european-seas,1994-05-26,16.052923,12740,11129,1284,327
european-seas,1994-05-27,16.166824,12740,11125,1284,331
european-seas,1994-05-28,16.228796,12740,11109,1284,347
european-seas,1994-05-29,16.302023,12740,11156,1284,300
european-seas,1994-05-30,16.358736,12740,11206,1284,250
european-seas,1994-05-31,16.364662,12740,11289,1284,167
european-seas,1994-06-01,16.239462,12740,11456,1284,0
european-seas,1994-06-02,16.216408,12740,11456,1284,0
european-seas,1994-06-03,16.185787,12740,11456,1284,0
european-seas,1994-06-04,16.209534,12740,11456,1284,0
european-seas,1994-06-05,16.333162,12740,11456,1284,0
european-seas,1994-06-06,16.373442,12740,11456,1284,0
european-seas,1994-06-07,16.397987,12740,11456,1284,0
european-seas,1994-06-08,16.436537,12740,11456,1284,0
european-seas,1994-06-09,16.436613,12740,11456,1284,0
european-seas,1994-06-10,16.449266,12740,11456,1284,0
european-seas,1994-06-11,16.553501,12740,11456,1284,0
european-seas,1994-06-12,16.74774,12740,11456,1284,0
european-seas,1994-06-13,16.826117,12740,11456,1284,0
european-seas,1994-06-14,16.896635,12740,11456,1284,0
european-seas,1994-06-15,16.967312,12740,11456,1284,0
european-seas,1994-06-16,17.09843,12740,11456,1284,0
european-seas,1994-06-17,17.211252,12740,11456,1284,0
european-seas,1994-06-18,17.375961,12740,11456,1284,0
european-seas,1994-06-19,17.595747,12740,11456,1284,0
european-seas,1994-06-20,17.717999,12740,11456,1284,0
european-seas,1994-06-21,17.714138,12740,11456,1284,0
european-seas,1994-06-22,17.713594,12740,11456,1284,0
european-seas,1994-06-23,17.80151,12740,11456,1284,0
european-seas,1994-06-24,17.90106,12740,11456,1284,0
european-seas,1994-06-25,18.002048,12740,11456,1284,0
european-seas,1994-06-26,18.1926,12740,11456,1284,0
european-seas,1994-06-27,18.340376,12740,11456,1284,0
european-seas,1994-06-28,18.528215,12740,11456,1284,0
european-seas,1994-06-29,18.692654,12740,11456,1284,0
european-seas,1994-06-30,18.818365,12740,11456,1284,0
european-seas,1994-07-01,19.00869,12740,11456,1284,0
european-seas,1994-07-02,19.153973,12740,11456,1284,0
european-seas,1994-07-03,19.376455,12740,11456,1284,0
european-seas,1994-07-04,19.590307,12740,11456,1284,0
european-seas,1994-07-05,19.716717,12740,11456,1284,0
european-seas,1994-07-06,19.741676,12740,11456,1284,0
european-seas,1994-07-07,19.724386,12740,11456,1284,0
european-seas,1994-07-08,19.8355,12740,11456,1284,0
european-seas,1994-07-09,19.977262,12740,11456,1284,0
european-seas,1994-07-10,20.116114,12740,11456,1284,0
european-seas,1994-07-11,20.250065,12740,11456,1284,0
european-seas,1994-07-12,20.337385,12740,11456,1284,0
european-seas,1994-07-13,20.324482,12740,11456,1284,0
european-seas,1994-07-14,20.263302,12740,11456,1284,0
european-seas,1994-07-15,20.254017,12740,11456,1284,0
european-seas,1994-07-16,20.353083,12740,11456,1284,0
european-seas,1994-07-17,20.473593,12740,11456,1284,0
european-seas,1994-07-18,20.586027,12740,11456,1284,0
european-seas,1994-07-19,20.732983,12740,11456,1284,0
european-seas,1994-07-20,20.800516,12740,11456,1284,0
european-seas,1994-07-21,20.846064,12740,11456,1284,0
european-seas,1994-07-22,20.86652,12740,11456,1284,0
european-seas,1994-07-23,20.947803,12740,11456,1284,0
european-seas,1994-07-24,21.125694,12740,11456,1284,0
european-seas,1994-07-25,21.218561,12740,11456,1284,0
european-seas,1994-07-26,21.217505,12740,11456,1284,0
european-seas,1994-07-27,21.273113,12740,11456,1284,0
european-seas,1994-07-28,21.30704,12740,11456,1284,0
european-seas,1994-07-29,21.357744,12740,11456,1284,0
european-seas,1994-07-30,21.382229,12740,11456,1284,0
european-seas,1994-07-31,21.403334,12740,11456,1284,0
european-seas,1994-08-01,21.43661,12740,11456,1284,0
european-seas,1994-08-02,21.523006,12740,11456,1284,0
european-seas,1994-08-03,21.651749,12740,11456,1284,0
european-seas,1994-08-04,21.750166,12740,11456,1284,0
european-seas,1994-08-05,21.772615,12740,11456,1284,0
european-seas,1994-08-06,21.797398,12740,11456,1284,0
european-seas,1994-08-07,21.823395,12740,11456,1284,0
european-seas,1994-08-08,21.889017,12740,11456,1284,0
european-seas,1994-08-09,21.882296,12740,11456,1284,0
european-seas,1994-08-10,21.826073,12740,11456,1284,0
european-seas,1994-08-11,21.864962,12740,11456,1284,0
european-seas,1994-08-12,21.833895,12740,11456,1284,0
european-seas,1994-08-13,21.783298,12740,11456,1284,0
european-seas,1994-08-14,21.730536,12740,11456,1284,0
european-seas,1994-08-15,21.658033,12740,11456,1284,0
european-seas,1994-08-16,21.610458,12740,11456,1284,0
european-seas,1994-08-17,21.533522,12740,11456,1284,0
european-seas,1994-08-18,21.462074,12740,11456,1284,0
european-seas,1994-08-19,21.39699,12740,11456,1284,0
european-seas,1994-08-20,21.439857,12740,11456,1284,0
european-seas,1994-08-21,21.52596,12740,11456,1284,0
european-seas,1994-08-22,21.586983,12740,11456,1284,0
european-seas,1994-08-23,21.568132,12740,11456,1284,0
european-seas,1994-08-24,21.475477,12740,11456,1284,0
european-seas,1994-08-25,21.410004,12740,11456,1284,0
european-seas,1994-08-26,21.383968,12740,11456,1284,0
european-seas,1994-08-27,21.340136,12740,11456,1284,0
european-seas,1994-08-28,21.203247,12740,11456,1284,0
european-seas,1994-08-29,21.141842,12740,11456,1284,0
european-seas,1994-08-30,21.192865,12740,11456,1284,0
european-seas,1994-08-31,21.274769,12740,11456,1284,0
european-seas,1994-09-01,21.33358,12740,11456,1284,0
european-seas,1994-09-02,21.333529,12740,11456,1284,0
european-seas,1994-09-03,21.198917,12740,11456,1284,0
european-seas,1994-09-04,21.071953,12740,11456,1284,0
european-seas,1994-09-05,21.03164,12740,11456,1284,0
european-seas,1994-09-06,20.98923,12740,11456,1284,0
european-seas,1994-09-07,20.901829,12740,11456,1284,0
european-seas,1994-09-08,20.80899,12740,11456,1284,0
european-seas,1994-09-09,20.71584,12740,11456,1284,0
european-seas,1994-09-10,20.6959,12740,11456,1284,0
european-seas,1994-09-11,20.646858,12740,11456,1284,0
european-seas,1994-09-12,20.600721,12740,11456,1284,0
european-seas,1994-09-13,20.568275,12740,11456,1284,0
european-seas,1994-09-14,20.318253,12740,11456,1284,0
european-seas,1994-09-15,20.122616,12740,11456,1284,0
european-seas,1994-09-16,20.039955,12740,11456,1284,0
european-seas,1994-09-17,19.933706,12740,11456,1284,0
european-seas,1994-09-18,19.779284,12740,11456,1284,0
european-seas,1994-09-19,19.638325,12740,11456,1284,0
european-seas,1994-09-20,19.61396,12740,11456,1284,0
european-seas,1994-09-21,19.57823,12740,11456,1284,0
european-seas,1994-09-22,19.538017,12740,11456,1284,0
european-seas,1994-09-23,19.44591,12740,11456,1284,0
european-seas,1994-09-24,19.4038,12740,11456,1284,0
european-seas,1994-09-25,19.316887,12740,11456,1284,0
european-seas,1994-09-26,19.277628,12740,11456,1284,0
european-seas,1994-09-27,19.272808,12740,11456,1284,0
european-seas,1994-09-28,19.245169,12740,11456,1284,0
european-seas,1994-09-29,19.209656,12740,11456,1284,0
european-seas,1994-09-30,19.193377,12740,11456,1284,0
european-seas,1994-10-01,19.216606,12740,11456,1284,0
european-seas,1994-10-02,19.210938,12740,11456,1284,0
european-seas,1994-10-03,19.170479,12740,11456,1284,0
european-seas,1994-10-04,19.07547,12740,11456,1284,0
european-seas,1994-10-05,18.957436,12740,11456,1284,0
european-seas,1994-10-06,18.881,12740,11456,1284,0
european-seas,1994-10-07,18.716543,12740,11456,1284,0
european-seas,1994-10-08,18.551567,12740,11456,1284,0
european-seas,1994-10-09,18.414484,12740,11456,1284,0
european-seas,1994-10-10,18.335655,12740,11456,1284,0
european-seas,1994-10-11,18.334736,12740,11456,1284,0
european-seas,1994-10-12,18.284649,12740,11456,1284,0
european-seas,1994-10-13,18.260565,12740,11456,1284,0
european-seas,1994-10-14,18.221172,12740,11456,1284,0
european-seas,1994-10-15,18.124735,12740,11456,1284,0
european-seas,1994-10-16,17.987747,12740,11456,1284,0
european-seas,1994-10-17,17.84958,12740,11456,1284,0
european-seas,1994-10-18,17.79196,12740,11456,1284,0
european-seas,1994-10-19,17.731117,12740,11456,1284,0
european-seas,1994-10-20,17.651423,12740,11456,1284,0
european-seas,1994-10-21,17.546846,12740,11456,1284,0
european-seas,1994-10-22,17.3497,12740,11456,1284,0
european-seas,1994-10-23,17.26924,12740,11456,1284,0
european-seas,1994-10-24,17.2115,12740,11456,1284,0
european-seas,1994-10-25,17.171234,12740,11456,1284,0
european-seas,1994-10-26,17.142689,12740,11456,1284,0
european-seas,1994-10-27,17.086857,12740,11456,1284,0
european-seas,1994-10-28,17.038307,12740,11456,1284,0
european-seas,1994-10-29,16.994925,12740,11456,1284,0
european-seas,1994-10-30,16.903196,12740,11456,1284,0
european-seas,1994-10-31,16.848232,12740,11456,1284,0
european-seas,1994-11-01,16.823816,12740,11408,1284,48
european-seas,1994-11-02,16.787067,12740,11364,1284,92
european-seas,1994-11-03,16.74134,12740,11298,1284,158
european-seas,1994-11-04,16.703487,12740,11278,1284,178
european-seas,1994-11-05,16.64282,12740,11288,1284,168
european-seas,1994-11-06,16.505873,12740,11295,1284,161
european-seas,1994-11-07,16.333239,12740,11293,1284,163
european-seas,1994-11-08,16.201765,12740,11305,1284,151
european-seas,1994-11-09,16.121847,12740,11334,1284,122
european-seas,1994-11-10,16.089895,12740,11349,1284,107
european-seas,1994-11-11,16.074505,12740,11336,1284,120
european-seas,1994-11-12,16.04593,12740,11331,1284,125
european-seas,1994-11-13,15.964954,12740,11327,1284,129
european-seas,1994-11-14,15.872182,12740,11326,1284,130
european-seas,1994-11-15,15.820933,12740,11326,1284,130
european-seas,1994-11-16,15.721137,12740,11325,1284,131
european-seas,1994-11-17,15.666794,12740,11304,1284,152
european-seas,1994-11-18,15.589324,12740,11298,1284,158
european-seas,1994-11-19,15.496545,12740,11294,1284,162
european-seas,1994-11-20,15.422747,12740,11276,1284,180
european-seas,1994-11-21,15.337832,12740,11263,1284,193
european-seas,1994-11-22,15.233468,12740,11260,1284,196
european-seas,1994-11-23,15.172796,12740,11259,1284,197
european-seas,1994-11-24,15.137819,12740,11270,1284,186
european-seas,1994-11-25,15.076473,12740,11280,1284,176
european-seas,1994-11-26,15.006734,12740,11283,1284,173
european-seas,1994-11-27,14.896969,12740,11288,1284,168
european-seas,1994-11-28,14.789999,12740,11290,1284,166
european-seas,1994-11-29,14.6991625,12740,11274,1284,182
european-seas,1994-11-30,14.642037,12740,11278,1284,178
european-seas,1994-12-01,14.650461,12740,11186,1284,270
european-seas,1994-12-02,14.633909,12740,11128,1284,328
european-seas,1994-12-03,14.602962,12740,11083,1284,373
european-seas,1994-12-04,14.529882,12740,11058,1284,398
european-seas,1994-12-05,14.4327135,12740,11039,1284,417
european-seas,1994-12-06,14.382116,12740,11028,1284,428
european-seas,1994-12-07,14.326506,12740,11008,1284,448
european-seas,1994-12-08,14.229653,12740,10999,1284,457
european-seas,1994-12-09,14.172039,12740,11004,1284,452
european-seas,1994-12-10,14.101963,12740,11003,1284,453
european-seas,1994-12-11,14.068554,12740,11004,1284,452
european-seas,1994-12-12,14.092698,12740,11030,1284,426
european-seas,1994-12-13,14.079303,12740,11048,1284,408
european-seas,1994-12-14,14.002319,12740,11045,1284,411
european-seas,1994-12-15,13.932289,12740,11039,1284,417
european-seas,1994-12-16,13.808428,12740,11025,1284,431
european-seas,1994-12-17,13.691469,12740,11008,1284,448
european-seas,1994-12-18,13.592304,12740,11010,1284,446
european-seas,1994-12-19,13.506056,12740,11004,1284,452
european-seas,1994-12-20,13.404392,12740,11001,1284,455
european-seas,1994-12-21,13.274758,12740,10989,1284,467
european-seas,1994-12-22,13.181752,12740,11000,1284,456
european-seas,1994-12-23,13.204365,12740,10992,1284,464
european-seas,1994-12-24,13.167055,12740,10992,1284,464
european-seas,1994-12-25,13.133518,12740,10971,1284,485
european-seas,1994-12-26,13.081193,12740,10942,1284,514
european-seas,1994-12-27,13.069846,12740,10940,1284,516
european-seas,1994-12-28,13.051867,12740,10950,1284,506
european-seas,1994-12-29,13.017192,12740,10945,1284,511
european-seas,1994-12-30,12.9620495,12740,10952,1284,504
european-seas,1994-12-31,12.917892,12740,10959,1284,497
european-seas,1995-01-01,12.919699,12740,10919,1284,537
european-seas,1995-01-02,12.902588,12740,10838,1284,618
european-seas,1995-01-03,12.819794,12740,10803,1284,653
european-seas,1995-01-04,12.75568,12740,10792,1284,664
european-seas,1995-01-05,12.700048,12740,10808,1284,648
european-seas,1995-01-06,12.585119,12740,10808,1284,648
european-seas,1995-01-07,12.5253105,12740,10741,1284,715
european-seas,1995-01-08,12.516029,12740,10708,1284,748
european-seas,1995-01-09,12.456479,12740,10692,1284,764
european-seas,1995-01-10,12.423852,12740,10699,1284,757
european-seas,1995-01-11,12.402497,12740,10684,1284,772
european-seas,1995-01-12,12.336173,12740,10716,1284,740
european-seas,1995-01-13,12.34914,12740,10718,1284,738
european-seas,1995-01-14,12.273514,12740,10728,1284,728
european-seas,1995-01-15,12.164149,12740,10746,1284,710
european-seas,1995-01-16,12.07916,12740,10748,1284,708
european-seas,1995-01-17,12.068432,12740,10695,1284,761
european-seas,1995-01-18,12.093225,12740,10687,1284,769
european-seas,1995-01-19,12.128974,12740,10642,1284,814
european-seas,1995-01-20,12.141214,12740,10629,1284,827
european-seas,1995-01-21,12.064478,12740,10619,1284,837
european-seas,1995-01-22,11.988497,12740,10638,1284,818
european-seas,1995-01-23,12.011072,12740,10639,1284,817
european-seas,1995-01-24,12.04588,12740,10683,1284,773
european-seas,1995-01-25,12.020876,12740,10715,1284,741
european-seas,1995-01-26,12.000173,12740,10747,1284,709
european-seas,1995-01-27,12.00103,12740,10804,1284,652
european-seas,1995-01-28,11.987074,12740,10786,1284,670
european-seas,1995-01-29,12.010013,12740,10772,1284,684
european-seas,1995-01-30,11.972319,12740,10772,1284,684
european-seas,1995-01-31,11.980411,12740,10747,1284,709
european-seas,1995-02-01,12.0612545,12740,10705,1284,751
european-seas,1995-02-02,12.082047,12740,10674,1284,782
european-seas,1995-02-03,12.106422,12740,10637,1284,819
european-seas,1995-02-04,12.083344,12740,10613,1284,843
european-seas,1995-02-05,12.042096,12740,10668,1284,788
european-seas,1995-02-06,12.073205,12740,10682,1284,774
european-seas,1995-02-07,12.065366,12740,10734,1284,722
european-seas,1995-02-08,12.025665,12740,10763,1284,693
european-seas,1995-02-09,12.040406,12740,10714,1284,742
european-seas,1995-02-10,12.021384,12740,10717,1284,739
european-seas,1995-02-11,12.03996,12740,10715,1284,741
european-seas,1995-02-12,12.110586,12740,10671,1284,785
european-seas,1995-02-13,12.135056,12740,10630,1284,826
european-seas,1995-02-14,12.150433,12740,10602,1284,854
european-seas,1995-02-15,12.096707,12740,10600,1284,856
european-seas,1995-02-16,12.098746,12740,10626,1284,830
european-seas,1995-02-17,12.059518,12740,10627,1284,829
european-seas,1995-02-18,12.023,12740,10667,1284,789
european-seas,1995-02-19,12.01804,12740,10673,1284,783
european-seas,1995-02-20,12.043131,12740,10680,1284,776
european-seas,1995-02-21,12.067658,12740,10704,1284,752
european-seas,1995-02-22,12.071049,12740,10749,1284,707
european-seas,1995-02-23,12.027623,12740,10798,1284,658
european-seas,1995-02-24,12.025015,12740,10787,1284,669
european-seas,1995-02-25,12.049053,12740,10766,1284,690
european-seas,1995-02-26,12.065164,12740,10764,1284,692
european-seas,1995-02-27,12.0561,12740,10799,1284,657
european-seas,1995-02-28,12.074132,12740,10793,1284,663
european-seas,1995-03-01,12.036909,12740,10787,1284,669
european-seas,1995-03-02,12.000852,12740,10770,1284,686
european-seas,1995-03-03,11.982462,12740,10783,1284,673
european-seas,1995-03-04,11.941017,12740,10821,1284,635
european-seas,1995-03-05,11.920418,12740,10838,1284,618
european-seas,1995-03-06,11.902179,12740,10839,1284,617
european-seas,1995-03-07,11.899701,12740,10841,1284,615
european-seas,1995-03-08,11.926906,12740,10840,1284,616
european-seas,1995-03-09,11.917124,12740,10841,1284,615
european-seas,1995-03-10,11.941995,12740,10832,1284,624
european-seas,1995-03-11,11.8919115,12740,10820,1284,636
european-seas,1995-03-12,11.836478,12740,10828,1284,628
european-seas,1995-03-13,11.783877,12740,10805,1284,651
european-seas,1995-03-14,11.775518,12740,10765,1284,691
european-seas,1995-03-15,11.819183,12740,10738,1284,718
european-seas,1995-03-16,11.851181,12740,10720,1284,736
european-seas,1995-03-17,11.887256,12740,10720,1284,736
european-seas,1995-03-18,11.931121,12740,10725,1284,731
european-seas,1995-03-19,12.003723,12740,10682,1284,774
european-seas,1995-03-20,12.007705,12740,10689,1284,767
european-seas,1995-03-21,11.980692,12740,10703,1284,753
european-seas,1995-03-22,11.978827,12740,10694,1284,762
european-seas,1995-03-23,11.982279,12740,10676,1284,780
european-seas,1995-03-24,12.021457,12740,10680,1284,776
european-seas,1995-03-25,12.059829,12740,10668,1284,788
european-seas,1995-03-26,12.116261,12740,10679,1284,777
european-seas,1995-03-27,12.099905,12740,10713,1284,743
european-seas,1995-03-28,12.041755,12740,10732,1284,724
european-seas,1995-03-29,12.004784,12740,10764,1284,692
european-seas,1995-03-30,12.004881,12740,10766,1284,690
european-seas,1995-03-31,11.971678,12740,10797,1284,659
european-seas,1995-04-01,11.980708,12740,10838,1284,618
european-seas,1995-04-02,12.021126,12740,10837,1284,619
european-seas,1995-04-03,12.091151,12740,10803,1284,653
european-seas,1995-04-04,12.17502,12740,10775,1284,681
european-seas,1995-04-05,12.216566,12740,10774,1284,682
european-seas,1995-04-06,12.267261,12740,10796,1284,660
european-seas,1995-04-07,12.289827,12740,10795,1284,661
european-seas,1995-04-08,12.315146,12740,10824,1284,632
european-seas,1995-04-09,12.324863,12740,10814,1284,642
european-seas,1995-04-10,12.31464,12740,10828,1284,628
european-seas,1995-04-11,12.409576,12740,10842,1284,614
european-seas,1995-04-12,12.500213,12740,10837,1284,619
european-seas,1995-04-13,12.493635,12740,10817,1284,639
european-seas,1995-04-14,12.431031,12740,10799,1284,657
european-seas,1995-04-15,12.356856,12740,10807,1284,649
european-seas,1995-04-16,12.342637,12740,10798,1284,658
european-seas,1995-04-17,12.385939,12740,10805,1284,651
european-seas,1995-04-18,12.510385,12740,10794,1284,662
european-seas,1995-04-19,12.616964,12740,10814,1284,642
european-seas,1995-04-20,12.718596,12740,10796,1284,660
european-seas,1995-04-21,12.741038,12740,10779,1284,677
european-seas,1995-04-22,12.822713,12740,10744,1284,712
european-seas,1995-04-23,12.861157,12740,10725,1284,731
european-seas,1995-04-24,12.914531,12740,10717,1284,739
european-seas,1995-04-25,12.972252,12740,10714,1284,742
european-seas,1995-04-26,13.009685,12740,10708,1284,748
european-seas,1995-04-27,13.03041,12740,10730,1284,726
european-seas,1995-04-28,13.12682,12740,10813,1284,643
european-seas,1995-04-29,13.245137,12740,10895,1284,561
european-seas,1995-04-30,13.301212,12740,10980,1284,476
european-seas,1995-05-01,13.363618,12740,11087,1284,369
european-seas,1995-05-02,13.460714,12740,11095,1284,361
european-seas,1995-05-03,13.496476,12740,11096,1284,360
european-seas,1995-05-04,13.60332,12740,11086,1284,370
european-seas,1995-05-05,13.793451,12740,11069,1284,387
european-seas,1995-05-06,13.952913,12740,11069,1284,387
european-seas,1995-05-07,14.168508,12740,11076,1284,380
european-seas,1995-05-08,14.218186,12740,11110,1284,346
european-seas,1995-05-09,14.3235655,12740,11126,1284,330
european-seas,1995-05-10,14.278771,12740,11148,1284,308
european-seas,1995-05-11,14.174338,12740,11154,1284,302
european-seas,1995-05-12,14.047434,12740,11150,1284,306
european-seas,1995-05-13,14.046324,12740,11123,1284,333
european-seas,1995-05-14,14.129639,12740,11070,1284,386
european-seas,1995-05-15,14.159234,12740,11039,1284,417
european-seas,1995-05-16,14.214809,12740,11027,1284,429
european-seas,1995-05-17,14.259249,12740,11021,1284,435
european-seas,1995-05-18,14.391299,12740,11029,1284,427
european-seas,1995-05-19,14.566914,12740,11041,1284,415
european-seas,1995-05-20,14.657112,12740,11029,1284,427
european-seas,1995-05-21,14.732336,12740,11025,1284,431
european-seas,1995-05-22,14.844048,12740,11026,1284,430
european-seas,1995-05-23,14.955971,12740,11045,1284,411
european-seas,1995-05-24,15.004053,12740,11058,1284,398
european-seas,1995-05-25,15.109843,12740,11097,1284,359
european-seas,1995-05-26,15.243689,12740,11147,1284,309
european-seas,1995-05-27,15.470491,12740,11142,1284,314
european-seas,1995-05-28,15.720076,12740,11159,1284,297
european-seas,1995-05-29,15.9135895,12740,11201,1284,255
european-seas,1995-05-30,15.982209,12740,11247,1284,209
european-seas,1995-05-31,15.952592,12740,11315,1284,141
european-seas,1995-06-01,15.905491,12740,11456,1284,0
european-seas,1995-06-02,16.03807,12740,11456,1284,0
european-seas,1995-06-03,16.180986,12740,11456,1284,0
european-seas,1995-06-04,16.36017,12740,11456,1284,0
european-seas,1995-06-05,16.506958,12740,11456,1284,0
european-seas,1995-06-06,16.624514,12740,11456,1284,0
european-seas,1995-06-07,16.76675,12740,11456,1284,0
european-seas,1995-06-08,16.771957,12740,11456,1284,0
european-seas,1995-06-09,16.758877,12740,11456,1284,0
european-seas,1995-06-10,16.793499,12740,11456,1284,0
european-seas,1995-06-11,16.941555,12740,11456,1284,0
european-seas,1995-06-12,17.100319,12740,11456,1284,0
european-seas,1995-06-13,17.243925,12740,11456,1284,0
european-seas,1995-06-14,17.41995,12740,11456,1284,0
european-seas,1995-06-15,17.542273,12740,11456,1284,0
european-seas,1995-06-16,17.654337,12740,11456,1284,0
european-seas,1995-06-17,17.773335,12740,11456,1284,0
european-seas,1995-06-18,17.904348,12740,11456,1284,0
european-seas,1995-06-19,18.018507,12740,11456,1284,0
european-seas,1995-06-20,18.109539,12740,11456,1284,0
european-seas,1995-06-21,18.201445,12740,11456,1284,0
european-seas,1995-06-22,18.3445,12740,11456,1284,0
european-seas,1995-06-23,18.39837,12740,11456,1284,0
european-seas,1995-06-24,18.444794,12740,11456,1284,0
european-seas,1995-06-25,18.54696,12740,11456,1284,0
european-seas,1995-06-26,18.64423,12740,11456,1284,0
european-seas,1995-06-27,18.81633,12740,11456,1284,0
european-seas,1995-06-28,18.981056,12740,11456,1284,0
european-seas,1995-06-29,19.107458,12740,11456,1284,0
european-seas,1995-06-30,19.185934,12740,11456,1284,0
european-seas,1995-07-01,19.27195,12740,11456,1284,0
european-seas,1995-07-02,19.321136,12740,11456,1284,0
european-seas,1995-07-03,19.297068,12740,11456,1284,0
european-seas,1995-07-04,19.303148,12740,11456,1284,0
european-seas,1995-07-05,19.40719,12740,11456,1284,0
european-seas,1995-07-06,19.525867,12740,11456,1284,0
european-seas,1995-07-07,19.643024,12740,11456,1284,0
european-seas,1995-07-08,19.743797,12740,11456,1284,0
european-seas,1995-07-09,19.758528,12740,11456,1284,0
european-seas,1995-07-10,19.706825,12740,11456,1284,0
european-seas,1995-07-11,19.830263,12740,11456,1284,0
european-seas,1995-07-12,20.077114,12740,11456,1284,0
european-seas,1995-07-13,20.25932,12740,11456,1284,0
european-seas,1995-07-14,20.348785,12740,11456,1284,0
european-seas,1995-07-15,20.463282,12740,11456,1284,0
european-seas,1995-07-16,20.594662,12740,11456,1284,0
european-seas,1995-07-17,20.670843,12740,11456,1284,0
european-seas,1995-07-18,20.737522,12740,11456,1284,0
european-seas,1995-07-19,20.824104,12740,11456,1284,0
european-seas,1995-07-20,20.891884,12740,11456,1284,0
european-seas,1995-07-21,20.896019,12740,11456,1284,0
european-seas,1995-07-22,20.8858,12740,11456,1284,0
european-seas,1995-07-23,20.90044,12740,11456,1284,0
european-seas,1995-07-24,20.931852,12740,11456,1284,0
european-seas,1995-07-25,21.007824,12740,11456,1284,0
european-seas,1995-07-26,21.15199,12740,11456,1284,0
european-seas,1995-07-27,21.327063,12740,11456,1284,0
european-seas,1995-07-28,21.438211,12740,11456,1284,0
european-seas,1995-07-29,21.644064,12740,11456,1284,0
european-seas,1995-07-30,21.750237,12740,11456,1284,0
european-seas,1995-07-31,21.794394,12740,11456,1284,0
european-seas,1995-08-01,21.902187,12740,11456,1284,0
european-seas,1995-08-02,21.958845,12740,11456,1284,0
european-seas,1995-08-03,21.87891,12740,11456,1284,0
european-seas,1995-08-04,21.868767,12740,11456,1284,0
european-seas,1995-08-05,21.968468,12740,11456,1284,0
european-seas,1995-08-06,22.102646,12740,11456,1284,0
european-seas,1995-08-07,22.105051,12740,11456,1284,0
european-seas,1995-08-08,22.053913,12740,11456,1284,0
european-seas,1995-08-09,22.007679,12740,11456,1284,0
european-seas,1995-08-10,21.937834,12740,11456,1284,0
european-seas,1995-08-11,21.918419,12740,11456,1284,0
european-seas,1995-08-12,21.892776,12740,11456,1284,0
european-seas,1995-08-13,21.851196,12740,11456,1284,0
european-seas,1995-08-14,21.825909,12740,11456,1284,0
european-seas,1995-08-15,21.872498,12740,11456,1284,0
european-seas,1995-08-16,21.935734,12740,11456,1284,0
european-seas,1995-08-17,22.043962,12740,11456,1284,0
european-seas,1995-08-18,22.12718,12740,11456,1284,0
european-seas,1995-08-19,22.174591,12740,11456,1284,0
european-seas,1995-08-20,22.177002,12740,11456,1284,0
european-seas,1995-08-21,22.163671,12740,11456,1284,0
european-seas,1995-08-22,22.148916,12740,11456,1284,0
european-seas,1995-08-23,22.056595,12740,11456,1284,0
european-seas,1995-08-24,21.942194,12740,11456,1284,0
european-seas,1995-08-25,21.815582,12740,11456,1284,0
european-seas,1995-08-26,21.700459,12740,11456,1284,0
european-seas,1995-08-27,21.53442,12740,11456,1284,0
european-seas,1995-08-28,21.380518,12740,11456,1284,0
european-seas,1995-08-29,21.236397,12740,11456,1284,0
european-seas,1995-08-30,21.176178,12740,11456,1284,0
european-seas,1995-08-31,21.106255,12740,11456,1284,0
european-seas,1995-09-01,21.029818,12740,11456,1284,0
european-seas,1995-09-02,20.894096,12740,11456,1284,0
european-seas,1995-09-03,20.749348,12740,11456,1284,0
european-seas,1995-09-04,20.635721,12740,11456,1284,0
european-seas,1995-09-05,20.550276,12740,11456,1284,0
european-seas,1995-09-06,20.482006,12740,11456,1284,0
european-seas,1995-09-07,20.409365,12740,11456,1284,0
european-seas,1995-09-08,20.474411,12740,11456,1284,0
european-seas,1995-09-09,20.523302,12740,11456,1284,0
european-seas,1995-09-10,20.464287,12740,11456,1284,0
european-seas,1995-09-11,20.395834,12740,11456,1284,0
european-seas,1995-09-12,20.353336,12740,11456,1284,0
european-seas,1995-09-13,20.302965,12740,11456,1284,0
european-seas,1995-09-14,20.204227,12740,11456,1284,0
european-seas,1995-09-15,20.093655,12740,11456,1284,0
european-seas,1995-09-16,20.045986,12740,11456,1284,0
european-seas,1995-09-17,19.880646,12740,11456,1284,0
european-seas,1995-09-18,19.625935,12740,11456,1284,0
european-seas,1995-09-19,19.462616,12740,11456,1284,0
european-seas,1995-09-20,19.480183,12740,11456,1284,0
european-seas,1995-09-21,19.522762,12740,11456,1284,0
european-seas,1995-09-22,19.50491,12740,11456,1284,0
european-seas,1995-09-23,19.466417,12740,11456,1284,0
european-seas,1995-09-24,19.362305,12740,11456,1284,0
european-seas,1995-09-25,19.219809,12740,11456,1284,0
european-seas,1995-09-26,19.114231,12740,11456,1284,0
european-seas,1995-09-27,19.006168,12740,11456,1284,0
european-seas,1995-09-28,18.942,12740,11456,1284,0
european-seas,1995-09-29,18.874577,12740,11456,1284,0
european-seas,1995-09-30,18.730125,12740,11456,1284,0
european-seas,1995-10-01,18.659853,12740,11456,1284,0
european-seas,1995-10-02,18.605228,12740,11456,1284,0
european-seas,1995-10-03,18.53482,12740,11456,1284,0
european-seas,1995-10-04,18.488276,12740,11456,1284,0
european-seas,1995-10-05,18.475113,12740,11456,1284,0
european-seas,1995-10-06,18.454998,12740,11456,1284,0
european-seas,1995-10-07,18.414644,12740,11456,1284,0
european-seas,1995-10-08,18.397024,12740,11456,1284,0
european-seas,1995-10-09,18.36381,12740,11456,1284,0
european-seas,1995-10-10,18.347525,12740,11456,1284,0
european-seas,1995-10-11,18.29752,12740,11456,1284,0
european-seas,1995-10-12,18.214622,12740,11456,1284,0
european-seas,1995-10-13,18.179836,12740,11456,1284,0
european-seas,1995-10-14,18.156176,12740,11456,1284,0
european-seas,1995-10-15,18.113045,12740,11456,1284,0
european-seas,1995-10-16,18.08761,12740,11456,1284,0
european-seas,1995-10-17,18.01211,12740,11456,1284,0
european-seas,1995-10-18,17.953913,12740,11456,1284,0
european-seas,1995-10-19,17.894817,12740,11456,1284,0
european-seas,1995-10-20,17.83142,12740,11456,1284,0
european-seas,1995-10-21,17.74896,12740,11456,1284,0
european-seas,1995-10-22,17.601734,12740,11456,1284,0
european-seas,1995-10-23,17.499464,12740,11456,1284,0
european-seas,1995-10-24,17.416344,12740,11456,1284,0
european-seas,1995-10-25,17.364143,12740,11456,1284,0
european-seas,1995-10-26,17.297365,12740,11456,1284,0
european-seas,1995-10-27,17.278673,12740,11456,1284,0
european-seas,1995-10-28,17.22207,12740,11456,1284,0
european-seas,1995-10-29,17.097141,12740,11456,1284,0
european-seas,1995-10-30,17.01315,12740,11456,1284,0
european-seas,1995-10-31,16.90836,12740,11456,1284,0
european-seas,1995-11-01,16.847008,12740,11404,1284,52
european-seas,1995-11-02,16.808617,12740,11350,1284,106
european-seas,1995-11-03,16.751007,12740,11327,1284,129
european-seas,1995-11-04,16.662437,12740,11312,1284,144
european-seas,1995-11-05,16.500624,12740,11306,1284,150
european-seas,1995-11-06,16.366163,12740,11300,1284,156
european-seas,1995-11-07,16.291397,12740,11295,1284,161
european-seas,1995-11-08,16.207577,12740,11296,1284,160
european-seas,1995-11-09,16.111366,12740,11288,1284,168
european-seas,1995-11-10,16.00086,12740,11289,1284,167
european-seas,1995-11-11,15.853725,12740,11279,1284,177
european-seas,1995-11-12,15.708383,12740,11288,1284,168
european-seas,1995-11-13,15.629188,12740,11304,1284,152
european-seas,1995-11-14,15.606309,12740,11297,1284,159
european-seas,1995-11-15,15.542507,12740,11296,1284,160
european-seas,1995-11-16,15.500304,12740,11300,1284,156
european-seas,1995-11-17,15.469459,12740,11301,1284,155
european-seas,1995-11-18,15.447308,12740,11307,1284,149
european-seas,1995-11-19,15.337204,12740,11289,1284,167
european-seas,1995-11-20,15.230559,12740,11279,1284,177
european-seas,1995-11-21,15.139854,12740,11283,1284,173
european-seas,1995-11-22,15.036056,12740,11275,1284,181
european-seas,1995-11-23,14.937042,12740,11277,1284,179
european-seas,1995-11-24,14.827263,12740,11276,1284,180
european-seas,1995-11-25,14.715873,12740,11279,1284,177
european-seas,1995-11-26,14.638425,12740,11282,1284,174
european-seas,1995-11-27,14.603499,12740,11281,1284,175
european-seas,1995-11-28,14.515531,12740,11284,1284,172
european-seas,1995-11-29,14.446093,12740,11287,1284,169
european-seas,1995-11-30,14.370848,12740,11296,1284,160
european-seas,1995-12-01,14.339394,12740,11215,1284,241
european-seas,1995-12-02,14.334308,12740,11153,1284,303
european-seas,1995-12-03,14.280847,12740,11099,1284,357
european-seas,1995-12-04,14.20884,12740,11065,1284,391
european-seas,1995-12-05,14.150654,12740,11063,1284,393
european-seas,1995-12-06,14.076033,12740,11052,1284,404
european-seas,1995-12-07,13.99843,12740,11040,1284,416
european-seas,1995-12-08,13.946295,12740,11018,1284,438
european-seas,1995-12-09,13.826612,12740,11009,1284,447
european-seas,1995-12-10,13.711864,12740,11018,1284,438
european-seas,1995-12-11,13.664206,12740,11018,1284,438
european-seas,1995-12-12,13.637912,12740,11022,1284,434
european-seas,1995-12-13,13.579813,12740,11009,1284,447
european-seas,1995-12-14,13.52205,12740,11010,1284,446
european-seas,1995-12-15,13.440327,12740,11021,1284,435
european-seas,1995-12-16,13.354494,12740,11032,1284,424
european-seas,1995-12-17,13.3535385,12740,11010,1284,446
european-seas,1995-12-18,13.288175,12740,11030,1284,426
european-seas,1995-12-19,13.260251,12740,11017,1284,439
european-seas,1995-12-20,13.227133,12740,11008,1284,448
european-seas,1995-12-21,13.137091,12740,11020,1284,436
european-seas,1995-12-22,13.067083,12740,11023,1284,433
european-seas,1995-12-23,13.03582,12740,11008,1284,448
european-seas,1995-12-24,13.070357,12740,11003,1284,453
european-seas,1995-12-25,13.086104,12740,10979,1284,477
european-seas,1995-12-26,13.049269,12740,10971,1284,485
european-seas,1995-12-27,13.031903,12740,10953,1284,503
european-seas,1995-12-28,13.006044,12740,10938,1284,518
european-seas,1995-12-29,12.954339,12740,10918,1284,538
european-seas,1995-12-30,12.906393,12740,10912,1284,544
european-seas,1995-12-31,12.82962,12740,10910,1284,546
european-seas,1996-01-01,12.803963,12740,10850,1284,606
european-seas,1996-01-02,12.830561,12740,10759,1284,697
european-seas,1996-01-03,12.804056,12740,10711,1284,745
european-seas,1996-01-04,12.730637,12740,10670,1284,786
european-seas,1996-01-05,12.720214,12740,10652,1284,804
european-seas,1996-01-06,12.733956,12740,10639,1284,817
european-seas,1996-01-07,12.759052,12740,10638,1284,818
european-seas,1996-01-08,12.750512,12740,10656,1284,800
european-seas,1996-01-09,12.742617,12740,10678,1284,778
european-seas,1996-01-10,12.73633,12740,10678,1284,778
european-seas,1996-01-11,12.668478,12740,10699,1284,757
european-seas,1996-01-12,12.523356,12740,10719,1284,737
european-seas,1996-01-13,12.475567,12740,10727,1284,729
european-seas,1996-01-14,12.482797,12740,10726,1284,730
european-seas,1996-01-15,12.492213,12740,10737,1284,719
european-seas,1996-01-16,12.448767,12740,10756,1284,700
european-seas,1996-01-17,12.423886,12740,10771,1284,685
european-seas,1996-01-18,12.394015,12740,10780,1284,676
european-seas,1996-01-19,12.298098,12740,10774,1284,682
european-seas,1996-01-20,12.235517,12740,10754,1284,702
european-seas,1996-01-21,12.2030115,12740,10740,1284,716
european-seas,1996-01-22,12.190236,12740,10709,1284,747
european-seas,1996-01-23,12.177673,12740,10677,1284,779
european-seas,1996-01-24,12.180208,12740,10668,1284,788
european-seas,1996-01-25,12.125299,12740,10644,1284,812
european-seas,1996-01-26,12.0722275,12740,10629,1284,827
european-seas,1996-01-27,12.033612,12740,10630,1284,826
european-seas,1996-01-28,11.981522,12740,10660,1284,796
european-seas,1996-01-29,11.96532,12740,10702,1284,754
european-seas,1996-01-30,11.96109,12740,10714,1284,742
european-seas,1996-01-31,11.911161,12740,10724,1284,732
european-seas,1996-02-01,11.887359,12740,10715,1284,741
european-seas,1996-02-02,11.902001,12740,10708,1284,748
european-seas,1996-02-03,11.930567,12740,10678,1284,778
european-seas,1996-02-04,11.899616,12740,10628,1284,828
european-seas,1996-02-05,11.85582,12740,10586,1284,870
european-seas,1996-02-06,11.844305,12740,10552,1284,904
european-seas,1996-02-07,11.865893,12740,10505,1284,951
european-seas,1996-02-08,11.830075,12740,10469,1284,987
european-seas,1996-02-09,11.808521,12740,10441,1284,1015
european-seas,1996-02-10,11.808556,12740,10422,1284,1034
european-seas,1996-02-11,11.829887,12740,10423,1284,1033
european-seas,1996-02-12,11.828789,12740,10407,1284,1049
european-seas,1996-02-13,11.826124,12740,10409,1284,1047
european-seas,1996-02-14,11.777755,12740,10429,1284,1027
european-seas,1996-02-15,11.790978,12740,10422,1284,1034
european-seas,1996-02-16,11.835174,12740,10417,1284,1039
european-seas,1996-02-17,11.843379,12740,10400,1284,1056
european-seas,1996-02-18,11.819964,12740,10386,1284,1070
european-seas,1996-02-19,11.75556,12740,10400,1284,1056
european-seas,1996-02-20,11.71628,12740,10409,1284,1047
european-seas,1996-02-21,11.673937,12740,10399,1284,1057
european-seas,1996-02-22,11.630665,12740,10414,1284,1042
european-seas,1996-02-23,11.606751,12740,10447,1284,1009
european-seas,1996-02-24,11.561379,12740,10485,1284,971
european-seas,1996-02-25,11.526663,12740,10520,1284,936
european-seas,1996-02-26,11.49943,12740,10510,1284,946
european-seas,1996-02-27,11.442461,12740,10532,1284,924
european-seas,1996-02-28,11.3402,12740,10556,1284,900
european-seas,1996-02-29,11.333229,12740,10567,1284,889
european-seas,1996-03-01,11.355112,12740,10565,1284,891
european-seas,1996-03-02,11.356885,12740,10568,1284,888
european-seas,1996-03-03,11.329784,12740,10577,1284,879
european-seas,1996-03-04,11.289536,12740,10601,1284,855
european-seas,1996-03-05,11.281354,12740,10605,1284,851
european-seas,1996-03-06,11.267632,12740,10608,1284,848
european-seas,1996-03-07,11.242338,12740,10603,1284,853
european-seas,1996-03-08,11.19585,12740,10604,1284,852
european-seas,1996-03-09,11.212519,12740,10564,1284,892
european-seas,1996-03-10,11.210905,12740,10556,1284,900
european-seas,1996-03-11,11.234443,12740,10557,1284,899
european-seas,1996-03-12,11.285296,12740,10542,1284,914
european-seas,1996-03-13,11.279254,12740,10520,1284,936
european-seas,1996-03-14,11.258603,12740,10524,1284,932
european-seas,1996-03-15,11.207843,12740,10540,1284,916
european-seas,1996-03-16,11.242025,12740,10574,1284,882
european-seas,1996-03-17,11.330288,12740,10579,1284,877
european-seas,1996-03-18,11.388537,12740,10575,1284,881
european-seas,1996-03-19,11.4165945,12740,10598,1284,858
european-seas,1996-03-20,11.458897,12740,10590,1284,866
european-seas,1996-03-21,11.515076,12740,10606,1284,850
european-seas,1996-03-22,11.583124,12740,10608,1284,848
european-seas,1996-03-23,11.662739,12740,10605,1284,851
european-seas,1996-03-24,11.717657,12740,10598,1284,858
european-seas,1996-03-25,11.747828,12740,10592,1284,864
european-seas,1996-03-26,11.761574,12740,10585,1284,871
european-seas,1996-03-27,11.766512,12740,10618,1284,838
european-seas,1996-03-28,11.789418,12740,10626,1284,830
european-seas,1996-03-29,11.804777,12740,10646,1284,810
european-seas,1996-03-30,11.781829,12740,10689,1284,767
european-seas,1996-03-31,11.767112,12740,10704,1284,752
european-seas,1996-04-01,11.7422285,12740,10739,1284,717
european-seas,1996-04-02,11.718912,12740,10747,1284,709
european-seas,1996-04-03,11.716342,12740,10737,1284,719
european-seas,1996-04-04,11.736498,12740,10708,1284,748
european-seas,1996-04-05,11.808405,12740,10712,1284,744
european-seas,1996-04-06,11.897923,12740,10702,1284,754
european-seas,1996-04-07,11.912313,12740,10679,1284,777
european-seas,1996-04-08,11.952463,12740,10650,1284,806
european-seas,1996-04-09,12.116629,12740,10632,1284,824
european-seas,1996-04-10,12.199672,12740,10650,1284,806
european-seas,1996-04-11,12.19236,12740,10670,1284,786
european-seas,1996-04-12,12.246953,12740,10694,1284,762
european-seas,1996-04-13,12.393836,12740,10693,1284,763
european-seas,1996-04-14,12.462738,12740,10713,1284,743
european-seas,1996-04-15,12.456159,12740,10741,1284,715
european-seas,1996-04-16,12.447444,12740,10730,1284,726
european-seas,1996-04-17,12.498547,12740,10709,1284,747
european-seas,1996-04-18,12.514679,12740,10694,1284,762
european-seas,1996-04-19,12.572095,12740,10669,1284,787
european-seas,1996-04-20,12.734867,12740,10653,1284,803
european-seas,1996-04-21,12.811407,12740,10649,1284,807
european-seas,1996-04-22,12.834284,12740,10631,1284,825
european-seas,1996-04-23,12.90263,12740,10634,1284,822
european-seas,1996-04-24,12.978882,12740,10631,1284,825
european-seas,1996-04-25,13.064232,12740,10613,1284,843
european-seas,1996-04-26,13.090526,12740,10621,1284,835
european-seas,1996-04-27,13.099924,12740,10648,1284,808
european-seas,1996-04-28,13.099462,12740,10703,1284,753
european-seas,1996-04-29,13.1055565,12740,10791,1284,665
european-seas,1996-04-30,13.168257,12740,10888,1284,568
european-seas,1996-05-01,13.21736,12740,11060,1284,396
european-seas,1996-05-02,13.369343,12740,11060,1284,396
european-seas,1996-05-03,13.4522915,12740,11052,1284,404
european-seas,1996-05-04,13.554754,12740,11056,1284,400
european-seas,1996-05-05,13.708831,12740,11074,1284,382
european-seas,1996-05-06,13.867136,12740,11077,1284,379
european-seas,1996-05-07,13.934271,12740,11076,1284,380
european-seas,1996-05-08,13.963289,12740,11104,1284,352
european-seas,1996-05-09,14.013544,12740,11126,1284,330
european-seas,1996-05-10,14.027471,12740,11143,1284,313
european-seas,1996-05-11,13.996696,12740,11134,1284,322
european-seas,1996-05-12,14.033606,12740,11121,1284,335
european-seas,1996-05-13,14.085177,12740,11121,1284,335
european-seas,1996-05-14,14.157021,12740,11129,1284,327
european-seas,1996-05-15,14.198984,12740,11120,1284,336
european-seas,1996-05-16,14.2301235,12740,11106,1284,350
european-seas,1996-05-17,14.413608,12740,11099,1284,357
european-seas,1996-05-18,14.479862,12740,11099,1284,357
european-seas,1996-05-19,14.635426,12740,11102,1284,354
european-seas,1996-05-20,14.793494,12740,11106,1284,350
european-seas,1996-05-21,14.843962,12740,11104,1284,352
european-seas,1996-05-22,15.007145,12740,11104,1284,352
european-seas,1996-05-23,15.08417,12740,11109,1284,347
european-seas,1996-05-24,15.279991,12740,11076,1284,380
european-seas,1996-05-25,15.525694,12740,11081,1284,375
european-seas,1996-05-26,15.685566,12740,11064,1284,392
european-seas,1996-05-27,15.704222,12740,11063,1284,393
european-seas,1996-05-28,15.717185,12740,11067,1284,389
european-seas,1996-05-29,15.614603,12740,11111,1284,345
european-seas,1996-05-30,15.53212,12740,11183,1284,273
european-seas,1996-05-31,15.5661125,12740,11304,1284,152
european-seas,1996-06-01,15.560489,12740,11456,1284,0
european-seas,1996-06-02,15.78303,12740,11456,1284,0
european-seas,1996-06-03,15.947397,12740,11456,1284,0
european-seas,1996-06-04,15.993444,12740,11456,1284,0
european-seas,1996-06-05,16.10668,12740,11456,1284,0
european-seas,1996-06-06,16.265642,12740,11456,1284,0
european-seas,1996-06-07,16.503357,12740,11456,1284,0
european-seas,1996-06-08,16.801226,12740,11456,1284,0
european-seas,1996-06-09,17.005823,12740,11456,1284,0
european-seas,1996-06-10,17.141499,12740,11456,1284,0
european-seas,1996-06-11,17.459978,12740,11456,1284,0
european-seas,1996-06-12,17.553406,12740,11456,1284,0
european-seas,1996-06-13,17.640774,12740,11456,1284,0
european-seas,1996-06-14,17.64993,12740,11456,1284,0
european-seas,1996-06-15,17.721674,12740,11456,1284,0
european-seas,1996-06-16,17.859314,12740,11456,1284,0
european-seas,1996-06-17,17.859875,12740,11456,1284,0
european-seas,1996-06-18,17.835676,12740,11456,1284,0
european-seas,1996-06-19,17.82568,12740,11456,1284,0
european-seas,1996-06-20,17.875118,12740,11456,1284,0
european-seas,1996-06-21,17.972708,12740,11456,1284,0
european-seas,1996-06-22,18.040825,12740,11456,1284,0
european-seas,1996-06-23,18.093163,12740,11456,1284,0
european-seas,1996-06-24,18.135988,12740,11456,1284,0
european-seas,1996-06-25,18.18428,12740,11456,1284,0
european-seas,1996-06-26,18.232336,12740,11456,1284,0
european-seas,1996-06-27,18.260962,12740,11456,1284,0
european-seas,1996-06-28,18.261036,12740,11456,1284,0
european-seas,1996-06-29,18.31765,12740,11456,1284,0
european-seas,1996-06-30,18.41062,12740,11456,1284,0
european-seas,1996-07-01,18.51894,12740,11456,1284,0
european-seas,1996-07-02,18.570864,12740,11456,1284,0
european-seas,1996-07-03,18.66904,12740,11456,1284,0
european-seas,1996-07-04,18.803795,12740,11456,1284,0
european-seas,1996-07-05,18.867554,12740,11456,1284,0
european-seas,1996-07-06,18.901003,12740,11456,1284,0
european-seas,1996-07-07,19.012526,12740,11456,1284,0
european-seas,1996-07-08,19.060398,12740,11456,1284,0
european-seas,1996-07-09,19.046589,12740,11456,1284,0
european-seas,1996-07-10,18.972383,12740,11456,1284,0
european-seas,1996-07-11,18.958984,12740,11456,1284,0
european-seas,1996-07-12,19.052723,12740,11456,1284,0
european-seas,1996-07-13,19.128487,12740,11456,1284,0
european-seas,1996-07-14,19.24115,12740,11456,1284,0
european-seas,1996-07-15,19.413193,12740,11456,1284,0
european-seas,1996-07-16,19.532158,12740,11456,1284,0
european-seas,1996-07-17,19.607384,12740,11456,1284,0
european-seas,1996-07-18,19.737114,12740,11456,1284,0
european-seas,1996-07-19,19.85086,12740,11456,1284,0
european-seas,1996-07-20,19.96178,12740,11456,1284,0
european-seas,1996-07-21,20.075209,12740,11456,1284,0
european-seas,1996-07-22,20.10156,12740,11456,1284,0
european-seas,1996-07-23,20.053726,12740,11456,1284,0
european-seas,1996-07-24,19.995392,12740,11456,1284,0
european-seas,1996-07-25,20.027218,12740,11456,1284,0
european-seas,1996-07-26,20.098608,12740,11456,1284,0
european-seas,1996-07-27,20.210226,12740,11456,1284,0
european-seas,1996-07-28,20.33714,12740,11456,1284,0
european-seas,1996-07-29,20.438114,12740,11456,1284,0
european-seas,1996-07-30,20.476675,12740,11456,1284,0
european-seas,1996-07-31,20.511343,12740,11456,1284,0
european-seas,1996-08-01,20.614592,12740,11456,1284,0
european-seas,1996-08-02,20.730907,12740,11456,1284,0
european-seas,1996-08-03,20.77746,12740,11456,1284,0
european-seas,1996-08-04,20.856163,12740,11456,1284,0
european-seas,1996-08-05,20.939623,12740,11456,1284,0
european-seas,1996-08-06,21.066807,12740,11456,1284,0
european-seas,1996-08-07,21.119347,12740,11456,1284,0
european-seas,1996-08-08,21.233603,12740,11456,1284,0
european-seas,1996-08-09,21.263607,12740,11456,1284,0
european-seas,1996-08-10,21.234125,12740,11456,1284,0
european-seas,1996-08-11,21.19503,12740,11456,1284,0
european-seas,1996-08-12,21.169193,12740,11456,1284,0
european-seas,1996-08-13,21.140984,12740,11456,1284,0
european-seas,1996-08-14,21.08338,12740,11456,1284,0
european-seas,1996-08-15,21.093418,12740,11456,1284,0
european-seas,1996-08-16,21.235163,12740,11456,1284,0
european-seas,1996-08-17,21.341373,12740,11456,1284,0
european-seas,1996-08-18,21.41876,12740,11456,1284,0
european-seas,1996-08-19,21.442474,12740,11456,1284,0
european-seas,1996-08-20,21.435863,12740,11456,1284,0
european-seas,1996-08-21,21.41226,12740,11456,1284,0
european-seas,1996-08-22,21.339699,12740,11456,1284,0
european-seas,1996-08-23,21.314327,12740,11456,1284,0
european-seas,1996-08-24,21.255964,12740,11456,1284,0
european-seas,1996-08-25,21.194221,12740,11456,1284,0
european-seas,1996-08-26,21.184837,12740,11456,1284,0
european-seas,1996-08-27,21.171137,12740,11456,1284,0
european-seas,1996-08-28,21.081919,12740,11456,1284,0
european-seas,1996-08-29,20.962826,12740,11456,1284,0
european-seas,1996-08-30,20.88702,12740,11456,1284,0
european-seas,1996-08-31,20.8085,12740,11456,1284,0
european-seas,1996-09-01,20.680222,12740,11456,1284,0
european-seas,1996-09-02,20.534643,12740,11456,1284,0
european-seas,1996-09-03,20.45342,12740,11456,1284,0
european-seas,1996-09-04,20.52131,12740,11456,1284,0
european-seas,1996-09-05,20.53929,12740,11456,1284,0
european-seas,1996-09-06,20.52002,12740,11456,1284,0
european-seas,1996-09-07,20.37965,12740,11456,1284,0
european-seas,1996-09-08,20.175001,12740,11456,1284,0
european-seas,1996-09-09,20.03682,12740,11456,1284,0
european-seas,1996-09-10,19.922626,12740,11456,1284,0
european-seas,1996-09-11,19.68125,12740,11456,1284,0
european-seas,1996-09-12,19.58274,12740,11456,1284,0
european-seas,1996-09-13,19.588238,12740,11456,1284,0
european-seas,1996-09-14,19.587389,12740,11456,1284,0
european-seas,1996-09-15,19.546354,12740,11456,1284,0
european-seas,1996-09-16,19.491106,12740,11456,1284,0
european-seas,1996-09-17,19.465643,12740,11456,1284,0
european-seas,1996-09-18,19.366482,12740,11456,1284,0
european-seas,1996-09-19,19.2937,12740,11456,1284,0
european-seas,1996-09-20,19.239805,12740,11456,1284,0
european-seas,1996-09-21,19.139496,12740,11456,1284,0
european-seas,1996-09-22,18.973776,12740,11456,1284,0
european-seas,1996-09-23,18.823275,12740,11456,1284,0
european-seas,1996-09-24,18.822697,12740,11456,1284,0
european-seas,1996-09-25,18.82942,12740,11456,1284,0
european-seas,1996-09-26,18.837234,12740,11456,1284,0
european-seas,1996-09-27,18.763475,12740,11456,1284,0
european-seas,1996-09-28,18.646238,12740,11456,1284,0
european-seas,1996-09-29,18.491348,12740,11456,1284,0
european-seas,1996-09-30,18.416851,12740,11456,1284,0
european-seas,1996-10-01,18.314037,12740,11456,1284,0
european-seas,1996-10-02,18.223661,12740,11456,1284,0
european-seas,1996-10-03,18.151207,12740,11456,1284,0
european-seas,1996-10-04,18.067667,12740,11456,1284,0
european-seas,1996-10-05,17.93177,12740,11456,1284,0
european-seas,1996-10-06,17.828785,12740,11456,1284,0
european-seas,1996-10-07,17.749697,12740,11456,1284,0
european-seas,1996-10-08,17.686714,12740,11456,1284,0
european-seas,1996-10-09,17.630796,12740,11456,1284,0
european-seas,1996-10-10,17.53219,12740,11456,1284,0
european-seas,1996-10-11,17.50842,12740,11456,1284,0
european-seas,1996-10-12,17.472883,12740,11456,1284,0
european-seas,1996-10-13,17.376858,12740,11456,1284,0
european-seas,1996-10-14,17.242785,12740,11456,1284,0
european-seas,1996-10-15,17.17195,12740,11456,1284,0
european-seas,1996-10-16,17.101583,12740,11456,1284,0
european-seas,1996-10-17,17.104034,12740,11456,1284,0
european-seas,1996-10-18,17.120195,12740,11456,1284,0
european-seas,1996-10-19,17.143118,12740,11456,1284,0
european-seas,1996-10-20,17.13222,12740,11456,1284,0
european-seas,1996-10-21,17.100836,12740,11456,1284,0
european-seas,1996-10-22,17.038143,12740,11456,1284,0
european-seas,1996-10-23,16.952759,12740,11456,1284,0
european-seas,1996-10-24,16.834492,12740,11456,1284,0
european-seas,1996-10-25,16.670881,12740,11456,1284,0
european-seas,1996-10-26,16.537582,12740,11456,1284,0
european-seas,1996-10-27,16.396427,12740,11456,1284,0
european-seas,1996-10-28,16.353273,12740,11456,1284,0
european-seas,1996-10-29,16.316301,12740,11456,1284,0
european-seas,1996-10-30,16.256792,12740,11456,1284,0
european-seas,1996-10-31,16.227373,12740,11456,1284,0
european-seas,1996-11-01,16.21815,12740,11384,1284,72
european-seas,1996-11-02,16.20718,12740,11332,1284,124
european-seas,1996-11-03,16.16921,12740,11309,1284,147
european-seas,1996-11-04,16.108364,12740,11287,1284,169
european-seas,1996-11-05,16.046299,12740,11288,1284,168
european-seas,1996-11-06,15.99955,12740,11289,1284,167
european-seas,1996-11-07,15.947864,12740,11292,1284,164
european-seas,1996-11-08,15.883238,12740,11312,1284,144
european-seas,1996-11-09,15.764217,12740,11329,1284,127
european-seas,1996-11-10,15.646629,12740,11328,1284,128
european-seas,1996-11-11,15.569373,12740,11341,1284,115
european-seas,1996-11-12,15.45956,12740,11339,1284,117
european-seas,1996-11-13,15.289752,12740,11331,1284,125
european-seas,1996-11-14,15.217208,12740,11312,1284,144
european-seas,1996-11-15,15.247355,12740,11309,1284,147
european-seas,1996-11-16,15.223308,12740,11298,1284,158
european-seas,1996-11-17,15.070704,12740,11306,1284,150
european-seas,1996-11-18,14.937623,12740,11307,1284,149
european-seas,1996-11-19,14.891912,12740,11313,1284,143
european-seas,1996-11-20,14.836435,12740,11313,1284,143
european-seas,1996-11-21,14.762802,12740,11325,1284,131
european-seas,1996-11-22,14.715277,12740,11330,1284,126
european-seas,1996-11-23,14.624921,12740,11340,1284,116
european-seas,1996-11-24,14.486964,12740,11346,1284,110
european-seas,1996-11-25,14.429142,12740,11341,1284,115
european-seas,1996-11-26,14.346629,12740,11332,1284,124
european-seas,1996-11-27,14.304073,12740,11331,1284,125
european-seas,1996-11-28,14.264486,12740,11312,1284,144
european-seas,1996-11-29,14.141472,12740,11311,1284,145
european-seas,1996-11-30,14.089248,12740,11302,1284,154
european-seas,1996-12-01,14.099246,12740,11143,1284,313
european-seas,1996-12-02,14.084538,12740,11075,1284,381
european-seas,1996-12-03,14.041257,12740,11045,1284,411
european-seas,1996-12-04,13.963323,12740,11025,1284,431
european-seas,1996-12-05,13.880784,12740,11018,1284,438
european-seas,1996-12-06,13.802385,12740,11018,1284,438
european-seas,1996-12-07,13.727519,12740,11021,1284,435
european-seas,1996-12-08,13.610009,12740,11072,1284,384
european-seas,1996-12-09,13.560921,12740,11096,1284,360
european-seas,1996-12-10,13.54535,12740,11090,1284,366
european-seas,1996-12-11,13.531982,12740,11086,1284,370
european-seas,1996-12-12,13.513446,12740,11082,1284,374
european-seas,1996-12-13,13.510366,12740,11063,1284,393
european-seas,1996-12-14,13.480996,12740,11055,1284,401
european-seas,1996-12-15,13.429705,12740,11049,1284,407
european-seas,1996-12-16,13.396949,12740,11040,1284,416
european-seas,1996-12-17,13.376907,12740,11053,1284,403
european-seas,1996-12-18,13.339676,12740,11044,1284,412
european-seas,1996-12-19,13.321969,12740,11046,1284,410
european-seas,1996-12-20,13.290809,12740,11057,1284,399
european-seas,1996-12-21,13.264709,12740,11046,1284,410
european-seas,1996-12-22,13.247846,12740,11017,1284,439
european-seas,1996-12-23,13.204746,12740,11024,1284,432
european-seas,1996-12-24,13.140169,12740,11005,1284,451
european-seas,1996-12-25,13.005718,12740,11003,1284,453
european-seas,1996-12-26,12.913046,12740,10983,1284,473
european-seas,1996-12-27,12.908807,12740,10946,1284,510
european-seas,1996-12-28,12.820839,12740,10955,1284,501
european-seas,1996-12-29,12.754654,12740,10926,1284,530
european-seas,1996-12-30,12.717994,12740,10909,1284,547
european-seas,1996-12-31,12.652198,12740,10911,1284,545
european-seas,1997-01-01,12.638215,12740,10863,1284,593
european-seas,1997-01-02,12.630311,12740,10837,1284,619
european-seas,1997-01-03,12.6199255,12740,10829,1284,627
european-seas,1997-01-04,12.59072,12740,10797,1284,659
european-seas,1997-01-05,12.4907055,12740,10803,1284,653
european-seas,1997-01-06,12.426254,12740,10805,1284,651
european-seas,1997-01-07,12.33411,12740,10823,1284,633
european-seas,1997-01-08,12.2715845,12740,10807,1284,649
european-seas,1997-01-09,12.20573,12740,10793,1284,663
european-seas,1997-01-10,12.256664,12740,10743,1284,713
european-seas,1997-01-11,12.202609,12740,10730,1284,726
european-seas,1997-01-12,12.20051,12740,10700,1284,756
european-seas,1997-01-13,12.199141,12740,10702,1284,754
european-seas,1997-01-14,12.204375,12740,10685,1284,771
european-seas,1997-01-15,12.245465,12740,10672,1284,784
european-seas,1997-01-16,12.240534,12740,10708,1284,748
european-seas,1997-01-17,12.223346,12740,10745,1284,711
european-seas,1997-01-18,12.178123,12740,10754,1284,702
european-seas,1997-01-19,12.124955,12740,10770,1284,686
european-seas,1997-01-20,12.0764475,12740,10780,1284,676
european-seas,1997-01-21,12.070457,12740,10793,1284,663
european-seas,1997-01-22,12.0497675,12740,10833,1284,623
european-seas,1997-01-23,11.976414,12740,10827,1284,629
european-seas,1997-01-24,11.955887,12740,10820,1284,636
european-seas,1997-01-25,11.914544,12740,10819,1284,637
european-seas,1997-01-26,11.888958,12740,10810,1284,646
european-seas,1997-01-27,11.870203,12740,10790,1284,666
european-seas,1997-01-28,11.8976,12740,10770,1284,686
european-seas,1997-01-29,11.943558,12740,10762,1284,694
european-seas,1997-01-30,11.93664,12740,10752,1284,704
european-seas,1997-01-31,11.932964,12740,10748,1284,708
european-seas,1997-02-01,11.940265,12740,10740,1284,716
european-seas,1997-02-02,11.943842,12740,10732,1284,724
european-seas,1997-02-03,11.915469,12740,10718,1284,738
european-seas,1997-02-04,11.944852,12740,10688,1284,768
european-seas,1997-02-05,11.976131,12740,10645,1284,811
european-seas,1997-02-06,12.005297,12740,10628,1284,828
european-seas,1997-02-07,12.0300865,12740,10626,1284,830
european-seas,1997-02-08,12.055675,12740,10618,1284,838
european-seas,1997-02-09,12.105569,12740,10601,1284,855
european-seas,1997-02-10,12.118646,12740,10600,1284,856
european-seas,1997-02-11,12.090225,12740,10618,1284,838
european-seas,1997-02-12,12.065099,12740,10640,1284,816
european-seas,1997-02-13,12.046595,12740,10662,1284,794
european-seas,1997-02-14,12.034414,12740,10647,1284,809
european-seas,1997-02-15,12.059302,12740,10653,1284,803
european-seas,1997-02-16,12.04277,12740,10637,1284,819
european-seas,1997-02-17,11.98726,12740,10608,1284,848
european-seas,1997-02-18,11.95182,12740,10587,1284,869
european-seas,1997-02-19,12.016508,12740,10561,1284,895
european-seas,1997-02-20,12.049852,12740,10547,1284,909
european-seas,1997-02-21,12.078416,12740,10496,1284,960
european-seas,1997-02-22,12.011802,12740,10489,1284,967
european-seas,1997-02-23,12.003125,12740,10505,1284,951
european-seas,1997-02-24,11.983345,12740,10590,1284,866
european-seas,1997-02-25,12.087808,12740,10616,1284,840
european-seas,1997-02-26,12.128571,12740,10639,1284,817
european-seas,1997-02-27,12.119014,12740,10625,1284,831
european-seas,1997-02-28,12.079105,12740,10638,1284,818
european-seas,1997-03-01,12.04345,12740,10663,1284,793
european-seas,1997-03-02,12.028259,12740,10670,1284,786
european-seas,1997-03-03,12.055199,12740,10674,1284,782
european-seas,1997-03-04,12.0596485,12740,10694,1284,762
european-seas,1997-03-05,12.092507,12740,10718,1284,738
european-seas,1997-03-06,12.027392,12740,10775,1284,681
european-seas,1997-03-07,11.973876,12740,10835,1284,621
european-seas,1997-03-08,12.009424,12740,10848,1284,608
european-seas,1997-03-09,12.0110855,12740,10838,1284,618
european-seas,1997-03-10,12.037992,12740,10792,1284,664
european-seas,1997-03-11,12.074257,12740,10785,1284,671
european-seas,1997-03-12,12.061683,12740,10805,1284,651
european-seas,1997-03-13,12.067453,12740,10814,1284,642
european-seas,1997-03-14,12.077279,12740,10813,1284,643
european-seas,1997-03-15,12.084716,12740,10835,1284,621
european-seas,1997-03-16,12.118035,12740,10822,1284,634
european-seas,1997-03-17,12.109067,12740,10862,1284,594
european-seas,1997-03-18,12.076455,12740,10896,1284,560
european-seas,1997-03-19,12.058643,12740,10878,1284,578
european-seas,1997-03-20,12.014996,12740,10861,1284,595
european-seas,1997-03-21,11.987261,12740,10820,1284,636
european-seas,1997-03-22,11.987963,12740,10817,1284,639
european-seas,1997-03-23,12.020731,12740,10810,1284,646
european-seas,1997-03-24,12.041786,12740,10752,1284,704
european-seas,1997-03-25,12.037894,12740,10691,1284,765
european-seas,1997-03-26,12.098499,12740,10682,1284,774
european-seas,1997-03-27,12.248471,12740,10638,1284,818
european-seas,1997-03-28,12.315614,12740,10611,1284,845
european-seas,1997-03-29,12.286218,12740,10604,1284,852
european-seas,1997-03-30,12.284128,12740,10610,1284,846
european-seas,1997-03-31,12.310167,12740,10628,1284,828
european-seas,1997-04-01,12.353407,12740,10663,1284,793
european-seas,1997-04-02,12.407914,12740,10671,1284,785
european-seas,1997-04-03,12.384517,12740,10696,1284,760
european-seas,1997-04-04,12.33188,12740,10757,1284,699
european-seas,1997-04-05,12.350456,12740,10802,1284,654
european-seas,1997-04-06,12.388149,12740,10811,1284,645
european-seas,1997-04-07,12.355726,12740,10843,1284,613
european-seas,1997-04-08,12.340171,12740,10807,1284,649
european-seas,1997-04-09,12.364346,12740,10784,1284,672
european-seas,1997-04-10,12.431783,12740,10756,1284,700
european-seas,1997-04-11,12.559671,12740,10716,1284,740
european-seas,1997-04-12,12.611488,12740,10692,1284,764
european-seas,1997-04-13,12.686048,12740,10704,1284,752
european-seas,1997-04-14,12.771764,12740,10731,1284,725
european-seas,1997-04-15,12.840208,12740,10758,1284,698
european-seas,1997-04-16,12.866542,12740,10782,1284,674
european-seas,1997-04-17,12.85664,12740,10815,1284,641
european-seas,1997-04-18,12.789306,12740,10830,1284,626
european-seas,1997-04-19,12.76722,12740,10829,1284,627
european-seas,1997-04-20,12.765221,12740,10820,1284,636
european-seas,1997-04-21,12.750279,12740,10808,1284,648
european-seas,1997-04-22,12.751477,12740,10816,1284,640
european-seas,1997-04-23,12.810567,12740,10835,1284,621
european-seas,1997-04-24,12.889676,12740,10824,1284,632
european-seas,1997-04-25,12.962974,12740,10824,1284,632
european-seas,1997-04-26,13.073507,12740,10806,1284,650
european-seas,1997-04-27,13.14403,12740,10793,1284,663
european-seas,1997-04-28,13.21447,12740,10860,1284,596
european-seas,1997-04-29,13.283263,12740,10890,1284,566
european-seas,1997-04-30,13.314905,12740,10924,1284,532
european-seas,1997-05-01,13.39502,12740,11074,1284,382
european-seas,1997-05-02,13.474211,12740,11083,1284,373
european-seas,1997-05-03,13.561281,12740,11067,1284,389
european-seas,1997-05-04,13.679995,12740,11066,1284,390
european-seas,1997-05-05,13.709731,12740,11074,1284,382
european-seas,1997-05-06,13.647002,12740,11077,1284,379
european-seas,1997-05-07,13.580517,12740,11068,1284,388
european-seas,1997-05-08,13.615105,12740,11053,1284,403
european-seas,1997-05-09,13.721406,12740,11052,1284,404
european-seas,1997-05-10,13.890103,12740,11066,1284,390
european-seas,1997-05-11,14.135514,12740,11066,1284,390
european-seas,1997-05-12,14.321533,12740,11059,1284,397
european-seas,1997-05-13,14.503248,12740,11050,1284,406
european-seas,1997-05-14,14.655588,12740,11072,1284,384
european-seas,1997-05-15,14.854212,12740,11071,1284,385
european-seas,1997-05-16,14.953165,12740,11077,1284,379
european-seas,1997-05-17,15.137689,12740,11080,1284,376
european-seas,1997-05-18,15.349028,12740,11088,1284,368
european-seas,1997-05-19,15.45433,12740,11091,1284,365
european-seas,1997-05-20,15.534004,12740,11105,1284,351
european-seas,1997-05-21,15.618292,12740,11113,1284,343
european-seas,1997-05-22,15.712936,12740,11104,1284,352
european-seas,1997-05-23,15.813409,12740,11116,1284,340
european-seas,1997-05-24,15.906946,12740,11111,1284,345
european-seas,1997-05-25,16.014933,12740,11113,1284,343
european-seas,1997-05-26,16.09313,12740,11106,1284,350
european-seas,1997-05-27,16.220959,12740,11078,1284,378
european-seas,1997-05-28,16.325327,12740,11080,1284,376
european-seas,1997-05-29,16.342892,12740,11112,1284,344
european-seas,1997-05-30,16.313732,12740,11169,1284,287
european-seas,1997-05-31,16.331732,12740,11258,1284,198
european-seas,1997-06-01,16.297289,12740,11456,1284,0
european-seas,1997-06-02,16.383392,12740,11456,1284,0
european-seas,1997-06-03,16.55458,12740,11456,1284,0
european-seas,1997-06-04,16.644495,12740,11456,1284,0
european-seas,1997-06-05,16.67825,12740,11456,1284,0
european-seas,1997-06-06,16.834406,12740,11456,1284,0
european-seas,1997-06-07,17.016853,12740,11456,1284,0
european-seas,1997-06-08,17.281742,12740,11456,1284,0
european-seas,1997-06-09,17.48225,12740,11456,1284,0
european-seas,1997-06-10,17.604553,12740,11456,1284,0
european-seas,1997-06-11,17.715223,12740,11456,1284,0
european-seas,1997-06-12,17.801805,12740,11456,1284,0
european-seas,1997-06-13,18.00554,12740,11456,1284,0
european-seas,1997-06-14,18.373344,12740,11456,1284,0
european-seas,1997-06-15,18.594072,12740,11456,1284,0
european-seas,1997-06-16,18.708786,12740,11456,1284,0
european-seas,1997-06-17,18.74484,12740,11456,1284,0
european-seas,1997-06-18,18.761023,12740,11456,1284,0
european-seas,1997-06-19,18.68119,12740,11456,1284,0
european-seas,1997-06-20,18.647095,12740,11456,1284,0
european-seas,1997-06-21,18.66266,12740,11456,1284,0
european-seas,1997-06-22,18.670269,12740,11456,1284,0
european-seas,1997-06-23,18.686178,12740,11456,1284,0
european-seas,1997-06-24,18.67754,12740,11456,1284,0
european-seas,1997-06-25,18.568445,12740,11456,1284,0
european-seas,1997-06-26,18.541443,12740,11456,1284,0
european-seas,1997-06-27,18.495626,12740,11456,1284,0
european-seas,1997-06-28,18.445057,12740,11456,1284,0
european-seas,1997-06-29,18.469099,12740,11456,1284,0
european-seas,1997-06-30,18.582716,12740,11456,1284,0
european-seas,1997-07-01,18.71335,12740,11456,1284,0
european-seas,1997-07-02,18.772053,12740,11456,1284,0
european-seas,1997-07-03,18.797232,12740,11456,1284,0
european-seas,1997-07-04,18.951511,12740,11456,1284,0
european-seas,1997-07-05,19.15575,12740,11456,1284,0
european-seas,1997-07-06,19.334433,12740,11456,1284,0
european-seas,1997-07-07,19.397667,12740,11456,1284,0
european-seas,1997-07-08,19.47316,12740,11456,1284,0
european-seas,1997-07-09,19.567339,12740,11456,1284,0
european-seas,1997-07-10,19.624891,12740,11456,1284,0
european-seas,1997-07-11,19.625734,12740,11456,1284,0
european-seas,1997-07-12,19.739094,12740,11456,1284,0
european-seas,1997-07-13,19.91186,12740,11456,1284,0
european-seas,1997-07-14,20.007881,12740,11456,1284,0
european-seas,1997-07-15,19.96859,12740,11456,1284,0
european-seas,1997-07-16,19.907307,12740,11456,1284,0
european-seas,1997-07-17,19.922235,12740,11456,1284,0
european-seas,1997-07-18,19.958075,12740,11456,1284,0
european-seas,1997-07-19,20.044062,12740,11456,1284,0
european-seas,1997-07-20,20.216446,12740,11456,1284,0
european-seas,1997-07-21,20.409489,12740,11456,1284,0
european-seas,1997-07-22,20.536278,12740,11456,1284,0
european-seas,1997-07-23,20.623306,12740,11456,1284,0
european-seas,1997-07-24,20.663334,12740,11456,1284,0
european-seas,1997-07-25,20.654015,12740,11456,1284,0
european-seas,1997-07-26,20.835953,12740,11456,1284,0
european-seas,1997-07-27,20.948944,12740,11456,1284,0
european-seas,1997-07-28,20.974646,12740,11456,1284,0
european-seas,1997-07-29,20.990904,12740,11456,1284,0
european-seas,1997-07-30,20.986647,12740,11456,1284,0
european-seas,1997-07-31,20.950724,12740,11456,1284,0
european-seas,1997-08-01,20.960636,12740,11456,1284,0
european-seas,1997-08-02,21.005314,12740,11456,1284,0
european-seas,1997-08-03,21.10646,12740,11456,1284,0
european-seas,1997-08-04,21.123838,12740,11456,1284,0
european-seas,1997-08-05,21.12366,12740,11456,1284,0
european-seas,1997-08-06,21.253426,12740,11456,1284,0
european-seas,1997-08-07,21.418884,12740,11456,1284,0
european-seas,1997-08-08,21.455036,12740,11456,1284,0
european-seas,1997-08-09,21.416595,12740,11456,1284,0
european-seas,1997-08-10,21.497763,12740,11456,1284,0
european-seas,1997-08-11,21.651222,12740,11456,1284,0
european-seas,1997-08-12,21.776855,12740,11456,1284,0
european-seas,1997-08-13,21.821247,12740,11456,1284,0
european-seas,1997-08-14,21.895205,12740,11456,1284,0
european-seas,1997-08-15,21.951416,12740,11456,1284,0
european-seas,1997-08-16,22.001,12740,11456,1284,0
european-seas,1997-08-17,22.008951,12740,11456,1284,0
european-seas,1997-08-18,22.049,12740,11456,1284,0
european-seas,1997-08-19,22.1112,12740,11456,1284,0
european-seas,1997-08-20,22.089596,12740,11456,1284,0
european-seas,1997-08-21,21.986126,12740,11456,1284,0
european-seas,1997-08-22,21.87397,12740,11456,1284,0
european-seas,1997-08-23,21.755909,12740,11456,1284,0
european-seas,1997-08-24,21.664946,12740,11456,1284,0
european-seas,1997-08-25,21.635483,12740,11456,1284,0
european-seas,1997-08-26,21.590118,12740,11456,1284,0
european-seas,1997-08-27,21.503284,12740,11456,1284,0
european-seas,1997-08-28,21.48109,12740,11456,1284,0
european-seas,1997-08-29,21.3875,12740,11456,1284,0
european-seas,1997-08-30,21.284924,12740,11456,1284,0
european-seas,1997-08-31,21.165194,12740,11456,1284,0
european-seas,1997-09-01,21.004002,12740,11456,1284,0
european-seas,1997-09-02,20.911518,12740,11456,1284,0
european-seas,1997-09-03,20.847994,12740,11456,1284,0
european-seas,1997-09-04,20.77412,12740,11456,1284,0
european-seas,1997-09-05,20.706223,12740,11456,1284,0
european-seas,1997-09-06,20.565887,12740,11456,1284,0
european-seas,1997-09-07,20.42341,12740,11456,1284,0
european-seas,1997-09-08,20.377691,12740,11456,1284,0
european-seas,1997-09-09,20.331673,12740,11456,1284,0
european-seas,1997-09-10,20.303549,12740,11456,1284,0
european-seas,1997-09-11,20.299467,12740,11456,1284,0
european-seas,1997-09-12,20.290522,12740,11456,1284,0
european-seas,1997-09-13,20.223503,12740,11456,1284,0
european-seas,1997-09-14,20.10205,12740,11456,1284,0
european-seas,1997-09-15,20.004105,12740,11456,1284,0
european-seas,1997-09-16,19.922268,12740,11456,1284,0
european-seas,1997-09-17,19.794516,12740,11456,1284,0
european-seas,1997-09-18,19.730364,12740,11456,1284,0
european-seas,1997-09-19,19.712652,12740,11456,1284,0
european-seas,1997-09-20,19.666283,12740,11456,1284,0
european-seas,1997-09-21,19.581648,12740,11456,1284,0
european-seas,1997-09-22,19.55613,12740,11456,1284,0
european-seas,1997-09-23,19.58789,12740,11456,1284,0
european-seas,1997-09-24,19.599253,12740,11456,1284,0
european-seas,1997-09-25,19.54464,12740,11456,1284,0
european-seas,1997-09-26,19.446838,12740,11456,1284,0
european-seas,1997-09-27,19.351055,12740,11456,1284,0
european-seas,1997-09-28,19.301664,12740,11456,1284,0
european-seas,1997-09-29,19.237583,12740,11456,1284,0
european-seas,1997-09-30,19.21372,12740,11456,1284,0
european-seas,1997-10-01,19.210966,12740,11456,1284,0
european-seas,1997-10-02,19.220808,12740,11456,1284,0
european-seas,1997-10-03,19.186193,12740,11456,1284,0
european-seas,1997-10-04,19.130486,12740,11456,1284,0
european-seas,1997-10-05,19.023117,12740,11456,1284,0
european-seas,1997-10-06,18.94103,12740,11456,1284,0
european-seas,1997-10-07,18.891195,12740,11456,1284,0
european-seas,1997-10-08,18.880074,12740,11456,1284,0
european-seas,1997-10-09,18.88024,12740,11456,1284,0
european-seas,1997-10-10,18.835386,12740,11456,1284,0
european-seas,1997-10-11,18.806149,12740,11456,1284,0
european-seas,1997-10-12,18.72103,12740,11456,1284,0
european-seas,1997-10-13,18.633924,12740,11456,1284,0
european-seas,1997-10-14,18.486776,12740,11456,1284,0
european-seas,1997-10-15,18.34638,12740,11456,1284,0
european-seas,1997-10-16,18.245058,12740,11456,1284,0
european-seas,1997-10-17,18.223476,12740,11456,1284,0
european-seas,1997-10-18,18.12635,12740,11456,1284,0
european-seas,1997-10-19,18.009798,12740,11456,1284,0
european-seas,1997-10-20,17.860111,12740,11456,1284,0
european-seas,1997-10-21,17.687347,12740,11456,1284,0
european-seas,1997-10-22,17.590155,12740,11456,1284,0
european-seas,1997-10-23,17.543354,12740,11456,1284,0
european-seas,1997-10-24,17.509039,12740,11456,1284,0
european-seas,1997-10-25,17.42419,12740,11456,1284,0
european-seas,1997-10-26,17.26012,12740,11456,1284,0
european-seas,1997-10-27,17.156366,12740,11456,1284,0
european-seas,1997-10-28,17.110777,12740,11456,1284,0
european-seas,1997-10-29,17.008839,12740,11456,1284,0
european-seas,1997-10-30,16.860126,12740,11456,1284,0
european-seas,1997-10-31,16.735937,12740,11456,1284,0
european-seas,1997-11-01,16.646112,12740,11426,1284,30
european-seas,1997-11-02,16.527697,12740,11391,1284,65
european-seas,1997-11-03,16.45536,12740,11367,1284,89
european-seas,1997-11-04,16.378504,12740,11347,1284,109
european-seas,1997-11-05,16.276354,12740,11334,1284,122
european-seas,1997-11-06,16.229507,12740,11307,1284,149
european-seas,1997-11-07,16.212152,12740,11304,1284,152
european-seas,1997-11-08,16.136778,12740,11303,1284,153
european-seas,1997-11-09,16.063099,12740,11300,1284,156
european-seas,1997-11-10,15.962757,12740,11302,1284,154
european-seas,1997-11-11,15.859749,12740,11300,1284,156
european-seas,1997-11-12,15.785292,12740,11307,1284,149
european-seas,1997-11-13,15.664555,12740,11319,1284,137
european-seas,1997-11-14,15.560297,12740,11341,1284,115
european-seas,1997-11-15,15.463815,12740,11338,1284,118
european-seas,1997-11-16,15.379849,12740,11349,1284,107
european-seas,1997-11-17,15.304452,12740,11352,1284,104
european-seas,1997-11-18,15.223313,12740,11359,1284,97
european-seas,1997-11-19,15.152733,12740,11355,1284,101
european-seas,1997-11-20,15.092125,12740,11343,1284,113
european-seas,1997-11-21,15.039756,12740,11345,1284,111
european-seas,1997-11-22,14.97966,12740,11348,1284,108
european-seas,1997-11-23,14.864117,12740,11340,1284,116
european-seas,1997-11-24,14.762525,12740,11344,1284,112
european-seas,1997-11-25,14.699788,12740,11345,1284,111
european-seas,1997-11-26,14.680151,12740,11345,1284,111
european-seas,1997-11-27,14.65835,12740,11340,1284,116
european-seas,1997-11-28,14.646096,12740,11331,1284,125
european-seas,1997-11-29,14.585015,12740,11328,1284,128
european-seas,1997-11-30,14.521451,12740,11314,1284,142
european-seas,1997-12-01,14.535082,12740,11214,1284,242
european-seas,1997-12-02,14.486186,12740,11175,1284,281
european-seas,1997-12-03,14.41073,12740,11114,1284,342
european-seas,1997-12-04,14.3523855,12740,11082,1284,374
european-seas,1997-12-05,14.2764435,12740,11092,1284,364
european-seas,1997-12-06,14.203818,12740,11060,1284,396
european-seas,1997-12-07,14.127257,12740,11023,1284,433
european-seas,1997-12-08,14.0660305,12740,11011,1284,445
european-seas,1997-12-09,14.016521,12740,11006,1284,450
european-seas,1997-12-10,13.957753,12740,11023,1284,433
european-seas,1997-12-11,13.916511,12740,11035,1284,421
european-seas,1997-12-12,13.893739,12740,11061,1284,395
european-seas,1997-12-13,13.864096,12740,11068,1284,388
european-seas,1997-12-14,13.809493,12740,11075,1284,381
european-seas,1997-12-15,13.768673,12740,11084,1284,372
european-seas,1997-12-16,13.700266,12740,11089,1284,367
european-seas,1997-12-17,13.58184,12740,11084,1284,372
european-seas,1997-12-18,13.503916,12740,11076,1284,380
european-seas,1997-12-19,13.44312,12740,11070,1284,386
european-seas,1997-12-20,13.397413,12740,11069,1284,387
european-seas,1997-12-21,13.327181,12740,11102,1284,354
european-seas,1997-12-22,13.325543,12740,11049,1284,407
european-seas,1997-12-23,13.322315,12740,11017,1284,439
european-seas,1997-12-24,13.307691,12740,11025,1284,431
european-seas,1997-12-25,13.283539,12740,11035,1284,421
european-seas,1997-12-26,13.256777,12740,11036,1284,420
european-seas,1997-12-27,13.219237,12740,11036,1284,420
european-seas,1997-12-28,13.179126,12740,11019,1284,437
european-seas,1997-12-29,13.134982,12740,11014,1284,442
european-seas,1997-12-30,13.089737,12740,11011,1284,445
european-seas,1997-12-31,13.061783,12740,11001,1284,455
european-seas,1998-01-01,13.067791,12740,10839,1284,617
european-seas,1998-01-02,13.061156,12740,10736,1284,720
european-seas,1998-01-03,13.069731,12740,10696,1284,760
european-seas,1998-01-04,13.086981,12740,10659,1284,797
european-seas,1998-01-05,13.032855,12740,10683,1284,773
european-seas,1998-01-06,13.048824,12740,10715,1284,741
european-seas,1998-01-07,13.010893,12740,10752,1284,704
european-seas,1998-01-08,12.999018,12740,10792,1284,664
european-seas,1998-01-09,12.990269,12740,10809,1284,647
european-seas,1998-01-10,12.96668,12740,10807,1284,649
european-seas,1998-01-11,12.915594,12740,10817,1284,639
european-seas,1998-01-12,12.882951,12740,10798,1284,658
european-seas,1998-01-13,12.893509,12740,10782,1284,674
european-seas,1998-01-14,12.877584,12740,10746,1284,710
european-seas,1998-01-15,12.846225,12740,10753,1284,703
european-seas,1998-01-16,12.811259,12740,10738,1284,718
european-seas,1998-01-17,12.8013,12740,10711,1284,745
european-seas,1998-01-18,12.716644,12740,10754,1284,702
european-seas,1998-01-19,12.637656,12740,10792,1284,664
european-seas,1998-01-20,12.5771265,12740,10801,1284,655
european-seas,1998-01-21,12.52103,12740,10823,1284,633
european-seas,1998-01-22,12.463061,12740,10843,1284,613
european-seas,1998-01-23,12.401673,12740,10889,1284,567
european-seas,1998-01-24,12.355469,12740,10865,1284,591
european-seas,1998-01-25,12.307853,12740,10867,1284,589
european-seas,1998-01-26,12.240754,12740,10871,1284,585
european-seas,1998-01-27,12.194255,12740,10857,1284,599
european-seas,1998-01-28,12.162186,12740,10857,1284,599
european-seas,1998-01-29,12.151709,12740,10822,1284,634
european-seas,1998-01-30,12.13917,12740,10800,1284,656
european-seas,1998-01-31,12.101606,12740,10819,1284,637
european-seas,1998-02-01,12.11859,12740,10774,1284,682
european-seas,1998-02-02,12.139519,12740,10707,1284,749
european-seas,1998-02-03,12.141129,12740,10696,1284,760
european-seas,1998-02-04,12.180257,12740,10674,1284,782
european-seas,1998-02-05,12.12828,12740,10685,1284,771
european-seas,1998-02-06,12.096018,12740,10671,1284,785
european-seas,1998-02-07,12.097719,12740,10645,1284,811
european-seas,1998-02-08,12.05514,12740,10681,1284,775
european-seas,1998-02-09,12.029653,12740,10717,1284,739
european-seas,1998-02-10,12.024494,12740,10711,1284,745
european-seas,1998-02-11,12.075267,12740,10715,1284,741
european-seas,1998-02-12,12.151382,12740,10736,1284,720
european-seas,1998-02-13,12.243962,12740,10729,1284,727
european-seas,1998-02-14,12.246257,12740,10750,1284,706
european-seas,1998-02-15,12.209406,12740,10714,1284,742
european-seas,1998-02-16,12.153774,12740,10696,1284,760
european-seas,1998-02-17,12.13971,12740,10682,1284,774
european-seas,1998-02-18,12.12832,12740,10672,1284,784
european-seas,1998-02-19,12.122707,12740,10654,1284,802
european-seas,1998-02-20,12.185362,12740,10648,1284,808
european-seas,1998-02-21,12.2557955,12740,10654,1284,802
european-seas,1998-02-22,12.291346,12740,10656,1284,800
european-seas,1998-02-23,12.2710705,12740,10658,1284,798
european-seas,1998-02-24,12.272607,12740,10637,1284,819
european-seas,1998-02-25,12.250266,12740,10626,1284,830
european-seas,1998-02-26,12.202582,12740,10647,1284,809
european-seas,1998-02-27,12.160885,12740,10673,1284,783
european-seas,1998-02-28,12.171678,12740,10665,1284,791
european-seas,1998-03-01,12.214895,12740,10642,1284,814
european-seas,1998-03-02,12.185691,12740,10669,1284,787
european-seas,1998-03-03,12.181436,12740,10706,1284,750
european-seas,1998-03-04,12.251245,12740,10711,1284,745
european-seas,1998-03-05,12.24448,12740,10726,1284,730
european-seas,1998-03-06,12.246631,12740,10781,1284,675
european-seas,1998-03-07,12.255411,12740,10770,1284,686
european-seas,1998-03-08,12.245478,12740,10763,1284,693
european-seas,1998-03-09,12.247351,12740,10741,1284,715
european-seas,1998-03-10,12.187463,12740,10718,1284,738
european-seas,1998-03-11,12.060815,12740,10720,1284,736
european-seas,1998-03-12,11.9966545,12740,10710,1284,746
european-seas,1998-03-13,11.993857,12740,10690,1284,766
european-seas,1998-03-14,11.9836645,12740,10691,1284,765
european-seas,1998-03-15,11.97905,12740,10707,1284,749
european-seas,1998-03-16,11.990573,12740,10715,1284,741
european-seas,1998-03-17,11.98943,12740,10706,1284,750
european-seas,1998-03-18,12.014874,12740,10726,1284,730
european-seas,1998-03-19,12.057626,12740,10748,1284,708
european-seas,1998-03-20,12.032073,12740,10787,1284,669
european-seas,1998-03-21,12.026703,12740,10830,1284,626
european-seas,1998-03-22,12.007008,12740,10861,1284,595
european-seas,1998-03-23,12.001553,12740,10852,1284,604
european-seas,1998-03-24,11.963721,12740,10839,1284,617
european-seas,1998-03-25,11.927466,12740,10821,1284,635
european-seas,1998-03-26,11.975861,12740,10795,1284,661
european-seas,1998-03-27,12.019625,12740,10767,1284,689
european-seas,1998-03-28,12.03888,12740,10721,1284,735
european-seas,1998-03-29,12.116384,12740,10720,1284,736
european-seas,1998-03-30,12.194921,12740,10747,1284,709
european-seas,1998-03-31,12.256846,12740,10752,1284,704
european-seas,1998-04-01,12.303275,12740,10738,1284,718
european-seas,1998-04-02,12.361683,12740,10730,1284,726
european-seas,1998-04-03,12.455705,12740,10735,1284,721
european-seas,1998-04-04,12.5815525,12740,10751,1284,705
european-seas,1998-04-05,12.735681,12740,10738,1284,718
european-seas,1998-04-06,12.844065,12740,10742,1284,714
european-seas,1998-04-07,12.911284,12740,10762,1284,694
european-seas,1998-04-08,12.9316845,12740,10763,1284,693
european-seas,1998-04-09,12.912147,12740,10762,1284,694
european-seas,1998-04-10,12.863933,12740,10763,1284,693
european-seas,1998-04-11,12.865799,12740,10781,1284,675
european-seas,1998-04-12,12.98428,12740,10777,1284,679
european-seas,1998-04-13,13.0279665,12740,10743,1284,713
european-seas,1998-04-14,13.038563,12740,10736,1284,720
european-seas,1998-04-15,13.0278,12740,10780,1284,676
european-seas,1998-04-16,12.996084,12740,10800,1284,656
european-seas,1998-04-17,12.954066,12740,10797,1284,659
european-seas,1998-04-18,13.031186,12740,10778,1284,678
european-seas,1998-04-19,13.158926,12740,10756,1284,700
european-seas,1998-04-20,13.19876,12740,10750,1284,706
european-seas,1998-04-21,13.211461,12740,10723,1284,733
european-seas,1998-04-22,13.216238,12740,10709,1284,747
european-seas,1998-04-23,13.194913,12740,10680,1284,776
european-seas,1998-04-24,13.166037,12740,10695,1284,761
european-seas,1998-04-25,13.242708,12740,10685,1284,771
european-seas,1998-04-26,13.292178,12740,10670,1284,786
european-seas,1998-04-27,13.354844,12740,10664,1284,792
european-seas,1998-04-28,13.39364,12740,10720,1284,736
european-seas,1998-04-29,13.466721,12740,10809,1284,647
european-seas,1998-04-30,13.518837,12740,10879,1284,577
european-seas,1998-05-01,13.513983,12740,11027,1284,429
european-seas,1998-05-02,13.550336,12740,11027,1284,429
european-seas,1998-05-03,13.523863,12740,11023,1284,433
european-seas,1998-05-04,13.536741,12740,11022,1284,434
european-seas,1998-05-05,13.563654,12740,11018,1284,438
european-seas,1998-05-06,13.611604,12740,11026,1284,430
european-seas,1998-05-07,13.704787,12740,11026,1284,430
european-seas,1998-05-08,13.894395,12740,11026,1284,430
european-seas,1998-05-09,14.100361,12740,11040,1284,416
european-seas,1998-05-10,14.242815,12740,11056,1284,400
european-seas,1998-05-11,14.42578,12740,11060,1284,396
european-seas,1998-05-12,14.576184,12740,11059,1284,397
european-seas,1998-05-13,14.757894,12740,11051,1284,405
european-seas,1998-05-14,14.840956,12740,11059,1284,397
european-seas,1998-05-15,14.8837595,12740,11041,1284,415
european-seas,1998-05-16,14.975252,12740,11045,1284,411
european-seas,1998-05-17,15.162883,12740,11021,1284,435
european-seas,1998-05-18,15.248879,12740,11053,1284,403
european-seas,1998-05-19,15.3133545,12740,11063,1284,393
european-seas,1998-05-20,15.343619,12740,11072,1284,384
european-seas,1998-05-21,15.389433,12740,11079,1284,377
european-seas,1998-05-22,15.36964,12740,11083,1284,373
european-seas,1998-05-23,15.400213,12740,11095,1284,361
european-seas,1998-05-24,15.46016,12740,11104,1284,352
european-seas,1998-05-25,15.439068,12740,11106,1284,350
european-seas,1998-05-26,15.506402,12740,11111,1284,345
european-seas,1998-05-27,15.64693,12740,11113,1284,343
european-seas,1998-05-28,15.78828,12740,11114,1284,342
european-seas,1998-05-29,15.825278,12740,11155,1284,301
european-seas,1998-05-30,15.920889,12740,11199,1284,257
european-seas,1998-05-31,16.117838,12740,11296,1284,160
european-seas,1998-06-01,16.25586,12740,11456,1284,0
european-seas,1998-06-02,16.386116,12740,11456,1284,0
european-seas,1998-06-03,16.494926,12740,11456,1284,0
european-seas,1998-06-04,16.657465,12740,11456,1284,0
european-seas,1998-06-05,16.797321,12740,11456,1284,0
european-seas,1998-06-06,16.935493,12740,11456,1284,0
european-seas,1998-06-07,17.175114,12740,11456,1284,0
european-seas,1998-06-08,17.29464,12740,11456,1284,0
european-seas,1998-06-09,17.35524,12740,11456,1284,0
european-seas,1998-06-10,17.452148,12740,11456,1284,0
european-seas,1998-06-11,17.48986,12740,11456,1284,0
european-seas,1998-06-12,17.453268,12740,11456,1284,0
european-seas,1998-06-13,17.435467,12740,11456,1284,0
european-seas,1998-06-14,17.496298,12740,11456,1284,0
european-seas,1998-06-15,17.57817,12740,11456,1284,0
european-seas,1998-06-16,17.587782,12740,11456,1284,0
european-seas,1998-06-17,17.550798,12740,11456,1284,0
european-seas,1998-06-18,17.626549,12740,11456,1284,0
european-seas,1998-06-19,17.744904,12740,11456,1284,0
european-seas,1998-06-20,17.914488,12740,11456,1284,0
european-seas,1998-06-21,18.02034,12740,11456,1284,0
european-seas,1998-06-22,18.104942,12740,11456,1284,0
european-seas,1998-06-23,18.173206,12740,11456,1284,0
european-seas,1998-06-24,18.404577,12740,11456,1284,0
european-seas,1998-06-25,18.606955,12740,11456,1284,0
european-seas,1998-06-26,18.787153,12740,11456,1284,0
european-seas,1998-06-27,18.941465,12740,11456,1284,0
european-seas,1998-06-28,19.139984,12740,11456,1284,0
european-seas,1998-06-29,19.274942,12740,11456,1284,0
european-seas,1998-06-30,19.419739,12740,11456,1284,0
european-seas,1998-07-01,19.485968,12740,11456,1284,0
european-seas,1998-07-02,19.467781,12740,11456,1284,0
european-seas,1998-07-03,19.554935,12740,11456,1284,0
european-seas,1998-07-04,19.644093,12740,11456,1284,0
european-seas,1998-07-05,19.593126,12740,11456,1284,0
european-seas,1998-07-06,19.58701,12740,11456,1284,0
european-seas,1998-07-07,19.5016,12740,11456,1284,0
european-seas,1998-07-08,19.46857,12740,11456,1284,0
european-seas,1998-07-09,19.491564,12740,11456,1284,0
european-seas,1998-07-10,19.49185,12740,11456,1284,0
european-seas,1998-07-11,19.523499,12740,11456,1284,0
european-seas,1998-07-12,19.601444,12740,11456,1284,0
european-seas,1998-07-13,19.695566,12740,11456,1284,0
european-seas,1998-07-14,19.716267,12740,11456,1284,0
european-seas,1998-07-15,19.689363,12740,11456,1284,0
european-seas,1998-07-16,19.701344,12740,11456,1284,0
european-seas,1998-07-17,19.76712,12740,11456,1284,0
european-seas,1998-07-18,19.868677,12740,11456,1284,0
european-seas,1998-07-19,19.970528,12740,11456,1284,0
european-seas,1998-07-20,20.058088,12740,11456,1284,0
european-seas,1998-07-21,20.210552,12740,11456,1284,0
european-seas,1998-07-22,20.330194,12740,11456,1284,0
european-seas,1998-07-23,20.444897,12740,11456,1284,0
european-seas,1998-07-24,20.516684,12740,11456,1284,0
european-seas,1998-07-25,20.628073,12740,11456,1284,0
european-seas,1998-07-26,20.748411,12740,11456,1284,0
european-seas,1998-07-27,20.854242,12740,11456,1284,0
european-seas,1998-07-28,20.906162,12740,11456,1284,0
european-seas,1998-07-29,20.897968,12740,11456,1284,0
european-seas,1998-07-30,20.815147,12740,11456,1284,0
european-seas,1998-07-31,20.739304,12740,11456,1284,0
european-seas,1998-08-01,20.7856,12740,11456,1284,0
european-seas,1998-08-02,20.916632,12740,11456,1284,0
european-seas,1998-08-03,21.004242,12740,11456,1284,0
european-seas,1998-08-04,21.027084,12740,11456,1284,0
european-seas,1998-08-05,21.041237,12740,11456,1284,0
european-seas,1998-08-06,21.047396,12740,11456,1284,0
european-seas,1998-08-07,21.067001,12740,11456,1284,0
european-seas,1998-08-08,21.174688,12740,11456,1284,0
european-seas,1998-08-09,21.252863,12740,11456,1284,0
european-seas,1998-08-10,21.341627,12740,11456,1284,0
european-seas,1998-08-11,21.40114,12740,11456,1284,0
european-seas,1998-08-12,21.379286,12740,11456,1284,0
european-seas,1998-08-13,21.321266,12740,11456,1284,0
european-seas,1998-08-14,21.331327,12740,11456,1284,0
european-seas,1998-08-15,21.373878,12740,11456,1284,0
european-seas,1998-08-16,21.367899,12740,11456,1284,0
european-seas,1998-08-17,21.400566,12740,11456,1284,0
european-seas,1998-08-18,21.390882,12740,11456,1284,0
european-seas,1998-08-19,21.34996,12740,11456,1284,0
european-seas,1998-08-20,21.322018,12740,11456,1284,0
european-seas,1998-08-21,21.304293,12740,11456,1284,0
european-seas,1998-08-22,21.266869,12740,11456,1284,0
european-seas,1998-08-23,21.249329,12740,11456,1284,0
european-seas,1998-08-24,21.197063,12740,11456,1284,0
european-seas,1998-08-25,21.132406,12740,11456,1284,0
european-seas,1998-08-26,21.072529,12740,11456,1284,0
european-seas,1998-08-27,21.043648,12740,11456,1284,0
european-seas,1998-08-28,21.04257,12740,11456,1284,0
european-seas,1998-08-29,20.96167,12740,11456,1284,0
european-seas,1998-08-30,20.90221,12740,11456,1284,0
european-seas,1998-08-31,20.842268,12740,11456,1284,0
european-seas,1998-09-01,20.781374,12740,11456,1284,0
european-seas,1998-09-02,20.73144,12740,11456,1284,0
european-seas,1998-09-03,20.692291,12740,11456,1284,0
european-seas,1998-09-04,20.709871,12740,11456,1284,0
european-seas,1998-09-05,20.711376,12740,11456,1284,0
european-seas,1998-09-06,20.654652,12740,11456,1284,0
european-seas,1998-09-07,20.587252,12740,11456,1284,0
european-seas,1998-09-08,20.527815,12740,11456,1284,0
european-seas,1998-09-09,20.459309,12740,11456,1284,0
european-seas,1998-09-10,20.35584,12740,11456,1284,0
european-seas,1998-09-11,20.251226,12740,11456,1284,0
european-seas,1998-09-12,20.052797,12740,11456,1284,0
european-seas,1998-09-13,19.88136,12740,11456,1284,0
european-seas,1998-09-14,19.792252,12740,11456,1284,0
european-seas,1998-09-15,19.72496,12740,11456,1284,0
european-seas,1998-09-16,19.657585,12740,11456,1284,0
european-seas,1998-09-17,19.692764,12740,11456,1284,0
european-seas,1998-09-18,19.737755,12740,11456,1284,0
european-seas,1998-09-19,19.735956,12740,11456,1284,0
european-seas,1998-09-20,19.664778,12740,11456,1284,0
european-seas,1998-09-21,19.599394,12740,11456,1284,0
european-seas,1998-09-22,19.611305,12740,11456,1284,0
european-seas,1998-09-23,19.579565,12740,11456,1284,0
european-seas,1998-09-24,19.51792,12740,11456,1284,0
european-seas,1998-09-25,19.41181,12740,11456,1284,0
european-seas,1998-09-26,19.29183,12740,11456,1284,0
european-seas,1998-09-27,19.252342,12740,11456,1284,0
european-seas,1998-09-28,19.263792,12740,11456,1284,0
european-seas,1998-09-29,19.30735,12740,11456,1284,0
european-seas,1998-09-30,19.27483,12740,11456,1284,0
european-seas,1998-10-01,19.239359,12740,11456,1284,0
european-seas,1998-10-02,19.211971,12740,11456,1284,0
european-seas,1998-10-03,19.114796,12740,11456,1284,0
european-seas,1998-10-04,18.941734,12740,11456,1284,0
european-seas,1998-10-05,18.831226,12740,11456,1284,0
european-seas,1998-10-06,18.74777,12740,11456,1284,0
european-seas,1998-10-07,18.618044,12740,11456,1284,0
european-seas,1998-10-08,18.486944,12740,11456,1284,0
european-seas,1998-10-09,18.415302,12740,11456,1284,0
european-seas,1998-10-10,18.347929,12740,11456,1284,0
european-seas,1998-10-11,18.235819,12740,11456,1284,0
european-seas,1998-10-12,18.169323,12740,11456,1284,0
european-seas,1998-10-13,18.18868,12740,11456,1284,0
european-seas,1998-10-14,18.184826,12740,11456,1284,0
european-seas,1998-10-15,18.101585,12740,11456,1284,0
european-seas,1998-10-16,17.970793,12740,11456,1284,0
european-seas,1998-10-17,17.834173,12740,11456,1284,0
european-seas,1998-10-18,17.734142,12740,11456,1284,0
european-seas,1998-10-19,17.634546,12740,11456,1284,0
european-seas,1998-10-20,17.558107,12740,11456,1284,0
european-seas,1998-10-21,17.479033,12740,11456,1284,0
european-seas,1998-10-22,17.400656,12740,11456,1284,0
european-seas,1998-10-23,17.364202,12740,11456,1284,0
european-seas,1998-10-24,17.296366,12740,11456,1284,0
european-seas,1998-10-25,17.203009,12740,11456,1284,0
european-seas,1998-10-26,17.129404,12740,11456,1284,0
european-seas,1998-10-27,17.043228,12740,11456,1284,0
european-seas,1998-10-28,16.976948,12740,11456,1284,0
european-seas,1998-10-29,16.908323,12740,11456,1284,0
european-seas,1998-10-30,16.787104,12740,11456,1284,0
european-seas,1998-10-31,16.679808,12740,11456,1284,0
european-seas,1998-11-01,16.638618,12740,11422,1284,34
european-seas,1998-11-02,16.572441,12740,11397,1284,59
european-seas,1998-11-03,16.465128,12740,11384,1284,72
european-seas,1998-11-04,16.369799,12740,11376,1284,80
european-seas,1998-11-05,16.313066,12740,11386,1284,70
european-seas,1998-11-06,16.258686,12740,11395,1284,61
european-seas,1998-11-07,16.19962,12740,11391,1284,65
european-seas,1998-11-08,16.127182,12740,11378,1284,78
european-seas,1998-11-09,16.055248,12740,11371,1284,85
european-seas,1998-11-10,15.980899,12740,11347,1284,109
european-seas,1998-11-11,15.891194,12740,11353,1284,103
european-seas,1998-11-12,15.795489,12740,11343,1284,113
european-seas,1998-11-13,15.670161,12740,11338,1284,118
european-seas,1998-11-14,15.515669,12740,11345,1284,111
european-seas,1998-11-15,15.400291,12740,11359,1284,97
european-seas,1998-11-16,15.308053,12740,11360,1284,96
european-seas,1998-11-17,15.203571,12740,11363,1284,93
european-seas,1998-11-18,15.123408,12740,11344,1284,112
european-seas,1998-11-19,15.045768,12740,11328,1284,128
european-seas,1998-11-20,15.015259,12740,11316,1284,140
european-seas,1998-11-21,14.952216,12740,11310,1284,146
european-seas,1998-11-22,14.814652,12740,11305,1284,151
european-seas,1998-11-23,14.713589,12740,11285,1284,171
european-seas,1998-11-24,14.629041,12740,11284,1284,172
european-seas,1998-11-25,14.515245,12740,11301,1284,155
european-seas,1998-11-26,14.395803,12740,11317,1284,139
european-seas,1998-11-27,14.3498,12740,11321,1284,135
european-seas,1998-11-28,14.308479,12740,11311,1284,145
european-seas,1998-11-29,14.178074,12740,11302,1284,154
european-seas,1998-11-30,14.062481,12740,11302,1284,154
european-seas,1998-12-01,14.047815,12740,11234,1284,222
european-seas,1998-12-02,14.099643,12740,11140,1284,316
european-seas,1998-12-03,14.043449,12740,11092,1284,364
european-seas,1998-12-04,13.945602,12740,11056,1284,400
european-seas,1998-12-05,13.8624735,12740,11062,1284,394
european-seas,1998-12-06,13.7754,12740,11075,1284,381
european-seas,1998-12-07,13.754642,12740,11080,1284,376
european-seas,1998-12-08,13.711889,12740,11083,1284,373
european-seas,1998-12-09,13.635614,12740,11082,1284,374
european-seas,1998-12-10,13.586039,12740,11077,1284,379
european-seas,1998-12-11,13.544463,12740,11087,1284,369
european-seas,1998-12-12,13.545602,12740,11073,1284,383
european-seas,1998-12-13,13.535219,12740,11037,1284,419
european-seas,1998-12-14,13.531912,12740,11006,1284,450
european-seas,1998-12-15,13.533004,12740,10991,1284,465
european-seas,1998-12-16,13.481915,12740,10985,1284,471
european-seas,1998-12-17,13.436036,12740,11004,1284,452
european-seas,1998-12-18,13.404166,12740,11021,1284,435
european-seas,1998-12-19,13.371201,12740,11047,1284,409
european-seas,1998-12-20,13.28791,12740,11070,1284,386
european-seas,1998-12-21,13.194705,12740,11079,1284,377
european-seas,1998-12-22,13.135573,12740,11069,1284,387
european-seas,1998-12-23,13.066592,12740,11042,1284,414
european-seas,1998-12-24,12.990289,12740,11014,1284,442
european-seas,1998-12-25,12.993654,12740,10991,1284,465
european-seas,1998-12-26,12.944292,12740,10972,1284,484
european-seas,1998-12-27,12.856186,12740,10977,1284,479
european-seas,1998-12-28,12.801889,12740,10992,1284,464
european-seas,1998-12-29,12.778928,12740,11017,1284,439
european-seas,1998-12-30,12.757577,12740,11035,1284,421
european-seas,1998-12-31,12.736452,12740,11037,1284,419
european-seas,1999-01-01,12.750022,12740,10930,1284,526
european-seas,1999-01-02,12.776801,12740,10866,1284,590
european-seas,1999-01-03,12.785837,12740,10812,1284,644
european-seas,1999-01-04,12.828963,12740,10785,1284,671
european-seas,1999-01-05,12.833437,12740,10796,1284,660
european-seas,1999-01-06,12.786133,12740,10832,1284,624
european-seas,1999-01-07,12.689453,12740,10884,1284,572
european-seas,1999-01-08,12.623208,12740,10902,1284,554
european-seas,1999-01-09,12.5686655,12740,10886,1284,570
european-seas,1999-01-10,12.47009,12740,10890,1284,566
european-seas,1999-01-11,12.417271,12740,10847,1284,609
european-seas,1999-01-12,12.43231,12740,10819,1284,637
european-seas,1999-01-13,12.445401,12740,10790,1284,666
european-seas,1999-01-14,12.472203,12740,10735,1284,721
european-seas,1999-01-15,12.442995,12740,10716,1284,740
european-seas,1999-01-16,12.414857,12740,10711,1284,745
european-seas,1999-01-17,12.396197,12740,10713,1284,743
european-seas,1999-01-18,12.3907175,12740,10733,1284,723
european-seas,1999-01-19,12.395202,12740,10754,1284,702
european-seas,1999-01-20,12.395198,12740,10770,1284,686
european-seas,1999-01-21,12.379008,12740,10783,1284,673
european-seas,1999-01-22,12.342256,12740,10773,1284,683
european-seas,1999-01-23,12.2809725,12740,10789,1284,667
european-seas,1999-01-24,12.201569,12740,10797,1284,659
european-seas,1999-01-25,12.220253,12740,10799,1284,657
european-seas,1999-01-26,12.265831,12740,10790,1284,666
european-seas,1999-01-27,12.25855,12740,10781,1284,675
european-seas,1999-01-28,12.23327,12740,10759,1284,697
european-seas,1999-01-29,12.150718,12740,10781,1284,675
european-seas,1999-01-30,12.110863,12740,10799,1284,657
european-seas,1999-01-31,12.126766,12740,10779,1284,677
european-seas,1999-02-01,12.1365595,12740,10712,1284,744
european-seas,1999-02-02,12.157962,12740,10651,1284,805
european-seas,1999-02-03,12.131852,12740,10627,1284,829
european-seas,1999-02-04,12.1302395,12740,10626,1284,830
european-seas,1999-02-05,12.103506,12740,10626,1284,830
european-seas,1999-02-06,12.015225,12740,10651,1284,805
european-seas,1999-02-07,11.92823,12740,10642,1284,814
european-seas,1999-02-08,11.845016,12740,10693,1284,763
european-seas,1999-02-09,11.791411,12740,10726,1284,730
european-seas,1999-02-10,11.7878895,12740,10727,1284,729
european-seas,1999-02-11,11.741304,12740,10729,1284,727
european-seas,1999-02-12,11.683114,12740,10722,1284,734
european-seas,1999-02-13,11.704053,12740,10681,1284,775
european-seas,1999-02-14,11.652646,12740,10680,1284,776
european-seas,1999-02-15,11.625024,12740,10688,1284,768
european-seas,1999-02-16,11.625386,12740,10665,1284,791
european-seas,1999-02-17,11.646463,12740,10671,1284,785
european-seas,1999-02-18,11.677153,12740,10670,1284,786
european-seas,1999-02-19,11.701794,12740,10672,1284,784
european-seas,1999-02-20,11.664918,12740,10707,1284,749
european-seas,1999-02-21,11.631024,12740,10700,1284,756
european-seas,1999-02-22,11.616915,12740,10680,1284,776
european-seas,1999-02-23,11.621968,12740,10685,1284,771
european-seas,1999-02-24,11.642409,12740,10690,1284,766
european-seas,1999-02-25,11.7031765,12740,10686,1284,770
european-seas,1999-02-26,11.768871,12740,10668,1284,788
european-seas,1999-02-27,11.826937,12740,10666,1284,790
european-seas,1999-02-28,11.898441,12740,10660,1284,796
european-seas,1999-03-01,11.990348,12740,10659,1284,797
european-seas,1999-03-02,12.011851,12740,10665,1284,791
european-seas,1999-03-03,11.976982,12740,10665,1284,791
european-seas,1999-03-04,11.906462,12740,10672,1284,784
european-seas,1999-03-05,11.866842,12740,10707,1284,749
european-seas,1999-03-06,11.92566,12740,10702,1284,754
european-seas,1999-03-07,11.926663,12740,10735,1284,721
european-seas,1999-03-08,11.956843,12740,10754,1284,702
european-seas,1999-03-09,11.9718,12740,10765,1284,691
european-seas,1999-03-10,11.972257,12740,10750,1284,706
european-seas,1999-03-11,11.94584,12740,10779,1284,677
european-seas,1999-03-12,11.967729,12740,10806,1284,650
european-seas,1999-03-13,11.989208,12740,10802,1284,654
european-seas,1999-03-14,11.981558,12740,10789,1284,667
european-seas,1999-03-15,11.986243,12740,10767,1284,689
european-seas,1999-03-16,11.956377,12740,10766,1284,690
european-seas,1999-03-17,11.950851,12740,10760,1284,696
european-seas,1999-03-18,11.976263,12740,10735,1284,721
european-seas,1999-03-19,11.940739,12740,10700,1284,756
european-seas,1999-03-20,11.928724,12740,10703,1284,753
european-seas,1999-03-21,11.975164,12740,10696,1284,760
european-seas,1999-03-22,12.01999,12740,10683,1284,773
european-seas,1999-03-23,12.098967,12740,10667,1284,789
european-seas,1999-03-24,12.071718,12740,10673,1284,783
european-seas,1999-03-25,12.082155,12740,10679,1284,777
european-seas,1999-03-26,12.086293,12740,10684,1284,772
european-seas,1999-03-27,12.102194,12740,10694,1284,762
european-seas,1999-03-28,12.160579,12740,10688,1284,768
european-seas,1999-03-29,12.172182,12740,10694,1284,762
european-seas,1999-03-30,12.15759,12740,10706,1284,750
european-seas,1999-03-31,12.203101,12740,10736,1284,720
european-seas,1999-04-01,12.301515,12740,10732,1284,724
european-seas,1999-04-02,12.411708,12740,10725,1284,731
european-seas,1999-04-03,12.518268,12740,10703,1284,753
european-seas,1999-04-04,12.650529,12740,10682,1284,774
european-seas,1999-04-05,12.722581,12740,10695,1284,761
european-seas,1999-04-06,12.790398,12740,10705,1284,751
european-seas,1999-04-07,12.809931,12740,10698,1284,758
european-seas,1999-04-08,12.807711,12740,10677,1284,779
european-seas,1999-04-09,12.862301,12740,10668,1284,788
european-seas,1999-04-10,12.834983,12740,10671,1284,785
european-seas,1999-04-11,12.802368,12740,10713,1284,743
european-seas,1999-04-12,12.87006,12740,10705,1284,751
european-seas,1999-04-13,12.825454,12740,10696,1284,760
european-seas,1999-04-14,12.800828,12740,10712,1284,744
european-seas,1999-04-15,12.751632,12740,10753,1284,703
european-seas,1999-04-16,12.752974,12740,10749,1284,707
european-seas,1999-04-17,12.740275,12740,10758,1284,698
european-seas,1999-04-18,12.799167,12740,10738,1284,718
european-seas,1999-04-19,12.858693,12740,10738,1284,718
european-seas,1999-04-20,12.889045,12740,10736,1284,720
european-seas,1999-04-21,12.994602,12740,10705,1284,751
european-seas,1999-04-22,13.119842,12740,10708,1284,748
european-seas,1999-04-23,13.209533,12740,10689,1284,767
european-seas,1999-04-24,13.280207,12740,10671,1284,785
european-seas,1999-04-25,13.38453,12740,10668,1284,788
european-seas,1999-04-26,13.498635,12740,10677,1284,779
european-seas,1999-04-27,13.579124,12740,10672,1284,784
european-seas,1999-04-28,13.566003,12740,10727,1284,729
european-seas,1999-04-29,13.584465,12740,10814,1284,642
european-seas,1999-04-30,13.713152,12740,10951,1284,505
european-seas,1999-05-01,13.800611,12740,11145,1284,311
european-seas,1999-05-02,13.972946,12740,11166,1284,290
european-seas,1999-05-03,14.109726,12740,11175,1284,281
european-seas,1999-05-04,14.20156,12740,11182,1284,274
european-seas,1999-05-05,14.250918,12740,11185,1284,271
european-seas,1999-05-06,14.24518,12740,11191,1284,265
european-seas,1999-05-07,14.312192,12740,11181,1284,275
european-seas,1999-05-08,14.327903,12740,11152,1284,304
european-seas,1999-05-09,14.431074,12740,11145,1284,311
european-seas,1999-05-10,14.580772,12740,11135,1284,321
european-seas,1999-05-11,14.738704,12740,11153,1284,303
european-seas,1999-05-12,14.940032,12740,11154,1284,302
european-seas,1999-05-13,15.074256,12740,11154,1284,302
european-seas,1999-05-14,15.19044,12740,11172,1284,284
european-seas,1999-05-15,15.279065,12740,11166,1284,290
european-seas,1999-05-16,15.334542,12740,11155,1284,301
european-seas,1999-05-17,15.347339,12740,11125,1284,331
european-seas,1999-05-18,15.405512,12740,11081,1284,375
european-seas,1999-05-19,15.459912,12740,11073,1284,383
european-seas,1999-05-20,15.499729,12740,11041,1284,415
european-seas,1999-05-21,15.482553,12740,11036,1284,420
european-seas,1999-05-22,15.485234,12740,11049,1284,407
european-seas,1999-05-23,15.5987835,12740,11047,1284,409
european-seas,1999-05-24,15.704425,12740,11076,1284,380
european-seas,1999-05-25,15.824835,12740,11091,1284,365
european-seas,1999-05-26,16.07778,12740,11086,1284,370
european-seas,1999-05-27,16.316227,12740,11093,1284,363
european-seas,1999-05-28,16.457203,12740,11092,1284,364
european-seas,1999-05-29,16.586641,12740,11131,1284,325
european-seas,1999-05-30,16.776302,12740,11190,1284,266
european-seas,1999-05-31,16.872154,12740,11303,1284,153
european-seas,1999-06-01,16.942719,12740,11456,1284,0
european-seas,1999-06-02,17.041231,12740,11456,1284,0
european-seas,1999-06-03,17.112825,12740,11456,1284,0
european-seas,1999-06-04,17.182365,12740,11456,1284,0
european-seas,1999-06-05,17.310966,12740,11456,1284,0
european-seas,1999-06-06,17.465368,12740,11456,1284,0
european-seas,1999-06-07,17.624868,12740,11456,1284,0
european-seas,1999-06-08,17.683039,12740,11456,1284,0
european-seas,1999-06-09,17.605106,12740,11456,1284,0
european-seas,1999-06-10,17.672218,12740,11456,1284,0
european-seas,1999-06-11,17.73645,12740,11456,1284,0
european-seas,1999-06-12,17.893877,12740,11456,1284,0
european-seas,1999-06-13,18.080446,12740,11456,1284,0
european-seas,1999-06-14,18.22921,12740,11456,1284,0
european-seas,1999-06-15,18.352394,12740,11456,1284,0
european-seas,1999-06-16,18.513086,12740,11456,1284,0
european-seas,1999-06-17,18.592249,12740,11456,1284,0
european-seas,1999-06-18,18.618786,12740,11456,1284,0
european-seas,1999-06-19,18.703966,12740,11456,1284,0
european-seas,1999-06-20,18.753757,12740,11456,1284,0
european-seas,1999-06-21,18.765295,12740,11456,1284,0
european-seas,1999-06-22,18.654247,12740,11456,1284,0
european-seas,1999-06-23,18.592493,12740,11456,1284,0
european-seas,1999-06-24,18.536581,12740,11456,1284,0
european-seas,1999-06-25,18.591457,12740,11456,1284,0
european-seas,1999-06-26,18.674862,12740,11456,1284,0
european-seas,1999-06-27,18.74626,12740,11456,1284,0
european-seas,1999-06-28,18.800577,12740,11456,1284,0
european-seas,1999-06-29,18.879889,12740,11456,1284,0
european-seas,1999-06-30,19.044918,12740,11456,1284,0
european-seas,1999-07-01,19.165651,12740,11456,1284,0
european-seas,1999-07-02,19.310936,12740,11456,1284,0
european-seas,1999-07-03,19.501297,12740,11456,1284,0
european-seas,1999-07-04,19.742407,12740,11456,1284,0
european-seas,1999-07-05,19.998114,12740,11456,1284,0
european-seas,1999-07-06,20.1275,12740,11456,1284,0
european-seas,1999-07-07,20.203293,12740,11456,1284,0
european-seas,1999-07-08,20.327791,12740,11456,1284,0
european-seas,1999-07-09,20.479755,12740,11456,1284,0
european-seas,1999-07-10,20.619513,12740,11456,1284,0
european-seas,1999-07-11,20.734945,12740,11456,1284,0
european-seas,1999-07-12,20.7086,12740,11456,1284,0
european-seas,1999-07-13,20.644217,12740,11456,1284,0
european-seas,1999-07-14,20.579082,12740,11456,1284,0
european-seas,1999-07-15,20.553598,12740,11456,1284,0
european-seas,1999-07-16,20.583519,12740,11456,1284,0
european-seas,1999-07-17,20.67195,12740,11456,1284,0
european-seas,1999-07-18,20.778734,12740,11456,1284,0
european-seas,1999-07-19,20.84414,12740,11456,1284,0
european-seas,1999-07-20,20.8782,12740,11456,1284,0
european-seas,1999-07-21,20.847895,12740,11456,1284,0
european-seas,1999-07-22,20.797264,12740,11456,1284,0
european-seas,1999-07-23,20.77946,12740,11456,1284,0
european-seas,1999-07-24,20.808275,12740,11456,1284,0
european-seas,1999-07-25,20.86048,12740,11456,1284,0
european-seas,1999-07-26,20.843039,12740,11456,1284,0
european-seas,1999-07-27,20.876078,12740,11456,1284,0
european-seas,1999-07-28,20.903229,12740,11456,1284,0
european-seas,1999-07-29,21.053427,12740,11456,1284,0
european-seas,1999-07-30,21.21029,12740,11456,1284,0
european-seas,1999-07-31,21.410114,12740,11456,1284,0
european-seas,1999-08-01,21.608818,12740,11456,1284,0
european-seas,1999-08-02,21.684172,12740,11456,1284,0
european-seas,1999-08-03,21.757788,12740,11456,1284,0
european-seas,1999-08-04,21.788286,12740,11456,1284,0
european-seas,1999-08-05,21.835331,12740,11456,1284,0
european-seas,1999-08-06,21.816097,12740,11456,1284,0
european-seas,1999-08-07,21.733206,12740,11456,1284,0
european-seas,1999-08-08,21.618332,12740,11456,1284,0
european-seas,1999-08-09,21.612743,12740,11456,1284,0
european-seas,1999-08-10,21.708492,12740,11456,1284,0
european-seas,1999-08-11,21.693035,12740,11456,1284,0
european-seas,1999-08-12,21.650084,12740,11456,1284,0
european-seas,1999-08-13,21.67442,12740,11456,1284,0
european-seas,1999-08-14,21.698868,12740,11456,1284,0
european-seas,1999-08-15,21.702482,12740,11456,1284,0
european-seas,1999-08-16,21.638763,12740,11456,1284,0
european-seas,1999-08-17,21.571745,12740,11456,1284,0
european-seas,1999-08-18,21.575008,12740,11456,1284,0
european-seas,1999-08-19,21.558208,12740,11456,1284,0
european-seas,1999-08-20,21.592146,12740,11456,1284,0
european-seas,1999-08-21,21.635523,12740,11456,1284,0
european-seas,1999-08-22,21.695671,12740,11456,1284,0
european-seas,1999-08-23,21.767807,12740,11456,1284,0
european-seas,1999-08-24,21.764862,12740,11456,1284,0
european-seas,1999-08-25,21.684551,12740,11456,1284,0
european-seas,1999-08-26,21.651728,12740,11456,1284,0
european-seas,1999-08-27,21.622131,12740,11456,1284,0
european-seas,1999-08-28,21.584103,12740,11456,1284,0
european-seas,1999-08-29,21.549149,12740,11456,1284,0
european-seas,1999-08-30,21.522625,12740,11456,1284,0
european-seas,1999-08-31,21.496952,12740,11456,1284,0
european-seas,1999-09-01,21.498873,12740,11456,1284,0
european-seas,1999-09-02,21.556782,12740,11456,1284,0
european-seas,1999-09-03,21.520275,12740,11456,1284,0
european-seas,1999-09-04,21.473555,12740,11456,1284,0
european-seas,1999-09-05,21.394493,12740,11456,1284,0
european-seas,1999-09-06,21.319956,12740,11456,1284,0
european-seas,1999-09-07,21.267084,12740,11456,1284,0
european-seas,1999-09-08,21.158907,12740,11456,1284,0
european-seas,1999-09-09,21.217829,12740,11456,1284,0
european-seas,1999-09-10,21.253712,12740,11456,1284,0
european-seas,1999-09-11,21.214499,12740,11456,1284,0
european-seas,1999-09-12,21.097708,12740,11456,1284,0
european-seas,1999-09-13,20.980614,12740,11456,1284,0
european-seas,1999-09-14,20.869879,12740,11456,1284,0
european-seas,1999-09-15,20.788874,12740,11456,1284,0
european-seas,1999-09-16,20.695333,12740,11456,1284,0
european-seas,1999-09-17,20.624918,12740,11456,1284,0
european-seas,1999-09-18,20.565374,12740,11456,1284,0
european-seas,1999-09-19,20.472275,12740,11456,1284,0
european-seas,1999-09-20,20.353588,12740,11456,1284,0
european-seas,1999-09-21,20.271082,12740,11456,1284,0
european-seas,1999-09-22,20.264706,12740,11456,1284,0
european-seas,1999-09-23,20.23372,12740,11456,1284,0
european-seas,1999-09-24,20.202436,12740,11456,1284,0
european-seas,1999-09-25,20.194624,12740,11456,1284,0
european-seas,1999-09-26,20.190926,12740,11456,1284,0
european-seas,1999-09-27,20.202637,12740,11456,1284,0
european-seas,1999-09-28,20.198357,12740,11456,1284,0
european-seas,1999-09-29,20.158794,12740,11456,1284,0
european-seas,1999-09-30,20.068434,12740,11456,1284,0
european-seas,1999-10-01,19.952015,12740,11456,1284,0
european-seas,1999-10-02,19.814985,12740,11456,1284,0
european-seas,1999-10-03,19.642427,12740,11456,1284,0
european-seas,1999-10-04,19.508217,12740,11456,1284,0
european-seas,1999-10-05,19.469378,12740,11456,1284,0
european-seas,1999-10-06,19.414604,12740,11456,1284,0
european-seas,1999-10-07,19.321558,12740,11456,1284,0
european-seas,1999-10-08,19.21385,12740,11456,1284,0
european-seas,1999-10-09,19.02835,12740,11456,1284,0
european-seas,1999-10-10,18.876791,12740,11456,1284,0
european-seas,1999-10-11,18.76164,12740,11456,1284,0
european-seas,1999-10-12,18.67102,12740,11456,1284,0
european-seas,1999-10-13,18.570139,12740,11456,1284,0
european-seas,1999-10-14,18.516186,12740,11456,1284,0
european-seas,1999-10-15,18.477165,12740,11456,1284,0
european-seas,1999-10-16,18.388903,12740,11456,1284,0
european-seas,1999-10-17,18.25729,12740,11456,1284,0
european-seas,1999-10-18,18.121874,12740,11456,1284,0
european-seas,1999-10-19,18.01969,12740,11456,1284,0
european-seas,1999-10-20,17.9057,12740,11456,1284,0
european-seas,1999-10-21,17.8029,12740,11456,1284,0
european-seas,1999-10-22,17.769003,12740,11456,1284,0
european-seas,1999-10-23,17.689548,12740,11456,1284,0
european-seas,1999-10-24,17.635942,12740,11456,1284,0
european-seas,1999-10-25,17.617622,12740,11456,1284,0
european-seas,1999-10-26,17.57529,12740,11456,1284,0
european-seas,1999-10-27,17.598248,12740,11456,1284,0
european-seas,1999-10-28,17.504942,12740,11456,1284,0
european-seas,1999-10-29,17.427025,12740,11456,1284,0
european-seas,1999-10-30,17.353275,12740,11456,1284,0
european-seas,1999-10-31,17.314873,12740,11456,1284,0
european-seas,1999-11-01,17.317091,12740,11376,1284,80
european-seas,1999-11-02,17.259804,12740,11313,1284,143
european-seas,1999-11-03,17.170158,12740,11293,1284,163
european-seas,1999-11-04,17.105968,12740,11272,1284,184
european-seas,1999-11-05,17.066767,12740,11288,1284,168
european-seas,1999-11-06,16.998627,12740,11299,1284,157
european-seas,1999-11-07,16.852797,12740,11306,1284,150
european-seas,1999-11-08,16.715235,12740,11309,1284,147
european-seas,1999-11-09,16.592562,12740,11322,1284,134
european-seas,1999-11-10,16.526266,12740,11313,1284,143
european-seas,1999-11-11,16.437298,12740,11309,1284,147
european-seas,1999-11-12,16.370579,12740,11321,1284,135
european-seas,1999-11-13,16.23167,12740,11309,1284,147
european-seas,1999-11-14,16.047249,12740,11305,1284,151
european-seas,1999-11-15,15.922855,12740,11321,1284,135
european-seas,1999-11-16,15.921574,12740,11328,1284,128
european-seas,1999-11-17,15.892709,12740,11339,1284,117
european-seas,1999-11-18,15.760002,12740,11342,1284,114
european-seas,1999-11-19,15.641744,12740,11333,1284,123
european-seas,1999-11-20,15.475032,12740,11325,1284,131
european-seas,1999-11-21,15.361675,12740,11318,1284,138
european-seas,1999-11-22,15.225951,12740,11315,1284,141
european-seas,1999-11-23,15.188014,12740,11309,1284,147
european-seas,1999-11-24,15.158825,12740,11297,1284,159
european-seas,1999-11-25,15.098098,12740,11300,1284,156
european-seas,1999-11-26,15.023093,12740,11286,1284,170
european-seas,1999-11-27,14.90304,12740,11277,1284,179
european-seas,1999-11-28,14.793614,12740,11278,1284,178
european-seas,1999-11-29,14.667494,12740,11288,1284,168
european-seas,1999-11-30,14.556863,12740,11290,1284,166
european-seas,1999-12-01,14.610762,12740,11116,1284,340
european-seas,1999-12-02,14.602541,12740,11079,1284,377
european-seas,1999-12-03,14.538935,12740,11031,1284,425
european-seas,1999-12-04,14.451224,12740,10999,1284,457
european-seas,1999-12-05,14.368552,12740,11043,1284,413
european-seas,1999-12-06,14.330221,12740,11015,1284,441
european-seas,1999-12-07,14.293868,12740,10982,1284,474
european-seas,1999-12-08,14.243743,12740,10994,1284,462
european-seas,1999-12-09,14.225397,12740,10950,1284,506
european-seas,1999-12-10,14.16154,12740,10967,1284,489
european-seas,1999-12-11,14.022211,12740,10996,1284,460
european-seas,1999-12-12,13.916394,12740,10998,1284,458
european-seas,1999-12-13,13.80769,12740,11025,1284,431
european-seas,1999-12-14,13.752729,12740,11008,1284,448
european-seas,1999-12-15,13.743112,12740,10977,1284,479
european-seas,1999-12-16,13.667045,12740,10985,1284,471
european-seas,1999-12-17,13.583519,12740,11006,1284,450
european-seas,1999-12-18,13.500326,12740,11009,1284,447
european-seas,1999-12-19,13.336644,12740,11013,1284,443
european-seas,1999-12-20,13.310888,12740,10974,1284,482
european-seas,1999-12-21,13.241676,12740,11012,1284,444
european-seas,1999-12-22,13.235451,12740,11011,1284,445
european-seas,1999-12-23,13.185545,12740,11004,1284,452
european-seas,1999-12-24,13.151652,12740,10996,1284,460
european-seas,1999-12-25,13.077948,12740,11004,1284,452
european-seas,1999-12-26,12.966175,12740,11028,1284,428
european-seas,1999-12-27,12.886443,12740,11056,1284,400
european-seas,1999-12-28,12.853361,12740,11074,1284,382
european-seas,1999-12-29,12.816234,12740,11090,1284,366
european-seas,1999-12-30,12.764057,12740,11089,1284,367
european-seas,1999-12-31,12.736633,12740,11068,1284,388
european-seas,2000-01-01,12.730297,12740,10974,1284,482
european-seas,2000-01-02,12.727811,12740,10926,1284,530
european-seas,2000-01-03,12.77484,12740,10853,1284,603
european-seas,2000-01-04,12.779115,12740,10816,1284,640
european-seas,2000-01-05,12.714205,12740,10779,1284,677
european-seas,2000-01-06,12.64368,12740,10815,1284,641
european-seas,2000-01-07,12.650598,12740,10832,1284,624
european-seas,2000-01-08,12.611716,12740,10847,1284,609
european-seas,2000-01-09,12.577976,12740,10817,1284,639
european-seas,2000-01-10,12.500712,12740,10872,1284,584
european-seas,2000-01-11,12.420548,12740,10908,1284,548
european-seas,2000-01-12,12.33279,12740,10947,1284,509
european-seas,2000-01-13,12.315845,12740,10913,1284,543
european-seas,2000-01-14,12.289395,12740,10873,1284,583
european-seas,2000-01-15,12.214578,12740,10850,1284,606
european-seas,2000-01-16,12.099849,12740,10849,1284,607
european-seas,2000-01-17,12.125028,12740,10831,1284,625
european-seas,2000-01-18,12.128506,12740,10807,1284,649
european-seas,2000-01-19,12.181428,12740,10790,1284,666
european-seas,2000-01-20,12.10718,12740,10821,1284,635
european-seas,2000-01-21,12.021861,12740,10862,1284,594
european-seas,2000-01-22,11.90964,12740,10894,1284,562
european-seas,2000-01-23,11.850324,12740,10877,1284,579
european-seas,2000-01-24,11.786519,12740,10868,1284,588
european-seas,2000-01-25,11.752387,12740,10860,1284,596
european-seas,2000-01-26,11.7432785,12740,10819,1284,637
european-seas,2000-01-27,11.72592,12740,10779,1284,677
european-seas,2000-01-28,11.697818,12740,10766,1284,690
european-seas,2000-01-29,11.7048,12740,10777,1284,679
european-seas,2000-01-30,11.713959,12740,10784,1284,672
european-seas,2000-01-31,11.753632,12740,10791,1284,665
european-seas,2000-02-01,11.809022,12740,10773,1284,683
european-seas,2000-02-02,11.8082485,12740,10809,1284,647
european-seas,2000-02-03,11.784678,12740,10823,1284,633
european-seas,2000-02-04,11.835535,12740,10792,1284,664
european-seas,2000-02-05,11.844682,12740,10797,1284,659
european-seas,2000-02-06,11.849277,12740,10802,1284,654
european-seas,2000-02-07,11.884074,12740,10786,1284,670
european-seas,2000-02-08,11.878621,12740,10790,1284,666
european-seas,2000-02-09,11.927439,12740,10784,1284,672
european-seas,2000-02-10,11.90187,12740,10790,1284,666
european-seas,2000-02-11,11.902686,12740,10806,1284,650
european-seas,2000-02-12,11.849951,12740,10821,1284,635
european-seas,2000-02-13,11.861281,12740,10839,1284,617
european-seas,2000-02-14,11.848111,12740,10865,1284,591
european-seas,2000-02-15,11.804229,12740,10906,1284,550
european-seas,2000-02-16,11.719676,12740,10963,1284,493
european-seas,2000-02-17,11.697046,12740,10983,1284,473
european-seas,2000-02-18,11.713714,12740,10982,1284,474
european-seas,2000-02-19,11.734224,12740,10987,1284,469
european-seas,2000-02-20,11.718559,12740,10968,1284,488
european-seas,2000-02-21,11.711727,12740,10940,1284,516
european-seas,2000-02-22,11.678413,12740,10911,1284,545
european-seas,2000-02-23,11.669791,12740,10894,1284,562
european-seas,2000-02-24,11.717478,12740,10857,1284,599
european-seas,2000-02-25,11.769072,12740,10809,1284,647
european-seas,2000-02-26,11.782467,12740,10775,1284,681
european-seas,2000-02-27,11.786706,12740,10746,1284,710
european-seas,2000-02-28,11.737715,12740,10783,1284,673
european-seas,2000-02-29,11.766072,12740,10755,1284,701
european-seas,2000-03-01,11.8213005,12740,10750,1284,706
european-seas,2000-03-02,11.8051195,12740,10787,1284,669
european-seas,2000-03-03,11.805259,12740,10794,1284,662
european-seas,2000-03-04,11.802862,12740,10800,1284,656
european-seas,2000-03-05,11.741833,12740,10818,1284,638
european-seas,2000-03-06,11.676972,12740,10819,1284,637
european-seas,2000-03-07,11.619093,12740,10858,1284,598
european-seas,2000-03-08,11.6655,12740,10879,1284,577
european-seas,2000-03-09,11.744419,12740,10874,1284,582
european-seas,2000-03-10,11.814921,12740,10897,1284,559
european-seas,2000-03-11,11.849699,12740,10894,1284,562
european-seas,2000-03-12,11.871179,12740,10875,1284,581
european-seas,2000-03-13,11.8319235,12740,10882,1284,574
european-seas,2000-03-14,11.825875,12740,10868,1284,588
european-seas,2000-03-15,11.824014,12740,10870,1284,586
european-seas,2000-03-16,11.897669,12740,10869,1284,587
european-seas,2000-03-17,11.993277,12740,10868,1284,588
european-seas,2000-03-18,12.011685,12740,10871,1284,585
european-seas,2000-03-19,11.92977,12740,10876,1284,580
european-seas,2000-03-20,11.891908,12740,10874,1284,582
european-seas,2000-03-21,11.899282,12740,10908,1284,548
european-seas,2000-03-22,11.903063,12740,10909,1284,547
european-seas,2000-03-23,11.946358,12740,10914,1284,542
european-seas,2000-03-24,11.94034,12740,10929,1284,527
european-seas,2000-03-25,11.955527,12740,10959,1284,497
european-seas,2000-03-26,11.996071,12740,10962,1284,494
european-seas,2000-03-27,12.0342245,12740,10972,1284,484
european-seas,2000-03-28,12.014921,12740,10951,1284,505
european-seas,2000-03-29,12.015589,12740,10946,1284,510
european-seas,2000-03-30,12.079399,12740,10941,1284,515
european-seas,2000-03-31,12.134404,12740,10934,1284,522
european-seas,2000-04-01,12.249839,12740,10921,1284,535
european-seas,2000-04-02,12.296153,12740,10913,1284,543
european-seas,2000-04-03,12.242659,12740,10918,1284,538
european-seas,2000-04-04,12.213275,12740,10930,1284,526
european-seas,2000-04-05,12.189461,12740,10945,1284,511
european-seas,2000-04-06,12.259388,12740,10942,1284,514
european-seas,2000-04-07,12.275629,12740,10940,1284,516
european-seas,2000-04-08,12.283753,12740,10953,1284,503
european-seas,2000-04-09,12.265827,12740,10952,1284,504
european-seas,2000-04-10,12.224378,12740,10935,1284,521
european-seas,2000-04-11,12.204179,12740,10936,1284,520
european-seas,2000-04-12,12.252649,12740,10923,1284,533
european-seas,2000-04-13,12.348248,12740,10900,1284,556
european-seas,2000-04-14,12.4018755,12740,10887,1284,569
european-seas,2000-04-15,12.549151,12740,10852,1284,604
european-seas,2000-04-16,12.662017,12740,10859,1284,597
european-seas,2000-04-17,12.67718,12740,10870,1284,586
european-seas,2000-04-18,12.647446,12740,10861,1284,595
european-seas,2000-04-19,12.613154,12740,10845,1284,611
european-seas,2000-04-20,12.653789,12740,10847,1284,609
european-seas,2000-04-21,12.828754,12740,10848,1284,608
european-seas,2000-04-22,13.02591,12740,10849,1284,607
european-seas,2000-04-23,13.176089,12740,10852,1284,604
european-seas,2000-04-24,13.267702,12740,10826,1284,630
european-seas,2000-04-25,13.37402,12740,10841,1284,615
european-seas,2000-04-26,13.403555,12740,10845,1284,611
european-seas,2000-04-27,13.463764,12740,10836,1284,620
european-seas,2000-04-28,13.514543,12740,10857,1284,599
european-seas,2000-04-29,13.628847,12740,10896,1284,560
european-seas,2000-04-30,13.807086,12740,10962,1284,494
european-seas,2000-05-01,13.885679,12740,11085,1284,371
european-seas,2000-05-02,13.92972,12740,11064,1284,392
european-seas,2000-05-03,13.946826,12740,11083,1284,373
european-seas,2000-05-04,14.055504,12740,11100,1284,356
european-seas,2000-05-05,14.087899,12740,11093,1284,363
european-seas,2000-05-06,14.255973,12740,11079,1284,377
european-seas,2000-05-07,14.483183,12740,11062,1284,394
european-seas,2000-05-08,14.62307,12740,11070,1284,386
european-seas,2000-05-09,14.774837,12740,11076,1284,380
european-seas,2000-05-10,15.006374,12740,11059,1284,397
european-seas,2000-05-11,15.151754,12740,11039,1284,417
european-seas,2000-05-12,15.256999,12740,11032,1284,424
european-seas,2000-05-13,15.381681,12740,11042,1284,414
european-seas,2000-05-14,15.646941,12740,11052,1284,404
european-seas,2000-05-15,15.757049,12740,11063,1284,393
european-seas,2000-05-16,15.821867,12740,11063,1284,393
european-seas,2000-05-17,15.816785,12740,11088,1284,368
european-seas,2000-05-18,15.884019,12740,11088,1284,368
european-seas,2000-05-19,15.9456415,12740,11087,1284,369
european-seas,2000-05-20,16.009045,12740,11070,1284,386
european-seas,2000-05-21,16.100468,12740,11078,1284,378
european-seas,2000-05-22,16.184168,12740,11063,1284,393
european-seas,2000-05-23,16.292795,12740,11034,1284,422
european-seas,2000-05-24,16.376398,12740,11026,1284,430
european-seas,2000-05-25,16.400618,12740,11024,1284,432
european-seas,2000-05-26,16.392231,12740,11019,1284,437
european-seas,2000-05-27,16.380526,12740,11018,1284,438
european-seas,2000-05-28,16.460428,12740,10999,1284,457
european-seas,2000-05-29,16.632755,12740,11044,1284,412
european-seas,2000-05-30,16.780745,12740,11147,1284,309
european-seas,2000-05-31,16.793484,12740,11267,1284,189
european-seas,2000-06-01,16.754147,12740,11456,1284,0
european-seas,2000-06-02,16.72418,12740,11456,1284,0
european-seas,2000-06-03,16.738985,12740,11456,1284,0
european-seas,2000-06-04,16.874767,12740,11456,1284,0
european-seas,2000-06-05,17.040104,12740,11456,1284,0
european-seas,2000-06-06,17.125345,12740,11456,1284,0
european-seas,2000-06-07,17.155766,12740,11456,1284,0
european-seas,2000-06-08,17.285542,12740,11456,1284,0
european-seas,2000-06-09,17.410698,12740,11456,1284,0
european-seas,2000-06-10,17.453629,12740,11456,1284,0
european-seas,2000-06-11,17.45768,12740,11456,1284,0
european-seas,2000-06-12,17.468151,12740,11456,1284,0
european-seas,2000-06-13,17.542044,12740,11456,1284,0
european-seas,2000-06-14,17.645094,12740,11456,1284,0
european-seas,2000-06-15,17.920927,12740,11456,1284,0
european-seas,2000-06-16,18.115448,12740,11456,1284,0
european-seas,2000-06-17,18.229534,12740,11456,1284,0
european-seas,2000-06-18,18.223207,12740,11456,1284,0
european-seas,2000-06-19,18.220966,12740,11456,1284,0
european-seas,2000-06-20,18.267645,12740,11456,1284,0
european-seas,2000-06-21,18.352285,12740,11456,1284,0
european-seas,2000-06-22,18.433174,12740,11456,1284,0
european-seas,2000-06-23,18.481615,12740,11456,1284,0
european-seas,2000-06-24,18.544588,12740,11456,1284,0
european-seas,2000-06-25,18.666716,12740,11456,1284,0
european-seas,2000-06-26,18.760693,12740,11456,1284,0
european-seas,2000-06-27,18.745546,12740,11456,1284,0
european-seas,2000-06-28,18.811493,12740,11456,1284,0
european-seas,2000-06-29,18.93904,12740,11456,1284,0
european-seas,2000-06-30,19.055614,12740,11456,1284,0
european-seas,2000-07-01,19.256983,12740,11456,1284,0
european-seas,2000-07-02,19.399889,12740,11456,1284,0
european-seas,2000-07-03,19.467577,12740,11456,1284,0
european-seas,2000-07-04,19.604383,12740,11456,1284,0
european-seas,2000-07-05,19.758558,12740,11456,1284,0
european-seas,2000-07-06,19.854542,12740,11456,1284,0
european-seas,2000-07-07,19.850464,12740,11456,1284,0
european-seas,2000-07-08,19.830597,12740,11456,1284,0
european-seas,2000-07-09,19.828154,12740,11456,1284,0
european-seas,2000-07-10,19.804457,12740,11456,1284,0
european-seas,2000-07-11,19.74715,12740,11456,1284,0
european-seas,2000-07-12,19.752367,12740,11456,1284,0
european-seas,2000-07-13,19.640808,12740,11456,1284,0
european-seas,2000-07-14,19.521648,12740,11456,1284,0
european-seas,2000-07-15,19.459265,12740,11456,1284,0
european-seas,2000-07-16,19.56878,12740,11456,1284,0
european-seas,2000-07-17,19.671812,12740,11456,1284,0
european-seas,2000-07-18,19.712358,12740,11456,1284,0
european-seas,2000-07-19,19.874456,12740,11456,1284,0
european-seas,2000-07-20,20.082558,12740,11456,1284,0
european-seas,2000-07-21,20.176655,12740,11456,1284,0
european-seas,2000-07-22,20.211594,12740,11456,1284,0
european-seas,2000-07-23,20.210102,12740,11456,1284,0
european-seas,2000-07-24,20.245832,12740,11456,1284,0
european-seas,2000-07-25,20.315891,12740,11456,1284,0
european-seas,2000-07-26,20.407766,12740,11456,1284,0
european-seas,2000-07-27,20.562199,12740,11456,1284,0
european-seas,2000-07-28,20.721087,12740,11456,1284,0
european-seas,2000-07-29,20.874907,12740,11456,1284,0
european-seas,2000-07-30,21.024998,12740,11456,1284,0
european-seas,2000-07-31,21.029303,12740,11456,1284,0
european-seas,2000-08-01,21.016428,12740,11456,1284,0
european-seas,2000-08-02,20.953184,12740,11456,1284,0
european-seas,2000-08-03,20.89812,12740,11456,1284,0
european-seas,2000-08-04,20.822645,12740,11456,1284,0
european-seas,2000-08-05,20.81406,12740,11456,1284,0
european-seas,2000-08-06,20.854635,12740,11456,1284,0
european-seas,2000-08-07,20.877079,12740,11456,1284,0
european-seas,2000-08-08,20.884542,12740,11456,1284,0
european-seas,2000-08-09,20.89282,12740,11456,1284,0
european-seas,2000-08-10,20.937952,12740,11456,1284,0
european-seas,2000-08-11,21.006435,12740,11456,1284,0
european-seas,2000-08-12,21.055618,12740,11456,1284,0
european-seas,2000-08-13,21.153189,12740,11456,1284,0
european-seas,2000-08-14,21.248682,12740,11456,1284,0
european-seas,2000-08-15,21.303974,12740,11456,1284,0
european-seas,2000-08-16,21.379744,12740,11456,1284,0
european-seas,2000-08-17,21.442825,12740,11456,1284,0
european-seas,2000-08-18,21.500647,12740,11456,1284,0
european-seas,2000-08-19,21.504417,12740,11456,1284,0
european-seas,2000-08-20,21.53951,12740,11456,1284,0
european-seas,2000-08-21,21.564833,12740,11456,1284,0
european-seas,2000-08-22,21.58394,12740,11456,1284,0
european-seas,2000-08-23,21.588718,12740,11456,1284,0
european-seas,2000-08-24,21.58088,12740,11456,1284,0
european-seas,2000-08-25,21.522217,12740,11456,1284,0
european-seas,2000-08-26,21.446775,12740,11456,1284,0
european-seas,2000-08-27,21.317778,12740,11456,1284,0
european-seas,2000-08-28,21.205236,12740,11456,1284,0
european-seas,2000-08-29,21.157488,12740,11456,1284,0
european-seas,2000-08-30,21.104296,12740,11456,1284,0
european-seas,2000-08-31,21.008259,12740,11456,1284,0
european-seas,2000-09-01,20.954815,12740,11456,1284,0
european-seas,2000-09-02,20.975477,12740,11456,1284,0
european-seas,2000-09-03,20.948467,12740,11456,1284,0
european-seas,2000-09-04,20.92261,12740,11456,1284,0
european-seas,2000-09-05,20.8611,12740,11456,1284,0
european-seas,2000-09-06,20.776793,12740,11456,1284,0
european-seas,2000-09-07,20.659597,12740,11456,1284,0
european-seas,2000-09-08,20.579748,12740,11456,1284,0
european-seas,2000-09-09,20.44906,12740,11456,1284,0
european-seas,2000-09-10,20.361929,12740,11456,1284,0
european-seas,2000-09-11,20.39409,12740,11456,1284,0
european-seas,2000-09-12,20.374048,12740,11456,1284,0
european-seas,2000-09-13,20.391098,12740,11456,1284,0
european-seas,2000-09-14,20.411488,12740,11456,1284,0
european-seas,2000-09-15,20.474926,12740,11456,1284,0
european-seas,2000-09-16,20.447214,12740,11456,1284,0
european-seas,2000-09-17,20.376236,12740,11456,1284,0
european-seas,2000-09-18,20.329103,12740,11456,1284,0
european-seas,2000-09-19,20.19694,12740,11456,1284,0
european-seas,2000-09-20,20.096025,12740,11456,1284,0
european-seas,2000-09-21,20.058176,12740,11456,1284,0
european-seas,2000-09-22,20.064075,12740,11456,1284,0
european-seas,2000-09-23,19.923492,12740,11456,1284,0
european-seas,2000-09-24,19.743038,12740,11456,1284,0
european-seas,2000-09-25,19.702864,12740,11456,1284,0
european-seas,2000-09-26,19.653461,12740,11456,1284,0
european-seas,2000-09-27,19.54662,12740,11456,1284,0
european-seas,2000-09-28,19.413456,12740,11456,1284,0
european-seas,2000-09-29,19.315828,12740,11456,1284,0
european-seas,2000-09-30,19.217115,12740,11456,1284,0
european-seas,2000-10-01,19.024979,12740,11456,1284,0
european-seas,2000-10-02,18.957865,12740,11456,1284,0
european-seas,2000-10-03,18.92314,12740,11456,1284,0
european-seas,2000-10-04,18.854143,12740,11456,1284,0
european-seas,2000-10-05,18.720093,12740,11456,1284,0
european-seas,2000-10-06,18.635408,12740,11456,1284,0
european-seas,2000-10-07,18.583248,12740,11456,1284,0
european-seas,2000-10-08,18.44876,12740,11456,1284,0
european-seas,2000-10-09,18.380816,12740,11456,1284,0
european-seas,2000-10-10,18.24352,12740,11456,1284,0
european-seas,2000-10-11,18.122154,12740,11456,1284,0
european-seas,2000-10-12,18.06456,12740,11456,1284,0
european-seas,2000-10-13,18.002096,12740,11456,1284,0
european-seas,2000-10-14,17.889694,12740,11456,1284,0
european-seas,2000-10-15,17.75706,12740,11456,1284,0
european-seas,2000-10-16,17.69991,12740,11456,1284,0
european-seas,2000-10-17,17.67353,12740,11456,1284,0
european-seas,2000-10-18,17.651329,12740,11456,1284,0
european-seas,2000-10-19,17.582226,12740,11456,1284,0
european-seas,2000-10-20,17.49028,12740,11456,1284,0
european-seas,2000-10-21,17.392017,12740,11456,1284,0
european-seas,2000-10-22,17.253572,12740,11456,1284,0
european-seas,2000-10-23,17.156113,12740,11456,1284,0
european-seas,2000-10-24,17.059393,12740,11456,1284,0
european-seas,2000-10-25,16.949167,12740,11456,1284,0
european-seas,2000-10-26,16.858633,12740,11456,1284,0
european-seas,2000-10-27,16.889038,12740,11456,1284,0
european-seas,2000-10-28,16.88153,12740,11456,1284,0
european-seas,2000-10-29,16.770054,12740,11456,1284,0
european-seas,2000-10-30,16.662716,12740,11456,1284,0
european-seas,2000-10-31,16.598082,12740,11456,1284,0
european-seas,2000-11-01,16.580704,12740,11405,1284,51
european-seas,2000-11-02,16.563213,12740,11353,1284,103
european-seas,2000-11-03,16.521318,12740,11306,1284,150
european-seas,2000-11-04,16.484797,12740,11276,1284,180
european-seas,2000-11-05,16.377552,12740,11288,1284,168
european-seas,2000-11-06,16.25267,12740,11293,1284,163
european-seas,2000-11-07,16.210415,12740,11293,1284,163
european-seas,2000-11-08,16.137648,12740,11290,1284,166
european-seas,2000-11-09,16.102158,12740,11299,1284,157
european-seas,2000-11-10,16.060919,12740,11296,1284,160
european-seas,2000-11-11,15.987046,12740,11302,1284,154
european-seas,2000-11-12,15.878967,12740,11307,1284,149
european-seas,2000-11-13,15.7928095,12740,11316,1284,140
european-seas,2000-11-14,15.742549,12740,11326,1284,130
european-seas,2000-11-15,15.705038,12740,11331,1284,125
european-seas,2000-11-16,15.676548,12740,11323,1284,133
european-seas,2000-11-17,15.581789,12740,11330,1284,126
european-seas,2000-11-18,15.456374,12740,11337,1284,119
european-seas,2000-11-19,15.348121,12740,11336,1284,120
european-seas,2000-11-20,15.31335,12740,11329,1284,127
european-seas,2000-11-21,15.244656,12740,11327,1284,129
european-seas,2000-11-22,15.126305,12740,11334,1284,122
european-seas,2000-11-23,15.063225,12740,11339,1284,117
european-seas,2000-11-24,15.030766,12740,11345,1284,111
european-seas,2000-11-25,14.966528,12740,11340,1284,116
european-seas,2000-11-26,14.935654,12740,11339,1284,117
european-seas,2000-11-27,14.870659,12740,11338,1284,118
european-seas,2000-11-28,14.8139,12740,11307,1284,149
european-seas,2000-11-29,14.768608,12740,11292,1284,164
european-seas,2000-11-30,14.780152,12740,11284,1284,172
european-seas,2000-12-01,14.859964,12740,11089,1284,367
european-seas,2000-12-02,14.83175,12740,11032,1284,424
european-seas,2000-12-03,14.778264,12740,11006,1284,450
european-seas,2000-12-04,14.726206,12740,10963,1284,493
european-seas,2000-12-05,14.673087,12740,10972,1284,484
european-seas,2000-12-06,14.644038,12740,10982,1284,474
european-seas,2000-12-07,14.625859,12740,10957,1284,499
european-seas,2000-12-08,14.587196,12740,10946,1284,510
european-seas,2000-12-09,14.552127,12740,10958,1284,498
european-seas,2000-12-10,14.517727,12740,10972,1284,484
european-seas,2000-12-11,14.49318,12740,10948,1284,508
european-seas,2000-12-12,14.424904,12740,10927,1284,529
european-seas,2000-12-13,14.309708,12740,10947,1284,509
european-seas,2000-12-14,14.23501,12740,10973,1284,483
european-seas,2000-12-15,14.201527,12740,11006,1284,450
european-seas,2000-12-16,14.141687,12740,11035,1284,421
european-seas,2000-12-17,14.005415,12740,11098,1284,358
european-seas,2000-12-18,13.90045,12740,11164,1284,292
european-seas,2000-12-19,13.84068,12740,11180,1284,276
european-seas,2000-12-20,13.782602,12740,11179,1284,277
european-seas,2000-12-21,13.727923,12740,11178,1284,278
european-seas,2000-12-22,13.658928,12740,11192,1284,264
european-seas,2000-12-23,13.556715,12740,11188,1284,268
european-seas,2000-12-24,13.495394,12740,11165,1284,291
european-seas,2000-12-25,13.430037,12740,11146,1284,310
european-seas,2000-12-26,13.350708,12740,11142,1284,314
european-seas,2000-12-27,13.270973,12740,11145,1284,311
european-seas,2000-12-28,13.243099,12740,11115,1284,341
european-seas,2000-12-29,13.21454,12740,11093,1284,363
european-seas,2000-12-30,13.156744,12740,11062,1284,394
european-seas,2000-12-31,13.108165,12740,11039,1284,417
european-seas,2001-01-01,13.042702,12740,10961,1284,495
european-seas,2001-01-02,13.043533,12740,10916,1284,540
european-seas,2001-01-03,13.030717,12740,10861,1284,595
european-seas,2001-01-04,12.974471,12740,10829,1284,627
european-seas,2001-01-05,12.972347,12740,10806,1284,650
european-seas,2001-01-06,12.98739,12740,10835,1284,621
european-seas,2001-01-07,12.982586,12740,10847,1284,609
european-seas,2001-01-08,12.931287,12740,10853,1284,603
european-seas,2001-01-09,12.869215,12740,10878,1284,578
european-seas,2001-01-10,12.816368,12740,10905,1284,551
european-seas,2001-01-11,12.760036,12740,10951,1284,505
european-seas,2001-01-12,12.7156725,12740,11005,1284,451
european-seas,2001-01-13,12.644972,12740,11037,1284,419
european-seas,2001-01-14,12.532156,12740,11062,1284,394
european-seas,2001-01-15,12.4683075,12740,11097,1284,359
european-seas,2001-01-16,12.46378,12740,11098,1284,358
european-seas,2001-01-17,12.450588,12740,11107,1284,349
european-seas,2001-01-18,12.479247,12740,11084,1284,372
european-seas,2001-01-19,12.450733,12740,11063,1284,393
european-seas,2001-01-20,12.386002,12740,11013,1284,443
european-seas,2001-01-21,12.353625,12740,10952,1284,504
european-seas,2001-01-22,12.331717,12740,10914,1284,542
european-seas,2001-01-23,12.311079,12740,10902,1284,554
european-seas,2001-01-24,12.329351,12740,10882,1284,574
european-seas,2001-01-25,12.3354,12740,10880,1284,576
european-seas,2001-01-26,12.309699,12740,10905,1284,551
european-seas,2001-01-27,12.270408,12740,10928,1284,528
european-seas,2001-01-28,12.233521,12740,10984,1284,472
european-seas,2001-01-29,12.221542,12740,10981,1284,475
european-seas,2001-01-30,12.169441,12740,10964,1284,492
european-seas,2001-01-31,12.156359,12740,10948,1284,508
european-seas,2001-02-01,12.157173,12740,10921,1284,535
european-seas,2001-02-02,12.123599,12740,10885,1284,571
european-seas,2001-02-03,12.090676,12740,10810,1284,646
european-seas,2001-02-04,12.091765,12740,10722,1284,734
european-seas,2001-02-05,12.092294,12740,10702,1284,754
european-seas,2001-02-06,12.063907,12740,10730,1284,726
european-seas,2001-02-07,12.060372,12740,10743,1284,713
european-seas,2001-02-08,12.11871,12740,10704,1284,752
european-seas,2001-02-09,12.090232,12740,10722,1284,734
european-seas,2001-02-10,12.110158,12740,10755,1284,701
european-seas,2001-02-11,12.124879,12740,10794,1284,662
european-seas,2001-02-12,12.093405,12740,10827,1284,629
european-seas,2001-02-13,12.036608,12740,10819,1284,637
european-seas,2001-02-14,12.025042,12740,10820,1284,636
european-seas,2001-02-15,12.017987,12740,10836,1284,620
european-seas,2001-02-16,11.997949,12740,10872,1284,584
european-seas,2001-02-17,11.963931,12740,10854,1284,602
european-seas,2001-02-18,12.000601,12740,10846,1284,610
european-seas,2001-02-19,12.008768,12740,10827,1284,629
european-seas,2001-02-20,11.994291,12740,10829,1284,627
european-seas,2001-02-21,11.95931,12740,10833,1284,623
european-seas,2001-02-22,11.935492,12740,10813,1284,643
european-seas,2001-02-23,11.924877,12740,10808,1284,648
european-seas,2001-02-24,11.919535,12740,10805,1284,651
european-seas,2001-02-25,11.913568,12740,10821,1284,635
european-seas,2001-02-26,11.910047,12740,10813,1284,643
european-seas,2001-02-27,11.86771,12740,10801,1284,655
european-seas,2001-02-28,11.810265,12740,10801,1284,655
european-seas,2001-03-01,11.833023,12740,10806,1284,650
european-seas,2001-03-02,11.869764,12740,10820,1284,636
european-seas,2001-03-03,11.914917,12740,10806,1284,650
european-seas,2001-03-04,11.96075,12740,10803,1284,653
european-seas,2001-03-05,11.999556,12740,10802,1284,654
european-seas,2001-03-06,12.051924,12740,10772,1284,684
european-seas,2001-03-07,12.027976,12740,10754,1284,702
european-seas,2001-03-08,12.010842,12740,10725,1284,731
european-seas,2001-03-09,12.096648,12740,10697,1284,759
european-seas,2001-03-10,12.130252,12740,10720,1284,736
european-seas,2001-03-11,12.220484,12740,10715,1284,741
european-seas,2001-03-12,12.304083,12740,10733,1284,723
european-seas,2001-03-13,12.243335,12740,10769,1284,687
european-seas,2001-03-14,12.172128,12740,10809,1284,647
european-seas,2001-03-15,12.162241,12740,10818,1284,638
european-seas,2001-03-16,12.140302,12740,10837,1284,619
european-seas,2001-03-17,12.091576,12740,10841,1284,615
european-seas,2001-03-18,12.07429,12740,10882,1284,574
european-seas,2001-03-19,12.123856,12740,10879,1284,577
european-seas,2001-03-20,12.197129,12740,10878,1284,578
european-seas,2001-03-21,12.295363,12740,10861,1284,595
european-seas,2001-03-22,12.314952,12740,10884,1284,572
european-seas,2001-03-23,12.403192,12740,10887,1284,569
european-seas,2001-03-24,12.422398,12740,10892,1284,564
european-seas,2001-03-25,12.424568,12740,10856,1284,600
european-seas,2001-03-26,12.4153595,12740,10858,1284,598
european-seas,2001-03-27,12.46163,12740,10850,1284,606
european-seas,2001-03-28,12.536643,12740,10839,1284,617
european-seas,2001-03-29,12.596236,12740,10817,1284,639
european-seas,2001-03-30,12.582982,12740,10801,1284,655
european-seas,2001-03-31,12.570315,12740,10770,1284,686
european-seas,2001-04-01,12.640709,12740,10744,1284,712
european-seas,2001-04-02,12.677856,12740,10716,1284,740
european-seas,2001-04-03,12.69922,12740,10691,1284,765
european-seas,2001-04-04,12.731058,12740,10694,1284,762
european-seas,2001-04-05,12.757218,12740,10708,1284,748
european-seas,2001-04-06,12.804397,12740,10716,1284,740
european-seas,2001-04-07,12.865991,12740,10745,1284,711
european-seas,2001-04-08,12.882828,12740,10772,1284,684
european-seas,2001-04-09,12.890496,12740,10786,1284,670
european-seas,2001-04-10,12.912344,12740,10789,1284,667
european-seas,2001-04-11,12.906629,12740,10802,1284,654
european-seas,2001-04-12,12.883485,12740,10803,1284,653
european-seas,2001-04-13,12.817063,12740,10815,1284,641
european-seas,2001-04-14,12.769184,12740,10810,1284,646
european-seas,2001-04-15,12.781295,12740,10790,1284,666
european-seas,2001-04-16,12.785447,12740,10802,1284,654
european-seas,2001-04-17,12.811943,12740,10813,1284,643
european-seas,2001-04-18,12.8373785,12740,10817,1284,639
european-seas,2001-04-19,12.881017,12740,10813,1284,643
european-seas,2001-04-20,12.861732,12740,10809,1284,647
european-seas,2001-04-21,12.857245,12740,10804,1284,652
european-seas,2001-04-22,12.905029,12740,10818,1284,638
european-seas,2001-04-23,13.006583,12740,10805,1284,651
european-seas,2001-04-24,13.15543,12740,10788,1284,668
european-seas,2001-04-25,13.346989,12740,10755,1284,701
european-seas,2001-04-26,13.512072,12740,10745,1284,711
european-seas,2001-04-27,13.621924,12740,10750,1284,706
european-seas,2001-04-28,13.663424,12740,10798,1284,658
european-seas,2001-04-29,13.7719,12740,10867,1284,589
european-seas,2001-04-30,13.808964,12740,10949,1284,507
european-seas,2001-05-01,13.731216,12740,11070,1284,386
european-seas,2001-05-02,13.7647915,12740,11078,1284,378
european-seas,2001-05-03,13.793072,12740,11074,1284,382
european-seas,2001-05-04,13.866407,12740,11074,1284,382
european-seas,2001-05-05,13.941662,12740,11061,1284,395
european-seas,2001-05-06,13.975885,12740,11066,1284,390
european-seas,2001-05-07,14.009852,12740,11082,1284,374
european-seas,2001-05-08,14.097782,12740,11064,1284,392
european-seas,2001-05-09,14.1775675,12740,11052,1284,404
european-seas,2001-05-10,14.277623,12740,11054,1284,402
european-seas,2001-05-11,14.355908,12740,11060,1284,396
european-seas,2001-05-12,14.437761,12740,11077,1284,379
european-seas,2001-05-13,14.51244,12740,11099,1284,357
european-seas,2001-05-14,14.629114,12740,11108,1284,348
european-seas,2001-05-15,14.722272,12740,11099,1284,357
european-seas,2001-05-16,14.7996,12740,11086,1284,370
european-seas,2001-05-17,14.907184,12740,11069,1284,387
european-seas,2001-05-18,14.952513,12740,11060,1284,396
european-seas,2001-05-19,14.933817,12740,11055,1284,401
european-seas,2001-05-20,15.026674,12740,11051,1284,405
european-seas,2001-05-21,15.221509,12740,11061,1284,395
european-seas,2001-05-22,15.458046,12740,11071,1284,385
european-seas,2001-05-23,15.714294,12740,11072,1284,384
european-seas,2001-05-24,15.909767,12740,11092,1284,364
european-seas,2001-05-25,16.004177,12740,11097,1284,359
european-seas,2001-05-26,16.124937,12740,11108,1284,348
european-seas,2001-05-27,16.390144,12740,11119,1284,337
european-seas,2001-05-28,16.588705,12740,11142,1284,314
european-seas,2001-05-29,16.767757,12740,11202,1284,254
european-seas,2001-05-30,16.878716,12740,11276,1284,180
european-seas,2001-05-31,16.922424,12740,11358,1284,98
european-seas,2001-06-01,16.899242,12740,11456,1284,0
european-seas,2001-06-02,16.895708,12740,11456,1284,0
european-seas,2001-06-03,16.978043,12740,11456,1284,0
european-seas,2001-06-04,16.96358,12740,11456,1284,0
european-seas,2001-06-05,16.880018,12740,11456,1284,0
european-seas,2001-06-06,16.781206,12740,11456,1284,0
european-seas,2001-06-07,16.78275,12740,11456,1284,0
european-seas,2001-06-08,16.902891,12740,11456,1284,0
european-seas,2001-06-09,16.974407,12740,11456,1284,0
european-seas,2001-06-10,17.02147,12740,11456,1284,0
european-seas,2001-06-11,17.035646,12740,11456,1284,0
european-seas,2001-06-12,17.186033,12740,11456,1284,0
european-seas,2001-06-13,17.312725,12740,11456,1284,0
european-seas,2001-06-14,17.440485,12740,11456,1284,0
european-seas,2001-06-15,17.542381,12740,11456,1284,0
european-seas,2001-06-16,17.558825,12740,11456,1284,0
european-seas,2001-06-17,17.580133,12740,11456,1284,0
european-seas,2001-06-18,17.61922,12740,11456,1284,0
european-seas,2001-06-19,17.70292,12740,11456,1284,0
european-seas,2001-06-20,17.829985,12740,11456,1284,0
european-seas,2001-06-21,17.91061,12740,11456,1284,0
european-seas,2001-06-22,18.034576,12740,11456,1284,0
european-seas,2001-06-23,18.231514,12740,11456,1284,0
european-seas,2001-06-24,18.506752,12740,11456,1284,0
european-seas,2001-06-25,18.69352,12740,11456,1284,0
european-seas,2001-06-26,18.868011,12740,11456,1284,0
european-seas,2001-06-27,19.03865,12740,11456,1284,0
european-seas,2001-06-28,19.10871,12740,11456,1284,0
european-seas,2001-06-29,19.223677,12740,11456,1284,0
european-seas,2001-06-30,19.375977,12740,11456,1284,0
european-seas,2001-07-01,19.6196,12740,11456,1284,0
european-seas,2001-07-02,19.827124,12740,11456,1284,0
european-seas,2001-07-03,19.947777,12740,11456,1284,0
european-seas,2001-07-04,19.996273,12740,11456,1284,0
european-seas,2001-07-05,20.012676,12740,11456,1284,0
european-seas,2001-07-06,20.010572,12740,11456,1284,0
european-seas,2001-07-07,20.050821,12740,11456,1284,0
european-seas,2001-07-08,20.212395,12740,11456,1284,0
european-seas,2001-07-09,20.31536,12740,11456,1284,0
european-seas,2001-07-10,20.331385,12740,11456,1284,0
european-seas,2001-07-11,20.346937,12740,11456,1284,0
european-seas,2001-07-12,20.354223,12740,11456,1284,0
european-seas,2001-07-13,20.396978,12740,11456,1284,0
european-seas,2001-07-14,20.55898,12740,11456,1284,0
european-seas,2001-07-15,20.682064,12740,11456,1284,0
european-seas,2001-07-16,20.638935,12740,11456,1284,0
european-seas,2001-07-17,20.515757,12740,11456,1284,0
european-seas,2001-07-18,20.374514,12740,11456,1284,0
european-seas,2001-07-19,20.352814,12740,11456,1284,0
european-seas,2001-07-20,20.332497,12740,11456,1284,0
european-seas,2001-07-21,20.4032,12740,11456,1284,0
european-seas,2001-07-22,20.46206,12740,11456,1284,0
european-seas,2001-07-23,20.566713,12740,11456,1284,0
european-seas,2001-07-24,20.799364,12740,11456,1284,0
european-seas,2001-07-25,20.964756,12740,11456,1284,0
european-seas,2001-07-26,21.138033,12740,11456,1284,0
european-seas,2001-07-27,21.294134,12740,11456,1284,0
european-seas,2001-07-28,21.410677,12740,11456,1284,0
european-seas,2001-07-29,21.505417,12740,11456,1284,0
european-seas,2001-07-30,21.531076,12740,11456,1284,0
european-seas,2001-07-31,21.51678,12740,11456,1284,0
european-seas,2001-08-01,21.472412,12740,11456,1284,0
european-seas,2001-08-02,21.467657,12740,11456,1284,0
european-seas,2001-08-03,21.471537,12740,11456,1284,0
european-seas,2001-08-04,21.45987,12740,11456,1284,0
european-seas,2001-08-05,21.444042,12740,11456,1284,0
european-seas,2001-08-06,21.452179,12740,11456,1284,0
european-seas,2001-08-07,21.429,12740,11456,1284,0
european-seas,2001-08-08,21.475523,12740,11456,1284,0
european-seas,2001-08-09,21.49947,12740,11456,1284,0
european-seas,2001-08-10,21.508385,12740,11456,1284,0
european-seas,2001-08-11,21.454044,12740,11456,1284,0
european-seas,2001-08-12,21.366823,12740,11456,1284,0
european-seas,2001-08-13,21.378405,12740,11456,1284,0
european-seas,2001-08-14,21.45002,12740,11456,1284,0
european-seas,2001-08-15,21.545645,12740,11456,1284,0
european-seas,2001-08-16,21.580826,12740,11456,1284,0
european-seas,2001-08-17,21.594625,12740,11456,1284,0
european-seas,2001-08-18,21.56738,12740,11456,1284,0
european-seas,2001-08-19,21.569553,12740,11456,1284,0
european-seas,2001-08-20,21.64806,12740,11456,1284,0
european-seas,2001-08-21,21.704403,12740,11456,1284,0
european-seas,2001-08-22,21.762129,12740,11456,1284,0
european-seas,2001-08-23,21.806793,12740,11456,1284,0
european-seas,2001-08-24,21.903416,12740,11456,1284,0
european-seas,2001-08-25,21.971952,12740,11456,1284,0
european-seas,2001-08-26,21.945137,12740,11456,1284,0
european-seas,2001-08-27,21.90956,12740,11456,1284,0
european-seas,2001-08-28,21.834505,12740,11456,1284,0
european-seas,2001-08-29,21.810293,12740,11456,1284,0
european-seas,2001-08-30,21.701704,12740,11456,1284,0
european-seas,2001-08-31,21.577753,12740,11456,1284,0
european-seas,2001-09-01,21.501495,12740,11456,1284,0
european-seas,2001-09-02,21.366823,12740,11456,1284,0
european-seas,2001-09-03,21.255655,12740,11456,1284,0
european-seas,2001-09-04,21.136349,12740,11456,1284,0
european-seas,2001-09-05,21.047644,12740,11456,1284,0
european-seas,2001-09-06,20.947037,12740,11456,1284,0
european-seas,2001-09-07,20.89517,12740,11456,1284,0
european-seas,2001-09-08,20.854446,12740,11456,1284,0
european-seas,2001-09-09,20.730871,12740,11456,1284,0
european-seas,2001-09-10,20.574062,12740,11456,1284,0
european-seas,2001-09-11,20.460512,12740,11456,1284,0
european-seas,2001-09-12,20.481781,12740,11456,1284,0
european-seas,2001-09-13,20.41617,12740,11456,1284,0
european-seas,2001-09-14,20.320406,12740,11456,1284,0
european-seas,2001-09-15,20.216629,12740,11456,1284,0
european-seas,2001-09-16,20.048313,12740,11456,1284,0
european-seas,2001-09-17,19.959204,12740,11456,1284,0
european-seas,2001-09-18,19.900959,12740,11456,1284,0
european-seas,2001-09-19,19.85767,12740,11456,1284,0
european-seas,2001-09-20,19.853483,12740,11456,1284,0
european-seas,2001-09-21,19.876839,12740,11456,1284,0
european-seas,2001-09-22,19.866983,12740,11456,1284,0
european-seas,2001-09-23,19.840387,12740,11456,1284,0
european-seas,2001-09-24,19.799711,12740,11456,1284,0
european-seas,2001-09-25,19.778038,12740,11456,1284,0
european-seas,2001-09-26,19.758625,12740,11456,1284,0
european-seas,2001-09-27,19.667707,12740,11456,1284,0
european-seas,2001-09-28,19.538185,12740,11456,1284,0
european-seas,2001-09-29,19.48079,12740,11456,1284,0
european-seas,2001-09-30,19.41931,12740,11456,1284,0
european-seas,2001-10-01,19.41802,12740,11456,1284,0
european-seas,2001-10-02,19.46465,12740,11456,1284,0
european-seas,2001-10-03,19.48044,12740,11456,1284,0
european-seas,2001-10-04,19.415194,12740,11456,1284,0
european-seas,2001-10-05,19.370453,12740,11456,1284,0
european-seas,2001-10-06,19.350374,12740,11456,1284,0
european-seas,2001-10-07,19.266495,12740,11456,1284,0
european-seas,2001-10-08,19.18327,12740,11456,1284,0
european-seas,2001-10-09,19.161201,12740,11456,1284,0
european-seas,2001-10-10,19.142021,12740,11456,1284,0
european-seas,2001-10-11,19.108566,12740,11456,1284,0
european-seas,2001-10-12,19.12527,12740,11456,1284,0
european-seas,2001-10-13,19.098513,12740,11456,1284,0
european-seas,2001-10-14,19.01579,12740,11456,1284,0
european-seas,2001-10-15,18.959728,12740,11456,1284,0
european-seas,2001-10-16,18.911938,12740,11456,1284,0
european-seas,2001-10-17,18.823425,12740,11456,1284,0
european-seas,2001-10-18,18.73705,12740,11456,1284,0
european-seas,2001-10-19,18.708305,12740,11456,1284,0
european-seas,2001-10-20,18.604136,12740,11456,1284,0
european-seas,2001-10-21,18.445093,12740,11456,1284,0
european-seas,2001-10-22,18.331139,12740,11456,1284,0
european-seas,2001-10-23,18.31853,12740,11456,1284,0
european-seas,2001-10-24,18.285183,12740,11456,1284,0
european-seas,2001-10-25,18.217878,12740,11456,1284,0
european-seas,2001-10-26,18.111736,12740,11456,1284,0
european-seas,2001-10-27,17.971083,12740,11456,1284,0
european-seas,2001-10-28,17.829271,12740,11456,1284,0
european-seas,2001-10-29,17.71435,12740,11456,1284,0
european-seas,2001-10-30,17.630236,12740,11456,1284,0
european-seas,2001-10-31,17.561415,12740,11456,1284,0
european-seas,2001-11-01,17.542398,12740,11344,1284,112
european-seas,2001-11-02,17.468565,12740,11311,1284,145
european-seas,2001-11-03,17.359068,12740,11298,1284,158
european-seas,2001-11-04,17.156418,12740,11292,1284,164
european-seas,2001-11-05,17.00975,12740,11302,1284,154
european-seas,2001-11-06,16.87039,12740,11323,1284,133
european-seas,2001-11-07,16.772701,12740,11336,1284,120
european-seas,2001-11-08,16.694016,12740,11323,1284,133
european-seas,2001-11-09,16.59254,12740,11319,1284,137
european-seas,2001-11-10,16.484102,12740,11325,1284,131
european-seas,2001-11-11,16.270094,12740,11313,1284,143
european-seas,2001-11-12,16.123268,12740,11302,1284,154
european-seas,2001-11-13,15.978322,12740,11293,1284,163
european-seas,2001-11-14,15.915612,12740,11289,1284,167
european-seas,2001-11-15,15.810707,12740,11293,1284,163
european-seas,2001-11-16,15.729376,12740,11293,1284,163
european-seas,2001-11-17,15.63585,12740,11287,1284,169
european-seas,2001-11-18,15.498091,12740,11285,1284,171
european-seas,2001-11-19,15.433566,12740,11296,1284,160
european-seas,2001-11-20,15.385878,12740,11296,1284,160
european-seas,2001-11-21,15.278627,12740,11314,1284,142
european-seas,2001-11-22,15.134057,12740,11321,1284,135
european-seas,2001-11-23,15.0293865,12740,11316,1284,140
european-seas,2001-11-24,14.987318,12740,11314,1284,142
european-seas,2001-11-25,14.893731,12740,11318,1284,138
european-seas,2001-11-26,14.754644,12740,11322,1284,134
european-seas,2001-11-27,14.668523,12740,11329,1284,127
european-seas,2001-11-28,14.632819,12740,11333,1284,123
european-seas,2001-11-29,14.567018,12740,11334,1284,122
european-seas,2001-11-30,14.526886,12740,11348,1284,108
european-seas,2001-12-01,14.509043,12740,11282,1284,174
european-seas,2001-12-02,14.443917,12740,11220,1284,236
european-seas,2001-12-03,14.390943,12740,11160,1284,296
european-seas,2001-12-04,14.349601,12740,11139,1284,317
european-seas,2001-12-05,14.297736,12740,11148,1284,308
european-seas,2001-12-06,14.249795,12740,11134,1284,322
european-seas,2001-12-07,14.222281,12740,11111,1284,345
european-seas,2001-12-08,14.127358,12740,11103,1284,353
european-seas,2001-12-09,14.052096,12740,11086,1284,370
european-seas,2001-12-10,14.000284,12740,11081,1284,375
european-seas,2001-12-11,13.936967,12740,11052,1284,404
european-seas,2001-12-12,13.87502,12740,11053,1284,403
european-seas,2001-12-13,13.832777,12740,11057,1284,399
european-seas,2001-12-14,13.757047,12740,11057,1284,399
european-seas,2001-12-15,13.687739,12740,11066,1284,390
european-seas,2001-12-16,13.641856,12740,11037,1284,419
european-seas,2001-12-17,13.556038,12740,11031,1284,425
european-seas,2001-12-18,13.485794,12740,11019,1284,437
european-seas,2001-12-19,13.405546,12740,11024,1284,432
european-seas,2001-12-20,13.31167,12740,11029,1284,427
european-seas,2001-12-21,13.274735,12740,11023,1284,433
european-seas,2001-12-22,13.23525,12740,11003,1284,453
european-seas,2001-12-23,13.178199,12740,11023,1284,433
european-seas,2001-12-24,13.1439085,12740,11018,1284,438
european-seas,2001-12-25,13.103861,12740,11002,1284,454
european-seas,2001-12-26,13.063235,12740,10987,1284,469
european-seas,2001-12-27,13.016225,12740,10959,1284,497
european-seas,2001-12-28,12.980152,12740,10966,1284,490
european-seas,2001-12-29,12.929237,12740,10962,1284,494
european-seas,2001-12-30,12.858904,12740,10955,1284,501
european-seas,2001-12-31,12.820179,12740,10952,1284,504
european-seas,2002-01-01,12.801939,12740,10906,1284,550
european-seas,2002-01-02,12.725745,12740,10885,1284,571
european-seas,2002-01-03,12.661214,12740,10858,1284,598
european-seas,2002-01-04,12.6230135,12740,10834,1284,622
european-seas,2002-01-05,12.542822,12740,10842,1284,614
european-seas,2002-01-06,12.475359,12740,10838,1284,618
european-seas,2002-01-07,12.422503,12740,10841,1284,615
european-seas,2002-01-08,12.36905,12740,10830,1284,626
european-seas,2002-01-09,12.361421,12740,10815,1284,641
european-seas,2002-01-10,12.363228,12740,10807,1284,649
european-seas,2002-01-11,12.390027,12740,10769,1284,687
european-seas,2002-01-12,12.358382,12740,10766,1284,690
european-seas,2002-01-13,12.320087,12740,10775,1284,681
european-seas,2002-01-14,12.350885,12740,10770,1284,686
european-seas,2002-01-15,12.347091,12740,10762,1284,694
european-seas,2002-01-16,12.30513,12740,10751,1284,705
european-seas,2002-01-17,12.24975,12740,10758,1284,698
european-seas,2002-01-18,12.201778,12740,10753,1284,703
european-seas,2002-01-19,12.207718,12740,10745,1284,711
european-seas,2002-01-20,12.198417,12740,10736,1284,720
european-seas,2002-01-21,12.181401,12740,10717,1284,739
european-seas,2002-01-22,12.167217,12740,10714,1284,742
european-seas,2002-01-23,12.11331,12740,10713,1284,743
european-seas,2002-01-24,12.108937,12740,10719,1284,737
european-seas,2002-01-25,12.153145,12740,10679,1284,777
european-seas,2002-01-26,12.141725,12740,10665,1284,791
european-seas,2002-01-27,12.173299,12740,10659,1284,797
european-seas,2002-01-28,12.235825,12740,10664,1284,792
european-seas,2002-01-29,12.291879,12740,10662,1284,794
european-seas,2002-01-30,12.277342,12740,10666,1284,790
european-seas,2002-01-31,12.308101,12740,10663,1284,793
european-seas,2002-02-01,12.346579,12740,10637,1284,819
european-seas,2002-02-02,12.315034,12740,10632,1284,824
european-seas,2002-02-03,12.295274,12740,10619,1284,837
european-seas,2002-02-04,12.274389,12740,10641,1284,815
european-seas,2002-02-05,12.246018,12740,10642,1284,814
european-seas,2002-02-06,12.236901,12740,10625,1284,831
european-seas,2002-02-07,12.24855,12740,10634,1284,822
european-seas,2002-02-08,12.222217,12740,10668,1284,788
european-seas,2002-02-09,12.213594,12740,10672,1284,784
european-seas,2002-02-10,12.21551,12740,10683,1284,773
european-seas,2002-02-11,12.231711,12740,10692,1284,764
european-seas,2002-02-12,12.292402,12740,10688,1284,768
european-seas,2002-02-13,12.299434,12740,10740,1284,716
european-seas,2002-02-14,12.247277,12740,10781,1284,675
european-seas,2002-02-15,12.215442,12740,10787,1284,669
european-seas,2002-02-16,12.176474,12740,10785,1284,671
european-seas,2002-02-17,12.161222,12740,10752,1284,704
european-seas,2002-02-18,12.137584,12740,10727,1284,729
european-seas,2002-02-19,12.151591,12740,10674,1284,782
european-seas,2002-02-20,12.125866,12740,10667,1284,789
european-seas,2002-02-21,12.0581,12740,10685,1284,771
european-seas,2002-02-22,12.0321045,12740,10693,1284,763
european-seas,2002-02-23,12.052928,12740,10685,1284,771
european-seas,2002-02-24,12.122024,12740,10672,1284,784
european-seas,2002-02-25,12.131987,12740,10684,1284,772
european-seas,2002-02-26,12.05393,12740,10778,1284,678
european-seas,2002-02-27,12.045023,12740,10797,1284,659
european-seas,2002-02-28,12.118674,12740,10740,1284,716
european-seas,2002-03-01,12.135993,12740,10716,1284,740
european-seas,2002-03-02,12.150942,12740,10731,1284,725
european-seas,2002-03-03,12.157635,12740,10726,1284,730
european-seas,2002-03-04,12.196672,12740,10714,1284,742
european-seas,2002-03-05,12.2225275,12740,10679,1284,777
european-seas,2002-03-06,12.200014,12740,10666,1284,790
european-seas,2002-03-07,12.2481575,12740,10668,1284,788
european-seas,2002-03-08,12.297745,12740,10667,1284,789
european-seas,2002-03-09,12.344774,12740,10664,1284,792
european-seas,2002-03-10,12.290503,12740,10696,1284,760
european-seas,2002-03-11,12.251718,12740,10711,1284,745
european-seas,2002-03-12,12.262992,12740,10724,1284,732
european-seas,2002-03-13,12.313858,12740,10727,1284,729
european-seas,2002-03-14,12.361458,12740,10759,1284,697
european-seas,2002-03-15,12.374475,12740,10745,1284,711
european-seas,2002-03-16,12.366703,12740,10725,1284,731
european-seas,2002-03-17,12.335794,12740,10721,1284,735
european-seas,2002-03-18,12.35447,12740,10710,1284,746
european-seas,2002-03-19,12.395929,12740,10718,1284,738
european-seas,2002-03-20,12.51316,12740,10740,1284,716
european-seas,2002-03-21,12.588161,12740,10772,1284,684
european-seas,2002-03-22,12.601839,12740,10826,1284,630
european-seas,2002-03-23,12.525398,12740,10890,1284,566
european-seas,2002-03-24,12.434677,12740,10912,1284,544
european-seas,2002-03-25,12.372944,12740,10908,1284,548
european-seas,2002-03-26,12.326899,12740,10949,1284,507
european-seas,2002-03-27,12.323234,12740,10977,1284,479
european-seas,2002-03-28,12.374514,12740,10948,1284,508
european-seas,2002-03-29,12.39454,12740,10929,1284,527
european-seas,2002-03-30,12.401778,12740,10901,1284,555
european-seas,2002-03-31,12.436414,12740,10894,1284,562
european-seas,2002-04-01,12.446643,12740,10914,1284,542
european-seas,2002-04-02,12.431289,12740,10884,1284,572
european-seas,2002-04-03,12.44288,12740,10869,1284,587
european-seas,2002-04-04,12.425987,12740,10889,1284,567
european-seas,2002-04-05,12.475628,12740,10908,1284,548
european-seas,2002-04-06,12.53097,12740,10931,1284,525
european-seas,2002-04-07,12.552155,12740,10948,1284,508
european-seas,2002-04-08,12.521893,12740,10939,1284,517
european-seas,2002-04-09,12.512506,12740,10911,1284,545
european-seas,2002-04-10,12.559717,12740,10881,1284,575
european-seas,2002-04-11,12.63673,12740,10839,1284,617
european-seas,2002-04-12,12.599114,12740,10806,1284,650
european-seas,2002-04-13,12.612904,12740,10783,1284,673
european-seas,2002-04-14,12.689345,12740,10758,1284,698
european-seas,2002-04-15,12.785241,12740,10761,1284,695
european-seas,2002-04-16,12.872545,12740,10781,1284,675
european-seas,2002-04-17,12.950112,12740,10788,1284,668
european-seas,2002-04-18,13.021992,12740,10797,1284,659
european-seas,2002-04-19,13.119665,12740,10817,1284,639
european-seas,2002-04-20,13.256666,12740,10801,1284,655
european-seas,2002-04-21,13.309777,12740,10790,1284,666
european-seas,2002-04-22,13.367362,12740,10765,1284,691
european-seas,2002-04-23,13.514342,12740,10732,1284,724
european-seas,2002-04-24,13.656924,12740,10704,1284,752
european-seas,2002-04-25,13.700508,12740,10679,1284,777
european-seas,2002-04-26,13.742439,12740,10647,1284,809
european-seas,2002-04-27,13.777794,12740,10638,1284,818
european-seas,2002-04-28,13.818735,12740,10677,1284,779
european-seas,2002-04-29,13.9254,12740,10737,1284,719
european-seas,2002-04-30,13.957016,12740,10860,1284,596
european-seas,2002-05-01,13.892807,12740,11106,1284,350
european-seas,2002-05-02,13.932218,12740,11120,1284,336
european-seas,2002-05-03,13.9651985,12740,11151,1284,305
european-seas,2002-05-04,14.025865,12740,11170,1284,286
european-seas,2002-05-05,14.104244,12740,11177,1284,279
european-seas,2002-05-06,14.164206,12740,11166,1284,290
european-seas,2002-05-07,14.177068,12740,11166,1284,290
european-seas,2002-05-08,14.19405,12740,11157,1284,299
european-seas,2002-05-09,14.177919,12740,11138,1284,318
european-seas,2002-05-10,14.210396,12740,11139,1284,317
european-seas,2002-05-11,14.376073,12740,11123,1284,333
european-seas,2002-05-12,14.581347,12740,11119,1284,337
european-seas,2002-05-13,14.697828,12740,11096,1284,360
european-seas,2002-05-14,14.856338,12740,11064,1284,392
european-seas,2002-05-15,14.978832,12740,11086,1284,370
european-seas,2002-05-16,15.151339,12740,11104,1284,352
european-seas,2002-05-17,15.336379,12740,11104,1284,352
european-seas,2002-05-18,15.429588,12740,11107,1284,349
european-seas,2002-05-19,15.546857,12740,11109,1284,347
european-seas,2002-05-20,15.614414,12740,11119,1284,337
european-seas,2002-05-21,15.634968,12740,11142,1284,314
european-seas,2002-05-22,15.632836,12740,11152,1284,304
european-seas,2002-05-23,15.706044,12740,11152,1284,304
european-seas,2002-05-24,15.727659,12740,11155,1284,301
european-seas,2002-05-25,15.765185,12740,11151,1284,305
european-seas,2002-05-26,15.89442,12740,11156,1284,300
european-seas,2002-05-27,15.981389,12740,11177,1284,279
european-seas,2002-05-28,16.069574,12740,11176,1284,280
european-seas,2002-05-29,16.164873,12740,11208,1284,248
european-seas,2002-05-30,16.25828,12740,11268,1284,188
european-seas,2002-05-31,16.362373,12740,11347,1284,109
european-seas,2002-06-01,16.502234,12740,11456,1284,0
european-seas,2002-06-02,16.761986,12740,11456,1284,0
european-seas,2002-06-03,16.896397,12740,11456,1284,0
european-seas,2002-06-04,16.909115,12740,11456,1284,0
european-seas,2002-06-05,16.883541,12740,11456,1284,0
european-seas,2002-06-06,16.86861,12740,11456,1284,0
european-seas,2002-06-07,16.831907,12740,11456,1284,0
european-seas,2002-06-08,16.91138,12740,11456,1284,0
european-seas,2002-06-09,17.06579,12740,11456,1284,0
european-seas,2002-06-10,17.139448,12740,11456,1284,0
european-seas,2002-06-11,17.209982,12740,11456,1284,0
european-seas,2002-06-12,17.33087,12740,11456,1284,0
european-seas,2002-06-13,17.492207,12740,11456,1284,0
european-seas,2002-06-14,17.626263,12740,11456,1284,0
european-seas,2002-06-15,17.834032,12740,11456,1284,0
european-seas,2002-06-16,18.133675,12740,11456,1284,0
european-seas,2002-06-17,18.359972,12740,11456,1284,0
european-seas,2002-06-18,18.495518,12740,11456,1284,0
european-seas,2002-06-19,18.591646,12740,11456,1284,0
european-seas,2002-06-20,18.714794,12740,11456,1284,0
european-seas,2002-06-21,18.799894,12740,11456,1284,0
european-seas,2002-06-22,18.99455,12740,11456,1284,0
european-seas,2002-06-23,19.193802,12740,11456,1284,0
european-seas,2002-06-24,19.265081,12740,11456,1284,0
european-seas,2002-06-25,19.25187,12740,11456,1284,0
european-seas,2002-06-26,19.191046,12740,11456,1284,0
european-seas,2002-06-27,19.16484,12740,11456,1284,0
european-seas,2002-06-28,19.159454,12740,11456,1284,0
european-seas,2002-06-29,19.13919,12740,11456,1284,0
european-seas,2002-06-30,19.172499,12740,11456,1284,0
european-seas,2002-07-01,19.25353,12740,11456,1284,0
european-seas,2002-07-02,19.316061,12740,11456,1284,0
european-seas,2002-07-03,19.376778,12740,11456,1284,0
european-seas,2002-07-04,19.475857,12740,11456,1284,0
european-seas,2002-07-05,19.590166,12740,11456,1284,0
european-seas,2002-07-06,19.697006,12740,11456,1284,0
european-seas,2002-07-07,19.793718,12740,11456,1284,0
european-seas,2002-07-08,19.83017,12740,11456,1284,0
european-seas,2002-07-09,19.9048,12740,11456,1284,0
european-seas,2002-07-10,20.04071,12740,11456,1284,0
european-seas,2002-07-11,20.19715,12740,11456,1284,0
european-seas,2002-07-12,20.405094,12740,11456,1284,0
european-seas,2002-07-13,20.532246,12740,11456,1284,0
european-seas,2002-07-14,20.566948,12740,11456,1284,0
european-seas,2002-07-15,20.5851,12740,11456,1284,0
european-seas,2002-07-16,20.652788,12740,11456,1284,0
european-seas,2002-07-17,20.760935,12740,11456,1284,0
european-seas,2002-07-18,20.82012,12740,11456,1284,0
european-seas,2002-07-19,20.849106,12740,11456,1284,0
european-seas,2002-07-20,20.909399,12740,11456,1284,0
european-seas,2002-07-21,20.926363,12740,11456,1284,0
european-seas,2002-07-22,20.837305,12740,11456,1284,0
european-seas,2002-07-23,20.761457,12740,11456,1284,0
european-seas,2002-07-24,20.626486,12740,11456,1284,0
european-seas,2002-07-25,20.63678,12740,11456,1284,0
european-seas,2002-07-26,20.710274,12740,11456,1284,0
european-seas,2002-07-27,20.821573,12740,11456,1284,0
european-seas,2002-07-28,20.957972,12740,11456,1284,0
european-seas,2002-07-29,21.103945,12740,11456,1284,0
european-seas,2002-07-30,21.25778,12740,11456,1284,0
european-seas,2002-07-31,21.37531,12740,11456,1284,0
european-seas,2002-08-01,21.391552,12740,11456,1284,0
european-seas,2002-08-02,21.43419,12740,11456,1284,0
european-seas,2002-08-03,21.50929,12740,11456,1284,0
european-seas,2002-08-04,21.546627,12740,11456,1284,0
european-seas,2002-08-05,21.63216,12740,11456,1284,0
european-seas,2002-08-06,21.691729,12740,11456,1284,0
european-seas,2002-08-07,21.674088,12740,11456,1284,0
european-seas,2002-08-08,21.604136,12740,11456,1284,0
european-seas,2002-08-09,21.492117,12740,11456,1284,0
european-seas,2002-08-10,21.407362,12740,11456,1284,0
european-seas,2002-08-11,21.31867,12740,11456,1284,0
european-seas,2002-08-12,21.235176,12740,11456,1284,0
european-seas,2002-08-13,21.251673,12740,11456,1284,0
european-seas,2002-08-14,21.29325,12740,11456,1284,0
european-seas,2002-08-15,21.344816,12740,11456,1284,0
european-seas,2002-08-16,21.43295,12740,11456,1284,0
european-seas,2002-08-17,21.541384,12740,11456,1284,0
european-seas,2002-08-18,21.630598,12740,11456,1284,0
european-seas,2002-08-19,21.663357,12740,11456,1284,0
european-seas,2002-08-20,21.701855,12740,11456,1284,0
european-seas,2002-08-21,21.734621,12740,11456,1284,0
european-seas,2002-08-22,21.728647,12740,11456,1284,0
european-seas,2002-08-23,21.715843,12740,11456,1284,0
european-seas,2002-08-24,21.649336,12740,11456,1284,0
european-seas,2002-08-25,21.577414,12740,11456,1284,0
european-seas,2002-08-26,21.51729,12740,11456,1284,0
european-seas,2002-08-27,21.439678,12740,11456,1284,0
european-seas,2002-08-28,21.3952,12740,11456,1284,0
european-seas,2002-08-29,21.35837,12740,11456,1284,0
european-seas,2002-08-30,21.273306,12740,11456,1284,0
european-seas,2002-08-31,21.162638,12740,11456,1284,0
european-seas,2002-09-01,21.09516,12740,11456,1284,0
european-seas,2002-09-02,21.098143,12740,11456,1284,0
european-seas,2002-09-03,21.081442,12740,11456,1284,0
european-seas,2002-09-04,21.012074,12740,11456,1284,0
european-seas,2002-09-05,20.955246,12740,11456,1284,0
european-seas,2002-09-06,20.895836,12740,11456,1284,0
european-seas,2002-09-07,20.852253,12740,11456,1284,0
european-seas,2002-09-08,20.869932,12740,11456,1284,0
european-seas,2002-09-09,20.907253,12740,11456,1284,0
european-seas,2002-09-10,20.912537,12740,11456,1284,0
european-seas,2002-09-11,20.902597,12740,11456,1284,0
european-seas,2002-09-12,20.939249,12740,11456,1284,0
european-seas,2002-09-13,20.931501,12740,11456,1284,0
european-seas,2002-09-14,20.82352,12740,11456,1284,0
european-seas,2002-09-15,20.684927,12740,11456,1284,0
european-seas,2002-09-16,20.670033,12740,11456,1284,0
european-seas,2002-09-17,20.634956,12740,11456,1284,0
european-seas,2002-09-18,20.562996,12740,11456,1284,0
european-seas,2002-09-19,20.483114,12740,11456,1284,0
european-seas,2002-09-20,20.454693,12740,11456,1284,0
european-seas,2002-09-21,20.439884,12740,11456,1284,0
european-seas,2002-09-22,20.36008,12740,11456,1284,0
european-seas,2002-09-23,20.311642,12740,11456,1284,0
european-seas,2002-09-24,20.241596,12740,11456,1284,0
european-seas,2002-09-25,20.130709,12740,11456,1284,0
european-seas,2002-09-26,20.075365,12740,11456,1284,0
european-seas,2002-09-27,20.048346,12740,11456,1284,0
european-seas,2002-09-28,19.974901,12740,11456,1284,0
european-seas,2002-09-29,19.808311,12740,11456,1284,0
european-seas,2002-09-30,19.708626,12740,11456,1284,0
european-seas,2002-10-01,19.650145,12740,11456,1284,0
european-seas,2002-10-02,19.58294,12740,11456,1284,0
european-seas,2002-10-03,19.460346,12740,11456,1284,0
european-seas,2002-10-04,19.433186,12740,11456,1284,0
european-seas,2002-10-05,19.363483,12740,11456,1284,0
european-seas,2002-10-06,19.188108,12740,11456,1284,0
european-seas,2002-10-07,19.060167,12740,11456,1284,0
european-seas,2002-10-08,18.935087,12740,11456,1284,0
european-seas,2002-10-09,18.82666,12740,11456,1284,0
european-seas,2002-10-10,18.674395,12740,11456,1284,0
european-seas,2002-10-11,18.620687,12740,11456,1284,0
european-seas,2002-10-12,18.606583,12740,11456,1284,0
european-seas,2002-10-13,18.526249,12740,11456,1284,0
european-seas,2002-10-14,18.439737,12740,11456,1284,0
european-seas,2002-10-15,18.366547,12740,11456,1284,0
european-seas,2002-10-16,18.280708,12740,11456,1284,0
european-seas,2002-10-17,18.195242,12740,11456,1284,0
european-seas,2002-10-18,18.106218,12740,11456,1284,0
european-seas,2002-10-19,17.926895,12740,11456,1284,0
european-seas,2002-10-20,17.80976,12740,11456,1284,0
european-seas,2002-10-21,17.809275,12740,11456,1284,0
european-seas,2002-10-22,17.750206,12740,11456,1284,0
european-seas,2002-10-23,17.673014,12740,11456,1284,0
european-seas,2002-10-24,17.645298,12740,11456,1284,0
european-seas,2002-10-25,17.608105,12740,11456,1284,0
european-seas,2002-10-26,17.526882,12740,11456,1284,0
european-seas,2002-10-27,17.388931,12740,11456,1284,0
european-seas,2002-10-28,17.299612,12740,11456,1284,0
european-seas,2002-10-29,17.212753,12740,11456,1284,0
european-seas,2002-10-30,17.076809,12740,11456,1284,0
european-seas,2002-10-31,16.991926,12740,11456,1284,0
european-seas,2002-11-01,16.927162,12740,11441,1284,15
european-seas,2002-11-02,16.832975,12740,11419,1284,37
european-seas,2002-11-03,16.73438,12740,11389,1284,67
european-seas,2002-11-04,16.653559,12740,11364,1284,92
european-seas,2002-11-05,16.631292,12740,11349,1284,107
european-seas,2002-11-06,16.639778,12740,11322,1284,134
european-seas,2002-11-07,16.567537,12740,11318,1284,138
european-seas,2002-11-08,16.464806,12740,11314,1284,142
european-seas,2002-11-09,16.308098,12740,11311,1284,145
european-seas,2002-11-10,16.202398,12740,11323,1284,133
european-seas,2002-11-11,16.136217,12740,11330,1284,126
european-seas,2002-11-12,16.059908,12740,11333,1284,123
european-seas,2002-11-13,15.999034,12740,11329,1284,127
european-seas,2002-11-14,15.930899,12740,11324,1284,132
european-seas,2002-11-15,15.862397,12740,11312,1284,144
european-seas,2002-11-16,15.756427,12740,11310,1284,146
european-seas,2002-11-17,15.64864,12740,11308,1284,148
european-seas,2002-11-18,15.624133,12740,11298,1284,158
european-seas,2002-11-19,15.56943,12740,11293,1284,163
european-seas,2002-11-20,15.498426,12740,11299,1284,157
european-seas,2002-11-21,15.409348,12740,11302,1284,154
european-seas,2002-11-22,15.3586645,12740,11301,1284,155
european-seas,2002-11-23,15.312347,12740,11305,1284,151
european-seas,2002-11-24,15.2478895,12740,11314,1284,142
european-seas,2002-11-25,15.133188,12740,11323,1284,133
european-seas,2002-11-26,15.006187,12740,11318,1284,138
european-seas,2002-11-27,14.924554,12740,11306,1284,150
european-seas,2002-11-28,14.923852,12740,11295,1284,161
european-seas,2002-11-29,14.908072,12740,11292,1284,164
european-seas,2002-11-30,14.834784,12740,11292,1284,164
european-seas,2002-12-01,14.845102,12740,11138,1284,318
european-seas,2002-12-02,14.778456,12740,11064,1284,392
european-seas,2002-12-03,14.695532,12740,11020,1284,436
european-seas,2002-12-04,14.666332,12740,10983,1284,473
european-seas,2002-12-05,14.596906,12740,11002,1284,454
european-seas,2002-12-06,14.482999,12740,11021,1284,435
european-seas,2002-12-07,14.340094,12740,11028,1284,428
european-seas,2002-12-08,14.220142,12740,11044,1284,412
european-seas,2002-12-09,14.134641,12740,11046,1284,410
european-seas,2002-12-10,14.029113,12740,11061,1284,395
european-seas,2002-12-11,13.967852,12740,11061,1284,395
european-seas,2002-12-12,13.924305,12740,11056,1284,400
european-seas,2002-12-13,13.870522,12740,11042,1284,414
european-seas,2002-12-14,13.807174,12740,11028,1284,428
european-seas,2002-12-15,13.717387,12740,11025,1284,431
european-seas,2002-12-16,13.618453,12740,11008,1284,448
european-seas,2002-12-17,13.589593,12740,10985,1284,471
european-seas,2002-12-18,13.595824,12740,10979,1284,477
european-seas,2002-12-19,13.510505,12740,10987,1284,469
european-seas,2002-12-20,13.4888525,12740,10981,1284,475
european-seas,2002-12-21,13.410236,12740,10974,1284,482
european-seas,2002-12-22,13.377898,12740,10960,1284,496
european-seas,2002-12-23,13.387155,12740,10968,1284,488
european-seas,2002-12-24,13.390978,12740,10962,1284,494
european-seas,2002-12-25,13.381571,12740,10946,1284,510
european-seas,2002-12-26,13.299978,12740,10944,1284,512
european-seas,2002-12-27,13.220954,12740,10922,1284,534
european-seas,2002-12-28,13.202289,12740,10908,1284,548
european-seas,2002-12-29,13.131406,12740,10916,1284,540
european-seas,2002-12-30,13.045809,12740,10893,1284,563
european-seas,2002-12-31,13.031419,12740,10898,1284,558
european-seas,2003-01-01,13.037954,12740,10846,1284,610
european-seas,2003-01-02,13.06385,12740,10786,1284,670
european-seas,2003-01-03,13.091178,12740,10733,1284,723
european-seas,2003-01-04,13.127143,12740,10682,1284,774
european-seas,2003-01-05,13.141922,12740,10674,1284,782
european-seas,2003-01-06,13.067507,12740,10671,1284,785
european-seas,2003-01-07,12.989775,12740,10663,1284,793
european-seas,2003-01-08,12.923656,12740,10648,1284,808
european-seas,2003-01-09,12.878031,12740,10635,1284,821
european-seas,2003-01-10,12.835453,12740,10620,1284,836
european-seas,2003-01-11,12.772432,12740,10596,1284,860
european-seas,2003-01-12,12.6744175,12740,10577,1284,879
european-seas,2003-01-13,12.629382,12740,10576,1284,880
european-seas,2003-01-14,12.659903,12740,10587,1284,869
european-seas,2003-01-15,12.676737,12740,10602,1284,854
european-seas,2003-01-16,12.6782255,12740,10618,1284,838
european-seas,2003-01-17,12.671167,12740,10620,1284,836
european-seas,2003-01-18,12.654111,12740,10634,1284,822
european-seas,2003-01-19,12.6338,12740,10658,1284,798
european-seas,2003-01-20,12.611154,12740,10682,1284,774
european-seas,2003-01-21,12.598071,12740,10685,1284,771
european-seas,2003-01-22,12.628338,12740,10683,1284,773
european-seas,2003-01-23,12.621234,12740,10698,1284,758
european-seas,2003-01-24,12.594006,12740,10707,1284,749
european-seas,2003-01-25,12.5262375,12740,10710,1284,746
european-seas,2003-01-26,12.444122,12740,10708,1284,748
european-seas,2003-01-27,12.417315,12740,10702,1284,754
european-seas,2003-01-28,12.438079,12740,10690,1284,766
european-seas,2003-01-29,12.411168,12740,10692,1284,764
european-seas,2003-01-30,12.391338,12740,10649,1284,807
european-seas,2003-01-31,12.357928,12740,10637,1284,819
european-seas,2003-02-01,12.295595,12740,10633,1284,823
european-seas,2003-02-02,12.1935835,12740,10643,1284,813
european-seas,2003-02-03,12.118202,12740,10645,1284,811
european-seas,2003-02-04,12.123929,12740,10622,1284,834
european-seas,2003-02-05,12.089909,12740,10617,1284,839
european-seas,2003-02-06,12.063517,12740,10644,1284,812
european-seas,2003-02-07,12.014962,12740,10657,1284,799
european-seas,2003-02-08,11.994734,12740,10669,1284,787
european-seas,2003-02-09,11.958277,12740,10677,1284,779
european-seas,2003-02-10,11.879685,12740,10700,1284,756
european-seas,2003-02-11,11.8248415,12740,10729,1284,727
european-seas,2003-02-12,11.79532,12740,10748,1284,708
european-seas,2003-02-13,11.755734,12740,10776,1284,680
european-seas,2003-02-14,11.697187,12740,10786,1284,670
european-seas,2003-02-15,11.6986685,12740,10782,1284,674
european-seas,2003-02-16,11.677364,12740,10767,1284,689
european-seas,2003-02-17,11.63389,12740,10757,1284,699
european-seas,2003-02-18,11.616646,12740,10734,1284,722
european-seas,2003-02-19,11.590078,12740,10748,1284,708
european-seas,2003-02-20,11.604705,12740,10726,1284,730
european-seas,2003-02-21,11.597376,12740,10734,1284,722
european-seas,2003-02-22,11.623966,12740,10725,1284,731
european-seas,2003-02-23,11.6373415,12740,10728,1284,728
european-seas,2003-02-24,11.6311865,12740,10726,1284,730
european-seas,2003-02-25,11.605661,12740,10722,1284,734
european-seas,2003-02-26,11.594039,12740,10675,1284,781
european-seas,2003-02-27,11.571066,12740,10657,1284,799
european-seas,2003-02-28,11.58961,12740,10639,1284,817
european-seas,2003-03-01,11.629182,12740,10609,1284,847
european-seas,2003-03-02,11.650836,12740,10575,1284,881
european-seas,2003-03-03,11.735605,12740,10553,1284,903
european-seas,2003-03-04,11.800288,12740,10531,1284,925
european-seas,2003-03-05,11.838952,12740,10528,1284,928
european-seas,2003-03-06,11.85897,12740,10528,1284,928
european-seas,2003-03-07,11.879356,12740,10519,1284,937
european-seas,2003-03-08,11.884548,12740,10518,1284,938
european-seas,2003-03-09,11.927194,12740,10537,1284,919
european-seas,2003-03-10,11.947855,12740,10588,1284,868
european-seas,2003-03-11,11.975356,12740,10613,1284,843
european-seas,2003-03-12,11.968239,12740,10664,1284,792
european-seas,2003-03-13,11.995339,12740,10692,1284,764
european-seas,2003-03-14,11.957926,12740,10745,1284,711
european-seas,2003-03-15,11.886099,12740,10770,1284,686
european-seas,2003-03-16,11.828052,12740,10790,1284,666
european-seas,2003-03-17,11.808582,12740,10802,1284,654
european-seas,2003-03-18,11.777648,12740,10803,1284,653
european-seas,2003-03-19,11.79752,12740,10768,1284,688
european-seas,2003-03-20,11.827017,12740,10779,1284,677
european-seas,2003-03-21,11.893269,12740,10782,1284,674
european-seas,2003-03-22,11.929165,12740,10782,1284,674
european-seas,2003-03-23,11.987434,12740,10757,1284,699
european-seas,2003-03-24,12.0214,12740,10753,1284,703
european-seas,2003-03-25,12.089965,12740,10743,1284,713
european-seas,2003-03-26,12.171802,12740,10736,1284,720
european-seas,2003-03-27,12.252263,12740,10708,1284,748
european-seas,2003-03-28,12.300283,12740,10707,1284,749
european-seas,2003-03-29,12.334245,12740,10682,1284,774
european-seas,2003-03-30,12.392447,12740,10655,1284,801
european-seas,2003-03-31,12.427084,12740,10652,1284,804
european-seas,2003-04-01,12.443686,12740,10631,1284,825
european-seas,2003-04-02,12.39418,12740,10627,1284,829
european-seas,2003-04-03,12.332919,12740,10629,1284,827
european-seas,2003-04-04,12.345317,12740,10626,1284,830
european-seas,2003-04-05,12.331671,12740,10674,1284,782
european-seas,2003-04-06,12.380398,12740,10692,1284,764
european-seas,2003-04-07,12.436172,12740,10688,1284,768
european-seas,2003-04-08,12.41057,12740,10690,1284,766
european-seas,2003-04-09,12.33428,12740,10716,1284,740
european-seas,2003-04-10,12.2761135,12740,10760,1284,696
european-seas,2003-04-11,12.29222,12740,10782,1284,674
european-seas,2003-04-12,12.445477,12740,10756,1284,700
european-seas,2003-04-13,12.589694,12740,10777,1284,679
european-seas,2003-04-14,12.646455,12740,10797,1284,659
european-seas,2003-04-15,12.62348,12740,10794,1284,662
european-seas,2003-04-16,12.66126,12740,10770,1284,686
european-seas,2003-04-17,12.758056,12740,10747,1284,709
european-seas,2003-04-18,12.850453,12740,10747,1284,709
european-seas,2003-04-19,12.9028015,12740,10750,1284,706
european-seas,2003-04-20,12.957552,12740,10729,1284,727
european-seas,2003-04-21,12.963911,12740,10739,1284,717
european-seas,2003-04-22,12.99704,12740,10724,1284,732
european-seas,2003-04-23,13.0627365,12740,10731,1284,725
european-seas,2003-04-24,13.172238,12740,10716,1284,740
european-seas,2003-04-25,13.308036,12740,10693,1284,763
european-seas,2003-04-26,13.463401,12740,10668,1284,788
european-seas,2003-04-27,13.59566,12740,10656,1284,800
european-seas,2003-04-28,13.681114,12740,10702,1284,754
european-seas,2003-04-29,13.83592,12740,10779,1284,677
european-seas,2003-04-30,13.913145,12740,10876,1284,580
european-seas,2003-05-01,13.942852,12740,11045,1284,411
european-seas,2003-05-02,14.068202,12740,11042,1284,414
european-seas,2003-05-03,14.24063,12740,11049,1284,407
european-seas,2003-05-04,14.4581,12740,11051,1284,405
european-seas,2003-05-05,14.541085,12740,11073,1284,383
european-seas,2003-05-06,14.594625,12740,11056,1284,400
european-seas,2003-05-07,14.590798,12740,11064,1284,392
european-seas,2003-05-08,14.675317,12740,11065,1284,391
european-seas,2003-05-09,14.764238,12740,11082,1284,374
european-seas,2003-05-10,14.973348,12740,11083,1284,373
european-seas,2003-05-11,15.199909,12740,11082,1284,374
european-seas,2003-05-12,15.356199,12740,11086,1284,370
european-seas,2003-05-13,15.525612,12740,11086,1284,370
european-seas,2003-05-14,15.5798435,12740,11080,1284,376
european-seas,2003-05-15,15.520002,12740,11086,1284,370
european-seas,2003-05-16,15.493392,12740,11079,1284,377
european-seas,2003-05-17,15.58865,12740,11084,1284,372
european-seas,2003-05-18,15.759457,12740,11082,1284,374
european-seas,2003-05-19,15.908757,12740,11067,1284,389
european-seas,2003-05-20,15.98954,12740,11060,1284,396
european-seas,2003-05-21,16.002993,12740,11071,1284,385
european-seas,2003-05-22,16.037832,12740,11087,1284,369
european-seas,2003-05-23,16.071674,12740,11099,1284,357
european-seas,2003-05-24,16.091082,12740,11091,1284,365
european-seas,2003-05-25,16.199991,12740,11101,1284,355
european-seas,2003-05-26,16.302618,12740,11130,1284,326
european-seas,2003-05-27,16.324982,12740,11136,1284,320
european-seas,2003-05-28,16.448067,12740,11109,1284,347
european-seas,2003-05-29,16.602362,12740,11144,1284,312
european-seas,2003-05-30,16.747923,12740,11188,1284,268
european-seas,2003-05-31,16.84664,12740,11326,1284,130
european-seas,2003-06-01,17.003286,12740,11456,1284,0
european-seas,2003-06-02,17.190056,12740,11456,1284,0
european-seas,2003-06-03,17.298452,12740,11456,1284,0
european-seas,2003-06-04,17.416145,12740,11456,1284,0
european-seas,2003-06-05,17.518957,12740,11456,1284,0
european-seas,2003-06-06,17.621078,12740,11456,1284,0
european-seas,2003-06-07,17.835722,12740,11456,1284,0
european-seas,2003-06-08,18.094002,12740,11456,1284,0
european-seas,2003-06-09,18.271708,12740,11456,1284,0
european-seas,2003-06-10,18.424238,12740,11456,1284,0
european-seas,2003-06-11,18.573061,12740,11456,1284,0
european-seas,2003-06-12,18.710054,12740,11456,1284,0
european-seas,2003-06-13,18.823198,12740,11456,1284,0
european-seas,2003-06-14,19.008465,12740,11456,1284,0
european-seas,2003-06-15,19.219072,12740,11456,1284,0
european-seas,2003-06-16,19.396349,12740,11456,1284,0
european-seas,2003-06-17,19.480968,12740,11456,1284,0
european-seas,2003-06-18,19.47553,12740,11456,1284,0
european-seas,2003-06-19,19.442024,12740,11456,1284,0
european-seas,2003-06-20,19.386423,12740,11456,1284,0
european-seas,2003-06-21,19.417124,12740,11456,1284,0
european-seas,2003-06-22,19.573565,12740,11456,1284,0
european-seas,2003-06-23,19.681719,12740,11456,1284,0
european-seas,2003-06-24,19.740873,12740,11456,1284,0
european-seas,2003-06-25,19.835897,12740,11456,1284,0
european-seas,2003-06-26,19.939869,12740,11456,1284,0
european-seas,2003-06-27,20.044645,12740,11456,1284,0
european-seas,2003-06-28,20.17852,12740,11456,1284,0
european-seas,2003-06-29,20.276003,12740,11456,1284,0
european-seas,2003-06-30,20.325783,12740,11456,1284,0
european-seas,2003-07-01,20.337719,12740,11456,1284,0
european-seas,2003-07-02,20.422007,12740,11456,1284,0
european-seas,2003-07-03,20.49486,12740,11456,1284,0
european-seas,2003-07-04,20.490858,12740,11456,1284,0
european-seas,2003-07-05,20.426987,12740,11456,1284,0
european-seas,2003-07-06,20.42697,12740,11456,1284,0
european-seas,2003-07-07,20.466795,12740,11456,1284,0
european-seas,2003-07-08,20.5866,12740,11456,1284,0
european-seas,2003-07-09,20.70708,12740,11456,1284,0
european-seas,2003-07-10,20.81452,12740,11456,1284,0
european-seas,2003-07-11,20.936327,12740,11456,1284,0
european-seas,2003-07-12,21.049911,12740,11456,1284,0
european-seas,2003-07-13,21.145454,12740,11456,1284,0
european-seas,2003-07-14,21.252403,12740,11456,1284,0
european-seas,2003-07-15,21.32584,12740,11456,1284,0
european-seas,2003-07-16,21.42378,12740,11456,1284,0
european-seas,2003-07-17,21.468075,12740,11456,1284,0
european-seas,2003-07-18,21.57907,12740,11456,1284,0
european-seas,2003-07-19,21.757595,12740,11456,1284,0
european-seas,2003-07-20,21.901266,12740,11456,1284,0
european-seas,2003-07-21,21.979082,12740,11456,1284,0
european-seas,2003-07-22,21.956198,12740,11456,1284,0
european-seas,2003-07-23,21.922924,12740,11456,1284,0
european-seas,2003-07-24,21.9104,12740,11456,1284,0
european-seas,2003-07-25,21.929436,12740,11456,1284,0
european-seas,2003-07-26,21.994347,12740,11456,1284,0
european-seas,2003-07-27,22.0683,12740,11456,1284,0
european-seas,2003-07-28,22.091875,12740,11456,1284,0
european-seas,2003-07-29,22.10111,12740,11456,1284,0
european-seas,2003-07-30,22.09816,12740,11456,1284,0
european-seas,2003-07-31,22.138203,12740,11456,1284,0
european-seas,2003-08-01,22.206366,12740,11456,1284,0
european-seas,2003-08-02,22.247509,12740,11456,1284,0
european-seas,2003-08-03,22.307636,12740,11456,1284,0
european-seas,2003-08-04,22.414536,12740,11456,1284,0
european-seas,2003-08-05,22.470846,12740,11456,1284,0
european-seas,2003-08-06,22.546738,12740,11456,1284,0
european-seas,2003-08-07,22.662172,12740,11456,1284,0
european-seas,2003-08-08,22.784847,12740,11456,1284,0
european-seas,2003-08-09,22.838327,12740,11456,1284,0
european-seas,2003-08-10,22.84183,12740,11456,1284,0
european-seas,2003-08-11,22.854021,12740,11456,1284,0
european-seas,2003-08-12,22.874825,12740,11456,1284,0
european-seas,2003-08-13,22.763002,12740,11456,1284,0
european-seas,2003-08-14,22.71797,12740,11456,1284,0
european-seas,2003-08-15,22.668232,12740,11456,1284,0
european-seas,2003-08-16,22.622412,12740,11456,1284,0
european-seas,2003-08-17,22.633812,12740,11456,1284,0
european-seas,2003-08-18,22.647264,12740,11456,1284,0
european-seas,2003-08-19,22.648165,12740,11456,1284,0
european-seas,2003-08-20,22.62236,12740,11456,1284,0
european-seas,2003-08-21,22.55036,12740,11456,1284,0
european-seas,2003-08-22,22.533226,12740,11456,1284,0
european-seas,2003-08-23,22.55878,12740,11456,1284,0
european-seas,2003-08-24,22.593992,12740,11456,1284,0
european-seas,2003-08-25,22.570616,12740,11456,1284,0
european-seas,2003-08-26,22.44336,12740,11456,1284,0
european-seas,2003-08-27,22.307562,12740,11456,1284,0
european-seas,2003-08-28,22.169397,12740,11456,1284,0
european-seas,2003-08-29,22.080032,12740,11456,1284,0
european-seas,2003-08-30,22.023102,12740,11456,1284,0
european-seas,2003-08-31,21.92052,12740,11456,1284,0
european-seas,2003-09-01,21.86505,12740,11456,1284,0
european-seas,2003-09-02,21.8367,12740,11456,1284,0
european-seas,2003-09-03,21.767479,12740,11456,1284,0
european-seas,2003-09-04,21.66051,12740,11456,1284,0
european-seas,2003-09-05,21.489462,12740,11456,1284,0
european-seas,2003-09-06,21.205667,12740,11456,1284,0
european-seas,2003-09-07,21.100855,12740,11456,1284,0
european-seas,2003-09-08,21.057291,12740,11456,1284,0
european-seas,2003-09-09,21.008533,12740,11456,1284,0
european-seas,2003-09-10,20.97952,12740,11456,1284,0
european-seas,2003-09-11,20.915854,12740,11456,1284,0
european-seas,2003-09-12,20.84515,12740,11456,1284,0
european-seas,2003-09-13,20.886612,12740,11456,1284,0
european-seas,2003-09-14,20.855778,12740,11456,1284,0
european-seas,2003-09-15,20.785097,12740,11456,1284,0
european-seas,2003-09-16,20.606607,12740,11456,1284,0
european-seas,2003-09-17,20.513165,12740,11456,1284,0
european-seas,2003-09-18,20.525219,12740,11456,1284,0
european-seas,2003-09-19,20.50897,12740,11456,1284,0
european-seas,2003-09-20,20.50639,12740,11456,1284,0
european-seas,2003-09-21,20.477243,12740,11456,1284,0
european-seas,2003-09-22,20.377363,12740,11456,1284,0
european-seas,2003-09-23,20.275759,12740,11456,1284,0
european-seas,2003-09-24,20.187742,12740,11456,1284,0
european-seas,2003-09-25,20.108288,12740,11456,1284,0
european-seas,2003-09-26,19.974005,12740,11456,1284,0
european-seas,2003-09-27,19.876976,12740,11456,1284,0
european-seas,2003-09-28,19.818253,12740,11456,1284,0
european-seas,2003-09-29,19.785984,12740,11456,1284,0
european-seas,2003-09-30,19.783064,12740,11456,1284,0
european-seas,2003-10-01,19.774506,12740,11456,1284,0
european-seas,2003-10-02,19.69044,12740,11456,1284,0
european-seas,2003-10-03,19.599777,12740,11456,1284,0
european-seas,2003-10-04,19.48307,12740,11456,1284,0
european-seas,2003-10-05,19.328487,12740,11456,1284,0
european-seas,2003-10-06,19.234957,12740,11456,1284,0
european-seas,2003-10-07,19.076073,12740,11456,1284,0
european-seas,2003-10-08,18.92804,12740,11456,1284,0
european-seas,2003-10-09,18.849344,12740,11456,1284,0
european-seas,2003-10-10,18.815561,12740,11456,1284,0
european-seas,2003-10-11,18.748299,12740,11456,1284,0
european-seas,2003-10-12,18.646917,12740,11456,1284,0
european-seas,2003-10-13,18.541643,12740,11456,1284,0
european-seas,2003-10-14,18.426935,12740,11456,1284,0
european-seas,2003-10-15,18.381489,12740,11456,1284,0
european-seas,2003-10-16,18.29221,12740,11456,1284,0
european-seas,2003-10-17,18.212515,12740,11456,1284,0
european-seas,2003-10-18,18.088152,12740,11456,1284,0
european-seas,2003-10-19,17.99401,12740,11456,1284,0
european-seas,2003-10-20,17.91913,12740,11456,1284,0
european-seas,2003-10-21,17.86837,12740,11456,1284,0
european-seas,2003-10-22,17.804087,12740,11456,1284,0
european-seas,2003-10-23,17.72239,12740,11456,1284,0
european-seas,2003-10-24,17.623981,12740,11456,1284,0
european-seas,2003-10-25,17.513285,12740,11456,1284,0
european-seas,2003-10-26,17.369814,12740,11456,1284,0
european-seas,2003-10-27,17.225565,12740,11456,1284,0
european-seas,2003-10-28,17.111116,12740,11456,1284,0
european-seas,2003-10-29,16.97781,12740,11456,1284,0
european-seas,2003-10-30,16.87926,12740,11456,1284,0
european-seas,2003-10-31,16.781134,12740,11456,1284,0
european-seas,2003-11-01,16.704485,12740,11385,1284,71
european-seas,2003-11-02,16.641829,12740,11353,1284,103
european-seas,2003-11-03,16.587496,12740,11324,1284,132
european-seas,2003-11-04,16.548723,12740,11307,1284,149
european-seas,2003-11-05,16.498869,12740,11316,1284,140
european-seas,2003-11-06,16.431498,12740,11332,1284,124
european-seas,2003-11-07,16.382,12740,11351,1284,105
european-seas,2003-11-08,16.321577,12740,11360,1284,96
european-seas,2003-11-09,16.214365,12740,11357,1284,99
european-seas,2003-11-10,16.102118,12740,11362,1284,94
european-seas,2003-11-11,15.948059,12740,11373,1284,83
european-seas,2003-11-12,15.810773,12740,11366,1284,90
european-seas,2003-11-13,15.701338,12740,11352,1284,104
european-seas,2003-11-14,15.622888,12740,11350,1284,106
european-seas,2003-11-15,15.558399,12740,11359,1284,97
european-seas,2003-11-16,15.503853,12740,11362,1284,94
european-seas,2003-11-17,15.470478,12740,11362,1284,94
european-seas,2003-11-18,15.451004,12740,11362,1284,94
european-seas,2003-11-19,15.473948,12740,11365,1284,91
european-seas,2003-11-20,15.417568,12740,11370,1284,86
european-seas,2003-11-21,15.376375,12740,11367,1284,89
european-seas,2003-11-22,15.309507,12740,11372,1284,84
european-seas,2003-11-23,15.287205,12740,11366,1284,90
european-seas,2003-11-24,15.310372,12740,11362,1284,94
european-seas,2003-11-25,15.261083,12740,11335,1284,121
european-seas,2003-11-26,15.190386,12740,11336,1284,120
european-seas,2003-11-27,15.160849,12740,11336,1284,120
european-seas,2003-11-28,15.134922,12740,11335,1284,121
european-seas,2003-11-29,15.090587,12740,11335,1284,121
european-seas,2003-11-30,15.006257,12740,11334,1284,122
european-seas,2003-12-01,14.985254,12740,11247,1284,209
european-seas,2003-12-02,14.953378,12740,11176,1284,280
european-seas,2003-12-03,14.882364,12740,11106,1284,350
european-seas,2003-12-04,14.76784,12740,11035,1284,421
european-seas,2003-12-05,14.685622,12740,11017,1284,439
european-seas,2003-12-06,14.60476,12740,11030,1284,426
european-seas,2003-12-07,14.556521,12740,11000,1284,456
european-seas,2003-12-08,14.5175085,12740,10973,1284,483
european-seas,2003-12-09,14.403237,12740,10985,1284,471
european-seas,2003-12-10,14.328837,12740,10978,1284,478
european-seas,2003-12-11,14.291946,12740,10993,1284,463
european-seas,2003-12-12,14.248876,12740,10994,1284,462
european-seas,2003-12-13,14.196953,12740,10978,1284,478
european-seas,2003-12-14,14.125108,12740,10962,1284,494
european-seas,2003-12-15,14.019806,12740,10969,1284,487
european-seas,2003-12-16,13.919651,12740,10956,1284,500
european-seas,2003-12-17,13.845019,12740,10970,1284,486
european-seas,2003-12-18,13.7186365,12740,10977,1284,479
european-seas,2003-12-19,13.622499,12740,10983,1284,473
european-seas,2003-12-20,13.543003,12740,10981,1284,475
european-seas,2003-12-21,13.472576,12740,10976,1284,480
european-seas,2003-12-22,13.372985,12740,10983,1284,473
european-seas,2003-12-23,13.267864,12740,10999,1284,457
european-seas,2003-12-24,13.2448435,12740,10942,1284,514
european-seas,2003-12-25,13.171056,12740,10942,1284,514
european-seas,2003-12-26,13.12288,12740,10941,1284,515
european-seas,2003-12-27,13.081544,12740,10945,1284,511
european-seas,2003-12-28,13.033256,12740,10981,1284,475
european-seas,2003-12-29,12.982453,12740,11019,1284,437
european-seas,2003-12-30,12.921783,12740,11018,1284,438
european-seas,2003-12-31,12.836346,12740,11062,1284,394
european-seas,2004-01-01,12.811196,12740,11035,1284,421
european-seas,2004-01-02,12.773914,12740,11026,1284,430
european-seas,2004-01-03,12.762736,12740,10981,1284,475
european-seas,2004-01-04,12.73666,12740,10933,1284,523
european-seas,2004-01-05,12.70308,12740,10929,1284,527
european-seas,2004-01-06,12.676312,12740,10918,1284,538
european-seas,2004-01-07,12.6285,12740,10929,1284,527
european-seas,2004-01-08,12.535238,12740,10925,1284,531
european-seas,2004-01-09,12.490761,12740,10909,1284,547
european-seas,2004-01-10,12.494629,12740,10909,1284,547
european-seas,2004-01-11,12.482339,12740,10912,1284,544
european-seas,2004-01-12,12.392592,12740,10913,1284,543
european-seas,2004-01-13,12.343298,12740,10916,1284,540
european-seas,2004-01-14,12.363619,12740,10914,1284,542
european-seas,2004-01-15,12.376462,12740,10908,1284,548
european-seas,2004-01-16,12.368108,12740,10898,1284,558
european-seas,2004-01-17,12.312735,12740,10897,1284,559
european-seas,2004-01-18,12.27045,12740,10904,1284,552
european-seas,2004-01-19,12.231023,12740,10887,1284,569
european-seas,2004-01-20,12.169758,12740,10899,1284,557
european-seas,2004-01-21,12.114645,12740,10879,1284,577
european-seas,2004-01-22,12.05877,12740,10871,1284,585
european-seas,2004-01-23,12.046012,12740,10876,1284,580
european-seas,2004-01-24,12.051985,12740,10878,1284,578
european-seas,2004-01-25,12.06526,12740,10877,1284,579
european-seas,2004-01-26,12.059761,12740,10877,1284,579
european-seas,2004-01-27,12.053549,12740,10879,1284,577
european-seas,2004-01-28,12.005854,12740,10874,1284,582
european-seas,2004-01-29,11.980416,12740,10872,1284,584
european-seas,2004-01-30,11.992687,12740,10842,1284,614
european-seas,2004-01-31,12.009495,12740,10837,1284,619
european-seas,2004-02-01,11.984177,12740,10822,1284,634
european-seas,2004-02-02,11.989763,12740,10789,1284,667
european-seas,2004-02-03,12.044995,12740,10789,1284,667
european-seas,2004-02-04,12.086485,12740,10794,1284,662
european-seas,2004-02-05,12.108372,12740,10782,1284,674
european-seas,2004-02-06,12.134316,12740,10793,1284,663
european-seas,2004-02-07,12.124505,12740,10798,1284,658
european-seas,2004-02-08,12.088098,12740,10802,1284,654
european-seas,2004-02-09,12.087963,12740,10802,1284,654
european-seas,2004-02-10,12.061046,12740,10814,1284,642
european-seas,2004-02-11,12.01295,12740,10822,1284,634
european-seas,2004-02-12,12.008381,12740,10807,1284,649
european-seas,2004-02-13,12.06446,12740,10812,1284,644
european-seas,2004-02-14,12.040147,12740,10821,1284,635
european-seas,2004-02-15,12.017963,12740,10820,1284,636
european-seas,2004-02-16,12.03092,12740,10827,1284,629
european-seas,2004-02-17,11.997172,12740,10838,1284,618
european-seas,2004-02-18,11.930731,12740,10846,1284,610
european-seas,2004-02-19,11.8685465,12740,10865,1284,591
european-seas,2004-02-20,11.726516,12740,10881,1284,575
european-seas,2004-02-21,11.648153,12740,10870,1284,586
european-seas,2004-02-22,11.697601,12740,10852,1284,604
european-seas,2004-02-23,11.722356,12740,10841,1284,615
european-seas,2004-02-24,11.722995,12740,10849,1284,607
european-seas,2004-02-25,11.658616,12740,10839,1284,617
european-seas,2004-02-26,11.632868,12740,10847,1284,609
european-seas,2004-02-27,11.632579,12740,10825,1284,631
european-seas,2004-02-28,11.557853,12740,10851,1284,605
european-seas,2004-02-29,11.579529,12740,10860,1284,596
european-seas,2004-03-01,11.587626,12740,10863,1284,593
european-seas,2004-03-02,11.588095,12740,10844,1284,612
european-seas,2004-03-03,11.556271,12740,10845,1284,611
european-seas,2004-03-04,11.559262,12740,10848,1284,608
european-seas,2004-03-05,11.606054,12740,10862,1284,594
european-seas,2004-03-06,11.6306095,12740,10859,1284,597
european-seas,2004-03-07,11.597381,12740,10846,1284,610
european-seas,2004-03-08,11.581955,12740,10845,1284,611
european-seas,2004-03-09,11.593066,12740,10832,1284,624
european-seas,2004-03-10,11.606564,12740,10806,1284,650
european-seas,2004-03-11,11.677952,12740,10781,1284,675
european-seas,2004-03-12,11.765724,12740,10742,1284,714
european-seas,2004-03-13,11.822447,12740,10723,1284,733
european-seas,2004-03-14,11.837482,12740,10726,1284,730
european-seas,2004-03-15,11.819697,12740,10729,1284,727
european-seas,2004-03-16,11.804789,12740,10720,1284,736
european-seas,2004-03-17,11.880919,12740,10726,1284,730
european-seas,2004-03-18,11.974189,12740,10734,1284,722
european-seas,2004-03-19,12.00856,12740,10767,1284,689
european-seas,2004-03-20,12.036793,12740,10797,1284,659
european-seas,2004-03-21,12.07008,12740,10834,1284,622
european-seas,2004-03-22,12.148811,12740,10846,1284,610
european-seas,2004-03-23,12.126153,12740,10876,1284,580
european-seas,2004-03-24,12.105118,12740,10881,1284,575
european-seas,2004-03-25,11.995039,12740,10920,1284,536
european-seas,2004-03-26,11.814761,12740,10905,1284,551
european-seas,2004-03-27,11.685291,12740,10895,1284,561
european-seas,2004-03-28,11.723259,12740,10900,1284,556
european-seas,2004-03-29,11.780042,12740,10893,1284,563
european-seas,2004-03-30,11.842326,12740,10897,1284,559
european-seas,2004-03-31,11.967277,12740,10912,1284,544
european-seas,2004-04-01,12.18161,12740,10892,1284,564
european-seas,2004-04-02,12.215432,12740,10892,1284,564
european-seas,2004-04-03,12.213083,12740,10883,1284,573
european-seas,2004-04-04,12.250166,12740,10861,1284,595
european-seas,2004-04-05,12.325867,12740,10866,1284,590
european-seas,2004-04-06,12.422307,12740,10867,1284,589
european-seas,2004-04-07,12.48917,12740,10877,1284,579
european-seas,2004-04-08,12.513601,12740,10894,1284,562
european-seas,2004-04-09,12.479463,12740,10936,1284,520
european-seas,2004-04-10,12.496835,12740,10951,1284,505
european-seas,2004-04-11,12.590158,12740,10941,1284,515
european-seas,2004-04-12,12.65919,12740,10941,1284,515
european-seas,2004-04-13,12.738483,12740,10942,1284,514
european-seas,2004-04-14,12.800006,12740,10937,1284,519
european-seas,2004-04-15,12.785354,12740,10911,1284,545
european-seas,2004-04-16,12.738712,12740,10859,1284,597
european-seas,2004-04-17,12.7761545,12740,10844,1284,612
european-seas,2004-04-18,12.813465,12740,10822,1284,634
european-seas,2004-04-19,12.816186,12740,10830,1284,626
european-seas,2004-04-20,12.8965025,12740,10819,1284,637
european-seas,2004-04-21,13.012409,12740,10825,1284,631
european-seas,2004-04-22,13.122453,12740,10853,1284,603
european-seas,2004-04-23,13.25246,12740,10886,1284,570
european-seas,2004-04-24,13.369505,12740,10919,1284,537
european-seas,2004-04-25,13.446679,12740,10941,1284,515
european-seas,2004-04-26,13.459061,12740,10935,1284,521
european-seas,2004-04-27,13.510511,12740,10958,1284,498
european-seas,2004-04-28,13.508446,12740,10988,1284,468
european-seas,2004-04-29,13.390058,12740,11001,1284,455
european-seas,2004-04-30,13.310956,12740,11044,1284,412
european-seas,2004-05-01,13.396022,12740,11131,1284,325
european-seas,2004-05-02,13.555093,12740,11117,1284,339
european-seas,2004-05-03,13.59774,12740,11104,1284,352
european-seas,2004-05-04,13.547997,12740,11099,1284,357
european-seas,2004-05-05,13.502033,12740,11094,1284,362
european-seas,2004-05-06,13.593971,12740,11092,1284,364
european-seas,2004-05-07,13.778378,12740,11086,1284,370
european-seas,2004-05-08,13.880751,12740,11091,1284,365
european-seas,2004-05-09,13.936209,12740,11096,1284,360
european-seas,2004-05-10,13.935004,12740,11102,1284,354
european-seas,2004-05-11,13.909719,12740,11095,1284,361
european-seas,2004-05-12,13.838503,12740,11097,1284,359
european-seas,2004-05-13,13.890767,12740,11115,1284,341
european-seas,2004-05-14,14.051,12740,11123,1284,333
european-seas,2004-05-15,14.251401,12740,11105,1284,351
european-seas,2004-05-16,14.518172,12740,11076,1284,380
european-seas,2004-05-17,14.7156925,12740,11060,1284,396
european-seas,2004-05-18,14.894002,12740,11071,1284,385
european-seas,2004-05-19,15.008972,12740,11071,1284,385
european-seas,2004-05-20,15.179226,12740,11056,1284,400
european-seas,2004-05-21,15.257148,12740,11055,1284,401
european-seas,2004-05-22,15.270414,12740,11084,1284,372
european-seas,2004-05-23,15.420863,12740,11083,1284,373
european-seas,2004-05-24,15.604797,12740,11076,1284,380
european-seas,2004-05-25,15.567906,12740,11064,1284,392
european-seas,2004-05-26,15.504924,12740,11055,1284,401
european-seas,2004-05-27,15.633629,12740,11057,1284,399
european-seas,2004-05-28,15.707239,12740,11063,1284,393
european-seas,2004-05-29,15.797933,12740,11102,1284,354
european-seas,2004-05-30,15.938326,12740,11165,1284,291
european-seas,2004-05-31,16.083649,12740,11280,1284,176
european-seas,2004-06-01,16.169216,12740,11456,1284,0
european-seas,2004-06-02,16.411222,12740,11456,1284,0
european-seas,2004-06-03,16.510204,12740,11456,1284,0
european-seas,2004-06-04,16.481646,12740,11456,1284,0
european-seas,2004-06-05,16.535736,12740,11456,1284,0
european-seas,2004-06-06,16.879354,12740,11456,1284,0
european-seas,2004-06-07,17.165527,12740,11456,1284,0
european-seas,2004-06-08,17.157722,12740,11456,1284,0
european-seas,2004-06-09,17.202028,12740,11456,1284,0
european-seas,2004-06-10,17.363783,12740,11456,1284,0
european-seas,2004-06-11,17.47866,12740,11456,1284,0
european-seas,2004-06-12,17.645527,12740,11456,1284,0
european-seas,2004-06-13,17.838953,12740,11456,1284,0
european-seas,2004-06-14,17.879932,12740,11456,1284,0
european-seas,2004-06-15,17.988638,12740,11456,1284,0
european-seas,2004-06-16,18.050352,12740,11456,1284,0
european-seas,2004-06-17,18.043566,12740,11456,1284,0
european-seas,2004-06-18,18.023703,12740,11456,1284,0
european-seas,2004-06-19,18.030836,12740,11456,1284,0
european-seas,2004-06-20,18.16493,12740,11456,1284,0
european-seas,2004-06-21,18.403875,12740,11456,1284,0
european-seas,2004-06-22,18.587587,12740,11456,1284,0
european-seas,2004-06-23,18.68152,12740,11456,1284,0
european-seas,2004-06-24,18.754442,12740,11456,1284,0
european-seas,2004-06-25,18.92306,12740,11456,1284,0
european-seas,2004-06-26,19.109472,12740,11456,1284,0
european-seas,2004-06-27,19.284788,12740,11456,1284,0
european-seas,2004-06-28,19.42947,12740,11456,1284,0
european-seas,2004-06-29,19.487606,12740,11456,1284,0
european-seas,2004-06-30,19.55505,12740,11456,1284,0
european-seas,2004-07-01,19.657938,12740,11456,1284,0
european-seas,2004-07-02,19.705336,12740,11456,1284,0
european-seas,2004-07-03,19.735205,12740,11456,1284,0
european-seas,2004-07-04,19.808788,12740,11456,1284,0
european-seas,2004-07-05,19.914068,12740,11456,1284,0
european-seas,2004-07-06,20.029266,12740,11456,1284,0
european-seas,2004-07-07,20.093061,12740,11456,1284,0
european-seas,2004-07-08,20.089508,12740,11456,1284,0
european-seas,2004-07-09,20.08231,12740,11456,1284,0
european-seas,2004-07-10,20.053303,12740,11456,1284,0
european-seas,2004-07-11,20.058043,12740,11456,1284,0
european-seas,2004-07-12,20.074465,12740,11456,1284,0
european-seas,2004-07-13,20.008291,12740,11456,1284,0
european-seas,2004-07-14,19.91624,12740,11456,1284,0
european-seas,2004-07-15,19.949839,12740,11456,1284,0
european-seas,2004-07-16,20.01684,12740,11456,1284,0
european-seas,2004-07-17,20.114594,12740,11456,1284,0
european-seas,2004-07-18,20.232353,12740,11456,1284,0
european-seas,2004-07-19,20.322214,12740,11456,1284,0
european-seas,2004-07-20,20.422958,12740,11456,1284,0
european-seas,2004-07-21,20.549637,12740,11456,1284,0
european-seas,2004-07-22,20.626348,12740,11456,1284,0
european-seas,2004-07-23,20.756765,12740,11456,1284,0
european-seas,2004-07-24,20.860014,12740,11456,1284,0
european-seas,2004-07-25,20.907576,12740,11456,1284,0
european-seas,2004-07-26,20.90255,12740,11456,1284,0
european-seas,2004-07-27,20.974047,12740,11456,1284,0
european-seas,2004-07-28,21.120731,12740,11456,1284,0
european-seas,2004-07-29,21.292055,12740,11456,1284,0
european-seas,2004-07-30,21.384346,12740,11456,1284,0
european-seas,2004-07-31,21.390537,12740,11456,1284,0
european-seas,2004-08-01,21.458113,12740,11456,1284,0
european-seas,2004-08-02,21.578314,12740,11456,1284,0
european-seas,2004-08-03,21.637108,12740,11456,1284,0
european-seas,2004-08-04,21.730108,12740,11456,1284,0
european-seas,2004-08-05,21.81575,12740,11456,1284,0
european-seas,2004-08-06,21.821264,12740,11456,1284,0
european-seas,2004-08-07,21.902046,12740,11456,1284,0
european-seas,2004-08-08,21.93466,12740,11456,1284,0
european-seas,2004-08-09,21.938185,12740,11456,1284,0
european-seas,2004-08-10,21.954826,12740,11456,1284,0
european-seas,2004-08-11,22.003637,12740,11456,1284,0
european-seas,2004-08-12,22.039454,12740,11456,1284,0
european-seas,2004-08-13,22.093256,12740,11456,1284,0
european-seas,2004-08-14,22.117779,12740,11456,1284,0
european-seas,2004-08-15,22.100542,12740,11456,1284,0
european-seas,2004-08-16,22.055351,12740,11456,1284,0
european-seas,2004-08-17,21.951374,12740,11456,1284,0
european-seas,2004-08-18,21.852652,12740,11456,1284,0
european-seas,2004-08-19,21.715456,12740,11456,1284,0
european-seas,2004-08-20,21.633123,12740,11456,1284,0
european-seas,2004-08-21,21.61201,12740,11456,1284,0
european-seas,2004-08-22,21.613148,12740,11456,1284,0
european-seas,2004-08-23,21.546112,12740,11456,1284,0
european-seas,2004-08-24,21.4274,12740,11456,1284,0
european-seas,2004-08-25,21.243628,12740,11456,1284,0
european-seas,2004-08-26,21.185194,12740,11456,1284,0
european-seas,2004-08-27,21.190393,12740,11456,1284,0
european-seas,2004-08-28,21.207445,12740,11456,1284,0
european-seas,2004-08-29,21.215532,12740,11456,1284,0
european-seas,2004-08-30,21.229708,12740,11456,1284,0
european-seas,2004-08-31,21.228249,12740,11456,1284,0
european-seas,2004-09-01,21.251762,12740,11456,1284,0
european-seas,2004-09-02,21.265985,12740,11456,1284,0
european-seas,2004-09-03,21.236639,12740,11456,1284,0
european-seas,2004-09-04,21.090906,12740,11456,1284,0
european-seas,2004-09-05,20.985231,12740,11456,1284,0
european-seas,2004-09-06,20.918278,12740,11456,1284,0
european-seas,2004-09-07,20.923754,12740,11456,1284,0
european-seas,2004-09-08,20.894756,12740,11456,1284,0
european-seas,2004-09-09,20.813404,12740,11456,1284,0
european-seas,2004-09-10,20.739697,12740,11456,1284,0
european-seas,2004-09-11,20.589754,12740,11456,1284,0
european-seas,2004-09-12,20.455368,12740,11456,1284,0
european-seas,2004-09-13,20.318277,12740,11456,1284,0
european-seas,2004-09-14,20.212734,12740,11456,1284,0
european-seas,2004-09-15,20.132376,12740,11456,1284,0
european-seas,2004-09-16,20.109564,12740,11456,1284,0
european-seas,2004-09-17,20.072706,12740,11456,1284,0
european-seas,2004-09-18,19.9835,12740,11456,1284,0
european-seas,2004-09-19,19.950546,12740,11456,1284,0
european-seas,2004-09-20,19.872787,12740,11456,1284,0
european-seas,2004-09-21,19.76651,12740,11456,1284,0
european-seas,2004-09-22,19.730536,12740,11456,1284,0
european-seas,2004-09-23,19.659021,12740,11456,1284,0
european-seas,2004-09-24,19.59321,12740,11456,1284,0
european-seas,2004-09-25,19.481672,12740,11456,1284,0
european-seas,2004-09-26,19.384935,12740,11456,1284,0
european-seas,2004-09-27,19.38093,12740,11456,1284,0
european-seas,2004-09-28,19.395973,12740,11456,1284,0
european-seas,2004-09-29,19.391693,12740,11456,1284,0
european-seas,2004-09-30,19.37532,12740,11456,1284,0
european-seas,2004-10-01,19.360289,12740,11456,1284,0
european-seas,2004-10-02,19.312521,12740,11456,1284,0
european-seas,2004-10-03,19.264053,12740,11456,1284,0
european-seas,2004-10-04,19.170727,12740,11456,1284,0
european-seas,2004-10-05,19.011086,12740,11456,1284,0
european-seas,2004-10-06,18.85517,12740,11456,1284,0
european-seas,2004-10-07,18.757473,12740,11456,1284,0
european-seas,2004-10-08,18.668114,12740,11456,1284,0
european-seas,2004-10-09,18.557138,12740,11456,1284,0
european-seas,2004-10-10,18.418879,12740,11456,1284,0
european-seas,2004-10-11,18.32773,12740,11456,1284,0
european-seas,2004-10-12,18.240835,12740,11456,1284,0
european-seas,2004-10-13,18.131174,12740,11456,1284,0
european-seas,2004-10-14,18.02737,12740,11456,1284,0
european-seas,2004-10-15,17.947758,12740,11456,1284,0
european-seas,2004-10-16,17.90212,12740,11456,1284,0
european-seas,2004-10-17,17.868523,12740,11456,1284,0
european-seas,2004-10-18,17.780401,12740,11456,1284,0
european-seas,2004-10-19,17.775213,12740,11456,1284,0
european-seas,2004-10-20,17.81835,12740,11456,1284,0
european-seas,2004-10-21,17.841036,12740,11456,1284,0
european-seas,2004-10-22,17.850979,12740,11456,1284,0
european-seas,2004-10-23,17.773714,12740,11456,1284,0
european-seas,2004-10-24,17.661385,12740,11456,1284,0
european-seas,2004-10-25,17.577726,12740,11456,1284,0
european-seas,2004-10-26,17.566776,12740,11456,1284,0
european-seas,2004-10-27,17.524881,12740,11456,1284,0
european-seas,2004-10-28,17.463987,12740,11456,1284,0
european-seas,2004-10-29,17.392033,12740,11456,1284,0
european-seas,2004-10-30,17.34045,12740,11456,1284,0
european-seas,2004-10-31,17.28523,12740,11456,1284,0
european-seas,2004-11-01,17.343756,12740,11370,1284,86
european-seas,2004-11-02,17.376633,12740,11328,1284,128
european-seas,2004-11-03,17.355145,12740,11303,1284,153
european-seas,2004-11-04,17.259926,12740,11294,1284,162
european-seas,2004-11-05,17.146984,12740,11292,1284,164
european-seas,2004-11-06,16.993258,12740,11284,1284,172
european-seas,2004-11-07,16.881046,12740,11285,1284,171
european-seas,2004-11-08,16.793545,12740,11281,1284,175
european-seas,2004-11-09,16.767721,12740,11289,1284,167
european-seas,2004-11-10,16.692442,12740,11288,1284,168
european-seas,2004-11-11,16.557087,12740,11278,1284,178
european-seas,2004-11-12,16.45168,12740,11279,1284,177
european-seas,2004-11-13,16.272839,12740,11291,1284,165
european-seas,2004-11-14,16.085382,12740,11309,1284,147
european-seas,2004-11-15,15.934199,12740,11330,1284,126
european-seas,2004-11-16,15.863999,12740,11341,1284,115
european-seas,2004-11-17,15.784376,12740,11355,1284,101
european-seas,2004-11-18,15.669882,12740,11362,1284,94
european-seas,2004-11-19,15.552873,12740,11372,1284,84
european-seas,2004-11-20,15.439824,12740,11372,1284,84
european-seas,2004-11-21,15.258704,12740,11362,1284,94
european-seas,2004-11-22,15.172003,12740,11348,1284,108
european-seas,2004-11-23,15.104015,12740,11342,1284,114
european-seas,2004-11-24,15.062763,12740,11338,1284,118
european-seas,2004-11-25,15.014809,12740,11337,1284,119
european-seas,2004-11-26,14.909758,12740,11333,1284,123
european-seas,2004-11-27,14.852966,12740,11324,1284,132
european-seas,2004-11-28,14.802504,12740,11312,1284,144
european-seas,2004-11-29,14.708243,12740,11329,1284,127
european-seas,2004-11-30,14.64258,12740,11330,1284,126
european-seas,2004-12-01,14.6253395,12740,11223,1284,233
european-seas,2004-12-02,14.584218,12740,11124,1284,332
european-seas,2004-12-03,14.586224,12740,11054,1284,402
european-seas,2004-12-04,14.590782,12740,11008,1284,448
european-seas,2004-12-05,14.569627,12740,11009,1284,447
european-seas,2004-12-06,14.591989,12740,10983,1284,473
european-seas,2004-12-07,14.550493,12740,10967,1284,489
european-seas,2004-12-08,14.50016,12740,10969,1284,487
european-seas,2004-12-09,14.431977,12740,10986,1284,470
european-seas,2004-12-10,14.3751135,12740,10991,1284,465
european-seas,2004-12-11,14.291175,12740,10996,1284,460
european-seas,2004-12-12,14.249385,12740,11002,1284,454
european-seas,2004-12-13,14.199741,12740,11004,1284,452
european-seas,2004-12-14,14.148707,12740,11003,1284,453
european-seas,2004-12-15,14.121812,12740,10988,1284,468
european-seas,2004-12-16,14.042603,12740,11000,1284,456
european-seas,2004-12-17,13.95585,12740,11028,1284,428
european-seas,2004-12-18,13.897054,12740,11022,1284,434
european-seas,2004-12-19,13.806623,12740,11020,1284,436
european-seas,2004-12-20,13.727675,12740,11020,1284,436
european-seas,2004-12-21,13.61914,12740,11045,1284,411
european-seas,2004-12-22,13.559191,12740,11033,1284,423
european-seas,2004-12-23,13.523279,12740,11055,1284,401
european-seas,2004-12-24,13.520813,12740,11047,1284,409
european-seas,2004-12-25,13.459866,12740,11048,1284,408
european-seas,2004-12-26,13.351369,12740,11092,1284,364
european-seas,2004-12-27,13.31558,12740,11086,1284,370
european-seas,2004-12-28,13.24808,12740,11101,1284,355
european-seas,2004-12-29,13.230066,12740,11077,1284,379
european-seas,2004-12-30,13.21462,12740,11102,1284,354
european-seas,2004-12-31,13.172247,12740,11020,1284,436
european-seas,2005-01-01,12.976775,12740,11362,1284,94
european-seas,2005-01-02,12.931496,12740,11377,1284,79
european-seas,2005-01-03,12.9017315,12740,11381,1284,75
european-seas,2005-01-04,12.83442,12740,11375,1284,81
european-seas,2005-01-05,12.730252,12740,11368,1284,88
european-seas,2005-01-06,12.690682,12740,11356,1284,100
european-seas,2005-01-07,12.720654,12740,11356,1284,100
european-seas,2005-01-08,12.717703,12740,11346,1284,110
european-seas,2005-01-09,12.6857815,12740,11346,1284,110
european-seas,2005-01-10,12.721843,12740,11333,1284,123
european-seas,2005-01-11,12.689687,12740,11326,1284,130
european-seas,2005-01-12,12.646812,12740,11320,1284,136
european-seas,2005-01-13,12.577447,12740,11327,1284,129
european-seas,2005-01-14,12.518498,12740,11327,1284,129
european-seas,2005-01-15,12.415926,12740,11336,1284,120
european-seas,2005-01-16,12.362873,12740,11327,1284,129
european-seas,2005-01-17,12.269092,12740,11323,1284,133
european-seas,2005-01-18,12.199014,12740,11311,1284,145
european-seas,2005-01-19,12.192565,12740,11304,1284,152
european-seas,2005-01-20,12.17007,12740,11304,1284,152
european-seas,2005-01-21,12.144717,12740,11291,1284,165
european-seas,2005-01-22,12.177602,12740,11287,1284,169
european-seas,2005-01-23,12.21226,12740,11298,1284,158
european-seas,2005-01-24,12.208872,12740,11283,1284,173
european-seas,2005-01-25,12.127967,12740,11308,1284,148
european-seas,2005-01-26,12.039361,12740,11299,1284,157
european-seas,2005-01-27,11.972742,12740,11295,1284,161
european-seas,2005-01-28,11.818393,12740,11270,1284,186
european-seas,2005-01-29,11.74117,12740,11274,1284,182
european-seas,2005-01-30,11.817255,12740,11217,1284,239
european-seas,2005-01-31,11.920788,12740,11182,1284,274
european-seas,2005-02-01,12.001029,12740,11164,1284,292
european-seas,2005-02-02,12.018195,12740,11142,1284,314
european-seas,2005-02-03,11.951033,12740,11136,1284,320
european-seas,2005-02-04,11.853945,12740,11133,1284,323
european-seas,2005-02-05,11.784497,12740,11132,1284,324
european-seas,2005-02-06,11.7233,12740,11150,1284,306
european-seas,2005-02-07,11.670673,12740,11141,1284,315
european-seas,2005-02-08,11.625544,12740,11145,1284,311
european-seas,2005-02-09,11.538197,12740,11171,1284,285
european-seas,2005-02-10,11.512551,12740,11208,1284,248
european-seas,2005-02-11,11.5833,12740,11205,1284,251
european-seas,2005-02-12,11.622192,12740,11145,1284,311
european-seas,2005-02-13,11.66093,12740,11121,1284,335
european-seas,2005-02-14,11.664877,12740,11107,1284,349
european-seas,2005-02-15,11.614039,12740,11096,1284,360
european-seas,2005-02-16,11.561104,12740,11076,1284,380
european-seas,2005-02-17,11.571402,12740,11067,1284,389
european-seas,2005-02-18,11.61141,12740,11067,1284,389
european-seas,2005-02-19,11.628052,12740,11047,1284,409
european-seas,2005-02-20,11.631447,12740,11028,1284,428
european-seas,2005-02-21,11.618141,12740,11014,1284,442
european-seas,2005-02-22,11.577818,12740,10991,1284,465
european-seas,2005-02-23,11.648326,12740,10927,1284,529
european-seas,2005-02-24,11.692007,12740,10890,1284,566
european-seas,2005-02-25,11.679504,12740,10833,1284,623
european-seas,2005-02-26,11.656864,12740,10810,1284,646
european-seas,2005-02-27,11.617348,12740,10821,1284,635
european-seas,2005-02-28,11.494183,12740,10844,1284,612
european-seas,2005-03-01,11.357135,12740,10887,1284,569
european-seas,2005-03-02,11.34921,12740,10905,1284,551
european-seas,2005-03-03,11.381635,12740,10928,1284,528
european-seas,2005-03-04,11.329636,12740,10954,1284,502
european-seas,2005-03-05,11.325274,12740,10959,1284,497
european-seas,2005-03-06,11.339188,12740,10911,1284,545
european-seas,2005-03-07,11.312071,12740,10909,1284,547
european-seas,2005-03-08,11.344518,12740,10853,1284,603
european-seas,2005-03-09,11.320516,12740,10843,1284,613
european-seas,2005-03-10,11.330541,12740,10840,1284,616
european-seas,2005-03-11,11.333836,12740,10822,1284,634
european-seas,2005-03-12,11.3637,12740,10800,1284,656
european-seas,2005-03-13,11.422182,12740,10800,1284,656
european-seas,2005-03-14,11.571341,12740,10743,1284,713
european-seas,2005-03-15,11.643417,12740,10719,1284,737
european-seas,2005-03-16,11.631786,12740,10718,1284,738
european-seas,2005-03-17,11.709941,12740,10696,1284,760
european-seas,2005-03-18,11.806519,12740,10685,1284,771
european-seas,2005-03-19,11.846026,12740,10706,1284,750
european-seas,2005-03-20,11.899482,12740,10702,1284,754
european-seas,2005-03-21,11.972532,12740,10685,1284,771
european-seas,2005-03-22,12.071772,12740,10702,1284,754
european-seas,2005-03-23,12.146663,12740,10730,1284,726
european-seas,2005-03-24,12.146621,12740,10759,1284,697
european-seas,2005-03-25,12.095876,12740,10775,1284,681
european-seas,2005-03-26,12.192915,12740,10809,1284,647
european-seas,2005-03-27,12.247604,12740,10850,1284,606
european-seas,2005-03-28,12.264374,12740,10883,1284,573
european-seas,2005-03-29,12.291018,12740,10917,1284,539
european-seas,2005-03-30,12.305324,12740,10925,1284,531
european-seas,2005-03-31,12.305799,12740,10926,1284,530
european-seas,2005-04-01,12.255697,12740,10945,1284,511
european-seas,2005-04-02,12.259036,12740,10963,1284,493
european-seas,2005-04-03,12.253723,12740,10996,1284,460
european-seas,2005-04-04,12.240798,12740,11028,1284,428
european-seas,2005-04-05,12.239639,12740,11066,1284,390
european-seas,2005-04-06,12.270253,12740,11077,1284,379
european-seas,2005-04-07,12.251878,12740,11104,1284,352
european-seas,2005-04-08,12.226334,12740,11108,1284,348
european-seas,2005-04-09,12.196103,12740,11129,1284,327
european-seas,2005-04-10,12.268479,12740,11123,1284,333
european-seas,2005-04-11,12.339637,12740,11135,1284,321
european-seas,2005-04-12,12.309876,12740,11137,1284,319
european-seas,2005-04-13,12.252941,12740,11161,1284,295
european-seas,2005-04-14,12.277411,12740,11173,1284,283
european-seas,2005-04-15,12.233205,12740,11208,1284,248
european-seas,2005-04-16,12.195979,12740,11187,1284,269
european-seas,2005-04-17,12.233733,12740,11202,1284,254
european-seas,2005-04-18,12.437438,12740,11199,1284,257
european-seas,2005-04-19,12.574003,12740,11216,1284,240
european-seas,2005-04-20,12.659099,12740,11214,1284,242
european-seas,2005-04-21,12.75226,12740,11214,1284,242
european-seas,2005-04-22,12.858878,12740,11216,1284,240
european-seas,2005-04-23,12.963838,12740,11255,1284,201
european-seas,2005-04-24,13.061199,12740,11272,1284,184
european-seas,2005-04-25,13.160454,12740,11284,1284,172
european-seas,2005-04-26,13.253553,12740,11321,1284,135
european-seas,2005-04-27,13.343237,12740,11324,1284,132
european-seas,2005-04-28,13.44698,12740,11324,1284,132
european-seas,2005-04-29,13.556538,12740,11332,1284,124
european-seas,2005-04-30,13.62665,12740,11359,1284,97
european-seas,2005-05-01,13.790362,12740,11363,1284,93
european-seas,2005-05-02,14.021648,12740,11363,1284,93
european-seas,2005-05-03,14.128425,12740,11364,1284,92
european-seas,2005-05-04,14.099131,12740,11364,1284,92
european-seas,2005-05-05,14.078357,12740,11372,1284,84
european-seas,2005-05-06,13.9868,12740,11372,1284,84
european-seas,2005-05-07,14.009581,12740,11372,1284,84
european-seas,2005-05-08,14.100327,12740,11372,1284,84
european-seas,2005-05-09,14.202584,12740,11395,1284,61
european-seas,2005-05-10,14.276071,12740,11399,1284,57
european-seas,2005-05-11,14.299405,12740,11406,1284,50
european-seas,2005-05-12,14.426905,12740,11403,1284,53
european-seas,2005-05-13,14.536681,12740,11419,1284,37
european-seas,2005-05-14,14.636329,12740,11419,1284,37
european-seas,2005-05-15,14.73802,12740,11431,1284,25
european-seas,2005-05-16,14.857941,12740,11439,1284,17
european-seas,2005-05-17,14.90985,12740,11447,1284,9
european-seas,2005-05-18,14.940202,12740,11443,1284,13
european-seas,2005-05-19,14.920836,12740,11447,1284,9
european-seas,2005-05-20,14.9973545,12740,11447,1284,9
european-seas,2005-05-21,15.123738,12740,11452,1284,4
european-seas,2005-05-22,15.246665,12740,11456,1284,0
european-seas,2005-05-23,15.409398,12740,11456,1284,0
european-seas,2005-05-24,15.472453,12740,11456,1284,0
european-seas,2005-05-25,15.582388,12740,11456,1284,0
european-seas,2005-05-26,15.7682495,12740,11456,1284,0
european-seas,2005-05-27,15.934154,12740,11456,1284,0
european-seas,2005-05-28,16.14798,12740,11456,1284,0
european-seas,2005-05-29,16.329008,12740,11456,1284,0
european-seas,2005-05-30,16.469593,12740,11456,1284,0
european-seas,2005-05-31,16.504145,12740,11456,1284,0
european-seas,2005-06-01,16.528353,12740,11456,1284,0
european-seas,2005-06-02,16.559057,12740,11456,1284,0
european-seas,2005-06-03,16.64264,12740,11456,1284,0
european-seas,2005-06-04,16.79517,12740,11456,1284,0
european-seas,2005-06-05,16.982634,12740,11456,1284,0
european-seas,2005-06-06,17.113525,12740,11456,1284,0
european-seas,2005-06-07,17.19773,12740,11456,1284,0
european-seas,2005-06-08,17.289824,12740,11456,1284,0
european-seas,2005-06-09,17.336498,12740,11456,1284,0
european-seas,2005-06-10,17.367033,12740,11456,1284,0
european-seas,2005-06-11,17.379702,12740,11456,1284,0
european-seas,2005-06-12,17.444927,12740,11456,1284,0
european-seas,2005-06-13,17.559408,12740,11456,1284,0
european-seas,2005-06-14,17.660217,12740,11456,1284,0
european-seas,2005-06-15,17.728415,12740,11456,1284,0
european-seas,2005-06-16,17.851624,12740,11456,1284,0
european-seas,2005-06-17,18.12657,12740,11456,1284,0
european-seas,2005-06-18,18.36126,12740,11456,1284,0
european-seas,2005-06-19,18.598286,12740,11456,1284,0
european-seas,2005-06-20,18.774067,12740,11456,1284,0
european-seas,2005-06-21,18.899208,12740,11456,1284,0
european-seas,2005-06-22,19.052794,12740,11456,1284,0
european-seas,2005-06-23,19.261824,12740,11456,1284,0
european-seas,2005-06-24,19.383598,12740,11456,1284,0
european-seas,2005-06-25,19.363014,12740,11456,1284,0
european-seas,2005-06-26,19.402452,12740,11456,1284,0
european-seas,2005-06-27,19.493607,12740,11456,1284,0
european-seas,2005-06-28,19.606342,12740,11456,1284,0
european-seas,2005-06-29,19.719788,12740,11456,1284,0
european-seas,2005-06-30,19.739714,12740,11456,1284,0
european-seas,2005-07-01,19.780613,12740,11456,1284,0
european-seas,2005-07-02,19.85902,12740,11456,1284,0
european-seas,2005-07-03,19.90169,12740,11456,1284,0
european-seas,2005-07-04,19.95041,12740,11456,1284,0
european-seas,2005-07-05,19.9259,12740,11456,1284,0
european-seas,2005-07-06,19.974142,12740,11456,1284,0
european-seas,2005-07-07,20.03289,12740,11456,1284,0
european-seas,2005-07-08,20.086285,12740,11456,1284,0
european-seas,2005-07-09,20.191353,12740,11456,1284,0
european-seas,2005-07-10,20.368977,12740,11456,1284,0
european-seas,2005-07-11,20.536098,12740,11456,1284,0
european-seas,2005-07-12,20.562094,12740,11456,1284,0
european-seas,2005-07-13,20.57702,12740,11456,1284,0
european-seas,2005-07-14,20.661955,12740,11456,1284,0
european-seas,2005-07-15,20.708513,12740,11456,1284,0
european-seas,2005-07-16,20.726715,12740,11456,1284,0
european-seas,2005-07-17,20.840244,12740,11456,1284,0
european-seas,2005-07-18,21.02102,12740,11456,1284,0
european-seas,2005-07-19,21.072128,12740,11456,1284,0
european-seas,2005-07-20,21.047518,12740,11456,1284,0
european-seas,2005-07-21,21.056833,12740,11456,1284,0
european-seas,2005-07-22,21.105621,12740,11456,1284,0
european-seas,2005-07-23,21.19003,12740,11456,1284,0
european-seas,2005-07-24,21.304909,12740,11456,1284,0
european-seas,2005-07-25,21.31609,12740,11456,1284,0
european-seas,2005-07-26,21.327797,12740,11456,1284,0
european-seas,2005-07-27,21.326368,12740,11456,1284,0
european-seas,2005-07-28,21.417093,12740,11456,1284,0
european-seas,2005-07-29,21.560013,12740,11456,1284,0
european-seas,2005-07-30,21.583403,12740,11456,1284,0
european-seas,2005-07-31,21.588736,12740,11456,1284,0
european-seas,2005-08-01,21.522987,12740,11456,1284,0
european-seas,2005-08-02,21.475786,12740,11456,1284,0
european-seas,2005-08-03,21.49086,12740,11456,1284,0
european-seas,2005-08-04,21.424057,12740,11456,1284,0
european-seas,2005-08-05,21.369574,12740,11456,1284,0
european-seas,2005-08-06,21.281967,12740,11456,1284,0
european-seas,2005-08-07,21.250507,12740,11456,1284,0
european-seas,2005-08-08,21.191526,12740,11456,1284,0
european-seas,2005-08-09,21.122353,12740,11456,1284,0
european-seas,2005-08-10,21.067678,12740,11456,1284,0
european-seas,2005-08-11,21.095507,12740,11456,1284,0
european-seas,2005-08-12,21.206383,12740,11456,1284,0
european-seas,2005-08-13,21.30071,12740,11456,1284,0
european-seas,2005-08-14,21.334032,12740,11456,1284,0
european-seas,2005-08-15,21.337053,12740,11456,1284,0
european-seas,2005-08-16,21.334679,12740,11456,1284,0
european-seas,2005-08-17,21.319582,12740,11456,1284,0
european-seas,2005-08-18,21.279463,12740,11456,1284,0
european-seas,2005-08-19,21.245895,12740,11456,1284,0
european-seas,2005-08-20,21.293854,12740,11456,1284,0
european-seas,2005-08-21,21.292126,12740,11456,1284,0
european-seas,2005-08-22,21.249094,12740,11456,1284,0
european-seas,2005-08-23,21.187254,12740,11456,1284,0
european-seas,2005-08-24,21.1144,12740,11456,1284,0
european-seas,2005-08-25,21.097424,12740,11456,1284,0
european-seas,2005-08-26,21.055397,12740,11456,1284,0
european-seas,2005-08-27,21.027643,12740,11456,1284,0
european-seas,2005-08-28,20.983225,12740,11456,1284,0
european-seas,2005-08-29,20.947382,12740,11456,1284,0
european-seas,2005-08-30,20.984951,12740,11456,1284,0
european-seas,2005-08-31,21.03151,12740,11456,1284,0
european-seas,2005-09-01,21.064678,12740,11456,1284,0
european-seas,2005-09-02,21.138432,12740,11456,1284,0
european-seas,2005-09-03,21.176607,12740,11456,1284,0
european-seas,2005-09-04,21.087723,12740,11456,1284,0
european-seas,2005-09-05,21.017056,12740,11456,1284,0
european-seas,2005-09-06,20.970762,12740,11456,1284,0
european-seas,2005-09-07,20.924692,12740,11456,1284,0
european-seas,2005-09-08,20.849155,12740,11456,1284,0
european-seas,2005-09-09,20.791746,12740,11456,1284,0
european-seas,2005-09-10,20.693079,12740,11456,1284,0
european-seas,2005-09-11,20.594284,12740,11456,1284,0
european-seas,2005-09-12,20.63378,12740,11456,1284,0
european-seas,2005-09-13,20.658926,12740,11456,1284,0
european-seas,2005-09-14,20.6317,12740,11456,1284,0
european-seas,2005-09-15,20.556637,12740,11456,1284,0
european-seas,2005-09-16,20.48258,12740,11456,1284,0
european-seas,2005-09-17,20.408766,12740,11456,1284,0
european-seas,2005-09-18,20.243296,12740,11456,1284,0
european-seas,2005-09-19,20.12705,12740,11456,1284,0
european-seas,2005-09-20,20.15032,12740,11456,1284,0
european-seas,2005-09-21,20.113106,12740,11456,1284,0
european-seas,2005-09-22,20.130138,12740,11456,1284,0
european-seas,2005-09-23,20.140533,12740,11456,1284,0
european-seas,2005-09-24,20.072277,12740,11456,1284,0
european-seas,2005-09-25,19.99862,12740,11456,1284,0
european-seas,2005-09-26,19.914917,12740,11456,1284,0
european-seas,2005-09-27,19.863165,12740,11456,1284,0
european-seas,2005-09-28,19.794231,12740,11456,1284,0
european-seas,2005-09-29,19.72974,12740,11456,1284,0
european-seas,2005-09-30,19.665493,12740,11456,1284,0
european-seas,2005-10-01,19.581976,12740,11456,1284,0
european-seas,2005-10-02,19.39391,12740,11456,1284,0
european-seas,2005-10-03,19.154957,12740,11456,1284,0
european-seas,2005-10-04,19.039585,12740,11456,1284,0
european-seas,2005-10-05,18.993904,12740,11456,1284,0
european-seas,2005-10-06,18.975454,12740,11456,1284,0
european-seas,2005-10-07,18.949238,12740,11456,1284,0
european-seas,2005-10-08,18.906652,12740,11456,1284,0
european-seas,2005-10-09,18.842234,12740,11456,1284,0
european-seas,2005-10-10,18.777617,12740,11456,1284,0
european-seas,2005-10-11,18.669239,12740,11456,1284,0
european-seas,2005-10-12,18.598553,12740,11456,1284,0
european-seas,2005-10-13,18.562973,12740,11456,1284,0
european-seas,2005-10-14,18.494741,12740,11456,1284,0
european-seas,2005-10-15,18.454811,12740,11456,1284,0
european-seas,2005-10-16,18.39474,12740,11456,1284,0
european-seas,2005-10-17,18.322176,12740,11456,1284,0
european-seas,2005-10-18,18.182638,12740,11456,1284,0
european-seas,2005-10-19,18.07269,12740,11456,1284,0
european-seas,2005-10-20,18.015285,12740,11456,1284,0
european-seas,2005-10-21,17.967394,12740,11456,1284,0
european-seas,2005-10-22,17.922876,12740,11456,1284,0
european-seas,2005-10-23,17.8252,12740,11456,1284,0
european-seas,2005-10-24,17.744612,12740,11456,1284,0
european-seas,2005-10-25,17.646173,12740,11456,1284,0
european-seas,2005-10-26,17.625078,12740,11456,1284,0
european-seas,2005-10-27,17.609928,12740,11456,1284,0
european-seas,2005-10-28,17.587315,12740,11456,1284,0
european-seas,2005-10-29,17.535215,12740,11456,1284,0
european-seas,2005-10-30,17.449556,12740,11456,1284,0
european-seas,2005-10-31,17.31952,12740,11456,1284,0
european-seas,2005-11-01,17.225525,12740,11456,1284,0
european-seas,2005-11-02,17.125126,12740,11456,1284,0
european-seas,2005-11-03,17.05179,12740,11456,1284,0
european-seas,2005-11-04,16.965963,12740,11456,1284,0
european-seas,2005-11-05,16.930595,12740,11456,1284,0
european-seas,2005-11-06,16.881794,12740,11456,1284,0
european-seas,2005-11-07,16.82858,12740,11456,1284,0
european-seas,2005-11-08,16.795097,12740,11456,1284,0
european-seas,2005-11-09,16.700312,12740,11456,1284,0
european-seas,2005-11-10,16.611898,12740,11456,1284,0
european-seas,2005-11-11,16.534853,12740,11456,1284,0
european-seas,2005-11-12,16.455166,12740,11456,1284,0
european-seas,2005-11-13,16.334677,12740,11456,1284,0
european-seas,2005-11-14,16.210506,12740,11456,1284,0
european-seas,2005-11-15,16.116354,12740,11456,1284,0
european-seas,2005-11-16,16.028088,12740,11456,1284,0
european-seas,2005-11-17,16.003036,12740,11456,1284,0
european-seas,2005-11-18,15.920169,12740,11456,1284,0
european-seas,2005-11-19,15.810904,12740,11456,1284,0
european-seas,2005-11-20,15.663688,12740,11456,1284,0
european-seas,2005-11-21,15.487045,12740,11456,1284,0
european-seas,2005-11-22,15.39315,12740,11456,1284,0
european-seas,2005-11-23,15.33608,12740,11456,1284,0
european-seas,2005-11-24,15.218179,12740,11456,1284,0
european-seas,2005-11-25,15.123413,12740,11456,1284,0
european-seas,2005-11-26,15.010466,12740,11456,1284,0
european-seas,2005-11-27,14.863804,12740,11456,1284,0
european-seas,2005-11-28,14.752765,12740,11456,1284,0
european-seas,2005-11-29,14.652204,12740,11456,1284,0
european-seas,2005-11-30,14.546643,12740,11456,1284,0
european-seas,2005-12-01,14.452622,12740,11456,1284,0
european-seas,2005-12-02,14.417479,12740,11456,1284,0
european-seas,2005-12-03,14.405901,12740,11456,1284,0
european-seas,2005-12-04,14.339295,12740,11456,1284,0
european-seas,2005-12-05,14.283792,12740,11456,1284,0
european-seas,2005-12-06,14.250929,12740,11456,1284,0
european-seas,2005-12-07,14.196708,12740,11456,1284,0
european-seas,2005-12-08,14.095065,12740,11456,1284,0
european-seas,2005-12-09,14.035328,12740,11456,1284,0
european-seas,2005-12-10,14.018772,12740,11456,1284,0
european-seas,2005-12-11,13.974171,12740,11456,1284,0
european-seas,2005-12-12,13.914345,12740,11456,1284,0
european-seas,2005-12-13,13.878171,12740,11456,1284,0
european-seas,2005-12-14,13.770034,12740,11456,1284,0
european-seas,2005-12-15,13.647716,12740,11456,1284,0
european-seas,2005-12-16,13.470716,12740,11456,1284,0
european-seas,2005-12-17,13.391743,12740,11456,1284,0
european-seas,2005-12-18,13.289255,12740,11448,1284,8
european-seas,2005-12-19,13.142389,12740,11448,1284,8
european-seas,2005-12-20,13.035502,12740,11444,1284,12
european-seas,2005-12-21,13.024651,12740,11444,1284,12
european-seas,2005-12-22,13.069786,12740,11436,1284,20
european-seas,2005-12-23,13.138719,12740,11432,1284,24
european-seas,2005-12-24,13.169956,12740,11432,1284,24
european-seas,2005-12-25,13.134337,12740,11428,1284,28
european-seas,2005-12-26,13.116561,12740,11415,1284,41
european-seas,2005-12-27,13.125338,12740,11395,1284,61
european-seas,2005-12-28,13.085329,12740,11378,1284,78
european-seas,2005-12-29,13.023647,12740,11355,1284,101
european-seas,2005-12-30,12.981107,12740,11339,1284,117
european-seas,2005-12-31,12.89023,12740,11339,1284,117
european-seas,2006-01-01,12.757891,12740,11329,1284,127
european-seas,2006-01-02,12.70679,12740,11307,1284,149
european-seas,2006-01-03,12.682531,12740,11271,1284,185
european-seas,2006-01-04,12.60835,12740,11213,1284,243
european-seas,2006-01-05,12.570569,12740,11191,1284,265
european-seas,2006-01-06,12.552925,12740,11165,1284,291
european-seas,2006-01-07,12.468096,12740,11169,1284,287
european-seas,2006-01-08,12.456235,12740,11120,1284,336
european-seas,2006-01-09,12.416019,12740,11120,1284,336
european-seas,2006-01-10,12.381592,12740,11131,1284,325
european-seas,2006-01-11,12.338053,12740,11184,1284,272
european-seas,2006-01-12,12.24516,12740,11271,1284,185
european-seas,2006-01-13,12.195328,12740,11285,1284,171
european-seas,2006-01-14,12.138276,12740,11277,1284,179
european-seas,2006-01-15,12.057606,12740,11275,1284,181
european-seas,2006-01-16,11.998514,12740,11303,1284,153
european-seas,2006-01-17,11.99882,12740,11293,1284,163
european-seas,2006-01-18,12.0399275,12740,11257,1284,199
european-seas,2006-01-19,12.089426,12740,11241,1284,215
european-seas,2006-01-20,12.081616,12740,11217,1284,239
european-seas,2006-01-21,12.058007,12740,11168,1284,288
european-seas,2006-01-22,11.984261,12740,11099,1284,357
european-seas,2006-01-23,11.9873905,12740,11015,1284,441
european-seas,2006-01-24,12.071514,12740,10904,1284,552
european-seas,2006-01-25,12.083483,12740,10889,1284,567
european-seas,2006-01-26,12.086057,12740,10867,1284,589
european-seas,2006-01-27,12.130527,12740,10843,1284,613
european-seas,2006-01-28,12.134834,12740,10825,1284,631
european-seas,2006-01-29,12.114887,12740,10849,1284,607
european-seas,2006-01-30,12.033283,12740,10882,1284,574
european-seas,2006-01-31,12.008418,12740,10889,1284,567
european-seas,2006-02-01,11.918029,12740,10895,1284,561
european-seas,2006-02-02,11.78825,12740,10923,1284,533
european-seas,2006-02-03,11.750005,12740,10903,1284,553
european-seas,2006-02-04,11.702012,12740,10875,1284,581
european-seas,2006-02-05,11.691269,12740,10873,1284,583
european-seas,2006-02-06,11.657896,12740,10837,1284,619
european-seas,2006-02-07,11.645897,12740,10821,1284,635
european-seas,2006-02-08,11.660558,12740,10863,1284,593
european-seas,2006-02-09,11.682532,12740,10849,1284,607
european-seas,2006-02-10,11.67962,12740,10863,1284,593
european-seas,2006-02-11,11.730548,12740,10855,1284,601
european-seas,2006-02-12,11.717393,12740,10847,1284,609
european-seas,2006-02-13,11.662999,12740,10872,1284,584
european-seas,2006-02-14,11.607291,12740,10890,1284,566
european-seas,2006-02-15,11.66285,12740,10852,1284,604
european-seas,2006-02-16,11.692689,12740,10804,1284,652
european-seas,2006-02-17,11.695764,12740,10774,1284,682
european-seas,2006-02-18,11.687841,12740,10739,1284,717
european-seas,2006-02-19,11.680895,12740,10723,1284,733
european-seas,2006-02-20,11.68924,12740,10699,1284,757
european-seas,2006-02-21,11.68257,12740,10695,1284,761
european-seas,2006-02-22,11.65906,12740,10726,1284,730
european-seas,2006-02-23,11.5787325,12740,10769,1284,687
european-seas,2006-02-24,11.462052,12740,10838,1284,618
european-seas,2006-02-25,11.423542,12740,10854,1284,602
european-seas,2006-02-26,11.411129,12740,10875,1284,581
european-seas,2006-02-27,11.476079,12740,10862,1284,594
european-seas,2006-02-28,11.569967,12740,10853,1284,603
european-seas,2006-03-01,11.736116,12740,10772,1284,684
european-seas,2006-03-02,11.73568,12740,10748,1284,708
european-seas,2006-03-03,11.714038,12740,10724,1284,732
european-seas,2006-03-04,11.7493515,12740,10728,1284,728
european-seas,2006-03-05,11.7377205,12740,10726,1284,730
european-seas,2006-03-06,11.65302,12740,10748,1284,708
european-seas,2006-03-07,11.540342,12740,10765,1284,691
european-seas,2006-03-08,11.590383,12740,10756,1284,700
european-seas,2006-03-09,11.671789,12740,10744,1284,712
european-seas,2006-03-10,11.696257,12740,10744,1284,712
european-seas,2006-03-11,11.651698,12740,10738,1284,718
european-seas,2006-03-12,11.535493,12740,10781,1284,675
european-seas,2006-03-13,11.48848,12740,10747,1284,709
european-seas,2006-03-14,11.526621,12740,10709,1284,747
european-seas,2006-03-15,11.569409,12740,10731,1284,725
european-seas,2006-03-16,11.648356,12740,10708,1284,748
european-seas,2006-03-17,11.682395,12740,10682,1284,774
european-seas,2006-03-18,11.674249,12740,10678,1284,778
european-seas,2006-03-19,11.645831,12740,10682,1284,774
european-seas,2006-03-20,11.591023,12740,10728,1284,728
european-seas,2006-03-21,11.644996,12740,10748,1284,708
european-seas,2006-03-22,11.664839,12740,10772,1284,684
european-seas,2006-03-23,11.752897,12740,10796,1284,660
european-seas,2006-03-24,11.7901945,12740,10795,1284,661
european-seas,2006-03-25,11.813915,12740,10786,1284,670
european-seas,2006-03-26,11.861696,12740,10750,1284,706
european-seas,2006-03-27,11.957547,12740,10708,1284,748
european-seas,2006-03-28,12.083122,12740,10676,1284,780
european-seas,2006-03-29,12.09118,12740,10700,1284,756
european-seas,2006-03-30,12.1162615,12740,10682,1284,774
european-seas,2006-03-31,12.134197,12740,10711,1284,745
european-seas,2006-04-01,12.24948,12740,10748,1284,708
european-seas,2006-04-02,12.332978,12740,10801,1284,655
european-seas,2006-04-03,12.373124,12740,10821,1284,635
european-seas,2006-04-04,12.318554,12740,10866,1284,590
european-seas,2006-04-05,12.291478,12740,10918,1284,538
european-seas,2006-04-06,12.288703,12740,10942,1284,514
european-seas,2006-04-07,12.3266535,12740,10954,1284,502
european-seas,2006-04-08,12.368821,12740,10962,1284,494
european-seas,2006-04-09,12.452047,12740,11012,1284,444
european-seas,2006-04-10,12.508732,12740,11010,1284,446
european-seas,2006-04-11,12.489719,12740,11013,1284,443
european-seas,2006-04-12,12.504738,12740,11003,1284,453
european-seas,2006-04-13,12.561909,12740,11032,1284,424
european-seas,2006-04-14,12.676393,12740,11027,1284,429
european-seas,2006-04-15,12.767189,12740,11021,1284,435
european-seas,2006-04-16,12.820018,12740,11027,1284,429
european-seas,2006-04-17,12.82627,12740,11032,1284,424
european-seas,2006-04-18,12.896773,12740,11035,1284,421
european-seas,2006-04-19,13.008717,12740,11053,1284,403
european-seas,2006-04-20,13.16085,12740,11073,1284,383
european-seas,2006-04-21,13.263528,12740,11097,1284,359
european-seas,2006-04-22,13.317764,12740,11147,1284,309
european-seas,2006-04-23,13.364137,12740,11165,1284,291
european-seas,2006-04-24,13.413864,12740,11178,1284,278
european-seas,2006-04-25,13.385323,12740,11212,1284,244
european-seas,2006-04-26,13.379801,12740,11250,1284,206
european-seas,2006-04-27,13.428095,12740,11265,1284,191
european-seas,2006-04-28,13.391596,12740,11269,1284,187
european-seas,2006-04-29,13.434724,12740,11250,1284,206
european-seas,2006-04-30,13.572962,12740,11265,1284,191
european-seas,2006-05-01,13.638418,12740,11293,1284,163
european-seas,2006-05-02,13.725065,12740,11293,1284,163
european-seas,2006-05-03,13.81881,12740,11311,1284,145
european-seas,2006-05-04,13.792317,12740,11329,1284,127
european-seas,2006-05-05,13.793666,12740,11339,1284,117
european-seas,2006-05-06,13.852319,12740,11375,1284,81
european-seas,2006-05-07,14.015237,12740,11379,1284,77
european-seas,2006-05-08,14.248455,12740,11379,1284,77
european-seas,2006-05-09,14.4031,12740,11383,1284,73
european-seas,2006-05-10,14.538023,12740,11383,1284,73
european-seas,2006-05-11,14.669386,12740,11383,1284,73
european-seas,2006-05-12,14.752111,12740,11383,1284,73
european-seas,2006-05-13,14.791481,12740,11387,1284,69
european-seas,2006-05-14,14.909884,12740,11395,1284,61
european-seas,2006-05-15,15.009698,12740,11399,1284,57
european-seas,2006-05-16,15.08874,12740,11407,1284,49
european-seas,2006-05-17,15.208688,12740,11411,1284,45
european-seas,2006-05-18,15.30346,12740,11411,1284,45
european-seas,2006-05-19,15.459125,12740,11415,1284,41
european-seas,2006-05-20,15.543018,12740,11427,1284,29
european-seas,2006-05-21,15.749322,12740,11427,1284,29
european-seas,2006-05-22,15.98651,12740,11456,1284,0
european-seas,2006-05-23,16.134321,12740,11456,1284,0
european-seas,2006-05-24,16.173777,12740,11456,1284,0
european-seas,2006-05-25,16.106115,12740,11456,1284,0
european-seas,2006-05-26,16.020647,12740,11456,1284,0
european-seas,2006-05-27,16.106655,12740,11456,1284,0
european-seas,2006-05-28,16.316437,12740,11456,1284,0
european-seas,2006-05-29,16.45569,12740,11456,1284,0
european-seas,2006-05-30,16.45578,12740,11456,1284,0
european-seas,2006-05-31,16.434532,12740,11456,1284,0
european-seas,2006-06-01,16.449047,12740,11456,1284,0
european-seas,2006-06-02,16.538784,12740,11456,1284,0
european-seas,2006-06-03,16.661627,12740,11456,1284,0
european-seas,2006-06-04,16.798382,12740,11456,1284,0
european-seas,2006-06-05,17.005932,12740,11456,1284,0
european-seas,2006-06-06,17.130438,12740,11456,1284,0
european-seas,2006-06-07,17.23378,12740,11456,1284,0
european-seas,2006-06-08,17.299767,12740,11456,1284,0
european-seas,2006-06-09,17.303806,12740,11456,1284,0
european-seas,2006-06-10,17.363468,12740,11456,1284,0
european-seas,2006-06-11,17.567701,12740,11456,1284,0
european-seas,2006-06-12,17.692495,12740,11456,1284,0
european-seas,2006-06-13,17.670752,12740,11456,1284,0
european-seas,2006-06-14,17.618969,12740,11456,1284,0
european-seas,2006-06-15,17.631405,12740,11456,1284,0
european-seas,2006-06-16,17.756857,12740,11456,1284,0
european-seas,2006-06-17,18.090128,12740,11456,1284,0
european-seas,2006-06-18,18.482677,12740,11456,1284,0
european-seas,2006-06-19,18.713123,12740,11456,1284,0
european-seas,2006-06-20,18.817207,12740,11456,1284,0
european-seas,2006-06-21,18.928492,12740,11456,1284,0
european-seas,2006-06-22,19.07553,12740,11456,1284,0
european-seas,2006-06-23,19.088844,12740,11456,1284,0
european-seas,2006-06-24,19.242805,12740,11456,1284,0
european-seas,2006-06-25,19.524965,12740,11456,1284,0
european-seas,2006-06-26,19.69961,12740,11456,1284,0
european-seas,2006-06-27,19.768545,12740,11456,1284,0
european-seas,2006-06-28,19.861042,12740,11456,1284,0
european-seas,2006-06-29,20.000546,12740,11456,1284,0
european-seas,2006-06-30,20.168673,12740,11456,1284,0
european-seas,2006-07-01,20.403128,12740,11456,1284,0
european-seas,2006-07-02,20.638428,12740,11456,1284,0
european-seas,2006-07-03,20.639168,12740,11456,1284,0
european-seas,2006-07-04,20.596487,12740,11456,1284,0
european-seas,2006-07-05,20.578512,12740,11456,1284,0
european-seas,2006-07-06,20.531664,12740,11456,1284,0
european-seas,2006-07-07,20.60132,12740,11456,1284,0
european-seas,2006-07-08,20.643309,12740,11456,1284,0
european-seas,2006-07-09,20.691006,12740,11456,1284,0
european-seas,2006-07-10,20.778313,12740,11456,1284,0
european-seas,2006-07-11,20.818073,12740,11456,1284,0
european-seas,2006-07-12,20.837173,12740,11456,1284,0
european-seas,2006-07-13,20.901976,12740,11456,1284,0
european-seas,2006-07-14,20.987337,12740,11456,1284,0
european-seas,2006-07-15,21.152435,12740,11456,1284,0
european-seas,2006-07-16,21.374628,12740,11456,1284,0
european-seas,2006-07-17,21.55454,12740,11456,1284,0
european-seas,2006-07-18,21.635979,12740,11456,1284,0
european-seas,2006-07-19,21.675714,12740,11456,1284,0
european-seas,2006-07-20,21.742628,12740,11456,1284,0
european-seas,2006-07-21,21.783821,12740,11456,1284,0
european-seas,2006-07-22,21.753843,12740,11456,1284,0
european-seas,2006-07-23,21.865921,12740,11456,1284,0
european-seas,2006-07-24,22.050734,12740,11456,1284,0
european-seas,2006-07-25,22.247766,12740,11456,1284,0
european-seas,2006-07-26,22.354166,12740,11456,1284,0
european-seas,2006-07-27,22.407314,12740,11456,1284,0
european-seas,2006-07-28,22.383886,12740,11456,1284,0
european-seas,2006-07-29,22.295053,12740,11456,1284,0
european-seas,2006-07-30,22.357805,12740,11456,1284,0
european-seas,2006-07-31,22.385593,12740,11456,1284,0
european-seas,2006-08-01,22.38438,12740,11456,1284,0
european-seas,2006-08-02,22.400942,12740,11456,1284,0
european-seas,2006-08-03,22.341236,12740,11456,1284,0
european-seas,2006-08-04,22.264807,12740,11456,1284,0
european-seas,2006-08-05,22.23187,12740,11456,1284,0
european-seas,2006-08-06,22.258245,12740,11456,1284,0
european-seas,2006-08-07,22.267473,12740,11456,1284,0
european-seas,2006-08-08,22.190449,12740,11456,1284,0
european-seas,2006-08-09,22.064928,12740,11456,1284,0
european-seas,2006-08-10,21.870607,12740,11456,1284,0
european-seas,2006-08-11,21.819284,12740,11456,1284,0
european-seas,2006-08-12,21.761799,12740,11456,1284,0
european-seas,2006-08-13,21.65737,12740,11456,1284,0
european-seas,2006-08-14,21.57461,12740,11456,1284,0
european-seas,2006-08-15,21.585264,12740,11456,1284,0
european-seas,2006-08-16,21.625046,12740,11456,1284,0
european-seas,2006-08-17,21.662264,12740,11456,1284,0
european-seas,2006-08-18,21.65306,12740,11456,1284,0
european-seas,2006-08-19,21.686169,12740,11456,1284,0
european-seas,2006-08-20,21.733572,12740,11456,1284,0
european-seas,2006-08-21,21.732458,12740,11456,1284,0
european-seas,2006-08-22,21.796133,12740,11456,1284,0
european-seas,2006-08-23,21.829062,12740,11456,1284,0
european-seas,2006-08-24,21.849712,12740,11456,1284,0
european-seas,2006-08-25,21.826982,12740,11456,1284,0
european-seas,2006-08-26,21.790833,12740,11456,1284,0
european-seas,2006-08-27,21.689926,12740,11456,1284,0
european-seas,2006-08-28,21.618979,12740,11456,1284,0
european-seas,2006-08-29,21.535091,12740,11456,1284,0
european-seas,2006-08-30,21.420607,12740,11456,1284,0
european-seas,2006-08-31,21.336645,12740,11456,1284,0
european-seas,2006-09-01,21.255661,12740,11456,1284,0
european-seas,2006-09-02,21.143948,12740,11456,1284,0
european-seas,2006-09-03,21.138351,12740,11456,1284,0
european-seas,2006-09-04,21.184412,12740,11456,1284,0
european-seas,2006-09-05,21.196075,12740,11456,1284,0
european-seas,2006-09-06,21.205423,12740,11456,1284,0
european-seas,2006-09-07,21.203514,12740,11456,1284,0
european-seas,2006-09-08,21.188839,12740,11456,1284,0
european-seas,2006-09-09,21.103214,12740,11456,1284,0
european-seas,2006-09-10,20.974592,12740,11456,1284,0
european-seas,2006-09-11,20.849787,12740,11456,1284,0
european-seas,2006-09-12,20.7567,12740,11456,1284,0
european-seas,2006-09-13,20.75361,12740,11456,1284,0
european-seas,2006-09-14,20.747345,12740,11456,1284,0
european-seas,2006-09-15,20.679173,12740,11456,1284,0
european-seas,2006-09-16,20.537798,12740,11456,1284,0
european-seas,2006-09-17,20.49142,12740,11456,1284,0
european-seas,2006-09-18,20.55283,12740,11456,1284,0
european-seas,2006-09-19,20.567852,12740,11456,1284,0
european-seas,2006-09-20,20.565424,12740,11456,1284,0
european-seas,2006-09-21,20.510431,12740,11456,1284,0
european-seas,2006-09-22,20.439154,12740,11456,1284,0
european-seas,2006-09-23,20.335842,12740,11456,1284,0
european-seas,2006-09-24,20.226677,12740,11456,1284,0
european-seas,2006-09-25,20.13913,12740,11456,1284,0
european-seas,2006-09-26,20.076933,12740,11456,1284,0
european-seas,2006-09-27,20.039936,12740,11456,1284,0
european-seas,2006-09-28,20.070126,12740,11456,1284,0
european-seas,2006-09-29,20.056608,12740,11456,1284,0
european-seas,2006-09-30,20.039322,12740,11456,1284,0
european-seas,2006-10-01,19.972254,12740,11456,1284,0
european-seas,2006-10-02,19.911354,12740,11456,1284,0
european-seas,2006-10-03,19.822336,12740,11456,1284,0
european-seas,2006-10-04,19.772297,12740,11456,1284,0
european-seas,2006-10-05,19.773903,12740,11456,1284,0
european-seas,2006-10-06,19.734034,12740,11456,1284,0
european-seas,2006-10-07,19.66876,12740,11456,1284,0
european-seas,2006-10-08,19.547037,12740,11456,1284,0
european-seas,2006-10-09,19.491034,12740,11456,1284,0
european-seas,2006-10-10,19.429934,12740,11456,1284,0
european-seas,2006-10-11,19.373573,12740,11456,1284,0
european-seas,2006-10-12,19.278936,12740,11456,1284,0
european-seas,2006-10-13,19.179502,12740,11456,1284,0
european-seas,2006-10-14,19.054714,12740,11456,1284,0
european-seas,2006-10-15,18.90559,12740,11456,1284,0
european-seas,2006-10-16,18.779005,12740,11456,1284,0
european-seas,2006-10-17,18.678782,12740,11456,1284,0
european-seas,2006-10-18,18.550016,12740,11456,1284,0
european-seas,2006-10-19,18.418943,12740,11456,1284,0
european-seas,2006-10-20,18.334618,12740,11456,1284,0
european-seas,2006-10-21,18.294262,12740,11456,1284,0
european-seas,2006-10-22,18.27379,12740,11456,1284,0
european-seas,2006-10-23,18.255644,12740,11456,1284,0
european-seas,2006-10-24,18.212786,12740,11456,1284,0
european-seas,2006-10-25,18.19776,12740,11456,1284,0
european-seas,2006-10-26,18.17169,12740,11456,1284,0
european-seas,2006-10-27,18.095129,12740,11456,1284,0
european-seas,2006-10-28,17.993088,12740,11456,1284,0
european-seas,2006-10-29,17.825094,12740,11456,1284,0
european-seas,2006-10-30,17.735315,12740,11456,1284,0
european-seas,2006-10-31,17.647692,12740,11456,1284,0
european-seas,2006-11-01,17.401701,12740,11456,1284,0
european-seas,2006-11-02,17.241404,12740,11456,1284,0
european-seas,2006-11-03,17.107868,12740,11456,1284,0
european-seas,2006-11-04,16.94347,12740,11456,1284,0
european-seas,2006-11-05,16.79535,12740,11456,1284,0
european-seas,2006-11-06,16.697,12740,11456,1284,0
european-seas,2006-11-07,16.666733,12740,11456,1284,0
european-seas,2006-11-08,16.661837,12740,11456,1284,0
european-seas,2006-11-09,16.674807,12740,11456,1284,0
european-seas,2006-11-10,16.708843,12740,11456,1284,0
european-seas,2006-11-11,16.58937,12740,11456,1284,0
european-seas,2006-11-12,16.337715,12740,11456,1284,0
european-seas,2006-11-13,16.196354,12740,11456,1284,0
european-seas,2006-11-14,16.123213,12740,11456,1284,0
european-seas,2006-11-15,16.103764,12740,11456,1284,0
european-seas,2006-11-16,16.079433,12740,11456,1284,0
european-seas,2006-11-17,16.024305,12740,11456,1284,0
european-seas,2006-11-18,15.960568,12740,11456,1284,0
european-seas,2006-11-19,15.866374,12740,11453,1284,3
european-seas,2006-11-20,15.810282,12740,11449,1284,7
european-seas,2006-11-21,15.734063,12740,11449,1284,7
european-seas,2006-11-22,15.648089,12740,11449,1284,7
european-seas,2006-11-23,15.584458,12740,11447,1284,9
european-seas,2006-11-24,15.507114,12740,11447,1284,9
european-seas,2006-11-25,15.475882,12740,11435,1284,21
european-seas,2006-11-26,15.397174,12740,11435,1284,21
european-seas,2006-11-27,15.3039,12740,11435,1284,21
european-seas,2006-11-28,15.243603,12740,11435,1284,21
european-seas,2006-11-29,15.19252,12740,11443,1284,13
european-seas,2006-11-30,15.158806,12740,11443,1284,13
european-seas,2006-12-01,15.089723,12740,11456,1284,0
european-seas,2006-12-02,15.0097,12740,11456,1284,0
european-seas,2006-12-03,14.933329,12740,11456,1284,0
european-seas,2006-12-04,14.877287,12740,11456,1284,0
european-seas,2006-12-05,14.849381,12740,11456,1284,0
european-seas,2006-12-06,14.795843,12740,11456,1284,0
european-seas,2006-12-07,14.739474,12740,11443,1284,13
european-seas,2006-12-08,14.679844,12740,11443,1284,13
european-seas,2006-12-09,14.609254,12740,11439,1284,17
european-seas,2006-12-10,14.505424,12740,11448,1284,8
european-seas,2006-12-11,14.4142685,12740,11452,1284,4
european-seas,2006-12-12,14.335834,12740,11456,1284,0
european-seas,2006-12-13,14.266014,12740,11456,1284,0
european-seas,2006-12-14,14.14392,12740,11456,1284,0
european-seas,2006-12-15,14.053558,12740,11456,1284,0
european-seas,2006-12-16,14.062488,12740,11456,1284,0
european-seas,2006-12-17,14.024031,12740,11456,1284,0
european-seas,2006-12-18,13.923579,12740,11448,1284,8
european-seas,2006-12-19,13.821347,12740,11445,1284,11
european-seas,2006-12-20,13.763309,12740,11437,1284,19
european-seas,2006-12-21,13.707492,12740,11435,1284,21
european-seas,2006-12-22,13.645062,12740,11431,1284,25
european-seas,2006-12-23,13.5736065,12740,11431,1284,25
european-seas,2006-12-24,13.497866,12740,11431,1284,25
european-seas,2006-12-25,13.422774,12740,11427,1284,29
european-seas,2006-12-26,13.351046,12740,11419,1284,37
european-seas,2006-12-27,13.262899,12740,11383,1284,73
european-seas,2006-12-28,13.2215605,12740,11371,1284,85
european-seas,2006-12-29,13.2201605,12740,11347,1284,109
european-seas,2006-12-30,13.218674,12740,11347,1284,109
european-seas,2006-12-31,13.206873,12740,11347,1284,109
european-seas,2007-01-01,13.317467,12740,11325,1284,131
european-seas,2007-01-02,13.268761,12740,11304,1284,152
european-seas,2007-01-03,13.228722,12740,11300,1284,156
european-seas,2007-01-04,13.209131,12740,11271,1284,185
european-seas,2007-01-05,13.15941,12740,11262,1284,194
european-seas,2007-01-06,13.084806,12740,11256,1284,200
european-seas,2007-01-07,13.038161,12740,11281,1284,175
european-seas,2007-01-08,13.054298,12740,11263,1284,193
european-seas,2007-01-09,13.051603,12740,11263,1284,193
european-seas,2007-01-10,13.073549,12740,11258,1284,198
european-seas,2007-01-11,13.058986,12740,11260,1284,196
european-seas,2007-01-12,13.018334,12740,11248,1284,208
european-seas,2007-01-13,12.982485,12740,11224,1284,232
european-seas,2007-01-14,12.941858,12740,11209,1284,247
european-seas,2007-01-15,12.914976,12740,11220,1284,236
european-seas,2007-01-16,12.88555,12740,11204,1284,252
european-seas,2007-01-17,12.8963375,12740,11195,1284,261
european-seas,2007-01-18,12.940325,12740,11175,1284,281
european-seas,2007-01-19,12.963794,12740,11173,1284,283
european-seas,2007-01-20,12.97349,12740,11155,1284,301
european-seas,2007-01-21,12.906477,12740,11147,1284,309
european-seas,2007-01-22,12.851571,12740,11136,1284,320
european-seas,2007-01-23,12.7285185,12740,11126,1284,330
european-seas,2007-01-24,12.622787,12740,11114,1284,342
european-seas,2007-01-25,12.590322,12740,11102,1284,354
european-seas,2007-01-26,12.544893,12740,11095,1284,361
european-seas,2007-01-27,12.481708,12740,11098,1284,358
european-seas,2007-01-28,12.420629,12740,11107,1284,349
european-seas,2007-01-29,12.362923,12740,11119,1284,337
european-seas,2007-01-30,12.321708,12740,11108,1284,348
european-seas,2007-01-31,12.33327,12740,11096,1284,360
european-seas,2007-02-01,12.334649,12740,11092,1284,364
european-seas,2007-02-02,12.342991,12740,11067,1284,389
european-seas,2007-02-03,12.314798,12740,11057,1284,399
european-seas,2007-02-04,12.2301035,12740,11053,1284,403
european-seas,2007-02-05,12.179758,12740,11049,1284,407
european-seas,2007-02-06,12.204466,12740,10957,1284,499
european-seas,2007-02-07,12.199339,12740,10922,1284,534
european-seas,2007-02-08,12.196087,12740,10894,1284,562
european-seas,2007-02-09,12.192019,12740,10882,1284,574
european-seas,2007-02-10,12.184088,12740,10894,1284,562
european-seas,2007-02-11,12.135976,12740,10917,1284,539
european-seas,2007-02-12,12.1592245,12740,10915,1284,541
european-seas,2007-02-13,12.23156,12740,10919,1284,537
european-seas,2007-02-14,12.258206,12740,10917,1284,539
european-seas,2007-02-15,12.28417,12740,10902,1284,554
european-seas,2007-02-16,12.26903,12740,10880,1284,576
european-seas,2007-02-17,12.258811,12740,10864,1284,592
european-seas,2007-02-18,12.195361,12740,10855,1284,601
european-seas,2007-02-19,12.185092,12740,10816,1284,640
european-seas,2007-02-20,12.238129,12740,10803,1284,653
european-seas,2007-02-21,12.277955,12740,10795,1284,661
european-seas,2007-02-22,12.264451,12740,10788,1284,668
european-seas,2007-02-23,12.192497,12740,10806,1284,650
european-seas,2007-02-24,12.147106,12740,10796,1284,660
european-seas,2007-02-25,12.181623,12740,10809,1284,647
european-seas,2007-02-26,12.227823,12740,10831,1284,625
european-seas,2007-02-27,12.248347,12740,10843,1284,613
european-seas,2007-02-28,12.271047,12740,10867,1284,589
european-seas,2007-03-01,12.316291,12740,10859,1284,597
european-seas,2007-03-02,12.356652,12740,10862,1284,594
european-seas,2007-03-03,12.416458,12740,10877,1284,579
european-seas,2007-03-04,12.474039,12740,10886,1284,570
european-seas,2007-03-05,12.417035,12740,10937,1284,519
european-seas,2007-03-06,12.392628,12740,10960,1284,496
european-seas,2007-03-07,12.341998,12740,10955,1284,501
european-seas,2007-03-08,12.340809,12740,10964,1284,492
european-seas,2007-03-09,12.327015,12740,10985,1284,471
european-seas,2007-03-10,12.264132,12740,10956,1284,500
european-seas,2007-03-11,12.237331,12740,10961,1284,495
european-seas,2007-03-12,12.225889,12740,10961,1284,495
european-seas,2007-03-13,12.200821,12740,10996,1284,460
european-seas,2007-03-14,12.223079,12740,11018,1284,438
european-seas,2007-03-15,12.274336,12740,11012,1284,444
european-seas,2007-03-16,12.287963,12740,11008,1284,448
european-seas,2007-03-17,12.223489,12740,11004,1284,452
european-seas,2007-03-18,12.180798,12740,10996,1284,460
european-seas,2007-03-19,12.1685915,12740,10987,1284,469
european-seas,2007-03-20,12.154735,12740,10973,1284,483
european-seas,2007-03-21,12.1313,12740,10942,1284,514
european-seas,2007-03-22,12.116687,12740,10945,1284,511
european-seas,2007-03-23,12.138357,12740,10953,1284,503
european-seas,2007-03-24,12.18296,12740,10970,1284,486
european-seas,2007-03-25,12.210817,12740,10976,1284,480
european-seas,2007-03-26,12.216361,12740,10953,1284,503
european-seas,2007-03-27,12.204496,12740,10967,1284,489
european-seas,2007-03-28,12.181591,12740,10985,1284,471
european-seas,2007-03-29,12.200014,12740,10996,1284,460
european-seas,2007-03-30,12.26879,12740,10980,1284,476
european-seas,2007-03-31,12.340706,12740,10992,1284,464
european-seas,2007-04-01,12.402183,12740,10983,1284,473
european-seas,2007-04-02,12.392071,12740,10993,1284,463
european-seas,2007-04-03,12.33823,12740,11000,1284,456
european-seas,2007-04-04,12.35798,12740,11003,1284,453
european-seas,2007-04-05,12.480924,12740,10961,1284,495
european-seas,2007-04-06,12.584797,12740,10977,1284,479
european-seas,2007-04-07,12.729545,12740,10992,1284,464
european-seas,2007-04-08,12.810933,12740,10984,1284,472
european-seas,2007-04-09,12.819572,12740,11002,1284,454
european-seas,2007-04-10,12.940453,12740,11026,1284,430
european-seas,2007-04-11,13.002032,12740,11083,1284,373
european-seas,2007-04-12,13.009897,12740,11160,1284,296
european-seas,2007-04-13,13.094123,12740,11164,1284,292
european-seas,2007-04-14,13.153457,12740,11182,1284,274
european-seas,2007-04-15,13.175677,12740,11229,1284,227
european-seas,2007-04-16,13.144116,12740,11260,1284,196
european-seas,2007-04-17,13.147371,12740,11271,1284,185
european-seas,2007-04-18,13.266603,12740,11253,1284,203
european-seas,2007-04-19,13.313779,12740,11265,1284,191
european-seas,2007-04-20,13.292135,12740,11265,1284,191
european-seas,2007-04-21,13.351202,12740,11273,1284,183
european-seas,2007-04-22,13.542846,12740,11287,1284,169
european-seas,2007-04-23,13.748169,12740,11287,1284,169
european-seas,2007-04-24,13.840595,12740,11297,1284,159
european-seas,2007-04-25,13.860328,12740,11301,1284,155
european-seas,2007-04-26,13.881766,12740,11305,1284,151
european-seas,2007-04-27,13.941956,12740,11309,1284,147
european-seas,2007-04-28,14.0156555,12740,11305,1284,151
european-seas,2007-04-29,14.112239,12740,11313,1284,143
european-seas,2007-04-30,14.171131,12740,11313,1284,143
european-seas,2007-05-01,14.24604,12740,11317,1284,139
european-seas,2007-05-02,14.356864,12740,11317,1284,139
european-seas,2007-05-03,14.361286,12740,11331,1284,125
european-seas,2007-05-04,14.37926,12740,11354,1284,102
european-seas,2007-05-05,14.367534,12740,11370,1284,86
european-seas,2007-05-06,14.405032,12740,11373,1284,83
european-seas,2007-05-07,14.496076,12740,11383,1284,73
european-seas,2007-05-08,14.609568,12740,11406,1284,50
european-seas,2007-05-09,14.764303,12740,11413,1284,43
european-seas,2007-05-10,14.856256,12740,11413,1284,43
european-seas,2007-05-11,14.957646,12740,11413,1284,43
european-seas,2007-05-12,15.152027,12740,11417,1284,39
european-seas,2007-05-13,15.353456,12740,11425,1284,31
european-seas,2007-05-14,15.455676,12740,11425,1284,31
european-seas,2007-05-15,15.426315,12740,11425,1284,31
european-seas,2007-05-16,15.472394,12740,11436,1284,20
european-seas,2007-05-17,15.553659,12740,11440,1284,16
european-seas,2007-05-18,15.561074,12740,11444,1284,12
european-seas,2007-05-19,15.6089735,12740,11432,1284,24
european-seas,2007-05-20,15.6865635,12740,11436,1284,20
european-seas,2007-05-21,15.818255,12740,11452,1284,4
european-seas,2007-05-22,15.966828,12740,11452,1284,4
european-seas,2007-05-23,16.080343,12740,11448,1284,8
european-seas,2007-05-24,16.284317,12740,11448,1284,8
european-seas,2007-05-25,16.414684,12740,11448,1284,8
european-seas,2007-05-26,16.450853,12740,11456,1284,0
european-seas,2007-05-27,16.367418,12740,11456,1284,0
european-seas,2007-05-28,16.28366,12740,11456,1284,0
european-seas,2007-05-29,16.249422,12740,11456,1284,0
european-seas,2007-05-30,16.335442,12740,11456,1284,0
european-seas,2007-05-31,16.436451,12740,11456,1284,0
european-seas,2007-06-01,16.602621,12740,11456,1284,0
european-seas,2007-06-02,16.816147,12740,11456,1284,0
european-seas,2007-06-03,16.94404,12740,11456,1284,0
european-seas,2007-06-04,17.073133,12740,11456,1284,0
european-seas,2007-06-05,17.236595,12740,11456,1284,0
european-seas,2007-06-06,17.389654,12740,11456,1284,0
european-seas,2007-06-07,17.540684,12740,11456,1284,0
european-seas,2007-06-08,17.714388,12740,11456,1284,0
european-seas,2007-06-09,17.944614,12740,11456,1284,0
european-seas,2007-06-10,18.178942,12740,11456,1284,0
european-seas,2007-06-11,18.36913,12740,11456,1284,0
european-seas,2007-06-12,18.40723,12740,11456,1284,0
european-seas,2007-06-13,18.345304,12740,11456,1284,0
european-seas,2007-06-14,18.35754,12740,11456,1284,0
european-seas,2007-06-15,18.387491,12740,11456,1284,0
european-seas,2007-06-16,18.4852,12740,11456,1284,0
european-seas,2007-06-17,18.642813,12740,11456,1284,0
european-seas,2007-06-18,18.822989,12740,11456,1284,0
european-seas,2007-06-19,19.001062,12740,11456,1284,0
european-seas,2007-06-20,19.07478,12740,11456,1284,0
european-seas,2007-06-21,19.140293,12740,11456,1284,0
european-seas,2007-06-22,19.245779,12740,11456,1284,0
european-seas,2007-06-23,19.404423,12740,11456,1284,0
european-seas,2007-06-24,19.595621,12740,11456,1284,0
european-seas,2007-06-25,19.709682,12740,11456,1284,0
european-seas,2007-06-26,19.696205,12740,11456,1284,0
european-seas,2007-06-27,19.64817,12740,11456,1284,0
european-seas,2007-06-28,19.61183,12740,11456,1284,0
european-seas,2007-06-29,19.606548,12740,11456,1284,0
european-seas,2007-06-30,19.667887,12740,11456,1284,0
european-seas,2007-07-01,19.748705,12740,11456,1284,0
european-seas,2007-07-02,19.832287,12740,11456,1284,0
european-seas,2007-07-03,19.98155,12740,11456,1284,0
european-seas,2007-07-04,20.024952,12740,11456,1284,0
european-seas,2007-07-05,19.973299,12740,11456,1284,0
european-seas,2007-07-06,19.989912,12740,11456,1284,0
european-seas,2007-07-07,19.99103,12740,11456,1284,0
european-seas,2007-07-08,20.026691,12740,11456,1284,0
european-seas,2007-07-09,20.004526,12740,11456,1284,0
european-seas,2007-07-10,20.000042,12740,11456,1284,0
european-seas,2007-07-11,20.027504,12740,11456,1284,0
european-seas,2007-07-12,19.981232,12740,11456,1284,0
european-seas,2007-07-13,19.994871,12740,11456,1284,0
european-seas,2007-07-14,20.02677,12740,11456,1284,0
european-seas,2007-07-15,20.158289,12740,11456,1284,0
european-seas,2007-07-16,20.319862,12740,11456,1284,0
european-seas,2007-07-17,20.472252,12740,11456,1284,0
european-seas,2007-07-18,20.650143,12740,11456,1284,0
european-seas,2007-07-19,20.786102,12740,11456,1284,0
european-seas,2007-07-20,20.879143,12740,11456,1284,0
european-seas,2007-07-21,20.957394,12740,11456,1284,0
european-seas,2007-07-22,21.021292,12740,11456,1284,0
european-seas,2007-07-23,21.098373,12740,11456,1284,0
european-seas,2007-07-24,21.188116,12740,11456,1284,0
european-seas,2007-07-25,21.212145,12740,11456,1284,0
european-seas,2007-07-26,21.20521,12740,11456,1284,0
european-seas,2007-07-27,21.193933,12740,11456,1284,0
european-seas,2007-07-28,21.207396,12740,11456,1284,0
european-seas,2007-07-29,21.221182,12740,11456,1284,0
european-seas,2007-07-30,21.228786,12740,11456,1284,0
european-seas,2007-07-31,21.156155,12740,11456,1284,0
european-seas,2007-08-01,21.10607,12740,11456,1284,0
european-seas,2007-08-02,21.082058,12740,11456,1284,0
european-seas,2007-08-03,21.17042,12740,11456,1284,0
european-seas,2007-08-04,21.221807,12740,11456,1284,0
european-seas,2007-08-05,21.26435,12740,11456,1284,0
european-seas,2007-08-06,21.26034,12740,11456,1284,0
european-seas,2007-08-07,21.282213,12740,11456,1284,0
european-seas,2007-08-08,21.271723,12740,11456,1284,0
european-seas,2007-08-09,21.304852,12740,11456,1284,0
european-seas,2007-08-10,21.358221,12740,11456,1284,0
european-seas,2007-08-11,21.360205,12740,11456,1284,0
european-seas,2007-08-12,21.374535,12740,11456,1284,0
european-seas,2007-08-13,21.415897,12740,11456,1284,0
european-seas,2007-08-14,21.456377,12740,11456,1284,0
european-seas,2007-08-15,21.460945,12740,11456,1284,0
european-seas,2007-08-16,21.419498,12740,11456,1284,0
european-seas,2007-08-17,21.313883,12740,11456,1284,0
european-seas,2007-08-18,21.21937,12740,11456,1284,0
european-seas,2007-08-19,21.186245,12740,11456,1284,0
european-seas,2007-08-20,21.20716,12740,11456,1284,0
european-seas,2007-08-21,21.22802,12740,11456,1284,0
european-seas,2007-08-22,21.307354,12740,11456,1284,0
european-seas,2007-08-23,21.412498,12740,11456,1284,0
european-seas,2007-08-24,21.479412,12740,11456,1284,0
european-seas,2007-08-25,21.513075,12740,11456,1284,0
european-seas,2007-08-26,21.524963,12740,11456,1284,0
european-seas,2007-08-27,21.509993,12740,11456,1284,0
european-seas,2007-08-28,21.469208,12740,11456,1284,0
european-seas,2007-08-29,21.370808,12740,11456,1284,0
european-seas,2007-08-30,21.297983,12740,11456,1284,0
european-seas,2007-08-31,21.23765,12740,11456,1284,0
european-seas,2007-09-01,21.19003,12740,11456,1284,0
european-seas,2007-09-02,21.103197,12740,11456,1284,0
european-seas,2007-09-03,21.074434,12740,11456,1284,0
european-seas,2007-09-04,21.035196,12740,11456,1284,0
european-seas,2007-09-05,20.945004,12740,11456,1284,0
european-seas,2007-09-06,20.904358,12740,11456,1284,0
european-seas,2007-09-07,20.86102,12740,11456,1284,0
european-seas,2007-09-08,20.77567,12740,11456,1284,0
european-seas,2007-09-09,20.640852,12740,11456,1284,0
european-seas,2007-09-10,20.565237,12740,11456,1284,0
european-seas,2007-09-11,20.476732,12740,11456,1284,0
european-seas,2007-09-12,20.355751,12740,11456,1284,0
european-seas,2007-09-13,20.231203,12740,11456,1284,0
european-seas,2007-09-14,20.16169,12740,11456,1284,0
european-seas,2007-09-15,20.1628,12740,11456,1284,0
european-seas,2007-09-16,20.1332,12740,11456,1284,0
european-seas,2007-09-17,20.067175,12740,11456,1284,0
european-seas,2007-09-18,19.9851,12740,11456,1284,0
european-seas,2007-09-19,19.890738,12740,11456,1284,0
european-seas,2007-09-20,19.803408,12740,11456,1284,0
european-seas,2007-09-21,19.696999,12740,11456,1284,0
european-seas,2007-09-22,19.63961,12740,11456,1284,0
european-seas,2007-09-23,19.575659,12740,11456,1284,0
european-seas,2007-09-24,19.468603,12740,11456,1284,0
european-seas,2007-09-25,19.372206,12740,11456,1284,0
european-seas,2007-09-26,19.25893,12740,11456,1284,0
european-seas,2007-09-27,19.146914,12740,11456,1284,0
european-seas,2007-09-28,19.126753,12740,11456,1284,0
european-seas,2007-09-29,19.125172,12740,11456,1284,0
european-seas,2007-09-30,19.139704,12740,11456,1284,0
european-seas,2007-10-01,19.147556,12740,11456,1284,0
european-seas,2007-10-02,19.116999,12740,11456,1284,0
european-seas,2007-10-03,19.109434,12740,11456,1284,0
european-seas,2007-10-04,19.078926,12740,11456,1284,0
european-seas,2007-10-05,19.07803,12740,11456,1284,0
european-seas,2007-10-06,19.016644,12740,11456,1284,0
european-seas,2007-10-07,19.01245,12740,11456,1284,0
european-seas,2007-10-08,18.99992,12740,11456,1284,0
european-seas,2007-10-09,18.9714,12740,11456,1284,0
european-seas,2007-10-10,18.913675,12740,11456,1284,0
european-seas,2007-10-11,18.830814,12740,11456,1284,0
european-seas,2007-10-12,18.786335,12740,11456,1284,0
european-seas,2007-10-13,18.777454,12740,11456,1284,0
european-seas,2007-10-14,18.644495,12740,11456,1284,0
european-seas,2007-10-15,18.491505,12740,11456,1284,0
european-seas,2007-10-16,18.331692,12740,11456,1284,0
european-seas,2007-10-17,18.233665,12740,11456,1284,0
european-seas,2007-10-18,18.153625,12740,11456,1284,0
european-seas,2007-10-19,18.066597,12740,11456,1284,0
european-seas,2007-10-20,17.99643,12740,11456,1284,0
european-seas,2007-10-21,17.851688,12740,11456,1284,0
european-seas,2007-10-22,17.745035,12740,11456,1284,0
european-seas,2007-10-23,17.684023,12740,11456,1284,0
european-seas,2007-10-24,17.62424,12740,11456,1284,0
european-seas,2007-10-25,17.544058,12740,11456,1284,0
european-seas,2007-10-26,17.44258,12740,11456,1284,0
european-seas,2007-10-27,17.328438,12740,11456,1284,0
european-seas,2007-10-28,17.256504,12740,11456,1284,0
european-seas,2007-10-29,17.20483,12740,11456,1284,0
european-seas,2007-10-30,17.15618,12740,11456,1284,0
european-seas,2007-10-31,17.141104,12740,11456,1284,0
european-seas,2007-11-01,17.133226,12740,11456,1284,0
european-seas,2007-11-02,17.078688,12740,11456,1284,0
european-seas,2007-11-03,17.008646,12740,11456,1284,0
european-seas,2007-11-04,16.888853,12740,11456,1284,0
european-seas,2007-11-05,16.808546,12740,11456,1284,0
european-seas,2007-11-06,16.71649,12740,11456,1284,0
european-seas,2007-11-07,16.611418,12740,11456,1284,0
european-seas,2007-11-08,16.496992,12740,11456,1284,0
european-seas,2007-11-09,16.399076,12740,11456,1284,0
european-seas,2007-11-10,16.22853,12740,11456,1284,0
european-seas,2007-11-11,15.997034,12740,11456,1284,0
european-seas,2007-11-12,15.852953,12740,11456,1284,0
european-seas,2007-11-13,15.750507,12740,11456,1284,0
european-seas,2007-11-14,15.679923,12740,11456,1284,0
european-seas,2007-11-15,15.653134,12740,11456,1284,0
european-seas,2007-11-16,15.588597,12740,11456,1284,0
european-seas,2007-11-17,15.49594,12740,11456,1284,0
european-seas,2007-11-18,15.429914,12740,11456,1284,0
european-seas,2007-11-19,15.344038,12740,11456,1284,0
european-seas,2007-11-20,15.230878,12740,11456,1284,0
european-seas,2007-11-21,15.136844,12740,11456,1284,0
european-seas,2007-11-22,15.078574,12740,11456,1284,0
european-seas,2007-11-23,15.045254,12740,11456,1284,0
european-seas,2007-11-24,14.979819,12740,11456,1284,0
european-seas,2007-11-25,14.925526,12740,11456,1284,0
european-seas,2007-11-26,14.865474,12740,11456,1284,0
european-seas,2007-11-27,14.776872,12740,11456,1284,0
european-seas,2007-11-28,14.661606,12740,11456,1284,0
european-seas,2007-11-29,14.599447,12740,11456,1284,0
european-seas,2007-11-30,14.560633,12740,11456,1284,0
european-seas,2007-12-01,14.522353,12740,11456,1284,0
european-seas,2007-12-02,14.456324,12740,11456,1284,0
european-seas,2007-12-03,14.437985,12740,11456,1284,0
european-seas,2007-12-04,14.474066,12740,11456,1284,0
european-seas,2007-12-05,14.42622,12740,11456,1284,0
european-seas,2007-12-06,14.287673,12740,11456,1284,0
european-seas,2007-12-07,14.138912,12740,11456,1284,0
european-seas,2007-12-08,14.046519,12740,11456,1284,0
european-seas,2007-12-09,13.960986,12740,11456,1284,0
european-seas,2007-12-10,13.899906,12740,11456,1284,0
european-seas,2007-12-11,13.849236,12740,11456,1284,0
european-seas,2007-12-12,13.808562,12740,11456,1284,0
european-seas,2007-12-13,13.738356,12740,11456,1284,0
european-seas,2007-12-14,13.638724,12740,11456,1284,0
european-seas,2007-12-15,13.539947,12740,11456,1284,0
european-seas,2007-12-16,13.4750805,12740,11456,1284,0
european-seas,2007-12-17,13.413597,12740,11456,1284,0
european-seas,2007-12-18,13.336632,12740,11456,1284,0
european-seas,2007-12-19,13.295533,12740,11456,1284,0
european-seas,2007-12-20,13.243098,12740,11456,1284,0
european-seas,2007-12-21,13.172562,12740,11456,1284,0
european-seas,2007-12-22,13.104778,12740,11456,1284,0
european-seas,2007-12-23,13.029215,12740,11456,1284,0
european-seas,2007-12-24,13.0202055,12740,11456,1284,0
european-seas,2007-12-25,13.031353,12740,11456,1284,0
european-seas,2007-12-26,12.989661,12740,11456,1284,0
european-seas,2007-12-27,12.972289,12740,11456,1284,0
european-seas,2007-12-28,12.944737,12740,11456,1284,0
european-seas,2007-12-29,12.874731,12740,11456,1284,0
european-seas,2007-12-30,12.843175,12740,11456,1284,0
european-seas,2007-12-31,12.811443,12740,11456,1284,0
european-seas,2008-01-01,12.753746,12740,11456,1284,0
european-seas,2008-01-02,12.665204,12740,11456,1284,0
european-seas,2008-01-03,12.596394,12740,11456,1284,0
european-seas,2008-01-04,12.529255,12740,11439,1284,17
european-seas,2008-01-05,12.504915,12740,11411,1284,45
european-seas,2008-01-06,12.572285,12740,11385,1284,71
european-seas,2008-01-07,12.576583,12740,11373,1284,83
european-seas,2008-01-08,12.544449,12740,11345,1284,111
european-seas,2008-01-09,12.480387,12740,11337,1284,119
european-seas,2008-01-10,12.458018,12740,11327,1284,129
european-seas,2008-01-11,12.45684,12740,11305,1284,151
european-seas,2008-01-12,12.444514,12740,11303,1284,153
european-seas,2008-01-13,12.4477005,12740,11301,1284,155
european-seas,2008-01-14,12.433913,12740,11295,1284,161
european-seas,2008-01-15,12.385353,12740,11296,1284,160
european-seas,2008-01-16,12.340576,12740,11284,1284,172
european-seas,2008-01-17,12.377401,12740,11270,1284,186
european-seas,2008-01-18,12.454313,12740,11262,1284,194
european-seas,2008-01-19,12.515077,12740,11253,1284,203
european-seas,2008-01-20,12.54394,12740,11226,1284,230
european-seas,2008-01-21,12.539348,12740,11212,1284,244
european-seas,2008-01-22,12.498363,12740,11184,1284,272
european-seas,2008-01-23,12.467198,12740,11178,1284,278
european-seas,2008-01-24,12.381494,12740,11176,1284,280
european-seas,2008-01-25,12.34056,12740,11155,1284,301
european-seas,2008-01-26,12.362529,12740,11147,1284,309
european-seas,2008-01-27,12.396727,12740,11143,1284,313
european-seas,2008-01-28,12.377802,12740,11151,1284,305
european-seas,2008-01-29,12.300909,12740,11151,1284,305
european-seas,2008-01-30,12.26438,12740,11140,1284,316
european-seas,2008-01-31,12.195736,12740,11140,1284,316
european-seas,2008-02-01,12.146714,12740,11140,1284,316
european-seas,2008-02-02,12.116638,12740,11151,1284,305
european-seas,2008-02-03,12.104122,12740,11144,1284,312
european-seas,2008-02-04,12.134619,12740,11136,1284,320
european-seas,2008-02-05,12.156419,12740,11154,1284,302
european-seas,2008-02-06,12.138881,12740,11154,1284,302
european-seas,2008-02-07,12.092026,12740,11152,1284,304
european-seas,2008-02-08,12.05428,12740,11144,1284,312
european-seas,2008-02-09,11.986607,12740,11144,1284,312
european-seas,2008-02-10,11.952162,12740,11136,1284,320
european-seas,2008-02-11,11.878101,12740,11147,1284,309
european-seas,2008-02-12,11.8384285,12740,11144,1284,312
european-seas,2008-02-13,11.839274,12740,11140,1284,316
european-seas,2008-02-14,11.811633,12740,11124,1284,332
european-seas,2008-02-15,11.714085,12740,11139,1284,317
european-seas,2008-02-16,11.658863,12740,11100,1284,356
european-seas,2008-02-17,11.641,12740,11094,1284,362
european-seas,2008-02-18,11.692509,12740,11100,1284,356
european-seas,2008-02-19,11.743812,12740,11100,1284,356
european-seas,2008-02-20,11.813235,12740,11100,1284,356
european-seas,2008-02-21,11.881412,12740,11103,1284,353
european-seas,2008-02-22,11.934235,12740,11107,1284,349
european-seas,2008-02-23,12.022054,12740,11119,1284,337
european-seas,2008-02-24,12.045998,12740,11119,1284,337
european-seas,2008-02-25,12.051916,12740,11111,1284,345
european-seas,2008-02-26,12.095792,12740,11103,1284,353
european-seas,2008-02-27,12.135386,12740,11123,1284,333
european-seas,2008-02-28,12.137168,12740,11123,1284,333
european-seas,2008-02-29,12.208001,12740,11107,1284,349
european-seas,2008-03-01,12.3068905,12740,11102,1284,354
european-seas,2008-03-02,12.361264,12740,11102,1284,354
european-seas,2008-03-03,12.3393755,12740,11102,1284,354
european-seas,2008-03-04,12.254336,12740,11113,1284,343
european-seas,2008-03-05,12.116601,12740,11117,1284,339
european-seas,2008-03-06,11.988381,12740,11117,1284,339
european-seas,2008-03-07,11.9585085,12740,11113,1284,343
european-seas,2008-03-08,11.970681,12740,11115,1284,341
european-seas,2008-03-09,12.005695,12740,11119,1284,337
european-seas,2008-03-10,12.081566,12740,11107,1284,349
european-seas,2008-03-11,12.162725,12740,11111,1284,345
european-seas,2008-03-12,12.212076,12740,11119,1284,337
european-seas,2008-03-13,12.261277,12740,11127,1284,329
european-seas,2008-03-14,12.31831,12740,11134,1284,322
european-seas,2008-03-15,12.326276,12740,11139,1284,317
european-seas,2008-03-16,12.286837,12740,11131,1284,325
european-seas,2008-03-17,12.232177,12740,11157,1284,299
european-seas,2008-03-18,12.231393,12740,11153,1284,303
european-seas,2008-03-19,12.208541,12740,11140,1284,316
european-seas,2008-03-20,12.155397,12740,11123,1284,333
european-seas,2008-03-21,12.148458,12740,11119,1284,337
european-seas,2008-03-22,12.147447,12740,11126,1284,330
european-seas,2008-03-23,12.114061,12740,11122,1284,334
european-seas,2008-03-24,12.117077,12740,11097,1284,359
european-seas,2008-03-25,12.089265,12740,11097,1284,359
european-seas,2008-03-26,12.090137,12740,11093,1284,363
european-seas,2008-03-27,12.106861,12740,11093,1284,363
european-seas,2008-03-28,12.087958,12740,11099,1284,357
european-seas,2008-03-29,12.101781,12740,11096,1284,360
european-seas,2008-03-30,12.1793375,12740,11099,1284,357
european-seas,2008-03-31,12.289206,12740,11116,1284,340
european-seas,2008-04-01,12.36361,12740,11116,1284,340
european-seas,2008-04-02,12.411126,12740,11140,1284,316
european-seas,2008-04-03,12.463765,12740,11150,1284,306
european-seas,2008-04-04,12.449064,12740,11153,1284,303
european-seas,2008-04-05,12.414376,12740,11155,1284,301
european-seas,2008-04-06,12.3735695,12740,11158,1284,298
european-seas,2008-04-07,12.398406,12740,11151,1284,305
european-seas,2008-04-08,12.423,12740,11151,1284,305
european-seas,2008-04-09,12.460564,12740,11172,1284,284
european-seas,2008-04-10,12.48372,12740,11180,1284,276
european-seas,2008-04-11,12.499505,12740,11200,1284,256
european-seas,2008-04-12,12.558161,12740,11224,1284,232
european-seas,2008-04-13,12.659733,12740,11228,1284,228
european-seas,2008-04-14,12.75975,12740,11242,1284,214
european-seas,2008-04-15,12.804962,12740,11238,1284,218
european-seas,2008-04-16,12.771009,12740,11238,1284,218
european-seas,2008-04-17,12.691787,12740,11246,1284,210
european-seas,2008-04-18,12.76731,12740,11250,1284,206
european-seas,2008-04-19,12.92767,12740,11247,1284,209
european-seas,2008-04-20,13.094637,12740,11255,1284,201
european-seas,2008-04-21,13.20126,12740,11292,1284,164
european-seas,2008-04-22,13.340203,12740,11315,1284,141
european-seas,2008-04-23,13.477599,12740,11321,1284,135
european-seas,2008-04-24,13.515505,12740,11327,1284,129
european-seas,2008-04-25,13.568518,12740,11323,1284,133
european-seas,2008-04-26,13.646386,12740,11323,1284,133
european-seas,2008-04-27,13.638819,12740,11321,1284,135
european-seas,2008-04-28,13.626164,12740,11327,1284,129
european-seas,2008-04-29,13.6209,12740,11334,1284,122
european-seas,2008-04-30,13.634679,12740,11383,1284,73
european-seas,2008-05-01,13.721671,12740,11403,1284,53
european-seas,2008-05-02,13.92713,12740,11407,1284,49
european-seas,2008-05-03,14.19707,12740,11407,1284,49
european-seas,2008-05-04,14.400487,12740,11407,1284,49
european-seas,2008-05-05,14.488082,12740,11407,1284,49
european-seas,2008-05-06,14.538592,12740,11407,1284,49
european-seas,2008-05-07,14.600304,12740,11403,1284,53
european-seas,2008-05-08,14.677921,12740,11403,1284,53
european-seas,2008-05-09,14.732167,12740,11403,1284,53
european-seas,2008-05-10,14.845988,12740,11403,1284,53
european-seas,2008-05-11,14.859578,12740,11407,1284,49
european-seas,2008-05-12,14.814303,12740,11415,1284,41
european-seas,2008-05-13,14.8187685,12740,11415,1284,41
european-seas,2008-05-14,14.912128,12740,11423,1284,33
european-seas,2008-05-15,15.034301,12740,11431,1284,25
european-seas,2008-05-16,15.151674,12740,11431,1284,25
european-seas,2008-05-17,15.256945,12740,11443,1284,13
european-seas,2008-05-18,15.348715,12740,11445,1284,11
european-seas,2008-05-19,15.423317,12740,11456,1284,0
european-seas,2008-05-20,15.5514345,12740,11456,1284,0
european-seas,2008-05-21,15.745315,12740,11456,1284,0
european-seas,2008-05-22,15.9128275,12740,11456,1284,0
european-seas,2008-05-23,16.053564,12740,11456,1284,0
european-seas,2008-05-24,16.18533,12740,11456,1284,0
european-seas,2008-05-25,16.28164,12740,11456,1284,0
european-seas,2008-05-26,16.404371,12740,11456,1284,0
european-seas,2008-05-27,16.494572,12740,11456,1284,0
european-seas,2008-05-28,16.464315,12740,11456,1284,0
european-seas,2008-05-29,16.57632,12740,11456,1284,0
european-seas,2008-05-30,16.760216,12740,11456,1284,0
european-seas,2008-05-31,16.978603,12740,11456,1284,0
european-seas,2008-06-01,17.190752,12740,11456,1284,0
european-seas,2008-06-02,17.156694,12740,11456,1284,0
european-seas,2008-06-03,17.152327,12740,11456,1284,0
european-seas,2008-06-04,17.225721,12740,11456,1284,0
european-seas,2008-06-05,17.352686,12740,11456,1284,0
european-seas,2008-06-06,17.49236,12740,11456,1284,0
european-seas,2008-06-07,17.636744,12740,11456,1284,0
european-seas,2008-06-08,17.765759,12740,11456,1284,0
european-seas,2008-06-09,17.833534,12740,11456,1284,0
european-seas,2008-06-10,17.838932,12740,11456,1284,0
european-seas,2008-06-11,17.839058,12740,11456,1284,0
european-seas,2008-06-12,17.925158,12740,11456,1284,0
european-seas,2008-06-13,17.995024,12740,11456,1284,0
european-seas,2008-06-14,18.081684,12740,11456,1284,0
european-seas,2008-06-15,18.155064,12740,11456,1284,0
european-seas,2008-06-16,18.226723,12740,11456,1284,0
european-seas,2008-06-17,18.324362,12740,11456,1284,0
european-seas,2008-06-18,18.432446,12740,11456,1284,0
european-seas,2008-06-19,18.597666,12740,11456,1284,0
european-seas,2008-06-20,18.735773,12740,11456,1284,0
european-seas,2008-06-21,18.890356,12740,11456,1284,0
european-seas,2008-06-22,19.054049,12740,11456,1284,0
european-seas,2008-06-23,19.194286,12740,11456,1284,0
european-seas,2008-06-24,19.300058,12740,11456,1284,0
european-seas,2008-06-25,19.470175,12740,11456,1284,0
european-seas,2008-06-26,19.646435,12740,11456,1284,0
european-seas,2008-06-27,19.74648,12740,11456,1284,0
european-seas,2008-06-28,19.86323,12740,11456,1284,0
european-seas,2008-06-29,19.931849,12740,11456,1284,0
european-seas,2008-06-30,20.052982,12740,11456,1284,0
european-seas,2008-07-01,20.21043,12740,11456,1284,0
european-seas,2008-07-02,20.313896,12740,11456,1284,0
european-seas,2008-07-03,20.414667,12740,11456,1284,0
european-seas,2008-07-04,20.475449,12740,11456,1284,0
european-seas,2008-07-05,20.458744,12740,11456,1284,0
european-seas,2008-07-06,20.386864,12740,11456,1284,0
european-seas,2008-07-07,20.32348,12740,11456,1284,0
european-seas,2008-07-08,20.338434,12740,11456,1284,0
european-seas,2008-07-09,20.40982,12740,11456,1284,0
european-seas,2008-07-10,20.471336,12740,11456,1284,0
european-seas,2008-07-11,20.546452,12740,11456,1284,0
european-seas,2008-07-12,20.565046,12740,11456,1284,0
european-seas,2008-07-13,20.556082,12740,11456,1284,0
european-seas,2008-07-14,20.553701,12740,11456,1284,0
european-seas,2008-07-15,20.591791,12740,11456,1284,0
european-seas,2008-07-16,20.539831,12740,11456,1284,0
european-seas,2008-07-17,20.470026,12740,11456,1284,0
european-seas,2008-07-18,20.47951,12740,11456,1284,0
european-seas,2008-07-19,20.579708,12740,11456,1284,0
european-seas,2008-07-20,20.657803,12740,11456,1284,0
european-seas,2008-07-21,20.665108,12740,11456,1284,0
european-seas,2008-07-22,20.709017,12740,11456,1284,0
european-seas,2008-07-23,20.766977,12740,11456,1284,0
european-seas,2008-07-24,20.822983,12740,11456,1284,0
european-seas,2008-07-25,20.88801,12740,11456,1284,0
european-seas,2008-07-26,20.988537,12740,11456,1284,0
european-seas,2008-07-27,21.149715,12740,11456,1284,0
european-seas,2008-07-28,21.27019,12740,11456,1284,0
european-seas,2008-07-29,21.346888,12740,11456,1284,0
european-seas,2008-07-30,21.417734,12740,11456,1284,0
european-seas,2008-07-31,21.506458,12740,11456,1284,0
european-seas,2008-08-01,21.532019,12740,11456,1284,0
european-seas,2008-08-02,21.485802,12740,11456,1284,0
european-seas,2008-08-03,21.457453,12740,11456,1284,0
european-seas,2008-08-04,21.4233,12740,11456,1284,0
european-seas,2008-08-05,21.454348,12740,11456,1284,0
european-seas,2008-08-06,21.519163,12740,11456,1284,0
european-seas,2008-08-07,21.552513,12740,11456,1284,0
european-seas,2008-08-08,21.502972,12740,11456,1284,0
european-seas,2008-08-09,21.468435,12740,11456,1284,0
european-seas,2008-08-10,21.439486,12740,11456,1284,0
european-seas,2008-08-11,21.436083,12740,11456,1284,0
european-seas,2008-08-12,21.45626,12740,11456,1284,0
european-seas,2008-08-13,21.471584,12740,11456,1284,0
european-seas,2008-08-14,21.47308,12740,11456,1284,0
european-seas,2008-08-15,21.43099,12740,11456,1284,0
european-seas,2008-08-16,21.394617,12740,11456,1284,0
european-seas,2008-08-17,21.443293,12740,11456,1284,0
european-seas,2008-08-18,21.444525,12740,11456,1284,0
european-seas,2008-08-19,21.332006,12740,11456,1284,0
european-seas,2008-08-20,21.32105,12740,11456,1284,0
european-seas,2008-08-21,21.353825,12740,11456,1284,0
european-seas,2008-08-22,21.402002,12740,11456,1284,0
european-seas,2008-08-23,21.376783,12740,11456,1284,0
european-seas,2008-08-24,21.326078,12740,11456,1284,0
european-seas,2008-08-25,21.318398,12740,11456,1284,0
european-seas,2008-08-26,21.324005,12740,11456,1284,0
european-seas,2008-08-27,21.282038,12740,11456,1284,0
european-seas,2008-08-28,21.240944,12740,11456,1284,0
european-seas,2008-08-29,21.262522,12740,11456,1284,0
european-seas,2008-08-30,21.334684,12740,11456,1284,0
european-seas,2008-08-31,21.269281,12740,11456,1284,0
european-seas,2008-09-01,21.190363,12740,11456,1284,0
european-seas,2008-09-02,21.103228,12740,11456,1284,0
european-seas,2008-09-03,21.090849,12740,11456,1284,0
european-seas,2008-09-04,21.093452,12740,11456,1284,0
european-seas,2008-09-05,21.05684,12740,11456,1284,0
european-seas,2008-09-06,21.042103,12740,11456,1284,0
european-seas,2008-09-07,21.048122,12740,11456,1284,0
european-seas,2008-09-08,21.03821,12740,11456,1284,0
european-seas,2008-09-09,21.048237,12740,11456,1284,0
european-seas,2008-09-10,21.031536,12740,11456,1284,0
european-seas,2008-09-11,20.90368,12740,11456,1284,0
european-seas,2008-09-12,20.794807,12740,11456,1284,0
european-seas,2008-09-13,20.685919,12740,11456,1284,0
european-seas,2008-09-14,20.555492,12740,11456,1284,0
european-seas,2008-09-15,20.452053,12740,11456,1284,0
european-seas,2008-09-16,20.322489,12740,11456,1284,0
european-seas,2008-09-17,20.246363,12740,11456,1284,0
european-seas,2008-09-18,20.170923,12740,11456,1284,0
european-seas,2008-09-19,20.070824,12740,11456,1284,0
european-seas,2008-09-20,20.004469,12740,11456,1284,0
european-seas,2008-09-21,19.925934,12740,11456,1284,0
european-seas,2008-09-22,19.848,12740,11456,1284,0
european-seas,2008-09-23,19.798243,12740,11456,1284,0
european-seas,2008-09-24,19.76096,12740,11456,1284,0
european-seas,2008-09-25,19.747723,12740,11456,1284,0
european-seas,2008-09-26,19.71919,12740,11456,1284,0
european-seas,2008-09-27,19.566555,12740,11456,1284,0
european-seas,2008-09-28,19.412075,12740,11456,1284,0
european-seas,2008-09-29,19.27116,12740,11456,1284,0
european-seas,2008-09-30,19.123835,12740,11456,1284,0
european-seas,2008-10-01,18.97857,12740,11456,1284,0
european-seas,2008-10-02,18.87083,12740,11456,1284,0
european-seas,2008-10-03,18.781923,12740,11456,1284,0
european-seas,2008-10-04,18.64744,12740,11456,1284,0
european-seas,2008-10-05,18.57478,12740,11456,1284,0
european-seas,2008-10-06,18.483273,12740,11456,1284,0
european-seas,2008-10-07,18.43891,12740,11456,1284,0
european-seas,2008-10-08,18.410711,12740,11456,1284,0
european-seas,2008-10-09,18.3727,12740,11456,1284,0
european-seas,2008-10-10,18.370127,12740,11456,1284,0
european-seas,2008-10-11,18.333445,12740,11456,1284,0
european-seas,2008-10-12,18.293926,12740,11456,1284,0
european-seas,2008-10-13,18.21577,12740,11456,1284,0
european-seas,2008-10-14,18.150585,12740,11456,1284,0
european-seas,2008-10-15,18.062164,12740,11456,1284,0
european-seas,2008-10-16,17.966768,12740,11456,1284,0
european-seas,2008-10-17,17.950916,12740,11456,1284,0
european-seas,2008-10-18,17.970129,12740,11456,1284,0
european-seas,2008-10-19,17.964771,12740,11456,1284,0
european-seas,2008-10-20,17.94864,12740,11456,1284,0
european-seas,2008-10-21,17.868435,12740,11456,1284,0
european-seas,2008-10-22,17.722153,12740,11456,1284,0
european-seas,2008-10-23,17.620804,12740,11456,1284,0
european-seas,2008-10-24,17.552076,12740,11456,1284,0
european-seas,2008-10-25,17.465714,12740,11456,1284,0
european-seas,2008-10-26,17.317774,12740,11456,1284,0
european-seas,2008-10-27,17.180126,12740,11456,1284,0
european-seas,2008-10-28,17.065466,12740,11456,1284,0
european-seas,2008-10-29,16.972757,12740,11456,1284,0
european-seas,2008-10-30,16.855415,12740,11456,1284,0
european-seas,2008-10-31,16.74512,12740,11456,1284,0
european-seas,2008-11-01,16.710838,12740,11456,1284,0
european-seas,2008-11-02,16.65281,12740,11456,1284,0
european-seas,2008-11-03,16.594978,12740,11456,1284,0
european-seas,2008-11-04,16.554949,12740,11456,1284,0
european-seas,2008-11-05,16.448973,12740,11456,1284,0
european-seas,2008-11-06,16.34305,12740,11456,1284,0
european-seas,2008-11-07,16.264141,12740,11456,1284,0
european-seas,2008-11-08,16.174913,12740,11456,1284,0
european-seas,2008-11-09,16.101994,12740,11456,1284,0
european-seas,2008-11-10,16.00521,12740,11456,1284,0
european-seas,2008-11-11,15.940047,12740,11456,1284,0
european-seas,2008-11-12,15.875099,12740,11456,1284,0
european-seas,2008-11-13,15.784718,12740,11456,1284,0
european-seas,2008-11-14,15.751047,12740,11456,1284,0
european-seas,2008-11-15,15.695572,12740,11456,1284,0
european-seas,2008-11-16,15.619913,12740,11456,1284,0
european-seas,2008-11-17,15.570765,12740,11456,1284,0
european-seas,2008-11-18,15.487872,12740,11456,1284,0
european-seas,2008-11-19,15.384821,12740,11456,1284,0
european-seas,2008-11-20,15.306604,12740,11456,1284,0
european-seas,2008-11-21,15.192732,12740,11456,1284,0
european-seas,2008-11-22,15.055702,12740,11456,1284,0
european-seas,2008-11-23,14.897125,12740,11456,1284,0
european-seas,2008-11-24,14.795588,12740,11456,1284,0
european-seas,2008-11-25,14.754892,12740,11456,1284,0
european-seas,2008-11-26,14.7296505,12740,11456,1284,0
european-seas,2008-11-27,14.667201,12740,11456,1284,0
european-seas,2008-11-28,14.558789,12740,11456,1284,0
european-seas,2008-11-29,14.446476,12740,11456,1284,0
european-seas,2008-11-30,14.36609,12740,11456,1284,0
european-seas,2008-12-01,14.30966,12740,11456,1284,0
european-seas,2008-12-02,14.288422,12740,11456,1284,0
european-seas,2008-12-03,14.268614,12740,11456,1284,0
european-seas,2008-12-04,14.220408,12740,11456,1284,0
european-seas,2008-12-05,14.219458,12740,11456,1284,0
european-seas,2008-12-06,14.189136,12740,11456,1284,0
european-seas,2008-12-07,14.106304,12740,11456,1284,0
european-seas,2008-12-08,13.998533,12740,11456,1284,0
european-seas,2008-12-09,13.845492,12740,11456,1284,0
european-seas,2008-12-10,13.763195,12740,11456,1284,0
european-seas,2008-12-11,13.672272,12740,11456,1284,0
european-seas,2008-12-12,13.58409,12740,11456,1284,0
european-seas,2008-12-13,13.561165,12740,11456,1284,0
european-seas,2008-12-14,13.498244,12740,11456,1284,0
european-seas,2008-12-15,13.449509,12740,11456,1284,0
european-seas,2008-12-16,13.4293995,12740,11456,1284,0
european-seas,2008-12-17,13.344758,12740,11456,1284,0
european-seas,2008-12-18,13.328971,12740,11456,1284,0
european-seas,2008-12-19,13.3312,12740,11456,1284,0
european-seas,2008-12-20,13.357214,12740,11456,1284,0
european-seas,2008-12-21,13.343353,12740,11456,1284,0
european-seas,2008-12-22,13.322721,12740,11456,1284,0
european-seas,2008-12-23,13.299247,12740,11456,1284,0
european-seas,2008-12-24,13.203982,12740,11456,1284,0
european-seas,2008-12-25,13.140664,12740,11456,1284,0
european-seas,2008-12-26,13.064501,12740,11444,1284,12
european-seas,2008-12-27,12.957335,12740,11436,1284,20
european-seas,2008-12-28,12.883615,12740,11436,1284,20
european-seas,2008-12-29,12.793226,12740,11425,1284,31
european-seas,2008-12-30,12.702234,12740,11421,1284,35
european-seas,2008-12-31,12.64387,12740,11425,1284,31
european-seas,2009-01-01,12.598308,12740,11413,1284,43
european-seas,2009-01-02,12.541049,12740,11420,1284,36
european-seas,2009-01-03,12.474047,12740,11416,1284,40
european-seas,2009-01-04,12.3922205,12740,11416,1284,40
european-seas,2009-01-05,12.328006,12740,11416,1284,40
european-seas,2009-01-06,12.26892,12740,11401,1284,55
european-seas,2009-01-07,12.206597,12740,11380,1284,76
european-seas,2009-01-08,12.174392,12740,11364,1284,92
european-seas,2009-01-09,12.149425,12740,11362,1284,94
european-seas,2009-01-10,12.1063,12740,11354,1284,102
european-seas,2009-01-11,12.120299,12740,11340,1284,116
european-seas,2009-01-12,12.107567,12740,11336,1284,120
european-seas,2009-01-13,12.114151,12740,11334,1284,122
european-seas,2009-01-14,12.071388,12740,11320,1284,136
european-seas,2009-01-15,12.056434,12740,11320,1284,136
european-seas,2009-01-16,12.091798,12740,11320,1284,136
european-seas,2009-01-17,12.076664,12740,11330,1284,126
european-seas,2009-01-18,12.074896,12740,11327,1284,129
european-seas,2009-01-19,12.069793,12740,11327,1284,129
european-seas,2009-01-20,12.045129,12740,11323,1284,133
european-seas,2009-01-21,12.018437,12740,11318,1284,138
european-seas,2009-01-22,12.014263,12740,11311,1284,145
european-seas,2009-01-23,12.025954,12740,11307,1284,149
european-seas,2009-01-24,11.996303,12740,11285,1284,171
european-seas,2009-01-25,11.973004,12740,11289,1284,167
european-seas,2009-01-26,11.956354,12740,11291,1284,165
european-seas,2009-01-27,11.920389,12740,11284,1284,172
european-seas,2009-01-28,11.862868,12740,11292,1284,164
european-seas,2009-01-29,11.853993,12740,11292,1284,164
european-seas,2009-01-30,11.865085,12740,11288,1284,168
european-seas,2009-01-31,11.8882,12740,11288,1284,168
european-seas,2009-02-01,11.826334,12740,11284,1284,172
european-seas,2009-02-02,11.754918,12740,11263,1284,193
european-seas,2009-02-03,11.75851,12740,11263,1284,193
european-seas,2009-02-04,11.803412,12740,11249,1284,207
european-seas,2009-02-05,11.7963705,12740,11249,1284,207
european-seas,2009-02-06,11.756543,12740,11247,1284,209
european-seas,2009-02-07,11.725142,12740,11245,1284,211
european-seas,2009-02-08,11.644093,12740,11250,1284,206
european-seas,2009-02-09,11.613287,12740,11254,1284,202
european-seas,2009-02-10,11.6499815,12740,11250,1284,206
european-seas,2009-02-11,11.648261,12740,11250,1284,206
european-seas,2009-02-12,11.604338,12740,11250,1284,206
european-seas,2009-02-13,11.494709,12740,11274,1284,182
european-seas,2009-02-14,11.3800955,12740,11297,1284,159
european-seas,2009-02-15,11.284389,12740,11303,1284,153
european-seas,2009-02-16,11.261534,12740,11275,1284,181
european-seas,2009-02-17,11.261986,12740,11281,1284,175
european-seas,2009-02-18,11.294167,12740,11270,1284,186
european-seas,2009-02-19,11.349745,12740,11164,1284,292
european-seas,2009-02-20,11.4129,12740,11082,1284,374
european-seas,2009-02-21,11.456982,12740,11047,1284,409
european-seas,2009-02-22,11.455708,12740,11037,1284,419
european-seas,2009-02-23,11.426215,12740,11045,1284,411
european-seas,2009-02-24,11.427285,12740,11015,1284,441
european-seas,2009-02-25,11.477538,12740,11001,1284,455
european-seas,2009-02-26,11.492523,12740,10993,1284,463
european-seas,2009-02-27,11.517878,12740,11006,1284,450
european-seas,2009-02-28,11.543736,12740,11010,1284,446
european-seas,2009-03-01,11.485477,12740,11032,1284,424
european-seas,2009-03-02,11.443344,12740,11046,1284,410
european-seas,2009-03-03,11.446287,12740,11063,1284,393
european-seas,2009-03-04,11.423589,12740,11105,1284,351
european-seas,2009-03-05,11.399849,12740,11129,1284,327
european-seas,2009-03-06,11.326497,12740,11169,1284,287
european-seas,2009-03-07,11.332464,12740,11181,1284,275
european-seas,2009-03-08,11.398471,12740,11178,1284,278
european-seas,2009-03-09,11.453864,12740,11192,1284,264
european-seas,2009-03-10,11.45412,12740,11212,1284,244
european-seas,2009-03-11,11.496764,12740,11191,1284,265
european-seas,2009-03-12,11.542906,12740,11185,1284,271
european-seas,2009-03-13,11.5875435,12740,11186,1284,270
european-seas,2009-03-14,11.611665,12740,11201,1284,255
european-seas,2009-03-15,11.627846,12740,11206,1284,250
european-seas,2009-03-16,11.708535,12740,11205,1284,251
european-seas,2009-03-17,11.775795,12740,11171,1284,285
european-seas,2009-03-18,11.77941,12740,11206,1284,250
european-seas,2009-03-19,11.792525,12740,11210,1284,246
european-seas,2009-03-20,11.7588005,12740,11216,1284,240
european-seas,2009-03-21,11.6386385,12740,11211,1284,245
european-seas,2009-03-22,11.586308,12740,11233,1284,223
european-seas,2009-03-23,11.571141,12740,11233,1284,223
european-seas,2009-03-24,11.574873,12740,11236,1284,220
european-seas,2009-03-25,11.538133,12740,11251,1284,205
european-seas,2009-03-26,11.571497,12740,11253,1284,203
european-seas,2009-03-27,11.627549,12740,11253,1284,203
european-seas,2009-03-28,11.640191,12740,11255,1284,201
european-seas,2009-03-29,11.643368,12740,11261,1284,195
european-seas,2009-03-30,11.71012,12740,11247,1284,209
european-seas,2009-03-31,11.81559,12740,11259,1284,197
european-seas,2009-04-01,11.938386,12740,11270,1284,186
european-seas,2009-04-02,12.006882,12740,11278,1284,178
european-seas,2009-04-03,12.046607,12740,11282,1284,174
european-seas,2009-04-04,12.100976,12740,11288,1284,168
european-seas,2009-04-05,12.1307955,12740,11303,1284,153
european-seas,2009-04-06,12.178715,12740,11305,1284,151
european-seas,2009-04-07,12.269042,12740,11297,1284,159
european-seas,2009-04-08,12.323957,12740,11297,1284,159
european-seas,2009-04-09,12.31629,12740,11300,1284,156
european-seas,2009-04-10,12.354155,12740,11298,1284,158
european-seas,2009-04-11,12.384843,12740,11310,1284,146
european-seas,2009-04-12,12.354742,12740,11320,1284,136
european-seas,2009-04-13,12.35187,12740,11320,1284,136
european-seas,2009-04-14,12.384505,12740,11323,1284,133
european-seas,2009-04-15,12.471931,12740,11317,1284,139
european-seas,2009-04-16,12.569782,12740,11303,1284,153
european-seas,2009-04-17,12.657234,12740,11303,1284,153
european-seas,2009-04-18,12.728799,12740,11307,1284,149
european-seas,2009-04-19,12.794283,12740,11311,1284,145
european-seas,2009-04-20,12.926705,12740,11308,1284,148
european-seas,2009-04-21,12.964682,12740,11308,1284,148
european-seas,2009-04-22,12.961714,12740,11319,1284,137
european-seas,2009-04-23,12.96634,12740,11307,1284,149
european-seas,2009-04-24,13.065788,12740,11315,1284,141
european-seas,2009-04-25,13.111715,12740,11315,1284,141
european-seas,2009-04-26,13.075464,12740,11311,1284,145
european-seas,2009-04-27,12.98474,12740,11372,1284,84
european-seas,2009-04-28,13.087201,12740,11387,1284,69
european-seas,2009-04-29,13.232452,12740,11391,1284,65
european-seas,2009-04-30,13.351318,12740,11387,1284,69
european-seas,2009-05-01,13.447187,12740,11362,1284,94
european-seas,2009-05-02,13.530108,12740,11368,1284,88
european-seas,2009-05-03,13.545811,12740,11359,1284,97
european-seas,2009-05-04,13.519394,12740,11370,1284,86
european-seas,2009-05-05,13.603567,12740,11383,1284,73
european-seas,2009-05-06,13.767929,12740,11395,1284,61
european-seas,2009-05-07,13.941721,12740,11405,1284,51
european-seas,2009-05-08,14.022406,12740,11405,1284,51
european-seas,2009-05-09,14.140413,12740,11397,1284,59
european-seas,2009-05-10,14.332969,12740,11397,1284,59
european-seas,2009-05-11,14.563972,12740,11397,1284,59
european-seas,2009-05-12,14.748334,12740,11397,1284,59
european-seas,2009-05-13,14.805856,12740,11397,1284,59
european-seas,2009-05-14,14.808658,12740,11390,1284,66
european-seas,2009-05-15,14.778573,12740,11378,1284,78
european-seas,2009-05-16,14.794452,12740,11378,1284,78
european-seas,2009-05-17,14.896957,12740,11378,1284,78
european-seas,2009-05-18,15.057629,12740,11378,1284,78
european-seas,2009-05-19,15.190109,12740,11378,1284,78
european-seas,2009-05-20,15.346921,12740,11383,1284,73
european-seas,2009-05-21,15.555243,12740,11400,1284,56
european-seas,2009-05-22,15.773297,12740,11420,1284,36
european-seas,2009-05-23,15.978202,12740,11428,1284,28
european-seas,2009-05-24,16.11218,12740,11432,1284,24
european-seas,2009-05-25,16.252226,12740,11436,1284,20
european-seas,2009-05-26,16.302439,12740,11436,1284,20
european-seas,2009-05-27,16.242266,12740,11456,1284,0
european-seas,2009-05-28,16.329624,12740,11456,1284,0
european-seas,2009-05-29,16.546013,12740,11456,1284,0
european-seas,2009-05-30,16.761131,12740,11456,1284,0
european-seas,2009-05-31,17.021837,12740,11456,1284,0
european-seas,2009-06-01,17.184189,12740,11456,1284,0
european-seas,2009-06-02,17.263926,12740,11456,1284,0
european-seas,2009-06-03,17.193518,12740,11456,1284,0
european-seas,2009-06-04,17.166613,12740,11456,1284,0
european-seas,2009-06-05,17.077066,12740,11456,1284,0
european-seas,2009-06-06,17.06456,12740,11456,1284,0
european-seas,2009-06-07,17.213888,12740,11456,1284,0
european-seas,2009-06-08,17.47003,12740,11456,1284,0
european-seas,2009-06-09,17.710758,12740,11456,1284,0
european-seas,2009-06-10,18.017635,12740,11456,1284,0
european-seas,2009-06-11,18.218277,12740,11456,1284,0
european-seas,2009-06-12,18.349428,12740,11456,1284,0
european-seas,2009-06-13,18.426992,12740,11456,1284,0
european-seas,2009-06-14,18.482729,12740,11456,1284,0
european-seas,2009-06-15,18.529549,12740,11456,1284,0
european-seas,2009-06-16,18.666483,12740,11456,1284,0
european-seas,2009-06-17,18.734306,12740,11456,1284,0
european-seas,2009-06-18,18.780191,12740,11456,1284,0
european-seas,2009-06-19,18.850018,12740,11456,1284,0
european-seas,2009-06-20,18.850002,12740,11456,1284,0
european-seas,2009-06-21,18.914095,12740,11456,1284,0
european-seas,2009-06-22,19.001413,12740,11456,1284,0
european-seas,2009-06-23,19.159353,12740,11456,1284,0
european-seas,2009-06-24,19.289867,12740,11456,1284,0
european-seas,2009-06-25,19.428535,12740,11456,1284,0
european-seas,2009-06-26,19.5714,12740,11456,1284,0
european-seas,2009-06-27,19.705048,12740,11456,1284,0
european-seas,2009-06-28,19.898935,12740,11456,1284,0
european-seas,2009-06-29,20.236916,12740,11456,1284,0
european-seas,2009-06-30,20.572308,12740,11456,1284,0
european-seas,2009-07-01,20.890388,12740,11456,1284,0
european-seas,2009-07-02,21.041712,12740,11456,1284,0
european-seas,2009-07-03,21.056189,12740,11456,1284,0
european-seas,2009-07-04,21.085356,12740,11456,1284,0
european-seas,2009-07-05,21.08562,12740,11456,1284,0
european-seas,2009-07-06,21.051527,12740,11456,1284,0
european-seas,2009-07-07,20.99515,12740,11456,1284,0
european-seas,2009-07-08,20.909935,12740,11456,1284,0
european-seas,2009-07-09,20.869772,12740,11456,1284,0
european-seas,2009-07-10,20.817776,12740,11456,1284,0
european-seas,2009-07-11,20.779898,12740,11456,1284,0
european-seas,2009-07-12,20.780323,12740,11456,1284,0
european-seas,2009-07-13,20.780561,12740,11456,1284,0
european-seas,2009-07-14,20.743696,12740,11456,1284,0
european-seas,2009-07-15,20.83368,12740,11456,1284,0
european-seas,2009-07-16,20.940378,12740,11456,1284,0
european-seas,2009-07-17,20.973095,12740,11456,1284,0
european-seas,2009-07-18,20.87431,12740,11456,1284,0
european-seas,2009-07-19,20.78176,12740,11456,1284,0
european-seas,2009-07-20,20.785864,12740,11456,1284,0
european-seas,2009-07-21,20.872866,12740,11456,1284,0
european-seas,2009-07-22,20.965986,12740,11456,1284,0
european-seas,2009-07-23,21.077267,12740,11456,1284,0
european-seas,2009-07-24,21.228811,12740,11456,1284,0
european-seas,2009-07-25,21.313833,12740,11456,1284,0
european-seas,2009-07-26,21.27292,12740,11456,1284,0
european-seas,2009-07-27,21.146986,12740,11456,1284,0
european-seas,2009-07-28,21.127542,12740,11456,1284,0
european-seas,2009-07-29,21.179804,12740,11456,1284,0
european-seas,2009-07-30,21.183119,12740,11456,1284,0
european-seas,2009-07-31,21.205505,12740,11456,1284,0
european-seas,2009-08-01,21.24735,12740,11456,1284,0
european-seas,2009-08-02,21.303827,12740,11456,1284,0
european-seas,2009-08-03,21.391644,12740,11456,1284,0
european-seas,2009-08-04,21.494022,12740,11456,1284,0
european-seas,2009-08-05,21.58481,12740,11456,1284,0
european-seas,2009-08-06,21.615028,12740,11456,1284,0
european-seas,2009-08-07,21.612047,12740,11456,1284,0
european-seas,2009-08-08,21.596182,12740,11456,1284,0
european-seas,2009-08-09,21.635908,12740,11456,1284,0
european-seas,2009-08-10,21.631449,12740,11456,1284,0
european-seas,2009-08-11,21.562067,12740,11456,1284,0
european-seas,2009-08-12,21.487268,12740,11456,1284,0
european-seas,2009-08-13,21.527674,12740,11456,1284,0
european-seas,2009-08-14,21.663464,12740,11456,1284,0
european-seas,2009-08-15,21.726051,12740,11456,1284,0
european-seas,2009-08-16,21.713373,12740,11456,1284,0
european-seas,2009-08-17,21.72357,12740,11456,1284,0
european-seas,2009-08-18,21.78647,12740,11456,1284,0
european-seas,2009-08-19,21.912983,12740,11456,1284,0
european-seas,2009-08-20,21.935436,12740,11456,1284,0
european-seas,2009-08-21,21.857462,12740,11456,1284,0
european-seas,2009-08-22,21.788618,12740,11456,1284,0
european-seas,2009-08-23,21.753845,12740,11456,1284,0
european-seas,2009-08-24,21.747526,12740,11456,1284,0
european-seas,2009-08-25,21.687113,12740,11456,1284,0
european-seas,2009-08-26,21.677902,12740,11456,1284,0
european-seas,2009-08-27,21.711296,12740,11456,1284,0
european-seas,2009-08-28,21.693953,12740,11456,1284,0
european-seas,2009-08-29,21.602581,12740,11456,1284,0
european-seas,2009-08-30,21.538105,12740,11456,1284,0
european-seas,2009-08-31,21.51411,12740,11456,1284,0
european-seas,2009-09-01,21.442423,12740,11456,1284,0
european-seas,2009-09-02,21.365454,12740,11456,1284,0
european-seas,2009-09-03,21.318295,12740,11456,1284,0
european-seas,2009-09-04,21.29072,12740,11456,1284,0
european-seas,2009-09-05,21.21444,12740,11456,1284,0
european-seas,2009-09-06,21.090555,12740,11456,1284,0
european-seas,2009-09-07,20.957914,12740,11456,1284,0
european-seas,2009-09-08,20.821186,12740,11456,1284,0
european-seas,2009-09-09,20.775448,12740,11456,1284,0
european-seas,2009-09-10,20.694836,12740,11456,1284,0
european-seas,2009-09-11,20.66358,12740,11456,1284,0
european-seas,2009-09-12,20.641487,12740,11456,1284,0
european-seas,2009-09-13,20.608568,12740,11456,1284,0
european-seas,2009-09-14,20.554155,12740,11456,1284,0
european-seas,2009-09-15,20.464588,12740,11456,1284,0
european-seas,2009-09-16,20.298386,12740,11456,1284,0
european-seas,2009-09-17,20.207396,12740,11456,1284,0
european-seas,2009-09-18,20.15299,12740,11456,1284,0
european-seas,2009-09-19,20.1372,12740,11456,1284,0
european-seas,2009-09-20,20.081573,12740,11456,1284,0
european-seas,2009-09-21,20.00052,12740,11456,1284,0
european-seas,2009-09-22,19.984943,12740,11456,1284,0
european-seas,2009-09-23,19.916002,12740,11456,1284,0
european-seas,2009-09-24,19.858892,12740,11456,1284,0
european-seas,2009-09-25,19.86113,12740,11456,1284,0
european-seas,2009-09-26,19.862978,12740,11456,1284,0
european-seas,2009-09-27,19.821182,12740,11456,1284,0
european-seas,2009-09-28,19.752583,12740,11456,1284,0
european-seas,2009-09-29,19.70039,12740,11456,1284,0
european-seas,2009-09-30,19.647726,12740,11456,1284,0
european-seas,2009-10-01,19.575476,12740,11456,1284,0
european-seas,2009-10-02,19.491638,12740,11456,1284,0
european-seas,2009-10-03,19.418064,12740,11456,1284,0
european-seas,2009-10-04,19.357595,12740,11456,1284,0
european-seas,2009-10-05,19.307404,12740,11456,1284,0
european-seas,2009-10-06,19.269918,12740,11456,1284,0
european-seas,2009-10-07,19.22226,12740,11456,1284,0
european-seas,2009-10-08,19.13595,12740,11456,1284,0
european-seas,2009-10-09,19.061321,12740,11456,1284,0
european-seas,2009-10-10,18.985826,12740,11456,1284,0
european-seas,2009-10-11,18.949203,12740,11456,1284,0
european-seas,2009-10-12,18.889887,12740,11456,1284,0
european-seas,2009-10-13,18.761179,12740,11456,1284,0
european-seas,2009-10-14,18.599623,12740,11456,1284,0
european-seas,2009-10-15,18.463425,12740,11456,1284,0
european-seas,2009-10-16,18.366915,12740,11456,1284,0
european-seas,2009-10-17,18.262411,12740,11456,1284,0
european-seas,2009-10-18,18.120089,12740,11456,1284,0
european-seas,2009-10-19,18.013302,12740,11456,1284,0
european-seas,2009-10-20,17.953442,12740,11456,1284,0
european-seas,2009-10-21,17.8551,12740,11456,1284,0
european-seas,2009-10-22,17.78378,12740,11456,1284,0
european-seas,2009-10-23,17.723534,12740,11456,1284,0
european-seas,2009-10-24,17.703045,12740,11456,1284,0
european-seas,2009-10-25,17.646946,12740,11456,1284,0
european-seas,2009-10-26,17.60287,12740,11456,1284,0
european-seas,2009-10-27,17.591148,12740,11456,1284,0
european-seas,2009-10-28,17.563284,12740,11456,1284,0
european-seas,2009-10-29,17.54364,12740,11456,1284,0
european-seas,2009-10-30,17.443495,12740,11456,1284,0
european-seas,2009-10-31,17.246454,12740,11456,1284,0
european-seas,2009-11-01,17.09049,12740,11456,1284,0
european-seas,2009-11-02,16.93575,12740,11456,1284,0
european-seas,2009-11-03,16.769999,12740,11456,1284,0
european-seas,2009-11-04,16.650805,12740,11456,1284,0
european-seas,2009-11-05,16.568434,12740,11456,1284,0
european-seas,2009-11-06,16.468393,12740,11456,1284,0
european-seas,2009-11-07,16.392328,12740,11456,1284,0
european-seas,2009-11-08,16.29702,12740,11456,1284,0
european-seas,2009-11-09,16.16783,12740,11456,1284,0
european-seas,2009-11-10,16.078331,12740,11456,1284,0
european-seas,2009-11-11,15.974907,12740,11456,1284,0
european-seas,2009-11-12,15.891027,12740,11456,1284,0
european-seas,2009-11-13,15.822109,12740,11456,1284,0
european-seas,2009-11-14,15.761357,12740,11456,1284,0
european-seas,2009-11-15,15.740344,12740,11456,1284,0
european-seas,2009-11-16,15.760122,12740,11456,1284,0
european-seas,2009-11-17,15.742126,12740,11456,1284,0
european-seas,2009-11-18,15.701499,12740,11456,1284,0
european-seas,2009-11-19,15.69814,12740,11456,1284,0
european-seas,2009-11-20,15.693142,12740,11456,1284,0
european-seas,2009-11-21,15.612954,12740,11456,1284,0
european-seas,2009-11-22,15.537297,12740,11456,1284,0
european-seas,2009-11-23,15.455657,12740,11456,1284,0
european-seas,2009-11-24,15.389077,12740,11456,1284,0
european-seas,2009-11-25,15.315482,12740,11456,1284,0
european-seas,2009-11-26,15.237618,12740,11456,1284,0
european-seas,2009-11-27,15.129044,12740,11456,1284,0
european-seas,2009-11-28,15.085225,12740,11456,1284,0
european-seas,2009-11-29,15.005503,12740,11456,1284,0
european-seas,2009-11-30,14.902307,12740,11456,1284,0
european-seas,2009-12-01,14.850891,12740,11456,1284,0
european-seas,2009-12-02,14.742073,12740,11456,1284,0
european-seas,2009-12-03,14.64773,12740,11456,1284,0
european-seas,2009-12-04,14.5449915,12740,11456,1284,0
european-seas,2009-12-05,14.456407,12740,11456,1284,0
european-seas,2009-12-06,14.430141,12740,11456,1284,0
european-seas,2009-12-07,14.3817215,12740,11456,1284,0
european-seas,2009-12-08,14.315036,12740,11456,1284,0
european-seas,2009-12-09,14.287758,12740,11456,1284,0
european-seas,2009-12-10,14.267124,12740,11456,1284,0
european-seas,2009-12-11,14.227923,12740,11456,1284,0
european-seas,2009-12-12,14.162506,12740,11456,1284,0
european-seas,2009-12-13,14.08735,12740,11456,1284,0
european-seas,2009-12-14,13.937318,12740,11456,1284,0
european-seas,2009-12-15,13.786139,12740,11456,1284,0
european-seas,2009-12-16,13.662476,12740,11456,1284,0
european-seas,2009-12-17,13.665778,12740,11456,1284,0
european-seas,2009-12-18,13.584247,12740,11456,1284,0
european-seas,2009-12-19,13.498927,12740,11456,1284,0
european-seas,2009-12-20,13.420771,12740,11456,1284,0
european-seas,2009-12-21,13.330035,12740,11456,1284,0
european-seas,2009-12-22,13.291881,12740,11456,1284,0
european-seas,2009-12-23,13.255013,12740,11456,1284,0
european-seas,2009-12-24,13.273078,12740,11456,1284,0
european-seas,2009-12-25,13.286004,12740,11440,1284,16
european-seas,2009-12-26,13.238118,12740,11440,1284,16
european-seas,2009-12-27,13.157586,12740,11426,1284,30
european-seas,2009-12-28,13.0674,12740,11426,1284,30
european-seas,2009-12-29,13.019764,12740,11418,1284,38
european-seas,2009-12-30,13.000804,12740,11415,1284,41
european-seas,2009-12-31,12.988517,12740,11411,1284,45
european-seas,2010-01-01,12.907921,12740,11411,1284,45
european-seas,2010-01-02,12.840507,12740,11394,1284,62
european-seas,2010-01-03,12.7723,12740,11384,1284,72
european-seas,2010-01-04,12.6968775,12740,11384,1284,72
european-seas,2010-01-05,12.660318,12740,11384,1284,72
european-seas,2010-01-06,12.607382,12740,11384,1284,72
european-seas,2010-01-07,12.554076,12740,11384,1284,72
european-seas,2010-01-08,12.524149,12740,11372,1284,84
european-seas,2010-01-09,12.493341,12740,11307,1284,149
european-seas,2010-01-10,12.415712,12740,11272,1284,184
european-seas,2010-01-11,12.346357,12740,11254,1284,202
european-seas,2010-01-12,12.245669,12740,11233,1284,223
european-seas,2010-01-13,12.2235,12740,11233,1284,223
european-seas,2010-01-14,12.216352,12740,11233,1284,223
european-seas,2010-01-15,12.211327,12740,11233,1284,223
european-seas,2010-01-16,12.228912,12740,11225,1284,231
european-seas,2010-01-17,12.2244,12740,11229,1284,227
european-seas,2010-01-18,12.250829,12740,11204,1284,252
european-seas,2010-01-19,12.22986,12740,11204,1284,252
european-seas,2010-01-20,12.1716385,12740,11204,1284,252
european-seas,2010-01-21,12.173497,12740,11187,1284,269
european-seas,2010-01-22,12.138038,12740,11187,1284,269
european-seas,2010-01-23,12.061049,12740,11186,1284,270
european-seas,2010-01-24,11.967532,12740,11210,1284,246
european-seas,2010-01-25,11.840274,12740,11202,1284,254
european-seas,2010-01-26,11.739981,12740,11207,1284,249
european-seas,2010-01-27,11.685999,12740,11191,1284,265
european-seas,2010-01-28,11.649283,12740,11191,1284,265
european-seas,2010-01-29,11.6438675,12740,11187,1284,269
european-seas,2010-01-30,11.649265,12740,11183,1284,273
european-seas,2010-01-31,11.65652,12740,11184,1284,272
european-seas,2010-02-01,11.645972,12740,11181,1284,275
european-seas,2010-02-02,11.628799,12740,11173,1284,283
european-seas,2010-02-03,11.643996,12740,11125,1284,331
european-seas,2010-02-04,11.657733,12740,11118,1284,338
european-seas,2010-02-05,11.638803,12740,11114,1284,342
european-seas,2010-02-06,11.664734,12740,11114,1284,342
european-seas,2010-02-07,11.634253,12740,11114,1284,342
european-seas,2010-02-08,11.534975,12740,11126,1284,330
european-seas,2010-02-09,11.486683,12740,11126,1284,330
european-seas,2010-02-10,11.443617,12740,11133,1284,323
european-seas,2010-02-11,11.434579,12740,11153,1284,303
european-seas,2010-02-12,11.398958,12740,11169,1284,287
european-seas,2010-02-13,11.401656,12740,11169,1284,287
european-seas,2010-02-14,11.3897705,12740,11171,1284,285
european-seas,2010-02-15,11.373241,12740,11171,1284,285
european-seas,2010-02-16,11.423712,12740,11164,1284,292
european-seas,2010-02-17,11.509379,12740,11121,1284,335
european-seas,2010-02-18,11.547097,12740,11098,1284,358
european-seas,2010-02-19,11.564204,12740,11069,1284,387
european-seas,2010-02-20,11.6334505,12740,10956,1284,500
european-seas,2010-02-21,11.677517,12740,10888,1284,568
european-seas,2010-02-22,11.710665,12740,10866,1284,590
european-seas,2010-02-23,11.771442,12740,10841,1284,615
european-seas,2010-02-24,11.780344,12740,10845,1284,611
european-seas,2010-02-25,11.759803,12740,10854,1284,602
european-seas,2010-02-26,11.729124,12740,10833,1284,623
european-seas,2010-02-27,11.708451,12740,10807,1284,649
european-seas,2010-02-28,11.791727,12740,10783,1284,673
european-seas,2010-03-01,11.834079,12740,10779,1284,677
european-seas,2010-03-02,11.808642,12740,10779,1284,677
european-seas,2010-03-03,11.771571,12740,10766,1284,690
european-seas,2010-03-04,11.754084,12740,10766,1284,690
european-seas,2010-03-05,11.784888,12740,10752,1284,704
european-seas,2010-03-06,11.782458,12740,10756,1284,700
european-seas,2010-03-07,11.7402935,12740,10749,1284,707
european-seas,2010-03-08,11.681721,12740,10749,1284,707
european-seas,2010-03-09,11.66845,12740,10749,1284,707
european-seas,2010-03-10,11.681272,12740,10741,1284,715
european-seas,2010-03-11,11.656946,12740,10741,1284,715
european-seas,2010-03-12,11.625168,12740,10742,1284,714
european-seas,2010-03-13,11.629431,12740,10739,1284,717
european-seas,2010-03-14,11.695169,12740,10745,1284,711
european-seas,2010-03-15,11.736495,12740,10751,1284,705
european-seas,2010-03-16,11.7676935,12740,10762,1284,694
european-seas,2010-03-17,11.779966,12740,10789,1284,667
european-seas,2010-03-18,11.848608,12740,10804,1284,652
european-seas,2010-03-19,11.923174,12740,10810,1284,646
european-seas,2010-03-20,11.976966,12740,10823,1284,633
european-seas,2010-03-21,12.010279,12740,10829,1284,627
european-seas,2010-03-22,12.075011,12740,10834,1284,622
european-seas,2010-03-23,12.048043,12740,10838,1284,618
european-seas,2010-03-24,12.039972,12740,10860,1284,596
european-seas,2010-03-25,12.050124,12740,10892,1284,564
european-seas,2010-03-26,12.121757,12740,10892,1284,564
european-seas,2010-03-27,12.162088,12740,10896,1284,560
european-seas,2010-03-28,12.125019,12740,10941,1284,515
european-seas,2010-03-29,12.147538,12740,10952,1284,504
european-seas,2010-03-30,12.11472,12740,10977,1284,479
european-seas,2010-03-31,12.112374,12740,10977,1284,479
european-seas,2010-04-01,12.131599,12740,10977,1284,479
european-seas,2010-04-02,12.249503,12740,10977,1284,479
european-seas,2010-04-03,12.345245,12740,10977,1284,479
european-seas,2010-04-04,12.387879,12740,10985,1284,471
european-seas,2010-04-05,12.405799,12740,10985,1284,471
european-seas,2010-04-06,12.35656,12740,10989,1284,467
european-seas,2010-04-07,12.21234,12740,11005,1284,451
european-seas,2010-04-08,12.186275,12740,11054,1284,402
european-seas,2010-04-09,12.251402,12740,11054,1284,402
european-seas,2010-04-10,12.52105,12740,11057,1284,399
european-seas,2010-04-11,12.63928,12740,11057,1284,399
european-seas,2010-04-12,12.659836,12740,11059,1284,397
european-seas,2010-04-13,12.688578,12740,11071,1284,385
european-seas,2010-04-14,12.712274,12740,11095,1284,361
european-seas,2010-04-15,12.728745,12740,11113,1284,343
european-seas,2010-04-16,12.771164,12740,11113,1284,343
european-seas,2010-04-17,12.855657,12740,11126,1284,330
european-seas,2010-04-18,13.006367,12740,11138,1284,318
european-seas,2010-04-19,13.107744,12740,11141,1284,315
european-seas,2010-04-20,13.157287,12740,11145,1284,311
european-seas,2010-04-21,13.189645,12740,11145,1284,311
european-seas,2010-04-22,13.259584,12740,11145,1284,311
european-seas,2010-04-23,13.377315,12740,11146,1284,310
european-seas,2010-04-24,13.461438,12740,11179,1284,277
european-seas,2010-04-25,13.632171,12740,11179,1284,277
european-seas,2010-04-26,13.712423,12740,11224,1284,232
european-seas,2010-04-27,13.8523655,12740,11230,1284,226
european-seas,2010-04-28,14.009168,12740,11230,1284,226
european-seas,2010-04-29,14.064341,12740,11296,1284,160
european-seas,2010-04-30,14.173433,12740,11311,1284,145
european-seas,2010-05-01,14.232633,12740,11347,1284,109
european-seas,2010-05-02,14.254187,12740,11356,1284,100
european-seas,2010-05-03,14.231265,12740,11356,1284,100
european-seas,2010-05-04,14.097965,12740,11356,1284,100
european-seas,2010-05-05,14.139054,12740,11356,1284,100
european-seas,2010-05-06,14.211741,12740,11356,1284,100
european-seas,2010-05-07,14.314425,12740,11359,1284,97
european-seas,2010-05-08,14.395122,12740,11363,1284,93
european-seas,2010-05-09,14.392151,12740,11371,1284,85
european-seas,2010-05-10,14.453585,12740,11376,1284,80
european-seas,2010-05-11,14.544958,12740,11384,1284,72
european-seas,2010-05-12,14.647539,12740,11388,1284,68
european-seas,2010-05-13,14.744061,12740,11396,1284,60
european-seas,2010-05-14,14.7670765,12740,11396,1284,60
european-seas,2010-05-15,14.7445545,12740,11396,1284,60
european-seas,2010-05-16,14.734224,12740,11396,1284,60
european-seas,2010-05-17,14.7509165,12740,11396,1284,60
european-seas,2010-05-18,14.837833,12740,11404,1284,52
european-seas,2010-05-19,15.017923,12740,11404,1284,52
european-seas,2010-05-20,15.289931,12740,11404,1284,52
european-seas,2010-05-21,15.462288,12740,11416,1284,40
european-seas,2010-05-22,15.662717,12740,11424,1284,32
european-seas,2010-05-23,15.779839,12740,11424,1284,32
european-seas,2010-05-24,15.770776,12740,11456,1284,0
european-seas,2010-05-25,15.774838,12740,11456,1284,0
european-seas,2010-05-26,15.847087,12740,11456,1284,0
european-seas,2010-05-27,15.955189,12740,11456,1284,0
european-seas,2010-05-28,16.086014,12740,11456,1284,0
european-seas,2010-05-29,16.179773,12740,11456,1284,0
european-seas,2010-05-30,16.295336,12740,11456,1284,0
european-seas,2010-05-31,16.40828,12740,11456,1284,0
european-seas,2010-06-01,16.61337,12740,11456,1284,0
european-seas,2010-06-02,16.748564,12740,11456,1284,0
european-seas,2010-06-03,16.892174,12740,11456,1284,0
european-seas,2010-06-04,17.03083,12740,11456,1284,0
european-seas,2010-06-05,17.156416,12740,11456,1284,0
european-seas,2010-06-06,17.25543,12740,11456,1284,0
european-seas,2010-06-07,17.341183,12740,11456,1284,0
european-seas,2010-06-08,17.44425,12740,11456,1284,0
european-seas,2010-06-09,17.548277,12740,11456,1284,0
european-seas,2010-06-10,17.636383,12740,11456,1284,0
european-seas,2010-06-11,17.734503,12740,11456,1284,0
european-seas,2010-06-12,17.843824,12740,11456,1284,0
european-seas,2010-06-13,17.90552,12740,11456,1284,0
european-seas,2010-06-14,18.029236,12740,11456,1284,0
european-seas,2010-06-15,18.211569,12740,11456,1284,0
european-seas,2010-06-16,18.406271,12740,11456,1284,0
european-seas,2010-06-17,18.618608,12740,11456,1284,0
european-seas,2010-06-18,18.640778,12740,11456,1284,0
european-seas,2010-06-19,18.505964,12740,11456,1284,0
european-seas,2010-06-20,18.475443,12740,11456,1284,0
european-seas,2010-06-21,18.523483,12740,11456,1284,0
european-seas,2010-06-22,18.500536,12740,11456,1284,0
european-seas,2010-06-23,18.49893,12740,11456,1284,0
european-seas,2010-06-24,18.58361,12740,11456,1284,0
european-seas,2010-06-25,18.708467,12740,11456,1284,0
european-seas,2010-06-26,18.852245,12740,11456,1284,0
european-seas,2010-06-27,18.99119,12740,11456,1284,0
european-seas,2010-06-28,19.19103,12740,11456,1284,0
european-seas,2010-06-29,19.39026,12740,11456,1284,0
european-seas,2010-06-30,19.547085,12740,11456,1284,0
european-seas,2010-07-01,19.655312,12740,11456,1284,0
european-seas,2010-07-02,19.800472,12740,11456,1284,0
european-seas,2010-07-03,19.975912,12740,11456,1284,0
european-seas,2010-07-04,20.111828,12740,11456,1284,0
european-seas,2010-07-05,20.17804,12740,11456,1284,0
european-seas,2010-07-06,20.216232,12740,11456,1284,0
european-seas,2010-07-07,20.198935,12740,11456,1284,0
european-seas,2010-07-08,20.222626,12740,11456,1284,0
european-seas,2010-07-09,20.336075,12740,11456,1284,0
european-seas,2010-07-10,20.500336,12740,11456,1284,0
european-seas,2010-07-11,20.676842,12740,11456,1284,0
european-seas,2010-07-12,20.856201,12740,11456,1284,0
european-seas,2010-07-13,21.032816,12740,11456,1284,0
european-seas,2010-07-14,21.094582,12740,11456,1284,0
european-seas,2010-07-15,21.150755,12740,11456,1284,0
european-seas,2010-07-16,21.225836,12740,11456,1284,0
european-seas,2010-07-17,21.348179,12740,11456,1284,0
european-seas,2010-07-18,21.398367,12740,11456,1284,0
european-seas,2010-07-19,21.462528,12740,11456,1284,0
european-seas,2010-07-20,21.56347,12740,11456,1284,0
european-seas,2010-07-21,21.57533,12740,11456,1284,0
european-seas,2010-07-22,21.579502,12740,11456,1284,0
european-seas,2010-07-23,21.566238,12740,11456,1284,0
european-seas,2010-07-24,21.486078,12740,11456,1284,0
european-seas,2010-07-25,21.33869,12740,11456,1284,0
european-seas,2010-07-26,21.286491,12740,11456,1284,0
european-seas,2010-07-27,21.34098,12740,11456,1284,0
european-seas,2010-07-28,21.381584,12740,11456,1284,0
european-seas,2010-07-29,21.370327,12740,11456,1284,0
european-seas,2010-07-30,21.337328,12740,11456,1284,0
european-seas,2010-07-31,21.304295,12740,11456,1284,0
european-seas,2010-08-01,21.339945,12740,11456,1284,0
european-seas,2010-08-02,21.426544,12740,11456,1284,0
european-seas,2010-08-03,21.495035,12740,11456,1284,0
european-seas,2010-08-04,21.5186,12740,11456,1284,0
european-seas,2010-08-05,21.557386,12740,11456,1284,0
european-seas,2010-08-06,21.631292,12740,11456,1284,0
european-seas,2010-08-07,21.679028,12740,11456,1284,0
european-seas,2010-08-08,21.677574,12740,11456,1284,0
european-seas,2010-08-09,21.681273,12740,11456,1284,0
european-seas,2010-08-10,21.74109,12740,11456,1284,0
european-seas,2010-08-11,21.846573,12740,11456,1284,0
european-seas,2010-08-12,21.906912,12740,11456,1284,0
european-seas,2010-08-13,21.881018,12740,11456,1284,0
european-seas,2010-08-14,21.887396,12740,11456,1284,0
european-seas,2010-08-15,21.94389,12740,11456,1284,0
european-seas,2010-08-16,21.950499,12740,11456,1284,0
european-seas,2010-08-17,21.876963,12740,11456,1284,0
european-seas,2010-08-18,21.90922,12740,11456,1284,0
european-seas,2010-08-19,21.967367,12740,11456,1284,0
european-seas,2010-08-20,22.000332,12740,11456,1284,0
european-seas,2010-08-21,21.937963,12740,11456,1284,0
european-seas,2010-08-22,21.857824,12740,11456,1284,0
european-seas,2010-08-23,21.79027,12740,11456,1284,0
european-seas,2010-08-24,21.772625,12740,11456,1284,0
european-seas,2010-08-25,21.749851,12740,11456,1284,0
european-seas,2010-08-26,21.71071,12740,11456,1284,0
european-seas,2010-08-27,21.705767,12740,11456,1284,0
european-seas,2010-08-28,21.623785,12740,11456,1284,0
european-seas,2010-08-29,21.514488,12740,11456,1284,0
european-seas,2010-08-30,21.381142,12740,11456,1284,0
european-seas,2010-08-31,21.274446,12740,11456,1284,0
european-seas,2010-09-01,21.198542,12740,11456,1284,0
european-seas,2010-09-02,21.111467,12740,11456,1284,0
european-seas,2010-09-03,21.067822,12740,11456,1284,0
european-seas,2010-09-04,21.0246,12740,11456,1284,0
european-seas,2010-09-05,21.000326,12740,11456,1284,0
european-seas,2010-09-06,20.981987,12740,11456,1284,0
european-seas,2010-09-07,20.928095,12740,11456,1284,0
european-seas,2010-09-08,20.877184,12740,11456,1284,0
european-seas,2010-09-09,20.891502,12740,11456,1284,0
european-seas,2010-09-10,20.824287,12740,11456,1284,0
european-seas,2010-09-11,20.710726,12740,11456,1284,0
european-seas,2010-09-12,20.652496,12740,11456,1284,0
european-seas,2010-09-13,20.64298,12740,11456,1284,0
european-seas,2010-09-14,20.5992,12740,11456,1284,0
european-seas,2010-09-15,20.566967,12740,11456,1284,0
european-seas,2010-09-16,20.499908,12740,11456,1284,0
european-seas,2010-09-17,20.395287,12740,11456,1284,0
european-seas,2010-09-18,20.311304,12740,11456,1284,0
european-seas,2010-09-19,20.284,12740,11456,1284,0
european-seas,2010-09-20,20.270779,12740,11456,1284,0
european-seas,2010-09-21,20.23219,12740,11456,1284,0
european-seas,2010-09-22,20.167757,12740,11456,1284,0
european-seas,2010-09-23,20.07456,12740,11456,1284,0
european-seas,2010-09-24,19.994585,12740,11456,1284,0
european-seas,2010-09-25,19.905823,12740,11456,1284,0
european-seas,2010-09-26,19.8327,12740,11456,1284,0
european-seas,2010-09-27,19.744844,12740,11456,1284,0
european-seas,2010-09-28,19.632444,12740,11456,1284,0
european-seas,2010-09-29,19.579296,12740,11456,1284,0
european-seas,2010-09-30,19.479126,12740,11456,1284,0
european-seas,2010-10-01,19.375208,12740,11456,1284,0
european-seas,2010-10-02,19.32602,12740,11456,1284,0
european-seas,2010-10-03,19.207209,12740,11456,1284,0
european-seas,2010-10-04,19.118917,12740,11456,1284,0
european-seas,2010-10-05,19.059755,12740,11456,1284,0
european-seas,2010-10-06,18.985674,12740,11456,1284,0
european-seas,2010-10-07,18.917763,12740,11456,1284,0
european-seas,2010-10-08,18.787836,12740,11456,1284,0
european-seas,2010-10-09,18.62462,12740,11456,1284,0
european-seas,2010-10-10,18.512844,12740,11456,1284,0
european-seas,2010-10-11,18.425802,12740,11456,1284,0
european-seas,2010-10-12,18.340336,12740,11456,1284,0
european-seas,2010-10-13,18.26902,12740,11456,1284,0
european-seas,2010-10-14,18.177902,12740,11456,1284,0
european-seas,2010-10-15,18.075535,12740,11456,1284,0
european-seas,2010-10-16,18.053278,12740,11456,1284,0
european-seas,2010-10-17,18.032146,12740,11456,1284,0
european-seas,2010-10-18,17.975792,12740,11456,1284,0
european-seas,2010-10-19,17.896494,12740,11456,1284,0
european-seas,2010-10-20,17.762259,12740,11456,1284,0
european-seas,2010-10-21,17.663317,12740,11456,1284,0
european-seas,2010-10-22,17.589241,12740,11456,1284,0
european-seas,2010-10-23,17.46314,12740,11456,1284,0
european-seas,2010-10-24,17.374191,12740,11456,1284,0
european-seas,2010-10-25,17.300835,12740,11456,1284,0
european-seas,2010-10-26,17.205778,12740,11456,1284,0
european-seas,2010-10-27,17.175467,12740,11456,1284,0
european-seas,2010-10-28,17.101397,12740,11456,1284,0
european-seas,2010-10-29,16.965479,12740,11456,1284,0
european-seas,2010-10-30,16.84789,12740,11456,1284,0
european-seas,2010-10-31,16.685062,12740,11456,1284,0
european-seas,2010-11-01,16.587559,12740,11456,1284,0
european-seas,2010-11-02,16.52974,12740,11456,1284,0
european-seas,2010-11-03,16.499998,12740,11456,1284,0
european-seas,2010-11-04,16.520414,12740,11456,1284,0
european-seas,2010-11-05,16.512396,12740,11456,1284,0
european-seas,2010-11-06,16.460806,12740,11456,1284,0
european-seas,2010-11-07,16.34307,12740,11456,1284,0
european-seas,2010-11-08,16.18953,12740,11456,1284,0
european-seas,2010-11-09,16.059351,12740,11456,1284,0
european-seas,2010-11-10,16.027996,12740,11456,1284,0
european-seas,2010-11-11,15.988553,12740,11456,1284,0
european-seas,2010-11-12,15.885919,12740,11456,1284,0
european-seas,2010-11-13,15.816667,12740,11456,1284,0
european-seas,2010-11-14,15.787846,12740,11456,1284,0
european-seas,2010-11-15,15.739185,12740,11456,1284,0
european-seas,2010-11-16,15.669097,12740,11456,1284,0
european-seas,2010-11-17,15.556582,12740,11456,1284,0
european-seas,2010-11-18,15.4776535,12740,11456,1284,0
european-seas,2010-11-19,15.39472,12740,11456,1284,0
european-seas,2010-11-20,15.31196,12740,11456,1284,0
european-seas,2010-11-21,15.237312,12740,11456,1284,0
european-seas,2010-11-22,15.136653,12740,11456,1284,0
european-seas,2010-11-23,15.094391,12740,11456,1284,0
european-seas,2010-11-24,15.061481,12740,11456,1284,0
european-seas,2010-11-25,15.01099,12740,11456,1284,0
european-seas,2010-11-26,14.931627,12740,11456,1284,0
european-seas,2010-11-27,14.859472,12740,11456,1284,0
european-seas,2010-11-28,14.769027,12740,11448,1284,8
european-seas,2010-11-29,14.652437,12740,11448,1284,8
european-seas,2010-11-30,14.58195,12740,11448,1284,8
european-seas,2010-12-01,14.536866,12740,11448,1284,8
european-seas,2010-12-02,14.508379,12740,11448,1284,8
european-seas,2010-12-03,14.432727,12740,11448,1284,8
european-seas,2010-12-04,14.312722,12740,11448,1284,8
european-seas,2010-12-05,14.198164,12740,11448,1284,8
european-seas,2010-12-06,14.148099,12740,11440,1284,16
european-seas,2010-12-07,14.100688,12740,11440,1284,16
european-seas,2010-12-08,14.065927,12740,11440,1284,16
european-seas,2010-12-09,14.018818,12740,11440,1284,16
european-seas,2010-12-10,13.956828,12740,11440,1284,16
european-seas,2010-12-11,13.736286,12740,11414,1284,42
european-seas,2010-12-12,13.511224,12740,11410,1284,46
european-seas,2010-12-13,13.419976,12740,11397,1284,59
european-seas,2010-12-14,13.309809,12740,11370,1284,86
european-seas,2010-12-15,13.208934,12740,11370,1284,86
european-seas,2010-12-16,13.112938,12740,11367,1284,89
european-seas,2010-12-17,13.033333,12740,11360,1284,96
european-seas,2010-12-18,12.965915,12740,11326,1284,130
european-seas,2010-12-19,12.9010725,12740,11326,1284,130
european-seas,2010-12-20,12.848839,12740,11316,1284,140
european-seas,2010-12-21,12.847541,12740,11301,1284,155
european-seas,2010-12-22,12.902722,12740,11291,1284,165
european-seas,2010-12-23,12.944285,12740,11265,1284,191
european-seas,2010-12-24,12.887529,12740,11261,1284,195
european-seas,2010-12-25,12.868475,12740,11232,1284,224
european-seas,2010-12-26,12.836741,12740,11228,1284,228
european-seas,2010-12-27,12.816415,12740,11182,1284,274
european-seas,2010-12-28,12.77011,12740,11167,1284,289
european-seas,2010-12-29,12.688198,12740,11167,1284,289
european-seas,2010-12-30,12.631721,12740,11156,1284,300
european-seas,2010-12-31,12.629707,12740,11153,1284,303
european-seas,2011-01-01,12.646817,12740,11097,1284,359
european-seas,2011-01-02,12.623496,12740,11068,1284,388
european-seas,2011-01-03,12.604751,12740,11060,1284,396
european-seas,2011-01-04,12.573162,12740,11045,1284,411
european-seas,2011-01-05,12.558575,12740,11027,1284,429
european-seas,2011-01-06,12.559393,12740,11020,1284,436
european-seas,2011-01-07,12.54844,12740,11014,1284,442
european-seas,2011-01-08,12.523124,12740,11010,1284,446
european-seas,2011-01-09,12.496182,12740,11010,1284,446
european-seas,2011-01-10,12.476391,12740,11000,1284,456
european-seas,2011-01-11,12.440575,12740,11001,1284,455
european-seas,2011-01-12,12.410524,12740,11012,1284,444
european-seas,2011-01-13,12.425228,12740,11018,1284,438
european-seas,2011-01-14,12.425731,12740,11033,1284,423
european-seas,2011-01-15,12.451694,12740,11047,1284,409
european-seas,2011-01-16,12.479217,12740,11047,1284,409
european-seas,2011-01-17,12.435268,12740,11039,1284,417
european-seas,2011-01-18,12.368234,12740,11035,1284,421
european-seas,2011-01-19,12.283991,12740,11029,1284,427
european-seas,2011-01-20,12.207291,12740,11044,1284,412
european-seas,2011-01-21,12.151084,12740,11050,1284,406
european-seas,2011-01-22,12.112514,12740,11065,1284,391
european-seas,2011-01-23,12.10617,12740,11068,1284,388
european-seas,2011-01-24,12.091996,12740,11066,1284,390
european-seas,2011-01-25,12.022298,12740,11079,1284,377
european-seas,2011-01-26,11.9555235,12740,11080,1284,376
european-seas,2011-01-27,11.894564,12740,11070,1284,386
european-seas,2011-01-28,11.890404,12740,11055,1284,401
european-seas,2011-01-29,11.893104,12740,11051,1284,405
european-seas,2011-01-30,11.865039,12740,11054,1284,402
european-seas,2011-01-31,11.845925,12740,11041,1284,415
european-seas,2011-02-01,11.815569,12740,11053,1284,403
european-seas,2011-02-02,11.803081,12740,11053,1284,403
european-seas,2011-02-03,11.757108,12740,11060,1284,396
european-seas,2011-02-04,11.78784,12740,11046,1284,410
european-seas,2011-02-05,11.845398,12740,11048,1284,408
european-seas,2011-02-06,11.916232,12740,11058,1284,398
european-seas,2011-02-07,11.968693,12740,11058,1284,398
european-seas,2011-02-08,11.953634,12740,11058,1284,398
european-seas,2011-02-09,11.932214,12740,11058,1284,398
european-seas,2011-02-10,11.909087,12740,11069,1284,387
european-seas,2011-02-11,11.89024,12740,11065,1284,391
european-seas,2011-02-12,11.875463,12740,11065,1284,391
european-seas,2011-02-13,11.813277,12740,11061,1284,395
european-seas,2011-02-14,11.786426,12740,11036,1284,420
european-seas,2011-02-15,11.74466,12740,11016,1284,440
european-seas,2011-02-16,11.7600355,12740,11001,1284,455
european-seas,2011-02-17,11.779044,12740,11004,1284,452
european-seas,2011-02-18,11.81504,12740,10987,1284,469
european-seas,2011-02-19,11.77281,12740,10980,1284,476
european-seas,2011-02-20,11.72901,12740,10960,1284,496
european-seas,2011-02-21,11.697116,12740,10948,1284,508
european-seas,2011-02-22,11.7230835,12740,10895,1284,561
european-seas,2011-02-23,11.793538,12740,10862,1284,594
european-seas,2011-02-24,11.852382,12740,10858,1284,598
european-seas,2011-02-25,11.915119,12740,10835,1284,621
european-seas,2011-02-26,11.94014,12740,10786,1284,670
european-seas,2011-02-27,11.967348,12740,10698,1284,758
european-seas,2011-02-28,11.945291,12740,10694,1284,762
european-seas,2011-03-01,11.920525,12740,10680,1284,776
european-seas,2011-03-02,11.897954,12740,10680,1284,776
european-seas,2011-03-03,11.885565,12740,10678,1284,778
european-seas,2011-03-04,11.906254,12740,10673,1284,783
european-seas,2011-03-05,11.940565,12740,10659,1284,797
european-seas,2011-03-06,11.919275,12740,10651,1284,805
european-seas,2011-03-07,11.882782,12740,10651,1284,805
european-seas,2011-03-08,11.850081,12740,10651,1284,805
european-seas,2011-03-09,11.815012,12740,10651,1284,805
european-seas,2011-03-10,11.811286,12740,10666,1284,790
european-seas,2011-03-11,11.833403,12740,10666,1284,790
european-seas,2011-03-12,11.898879,12740,10666,1284,790
european-seas,2011-03-13,11.912983,12740,10669,1284,787
european-seas,2011-03-14,11.897857,12740,10669,1284,787
european-seas,2011-03-15,11.953524,12740,10676,1284,780
european-seas,2011-03-16,12.00796,12740,10682,1284,774
european-seas,2011-03-17,12.00088,12740,10774,1284,682
european-seas,2011-03-18,12.013688,12740,10786,1284,670
european-seas,2011-03-19,12.017582,12740,10795,1284,661
european-seas,2011-03-20,11.976544,12740,10805,1284,651
european-seas,2011-03-21,11.994965,12740,10815,1284,641
european-seas,2011-03-22,12.031155,12740,10835,1284,621
european-seas,2011-03-23,12.026187,12740,10858,1284,598
european-seas,2011-03-24,12.081657,12740,10906,1284,550
european-seas,2011-03-25,12.113633,12740,10906,1284,550
european-seas,2011-03-26,12.049971,12740,10945,1284,511
european-seas,2011-03-27,12.065283,12740,10949,1284,507
european-seas,2011-03-28,12.079609,12740,10977,1284,479
european-seas,2011-03-29,12.137895,12740,10998,1284,458
european-seas,2011-03-30,12.198445,12740,11012,1284,444
european-seas,2011-03-31,12.283128,12740,11028,1284,428
european-seas,2011-04-01,12.389324,12740,11045,1284,411
european-seas,2011-04-02,12.494399,12740,11058,1284,398
european-seas,2011-04-03,12.583833,12740,11054,1284,402
european-seas,2011-04-04,12.657704,12740,11054,1284,402
european-seas,2011-04-05,12.70473,12740,11062,1284,394
european-seas,2011-04-06,12.775494,12740,11074,1284,382
european-seas,2011-04-07,12.87508,12740,11113,1284,343
european-seas,2011-04-08,13.029905,12740,11125,1284,331
european-seas,2011-04-09,13.091792,12740,11138,1284,318
european-seas,2011-04-10,13.095077,12740,11135,1284,321
european-seas,2011-04-11,12.999371,12740,11137,1284,319
european-seas,2011-04-12,12.92796,12740,11147,1284,309
european-seas,2011-04-13,12.902023,12740,11155,1284,301
european-seas,2011-04-14,12.981469,12740,11155,1284,301
european-seas,2011-04-15,13.054346,12740,11155,1284,301
european-seas,2011-04-16,13.097288,12740,11165,1284,291
european-seas,2011-04-17,13.208206,12740,11168,1284,288
european-seas,2011-04-18,13.307366,12740,11161,1284,295
european-seas,2011-04-19,13.362115,12740,11177,1284,279
european-seas,2011-04-20,13.458067,12740,11183,1284,273
european-seas,2011-04-21,13.587364,12740,11207,1284,249
european-seas,2011-04-22,13.65386,12740,11207,1284,249
european-seas,2011-04-23,13.6292715,12740,11207,1284,249
european-seas,2011-04-24,13.648077,12740,11211,1284,245
european-seas,2011-04-25,13.797817,12740,11215,1284,241
european-seas,2011-04-26,13.877512,12740,11215,1284,241
european-seas,2011-04-27,13.851341,12740,11249,1284,207
european-seas,2011-04-28,13.967237,12740,11262,1284,194
european-seas,2011-04-29,14.04088,12740,11280,1284,176
european-seas,2011-04-30,14.04453,12740,11300,1284,156
european-seas,2011-05-01,14.063603,12740,11300,1284,156
european-seas,2011-05-02,14.103073,12740,11300,1284,156
european-seas,2011-05-03,14.124958,12740,11296,1284,160
european-seas,2011-05-04,14.215452,12740,11296,1284,160
european-seas,2011-05-05,14.327738,12740,11298,1284,158
european-seas,2011-05-06,14.447236,12740,11304,1284,152
european-seas,2011-05-07,14.566598,12740,11304,1284,152
european-seas,2011-05-08,14.680085,12740,11308,1284,148
european-seas,2011-05-09,14.779407,12740,11334,1284,122
european-seas,2011-05-10,14.865344,12740,11346,1284,110
european-seas,2011-05-11,14.895816,12740,11361,1284,95
european-seas,2011-05-12,14.919038,12740,11389,1284,67
european-seas,2011-05-13,15.002423,12740,11405,1284,51
european-seas,2011-05-14,15.088963,12740,11413,1284,43
european-seas,2011-05-15,15.129166,12740,11417,1284,39
european-seas,2011-05-16,15.129506,12740,11417,1284,39
european-seas,2011-05-17,15.210594,12740,11417,1284,39
european-seas,2011-05-18,15.287666,12740,11417,1284,39
european-seas,2011-05-19,15.356033,12740,11417,1284,39
european-seas,2011-05-20,15.4781,12740,11417,1284,39
european-seas,2011-05-21,15.608047,12740,11421,1284,35
european-seas,2011-05-22,15.677945,12740,11421,1284,35
european-seas,2011-05-23,15.807845,12740,11421,1284,35
european-seas,2011-05-24,15.933171,12740,11456,1284,0
european-seas,2011-05-25,16.034702,12740,11456,1284,0
european-seas,2011-05-26,16.038458,12740,11456,1284,0
european-seas,2011-05-27,16.04761,12740,11456,1284,0
european-seas,2011-05-28,16.092533,12740,11456,1284,0
european-seas,2011-05-29,16.232351,12740,11456,1284,0
european-seas,2011-05-30,16.360712,12740,11456,1284,0
european-seas,2011-05-31,16.523548,12740,11456,1284,0
european-seas,2011-06-01,16.642178,12740,11456,1284,0
european-seas,2011-06-02,16.797089,12740,11456,1284,0
european-seas,2011-06-03,16.997898,12740,11456,1284,0
european-seas,2011-06-04,17.173042,12740,11456,1284,0
european-seas,2011-06-05,17.222408,12740,11456,1284,0
european-seas,2011-06-06,17.286385,12740,11456,1284,0
european-seas,2011-06-07,17.439861,12740,11456,1284,0
european-seas,2011-06-08,17.581898,12740,11456,1284,0
european-seas,2011-06-09,17.694178,12740,11456,1284,0
european-seas,2011-06-10,17.742235,12740,11456,1284,0
european-seas,2011-06-11,17.74421,12740,11456,1284,0
european-seas,2011-06-12,17.80459,12740,11456,1284,0
european-seas,2011-06-13,17.8451,12740,11456,1284,0
european-seas,2011-06-14,17.934464,12740,11456,1284,0
european-seas,2011-06-15,18.047318,12740,11456,1284,0
european-seas,2011-06-16,18.246468,12740,11456,1284,0
european-seas,2011-06-17,18.37919,12740,11456,1284,0
european-seas,2011-06-18,18.426634,12740,11456,1284,0
european-seas,2011-06-19,18.503977,12740,11456,1284,0
european-seas,2011-06-20,18.621069,12740,11456,1284,0
european-seas,2011-06-21,18.70624,12740,11456,1284,0
european-seas,2011-06-22,18.818233,12740,11456,1284,0
european-seas,2011-06-23,18.874352,12740,11456,1284,0
european-seas,2011-06-24,18.946985,12740,11456,1284,0
european-seas,2011-06-25,19.096123,12740,11456,1284,0
european-seas,2011-06-26,19.18957,12740,11456,1284,0
european-seas,2011-06-27,19.157406,12740,11456,1284,0
european-seas,2011-06-28,19.091106,12740,11456,1284,0
european-seas,2011-06-29,19.123535,12740,11456,1284,0
european-seas,2011-06-30,19.193499,12740,11456,1284,0
european-seas,2011-07-01,19.317581,12740,11456,1284,0
european-seas,2011-07-02,19.496193,12740,11456,1284,0
european-seas,2011-07-03,19.629848,12740,11456,1284,0
european-seas,2011-07-04,19.70638,12740,11456,1284,0
european-seas,2011-07-05,19.782421,12740,11456,1284,0
european-seas,2011-07-06,19.950485,12740,11456,1284,0
european-seas,2011-07-07,20.017746,12740,11456,1284,0
european-seas,2011-07-08,20.148487,12740,11456,1284,0
european-seas,2011-07-09,20.326595,12740,11456,1284,0
european-seas,2011-07-10,20.425043,12740,11456,1284,0
european-seas,2011-07-11,20.621576,12740,11456,1284,0
european-seas,2011-07-12,20.709906,12740,11456,1284,0
european-seas,2011-07-13,20.781862,12740,11456,1284,0
european-seas,2011-07-14,20.792522,12740,11456,1284,0
european-seas,2011-07-15,20.703224,12740,11456,1284,0
european-seas,2011-07-16,20.660059,12740,11456,1284,0
european-seas,2011-07-17,20.694855,12740,11456,1284,0
european-seas,2011-07-18,20.72569,12740,11456,1284,0
european-seas,2011-07-19,20.740456,12740,11456,1284,0
european-seas,2011-07-20,20.71529,12740,11456,1284,0
european-seas,2011-07-21,20.669846,12740,11456,1284,0
european-seas,2011-07-22,20.607674,12740,11456,1284,0
european-seas,2011-07-23,20.595028,12740,11456,1284,0
european-seas,2011-07-24,20.513702,12740,11456,1284,0
european-seas,2011-07-25,20.599327,12740,11456,1284,0
european-seas,2011-07-26,20.779915,12740,11456,1284,0
european-seas,2011-07-27,20.882421,12740,11456,1284,0
european-seas,2011-07-28,20.951344,12740,11456,1284,0
european-seas,2011-07-29,20.970078,12740,11456,1284,0
european-seas,2011-07-30,20.95725,12740,11456,1284,0
european-seas,2011-07-31,20.998867,12740,11456,1284,0
european-seas,2011-08-01,21.116661,12740,11456,1284,0
european-seas,2011-08-02,21.164705,12740,11456,1284,0
european-seas,2011-08-03,21.223192,12740,11456,1284,0
european-seas,2011-08-04,21.277302,12740,11456,1284,0
european-seas,2011-08-05,21.299686,12740,11456,1284,0
european-seas,2011-08-06,21.390518,12740,11456,1284,0
european-seas,2011-08-07,21.393408,12740,11456,1284,0
european-seas,2011-08-08,21.335218,12740,11456,1284,0
european-seas,2011-08-09,21.25495,12740,11456,1284,0
european-seas,2011-08-10,21.143576,12740,11456,1284,0
european-seas,2011-08-11,21.053673,12740,11456,1284,0
european-seas,2011-08-12,20.949995,12740,11456,1284,0
european-seas,2011-08-13,21.015713,12740,11456,1284,0
european-seas,2011-08-14,21.14879,12740,11456,1284,0
european-seas,2011-08-15,21.287046,12740,11456,1284,0
european-seas,2011-08-16,21.41973,12740,11456,1284,0
european-seas,2011-08-17,21.504221,12740,11456,1284,0
european-seas,2011-08-18,21.518019,12740,11456,1284,0
european-seas,2011-08-19,21.513247,12740,11456,1284,0
european-seas,2011-08-20,21.486773,12740,11456,1284,0
european-seas,2011-08-21,21.517056,12740,11456,1284,0
european-seas,2011-08-22,21.566353,12740,11456,1284,0
european-seas,2011-08-23,21.617382,12740,11456,1284,0
european-seas,2011-08-24,21.64142,12740,11456,1284,0
european-seas,2011-08-25,21.642607,12740,11456,1284,0
european-seas,2011-08-26,21.607698,12740,11456,1284,0
european-seas,2011-08-27,21.425812,12740,11456,1284,0
european-seas,2011-08-28,21.233309,12740,11456,1284,0
european-seas,2011-08-29,21.135736,12740,11456,1284,0
european-seas,2011-08-30,21.095892,12740,11456,1284,0
european-seas,2011-08-31,21.129618,12740,11456,1284,0
european-seas,2011-09-01,21.166456,12740,11456,1284,0
european-seas,2011-09-02,21.176325,12740,11456,1284,0
european-seas,2011-09-03,21.221725,12740,11456,1284,0
european-seas,2011-09-04,21.224154,12740,11456,1284,0
european-seas,2011-09-05,21.205282,12740,11456,1284,0
european-seas,2011-09-06,21.116493,12740,11456,1284,0
european-seas,2011-09-07,21.022278,12740,11456,1284,0
european-seas,2011-09-08,20.987228,12740,11456,1284,0
european-seas,2011-09-09,21.064976,12740,11456,1284,0
european-seas,2011-09-10,21.088938,12740,11456,1284,0
european-seas,2011-09-11,21.072023,12740,11456,1284,0
european-seas,2011-09-12,21.080849,12740,11456,1284,0
european-seas,2011-09-13,21.024443,12740,11456,1284,0
european-seas,2011-09-14,20.98252,12740,11456,1284,0
european-seas,2011-09-15,20.896492,12740,11456,1284,0
european-seas,2011-09-16,20.845991,12740,11456,1284,0
european-seas,2011-09-17,20.814953,12740,11456,1284,0
european-seas,2011-09-18,20.760168,12740,11456,1284,0
european-seas,2011-09-19,20.62393,12740,11456,1284,0
european-seas,2011-09-20,20.452038,12740,11456,1284,0
european-seas,2011-09-21,20.33284,12740,11456,1284,0
european-seas,2011-09-22,20.209879,12740,11456,1284,0
european-seas,2011-09-23,20.13433,12740,11456,1284,0
european-seas,2011-09-24,20.085154,12740,11456,1284,0
european-seas,2011-09-25,20.044409,12740,11456,1284,0
european-seas,2011-09-26,20.02545,12740,11456,1284,0
european-seas,2011-09-27,20.038439,12740,11456,1284,0
european-seas,2011-09-28,20.102188,12740,11456,1284,0
european-seas,2011-09-29,20.07103,12740,11456,1284,0
european-seas,2011-09-30,20.010687,12740,11456,1284,0
european-seas,2011-10-01,19.954613,12740,11456,1284,0
european-seas,2011-10-02,19.875057,12740,11456,1284,0
european-seas,2011-10-03,19.77593,12740,11456,1284,0
european-seas,2011-10-04,19.675032,12740,11456,1284,0
european-seas,2011-10-05,19.570261,12740,11456,1284,0
european-seas,2011-10-06,19.446798,12740,11456,1284,0
european-seas,2011-10-07,19.252386,12740,11456,1284,0
european-seas,2011-10-08,19.06325,12740,11456,1284,0
european-seas,2011-10-09,18.876032,12740,11456,1284,0
european-seas,2011-10-10,18.676737,12740,11456,1284,0
european-seas,2011-10-11,18.637955,12740,11456,1284,0
european-seas,2011-10-12,18.61868,12740,11456,1284,0
european-seas,2011-10-13,18.579254,12740,11456,1284,0
european-seas,2011-10-14,18.52809,12740,11456,1284,0
european-seas,2011-10-15,18.413294,12740,11456,1284,0
european-seas,2011-10-16,18.304522,12740,11456,1284,0
european-seas,2011-10-17,18.085655,12740,11456,1284,0
european-seas,2011-10-18,17.89771,12740,11456,1284,0
european-seas,2011-10-19,17.729185,12740,11456,1284,0
european-seas,2011-10-20,17.640394,12740,11456,1284,0
european-seas,2011-10-21,17.57248,12740,11456,1284,0
european-seas,2011-10-22,17.527655,12740,11456,1284,0
european-seas,2011-10-23,17.508987,12740,11456,1284,0
european-seas,2011-10-24,17.477882,12740,11456,1284,0
european-seas,2011-10-25,17.46017,12740,11456,1284,0
european-seas,2011-10-26,17.434345,12740,11456,1284,0
european-seas,2011-10-27,17.392477,12740,11456,1284,0
european-seas,2011-10-28,17.354168,12740,11456,1284,0
european-seas,2011-10-29,17.283491,12740,11456,1284,0
european-seas,2011-10-30,17.185581,12740,11456,1284,0
european-seas,2011-10-31,17.140928,12740,11456,1284,0
european-seas,2011-11-01,17.083572,12740,11456,1284,0
european-seas,2011-11-02,17.004467,12740,11456,1284,0
european-seas,2011-11-03,16.92421,12740,11456,1284,0
european-seas,2011-11-04,16.829195,12740,11456,1284,0
european-seas,2011-11-05,16.759695,12740,11456,1284,0
european-seas,2011-11-06,16.66969,12740,11456,1284,0
european-seas,2011-11-07,16.55834,12740,11456,1284,0
european-seas,2011-11-08,16.438948,12740,11456,1284,0
european-seas,2011-11-09,16.35309,12740,11456,1284,0
european-seas,2011-11-10,16.307207,12740,11456,1284,0
european-seas,2011-11-11,16.293898,12740,11456,1284,0
european-seas,2011-11-12,16.23231,12740,11456,1284,0
european-seas,2011-11-13,16.148329,12740,11456,1284,0
european-seas,2011-11-14,16.054117,12740,11456,1284,0
european-seas,2011-11-15,15.955031,12740,11456,1284,0
european-seas,2011-11-16,15.855375,12740,11456,1284,0
european-seas,2011-11-17,15.793436,12740,11456,1284,0
european-seas,2011-11-18,15.729373,12740,11456,1284,0
european-seas,2011-11-19,15.688076,12740,11456,1284,0
european-seas,2011-11-20,15.625816,12740,11456,1284,0
european-seas,2011-11-21,15.559624,12740,11456,1284,0
european-seas,2011-11-22,15.437261,12740,11456,1284,0
european-seas,2011-11-23,15.377881,12740,11456,1284,0
european-seas,2011-11-24,15.327762,12740,11456,1284,0
european-seas,2011-11-25,15.260402,12740,11456,1284,0
european-seas,2011-11-26,15.207853,12740,11456,1284,0
european-seas,2011-11-27,15.183842,12740,11456,1284,0
european-seas,2011-11-28,15.121516,12740,11456,1284,0
european-seas,2011-11-29,15.014347,12740,11456,1284,0
european-seas,2011-11-30,14.942074,12740,11456,1284,0
european-seas,2011-12-01,14.904823,12740,11456,1284,0
european-seas,2011-12-02,14.85093,12740,11456,1284,0
european-seas,2011-12-03,14.799018,12740,11456,1284,0
european-seas,2011-12-04,14.727735,12740,11456,1284,0
european-seas,2011-12-05,14.679452,12740,11456,1284,0
european-seas,2011-12-06,14.60456,12740,11456,1284,0
european-seas,2011-12-07,14.517149,12740,11456,1284,0
european-seas,2011-12-08,14.439189,12740,11456,1284,0
european-seas,2011-12-09,14.343972,12740,11456,1284,0
european-seas,2011-12-10,14.272045,12740,11456,1284,0
european-seas,2011-12-11,14.203275,12740,11456,1284,0
european-seas,2011-12-12,14.179877,12740,11456,1284,0
european-seas,2011-12-13,14.126179,12740,11456,1284,0
european-seas,2011-12-14,14.080364,12740,11456,1284,0
european-seas,2011-12-15,14.025246,12740,11456,1284,0
european-seas,2011-12-16,13.9487095,12740,11456,1284,0
european-seas,2011-12-17,13.884288,12740,11456,1284,0
european-seas,2011-12-18,13.786077,12740,11456,1284,0
european-seas,2011-12-19,13.685855,12740,11456,1284,0
european-seas,2011-12-20,13.639422,12740,11456,1284,0
european-seas,2011-12-21,13.618015,12740,11456,1284,0
european-seas,2011-12-22,13.561846,12740,11456,1284,0
european-seas,2011-12-23,13.507174,12740,11456,1284,0
european-seas,2011-12-24,13.443864,12740,11456,1284,0
european-seas,2011-12-25,13.381958,12740,11456,1284,0
european-seas,2011-12-26,13.348965,12740,11456,1284,0
european-seas,2011-12-27,13.293424,12740,11456,1284,0
european-seas,2011-12-28,13.238266,12740,11456,1284,0
european-seas,2011-12-29,13.159203,12740,11456,1284,0
european-seas,2011-12-30,13.081474,12740,11456,1284,0
european-seas,2011-12-31,13.06106,12740,11456,1284,0
european-seas,2012-01-01,13.0449505,12740,11456,1284,0
european-seas,2012-01-02,13.019773,12740,11456,1284,0
european-seas,2012-01-03,13.022395,12740,11448,1284,8
european-seas,2012-01-04,12.995984,12740,11448,1284,8
european-seas,2012-01-05,12.965801,12740,11440,1284,16
european-seas,2012-01-06,12.915965,12740,11440,1284,16
european-seas,2012-01-07,12.840082,12740,11440,1284,16
european-seas,2012-01-08,12.8035555,12740,11436,1284,20
european-seas,2012-01-09,12.766948,12740,11436,1284,20
european-seas,2012-01-10,12.703024,12740,11432,1284,24
european-seas,2012-01-11,12.6472225,12740,11424,1284,32
european-seas,2012-01-12,12.647487,12740,11424,1284,32
european-seas,2012-01-13,12.622173,12740,11424,1284,32
european-seas,2012-01-14,12.563181,12740,11424,1284,32
european-seas,2012-01-15,12.452519,12740,11424,1284,32
european-seas,2012-01-16,12.369171,12740,11420,1284,36
european-seas,2012-01-17,12.312749,12740,11415,1284,41
european-seas,2012-01-18,12.334073,12740,11398,1284,58
european-seas,2012-01-19,12.272496,12740,11394,1284,62
european-seas,2012-01-20,12.246098,12740,11361,1284,95
european-seas,2012-01-21,12.250207,12740,11330,1284,126
european-seas,2012-01-22,12.197757,12740,11330,1284,126
european-seas,2012-01-23,12.144193,12740,11318,1284,138
european-seas,2012-01-24,12.088535,12740,11296,1284,160
european-seas,2012-01-25,12.062584,12740,11293,1284,163
european-seas,2012-01-26,12.029621,12740,11293,1284,163
european-seas,2012-01-27,11.994268,12740,11273,1284,183
european-seas,2012-01-28,11.926393,12740,11252,1284,204
european-seas,2012-01-29,11.7872305,12740,11252,1284,204
european-seas,2012-01-30,11.754503,12740,11238,1284,218
european-seas,2012-01-31,11.772693,12740,11228,1284,228
european-seas,2012-02-01,11.808773,12740,11228,1284,228
european-seas,2012-02-02,11.79659,12740,11200,1284,256
european-seas,2012-02-03,11.788011,12740,11177,1284,279
european-seas,2012-02-04,11.760387,12740,11124,1284,332
european-seas,2012-02-05,11.725104,12740,11096,1284,360
european-seas,2012-02-06,11.704579,12740,11062,1284,394
european-seas,2012-02-07,11.659193,12740,11005,1284,451
european-seas,2012-02-08,11.728415,12740,10875,1284,581
european-seas,2012-02-09,11.703506,12740,10859,1284,597
european-seas,2012-02-10,11.760127,12740,10820,1284,636
european-seas,2012-02-11,11.741687,12740,10801,1284,655
european-seas,2012-02-12,11.707495,12740,10791,1284,665
european-seas,2012-02-13,11.682128,12740,10816,1284,640
european-seas,2012-02-14,11.729179,12740,10804,1284,652
european-seas,2012-02-15,11.783902,12740,10794,1284,662
european-seas,2012-02-16,11.801463,12740,10788,1284,668
european-seas,2012-02-17,11.755113,12740,10777,1284,679
european-seas,2012-02-18,11.7598505,12740,10738,1284,718
european-seas,2012-02-19,11.737669,12740,10748,1284,708
european-seas,2012-02-20,11.70613,12740,10743,1284,713
european-seas,2012-02-21,11.633037,12740,10758,1284,698
european-seas,2012-02-22,11.60508,12740,10758,1284,698
european-seas,2012-02-23,11.6711035,12740,10757,1284,699
european-seas,2012-02-24,11.704257,12740,10757,1284,699
european-seas,2012-02-25,11.709654,12740,10785,1284,671
european-seas,2012-02-26,11.662614,12740,10788,1284,668
european-seas,2012-02-27,11.626433,12740,10833,1284,623
european-seas,2012-02-28,11.662487,12740,10878,1284,578
european-seas,2012-02-29,11.723998,12740,10927,1284,529
european-seas,2012-03-01,11.731979,12740,10953,1284,503
european-seas,2012-03-02,11.723504,12740,10962,1284,494
european-seas,2012-03-03,11.627135,12740,10974,1284,482
european-seas,2012-03-04,11.581175,12740,10982,1284,474
european-seas,2012-03-05,11.485049,12740,10982,1284,474
european-seas,2012-03-06,11.453251,12740,10974,1284,482
european-seas,2012-03-07,11.51626,12740,10953,1284,503
european-seas,2012-03-08,11.571178,12740,10935,1284,521
european-seas,2012-03-09,11.585785,12740,10935,1284,521
european-seas,2012-03-10,11.58227,12740,10913,1284,543
european-seas,2012-03-11,11.611448,12740,10881,1284,575
european-seas,2012-03-12,11.678083,12740,10895,1284,561
european-seas,2012-03-13,11.740634,12740,10895,1284,561
european-seas,2012-03-14,11.819059,12740,10895,1284,561
european-seas,2012-03-15,11.818469,12740,10928,1284,528
european-seas,2012-03-16,11.803391,12740,10950,1284,506
european-seas,2012-03-17,11.837648,12740,10964,1284,492
european-seas,2012-03-18,11.885586,12740,10964,1284,492
european-seas,2012-03-19,11.94734,12740,10964,1284,492
european-seas,2012-03-20,11.987054,12740,10972,1284,484
european-seas,2012-03-21,12.066177,12740,10987,1284,469
european-seas,2012-03-22,12.155923,12740,10987,1284,469
european-seas,2012-03-23,12.213199,12740,10987,1284,469
european-seas,2012-03-24,12.273259,12740,10995,1284,461
european-seas,2012-03-25,12.326582,12740,11003,1284,453
european-seas,2012-03-26,12.440753,12740,11000,1284,456
european-seas,2012-03-27,12.531504,12740,11004,1284,452
european-seas,2012-03-28,12.621589,12740,11024,1284,432
european-seas,2012-03-29,12.637057,12740,11043,1284,413
european-seas,2012-03-30,12.57947,12740,11051,1284,405
european-seas,2012-03-31,12.594391,12740,11055,1284,401
european-seas,2012-04-01,12.585091,12740,11055,1284,401
european-seas,2012-04-02,12.576719,12740,11055,1284,401
european-seas,2012-04-03,12.557201,12740,11063,1284,393
european-seas,2012-04-04,12.610433,12740,11058,1284,398
european-seas,2012-04-05,12.687669,12740,11069,1284,387
european-seas,2012-04-06,12.825955,12740,11069,1284,387
european-seas,2012-04-07,12.9567175,12740,11065,1284,391
european-seas,2012-04-08,12.92551,12740,11069,1284,387
european-seas,2012-04-09,12.843958,12740,11054,1284,402
european-seas,2012-04-10,12.743415,12740,11062,1284,394
european-seas,2012-04-11,12.665122,12740,11058,1284,398
european-seas,2012-04-12,12.680532,12740,11058,1284,398
european-seas,2012-04-13,12.668797,12740,11058,1284,398
european-seas,2012-04-14,12.671923,12740,11058,1284,398
european-seas,2012-04-15,12.695727,12740,11058,1284,398
european-seas,2012-04-16,12.68452,12740,11076,1284,380
european-seas,2012-04-17,12.646339,12740,11076,1284,380
european-seas,2012-04-18,12.558754,12740,11083,1284,373
european-seas,2012-04-19,12.577343,12740,11087,1284,369
european-seas,2012-04-20,12.67687,12740,11109,1284,347
european-seas,2012-04-21,12.818889,12740,11109,1284,347
european-seas,2012-04-22,12.894216,12740,11146,1284,310
european-seas,2012-04-23,12.971022,12740,11171,1284,285
european-seas,2012-04-24,13.029979,12740,11178,1284,278
european-seas,2012-04-25,13.098578,12740,11240,1284,216
european-seas,2012-04-26,13.265185,12740,11268,1284,188
european-seas,2012-04-27,13.4178295,12740,11280,1284,176
european-seas,2012-04-28,13.509381,12740,11297,1284,159
european-seas,2012-04-29,13.569467,12740,11323,1284,133
european-seas,2012-04-30,13.746347,12740,11323,1284,133
european-seas,2012-05-01,13.845407,12740,11323,1284,133
european-seas,2012-05-02,13.898105,12740,11323,1284,133
european-seas,2012-05-03,13.990089,12740,11327,1284,129
european-seas,2012-05-04,14.02228,12740,11327,1284,129
european-seas,2012-05-05,14.082192,12740,11335,1284,121
european-seas,2012-05-06,14.224803,12740,11338,1284,118
european-seas,2012-05-07,14.399944,12740,11338,1284,118
european-seas,2012-05-08,14.552257,12740,11348,1284,108
european-seas,2012-05-09,14.768606,12740,11348,1284,108
european-seas,2012-05-10,14.93417,12740,11359,1284,97
european-seas,2012-05-11,15.102272,12740,11375,1284,81
european-seas,2012-05-12,15.174135,12740,11383,1284,73
european-seas,2012-05-13,15.161385,12740,11387,1284,69
european-seas,2012-05-14,14.9957285,12740,11387,1284,69
european-seas,2012-05-15,14.960653,12740,11419,1284,37
european-seas,2012-05-16,14.962157,12740,11452,1284,4
european-seas,2012-05-17,14.876009,12740,11456,1284,0
european-seas,2012-05-18,14.770784,12740,11456,1284,0
european-seas,2012-05-19,14.777111,12740,11456,1284,0
european-seas,2012-05-20,14.844616,12740,11456,1284,0
european-seas,2012-05-21,14.9264765,12740,11456,1284,0
european-seas,2012-05-22,15.137989,12740,11456,1284,0
european-seas,2012-05-23,15.350964,12740,11456,1284,0
european-seas,2012-05-24,15.56298,12740,11456,1284,0
european-seas,2012-05-25,15.820205,12740,11456,1284,0
european-seas,2012-05-26,16.046724,12740,11456,1284,0
european-seas,2012-05-27,16.295708,12740,11456,1284,0
european-seas,2012-05-28,16.3826,12740,11456,1284,0
european-seas,2012-05-29,16.345015,12740,11456,1284,0
european-seas,2012-05-30,16.446613,12740,11456,1284,0
european-seas,2012-05-31,16.662426,12740,11456,1284,0
european-seas,2012-06-01,16.829405,12740,11456,1284,0
european-seas,2012-06-02,16.907047,12740,11456,1284,0
european-seas,2012-06-03,16.987293,12740,11456,1284,0
european-seas,2012-06-04,17.045824,12740,11456,1284,0
european-seas,2012-06-05,17.162327,12740,11456,1284,0
european-seas,2012-06-06,17.279655,12740,11456,1284,0
european-seas,2012-06-07,17.378143,12740,11456,1284,0
european-seas,2012-06-08,17.509157,12740,11456,1284,0
european-seas,2012-06-09,17.629705,12740,11456,1284,0
european-seas,2012-06-10,17.74873,12740,11456,1284,0
european-seas,2012-06-11,17.921598,12740,11456,1284,0
european-seas,2012-06-12,18.09646,12740,11456,1284,0
european-seas,2012-06-13,18.247032,12740,11456,1284,0
european-seas,2012-06-14,18.255283,12740,11456,1284,0
european-seas,2012-06-15,18.27609,12740,11456,1284,0
european-seas,2012-06-16,18.375769,12740,11456,1284,0
european-seas,2012-06-17,18.503767,12740,11456,1284,0
european-seas,2012-06-18,18.657549,12740,11456,1284,0
european-seas,2012-06-19,18.791866,12740,11456,1284,0
european-seas,2012-06-20,18.936817,12740,11456,1284,0
european-seas,2012-06-21,19.108713,12740,11456,1284,0
european-seas,2012-06-22,19.246084,12740,11456,1284,0
european-seas,2012-06-23,19.351635,12740,11456,1284,0
european-seas,2012-06-24,19.412247,12740,11456,1284,0
european-seas,2012-06-25,19.522728,12740,11456,1284,0
european-seas,2012-06-26,19.626196,12740,11456,1284,0
european-seas,2012-06-27,19.67259,12740,11456,1284,0
european-seas,2012-06-28,19.703661,12740,11456,1284,0
european-seas,2012-06-29,19.744104,12740,11456,1284,0
european-seas,2012-06-30,19.785183,12740,11456,1284,0
european-seas,2012-07-01,19.87466,12740,11456,1284,0
european-seas,2012-07-02,19.87782,12740,11456,1284,0
european-seas,2012-07-03,19.94006,12740,11456,1284,0
european-seas,2012-07-04,20.093884,12740,11456,1284,0
european-seas,2012-07-05,20.234886,12740,11456,1284,0
european-seas,2012-07-06,20.32892,12740,11456,1284,0
european-seas,2012-07-07,20.436083,12740,11456,1284,0
european-seas,2012-07-08,20.489801,12740,11456,1284,0
european-seas,2012-07-09,20.542534,12740,11456,1284,0
european-seas,2012-07-10,20.637901,12740,11456,1284,0
european-seas,2012-07-11,20.731466,12740,11456,1284,0
european-seas,2012-07-12,20.855656,12740,11456,1284,0
european-seas,2012-07-13,20.883778,12740,11456,1284,0
european-seas,2012-07-14,20.886757,12740,11456,1284,0
european-seas,2012-07-15,20.914743,12740,11456,1284,0
european-seas,2012-07-16,20.901243,12740,11456,1284,0
european-seas,2012-07-17,20.838121,12740,11456,1284,0
european-seas,2012-07-18,20.750767,12740,11456,1284,0
european-seas,2012-07-19,20.730307,12740,11456,1284,0
european-seas,2012-07-20,20.798239,12740,11456,1284,0
european-seas,2012-07-21,20.869242,12740,11456,1284,0
european-seas,2012-07-22,20.909534,12740,11456,1284,0
european-seas,2012-07-23,20.99246,12740,11456,1284,0
european-seas,2012-07-24,21.117184,12740,11456,1284,0
european-seas,2012-07-25,21.284239,12740,11456,1284,0
european-seas,2012-07-26,21.328693,12740,11456,1284,0
european-seas,2012-07-27,21.303137,12740,11456,1284,0
european-seas,2012-07-28,21.302767,12740,11456,1284,0
european-seas,2012-07-29,21.332058,12740,11456,1284,0
european-seas,2012-07-30,21.398771,12740,11456,1284,0
european-seas,2012-07-31,21.441595,12740,11456,1284,0
european-seas,2012-08-01,21.496986,12740,11456,1284,0
european-seas,2012-08-02,21.703339,12740,11456,1284,0
european-seas,2012-08-03,21.762121,12740,11456,1284,0
european-seas,2012-08-04,21.814651,12740,11456,1284,0
european-seas,2012-08-05,21.776396,12740,11456,1284,0
european-seas,2012-08-06,21.750803,12740,11456,1284,0
european-seas,2012-08-07,21.806784,12740,11456,1284,0
european-seas,2012-08-08,21.878273,12740,11456,1284,0
european-seas,2012-08-09,21.9881,12740,11456,1284,0
european-seas,2012-08-10,22.087082,12740,11456,1284,0
european-seas,2012-08-11,22.10228,12740,11456,1284,0
european-seas,2012-08-12,22.058172,12740,11456,1284,0
european-seas,2012-08-13,22.0234,12740,11456,1284,0
european-seas,2012-08-14,22.08029,12740,11456,1284,0
european-seas,2012-08-15,22.14436,12740,11456,1284,0
european-seas,2012-08-16,22.229116,12740,11456,1284,0
european-seas,2012-08-17,22.376514,12740,11456,1284,0
european-seas,2012-08-18,22.439009,12740,11456,1284,0
european-seas,2012-08-19,22.402943,12740,11456,1284,0
european-seas,2012-08-20,22.44148,12740,11456,1284,0
european-seas,2012-08-21,22.446238,12740,11456,1284,0
european-seas,2012-08-22,22.384806,12740,11456,1284,0
european-seas,2012-08-23,22.329739,12740,11456,1284,0
european-seas,2012-08-24,22.293993,12740,11456,1284,0
european-seas,2012-08-25,22.259256,12740,11456,1284,0
european-seas,2012-08-26,22.210196,12740,11456,1284,0
european-seas,2012-08-27,22.079725,12740,11456,1284,0
european-seas,2012-08-28,21.88287,12740,11456,1284,0
european-seas,2012-08-29,21.746075,12740,11456,1284,0
european-seas,2012-08-30,21.664207,12740,11456,1284,0
european-seas,2012-08-31,21.559141,12740,11456,1284,0
european-seas,2012-09-01,21.388426,12740,11456,1284,0
european-seas,2012-09-02,21.293034,12740,11456,1284,0
european-seas,2012-09-03,21.235548,12740,11456,1284,0
european-seas,2012-09-04,21.190742,12740,11456,1284,0
european-seas,2012-09-05,21.153326,12740,11456,1284,0
european-seas,2012-09-06,21.074097,12740,11456,1284,0
european-seas,2012-09-07,21.030956,12740,11456,1284,0
european-seas,2012-09-08,21.059147,12740,11456,1284,0
european-seas,2012-09-09,21.07547,12740,11456,1284,0
european-seas,2012-09-10,21.020056,12740,11456,1284,0
european-seas,2012-09-11,20.93706,12740,11456,1284,0
european-seas,2012-09-12,20.847109,12740,11456,1284,0
european-seas,2012-09-13,20.710028,12740,11456,1284,0
european-seas,2012-09-14,20.56563,12740,11456,1284,0
european-seas,2012-09-15,20.522362,12740,11456,1284,0
european-seas,2012-09-16,20.48927,12740,11456,1284,0
european-seas,2012-09-17,20.443945,12740,11456,1284,0
european-seas,2012-09-18,20.36623,12740,11456,1284,0
european-seas,2012-09-19,20.291132,12740,11456,1284,0
european-seas,2012-09-20,20.211332,12740,11456,1284,0
european-seas,2012-09-21,20.141613,12740,11456,1284,0
european-seas,2012-09-22,20.036283,12740,11456,1284,0
european-seas,2012-09-23,19.967545,12740,11456,1284,0
european-seas,2012-09-24,19.910448,12740,11456,1284,0
european-seas,2012-09-25,19.86348,12740,11456,1284,0
european-seas,2012-09-26,19.902525,12740,11456,1284,0
european-seas,2012-09-27,19.906824,12740,11456,1284,0
european-seas,2012-09-28,19.872972,12740,11456,1284,0
european-seas,2012-09-29,19.81975,12740,11456,1284,0
european-seas,2012-09-30,19.79488,12740,11456,1284,0
european-seas,2012-10-01,19.759958,12740,11456,1284,0
european-seas,2012-10-02,19.702013,12740,11456,1284,0
european-seas,2012-10-03,19.625753,12740,11456,1284,0
european-seas,2012-10-04,19.557835,12740,11456,1284,0
european-seas,2012-10-05,19.534815,12740,11456,1284,0
european-seas,2012-10-06,19.522537,12740,11456,1284,0
european-seas,2012-10-07,19.512495,12740,11456,1284,0
european-seas,2012-10-08,19.433577,12740,11456,1284,0
european-seas,2012-10-09,19.291245,12740,11456,1284,0
european-seas,2012-10-10,19.21662,12740,11456,1284,0
european-seas,2012-10-11,19.156199,12740,11456,1284,0
european-seas,2012-10-12,19.091974,12740,11456,1284,0
european-seas,2012-10-13,19.015276,12740,11456,1284,0
european-seas,2012-10-14,18.926395,12740,11456,1284,0
european-seas,2012-10-15,18.833973,12740,11456,1284,0
european-seas,2012-10-16,18.766,12740,11456,1284,0
european-seas,2012-10-17,18.739662,12740,11456,1284,0
european-seas,2012-10-18,18.665787,12740,11456,1284,0
european-seas,2012-10-19,18.598312,12740,11456,1284,0
european-seas,2012-10-20,18.56117,12740,11456,1284,0
european-seas,2012-10-21,18.506058,12740,11456,1284,0
european-seas,2012-10-22,18.463543,12740,11456,1284,0
european-seas,2012-10-23,18.405842,12740,11456,1284,0
european-seas,2012-10-24,18.340511,12740,11456,1284,0
european-seas,2012-10-25,18.223148,12740,11456,1284,0
european-seas,2012-10-26,18.150368,12740,11456,1284,0
european-seas,2012-10-27,18.05087,12740,11456,1284,0
european-seas,2012-10-28,17.842035,12740,11456,1284,0
european-seas,2012-10-29,17.676418,12740,11456,1284,0
european-seas,2012-10-30,17.527306,12740,11456,1284,0
european-seas,2012-10-31,17.401566,12740,11456,1284,0
european-seas,2012-11-01,17.337893,12740,11456,1284,0
european-seas,2012-11-02,17.26604,12740,11456,1284,0
european-seas,2012-11-03,17.196257,12740,11456,1284,0
european-seas,2012-11-04,17.146736,12740,11456,1284,0
european-seas,2012-11-05,17.124077,12740,11456,1284,0
european-seas,2012-11-06,17.02677,12740,11456,1284,0
european-seas,2012-11-07,16.887592,12740,11456,1284,0
european-seas,2012-11-08,16.73631,12740,11456,1284,0
european-seas,2012-11-09,16.590294,12740,11456,1284,0
european-seas,2012-11-10,16.47279,12740,11456,1284,0
european-seas,2012-11-11,16.372019,12740,11456,1284,0
european-seas,2012-11-12,16.30257,12740,11456,1284,0
european-seas,2012-11-13,16.229322,12740,11456,1284,0
european-seas,2012-11-14,16.161308,12740,11456,1284,0
european-seas,2012-11-15,16.11602,12740,11456,1284,0
european-seas,2012-11-16,16.039597,12740,11456,1284,0
european-seas,2012-11-17,15.95843,12740,11456,1284,0
european-seas,2012-11-18,15.853996,12740,11456,1284,0
european-seas,2012-11-19,15.815633,12740,11456,1284,0
european-seas,2012-11-20,15.771496,12740,11456,1284,0
european-seas,2012-11-21,15.724226,12740,11456,1284,0
european-seas,2012-11-22,15.672137,12740,11456,1284,0
european-seas,2012-11-23,15.611559,12740,11456,1284,0
european-seas,2012-11-24,15.5457,12740,11456,1284,0
european-seas,2012-11-25,15.515124,12740,11456,1284,0
european-seas,2012-11-26,15.468386,12740,11456,1284,0
european-seas,2012-11-27,15.413122,12740,11456,1284,0
european-seas,2012-11-28,15.272195,12740,11456,1284,0
european-seas,2012-11-29,15.12479,12740,11456,1284,0
european-seas,2012-11-30,14.958966,12740,11456,1284,0
european-seas,2012-12-01,14.869091,12740,11456,1284,0
european-seas,2012-12-02,14.781264,12740,11456,1284,0
european-seas,2012-12-03,14.683097,12740,11456,1284,0
european-seas,2012-12-04,14.5425005,12740,11456,1284,0
european-seas,2012-12-05,14.3905945,12740,11456,1284,0
european-seas,2012-12-06,14.285379,12740,11456,1284,0
european-seas,2012-12-07,14.159977,12740,11456,1284,0
european-seas,2012-12-08,14.055704,12740,11456,1284,0
european-seas,2012-12-09,13.945771,12740,11448,1284,8
european-seas,2012-12-10,13.818548,12740,11448,1284,8
european-seas,2012-12-11,13.684442,12740,11448,1284,8
european-seas,2012-12-12,13.563844,12740,11448,1284,8
european-seas,2012-12-13,13.490455,12740,11428,1284,28
european-seas,2012-12-14,13.432561,12740,11428,1284,28
european-seas,2012-12-15,13.380778,12740,11424,1284,32
european-seas,2012-12-16,13.3285265,12740,11416,1284,40
european-seas,2012-12-17,13.304141,12740,11412,1284,44
european-seas,2012-12-18,13.291376,12740,11412,1284,44
european-seas,2012-12-19,13.222034,12740,11397,1284,59
european-seas,2012-12-20,13.171004,12740,11391,1284,65
european-seas,2012-12-21,13.123489,12740,11360,1284,96
european-seas,2012-12-22,13.088395,12740,11356,1284,100
european-seas,2012-12-23,13.072614,12740,11340,1284,116
european-seas,2012-12-24,13.101374,12740,11334,1284,122
european-seas,2012-12-25,13.106796,12740,11315,1284,141
european-seas,2012-12-26,13.101622,12740,11270,1284,186
european-seas,2012-12-27,13.07012,12740,11224,1284,232
european-seas,2012-12-28,13.083946,12740,11214,1284,242
european-seas,2012-12-29,13.028192,12740,11214,1284,242
european-seas,2012-12-30,12.955204,12740,11224,1284,232
european-seas,2012-12-31,12.934292,12740,11226,1284,230
european-seas,2013-01-01,12.884711,12740,11242,1284,214
european-seas,2013-01-02,12.901148,12740,11291,1284,165
european-seas,2013-01-03,12.962735,12740,11293,1284,163
european-seas,2013-01-04,12.960774,12740,11307,1284,149
european-seas,2013-01-05,12.911583,12740,11307,1284,149
european-seas,2013-01-06,12.842408,12740,11299,1284,157
european-seas,2013-01-07,12.746517,12740,11293,1284,163
european-seas,2013-01-08,12.67424,12740,11272,1284,184
european-seas,2013-01-09,12.612173,12740,11250,1284,206
european-seas,2013-01-10,12.543901,12740,11237,1284,219
european-seas,2013-01-11,12.509261,12740,11173,1284,283
european-seas,2013-01-12,12.426262,12740,11156,1284,300
european-seas,2013-01-13,12.352871,12740,11156,1284,300
european-seas,2013-01-14,12.268925,12740,11156,1284,300
european-seas,2013-01-15,12.188222,12740,11177,1284,279
european-seas,2013-01-16,12.126411,12740,11174,1284,282
european-seas,2013-01-17,12.0630665,12740,11153,1284,303
european-seas,2013-01-18,12.025444,12740,11143,1284,313
european-seas,2013-01-19,12.0836115,12740,11096,1284,360
european-seas,2013-01-20,12.115814,12740,11084,1284,372
european-seas,2013-01-21,12.116215,12740,11065,1284,391
european-seas,2013-01-22,12.102267,12740,11052,1284,404
european-seas,2013-01-23,12.014833,12740,11039,1284,417
european-seas,2013-01-24,11.961099,12740,11039,1284,417
european-seas,2013-01-25,11.913001,12740,11028,1284,428
european-seas,2013-01-26,11.922964,12740,10997,1284,459
european-seas,2013-01-27,11.976248,12740,10972,1284,484
european-seas,2013-01-28,12.032408,12740,10923,1284,533
european-seas,2013-01-29,12.121806,12740,10894,1284,562
european-seas,2013-01-30,12.172648,12740,10895,1284,561
european-seas,2013-01-31,12.227093,12740,10891,1284,565
european-seas,2013-02-01,12.211397,12740,10914,1284,542
european-seas,2013-02-02,12.145508,12740,10934,1284,522
european-seas,2013-02-03,12.0678425,12740,10955,1284,501
european-seas,2013-02-04,12.036722,12740,10971,1284,485
european-seas,2013-02-05,12.028623,12740,10950,1284,506
european-seas,2013-02-06,12.028723,12740,10936,1284,520
european-seas,2013-02-07,11.995863,12740,10924,1284,532
european-seas,2013-02-08,11.942078,12740,10908,1284,548
european-seas,2013-02-09,11.929398,12740,10895,1284,561
european-seas,2013-02-10,11.904947,12740,10880,1284,576
european-seas,2013-02-11,11.8604355,12740,10880,1284,576
european-seas,2013-02-12,11.836352,12740,10876,1284,580
european-seas,2013-02-13,11.862567,12740,10863,1284,593
european-seas,2013-02-14,11.870145,12740,10836,1284,620
european-seas,2013-02-15,11.876605,12740,10818,1284,638
european-seas,2013-02-16,11.863638,12740,10818,1284,638
european-seas,2013-02-17,11.867732,12740,10811,1284,645
european-seas,2013-02-18,11.863829,12740,10821,1284,635
european-seas,2013-02-19,11.915271,12740,10809,1284,647
european-seas,2013-02-20,11.942691,12740,10813,1284,643
european-seas,2013-02-21,11.895639,12740,10820,1284,636
european-seas,2013-02-22,11.778934,12740,10820,1284,636
european-seas,2013-02-23,11.765358,12740,10802,1284,654
european-seas,2013-02-24,11.762886,12740,10798,1284,658
european-seas,2013-02-25,11.775821,12740,10796,1284,660
european-seas,2013-02-26,11.765493,12740,10800,1284,656
european-seas,2013-02-27,11.745468,12740,10812,1284,644
european-seas,2013-02-28,11.69106,12740,10816,1284,640
european-seas,2013-03-01,11.603992,12740,10820,1284,636
european-seas,2013-03-02,11.564124,12740,10829,1284,627
european-seas,2013-03-03,11.564334,12740,10836,1284,620
european-seas,2013-03-04,11.546386,12740,10842,1284,614
european-seas,2013-03-05,11.553585,12740,10848,1284,608
european-seas,2013-03-06,11.581068,12740,10840,1284,616
european-seas,2013-03-07,11.555609,12740,10879,1284,577
european-seas,2013-03-08,11.620498,12740,10871,1284,585
european-seas,2013-03-09,11.751332,12740,10839,1284,617
european-seas,2013-03-10,11.8018465,12740,10841,1284,615
european-seas,2013-03-11,11.77426,12740,10802,1284,654
european-seas,2013-03-12,11.767985,12740,10757,1284,699
european-seas,2013-03-13,11.741662,12740,10761,1284,695
european-seas,2013-03-14,11.674301,12740,10729,1284,727
european-seas,2013-03-15,11.628651,12740,10729,1284,727
european-seas,2013-03-16,11.63733,12740,10713,1284,743
european-seas,2013-03-17,11.710701,12740,10673,1284,783
european-seas,2013-03-18,11.758733,12740,10663,1284,793
european-seas,2013-03-19,11.803264,12740,10664,1284,792
european-seas,2013-03-20,11.878761,12740,10647,1284,809
european-seas,2013-03-21,11.93812,12740,10631,1284,825
european-seas,2013-03-22,11.981165,12740,10613,1284,843
european-seas,2013-03-23,11.968218,12740,10610,1284,846
european-seas,2013-03-24,11.950196,12740,10599,1284,857
european-seas,2013-03-25,11.880347,12740,10574,1284,882
european-seas,2013-03-26,11.865256,12740,10570,1284,886
european-seas,2013-03-27,11.946832,12740,10571,1284,885
european-seas,2013-03-28,12.052636,12740,10574,1284,882
european-seas,2013-03-29,12.048359,12740,10586,1284,870
european-seas,2013-03-30,12.027832,12740,10619,1284,837
european-seas,2013-03-31,12.081455,12740,10627,1284,829
european-seas,2013-04-01,12.158567,12740,10637,1284,819
european-seas,2013-04-02,12.150777,12740,10649,1284,807
european-seas,2013-04-03,12.1306,12740,10667,1284,789
european-seas,2013-04-04,12.094248,12740,10678,1284,778
european-seas,2013-04-05,12.028406,12740,10717,1284,739
european-seas,2013-04-06,11.98229,12740,10734,1284,722
european-seas,2013-04-07,11.852703,12740,10774,1284,682
european-seas,2013-04-08,11.787373,12740,10823,1284,633
european-seas,2013-04-09,11.868054,12740,10853,1284,603
european-seas,2013-04-10,12.037546,12740,10873,1284,583
european-seas,2013-04-11,12.204363,12740,10897,1284,559
european-seas,2013-04-12,12.405327,12740,10905,1284,551
european-seas,2013-04-13,12.591529,12740,10912,1284,544
european-seas,2013-04-14,12.700224,12740,10953,1284,503
european-seas,2013-04-15,12.75276,12740,10953,1284,503
european-seas,2013-04-16,12.836625,12740,10962,1284,494
european-seas,2013-04-17,12.910474,12740,10978,1284,478
european-seas,2013-04-18,12.927835,12740,10982,1284,474
european-seas,2013-04-19,12.898785,12740,10997,1284,459
european-seas,2013-04-20,12.896746,12740,10997,1284,459
european-seas,2013-04-21,12.892352,12740,11028,1284,428
european-seas,2013-04-22,12.955946,12740,11020,1284,436
european-seas,2013-04-23,13.097621,12740,11035,1284,421
european-seas,2013-04-24,13.187647,12740,11056,1284,400
european-seas,2013-04-25,13.256837,12740,11083,1284,373
european-seas,2013-04-26,13.355991,12740,11128,1284,328
european-seas,2013-04-27,13.390971,12740,11163,1284,293
european-seas,2013-04-28,13.509695,12740,11201,1284,255
european-seas,2013-04-29,13.652715,12740,11238,1284,218
european-seas,2013-04-30,13.792844,12740,11238,1284,218
european-seas,2013-05-01,13.905596,12740,11257,1284,199
european-seas,2013-05-02,14.05605,12740,11269,1284,187
european-seas,2013-05-03,14.232318,12740,11283,1284,173
european-seas,2013-05-04,14.4382515,12740,11295,1284,161
european-seas,2013-05-05,14.558708,12740,11299,1284,157
european-seas,2013-05-06,14.666848,12740,11299,1284,157
european-seas,2013-05-07,14.756006,12740,11317,1284,139
european-seas,2013-05-08,14.831554,12740,11335,1284,121
european-seas,2013-05-09,14.859774,12740,11344,1284,112
european-seas,2013-05-10,14.776271,12740,11365,1284,91
european-seas,2013-05-11,14.711308,12740,11370,1284,86
european-seas,2013-05-12,14.673736,12740,11381,1284,75
european-seas,2013-05-13,14.652324,12740,11381,1284,75
european-seas,2013-05-14,14.662228,12740,11389,1284,67
european-seas,2013-05-15,14.65473,12740,11389,1284,67
european-seas,2013-05-16,14.694467,12740,11393,1284,63
european-seas,2013-05-17,14.839063,12740,11393,1284,63
european-seas,2013-05-18,15.151506,12740,11393,1284,63
european-seas,2013-05-19,15.327052,12740,11393,1284,63
european-seas,2013-05-20,15.438207,12740,11405,1284,51
european-seas,2013-05-21,15.463026,12740,11408,1284,48
european-seas,2013-05-22,15.409662,12740,11420,1284,36
european-seas,2013-05-23,15.3372555,12740,11436,1284,20
european-seas,2013-05-24,15.248417,12740,11456,1284,0
european-seas,2013-05-25,15.313242,12740,11456,1284,0
european-seas,2013-05-26,15.440736,12740,11456,1284,0
european-seas,2013-05-27,15.496075,12740,11456,1284,0
european-seas,2013-05-28,15.53126,12740,11456,1284,0
european-seas,2013-05-29,15.597719,12740,11456,1284,0
european-seas,2013-05-30,15.725109,12740,11456,1284,0
european-seas,2013-05-31,15.827592,12740,11456,1284,0
european-seas,2013-06-01,15.871098,12740,11456,1284,0
european-seas,2013-06-02,16.058056,12740,11456,1284,0
european-seas,2013-06-03,16.258009,12740,11456,1284,0
european-seas,2013-06-04,16.403143,12740,11456,1284,0
european-seas,2013-06-05,16.55454,12740,11456,1284,0
european-seas,2013-06-06,16.722105,12740,11456,1284,0
european-seas,2013-06-07,16.845627,12740,11456,1284,0
european-seas,2013-06-08,17.015583,12740,11456,1284,0
european-seas,2013-06-09,17.148825,12740,11456,1284,0
european-seas,2013-06-10,17.235031,12740,11456,1284,0
european-seas,2013-06-11,17.279535,12740,11456,1284,0
european-seas,2013-06-12,17.396738,12740,11456,1284,0
european-seas,2013-06-13,17.489573,12740,11456,1284,0
european-seas,2013-06-14,17.535765,12740,11456,1284,0
european-seas,2013-06-15,17.700325,12740,11456,1284,0
european-seas,2013-06-16,17.922329,12740,11456,1284,0
european-seas,2013-06-17,18.142447,12740,11456,1284,0
european-seas,2013-06-18,18.318432,12740,11456,1284,0
european-seas,2013-06-19,18.457373,12740,11456,1284,0
european-seas,2013-06-20,18.58877,12740,11456,1284,0
european-seas,2013-06-21,18.715418,12740,11456,1284,0
european-seas,2013-06-22,18.731062,12740,11456,1284,0
european-seas,2013-06-23,18.69652,12740,11456,1284,0
european-seas,2013-06-24,18.688496,12740,11456,1284,0
european-seas,2013-06-25,18.671782,12740,11456,1284,0
european-seas,2013-06-26,18.662395,12740,11456,1284,0
european-seas,2013-06-27,18.654804,12740,11456,1284,0
european-seas,2013-06-28,18.65681,12740,11456,1284,0
european-seas,2013-06-29,18.662472,12740,11456,1284,0
european-seas,2013-06-30,18.636211,12740,11456,1284,0
european-seas,2013-07-01,18.557693,12740,11456,1284,0
european-seas,2013-07-02,18.510008,12740,11456,1284,0
european-seas,2013-07-03,18.608656,12740,11456,1284,0
european-seas,2013-07-04,18.814165,12740,11456,1284,0
european-seas,2013-07-05,19.023027,12740,11456,1284,0
european-seas,2013-07-06,19.247185,12740,11456,1284,0
european-seas,2013-07-07,19.581459,12740,11456,1284,0
european-seas,2013-07-08,19.869083,12740,11456,1284,0
european-seas,2013-07-09,20.081543,12740,11456,1284,0
european-seas,2013-07-10,20.191845,12740,11456,1284,0
european-seas,2013-07-11,20.296085,12740,11456,1284,0
european-seas,2013-07-12,20.452068,12740,11456,1284,0
european-seas,2013-07-13,20.5671,12740,11456,1284,0
european-seas,2013-07-14,20.63672,12740,11456,1284,0
european-seas,2013-07-15,20.669579,12740,11456,1284,0
european-seas,2013-07-16,20.731937,12740,11456,1284,0
european-seas,2013-07-17,20.837908,12740,11456,1284,0
european-seas,2013-07-18,20.95973,12740,11456,1284,0
european-seas,2013-07-19,21.042158,12740,11456,1284,0
european-seas,2013-07-20,21.131155,12740,11456,1284,0
european-seas,2013-07-21,21.247015,12740,11456,1284,0
european-seas,2013-07-22,21.31896,12740,11456,1284,0
european-seas,2013-07-23,21.40435,12740,11456,1284,0
european-seas,2013-07-24,21.54598,12740,11456,1284,0
european-seas,2013-07-25,21.719446,12740,11456,1284,0
european-seas,2013-07-26,21.877907,12740,11456,1284,0
european-seas,2013-07-27,21.96713,12740,11456,1284,0
european-seas,2013-07-28,21.93892,12740,11456,1284,0
european-seas,2013-07-29,21.887829,12740,11456,1284,0
european-seas,2013-07-30,21.787352,12740,11456,1284,0
european-seas,2013-07-31,21.796316,12740,11456,1284,0
european-seas,2013-08-01,21.824633,12740,11456,1284,0
european-seas,2013-08-02,21.887545,12740,11456,1284,0
european-seas,2013-08-03,21.903725,12740,11456,1284,0
european-seas,2013-08-04,21.89935,12740,11456,1284,0
european-seas,2013-08-05,21.946062,12740,11456,1284,0
european-seas,2013-08-06,22.006664,12740,11456,1284,0
european-seas,2013-08-07,22.05727,12740,11456,1284,0
european-seas,2013-08-08,22.04457,12740,11456,1284,0
european-seas,2013-08-09,21.948217,12740,11456,1284,0
european-seas,2013-08-10,21.820873,12740,11456,1284,0
european-seas,2013-08-11,21.77054,12740,11456,1284,0
european-seas,2013-08-12,21.751097,12740,11456,1284,0
european-seas,2013-08-13,21.758833,12740,11456,1284,0
european-seas,2013-08-14,21.792755,12740,11456,1284,0
european-seas,2013-08-15,21.77508,12740,11456,1284,0
european-seas,2013-08-16,21.763506,12740,11456,1284,0
european-seas,2013-08-17,21.72058,12740,11456,1284,0
european-seas,2013-08-18,21.692293,12740,11456,1284,0
european-seas,2013-08-19,21.684793,12740,11456,1284,0
european-seas,2013-08-20,21.65135,12740,11456,1284,0
european-seas,2013-08-21,21.650784,12740,11456,1284,0
european-seas,2013-08-22,21.729897,12740,11456,1284,0
european-seas,2013-08-23,21.75016,12740,11456,1284,0
european-seas,2013-08-24,21.686472,12740,11456,1284,0
european-seas,2013-08-25,21.597628,12740,11456,1284,0
european-seas,2013-08-26,21.571268,12740,11456,1284,0
european-seas,2013-08-27,21.629726,12740,11456,1284,0
european-seas,2013-08-28,21.637632,12740,11456,1284,0
european-seas,2013-08-29,21.52993,12740,11456,1284,0
european-seas,2013-08-30,21.467731,12740,11456,1284,0
european-seas,2013-08-31,21.417387,12740,11456,1284,0
european-seas,2013-09-01,21.354055,12740,11456,1284,0
european-seas,2013-09-02,21.280039,12740,11456,1284,0
european-seas,2013-09-03,21.299269,12740,11456,1284,0
european-seas,2013-09-04,21.303741,12740,11456,1284,0
european-seas,2013-09-05,21.229607,12740,11456,1284,0
european-seas,2013-09-06,21.179098,12740,11456,1284,0
european-seas,2013-09-07,21.140385,12740,11456,1284,0
european-seas,2013-09-08,21.04918,12740,11456,1284,0
european-seas,2013-09-09,20.974865,12740,11456,1284,0
european-seas,2013-09-10,20.948908,12740,11456,1284,0
european-seas,2013-09-11,20.930443,12740,11456,1284,0
european-seas,2013-09-12,20.935345,12740,11456,1284,0
european-seas,2013-09-13,20.93917,12740,11456,1284,0
european-seas,2013-09-14,20.836105,12740,11456,1284,0
european-seas,2013-09-15,20.697847,12740,11456,1284,0
european-seas,2013-09-16,20.525036,12740,11456,1284,0
european-seas,2013-09-17,20.387892,12740,11456,1284,0
european-seas,2013-09-18,20.283678,12740,11456,1284,0
european-seas,2013-09-19,20.21378,12740,11456,1284,0
european-seas,2013-09-20,20.131685,12740,11456,1284,0
european-seas,2013-09-21,20.170343,12740,11456,1284,0
european-seas,2013-09-22,20.167076,12740,11456,1284,0
european-seas,2013-09-23,20.112816,12740,11456,1284,0
european-seas,2013-09-24,19.969135,12740,11456,1284,0
european-seas,2013-09-25,19.83659,12740,11456,1284,0
european-seas,2013-09-26,19.809235,12740,11456,1284,0
european-seas,2013-09-27,19.76694,12740,11456,1284,0
european-seas,2013-09-28,19.694313,12740,11456,1284,0
european-seas,2013-09-29,19.659306,12740,11456,1284,0
european-seas,2013-09-30,19.623873,12740,11456,1284,0
european-seas,2013-10-01,19.588604,12740,11456,1284,0
european-seas,2013-10-02,19.518444,12740,11456,1284,0
european-seas,2013-10-03,19.3996,12740,11456,1284,0
european-seas,2013-10-04,19.201393,12740,11456,1284,0
european-seas,2013-10-05,19.062511,12740,11456,1284,0
european-seas,2013-10-06,19.012293,12740,11456,1284,0
european-seas,2013-10-07,18.951746,12740,11456,1284,0
european-seas,2013-10-08,18.915264,12740,11456,1284,0
european-seas,2013-10-09,18.860884,12740,11456,1284,0
european-seas,2013-10-10,18.787476,12740,11456,1284,0
european-seas,2013-10-11,18.749928,12740,11456,1284,0
european-seas,2013-10-12,18.736174,12740,11456,1284,0
european-seas,2013-10-13,18.68887,12740,11456,1284,0
european-seas,2013-10-14,18.678633,12740,11456,1284,0
european-seas,2013-10-15,18.69745,12740,11456,1284,0
european-seas,2013-10-16,18.655828,12740,11456,1284,0
european-seas,2013-10-17,18.541513,12740,11456,1284,0
european-seas,2013-10-18,18.434042,12740,11456,1284,0
european-seas,2013-10-19,18.359766,12740,11456,1284,0
european-seas,2013-10-20,18.313894,12740,11456,1284,0
european-seas,2013-10-21,18.269398,12740,11456,1284,0
european-seas,2013-10-22,18.242947,12740,11456,1284,0
european-seas,2013-10-23,18.188147,12740,11456,1284,0
european-seas,2013-10-24,18.137033,12740,11456,1284,0
european-seas,2013-10-25,18.076887,12740,11456,1284,0
european-seas,2013-10-26,17.992373,12740,11456,1284,0
european-seas,2013-10-27,17.915377,12740,11456,1284,0
european-seas,2013-10-28,17.844042,12740,11456,1284,0
european-seas,2013-10-29,17.77742,12740,11456,1284,0
european-seas,2013-10-30,17.669807,12740,11456,1284,0
european-seas,2013-10-31,17.59201,12740,11456,1284,0
european-seas,2013-11-01,17.523722,12740,11456,1284,0
european-seas,2013-11-02,17.434965,12740,11456,1284,0
european-seas,2013-11-03,17.400484,12740,11456,1284,0
european-seas,2013-11-04,17.332443,12740,11456,1284,0
european-seas,2013-11-05,17.191462,12740,11456,1284,0
european-seas,2013-11-06,17.10182,12740,11456,1284,0
european-seas,2013-11-07,16.984694,12740,11456,1284,0
european-seas,2013-11-08,16.88731,12740,11456,1284,0
european-seas,2013-11-09,16.762686,12740,11456,1284,0
european-seas,2013-11-10,16.650013,12740,11456,1284,0
european-seas,2013-11-11,16.538055,12740,11456,1284,0
european-seas,2013-11-12,16.417318,12740,11456,1284,0
european-seas,2013-11-13,16.302273,12740,11456,1284,0
european-seas,2013-11-14,16.1964,12740,11456,1284,0
european-seas,2013-11-15,16.115948,12740,11456,1284,0
european-seas,2013-11-16,16.020405,12740,11456,1284,0
european-seas,2013-11-17,15.932088,12740,11456,1284,0
european-seas,2013-11-18,15.81086,12740,11456,1284,0
european-seas,2013-11-19,15.672601,12740,11456,1284,0
european-seas,2013-11-20,15.600952,12740,11456,1284,0
european-seas,2013-11-21,15.526463,12740,11456,1284,0
european-seas,2013-11-22,15.454289,12740,11456,1284,0
european-seas,2013-11-23,15.35217,12740,11456,1284,0
european-seas,2013-11-24,15.273055,12740,11456,1284,0
european-seas,2013-11-25,15.191904,12740,11456,1284,0
european-seas,2013-11-26,15.135634,12740,11456,1284,0
european-seas,2013-11-27,15.059655,12740,11456,1284,0
european-seas,2013-11-28,14.974762,12740,11456,1284,0
european-seas,2013-11-29,14.8869705,12740,11456,1284,0
european-seas,2013-11-30,14.778859,12740,11456,1284,0
european-seas,2013-12-01,14.7088375,12740,11456,1284,0
european-seas,2013-12-02,14.61652,12740,11456,1284,0
european-seas,2013-12-03,14.518618,12740,11456,1284,0
european-seas,2013-12-04,14.430914,12740,11456,1284,0
european-seas,2013-12-05,14.32573,12740,11456,1284,0
european-seas,2013-12-06,14.231305,12740,11456,1284,0
european-seas,2013-12-07,14.163815,12740,11456,1284,0
european-seas,2013-12-08,14.082046,12740,11456,1284,0
european-seas,2013-12-09,14.02686,12740,11456,1284,0
european-seas,2013-12-10,13.984984,12740,11456,1284,0
european-seas,2013-12-11,13.948914,12740,11456,1284,0
european-seas,2013-12-12,13.831328,12740,11448,1284,8
european-seas,2013-12-13,13.739322,12740,11427,1284,29
european-seas,2013-12-14,13.751429,12740,11408,1284,48
european-seas,2013-12-15,13.72357,12740,11400,1284,56
european-seas,2013-12-16,13.63793,12740,11388,1284,68
european-seas,2013-12-17,13.572124,12740,11374,1284,82
european-seas,2013-12-18,13.509401,12740,11374,1284,82
european-seas,2013-12-19,13.479562,12740,11353,1284,103
european-seas,2013-12-20,13.473195,12740,11334,1284,122
european-seas,2013-12-21,13.464139,12740,11315,1284,141
european-seas,2013-12-22,13.410582,12740,11322,1284,134
european-seas,2013-12-23,13.34949,12740,11327,1284,129
european-seas,2013-12-24,13.275573,12740,11351,1284,105
european-seas,2013-12-25,13.228026,12740,11378,1284,78
european-seas,2013-12-26,13.184955,12740,11389,1284,67
european-seas,2013-12-27,13.151595,12740,11404,1284,52
european-seas,2013-12-28,13.115955,12740,11418,1284,38
european-seas,2013-12-29,13.087854,12740,11421,1284,35
european-seas,2013-12-30,13.082533,12740,11421,1284,35
european-seas,2013-12-31,13.047692,12740,11421,1284,35
european-seas,2014-01-01,13.022747,12740,11421,1284,35
european-seas,2014-01-02,12.9828415,12740,11421,1284,35
european-seas,2014-01-03,12.988024,12740,11417,1284,39
european-seas,2014-01-04,12.960903,12740,11412,1284,44
european-seas,2014-01-05,12.950965,12740,11401,1284,55
european-seas,2014-01-06,12.956163,12740,11393,1284,63
european-seas,2014-01-07,12.990463,12740,11370,1284,86
european-seas,2014-01-08,12.983703,12740,11367,1284,89
european-seas,2014-01-09,12.946155,12740,11363,1284,93
european-seas,2014-01-10,12.925183,12740,11359,1284,97
european-seas,2014-01-11,12.928596,12740,11347,1284,109
european-seas,2014-01-12,12.8869,12740,11335,1284,121
european-seas,2014-01-13,12.788749,12740,11330,1284,126
european-seas,2014-01-14,12.763772,12740,11316,1284,140
european-seas,2014-01-15,12.724773,12740,11316,1284,140
european-seas,2014-01-16,12.665207,12740,11312,1284,144
european-seas,2014-01-17,12.593184,12740,11304,1284,152
european-seas,2014-01-18,12.573232,12740,11279,1284,177
european-seas,2014-01-19,12.516699,12740,11273,1284,183
european-seas,2014-01-20,12.475921,12740,11263,1284,193
european-seas,2014-01-21,12.45012,12740,11260,1284,196
european-seas,2014-01-22,12.463293,12740,11238,1284,218
european-seas,2014-01-23,12.38996,12740,11218,1284,238
european-seas,2014-01-24,12.323244,12740,11210,1284,246
european-seas,2014-01-25,12.271788,12740,11183,1284,273
european-seas,2014-01-26,12.23028,12740,11167,1284,289
european-seas,2014-01-27,12.1799135,12740,11167,1284,289
european-seas,2014-01-28,12.147509,12740,11149,1284,307
european-seas,2014-01-29,12.116116,12740,11145,1284,311
european-seas,2014-01-30,12.074476,12740,11138,1284,318
european-seas,2014-01-31,12.0223055,12740,11107,1284,349
european-seas,2014-02-01,12.001643,12740,11113,1284,343
european-seas,2014-02-02,11.999576,12740,11084,1284,372
european-seas,2014-02-03,12.007921,12740,11069,1284,387
european-seas,2014-02-04,12.029904,12740,11031,1284,425
european-seas,2014-02-05,12.037493,12740,11025,1284,431
european-seas,2014-02-06,12.06391,12740,11018,1284,438
european-seas,2014-02-07,12.070873,12740,11011,1284,445
european-seas,2014-02-08,12.06316,12740,11015,1284,441
european-seas,2014-02-09,12.07928,12740,11002,1284,454
european-seas,2014-02-10,12.096803,12740,10998,1284,458
european-seas,2014-02-11,12.058134,12740,10998,1284,458
european-seas,2014-02-12,12.021159,12740,10991,1284,465
european-seas,2014-02-13,12.050934,12740,10995,1284,461
european-seas,2014-02-14,12.066573,12740,11007,1284,449
european-seas,2014-02-15,12.056269,12740,11022,1284,434
european-seas,2014-02-16,12.034331,12740,11022,1284,434
european-seas,2014-02-17,11.965169,12740,11043,1284,413
european-seas,2014-02-18,11.9772415,12740,11051,1284,405
european-seas,2014-02-19,11.975354,12740,11051,1284,405
european-seas,2014-02-20,11.957816,12740,11055,1284,401
european-seas,2014-02-21,11.914325,12740,11071,1284,385
european-seas,2014-02-22,11.960571,12740,11053,1284,403
european-seas,2014-02-23,11.970919,12740,11053,1284,403
european-seas,2014-02-24,11.96258,12740,11049,1284,407
european-seas,2014-02-25,11.923581,12740,11049,1284,407
european-seas,2014-02-26,11.878771,12740,11049,1284,407
european-seas,2014-02-27,11.847344,12740,11049,1284,407
european-seas,2014-02-28,11.809952,12740,11045,1284,411
european-seas,2014-03-01,11.741133,12740,11045,1284,411
european-seas,2014-03-02,11.723943,12740,11049,1284,407
european-seas,2014-03-03,11.74234,12740,11049,1284,407
european-seas,2014-03-04,11.758288,12740,11049,1284,407
european-seas,2014-03-05,11.774698,12740,11049,1284,407
european-seas,2014-03-06,11.804722,12740,11049,1284,407
european-seas,2014-03-07,11.832993,12740,11049,1284,407
european-seas,2014-03-08,11.864288,12740,11069,1284,387
european-seas,2014-03-09,11.875118,12740,11080,1284,376
european-seas,2014-03-10,11.882477,12740,11062,1284,394
european-seas,2014-03-11,11.8913145,12740,11076,1284,380
european-seas,2014-03-12,11.933176,12740,11070,1284,386
european-seas,2014-03-13,11.9379225,12740,11077,1284,379
european-seas,2014-03-14,11.923135,12740,11077,1284,379
european-seas,2014-03-15,11.88612,12740,11094,1284,362
european-seas,2014-03-16,11.969489,12740,11094,1284,362
european-seas,2014-03-17,12.022398,12740,11102,1284,354
european-seas,2014-03-18,12.110681,12740,11110,1284,346
european-seas,2014-03-19,12.19627,12740,11098,1284,358
european-seas,2014-03-20,12.222795,12740,11098,1284,358
european-seas,2014-03-21,12.257298,12740,11092,1284,364
european-seas,2014-03-22,12.235406,12740,11084,1284,372
european-seas,2014-03-23,12.217651,12740,11096,1284,360
european-seas,2014-03-24,12.1368885,12740,11104,1284,352
european-seas,2014-03-25,12.106692,12740,11131,1284,325
european-seas,2014-03-26,12.100429,12740,11129,1284,327
european-seas,2014-03-27,12.126775,12740,11131,1284,325
european-seas,2014-03-28,12.162532,12740,11140,1284,316
european-seas,2014-03-29,12.151461,12740,11140,1284,316
european-seas,2014-03-30,12.128494,12740,11143,1284,313
european-seas,2014-03-31,12.1434965,12740,11164,1284,292
european-seas,2014-04-01,12.16408,12740,11175,1284,281
european-seas,2014-04-02,12.258893,12740,11171,1284,285
european-seas,2014-04-03,12.329721,12740,11169,1284,287
european-seas,2014-04-04,12.372659,12740,11195,1284,261
european-seas,2014-04-05,12.395467,12740,11203,1284,253
european-seas,2014-04-06,12.539798,12740,11203,1284,253
european-seas,2014-04-07,12.637871,12740,11213,1284,243
european-seas,2014-04-08,12.745348,12740,11225,1284,231
european-seas,2014-04-09,12.85754,12740,11222,1284,234
european-seas,2014-04-10,12.918571,12740,11231,1284,225
european-seas,2014-04-11,12.986089,12740,11237,1284,219
european-seas,2014-04-12,13.010752,12740,11247,1284,209
european-seas,2014-04-13,13.08014,12740,11270,1284,186
european-seas,2014-04-14,13.147487,12740,11277,1284,179
european-seas,2014-04-15,13.199846,12740,11283,1284,173
european-seas,2014-04-16,13.202691,12740,11298,1284,158
european-seas,2014-04-17,13.217234,12740,11303,1284,153
european-seas,2014-04-18,13.264713,12740,11323,1284,133
european-seas,2014-04-19,13.334898,12740,11338,1284,118
european-seas,2014-04-20,13.3936615,12740,11338,1284,118
european-seas,2014-04-21,13.486625,12740,11338,1284,118
european-seas,2014-04-22,13.602982,12740,11338,1284,118
european-seas,2014-04-23,13.676096,12740,11340,1284,116
european-seas,2014-04-24,13.673139,12740,11340,1284,116
european-seas,2014-04-25,13.658719,12740,11365,1284,91
european-seas,2014-04-26,13.637741,12740,11385,1284,71
european-seas,2014-04-27,13.710681,12740,11385,1284,71
european-seas,2014-04-28,13.855189,12740,11386,1284,70
european-seas,2014-04-29,13.973199,12740,11394,1284,62
european-seas,2014-04-30,14.032527,12740,11398,1284,58
european-seas,2014-05-01,14.057821,12740,11394,1284,62
european-seas,2014-05-02,14.115219,12740,11394,1284,62
european-seas,2014-05-03,14.176439,12740,11394,1284,62
european-seas,2014-05-04,14.222811,12740,11398,1284,58
european-seas,2014-05-05,14.307192,12740,11413,1284,43
european-seas,2014-05-06,14.3909025,12740,11416,1284,40
european-seas,2014-05-07,14.502066,12740,11416,1284,40
european-seas,2014-05-08,14.606509,12740,11424,1284,32
european-seas,2014-05-09,14.707716,12740,11424,1284,32
european-seas,2014-05-10,14.852145,12740,11428,1284,28
european-seas,2014-05-11,14.94485,12740,11428,1284,28
european-seas,2014-05-12,15.0143795,12740,11444,1284,12
european-seas,2014-05-13,15.041044,12740,11456,1284,0
european-seas,2014-05-14,15.0213995,12740,11456,1284,0
european-seas,2014-05-15,15.051379,12740,11456,1284,0
european-seas,2014-05-16,15.224999,12740,11456,1284,0
european-seas,2014-05-17,15.387303,12740,11456,1284,0
european-seas,2014-05-18,15.442371,12740,11456,1284,0
european-seas,2014-05-19,15.475989,12740,11456,1284,0
european-seas,2014-05-20,15.63977,12740,11456,1284,0
european-seas,2014-05-21,15.770907,12740,11456,1284,0
european-seas,2014-05-22,15.860411,12740,11456,1284,0
european-seas,2014-05-23,16.029222,12740,11456,1284,0
european-seas,2014-05-24,16.16504,12740,11456,1284,0
european-seas,2014-05-25,16.30421,12740,11456,1284,0
european-seas,2014-05-26,16.424921,12740,11456,1284,0
european-seas,2014-05-27,16.497335,12740,11456,1284,0
european-seas,2014-05-28,16.448303,12740,11456,1284,0
european-seas,2014-05-29,16.524117,12740,11456,1284,0
european-seas,2014-05-30,16.573816,12740,11456,1284,0
european-seas,2014-05-31,16.572847,12740,11456,1284,0
european-seas,2014-06-01,16.582685,12740,11456,1284,0
european-seas,2014-06-02,16.573011,12740,11456,1284,0
european-seas,2014-06-03,16.552011,12740,11456,1284,0
european-seas,2014-06-04,16.677313,12740,11456,1284,0
european-seas,2014-06-05,16.87576,12740,11456,1284,0
european-seas,2014-06-06,17.118479,12740,11456,1284,0
european-seas,2014-06-07,17.376131,12740,11456,1284,0
european-seas,2014-06-08,17.622732,12740,11456,1284,0
european-seas,2014-06-09,17.931122,12740,11456,1284,0
european-seas,2014-06-10,18.246965,12740,11456,1284,0
european-seas,2014-06-11,18.453434,12740,11456,1284,0
european-seas,2014-06-12,18.576393,12740,11456,1284,0
european-seas,2014-06-13,18.677683,12740,11456,1284,0
european-seas,2014-06-14,18.765194,12740,11456,1284,0
european-seas,2014-06-15,18.803347,12740,11456,1284,0
european-seas,2014-06-16,18.782131,12740,11456,1284,0
european-seas,2014-06-17,18.746237,12740,11456,1284,0
european-seas,2014-06-18,18.823545,12740,11456,1284,0
european-seas,2014-06-19,18.913534,12740,11456,1284,0
european-seas,2014-06-20,18.903996,12740,11456,1284,0
european-seas,2014-06-21,18.981215,12740,11456,1284,0
european-seas,2014-06-22,19.154842,12740,11456,1284,0
european-seas,2014-06-23,19.30604,12740,11456,1284,0
european-seas,2014-06-24,19.408772,12740,11456,1284,0
european-seas,2014-06-25,19.45098,12740,11456,1284,0
european-seas,2014-06-26,19.56441,12740,11456,1284,0
european-seas,2014-06-27,19.661055,12740,11456,1284,0
european-seas,2014-06-28,19.659384,12740,11456,1284,0
european-seas,2014-06-29,19.628714,12740,11456,1284,0
european-seas,2014-06-30,19.635235,12740,11456,1284,0
european-seas,2014-07-01,19.715715,12740,11456,1284,0
european-seas,2014-07-02,19.754164,12740,11456,1284,0
european-seas,2014-07-03,19.700125,12740,11456,1284,0
european-seas,2014-07-04,19.699314,12740,11456,1284,0
european-seas,2014-07-05,19.872782,12740,11456,1284,0
european-seas,2014-07-06,20.009296,12740,11456,1284,0
european-seas,2014-07-07,20.13801,12740,11456,1284,0
european-seas,2014-07-08,20.210705,12740,11456,1284,0
european-seas,2014-07-09,20.273726,12740,11456,1284,0
european-seas,2014-07-10,20.301802,12740,11456,1284,0
european-seas,2014-07-11,20.320898,12740,11456,1284,0
european-seas,2014-07-12,20.361212,12740,11456,1284,0
european-seas,2014-07-13,20.40451,12740,11456,1284,0
european-seas,2014-07-14,20.492498,12740,11456,1284,0
european-seas,2014-07-15,20.5646,12740,11456,1284,0
european-seas,2014-07-16,20.670664,12740,11456,1284,0
european-seas,2014-07-17,20.807905,12740,11456,1284,0
european-seas,2014-07-18,20.972048,12740,11456,1284,0
european-seas,2014-07-19,21.145409,12740,11456,1284,0
european-seas,2014-07-20,21.254465,12740,11456,1284,0
european-seas,2014-07-21,21.333546,12740,11456,1284,0
european-seas,2014-07-22,21.52417,12740,11456,1284,0
european-seas,2014-07-23,21.703236,12740,11456,1284,0
european-seas,2014-07-24,21.847824,12740,11456,1284,0
european-seas,2014-07-25,21.970522,12740,11456,1284,0
european-seas,2014-07-26,22.09557,12740,11456,1284,0
european-seas,2014-07-27,22.17507,12740,11456,1284,0
european-seas,2014-07-28,22.178808,12740,11456,1284,0
european-seas,2014-07-29,22.08081,12740,11456,1284,0
european-seas,2014-07-30,22.042692,12740,11456,1284,0
european-seas,2014-07-31,22.019026,12740,11456,1284,0
european-seas,2014-08-01,22.040758,12740,11456,1284,0
european-seas,2014-08-02,22.06125,12740,11456,1284,0
european-seas,2014-08-03,22.123207,12740,11456,1284,0
european-seas,2014-08-04,22.185575,12740,11456,1284,0
european-seas,2014-08-05,22.242363,12740,11456,1284,0
european-seas,2014-08-06,22.285322,12740,11456,1284,0
european-seas,2014-08-07,22.327208,12740,11456,1284,0
european-seas,2014-08-08,22.36128,12740,11456,1284,0
european-seas,2014-08-09,22.294489,12740,11456,1284,0
european-seas,2014-08-10,22.228178,12740,11456,1284,0
european-seas,2014-08-11,22.196905,12740,11456,1284,0
european-seas,2014-08-12,22.154709,12740,11456,1284,0
european-seas,2014-08-13,22.106161,12740,11456,1284,0
european-seas,2014-08-14,22.010653,12740,11456,1284,0
european-seas,2014-08-15,21.92039,12740,11456,1284,0
european-seas,2014-08-16,21.813139,12740,11456,1284,0
european-seas,2014-08-17,21.661709,12740,11456,1284,0
european-seas,2014-08-18,21.480207,12740,11456,1284,0
european-seas,2014-08-19,21.341043,12740,11456,1284,0
european-seas,2014-08-20,21.315557,12740,11456,1284,0
european-seas,2014-08-21,21.403053,12740,11456,1284,0
european-seas,2014-08-22,21.493057,12740,11456,1284,0
european-seas,2014-08-23,21.520021,12740,11456,1284,0
european-seas,2014-08-24,21.514652,12740,11456,1284,0
european-seas,2014-08-25,21.496817,12740,11456,1284,0
european-seas,2014-08-26,21.493208,12740,11456,1284,0
european-seas,2014-08-27,21.512896,12740,11456,1284,0
european-seas,2014-08-28,21.49295,12740,11456,1284,0
european-seas,2014-08-29,21.462694,12740,11456,1284,0
european-seas,2014-08-30,21.474535,12740,11456,1284,0
european-seas,2014-08-31,21.4737,12740,11456,1284,0
european-seas,2014-09-01,21.424578,12740,11456,1284,0
european-seas,2014-09-02,21.37088,12740,11456,1284,0
european-seas,2014-09-03,21.39373,12740,11456,1284,0
european-seas,2014-09-04,21.496145,12740,11456,1284,0
european-seas,2014-09-05,21.554548,12740,11456,1284,0
european-seas,2014-09-06,21.556253,12740,11456,1284,0
european-seas,2014-09-07,21.56392,12740,11456,1284,0
european-seas,2014-09-08,21.601469,12740,11456,1284,0
european-seas,2014-09-09,21.622604,12740,11456,1284,0
european-seas,2014-09-10,21.637426,12740,11456,1284,0
european-seas,2014-09-11,21.60549,12740,11456,1284,0
european-seas,2014-09-12,21.56136,12740,11456,1284,0
european-seas,2014-09-13,21.555384,12740,11456,1284,0
european-seas,2014-09-14,21.558178,12740,11456,1284,0
european-seas,2014-09-15,21.535072,12740,11456,1284,0
european-seas,2014-09-16,21.501207,12740,11456,1284,0
european-seas,2014-09-17,21.45396,12740,11456,1284,0
european-seas,2014-09-18,21.340374,12740,11456,1284,0
european-seas,2014-09-19,21.224459,12740,11456,1284,0
european-seas,2014-09-20,21.128338,12740,11456,1284,0
european-seas,2014-09-21,21.074211,12740,11456,1284,0
european-seas,2014-09-22,21.068407,12740,11456,1284,0
european-seas,2014-09-23,20.959446,12740,11456,1284,0
european-seas,2014-09-24,20.782595,12740,11456,1284,0
european-seas,2014-09-25,20.64048,12740,11456,1284,0
european-seas,2014-09-26,20.599092,12740,11456,1284,0
european-seas,2014-09-27,20.524656,12740,11456,1284,0
european-seas,2014-09-28,20.429323,12740,11456,1284,0
european-seas,2014-09-29,20.348429,12740,11456,1284,0
european-seas,2014-09-30,20.27939,12740,11456,1284,0
european-seas,2014-10-01,20.191833,12740,11456,1284,0
european-seas,2014-10-02,20.13785,12740,11456,1284,0
european-seas,2014-10-03,20.068739,12740,11456,1284,0
european-seas,2014-10-04,19.977476,12740,11456,1284,0
european-seas,2014-10-05,19.865503,12740,11456,1284,0
european-seas,2014-10-06,19.811691,12740,11456,1284,0
european-seas,2014-10-07,19.705864,12740,11456,1284,0
european-seas,2014-10-08,19.618418,12740,11456,1284,0
european-seas,2014-10-09,19.546614,12740,11456,1284,0
european-seas,2014-10-10,19.476562,12740,11456,1284,0
european-seas,2014-10-11,19.443771,12740,11456,1284,0
european-seas,2014-10-12,19.368671,12740,11456,1284,0
european-seas,2014-10-13,19.297047,12740,11456,1284,0
european-seas,2014-10-14,19.26285,12740,11456,1284,0
european-seas,2014-10-15,19.25648,12740,11456,1284,0
european-seas,2014-10-16,19.252037,12740,11456,1284,0
european-seas,2014-10-17,19.280497,12740,11456,1284,0
european-seas,2014-10-18,19.246397,12740,11456,1284,0
european-seas,2014-10-19,19.065168,12740,11456,1284,0
european-seas,2014-10-20,18.964523,12740,11456,1284,0
european-seas,2014-10-21,18.881443,12740,11456,1284,0
european-seas,2014-10-22,18.77201,12740,11456,1284,0
european-seas,2014-10-23,18.628674,12740,11456,1284,0
european-seas,2014-10-24,18.515577,12740,11456,1284,0
european-seas,2014-10-25,18.43598,12740,11456,1284,0
european-seas,2014-10-26,18.390686,12740,11456,1284,0
european-seas,2014-10-27,18.336807,12740,11456,1284,0
european-seas,2014-10-28,18.25404,12740,11456,1284,0
european-seas,2014-10-29,18.16416,12740,11456,1284,0
european-seas,2014-10-30,18.059586,12740,11456,1284,0
european-seas,2014-10-31,17.985483,12740,11456,1284,0
european-seas,2014-11-01,17.842173,12740,11456,1284,0
european-seas,2014-11-02,17.69605,12740,11456,1284,0
european-seas,2014-11-03,17.570845,12740,11456,1284,0
european-seas,2014-11-04,17.42656,12740,11456,1284,0
european-seas,2014-11-05,17.310078,12740,11456,1284,0
european-seas,2014-11-06,17.194115,12740,11456,1284,0
european-seas,2014-11-07,17.081638,12740,11456,1284,0
european-seas,2014-11-08,17.05242,12740,11456,1284,0
european-seas,2014-11-09,16.99475,12740,11456,1284,0
european-seas,2014-11-10,16.913813,12740,11456,1284,0
european-seas,2014-11-11,16.800045,12740,11456,1284,0
european-seas,2014-11-12,16.753256,12740,11456,1284,0
european-seas,2014-11-13,16.69851,12740,11456,1284,0
european-seas,2014-11-14,16.647722,12740,11456,1284,0
european-seas,2014-11-15,16.586441,12740,11456,1284,0
european-seas,2014-11-16,16.50641,12740,11456,1284,0
european-seas,2014-11-17,16.421043,12740,11456,1284,0
european-seas,2014-11-18,16.354221,12740,11456,1284,0
european-seas,2014-11-19,16.29862,12740,11456,1284,0
european-seas,2014-11-20,16.252377,12740,11456,1284,0
european-seas,2014-11-21,16.168282,12740,11456,1284,0
european-seas,2014-11-22,16.063478,12740,11456,1284,0
european-seas,2014-11-23,15.938806,12740,11456,1284,0
european-seas,2014-11-24,15.833686,12740,11456,1284,0
european-seas,2014-11-25,15.746129,12740,11456,1284,0
european-seas,2014-11-26,15.677416,12740,11456,1284,0
european-seas,2014-11-27,15.624395,12740,11456,1284,0
european-seas,2014-11-28,15.574165,12740,11456,1284,0
european-seas,2014-11-29,15.479608,12740,11456,1284,0
european-seas,2014-11-30,15.371757,12740,11456,1284,0
european-seas,2014-12-01,15.228549,12740,11456,1284,0
european-seas,2014-12-02,15.106377,12740,11456,1284,0
european-seas,2014-12-03,15.066765,12740,11456,1284,0
european-seas,2014-12-04,15.0033245,12740,11456,1284,0
european-seas,2014-12-05,14.947544,12740,11456,1284,0
european-seas,2014-12-06,14.872174,12740,11456,1284,0
european-seas,2014-12-07,14.77643,12740,11456,1284,0
european-seas,2014-12-08,14.686131,12740,11456,1284,0
european-seas,2014-12-09,14.571884,12740,11456,1284,0
european-seas,2014-12-10,14.478525,12740,11456,1284,0
european-seas,2014-12-11,14.378757,12740,11456,1284,0
european-seas,2014-12-12,14.279699,12740,11456,1284,0
european-seas,2014-12-13,14.218683,12740,11456,1284,0
european-seas,2014-12-14,14.165166,12740,11456,1284,0
european-seas,2014-12-15,14.074997,12740,11448,1284,8
european-seas,2014-12-16,14.009607,12740,11448,1284,8
european-seas,2014-12-17,13.964433,12740,11448,1284,8
european-seas,2014-12-18,14.007058,12740,11448,1284,8
european-seas,2014-12-19,14.033919,12740,11448,1284,8
european-seas,2014-12-20,13.988898,12740,11440,1284,16
european-seas,2014-12-21,13.948464,12740,11436,1284,20
european-seas,2014-12-22,13.912879,12740,11436,1284,20
european-seas,2014-12-23,13.860639,12740,11436,1284,20
european-seas,2014-12-24,13.794474,12740,11432,1284,24
european-seas,2014-12-25,13.710976,12740,11428,1284,28
european-seas,2014-12-26,13.648343,12740,11428,1284,28
european-seas,2014-12-27,13.54769,12740,11428,1284,28
european-seas,2014-12-28,13.466651,12740,11415,1284,41
european-seas,2014-12-29,13.3768835,12740,11404,1284,52
european-seas,2014-12-30,13.336319,12740,11402,1284,54
european-seas,2014-12-31,13.254694,12740,11390,1284,66
european-seas,2015-01-01,13.119103,12740,11390,1284,66
european-seas,2015-01-02,13.079487,12740,11365,1284,91
european-seas,2015-01-03,13.054627,12740,11355,1284,101
european-seas,2015-01-04,13.0128355,12740,11362,1284,94
european-seas,2015-01-05,12.974671,12740,11362,1284,94
european-seas,2015-01-06,12.89058,12740,11362,1284,94
european-seas,2015-01-07,12.785136,12740,11364,1284,92
european-seas,2015-01-08,12.73222,12740,11364,1284,92
european-seas,2015-01-09,12.737798,12740,11351,1284,105
european-seas,2015-01-10,12.772971,12740,11347,1284,109
european-seas,2015-01-11,12.761205,12740,11357,1284,99
european-seas,2015-01-12,12.722424,12740,11351,1284,105
european-seas,2015-01-13,12.673017,12740,11351,1284,105
european-seas,2015-01-14,12.657614,12740,11351,1284,105
european-seas,2015-01-15,12.649605,12740,11351,1284,105
european-seas,2015-01-16,12.646663,12740,11331,1284,125
european-seas,2015-01-17,12.584704,12740,11337,1284,119
european-seas,2015-01-18,12.541835,12740,11313,1284,143
european-seas,2015-01-19,12.466143,12740,11313,1284,143
european-seas,2015-01-20,12.416179,12740,11319,1284,137
european-seas,2015-01-21,12.363463,12740,11319,1284,137
european-seas,2015-01-22,12.3226385,12740,11311,1284,145
european-seas,2015-01-23,12.304428,12740,11307,1284,149
european-seas,2015-01-24,12.279251,12740,11303,1284,153
european-seas,2015-01-25,12.279254,12740,11281,1284,175
european-seas,2015-01-26,12.281665,12740,11277,1284,179
european-seas,2015-01-27,12.233331,12740,11269,1284,187
european-seas,2015-01-28,12.19095,12740,11262,1284,194
european-seas,2015-01-29,12.144456,12740,11258,1284,198
european-seas,2015-01-30,12.097033,12740,11254,1284,202
european-seas,2015-01-31,12.0384655,12740,11254,1284,202
european-seas,2015-02-01,12.0340185,12740,11245,1284,211
european-seas,2015-02-02,12.0216,12740,11233,1284,223
european-seas,2015-02-03,12.017964,12740,11204,1284,252
european-seas,2015-02-04,11.97475,12740,11202,1284,254
european-seas,2015-02-05,11.955222,12740,11175,1284,281
european-seas,2015-02-06,11.927808,12740,11155,1284,301
european-seas,2015-02-07,11.863118,12740,11149,1284,307
european-seas,2015-02-08,11.796821,12740,11149,1284,307
european-seas,2015-02-09,11.742539,12740,11155,1284,301
european-seas,2015-02-10,11.706323,12740,11159,1284,297
european-seas,2015-02-11,11.668114,12740,11166,1284,290
european-seas,2015-02-12,11.596031,12740,11179,1284,277
european-seas,2015-02-13,11.515854,12740,11205,1284,251
european-seas,2015-02-14,11.472261,12740,11226,1284,230
european-seas,2015-02-15,11.494739,12740,11221,1284,235
european-seas,2015-02-16,11.5300455,12740,11227,1284,229
european-seas,2015-02-17,11.559231,12740,11198,1284,258
european-seas,2015-02-18,11.56098,12740,11197,1284,259
european-seas,2015-02-19,11.579797,12740,11160,1284,296
european-seas,2015-02-20,11.578857,12740,11160,1284,296
european-seas,2015-02-21,11.520037,12740,11172,1284,284
european-seas,2015-02-22,11.445709,12740,11191,1284,265
european-seas,2015-02-23,11.440566,12740,11209,1284,247
european-seas,2015-02-24,11.443519,12740,11217,1284,239
european-seas,2015-02-25,11.467759,12740,11217,1284,239
european-seas,2015-02-26,11.508793,12740,11230,1284,226
european-seas,2015-02-27,11.582925,12740,11216,1284,240
european-seas,2015-02-28,11.652258,12740,11208,1284,248
european-seas,2015-03-01,11.684168,12740,11194,1284,262
european-seas,2015-03-02,11.746069,12740,11182,1284,274
european-seas,2015-03-03,11.781536,12740,11182,1284,274
european-seas,2015-03-04,11.805414,12740,11174,1284,282
european-seas,2015-03-05,11.776953,12740,11171,1284,285
european-seas,2015-03-06,11.753731,12740,11171,1284,285
european-seas,2015-03-07,11.826056,12740,11159,1284,297
european-seas,2015-03-08,11.851992,12740,11159,1284,297
european-seas,2015-03-09,11.860872,12740,11159,1284,297
european-seas,2015-03-10,11.934823,12740,11159,1284,297
european-seas,2015-03-11,11.929122,12740,11180,1284,276
european-seas,2015-03-12,11.881077,12740,11206,1284,250
european-seas,2015-03-13,11.874047,12740,11206,1284,250
european-seas,2015-03-14,11.846775,12740,11220,1284,236
european-seas,2015-03-15,11.815798,12740,11224,1284,232
european-seas,2015-03-16,11.80402,12740,11225,1284,231
european-seas,2015-03-17,11.782999,12740,11223,1284,233
european-seas,2015-03-18,11.797298,12740,11228,1284,228
european-seas,2015-03-19,11.785987,12740,11238,1284,218
european-seas,2015-03-20,11.75489,12740,11240,1284,216
european-seas,2015-03-21,11.737596,12740,11240,1284,216
european-seas,2015-03-22,11.769073,12740,11246,1284,210
european-seas,2015-03-23,11.799243,12740,11249,1284,207
european-seas,2015-03-24,11.808284,12740,11252,1284,204
european-seas,2015-03-25,11.792393,12740,11250,1284,206
european-seas,2015-03-26,11.797293,12740,11253,1284,203
european-seas,2015-03-27,11.816422,12740,11255,1284,201
european-seas,2015-03-28,11.879832,12740,11249,1284,207
european-seas,2015-03-29,11.96804,12740,11236,1284,220
european-seas,2015-03-30,12.04452,12740,11214,1284,242
european-seas,2015-03-31,12.104165,12740,11206,1284,250
european-seas,2015-04-01,12.102161,12740,11204,1284,252
european-seas,2015-04-02,12.0886345,12740,11205,1284,251
european-seas,2015-04-03,12.129388,12740,11212,1284,244
european-seas,2015-04-04,12.118039,12740,11222,1284,234
european-seas,2015-04-05,12.101658,12740,11252,1284,204
european-seas,2015-04-06,12.113944,12740,11270,1284,186
european-seas,2015-04-07,12.159933,12740,11284,1284,172
european-seas,2015-04-08,12.196801,12740,11286,1284,170
european-seas,2015-04-09,12.264082,12740,11293,1284,163
european-seas,2015-04-10,12.334109,12740,11297,1284,159
european-seas,2015-04-11,12.375541,12740,11299,1284,157
european-seas,2015-04-12,12.469914,12740,11307,1284,149
european-seas,2015-04-13,12.606404,12740,11301,1284,155
european-seas,2015-04-14,12.742825,12740,11301,1284,155
european-seas,2015-04-15,12.85238,12740,11305,1284,151
european-seas,2015-04-16,12.923508,12740,11305,1284,151
european-seas,2015-04-17,12.98535,12740,11305,1284,151
european-seas,2015-04-18,13.037703,12740,11309,1284,147
european-seas,2015-04-19,13.105813,12740,11310,1284,146
european-seas,2015-04-20,13.20966,12740,11330,1284,126
european-seas,2015-04-21,13.2709055,12740,11330,1284,126
european-seas,2015-04-22,13.288935,12740,11344,1284,112
european-seas,2015-04-23,13.333102,12740,11358,1284,98
european-seas,2015-04-24,13.365995,12740,11358,1284,98
european-seas,2015-04-25,13.426737,12740,11358,1284,98
european-seas,2015-04-26,13.498082,12740,11358,1284,98
european-seas,2015-04-27,13.519943,12740,11358,1284,98
european-seas,2015-04-28,13.57698,12740,11358,1284,98
european-seas,2015-04-29,13.65786,12740,11366,1284,90
european-seas,2015-04-30,13.753498,12740,11366,1284,90
european-seas,2015-05-01,13.861744,12740,11374,1284,82
european-seas,2015-05-02,14.074316,12740,11381,1284,75
european-seas,2015-05-03,14.373779,12740,11381,1284,75
european-seas,2015-05-04,14.518343,12740,11393,1284,63
european-seas,2015-05-05,14.570853,12740,11413,1284,43
european-seas,2015-05-06,14.703411,12740,11428,1284,28
european-seas,2015-05-07,14.78365,12740,11432,1284,24
european-seas,2015-05-08,14.831127,12740,11436,1284,20
european-seas,2015-05-09,14.872884,12740,11448,1284,8
european-seas,2015-05-10,14.950949,12740,11456,1284,0
european-seas,2015-05-11,15.111947,12740,11456,1284,0
european-seas,2015-05-12,15.195519,12740,11456,1284,0
european-seas,2015-05-13,15.283409,12740,11456,1284,0
european-seas,2015-05-14,15.26361,12740,11456,1284,0
european-seas,2015-05-15,15.194194,12740,11456,1284,0
european-seas,2015-05-16,15.232891,12740,11456,1284,0
european-seas,2015-05-17,15.3363695,12740,11456,1284,0
european-seas,2015-05-18,15.453654,12740,11456,1284,0
european-seas,2015-05-19,15.527396,12740,11456,1284,0
european-seas,2015-05-20,15.493501,12740,11456,1284,0
european-seas,2015-05-21,15.4548855,12740,11456,1284,0
european-seas,2015-05-22,15.48456,12740,11456,1284,0
european-seas,2015-05-23,15.613946,12740,11456,1284,0
european-seas,2015-05-24,15.726215,12740,11456,1284,0
european-seas,2015-05-25,15.817379,12740,11456,1284,0
european-seas,2015-05-26,15.909849,12740,11456,1284,0
european-seas,2015-05-27,15.960429,12740,11456,1284,0
european-seas,2015-05-28,15.955398,12740,11456,1284,0
european-seas,2015-05-29,15.955757,12740,11456,1284,0
european-seas,2015-05-30,16.089018,12740,11456,1284,0
european-seas,2015-05-31,16.26591,12740,11456,1284,0
european-seas,2015-06-01,16.442947,12740,11456,1284,0
european-seas,2015-06-02,16.598951,12740,11456,1284,0
european-seas,2015-06-03,16.722198,12740,11456,1284,0
european-seas,2015-06-04,16.882881,12740,11456,1284,0
european-seas,2015-06-05,16.947424,12740,11456,1284,0
european-seas,2015-06-06,16.994253,12740,11456,1284,0
european-seas,2015-06-07,17.114817,12740,11456,1284,0
european-seas,2015-06-08,17.266665,12740,11456,1284,0
european-seas,2015-06-09,17.414757,12740,11456,1284,0
european-seas,2015-06-10,17.56306,12740,11456,1284,0
european-seas,2015-06-11,17.69442,12740,11456,1284,0
european-seas,2015-06-12,17.836058,12740,11456,1284,0
european-seas,2015-06-13,17.893587,12740,11456,1284,0
european-seas,2015-06-14,17.993986,12740,11456,1284,0
european-seas,2015-06-15,18.136,12740,11456,1284,0
european-seas,2015-06-16,18.267254,12740,11456,1284,0
european-seas,2015-06-17,18.327501,12740,11456,1284,0
european-seas,2015-06-18,18.304525,12740,11456,1284,0
european-seas,2015-06-19,18.325994,12740,11456,1284,0
european-seas,2015-06-20,18.436144,12740,11456,1284,0
european-seas,2015-06-21,18.558043,12740,11456,1284,0
european-seas,2015-06-22,18.683744,12740,11456,1284,0
european-seas,2015-06-23,18.738659,12740,11456,1284,0
european-seas,2015-06-24,18.738806,12740,11456,1284,0
european-seas,2015-06-25,18.726349,12740,11456,1284,0
european-seas,2015-06-26,18.78306,12740,11456,1284,0
european-seas,2015-06-27,18.927258,12740,11456,1284,0
european-seas,2015-06-28,19.076977,12740,11456,1284,0
european-seas,2015-06-29,19.275305,12740,11456,1284,0
european-seas,2015-06-30,19.502184,12740,11456,1284,0
european-seas,2015-07-01,19.663641,12740,11456,1284,0
european-seas,2015-07-02,19.770622,12740,11456,1284,0
european-seas,2015-07-03,19.833992,12740,11456,1284,0
european-seas,2015-07-04,19.987835,12740,11456,1284,0
european-seas,2015-07-05,20.145933,12740,11456,1284,0
european-seas,2015-07-06,20.194227,12740,11456,1284,0
european-seas,2015-07-07,20.252918,12740,11456,1284,0
european-seas,2015-07-08,20.284533,12740,11456,1284,0
european-seas,2015-07-09,20.283878,12740,11456,1284,0
european-seas,2015-07-10,20.294548,12740,11456,1284,0
european-seas,2015-07-11,20.321976,12740,11456,1284,0
european-seas,2015-07-12,20.391453,12740,11456,1284,0
european-seas,2015-07-13,20.566475,12740,11456,1284,0
european-seas,2015-07-14,20.74956,12740,11456,1284,0
european-seas,2015-07-15,20.929802,12740,11456,1284,0
european-seas,2015-07-16,21.086287,12740,11456,1284,0
european-seas,2015-07-17,21.126226,12740,11456,1284,0
european-seas,2015-07-18,21.128773,12740,11456,1284,0
european-seas,2015-07-19,21.178411,12740,11456,1284,0
european-seas,2015-07-20,21.326603,12740,11456,1284,0
european-seas,2015-07-21,21.444094,12740,11456,1284,0
european-seas,2015-07-22,21.543726,12740,11456,1284,0
european-seas,2015-07-23,21.595255,12740,11456,1284,0
european-seas,2015-07-24,21.60706,12740,11456,1284,0
european-seas,2015-07-25,21.636326,12740,11456,1284,0
european-seas,2015-07-26,21.618666,12740,11456,1284,0
european-seas,2015-07-27,21.590788,12740,11456,1284,0
european-seas,2015-07-28,21.625944,12740,11456,1284,0
european-seas,2015-07-29,21.687498,12740,11456,1284,0
european-seas,2015-07-30,21.717667,12740,11456,1284,0
european-seas,2015-07-31,21.690895,12740,11456,1284,0
european-seas,2015-08-01,21.675877,12740,11456,1284,0
european-seas,2015-08-02,21.678183,12740,11456,1284,0
european-seas,2015-08-03,21.706905,12740,11456,1284,0
european-seas,2015-08-04,21.76498,12740,11456,1284,0
european-seas,2015-08-05,21.893946,12740,11456,1284,0
european-seas,2015-08-06,22.028063,12740,11456,1284,0
european-seas,2015-08-07,22.104004,12740,11456,1284,0
european-seas,2015-08-08,22.052473,12740,11456,1284,0
european-seas,2015-08-09,22.01708,12740,11456,1284,0
european-seas,2015-08-10,22.084438,12740,11456,1284,0
european-seas,2015-08-11,22.154726,12740,11456,1284,0
european-seas,2015-08-12,22.186256,12740,11456,1284,0
european-seas,2015-08-13,22.138613,12740,11456,1284,0
european-seas,2015-08-14,22.10564,12740,11456,1284,0
european-seas,2015-08-15,22.104988,12740,11456,1284,0
european-seas,2015-08-16,22.079878,12740,11456,1284,0
european-seas,2015-08-17,22.050901,12740,11456,1284,0
european-seas,2015-08-18,22.014668,12740,11456,1284,0
european-seas,2015-08-19,21.95186,12740,11456,1284,0
european-seas,2015-08-20,21.893456,12740,11456,1284,0
european-seas,2015-08-21,21.866493,12740,11456,1284,0
european-seas,2015-08-22,21.818724,12740,11456,1284,0
european-seas,2015-08-23,21.729343,12740,11456,1284,0
european-seas,2015-08-24,21.638718,12740,11456,1284,0
european-seas,2015-08-25,21.520424,12740,11456,1284,0
european-seas,2015-08-26,21.431747,12740,11456,1284,0
european-seas,2015-08-27,21.472347,12740,11456,1284,0
european-seas,2015-08-28,21.552156,12740,11456,1284,0
european-seas,2015-08-29,21.588978,12740,11456,1284,0
european-seas,2015-08-30,21.60872,12740,11456,1284,0
european-seas,2015-08-31,21.61974,12740,11456,1284,0
european-seas,2015-09-01,21.595367,12740,11456,1284,0
european-seas,2015-09-02,21.551193,12740,11456,1284,0
european-seas,2015-09-03,21.472498,12740,11456,1284,0
european-seas,2015-09-04,21.431213,12740,11456,1284,0
european-seas,2015-09-05,21.376207,12740,11456,1284,0
european-seas,2015-09-06,21.292702,12740,11456,1284,0
european-seas,2015-09-07,21.2036,12740,11456,1284,0
european-seas,2015-09-08,21.147165,12740,11456,1284,0
european-seas,2015-09-09,21.07569,12740,11456,1284,0
european-seas,2015-09-10,21.066841,12740,11456,1284,0
european-seas,2015-09-11,21.050438,12740,11456,1284,0
european-seas,2015-09-12,20.955284,12740,11456,1284,0
european-seas,2015-09-13,20.841835,12740,11456,1284,0
european-seas,2015-09-14,20.74531,12740,11456,1284,0
european-seas,2015-09-15,20.67774,12740,11456,1284,0
european-seas,2015-09-16,20.638048,12740,11456,1284,0
european-seas,2015-09-17,20.632568,12740,11456,1284,0
european-seas,2015-09-18,20.617836,12740,11456,1284,0
european-seas,2015-09-19,20.588799,12740,11456,1284,0
european-seas,2015-09-20,20.525381,12740,11456,1284,0
european-seas,2015-09-21,20.40625,12740,11456,1284,0
european-seas,2015-09-22,20.284895,12740,11456,1284,0
european-seas,2015-09-23,20.204834,12740,11456,1284,0
european-seas,2015-09-24,20.175812,12740,11456,1284,0
european-seas,2015-09-25,20.163776,12740,11456,1284,0
european-seas,2015-09-26,20.16859,12740,11456,1284,0
european-seas,2015-09-27,20.172083,12740,11456,1284,0
european-seas,2015-09-28,20.150728,12740,11456,1284,0
european-seas,2015-09-29,20.100382,12740,11456,1284,0
european-seas,2015-09-30,20.02115,12740,11456,1284,0
european-seas,2015-10-01,19.857136,12740,11456,1284,0
european-seas,2015-10-02,19.731018,12740,11456,1284,0
european-seas,2015-10-03,19.69868,12740,11456,1284,0
european-seas,2015-10-04,19.664675,12740,11456,1284,0
european-seas,2015-10-05,19.629335,12740,11456,1284,0
european-seas,2015-10-06,19.544706,12740,11456,1284,0
european-seas,2015-10-07,19.383913,12740,11456,1284,0
european-seas,2015-10-08,19.278793,12740,11456,1284,0
european-seas,2015-10-09,19.195745,12740,11456,1284,0
european-seas,2015-10-10,19.106524,12740,11456,1284,0
european-seas,2015-10-11,19.036694,12740,11456,1284,0
european-seas,2015-10-12,18.996786,12740,11456,1284,0
european-seas,2015-10-13,18.903858,12740,11456,1284,0
european-seas,2015-10-14,18.800472,12740,11456,1284,0
european-seas,2015-10-15,18.72782,12740,11456,1284,0
european-seas,2015-10-16,18.669825,12740,11456,1284,0
european-seas,2015-10-17,18.61471,12740,11456,1284,0
european-seas,2015-10-18,18.603954,12740,11456,1284,0
european-seas,2015-10-19,18.585024,12740,11456,1284,0
european-seas,2015-10-20,18.55392,12740,11456,1284,0
european-seas,2015-10-21,18.470018,12740,11456,1284,0
european-seas,2015-10-22,18.35321,12740,11456,1284,0
european-seas,2015-10-23,18.228931,12740,11456,1284,0
european-seas,2015-10-24,18.08991,12740,11456,1284,0
european-seas,2015-10-25,17.967464,12740,11456,1284,0
european-seas,2015-10-26,17.920189,12740,11456,1284,0
european-seas,2015-10-27,17.869003,12740,11456,1284,0
european-seas,2015-10-28,17.793371,12740,11456,1284,0
european-seas,2015-10-29,17.715483,12740,11456,1284,0
european-seas,2015-10-30,17.598114,12740,11456,1284,0
european-seas,2015-10-31,17.484985,12740,11456,1284,0
european-seas,2015-11-01,17.36191,12740,11456,1284,0
european-seas,2015-11-02,17.26794,12740,11456,1284,0
european-seas,2015-11-03,17.176208,12740,11456,1284,0
european-seas,2015-11-04,17.098083,12740,11456,1284,0
european-seas,2015-11-05,17.056318,12740,11456,1284,0
european-seas,2015-11-06,17.055643,12740,11456,1284,0
european-seas,2015-11-07,17.012571,12740,11456,1284,0
european-seas,2015-11-08,16.950361,12740,11456,1284,0
european-seas,2015-11-09,16.88353,12740,11456,1284,0
european-seas,2015-11-10,16.866247,12740,11456,1284,0
european-seas,2015-11-11,16.84121,12740,11456,1284,0
european-seas,2015-11-12,16.783768,12740,11456,1284,0
european-seas,2015-11-13,16.702963,12740,11456,1284,0
european-seas,2015-11-14,16.647587,12740,11456,1284,0
european-seas,2015-11-15,16.605173,12740,11456,1284,0
european-seas,2015-11-16,16.51058,12740,11456,1284,0
european-seas,2015-11-17,16.42343,12740,11456,1284,0
european-seas,2015-11-18,16.367626,12740,11456,1284,0
european-seas,2015-11-19,16.324982,12740,11456,1284,0
european-seas,2015-11-20,16.239489,12740,11456,1284,0
european-seas,2015-11-21,16.151451,12740,11456,1284,0
european-seas,2015-11-22,16.025925,12740,11456,1284,0
european-seas,2015-11-23,15.920408,12740,11456,1284,0
european-seas,2015-11-24,15.873486,12740,11456,1284,0
european-seas,2015-11-25,15.783037,12740,11456,1284,0
european-seas,2015-11-26,15.632479,12740,11456,1284,0
european-seas,2015-11-27,15.504281,12740,11456,1284,0
european-seas,2015-11-28,15.37079,12740,11456,1284,0
european-seas,2015-11-29,15.263837,12740,11456,1284,0
european-seas,2015-11-30,15.189545,12740,11456,1284,0
european-seas,2015-12-01,15.116028,12740,11456,1284,0
european-seas,2015-12-02,15.064546,12740,11456,1284,0
european-seas,2015-12-03,14.979435,12740,11456,1284,0
european-seas,2015-12-04,14.902857,12740,11456,1284,0
european-seas,2015-12-05,14.820203,12740,11456,1284,0
european-seas,2015-12-06,14.774123,12740,11456,1284,0
european-seas,2015-12-07,14.758472,12740,11456,1284,0
european-seas,2015-12-08,14.694216,12740,11456,1284,0
european-seas,2015-12-09,14.6062355,12740,11456,1284,0
european-seas,2015-12-10,14.530074,12740,11456,1284,0
european-seas,2015-12-11,14.4236555,12740,11456,1284,0
european-seas,2015-12-12,14.326527,12740,11456,1284,0
european-seas,2015-12-13,14.278979,12740,11456,1284,0
european-seas,2015-12-14,14.234593,12740,11456,1284,0
european-seas,2015-12-15,14.168317,12740,11448,1284,8
european-seas,2015-12-16,14.114493,12740,11448,1284,8
european-seas,2015-12-17,14.119634,12740,11448,1284,8
european-seas,2015-12-18,14.111459,12740,11444,1284,12
european-seas,2015-12-19,14.120013,12740,11444,1284,12
european-seas,2015-12-20,14.110441,12740,11444,1284,12
european-seas,2015-12-21,14.088132,12740,11444,1284,12
european-seas,2015-12-22,14.056931,12740,11444,1284,12
european-seas,2015-12-23,14.011534,12740,11444,1284,12
european-seas,2015-12-24,13.951907,12740,11444,1284,12
european-seas,2015-12-25,13.877783,12740,11444,1284,12
european-seas,2015-12-26,13.8499775,12740,11440,1284,16
european-seas,2015-12-27,13.824213,12740,11436,1284,20
european-seas,2015-12-28,13.794773,12740,11436,1284,20
european-seas,2015-12-29,13.734043,12740,11432,1284,24
european-seas,2015-12-30,13.671185,12740,11432,1284,24
european-seas,2015-12-31,13.515559,12740,11428,1284,28
european-seas,2016-01-01,13.38479,12740,11428,1284,28
european-seas,2016-01-02,13.337447,12740,11428,1284,28
european-seas,2016-01-03,13.308752,12740,11404,1284,52
european-seas,2016-01-04,13.275938,12740,11404,1284,52
european-seas,2016-01-05,13.251757,12740,11396,1284,60
european-seas,2016-01-06,13.206051,12740,11396,1284,60
european-seas,2016-01-07,13.1144285,12740,11456,1284,0
european-seas,2016-01-08,13.149397,12740,11456,1284,0
european-seas,2016-01-09,13.13058,12740,11456,1284,0
european-seas,2016-01-10,13.202066,12740,11278,1284,178
european-seas,2016-01-11,13.173264,12740,11262,1284,194
european-seas,2016-01-12,13.134279,12740,11262,1284,194
european-seas,2016-01-13,13.076076,12740,11240,1284,216
european-seas,2016-01-14,13.026708,12740,11242,1284,214
european-seas,2016-01-15,12.985868,12740,11228,1284,228
european-seas,2016-01-16,12.876487,12740,11238,1284,218
european-seas,2016-01-17,12.791365,12740,11228,1284,228
european-seas,2016-01-18,12.697848,12740,11228,1284,228
european-seas,2016-01-19,12.602662,12740,11237,1284,219
european-seas,2016-01-20,12.581974,12740,11237,1284,219
european-seas,2016-01-21,12.613841,12740,11234,1284,222
european-seas,2016-01-22,12.640093,12740,11206,1284,250
european-seas,2016-01-23,12.624188,12740,11189,1284,267
european-seas,2016-01-24,12.570462,12740,11189,1284,267
european-seas,2016-01-25,12.548428,12740,11158,1284,298
european-seas,2016-01-26,12.567116,12740,11122,1284,334
european-seas,2016-01-27,12.549672,12740,11086,1284,370
european-seas,2016-01-28,12.555687,12740,11072,1284,384
european-seas,2016-01-29,12.557847,12740,11075,1284,381
european-seas,2016-01-30,12.549469,12740,11075,1284,381
european-seas,2016-01-31,12.599075,12740,11075,1284,381
european-seas,2016-02-01,12.620984,12740,11121,1284,335
european-seas,2016-02-02,12.626228,12740,11130,1284,326
european-seas,2016-02-03,12.596386,12740,11152,1284,304
european-seas,2016-02-04,12.534629,12740,11160,1284,296
european-seas,2016-02-05,12.439173,12740,11171,1284,285
european-seas,2016-02-06,12.408129,12740,11177,1284,279
european-seas,2016-02-07,12.386635,12740,11167,1284,289
european-seas,2016-02-08,12.361048,12740,11176,1284,280
european-seas,2016-02-09,12.38183,12740,11177,1284,279
european-seas,2016-02-10,12.416089,12740,11177,1284,279
european-seas,2016-02-11,12.42115,12740,11173,1284,283
european-seas,2016-02-12,12.442227,12740,11169,1284,287
european-seas,2016-02-13,12.420746,12740,11172,1284,284
european-seas,2016-02-14,12.422207,12740,11172,1284,284
european-seas,2016-02-15,12.417853,12740,11176,1284,280
european-seas,2016-02-16,12.416825,12740,11172,1284,284
european-seas,2016-02-17,12.350815,12740,11168,1284,288
european-seas,2016-02-18,12.29832,12740,11161,1284,295
european-seas,2016-02-19,12.239202,12740,11150,1284,306
european-seas,2016-02-20,12.191983,12740,11128,1284,328
european-seas,2016-02-21,12.210227,12740,11109,1284,347
european-seas,2016-02-22,12.200728,12740,11113,1284,343
european-seas,2016-02-23,12.242744,12740,11115,1284,341
european-seas,2016-02-24,12.23205,12740,11118,1284,338
european-seas,2016-02-25,12.195058,12740,11114,1284,342
european-seas,2016-02-26,12.179534,12740,11110,1284,346
european-seas,2016-02-27,12.167737,12740,11102,1284,354
european-seas,2016-02-28,12.102523,12740,11111,1284,345
european-seas,2016-02-29,12.13421,12740,11111,1284,345
european-seas,2016-03-01,12.147992,12740,11113,1284,343
european-seas,2016-03-02,12.128818,12740,11119,1284,337
european-seas,2016-03-03,12.045838,12740,11116,1284,340
european-seas,2016-03-04,12.026021,12740,11114,1284,342
european-seas,2016-03-05,12.028583,12740,11101,1284,355
european-seas,2016-03-06,12.052453,12740,11093,1284,363
european-seas,2016-03-07,12.035656,12740,11085,1284,371
european-seas,2016-03-08,11.998157,12740,11085,1284,371
european-seas,2016-03-09,11.979765,12740,11085,1284,371
european-seas,2016-03-10,11.97953,12740,11085,1284,371
european-seas,2016-03-11,11.979467,12740,11094,1284,362
european-seas,2016-03-12,11.999211,12740,11091,1284,365
european-seas,2016-03-13,12.061076,12740,11097,1284,359
european-seas,2016-03-14,12.100219,12740,11094,1284,362
european-seas,2016-03-15,12.1109915,12740,11109,1284,347
european-seas,2016-03-16,12.126744,12740,11113,1284,343
european-seas,2016-03-17,12.150561,12740,11115,1284,341
european-seas,2016-03-18,12.208185,12740,11103,1284,353
european-seas,2016-03-19,12.245555,12740,11104,1284,352
european-seas,2016-03-20,12.268968,12740,11089,1284,367
european-seas,2016-03-21,12.232712,12740,11085,1284,371
european-seas,2016-03-22,12.227316,12740,11083,1284,373
european-seas,2016-03-23,12.199781,12740,11083,1284,373
european-seas,2016-03-24,12.266336,12740,11068,1284,388
european-seas,2016-03-25,12.319175,12740,11071,1284,385
european-seas,2016-03-26,12.365446,12740,11077,1284,379
european-seas,2016-03-27,12.401763,12740,11085,1284,371
european-seas,2016-03-28,12.455819,12740,11089,1284,367
european-seas,2016-03-29,12.595855,12740,11094,1284,362
european-seas,2016-03-30,12.720699,12740,11121,1284,335
european-seas,2016-03-31,12.771312,12740,11125,1284,331
european-seas,2016-04-01,12.738736,12740,11125,1284,331
european-seas,2016-04-02,12.613488,12740,11155,1284,301
european-seas,2016-04-03,12.619121,12740,11155,1284,301
european-seas,2016-04-04,12.743945,12740,11149,1284,307
european-seas,2016-04-05,12.851529,12740,11162,1284,294
european-seas,2016-04-06,12.891433,12740,11162,1284,294
european-seas,2016-04-07,12.879305,12740,11167,1284,289
european-seas,2016-04-08,12.828697,12740,11201,1284,255
european-seas,2016-04-09,12.893149,12740,11208,1284,248
european-seas,2016-04-10,13.005781,12740,11212,1284,244
european-seas,2016-04-11,13.043884,12740,11263,1284,193
european-seas,2016-04-12,13.131439,12740,11259,1284,197
european-seas,2016-04-13,13.251028,12740,11263,1284,193
european-seas,2016-04-14,13.330142,12740,11263,1284,193
european-seas,2016-04-15,13.425402,12740,11277,1284,179
european-seas,2016-04-16,13.546258,12740,11277,1284,179
european-seas,2016-04-17,13.678127,12740,11304,1284,152
european-seas,2016-04-18,13.658675,12740,11456,1284,0
european-seas,2016-04-19,13.69564,12740,11456,1284,0
european-seas,2016-04-20,13.678245,12740,11456,1284,0
european-seas,2016-04-21,13.508337,12740,11456,1284,0
european-seas,2016-04-22,13.568497,12740,11456,1284,0
european-seas,2016-04-23,13.680164,12740,11456,1284,0
european-seas,2016-04-24,13.634576,12740,11456,1284,0
european-seas,2016-04-25,13.549316,12740,11456,1284,0
european-seas,2016-04-26,13.542603,12740,11456,1284,0
european-seas,2016-04-27,13.563796,12740,11456,1284,0
european-seas,2016-04-28,13.669094,12740,11456,1284,0
european-seas,2016-04-29,13.65762,12740,11456,1284,0
european-seas,2016-04-30,13.798653,12740,11456,1284,0
european-seas,2016-05-01,13.8377905,12740,11456,1284,0
european-seas,2016-05-02,13.927063,12740,11456,1284,0
european-seas,2016-05-03,13.964256,12740,11456,1284,0
european-seas,2016-05-04,14.058338,12740,11456,1284,0
european-seas,2016-05-05,14.136909,12740,11456,1284,0
european-seas,2016-05-06,14.194469,12740,11456,1284,0
european-seas,2016-05-07,14.248359,12740,11456,1284,0
european-seas,2016-05-08,14.439851,12740,11456,1284,0
european-seas,2016-05-09,14.6050825,12740,11456,1284,0
european-seas,2016-05-10,14.819844,12740,11456,1284,0
european-seas,2016-05-11,14.73418,12740,11456,1284,0
european-seas,2016-05-12,14.75655,12740,11456,1284,0
european-seas,2016-05-13,14.846501,12740,11456,1284,0
european-seas,2016-05-14,14.91531,12740,11456,1284,0
european-seas,2016-05-15,15.046076,12740,11456,1284,0
european-seas,2016-05-16,15.110792,12740,11456,1284,0
european-seas,2016-05-17,15.190081,12740,11456,1284,0
european-seas,2016-05-18,15.182371,12740,11456,1284,0
european-seas,2016-05-19,15.289647,12740,11456,1284,0
european-seas,2016-05-20,15.382458,12740,11456,1284,0
european-seas,2016-05-21,15.439631,12740,11456,1284,0
european-seas,2016-05-22,15.638694,12740,11456,1284,0
european-seas,2016-05-23,15.651732,12740,11456,1284,0
european-seas,2016-05-24,15.758521,12740,11456,1284,0
european-seas,2016-05-25,15.819308,12740,11456,1284,0
european-seas,2016-05-26,15.978453,12740,11456,1284,0
european-seas,2016-05-27,16.190845,12740,11456,1284,0
european-seas,2016-05-28,16.275503,12740,11456,1284,0
european-seas,2016-05-29,16.423159,12740,11456,1284,0
european-seas,2016-05-30,16.666328,12740,11456,1284,0
european-seas,2016-05-31,16.906855,12740,11456,1284,0
european-seas,2016-06-01,17.08503,12740,11456,1284,0
european-seas,2016-06-02,17.313576,12740,11456,1284,0
european-seas,2016-06-03,17.45799,12740,11456,1284,0
european-seas,2016-06-04,17.643414,12740,11456,1284,0
european-seas,2016-06-05,17.758144,12740,11456,1284,0
european-seas,2016-06-06,18.03577,12740,11456,1284,0
european-seas,2016-06-07,18.190575,12740,11456,1284,0
european-seas,2016-06-08,18.185694,12740,11456,1284,0
european-seas,2016-06-09,18.174755,12740,11456,1284,0
european-seas,2016-06-10,18.128632,12740,11456,1284,0
european-seas,2016-06-11,18.251017,12740,11456,1284,0
european-seas,2016-06-12,18.311363,12740,11456,1284,0
european-seas,2016-06-13,18.373672,12740,11456,1284,0
european-seas,2016-06-14,18.38917,12740,11456,1284,0
european-seas,2016-06-15,18.4474,12740,11456,1284,0
european-seas,2016-06-16,18.521896,12740,11456,1284,0
european-seas,2016-06-17,18.608814,12740,11456,1284,0
european-seas,2016-06-18,18.650482,12740,11456,1284,0
european-seas,2016-06-19,18.668367,12740,11456,1284,0
european-seas,2016-06-20,18.771933,12740,11456,1284,0
european-seas,2016-06-21,19.0119,12740,11456,1284,0
european-seas,2016-06-22,19.149946,12740,11456,1284,0
european-seas,2016-06-23,19.341326,12740,11456,1284,0
european-seas,2016-06-24,19.497816,12740,11456,1284,0
european-seas,2016-06-25,19.65491,12740,11456,1284,0
european-seas,2016-06-26,19.622587,12740,11456,1284,0
european-seas,2016-06-27,19.716444,12740,11456,1284,0
european-seas,2016-06-28,19.75298,12740,11456,1284,0
european-seas,2016-06-29,19.797115,12740,11456,1284,0
european-seas,2016-06-30,19.93814,12740,11456,1284,0
european-seas,2016-07-01,20.056242,12740,11456,1284,0
european-seas,2016-07-02,20.1675,12740,11456,1284,0
european-seas,2016-07-03,20.234184,12740,11456,1284,0
european-seas,2016-07-04,20.329985,12740,11456,1284,0
european-seas,2016-07-05,20.388084,12740,11456,1284,0
european-seas,2016-07-06,20.43057,12740,11456,1284,0
european-seas,2016-07-07,20.520119,12740,11456,1284,0
european-seas,2016-07-08,20.573643,12740,11456,1284,0
european-seas,2016-07-09,20.691841,12740,11456,1284,0
european-seas,2016-07-10,20.818987,12740,11456,1284,0
european-seas,2016-07-11,20.929274,12740,11456,1284,0
european-seas,2016-07-12,20.971577,12740,11456,1284,0
european-seas,2016-07-13,20.922853,12740,11456,1284,0
european-seas,2016-07-14,20.857557,12740,11456,1284,0
european-seas,2016-07-15,20.740097,12740,11456,1284,0
european-seas,2016-07-16,20.666956,12740,11456,1284,0
european-seas,2016-07-17,20.721066,12740,11456,1284,0
european-seas,2016-07-18,20.820715,12740,11456,1284,0
european-seas,2016-07-19,20.881191,12740,11456,1284,0
european-seas,2016-07-20,20.933311,12740,11456,1284,0
european-seas,2016-07-21,21.005182,12740,11456,1284,0
european-seas,2016-07-22,21.094475,12740,11456,1284,0
european-seas,2016-07-23,21.202126,12740,11456,1284,0
european-seas,2016-07-24,21.344852,12740,11456,1284,0
european-seas,2016-07-25,21.409014,12740,11456,1284,0
european-seas,2016-07-26,21.439568,12740,11456,1284,0
european-seas,2016-07-27,21.490805,12740,11456,1284,0
european-seas,2016-07-28,21.590927,12740,11456,1284,0
european-seas,2016-07-29,21.68621,12740,11456,1284,0
european-seas,2016-07-30,21.788048,12740,11456,1284,0
european-seas,2016-07-31,21.846336,12740,11456,1284,0
european-seas,2016-08-01,21.873825,12740,11456,1284,0
european-seas,2016-08-02,21.875565,12740,11456,1284,0
european-seas,2016-08-03,21.865776,12740,11456,1284,0
european-seas,2016-08-04,21.894527,12740,11456,1284,0
european-seas,2016-08-05,21.919462,12740,11456,1284,0
european-seas,2016-08-06,21.870756,12740,11456,1284,0
european-seas,2016-08-07,21.758253,12740,11456,1284,0
european-seas,2016-08-08,21.618391,12740,11456,1284,0
european-seas,2016-08-09,21.49543,12740,11456,1284,0
european-seas,2016-08-10,21.39863,12740,11456,1284,0
european-seas,2016-08-11,21.379807,12740,11456,1284,0
european-seas,2016-08-12,21.357822,12740,11456,1284,0
european-seas,2016-08-13,21.258924,12740,11456,1284,0
european-seas,2016-08-14,21.22954,12740,11456,1284,0
european-seas,2016-08-15,21.286587,12740,11456,1284,0
european-seas,2016-08-16,21.37652,12740,11456,1284,0
european-seas,2016-08-17,21.439411,12740,11456,1284,0
european-seas,2016-08-18,21.492496,12740,11456,1284,0
european-seas,2016-08-19,21.53737,12740,11456,1284,0
european-seas,2016-08-20,21.574324,12740,11456,1284,0
european-seas,2016-08-21,21.624794,12740,11456,1284,0
european-seas,2016-08-22,21.646706,12740,11456,1284,0
european-seas,2016-08-23,21.660976,12740,11456,1284,0
european-seas,2016-08-24,21.632204,12740,11456,1284,0
european-seas,2016-08-25,21.620209,12740,11456,1284,0
european-seas,2016-08-26,21.637585,12740,11456,1284,0
european-seas,2016-08-27,21.66219,12740,11456,1284,0
european-seas,2016-08-28,21.678986,12740,11456,1284,0
european-seas,2016-08-29,21.686401,12740,11456,1284,0
european-seas,2016-08-30,21.686497,12740,11456,1284,0
european-seas,2016-08-31,21.663616,12740,11456,1284,0
european-seas,2016-09-01,21.616777,12740,11456,1284,0
european-seas,2016-09-02,21.593386,12740,11456,1284,0
european-seas,2016-09-03,21.591803,12740,11456,1284,0
european-seas,2016-09-04,21.607868,12740,11456,1284,0
european-seas,2016-09-05,21.639364,12740,11456,1284,0
european-seas,2016-09-06,21.604685,12740,11456,1284,0
european-seas,2016-09-07,21.552813,12740,11456,1284,0
european-seas,2016-09-08,21.465363,12740,11456,1284,0
european-seas,2016-09-09,21.422709,12740,11456,1284,0
european-seas,2016-09-10,21.42116,12740,11456,1284,0
european-seas,2016-09-11,21.435892,12740,11456,1284,0
european-seas,2016-09-12,21.450706,12740,11456,1284,0
european-seas,2016-09-13,21.4744,12740,11456,1284,0
european-seas,2016-09-14,21.43025,12740,11456,1284,0
european-seas,2016-09-15,21.318293,12740,11456,1284,0
european-seas,2016-09-16,21.198921,12740,11456,1284,0
european-seas,2016-09-17,21.085995,12740,11456,1284,0
european-seas,2016-09-18,21.013716,12740,11456,1284,0
european-seas,2016-09-19,20.947693,12740,11456,1284,0
european-seas,2016-09-20,20.850517,12740,11456,1284,0
european-seas,2016-09-21,20.798264,12740,11456,1284,0
european-seas,2016-09-22,20.718868,12740,11456,1284,0
european-seas,2016-09-23,20.620056,12740,11456,1284,0
european-seas,2016-09-24,20.557722,12740,11456,1284,0
european-seas,2016-09-25,20.508272,12740,11456,1284,0
european-seas,2016-09-26,20.494892,12740,11456,1284,0
european-seas,2016-09-27,20.441198,12740,11456,1284,0
european-seas,2016-09-28,20.295725,12740,11456,1284,0
european-seas,2016-09-29,20.158964,12740,11456,1284,0
european-seas,2016-09-30,20.071339,12740,11456,1284,0
european-seas,2016-10-01,19.999632,12740,11456,1284,0
european-seas,2016-10-02,19.950745,12740,11456,1284,0
european-seas,2016-10-03,19.918163,12740,11456,1284,0
european-seas,2016-10-04,19.879246,12740,11456,1284,0
european-seas,2016-10-05,19.784296,12740,11456,1284,0
european-seas,2016-10-06,19.687458,12740,11456,1284,0
european-seas,2016-10-07,19.588009,12740,11456,1284,0
european-seas,2016-10-08,19.491367,12740,11456,1284,0
european-seas,2016-10-09,19.381107,12740,11456,1284,0
european-seas,2016-10-10,19.290802,12740,11456,1284,0
european-seas,2016-10-11,19.213211,12740,11456,1284,0
european-seas,2016-10-12,19.104553,12740,11456,1284,0
european-seas,2016-10-13,18.978268,12740,11456,1284,0
european-seas,2016-10-14,18.845886,12740,11456,1284,0
european-seas,2016-10-15,18.77529,12740,11456,1284,0
european-seas,2016-10-16,18.68989,12740,11456,1284,0
european-seas,2016-10-17,18.646175,12740,11456,1284,0
european-seas,2016-10-18,18.599716,12740,11456,1284,0
european-seas,2016-10-19,18.535912,12740,11456,1284,0
european-seas,2016-10-20,18.488926,12740,11456,1284,0
european-seas,2016-10-21,18.49648,12740,11456,1284,0
european-seas,2016-10-22,18.463425,12740,11456,1284,0
european-seas,2016-10-23,18.409126,12740,11456,1284,0
european-seas,2016-10-24,18.348383,12740,11456,1284,0
european-seas,2016-10-25,18.278893,12740,11456,1284,0
european-seas,2016-10-26,18.227468,12740,11456,1284,0
european-seas,2016-10-27,18.142672,12740,11456,1284,0
european-seas,2016-10-28,18.06952,12740,11456,1284,0
european-seas,2016-10-29,18.005716,12740,11456,1284,0
european-seas,2016-10-30,17.939085,12740,11456,1284,0
european-seas,2016-10-31,17.83485,12740,11456,1284,0
european-seas,2016-11-01,17.705723,12740,11456,1284,0
european-seas,2016-11-02,17.606087,12740,11456,1284,0
european-seas,2016-11-03,17.523836,12740,11456,1284,0
european-seas,2016-11-04,17.42478,12740,11456,1284,0
european-seas,2016-11-05,17.369362,12740,11456,1284,0
european-seas,2016-11-06,17.268738,12740,11456,1284,0
european-seas,2016-11-07,17.136488,12740,11456,1284,0
european-seas,2016-11-08,16.98819,12740,11456,1284,0
european-seas,2016-11-09,16.838917,12740,11456,1284,0
european-seas,2016-11-10,16.743046,12740,11456,1284,0
european-seas,2016-11-11,16.71363,12740,11456,1284,0
european-seas,2016-11-12,16.661905,12740,11456,1284,0
european-seas,2016-11-13,16.590666,12740,11456,1284,0
european-seas,2016-11-14,16.483782,12740,11456,1284,0
european-seas,2016-11-15,16.363028,12740,11456,1284,0
european-seas,2016-11-16,16.211452,12740,11456,1284,0
european-seas,2016-11-17,16.112022,12740,11456,1284,0
european-seas,2016-11-18,16.017181,12740,11456,1284,0
european-seas,2016-11-19,15.956216,12740,11456,1284,0
european-seas,2016-11-20,15.878647,12740,11456,1284,0
european-seas,2016-11-21,15.80891,12740,11456,1284,0
european-seas,2016-11-22,15.726153,12740,11456,1284,0
european-seas,2016-11-23,15.626029,12740,11456,1284,0
european-seas,2016-11-24,15.529005,12740,11456,1284,0
european-seas,2016-11-25,15.433678,12740,11456,1284,0
european-seas,2016-11-26,15.400917,12740,11456,1284,0
european-seas,2016-11-27,15.342442,12740,11456,1284,0
european-seas,2016-11-28,15.28293,12740,11456,1284,0
european-seas,2016-11-29,15.199842,12740,11456,1284,0
european-seas,2016-11-30,15.098505,12740,11456,1284,0
european-seas,2016-12-01,15.021396,12740,11456,1284,0
european-seas,2016-12-02,14.931011,12740,11456,1284,0
european-seas,2016-12-03,14.866389,12740,11456,1284,0
european-seas,2016-12-04,14.820139,12740,11456,1284,0
european-seas,2016-12-05,14.786936,12740,11456,1284,0
european-seas,2016-12-06,14.755146,12740,11448,1284,8
european-seas,2016-12-07,14.670804,12740,11448,1284,8
european-seas,2016-12-08,14.618717,12740,11448,1284,8
european-seas,2016-12-09,14.604844,12740,11448,1284,8
european-seas,2016-12-10,14.590062,12740,11448,1284,8
european-seas,2016-12-11,14.568591,12740,11448,1284,8
european-seas,2016-12-12,14.524787,12740,11426,1284,30
european-seas,2016-12-13,14.383947,12740,11426,1284,30
european-seas,2016-12-14,14.265267,12740,11413,1284,43
european-seas,2016-12-15,14.192282,12740,11407,1284,49
european-seas,2016-12-16,14.053375,12740,11407,1284,49
european-seas,2016-12-17,13.924505,12740,11399,1284,57
european-seas,2016-12-18,13.8765745,12740,11387,1284,69
european-seas,2016-12-19,13.856675,12740,11375,1284,81
european-seas,2016-12-20,13.788646,12740,11375,1284,81
european-seas,2016-12-21,13.726956,12740,11373,1284,83
european-seas,2016-12-22,13.6821375,12740,11373,1284,83
european-seas,2016-12-23,13.623025,12740,11373,1284,83
european-seas,2016-12-24,13.55436,12740,11381,1284,75
european-seas,2016-12-25,13.533704,12740,11385,1284,71
european-seas,2016-12-26,13.517532,12740,11379,1284,77
european-seas,2016-12-27,13.501745,12740,11376,1284,80
european-seas,2016-12-28,13.4782,12740,11367,1284,89
european-seas,2016-12-29,13.371165,12740,11359,1284,97
european-seas,2016-12-30,13.288913,12740,11347,1284,109
european-seas,2016-12-31,13.1962805,12740,11332,1284,124
european-seas,2017-01-01,13.145479,12740,11307,1284,149
european-seas,2017-01-02,13.097141,12740,11313,1284,143
european-seas,2017-01-03,13.084864,12740,11296,1284,160
european-seas,2017-01-04,13.0455265,12740,11296,1284,160
european-seas,2017-01-05,13.049746,12740,11240,1284,216
european-seas,2017-01-06,12.92253,12740,11255,1284,201
european-seas,2017-01-07,12.700333,12740,11456,1284,0
european-seas,2017-01-08,12.61698,12740,11456,1284,0
european-seas,2017-01-09,12.5963,12740,11456,1284,0
european-seas,2017-01-10,12.570538,12740,11456,1284,0
european-seas,2017-01-11,12.5561495,12740,11456,1284,0
european-seas,2017-01-12,12.49519,12740,11456,1284,0
european-seas,2017-01-13,12.44249,12740,11456,1284,0
european-seas,2017-01-14,12.3388,12740,11456,1284,0
european-seas,2017-01-15,12.253577,12740,11456,1284,0
european-seas,2017-01-16,12.183127,12740,11456,1284,0
european-seas,2017-01-17,12.178339,12740,11456,1284,0
european-seas,2017-01-18,12.164615,12740,11456,1284,0
european-seas,2017-01-19,12.154725,12740,11456,1284,0
european-seas,2017-01-20,12.193231,12740,11456,1284,0
european-seas,2017-01-21,12.0648365,12740,11456,1284,0
european-seas,2017-01-22,12.012146,12740,11456,1284,0
european-seas,2017-01-23,12.035231,12740,11456,1284,0
european-seas,2017-01-24,11.991108,12740,11456,1284,0
european-seas,2017-01-25,12.007269,12740,11456,1284,0
european-seas,2017-01-26,11.980746,12740,11456,1284,0
european-seas,2017-01-27,11.920255,12740,11456,1284,0
european-seas,2017-01-28,11.891527,12740,11456,1284,0
european-seas,2017-01-29,11.894722,12740,11456,1284,0
european-seas,2017-01-30,11.93228,12740,11456,1284,0
european-seas,2017-01-31,11.910633,12740,11456,1284,0
european-seas,2017-02-01,11.903453,12740,11456,1284,0
european-seas,2017-02-02,11.871093,12740,11456,1284,0
european-seas,2017-02-03,11.868915,12740,11456,1284,0
european-seas,2017-02-04,11.891944,12740,11456,1284,0
european-seas,2017-02-05,11.885345,12740,11456,1284,0
european-seas,2017-02-06,11.862486,12740,11456,1284,0
european-seas,2017-02-07,11.776372,12740,11456,1284,0
european-seas,2017-02-08,11.756683,12740,11456,1284,0
european-seas,2017-02-09,11.701087,12740,11456,1284,0
european-seas,2017-02-10,11.663722,12740,11456,1284,0
european-seas,2017-02-11,11.644512,12740,11456,1284,0
european-seas,2017-02-12,11.608224,12740,11456,1284,0
european-seas,2017-02-13,11.667623,12740,11456,1284,0
european-seas,2017-02-14,11.638197,12740,11456,1284,0
european-seas,2017-02-15,11.670512,12740,11456,1284,0
european-seas,2017-02-16,11.643064,12740,11456,1284,0
european-seas,2017-02-17,11.614966,12740,11456,1284,0
european-seas,2017-02-18,11.567195,12740,11456,1284,0
european-seas,2017-02-19,11.498276,12740,11456,1284,0
european-seas,2017-02-20,11.54493,12740,11456,1284,0
european-seas,2017-02-21,11.521048,12740,11456,1284,0
european-seas,2017-02-22,11.615766,12740,11456,1284,0
european-seas,2017-02-23,11.615625,12740,11456,1284,0
european-seas,2017-02-24,11.578147,12740,11456,1284,0
european-seas,2017-02-25,11.634585,12740,11456,1284,0
european-seas,2017-02-26,11.624935,12740,11456,1284,0
european-seas,2017-02-27,11.673224,12740,11456,1284,0
european-seas,2017-02-28,11.707243,12740,11456,1284,0
european-seas,2017-03-01,12.0296335,12740,11129,1284,327
european-seas,2017-03-02,12.074075,12740,11110,1284,346
european-seas,2017-03-03,12.093863,12740,11110,1284,346
european-seas,2017-03-04,12.0822315,12740,11110,1284,346
european-seas,2017-03-05,12.038017,12740,11110,1284,346
european-seas,2017-03-06,12.00096,12740,11145,1284,311
european-seas,2017-03-07,12.021549,12740,11134,1284,322
european-seas,2017-03-08,12.07727,12740,11114,1284,342
european-seas,2017-03-09,12.102399,12740,11103,1284,353
european-seas,2017-03-10,12.118095,12740,11123,1284,333
european-seas,2017-03-11,12.071657,12740,11119,1284,337
european-seas,2017-03-12,12.0682125,12740,11123,1284,333
european-seas,2017-03-13,12.071525,12740,11133,1284,323
european-seas,2017-03-14,12.079008,12740,11129,1284,327
european-seas,2017-03-15,12.074168,12740,11136,1284,320
european-seas,2017-03-16,12.098584,12740,11144,1284,312
european-seas,2017-03-17,12.124128,12740,11148,1284,308
european-seas,2017-03-18,12.149435,12740,11151,1284,305
european-seas,2017-03-19,12.200818,12740,11154,1284,302
european-seas,2017-03-20,12.284817,12740,11145,1284,311
european-seas,2017-03-21,12.270819,12740,11162,1284,294
european-seas,2017-03-22,12.286468,12740,11163,1284,293
european-seas,2017-03-23,12.325363,12740,11200,1284,256
european-seas,2017-03-24,12.386987,12740,11200,1284,256
european-seas,2017-03-25,12.411965,12740,11218,1284,238
european-seas,2017-03-26,12.376936,12740,11223,1284,233
european-seas,2017-03-27,12.360026,12740,11219,1284,237
european-seas,2017-03-28,12.402863,12740,11229,1284,227
european-seas,2017-03-29,12.480416,12740,11231,1284,225
european-seas,2017-03-30,12.555745,12740,11231,1284,225
european-seas,2017-03-31,12.576493,12740,11237,1284,219
european-seas,2017-04-01,12.61978,12740,11240,1284,216
european-seas,2017-04-02,12.676321,12740,11240,1284,216
european-seas,2017-04-03,12.75423,12740,11234,1284,222
european-seas,2017-04-04,12.795069,12740,11234,1284,222
european-seas,2017-04-05,12.8065815,12740,11236,1284,220
european-seas,2017-04-06,12.872831,12740,11234,1284,222
european-seas,2017-04-07,12.934741,12740,11246,1284,210
european-seas,2017-04-08,13.014882,12740,11246,1284,210
european-seas,2017-04-09,13.000581,12740,11257,1284,199
european-seas,2017-04-10,13.015725,12740,11255,1284,201
european-seas,2017-04-11,13.094847,12740,11255,1284,201
european-seas,2017-04-12,13.206583,12740,11255,1284,201
european-seas,2017-04-13,13.293719,12740,11257,1284,199
european-seas,2017-04-14,13.398738,12740,11270,1284,186
european-seas,2017-04-15,13.486606,12740,11265,1284,191
european-seas,2017-04-16,13.499371,12740,11275,1284,181
european-seas,2017-04-17,13.524605,12740,11275,1284,181
european-seas,2017-04-18,13.50493,12740,11291,1284,165
european-seas,2017-04-19,13.407972,12740,11307,1284,149
european-seas,2017-04-20,13.344061,12740,11307,1284,149
european-seas,2017-04-21,13.311949,12740,11307,1284,149
european-seas,2017-04-22,13.340861,12740,11313,1284,143
european-seas,2017-04-23,13.355487,12740,11321,1284,135
european-seas,2017-04-24,13.357807,12740,11336,1284,120
european-seas,2017-04-25,13.342016,12740,11339,1284,117
european-seas,2017-04-26,13.365058,12740,11339,1284,117
european-seas,2017-04-27,13.42376,12740,11339,1284,117
european-seas,2017-04-28,13.560804,12740,11338,1284,118
european-seas,2017-04-29,13.661442,12740,11349,1284,107
european-seas,2017-04-30,13.770458,12740,11341,1284,115
european-seas,2017-05-01,13.922083,12740,11341,1284,115
european-seas,2017-05-02,14.161168,12740,11341,1284,115
european-seas,2017-05-03,14.267065,12740,11349,1284,107
european-seas,2017-05-04,14.345881,12740,11353,1284,103
european-seas,2017-05-05,14.466241,12740,11367,1284,89
european-seas,2017-05-06,14.584907,12740,11368,1284,88
european-seas,2017-05-07,14.638575,12740,11376,1284,80
european-seas,2017-05-08,14.65188,12740,11388,1284,68
european-seas,2017-05-09,14.642391,12740,11398,1284,58
european-seas,2017-05-10,14.719409,12740,11398,1284,58
european-seas,2017-05-11,14.831098,12740,11402,1284,54
european-seas,2017-05-12,14.963345,12740,11406,1284,50
european-seas,2017-05-13,15.16773,12740,11406,1284,50
european-seas,2017-05-14,15.338009,12740,11406,1284,50
european-seas,2017-05-15,15.482076,12740,11410,1284,46
european-seas,2017-05-16,15.594079,12740,11410,1284,46
european-seas,2017-05-17,15.63985,12740,11414,1284,42
european-seas,2017-05-18,15.66476,12740,11414,1284,42
european-seas,2017-05-19,15.662852,12740,11414,1284,42
european-seas,2017-05-20,15.635697,12740,11418,1284,38
european-seas,2017-05-21,15.682448,12740,11424,1284,32
european-seas,2017-05-22,15.87554,12740,11428,1284,28
european-seas,2017-05-23,16.117628,12740,11436,1284,20
european-seas,2017-05-24,16.407602,12740,11436,1284,20
european-seas,2017-05-25,16.61958,12740,11444,1284,12
european-seas,2017-05-26,16.73679,12740,11456,1284,0
european-seas,2017-05-27,16.886765,12740,11456,1284,0
european-seas,2017-05-28,17.077284,12740,11456,1284,0
european-seas,2017-05-29,17.176872,12740,11456,1284,0
european-seas,2017-05-30,17.267406,12740,11456,1284,0
european-seas,2017-05-31,17.350367,12740,11456,1284,0
european-seas,2017-06-01,17.492594,12740,11456,1284,0
european-seas,2017-06-02,17.643814,12740,11456,1284,0
european-seas,2017-06-03,17.826359,12740,11456,1284,0
european-seas,2017-06-04,17.936377,12740,11456,1284,0
european-seas,2017-06-05,17.926956,12740,11456,1284,0
european-seas,2017-06-06,17.87554,12740,11456,1284,0
european-seas,2017-06-07,17.890392,12740,11456,1284,0
european-seas,2017-06-08,17.998697,12740,11456,1284,0
european-seas,2017-06-09,18.184002,12740,11456,1284,0
european-seas,2017-06-10,18.38229,12740,11456,1284,0
european-seas,2017-06-11,18.452112,12740,11456,1284,0
european-seas,2017-06-12,18.571814,12740,11456,1284,0
european-seas,2017-06-13,18.765398,12740,11456,1284,0
european-seas,2017-06-14,18.99559,12740,11456,1284,0
european-seas,2017-06-15,19.238138,12740,11456,1284,0
european-seas,2017-06-16,19.400536,12740,11456,1284,0
european-seas,2017-06-17,19.541649,12740,11456,1284,0
european-seas,2017-06-18,19.54756,12740,11456,1284,0
european-seas,2017-06-19,19.588171,12740,11456,1284,0
european-seas,2017-06-20,19.679781,12740,11456,1284,0
european-seas,2017-06-21,19.769287,12740,11456,1284,0
european-seas,2017-06-22,19.895065,12740,11456,1284,0
european-seas,2017-06-23,19.985853,12740,11456,1284,0
european-seas,2017-06-24,19.992447,12740,11456,1284,0
european-seas,2017-06-25,20.042917,12740,11456,1284,0
european-seas,2017-06-26,20.15779,12740,11456,1284,0
european-seas,2017-06-27,20.242434,12740,11456,1284,0
european-seas,2017-06-28,20.296066,12740,11456,1284,0
european-seas,2017-06-29,20.320192,12740,11456,1284,0
european-seas,2017-06-30,20.385881,12740,11456,1284,0
european-seas,2017-07-01,20.371681,12740,11456,1284,0
european-seas,2017-07-02,20.362925,12740,11456,1284,0
european-seas,2017-07-03,20.37958,12740,11456,1284,0
european-seas,2017-07-04,20.321278,12740,11456,1284,0
european-seas,2017-07-05,20.317184,12740,11456,1284,0
european-seas,2017-07-06,20.407543,12740,11456,1284,0
european-seas,2017-07-07,20.546753,12740,11456,1284,0
european-seas,2017-07-08,20.740852,12740,11456,1284,0
european-seas,2017-07-09,20.916803,12740,11456,1284,0
european-seas,2017-07-10,21.047407,12740,11456,1284,0
european-seas,2017-07-11,21.113504,12740,11456,1284,0
european-seas,2017-07-12,21.227818,12740,11456,1284,0
european-seas,2017-07-13,21.23184,12740,11456,1284,0
european-seas,2017-07-14,21.165806,12740,11456,1284,0
european-seas,2017-07-15,21.234089,12740,11456,1284,0
european-seas,2017-07-16,21.256023,12740,11456,1284,0
european-seas,2017-07-17,21.220716,12740,11456,1284,0
european-seas,2017-07-18,21.217564,12740,11456,1284,0
european-seas,2017-07-19,21.128767,12740,11456,1284,0
european-seas,2017-07-20,21.077532,12740,11456,1284,0
european-seas,2017-07-21,21.159578,12740,11456,1284,0
european-seas,2017-07-22,21.289902,12740,11456,1284,0
european-seas,2017-07-23,21.411549,12740,11456,1284,0
european-seas,2017-07-24,21.457144,12740,11456,1284,0
european-seas,2017-07-25,21.426315,12740,11456,1284,0
european-seas,2017-07-26,21.396849,12740,11456,1284,0
european-seas,2017-07-27,21.417572,12740,11456,1284,0
european-seas,2017-07-28,21.44487,12740,11456,1284,0
european-seas,2017-07-29,21.511438,12740,11456,1284,0
european-seas,2017-07-30,21.607172,12740,11456,1284,0
european-seas,2017-07-31,21.675144,12740,11456,1284,0
european-seas,2017-08-01,21.752392,12740,11456,1284,0
european-seas,2017-08-02,21.85992,12740,11456,1284,0
european-seas,2017-08-03,21.951422,12740,11456,1284,0
european-seas,2017-08-04,22.062378,12740,11456,1284,0
european-seas,2017-08-05,22.15075,12740,11456,1284,0
european-seas,2017-08-06,22.182295,12740,11456,1284,0
european-seas,2017-08-07,22.21946,12740,11456,1284,0
european-seas,2017-08-08,22.232729,12740,11456,1284,0
european-seas,2017-08-09,22.199234,12740,11456,1284,0
european-seas,2017-08-10,22.099041,12740,11456,1284,0
european-seas,2017-08-11,21.956938,12740,11456,1284,0
european-seas,2017-08-12,21.816969,12740,11456,1284,0
european-seas,2017-08-13,21.748459,12740,11456,1284,0
european-seas,2017-08-14,21.71848,12740,11456,1284,0
european-seas,2017-08-15,21.734667,12740,11456,1284,0
european-seas,2017-08-16,21.800226,12740,11456,1284,0
european-seas,2017-08-17,21.86498,12740,11456,1284,0
european-seas,2017-08-18,21.91237,12740,11456,1284,0
european-seas,2017-08-19,21.92691,12740,11456,1284,0
european-seas,2017-08-20,21.890055,12740,11456,1284,0
european-seas,2017-08-21,21.877924,12740,11456,1284,0
european-seas,2017-08-22,21.815598,12740,11456,1284,0
european-seas,2017-08-23,21.777987,12740,11456,1284,0
european-seas,2017-08-24,21.772245,12740,11456,1284,0
european-seas,2017-08-25,21.798733,12740,11456,1284,0
european-seas,2017-08-26,21.851227,12740,11456,1284,0
european-seas,2017-08-27,21.87748,12740,11456,1284,0
european-seas,2017-08-28,21.938345,12740,11456,1284,0
european-seas,2017-08-29,21.888319,12740,11456,1284,0
european-seas,2017-08-30,21.75352,12740,11456,1284,0
european-seas,2017-08-31,21.662405,12740,11456,1284,0
european-seas,2017-09-01,21.616682,12740,11456,1284,0
european-seas,2017-09-02,21.522663,12740,11456,1284,0
european-seas,2017-09-03,21.397366,12740,11456,1284,0
european-seas,2017-09-04,21.44698,12740,11456,1284,0
european-seas,2017-09-05,21.431225,12740,11456,1284,0
european-seas,2017-09-06,21.328896,12740,11456,1284,0
european-seas,2017-09-07,21.175379,12740,11456,1284,0
european-seas,2017-09-08,21.063272,12740,11456,1284,0
european-seas,2017-09-09,20.973907,12740,11456,1284,0
european-seas,2017-09-10,20.848026,12740,11456,1284,0
european-seas,2017-09-11,20.743902,12740,11456,1284,0
european-seas,2017-09-12,20.681225,12740,11456,1284,0
european-seas,2017-09-13,20.633339,12740,11456,1284,0
european-seas,2017-09-14,20.539312,12740,11456,1284,0
european-seas,2017-09-15,20.47591,12740,11456,1284,0
european-seas,2017-09-16,20.42589,12740,11456,1284,0
european-seas,2017-09-17,20.422525,12740,11456,1284,0
european-seas,2017-09-18,20.396126,12740,11456,1284,0
european-seas,2017-09-19,20.326395,12740,11456,1284,0
european-seas,2017-09-20,20.246778,12740,11456,1284,0
european-seas,2017-09-21,20.164783,12740,11456,1284,0
european-seas,2017-09-22,20.062838,12740,11456,1284,0
european-seas,2017-09-23,20.035433,12740,11456,1284,0
european-seas,2017-09-24,20.040443,12740,11456,1284,0
european-seas,2017-09-25,20.041897,12740,11456,1284,0
european-seas,2017-09-26,19.984005,12740,11456,1284,0
european-seas,2017-09-27,19.926945,12740,11456,1284,0
european-seas,2017-09-28,19.833363,12740,11456,1284,0
european-seas,2017-09-29,19.76057,12740,11456,1284,0
european-seas,2017-09-30,19.684143,12740,11456,1284,0
european-seas,2017-10-01,19.599379,12740,11456,1284,0
european-seas,2017-10-02,19.500961,12740,11456,1284,0
european-seas,2017-10-03,19.349466,12740,11456,1284,0
european-seas,2017-10-04,19.253841,12740,11456,1284,0
european-seas,2017-10-05,19.216368,12740,11456,1284,0
european-seas,2017-10-06,19.163301,12740,11456,1284,0
european-seas,2017-10-07,19.058607,12740,11456,1284,0
european-seas,2017-10-08,18.934153,12740,11456,1284,0
european-seas,2017-10-09,18.889507,12740,11456,1284,0
european-seas,2017-10-10,18.831701,12740,11456,1284,0
european-seas,2017-10-11,18.809399,12740,11456,1284,0
european-seas,2017-10-12,18.797235,12740,11456,1284,0
european-seas,2017-10-13,18.782663,12740,11456,1284,0
european-seas,2017-10-14,18.75586,12740,11456,1284,0
european-seas,2017-10-15,18.667028,12740,11456,1284,0
european-seas,2017-10-16,18.553505,12740,11456,1284,0
european-seas,2017-10-17,18.487682,12740,11456,1284,0
european-seas,2017-10-18,18.444107,12740,11456,1284,0
european-seas,2017-10-19,18.425404,12740,11456,1284,0
european-seas,2017-10-20,18.36136,12740,11456,1284,0
european-seas,2017-10-21,18.274942,12740,11456,1284,0
european-seas,2017-10-22,18.221365,12740,11456,1284,0
european-seas,2017-10-23,18.150743,12740,11456,1284,0
european-seas,2017-10-24,18.060686,12740,11456,1284,0
european-seas,2017-10-25,17.94416,12740,11456,1284,0
european-seas,2017-10-26,17.885902,12740,11456,1284,0
european-seas,2017-10-27,17.836208,12740,11456,1284,0
european-seas,2017-10-28,17.721888,12740,11456,1284,0
european-seas,2017-10-29,17.53557,12740,11456,1284,0
european-seas,2017-10-30,17.343843,12740,11456,1284,0
european-seas,2017-10-31,17.226675,12740,11456,1284,0
european-seas,2017-11-01,17.170082,12740,11456,1284,0
european-seas,2017-11-02,17.137495,12740,11456,1284,0
european-seas,2017-11-03,17.093857,12740,11456,1284,0
european-seas,2017-11-04,16.998013,12740,11456,1284,0
european-seas,2017-11-05,16.89365,12740,11456,1284,0
european-seas,2017-11-06,16.77411,12740,11456,1284,0
european-seas,2017-11-07,16.647615,12740,11456,1284,0
european-seas,2017-11-08,16.567148,12740,11456,1284,0
european-seas,2017-11-09,16.469389,12740,11456,1284,0
european-seas,2017-11-10,16.384296,12740,11456,1284,0
european-seas,2017-11-11,16.29752,12740,11456,1284,0
european-seas,2017-11-12,16.220774,12740,11456,1284,0
european-seas,2017-11-13,16.13005,12740,11456,1284,0
european-seas,2017-11-14,16.042143,12740,11456,1284,0
european-seas,2017-11-15,15.970727,12740,11456,1284,0
european-seas,2017-11-16,15.891145,12740,11456,1284,0
european-seas,2017-11-17,15.841037,12740,11456,1284,0
european-seas,2017-11-18,15.771624,12740,11456,1284,0
european-seas,2017-11-19,15.703751,12740,11456,1284,0
european-seas,2017-11-20,15.607088,12740,11456,1284,0
european-seas,2017-11-21,15.525052,12740,11456,1284,0
european-seas,2017-11-22,15.492374,12740,11456,1284,0
european-seas,2017-11-23,15.443127,12740,11444,1284,12
european-seas,2017-11-24,15.368763,12740,11444,1284,12
european-seas,2017-11-25,15.281363,12740,11444,1284,12
european-seas,2017-11-26,15.1827345,12740,11444,1284,12
european-seas,2017-11-27,15.077232,12740,11444,1284,12
european-seas,2017-11-28,14.952834,12740,11444,1284,12
european-seas,2017-11-29,14.868294,12740,11452,1284,4
european-seas,2017-11-30,14.779995,12740,11456,1284,0
european-seas,2017-12-01,14.667524,12740,11456,1284,0
european-seas,2017-12-02,14.595344,12740,11456,1284,0
european-seas,2017-12-03,14.533461,12740,11456,1284,0
european-seas,2017-12-04,14.48643,12740,11456,1284,0
european-seas,2017-12-05,14.389221,12740,11456,1284,0
european-seas,2017-12-06,14.2684765,12740,11456,1284,0
european-seas,2017-12-07,14.172134,12740,11456,1284,0
european-seas,2017-12-08,14.137478,12740,11456,1284,0
european-seas,2017-12-09,14.107006,12740,11444,1284,12
european-seas,2017-12-10,14.019505,12740,11440,1284,16
european-seas,2017-12-11,13.977553,12740,11428,1284,28
european-seas,2017-12-12,13.938962,12740,11424,1284,32
european-seas,2017-12-13,13.906851,12740,11424,1284,32
european-seas,2017-12-14,13.856981,12740,11424,1284,32
european-seas,2017-12-15,13.792634,12740,11428,1284,28
european-seas,2017-12-16,13.684649,12740,11428,1284,28
european-seas,2017-12-17,13.610794,12740,11440,1284,16
european-seas,2017-12-18,13.545206,12740,11444,1284,12
european-seas,2017-12-19,13.4865675,12740,11444,1284,12
european-seas,2017-12-20,13.416509,12740,11444,1284,12
european-seas,2017-12-21,13.390791,12740,11440,1284,16
european-seas,2017-12-22,13.352197,12740,11440,1284,16
european-seas,2017-12-23,13.315311,12740,11432,1284,24
european-seas,2017-12-24,13.269885,12740,11432,1284,24
european-seas,2017-12-25,13.241398,12740,11432,1284,24
european-seas,2017-12-26,13.187793,12740,11424,1284,32
european-seas,2017-12-27,13.116291,12740,11420,1284,36
european-seas,2017-12-28,13.083082,12740,11411,1284,45
european-seas,2017-12-29,13.076412,12740,11399,1284,57
european-seas,2017-12-30,13.026829,12740,11394,1284,62
european-seas,2017-12-31,12.964049,12740,11394,1284,62
european-seas,2018-01-01,12.936071,12740,11394,1284,62
european-seas,2018-01-02,12.881528,12740,11390,1284,66
european-seas,2018-01-03,12.828132,12740,11382,1284,74
european-seas,2018-01-04,12.786808,12740,11365,1284,91
european-seas,2018-01-05,12.753436,12740,11357,1284,99
european-seas,2018-01-06,12.751147,12740,11345,1284,111
european-seas,2018-01-07,12.74422,12740,11332,1284,124
european-seas,2018-01-08,12.712079,12740,11324,1284,132
european-seas,2018-01-09,12.688754,12740,11330,1284,126
european-seas,2018-01-10,12.578473,12740,11336,1284,120
european-seas,2018-01-11,12.523201,12740,11326,1284,130
european-seas,2018-01-12,12.510434,12740,11326,1284,130
european-seas,2018-01-13,12.473268,12740,11330,1284,126
european-seas,2018-01-14,12.456198,12740,11330,1284,126
european-seas,2018-01-15,12.450341,12740,11322,1284,134
european-seas,2018-01-16,12.4412,12740,11322,1284,134
european-seas,2018-01-17,12.416956,12740,11313,1284,143
european-seas,2018-01-18,12.373002,12740,11313,1284,143
european-seas,2018-01-19,12.345822,12740,11313,1284,143
european-seas,2018-01-20,12.269766,12740,11311,1284,145
european-seas,2018-01-21,12.27117,12740,11304,1284,152
european-seas,2018-01-22,12.274541,12740,11296,1284,160
european-seas,2018-01-23,12.254357,12740,11290,1284,166
european-seas,2018-01-24,12.238587,12740,11266,1284,190
european-seas,2018-01-25,12.203535,12740,11243,1284,213
european-seas,2018-01-26,12.168236,12740,11243,1284,213
european-seas,2018-01-27,12.165025,12740,11243,1284,213
european-seas,2018-01-28,12.194346,12740,11245,1284,211
european-seas,2018-01-29,12.196413,12740,11254,1284,202
european-seas,2018-01-30,12.172026,12740,11258,1284,198
european-seas,2018-01-31,12.137051,12740,11270,1284,186
european-seas,2018-02-01,12.158528,12740,11266,1284,190
european-seas,2018-02-02,12.144631,12740,11262,1284,194
european-seas,2018-02-03,12.037067,12740,11262,1284,194
european-seas,2018-02-04,11.992865,12740,11262,1284,194
european-seas,2018-02-05,11.932752,12740,11267,1284,189
european-seas,2018-02-06,11.907902,12740,11245,1284,211
european-seas,2018-02-07,11.914152,12740,11245,1284,211
european-seas,2018-02-08,11.912722,12740,11241,1284,215
european-seas,2018-02-09,11.905771,12740,11237,1284,219
european-seas,2018-02-10,11.903394,12740,11233,1284,223
european-seas,2018-02-11,11.888249,12740,11233,1284,223
european-seas,2018-02-12,11.84427,12740,11219,1284,237
european-seas,2018-02-13,11.800882,12740,11214,1284,242
european-seas,2018-02-14,11.792207,12740,11207,1284,249
european-seas,2018-02-15,11.78066,12740,11212,1284,244
european-seas,2018-02-16,11.774696,12740,11216,1284,240
european-seas,2018-02-17,11.752824,12740,11207,1284,249
european-seas,2018-02-18,11.754962,12740,11205,1284,251
european-seas,2018-02-19,11.74524,12740,11201,1284,255
european-seas,2018-02-20,11.758547,12740,11187,1284,269
european-seas,2018-02-21,11.778424,12740,11167,1284,289
european-seas,2018-02-22,11.7738695,12740,11145,1284,311
european-seas,2018-02-23,11.769729,12740,11119,1284,337
european-seas,2018-02-24,11.739106,12740,11082,1284,374
european-seas,2018-02-25,11.752309,12740,11075,1284,381
european-seas,2018-02-26,11.713077,12740,11070,1284,386
european-seas,2018-02-27,11.655392,12740,11079,1284,377
european-seas,2018-02-28,11.610882,12740,11060,1284,396
european-seas,2018-03-01,11.62307,12740,11040,1284,416
european-seas,2018-03-02,11.624584,12740,11023,1284,433
european-seas,2018-03-03,11.612261,12740,11003,1284,453
european-seas,2018-03-04,11.596714,12740,10980,1284,476
european-seas,2018-03-05,11.586451,12740,10972,1284,484
european-seas,2018-03-06,11.599615,12740,10965,1284,491
european-seas,2018-03-07,11.656339,12740,10953,1284,503
european-seas,2018-03-08,11.755676,12740,10919,1284,537
european-seas,2018-03-09,11.840217,12740,10916,1284,540
european-seas,2018-03-10,11.9134865,12740,10894,1284,562
european-seas,2018-03-11,11.885071,12740,10894,1284,562
european-seas,2018-03-12,11.874903,12740,10893,1284,563
european-seas,2018-03-13,11.84396,12740,10893,1284,563
european-seas,2018-03-14,11.8522415,12740,10893,1284,563
european-seas,2018-03-15,11.870652,12740,10900,1284,556
european-seas,2018-03-16,11.861837,12740,10904,1284,552
european-seas,2018-03-17,11.864047,12740,10912,1284,544
european-seas,2018-03-18,11.843121,12740,10930,1284,526
european-seas,2018-03-19,11.807288,12740,10942,1284,514
european-seas,2018-03-20,11.790319,12740,10942,1284,514
european-seas,2018-03-21,11.735309,12740,10944,1284,512
european-seas,2018-03-22,11.709628,12740,10931,1284,525
european-seas,2018-03-23,11.715009,12740,10924,1284,532
european-seas,2018-03-24,11.745766,12740,10914,1284,542
european-seas,2018-03-25,11.754555,12740,10918,1284,538
european-seas,2018-03-26,11.776259,12740,10939,1284,517
european-seas,2018-03-27,11.819571,12740,10954,1284,502
european-seas,2018-03-28,11.878366,12740,10972,1284,484
european-seas,2018-03-29,11.920736,12740,10988,1284,468
european-seas,2018-03-30,11.958657,12740,11012,1284,444
european-seas,2018-03-31,11.938104,12740,11018,1284,438
european-seas,2018-04-01,11.943245,12740,11039,1284,417
european-seas,2018-04-02,11.967261,12740,11040,1284,416
european-seas,2018-04-03,12.021685,12740,11036,1284,420
european-seas,2018-04-04,12.100478,12740,11047,1284,409
european-seas,2018-04-05,12.207867,12740,11058,1284,398
european-seas,2018-04-06,12.233717,12740,11068,1284,388
european-seas,2018-04-07,12.256469,12740,11080,1284,376
european-seas,2018-04-08,12.34462,12740,11101,1284,355
european-seas,2018-04-09,12.388341,12740,11108,1284,348
european-seas,2018-04-10,12.374433,12740,11135,1284,321
european-seas,2018-04-11,12.4131,12740,11144,1284,312
european-seas,2018-04-12,12.557632,12740,11156,1284,300
european-seas,2018-04-13,12.64705,12740,11180,1284,276
european-seas,2018-04-14,12.675308,12740,11203,1284,253
european-seas,2018-04-15,12.64368,12740,11213,1284,243
european-seas,2018-04-16,12.755002,12740,11229,1284,227
european-seas,2018-04-17,12.908627,12740,11261,1284,195
european-seas,2018-04-18,13.134684,12740,11289,1284,167
european-seas,2018-04-19,13.26559,12740,11302,1284,154
european-seas,2018-04-20,13.426563,12740,11302,1284,154
european-seas,2018-04-21,13.573748,12740,11303,1284,153
european-seas,2018-04-22,13.676455,12740,11320,1284,136
european-seas,2018-04-23,13.863932,12740,11320,1284,136
european-seas,2018-04-24,14.006195,12740,11306,1284,150
european-seas,2018-04-25,14.133311,12740,11306,1284,150
european-seas,2018-04-26,14.182304,12740,11328,1284,128
european-seas,2018-04-27,14.2433195,12740,11328,1284,128
european-seas,2018-04-28,14.300382,12740,11328,1284,128
european-seas,2018-04-29,14.301298,12740,11334,1284,122
european-seas,2018-04-30,14.313639,12740,11336,1284,120
european-seas,2018-05-01,14.3022175,12740,11348,1284,108
european-seas,2018-05-02,14.244326,12740,11348,1284,108
european-seas,2018-05-03,14.271709,12740,11348,1284,108
european-seas,2018-05-04,14.434356,12740,11348,1284,108
european-seas,2018-05-05,14.656231,12740,11348,1284,108
european-seas,2018-05-06,14.901483,12740,11355,1284,101
european-seas,2018-05-07,15.084385,12740,11355,1284,101
european-seas,2018-05-08,15.117,12740,11355,1284,101
european-seas,2018-05-09,15.095411,12740,11355,1284,101
european-seas,2018-05-10,15.132258,12740,11355,1284,101
european-seas,2018-05-11,15.18571,12740,11368,1284,88
european-seas,2018-05-12,15.247911,12740,11372,1284,84
european-seas,2018-05-13,15.340132,12740,11383,1284,73
european-seas,2018-05-14,15.463828,12740,11383,1284,73
european-seas,2018-05-15,15.535625,12740,11411,1284,45
european-seas,2018-05-16,15.599225,12740,11422,1284,34
european-seas,2018-05-17,15.66862,12740,11438,1284,18
european-seas,2018-05-18,15.726099,12740,11456,1284,0
european-seas,2018-05-19,15.86143,12740,11456,1284,0
european-seas,2018-05-20,16.033749,12740,11456,1284,0
european-seas,2018-05-21,16.194567,12740,11456,1284,0
european-seas,2018-05-22,16.368132,12740,11456,1284,0
european-seas,2018-05-23,16.564838,12740,11456,1284,0
european-seas,2018-05-24,16.709286,12740,11456,1284,0
european-seas,2018-05-25,16.867437,12740,11456,1284,0
european-seas,2018-05-26,17.067747,12740,11456,1284,0
european-seas,2018-05-27,17.241882,12740,11456,1284,0
european-seas,2018-05-28,17.428518,12740,11456,1284,0
european-seas,2018-05-29,17.592999,12740,11456,1284,0
european-seas,2018-05-30,17.716972,12740,11456,1284,0
european-seas,2018-05-31,17.879154,12740,11456,1284,0
european-seas,2018-06-01,18.008133,12740,11456,1284,0
european-seas,2018-06-02,18.151493,12740,11456,1284,0
european-seas,2018-06-03,18.23119,12740,11456,1284,0
european-seas,2018-06-04,18.205225,12740,11456,1284,0
european-seas,2018-06-05,18.31562,12740,11456,1284,0
european-seas,2018-06-06,18.391441,12740,11456,1284,0
european-seas,2018-06-07,18.451284,12740,11456,1284,0
european-seas,2018-06-08,18.596104,12740,11456,1284,0
european-seas,2018-06-09,18.718431,12740,11456,1284,0
european-seas,2018-06-10,18.791353,12740,11456,1284,0
european-seas,2018-06-11,18.80469,12740,11456,1284,0
european-seas,2018-06-12,18.864443,12740,11456,1284,0
european-seas,2018-06-13,18.802217,12740,11456,1284,0
european-seas,2018-06-14,18.76945,12740,11456,1284,0
european-seas,2018-06-15,18.826466,12740,11456,1284,0
european-seas,2018-06-16,18.916008,12740,11456,1284,0
european-seas,2018-06-17,18.97269,12740,11456,1284,0
european-seas,2018-06-18,19.068453,12740,11456,1284,0
european-seas,2018-06-19,19.182873,12740,11456,1284,0
european-seas,2018-06-20,19.350107,12740,11456,1284,0
european-seas,2018-06-21,19.49193,12740,11456,1284,0
european-seas,2018-06-22,19.462368,12740,11456,1284,0
european-seas,2018-06-23,19.45762,12740,11456,1284,0
european-seas,2018-06-24,19.523499,12740,11456,1284,0
european-seas,2018-06-25,19.66599,12740,11456,1284,0
european-seas,2018-06-26,19.76402,12740,11456,1284,0
european-seas,2018-06-27,19.927706,12740,11456,1284,0
european-seas,2018-06-28,20.06486,12740,11456,1284,0
european-seas,2018-06-29,20.053009,12740,11456,1284,0
european-seas,2018-06-30,20.039658,12740,11456,1284,0
european-seas,2018-07-01,20.054863,12740,11456,1284,0
european-seas,2018-07-02,20.125145,12740,11456,1284,0
european-seas,2018-07-03,20.32163,12740,11456,1284,0
european-seas,2018-07-04,20.447271,12740,11456,1284,0
european-seas,2018-07-05,20.506432,12740,11456,1284,0
european-seas,2018-07-06,20.603024,12740,11456,1284,0
european-seas,2018-07-07,20.747993,12740,11456,1284,0
european-seas,2018-07-08,20.939825,12740,11456,1284,0
european-seas,2018-07-09,21.106646,12740,11456,1284,0
european-seas,2018-07-10,21.2027,12740,11456,1284,0
european-seas,2018-07-11,21.237831,12740,11456,1284,0
european-seas,2018-07-12,21.338583,12740,11456,1284,0
european-seas,2018-07-13,21.480282,12740,11456,1284,0
european-seas,2018-07-14,21.562302,12740,11456,1284,0
european-seas,2018-07-15,21.668892,12740,11456,1284,0
european-seas,2018-07-16,21.71325,12740,11456,1284,0
european-seas,2018-07-17,21.702845,12740,11456,1284,0
european-seas,2018-07-18,21.739408,12740,11456,1284,0
european-seas,2018-07-19,21.83061,12740,11456,1284,0
european-seas,2018-07-20,21.926819,12740,11456,1284,0
european-seas,2018-07-21,21.995441,12740,11456,1284,0
european-seas,2018-07-22,22.047405,12740,11456,1284,0
european-seas,2018-07-23,22.1403,12740,11456,1284,0
european-seas,2018-07-24,22.246445,12740,11456,1284,0
european-seas,2018-07-25,22.404064,12740,11456,1284,0
european-seas,2018-07-26,22.544252,12740,11456,1284,0
european-seas,2018-07-27,22.612484,12740,11456,1284,0
european-seas,2018-07-28,22.585884,12740,11456,1284,0
european-seas,2018-07-29,22.558212,12740,11456,1284,0
european-seas,2018-07-30,22.618025,12740,11456,1284,0
european-seas,2018-07-31,22.721565,12740,11456,1284,0
european-seas,2018-08-01,22.737333,12740,11456,1284,0
european-seas,2018-08-02,22.850325,12740,11456,1284,0
european-seas,2018-08-03,22.97327,12740,11456,1284,0
european-seas,2018-08-04,22.992502,12740,11456,1284,0
european-seas,2018-08-05,22.978891,12740,11456,1284,0
european-seas,2018-08-06,22.9655,12740,11456,1284,0
european-seas,2018-08-07,22.918642,12740,11456,1284,0
european-seas,2018-08-08,22.869675,12740,11456,1284,0
european-seas,2018-08-09,22.81905,12740,11456,1284,0
european-seas,2018-08-10,22.698261,12740,11456,1284,0
european-seas,2018-08-11,22.538675,12740,11456,1284,0
european-seas,2018-08-12,22.530497,12740,11456,1284,0
european-seas,2018-08-13,22.511011,12740,11456,1284,0
european-seas,2018-08-14,22.440145,12740,11456,1284,0
european-seas,2018-08-15,22.400013,12740,11456,1284,0
european-seas,2018-08-16,22.37288,12740,11456,1284,0
european-seas,2018-08-17,22.32131,12740,11456,1284,0
european-seas,2018-08-18,22.294662,12740,11456,1284,0
european-seas,2018-08-19,22.218765,12740,11456,1284,0
european-seas,2018-08-20,22.198416,12740,11456,1284,0
european-seas,2018-08-21,22.31101,12740,11456,1284,0
european-seas,2018-08-22,22.368652,12740,11456,1284,0
european-seas,2018-08-23,22.34765,12740,11456,1284,0
european-seas,2018-08-24,22.207382,12740,11456,1284,0
european-seas,2018-08-25,22.082502,12740,11456,1284,0
european-seas,2018-08-26,21.972803,12740,11456,1284,0
european-seas,2018-08-27,21.89867,12740,11456,1284,0
european-seas,2018-08-28,21.845705,12740,11456,1284,0
european-seas,2018-08-29,21.849295,12740,11456,1284,0
european-seas,2018-08-30,21.818373,12740,11456,1284,0
european-seas,2018-08-31,21.83081,12740,11456,1284,0
european-seas,2018-09-01,21.88973,12740,11456,1284,0
european-seas,2018-09-02,21.908121,12740,11456,1284,0
european-seas,2018-09-03,21.881441,12740,11456,1284,0
european-seas,2018-09-04,21.831823,12740,11456,1284,0
european-seas,2018-09-05,21.806389,12740,11456,1284,0
european-seas,2018-09-06,21.77593,12740,11456,1284,0
european-seas,2018-09-07,21.733257,12740,11456,1284,0
european-seas,2018-09-08,21.704134,12740,11456,1284,0
european-seas,2018-09-09,21.651365,12740,11456,1284,0
european-seas,2018-09-10,21.635767,12740,11456,1284,0
european-seas,2018-09-11,21.573753,12740,11456,1284,0
european-seas,2018-09-12,21.492048,12740,11456,1284,0
european-seas,2018-09-13,21.378277,12740,11456,1284,0
european-seas,2018-09-14,21.265463,12740,11456,1284,0
european-seas,2018-09-15,21.1972,12740,11456,1284,0
european-seas,2018-09-16,21.146242,12740,11456,1284,0
european-seas,2018-09-17,21.119993,12740,11456,1284,0
european-seas,2018-09-18,21.086699,12740,11456,1284,0
european-seas,2018-09-19,21.018011,12740,11456,1284,0
european-seas,2018-09-20,20.910872,12740,11456,1284,0
european-seas,2018-09-21,20.814032,12740,11456,1284,0
european-seas,2018-09-22,20.751598,12740,11456,1284,0
european-seas,2018-09-23,20.681215,12740,11456,1284,0
european-seas,2018-09-24,20.569906,12740,11456,1284,0
european-seas,2018-09-25,20.399347,12740,11456,1284,0
european-seas,2018-09-26,20.119574,12740,11456,1284,0
european-seas,2018-09-27,19.81906,12740,11456,1284,0
european-seas,2018-09-28,19.636642,12740,11456,1284,0
european-seas,2018-09-29,19.568584,12740,11456,1284,0
european-seas,2018-09-30,19.492714,12740,11456,1284,0
european-seas,2018-10-01,19.409668,12740,11456,1284,0
european-seas,2018-10-02,19.33933,12740,11456,1284,0
european-seas,2018-10-03,19.304491,12740,11456,1284,0
european-seas,2018-10-04,19.285774,12740,11456,1284,0
european-seas,2018-10-05,19.220558,12740,11456,1284,0
european-seas,2018-10-06,19.092443,12740,11456,1284,0
european-seas,2018-10-07,18.985014,12740,11456,1284,0
european-seas,2018-10-08,18.957335,12740,11456,1284,0
european-seas,2018-10-09,18.965864,12740,11456,1284,0
european-seas,2018-10-10,18.966864,12740,11456,1284,0
european-seas,2018-10-11,18.942347,12740,11456,1284,0
european-seas,2018-10-12,18.90921,12740,11456,1284,0
european-seas,2018-10-13,18.84015,12740,11456,1284,0
european-seas,2018-10-14,18.803942,12740,11456,1284,0
european-seas,2018-10-15,18.737137,12740,11456,1284,0
european-seas,2018-10-16,18.65633,12740,11456,1284,0
european-seas,2018-10-17,18.571371,12740,11456,1284,0
european-seas,2018-10-18,18.485323,12740,11456,1284,0
european-seas,2018-10-19,18.38727,12740,11456,1284,0
european-seas,2018-10-20,18.355091,12740,11456,1284,0
european-seas,2018-10-21,18.332956,12740,11456,1284,0
european-seas,2018-10-22,18.271158,12740,11456,1284,0
european-seas,2018-10-23,18.222443,12740,11456,1284,0
european-seas,2018-10-24,18.132774,12740,11456,1284,0
european-seas,2018-10-25,17.930904,12740,11456,1284,0
european-seas,2018-10-26,17.725437,12740,11456,1284,0
european-seas,2018-10-27,17.54208,12740,11456,1284,0
european-seas,2018-10-28,17.351238,12740,11456,1284,0
european-seas,2018-10-29,17.152206,12740,11456,1284,0
european-seas,2018-10-30,17.077692,12740,11456,1284,0
european-seas,2018-10-31,17.039999,12740,11456,1284,0
european-seas,2018-11-01,17.00491,12740,11456,1284,0
european-seas,2018-11-02,16.976746,12740,11456,1284,0
european-seas,2018-11-03,16.940582,12740,11456,1284,0
european-seas,2018-11-04,16.85749,12740,11456,1284,0
european-seas,2018-11-05,16.79103,12740,11456,1284,0
european-seas,2018-11-06,16.720587,12740,11456,1284,0
european-seas,2018-11-07,16.653097,12740,11456,1284,0
european-seas,2018-11-08,16.585798,12740,11456,1284,0
european-seas,2018-11-09,16.518007,12740,11456,1284,0
european-seas,2018-11-10,16.465248,12740,11456,1284,0
european-seas,2018-11-11,16.411488,12740,11456,1284,0
european-seas,2018-11-12,16.361158,12740,11456,1284,0
european-seas,2018-11-13,16.268831,12740,11456,1284,0
european-seas,2018-11-14,16.206879,12740,11456,1284,0
european-seas,2018-11-15,16.132648,12740,11456,1284,0
european-seas,2018-11-16,16.064589,12740,11456,1284,0
european-seas,2018-11-17,15.969142,12740,11456,1284,0
european-seas,2018-11-18,15.868797,12740,11456,1284,0
european-seas,2018-11-19,15.763068,12740,11456,1284,0
european-seas,2018-11-20,15.621539,12740,11456,1284,0
european-seas,2018-11-21,15.536763,12740,11456,1284,0
european-seas,2018-11-22,15.479023,12740,11456,1284,0
european-seas,2018-11-23,15.411205,12740,11456,1284,0
european-seas,2018-11-24,15.319519,12740,11456,1284,0
european-seas,2018-11-25,15.270728,12740,11456,1284,0
european-seas,2018-11-26,15.215588,12740,11456,1284,0
european-seas,2018-11-27,15.137147,12740,11456,1284,0
european-seas,2018-11-28,15.065026,12740,11456,1284,0
european-seas,2018-11-29,14.985895,12740,11456,1284,0
european-seas,2018-11-30,14.918494,12740,11456,1284,0
european-seas,2018-12-01,14.827005,12740,11456,1284,0
european-seas,2018-12-02,14.752662,12740,11456,1284,0
european-seas,2018-12-03,14.71333,12740,11456,1284,0
european-seas,2018-12-04,14.693094,12740,11456,1284,0
european-seas,2018-12-05,14.675398,12740,11456,1284,0
european-seas,2018-12-06,14.575198,12740,11456,1284,0
european-seas,2018-12-07,14.46206,12740,11456,1284,0
european-seas,2018-12-08,14.413291,12740,11456,1284,0
european-seas,2018-12-09,14.3685255,12740,11456,1284,0
european-seas,2018-12-10,14.273079,12740,11456,1284,0
european-seas,2018-12-11,14.183671,12740,11456,1284,0
european-seas,2018-12-12,14.101941,12740,11456,1284,0
european-seas,2018-12-13,14.024685,12740,11456,1284,0
european-seas,2018-12-14,13.951495,12740,11448,1284,8
european-seas,2018-12-15,13.865898,12740,11448,1284,8
european-seas,2018-12-16,13.800627,12740,11448,1284,8
european-seas,2018-12-17,13.752415,12740,11448,1284,8
european-seas,2018-12-18,13.681558,12740,11448,1284,8
european-seas,2018-12-19,13.610865,12740,11448,1284,8
european-seas,2018-12-20,13.545161,12740,11444,1284,12
european-seas,2018-12-21,13.497048,12740,11436,1284,20
european-seas,2018-12-22,13.46979,12740,11436,1284,20
european-seas,2018-12-23,13.446398,12740,11432,1284,24
european-seas,2018-12-24,13.419851,12740,11432,1284,24
european-seas,2018-12-25,13.37246,12740,11432,1284,24
european-seas,2018-12-26,13.339652,12740,11432,1284,24
european-seas,2018-12-27,13.27756,12740,11432,1284,24
european-seas,2018-12-28,13.233863,12740,11432,1284,24
european-seas,2018-12-29,13.225187,12740,11420,1284,36
european-seas,2018-12-30,13.235532,12740,11420,1284,36
european-seas,2018-12-31,13.2410755,12740,11420,1284,36
european-seas,2019-01-01,13.19496,12740,11415,1284,41
european-seas,2019-01-02,13.144056,12740,11411,1284,45
european-seas,2019-01-03,13.072356,12740,11403,1284,53
european-seas,2019-01-04,13.004312,12740,11372,1284,84
european-seas,2019-01-05,12.964663,12740,11353,1284,103
european-seas,2019-01-06,12.93055,12740,11353,1284,103
european-seas,2019-01-07,12.880626,12740,11349,1284,107
european-seas,2019-01-08,12.817287,12740,11341,1284,115
european-seas,2019-01-09,12.757709,12740,11329,1284,127
european-seas,2019-01-10,12.679468,12740,11335,1284,121
european-seas,2019-01-11,12.645641,12740,11335,1284,121
european-seas,2019-01-12,12.581435,12740,11337,1284,119
european-seas,2019-01-13,12.534999,12740,11331,1284,125
european-seas,2019-01-14,12.49342,12740,11339,1284,117
european-seas,2019-01-15,12.434409,12740,11353,1284,103
european-seas,2019-01-16,12.412495,12740,11353,1284,103
european-seas,2019-01-17,12.391592,12740,11349,1284,107
european-seas,2019-01-18,12.354378,12740,11349,1284,107
european-seas,2019-01-19,12.321481,12740,11325,1284,131
european-seas,2019-01-20,12.276872,12740,11306,1284,150
european-seas,2019-01-21,12.266462,12740,11299,1284,157
european-seas,2019-01-22,12.240329,12740,11286,1284,170
european-seas,2019-01-23,12.211178,12740,11264,1284,192
european-seas,2019-01-24,12.203986,12740,11224,1284,232
european-seas,2019-01-25,12.191758,12740,11219,1284,237
european-seas,2019-01-26,12.181742,12740,11202,1284,254
european-seas,2019-01-27,12.191556,12740,11184,1284,272
european-seas,2019-01-28,12.178729,12740,11176,1284,280
european-seas,2019-01-29,12.140703,12740,11160,1284,296
european-seas,2019-01-30,12.111823,12740,11148,1284,308
european-seas,2019-01-31,12.12048,12740,11132,1284,324
european-seas,2019-02-01,12.141242,12740,11118,1284,338
european-seas,2019-02-02,12.145686,12740,11096,1284,360
european-seas,2019-02-03,12.110502,12740,11086,1284,370
european-seas,2019-02-04,12.08836,12740,11075,1284,381
european-seas,2019-02-05,12.065725,12740,11072,1284,384
european-seas,2019-02-06,12.01917,12740,11066,1284,390
european-seas,2019-02-07,12.000507,12740,11059,1284,397
european-seas,2019-02-08,11.986623,12740,11052,1284,404
european-seas,2019-02-09,11.940404,12740,11052,1284,404
european-seas,2019-02-10,11.93857,12740,11052,1284,404
european-seas,2019-02-11,11.956818,12740,11067,1284,389
european-seas,2019-02-12,11.977264,12740,11067,1284,389
european-seas,2019-02-13,11.978464,12740,11070,1284,386
european-seas,2019-02-14,11.980767,12740,11082,1284,374
european-seas,2019-02-15,11.930946,12740,11106,1284,350
european-seas,2019-02-16,11.896409,12740,11100,1284,356
european-seas,2019-02-17,11.870193,12740,11103,1284,353
european-seas,2019-02-18,11.820537,12740,11129,1284,327
european-seas,2019-02-19,11.823117,12740,11125,1284,331
european-seas,2019-02-20,11.839347,12740,11119,1284,337
european-seas,2019-02-21,11.848704,12740,11129,1284,327
european-seas,2019-02-22,11.920978,12740,11135,1284,321
european-seas,2019-02-23,11.96201,12740,11127,1284,329
european-seas,2019-02-24,11.948015,12740,11119,1284,337
european-seas,2019-02-25,11.956371,12740,11111,1284,345
european-seas,2019-02-26,11.990972,12740,11111,1284,345
european-seas,2019-02-27,12.012525,12740,11111,1284,345
european-seas,2019-02-28,12.0155945,12740,11099,1284,357
european-seas,2019-03-01,11.995259,12740,11099,1284,357
european-seas,2019-03-02,11.9610405,12740,11113,1284,343
european-seas,2019-03-03,11.952705,12740,11117,1284,339
european-seas,2019-03-04,11.987619,12740,11119,1284,337
european-seas,2019-03-05,11.99831,12740,11127,1284,329
european-seas,2019-03-06,12.039328,12740,11131,1284,325
european-seas,2019-03-07,12.10184,12740,11137,1284,319
european-seas,2019-03-08,12.18406,12740,11137,1284,319
european-seas,2019-03-09,12.2184925,12740,11122,1284,334
european-seas,2019-03-10,12.209798,12740,11124,1284,332
european-seas,2019-03-11,12.141419,12740,11134,1284,322
european-seas,2019-03-12,12.039138,12740,11134,1284,322
european-seas,2019-03-13,12.002062,12740,11124,1284,332
european-seas,2019-03-14,11.969817,12740,11120,1284,336
european-seas,2019-03-15,11.994138,12740,11110,1284,346
european-seas,2019-03-16,12.0526905,12740,11114,1284,342
european-seas,2019-03-17,12.1335945,12740,11101,1284,355
european-seas,2019-03-18,12.164985,12740,11086,1284,370
european-seas,2019-03-19,12.144425,12740,11086,1284,370
european-seas,2019-03-20,12.139002,12740,11092,1284,364
european-seas,2019-03-21,12.160964,12740,11096,1284,360
european-seas,2019-03-22,12.192222,12740,11106,1284,350
european-seas,2019-03-23,12.222843,12740,11130,1284,326
european-seas,2019-03-24,12.255304,12740,11150,1284,306
european-seas,2019-03-25,12.279781,12740,11171,1284,285
european-seas,2019-03-26,12.266051,12740,11189,1284,267
european-seas,2019-03-27,12.257813,12740,11197,1284,259
european-seas,2019-03-28,12.22316,12740,11201,1284,255
european-seas,2019-03-29,12.280331,12740,11201,1284,255
european-seas,2019-03-30,12.28959,12740,11209,1284,247
european-seas,2019-03-31,12.290996,12740,11215,1284,241
european-seas,2019-04-01,12.3189535,12740,11223,1284,233
european-seas,2019-04-02,12.310671,12740,11231,1284,225
european-seas,2019-04-03,12.3350315,12740,11232,1284,224
european-seas,2019-04-04,12.334224,12740,11228,1284,228
european-seas,2019-04-05,12.311878,12740,11234,1284,222
european-seas,2019-04-06,12.375625,12740,11235,1284,221
european-seas,2019-04-07,12.451971,12740,11236,1284,220
european-seas,2019-04-08,12.533768,12740,11222,1284,234
european-seas,2019-04-09,12.529118,12740,11224,1284,232
european-seas,2019-04-10,12.544024,12740,11224,1284,232
european-seas,2019-04-11,12.570006,12740,11241,1284,215
european-seas,2019-04-12,12.5764675,12740,11247,1284,209
european-seas,2019-04-13,12.62723,12740,11257,1284,199
european-seas,2019-04-14,12.688983,12740,11267,1284,189
european-seas,2019-04-15,12.709654,12740,11283,1284,173
european-seas,2019-04-16,12.802551,12740,11300,1284,156
european-seas,2019-04-17,12.897957,12740,11320,1284,136
european-seas,2019-04-18,12.964725,12740,11339,1284,117
european-seas,2019-04-19,12.979737,12740,11339,1284,117
european-seas,2019-04-20,13.040118,12740,11351,1284,105
european-seas,2019-04-21,13.054306,12740,11360,1284,96
european-seas,2019-04-22,13.027974,12740,11360,1284,96
european-seas,2019-04-23,12.997071,12740,11364,1284,92
european-seas,2019-04-24,13.058671,12740,11372,1284,84
european-seas,2019-04-25,13.275663,12740,11376,1284,80
european-seas,2019-04-26,13.494446,12740,11380,1284,76
european-seas,2019-04-27,13.612326,12740,11380,1284,76
european-seas,2019-04-28,13.712302,12740,11384,1284,72
european-seas,2019-04-29,13.819804,12740,11392,1284,64
european-seas,2019-04-30,13.906701,12740,11400,1284,56
european-seas,2019-05-01,13.909407,12740,11404,1284,52
european-seas,2019-05-02,13.90107,12740,11404,1284,52
european-seas,2019-05-03,13.84302,12740,11404,1284,52
european-seas,2019-05-04,13.775411,12740,11404,1284,52
european-seas,2019-05-05,13.722441,12740,11404,1284,52
european-seas,2019-05-06,13.693513,12740,11396,1284,60
european-seas,2019-05-07,13.705623,12740,11392,1284,64
european-seas,2019-05-08,13.782125,12740,11390,1284,66
european-seas,2019-05-09,13.9485235,12740,11394,1284,62
european-seas,2019-05-10,14.17187,12740,11394,1284,62
european-seas,2019-05-11,14.355536,12740,11402,1284,54
european-seas,2019-05-12,14.395796,12740,11412,1284,44
european-seas,2019-05-13,14.464545,12740,11420,1284,36
european-seas,2019-05-14,14.611139,12740,11440,1284,16
european-seas,2019-05-15,14.780638,12740,11440,1284,16
european-seas,2019-05-16,14.827297,12740,11448,1284,8
european-seas,2019-05-17,14.840474,12740,11456,1284,0
european-seas,2019-05-18,14.90927,12740,11456,1284,0
european-seas,2019-05-19,15.070875,12740,11456,1284,0
european-seas,2019-05-20,15.293402,12740,11456,1284,0
european-seas,2019-05-21,15.509926,12740,11456,1284,0
european-seas,2019-05-22,15.643753,12740,11456,1284,0
european-seas,2019-05-23,15.693289,12740,11456,1284,0
european-seas,2019-05-24,15.720095,12740,11456,1284,0
european-seas,2019-05-25,15.751593,12740,11456,1284,0
european-seas,2019-05-26,15.73908,12740,11456,1284,0
european-seas,2019-05-27,15.825328,12740,11456,1284,0
european-seas,2019-05-28,15.943901,12740,11456,1284,0
european-seas,2019-05-29,16.101702,12740,11456,1284,0
european-seas,2019-05-30,16.28907,12740,11456,1284,0
european-seas,2019-05-31,16.460651,12740,11456,1284,0
european-seas,2019-06-01,16.607637,12740,11456,1284,0
european-seas,2019-06-02,16.746073,12740,11456,1284,0
european-seas,2019-06-03,16.918692,12740,11456,1284,0
european-seas,2019-06-04,17.069046,12740,11456,1284,0
european-seas,2019-06-05,17.201181,12740,11456,1284,0
european-seas,2019-06-06,17.320251,12740,11456,1284,0
european-seas,2019-06-07,17.46389,12740,11456,1284,0
european-seas,2019-06-08,17.589441,12740,11456,1284,0
european-seas,2019-06-09,17.690763,12740,11456,1284,0
european-seas,2019-06-10,17.789896,12740,11456,1284,0
european-seas,2019-06-11,17.854548,12740,11456,1284,0
european-seas,2019-06-12,17.864893,12740,11456,1284,0
european-seas,2019-06-13,17.971586,12740,11456,1284,0
european-seas,2019-06-14,18.162806,12740,11456,1284,0
european-seas,2019-06-15,18.384024,12740,11456,1284,0
european-seas,2019-06-16,18.61004,12740,11456,1284,0
european-seas,2019-06-17,18.811365,12740,11456,1284,0
european-seas,2019-06-18,18.992418,12740,11456,1284,0
european-seas,2019-06-19,19.176867,12740,11456,1284,0
european-seas,2019-06-20,19.359472,12740,11456,1284,0
european-seas,2019-06-21,19.4926,12740,11456,1284,0
european-seas,2019-06-22,19.531654,12740,11456,1284,0
european-seas,2019-06-23,19.667921,12740,11456,1284,0
european-seas,2019-06-24,19.89688,12740,11456,1284,0
european-seas,2019-06-25,20.067652,12740,11456,1284,0
european-seas,2019-06-26,20.212276,12740,11456,1284,0
european-seas,2019-06-27,20.331951,12740,11456,1284,0
european-seas,2019-06-28,20.416744,12740,11456,1284,0
european-seas,2019-06-29,20.434906,12740,11456,1284,0
european-seas,2019-06-30,20.403206,12740,11456,1284,0
european-seas,2019-07-01,20.384918,12740,11456,1284,0
european-seas,2019-07-02,20.405933,12740,11456,1284,0
european-seas,2019-07-03,20.459608,12740,11456,1284,0
european-seas,2019-07-04,20.545013,12740,11456,1284,0
european-seas,2019-07-05,20.681795,12740,11456,1284,0
european-seas,2019-07-06,20.803455,12740,11456,1284,0
european-seas,2019-07-07,20.877253,12740,11456,1284,0
european-seas,2019-07-08,20.921497,12740,11456,1284,0
european-seas,2019-07-09,20.953997,12740,11456,1284,0
european-seas,2019-07-10,20.96868,12740,11456,1284,0
european-seas,2019-07-11,20.940987,12740,11456,1284,0
european-seas,2019-07-12,21.031233,12740,11456,1284,0
european-seas,2019-07-13,21.037613,12740,11456,1284,0
european-seas,2019-07-14,21.013811,12740,11456,1284,0
european-seas,2019-07-15,20.959108,12740,11456,1284,0
european-seas,2019-07-16,20.87605,12740,11456,1284,0
european-seas,2019-07-17,20.897943,12740,11456,1284,0
european-seas,2019-07-18,20.965202,12740,11456,1284,0
european-seas,2019-07-19,21.101637,12740,11456,1284,0
european-seas,2019-07-20,21.195957,12740,11456,1284,0
european-seas,2019-07-21,21.302414,12740,11456,1284,0
european-seas,2019-07-22,21.497278,12740,11456,1284,0
european-seas,2019-07-23,21.701004,12740,11456,1284,0
european-seas,2019-07-24,21.904202,12740,11456,1284,0
european-seas,2019-07-25,22.031992,12740,11456,1284,0
european-seas,2019-07-26,22.096786,12740,11456,1284,0
european-seas,2019-07-27,22.041925,12740,11456,1284,0
european-seas,2019-07-28,21.96575,12740,11456,1284,0
european-seas,2019-07-29,21.8922,12740,11456,1284,0
european-seas,2019-07-30,21.85918,12740,11456,1284,0
european-seas,2019-07-31,21.945604,12740,11456,1284,0
european-seas,2019-08-01,22.014513,12740,11456,1284,0
european-seas,2019-08-02,22.034542,12740,11456,1284,0
european-seas,2019-08-03,22.058765,12740,11456,1284,0
european-seas,2019-08-04,22.084135,12740,11456,1284,0
european-seas,2019-08-05,22.083797,12740,11456,1284,0
european-seas,2019-08-06,22.081266,12740,11456,1284,0
european-seas,2019-08-07,22.144878,12740,11456,1284,0
european-seas,2019-08-08,22.215195,12740,11456,1284,0
european-seas,2019-08-09,22.23803,12740,11456,1284,0
european-seas,2019-08-10,22.170675,12740,11456,1284,0
european-seas,2019-08-11,22.137598,12740,11456,1284,0
european-seas,2019-08-12,22.1545,12740,11456,1284,0
european-seas,2019-08-13,22.086935,12740,11456,1284,0
european-seas,2019-08-14,22.032005,12740,11456,1284,0
european-seas,2019-08-15,22.023243,12740,11456,1284,0
european-seas,2019-08-16,21.97776,12740,11456,1284,0
european-seas,2019-08-17,21.921339,12740,11456,1284,0
european-seas,2019-08-18,21.87791,12740,11456,1284,0
european-seas,2019-08-19,21.87199,12740,11456,1284,0
european-seas,2019-08-20,21.850767,12740,11456,1284,0
european-seas,2019-08-21,21.892582,12740,11456,1284,0
european-seas,2019-08-22,21.992792,12740,11456,1284,0
european-seas,2019-08-23,22.071991,12740,11456,1284,0
european-seas,2019-08-24,22.214176,12740,11456,1284,0
european-seas,2019-08-25,22.303095,12740,11456,1284,0
european-seas,2019-08-26,22.364317,12740,11456,1284,0
european-seas,2019-08-27,22.385166,12740,11456,1284,0
european-seas,2019-08-28,22.348755,12740,11456,1284,0
european-seas,2019-08-29,22.290375,12740,11456,1284,0
european-seas,2019-08-30,22.260715,12740,11456,1284,0
european-seas,2019-08-31,22.175919,12740,11456,1284,0
european-seas,2019-09-01,22.065752,12740,11456,1284,0
european-seas,2019-09-02,21.968233,12740,11456,1284,0
european-seas,2019-09-03,21.908348,12740,11456,1284,0
european-seas,2019-09-04,21.801397,12740,11456,1284,0
european-seas,2019-09-05,21.659897,12740,11456,1284,0
european-seas,2019-09-06,21.509111,12740,11456,1284,0
european-seas,2019-09-07,21.40808,12740,11456,1284,0
european-seas,2019-09-08,21.304619,12740,11456,1284,0
european-seas,2019-09-09,21.248194,12740,11456,1284,0
european-seas,2019-09-10,21.168173,12740,11456,1284,0
european-seas,2019-09-11,21.132349,12740,11456,1284,0
european-seas,2019-09-12,21.07645,12740,11456,1284,0
european-seas,2019-09-13,20.989914,12740,11456,1284,0
european-seas,2019-09-14,20.865374,12740,11456,1284,0
european-seas,2019-09-15,20.704481,12740,11456,1284,0
european-seas,2019-09-16,20.607721,12740,11456,1284,0
european-seas,2019-09-17,20.601843,12740,11456,1284,0
european-seas,2019-09-18,20.609663,12740,11456,1284,0
european-seas,2019-09-19,20.585966,12740,11456,1284,0
european-seas,2019-09-20,20.483294,12740,11456,1284,0
european-seas,2019-09-21,20.338985,12740,11456,1284,0
european-seas,2019-09-22,20.243904,12740,11456,1284,0
european-seas,2019-09-23,20.20189,12740,11456,1284,0
european-seas,2019-09-24,20.160902,12740,11456,1284,0
european-seas,2019-09-25,20.138573,12740,11456,1284,0
european-seas,2019-09-26,20.139208,12740,11456,1284,0
european-seas,2019-09-27,20.144423,12740,11456,1284,0
european-seas,2019-09-28,20.122862,12740,11456,1284,0
european-seas,2019-09-29,20.098688,12740,11456,1284,0
european-seas,2019-09-30,20.086298,12740,11456,1284,0
european-seas,2019-10-01,20.029984,12740,11456,1284,0
european-seas,2019-10-02,19.915901,12740,11456,1284,0
european-seas,2019-10-03,19.8342,12740,11456,1284,0
european-seas,2019-10-04,19.736069,12740,11456,1284,0
european-seas,2019-10-05,19.64228,12740,11456,1284,0
european-seas,2019-10-06,19.579119,12740,11456,1284,0
european-seas,2019-10-07,19.494751,12740,11456,1284,0
european-seas,2019-10-08,19.277979,12740,11456,1284,0
european-seas,2019-10-09,19.147938,12740,11456,1284,0
european-seas,2019-10-10,19.11536,12740,11456,1284,0
european-seas,2019-10-11,19.087406,12740,11456,1284,0
european-seas,2019-10-12,19.089882,12740,11456,1284,0
european-seas,2019-10-13,19.062304,12740,11456,1284,0
european-seas,2019-10-14,19.018003,12740,11456,1284,0
european-seas,2019-10-15,18.972567,12740,11456,1284,0
european-seas,2019-10-16,18.922108,12740,11456,1284,0
european-seas,2019-10-17,18.8761,12740,11456,1284,0
european-seas,2019-10-18,18.803179,12740,11456,1284,0
european-seas,2019-10-19,18.745222,12740,11456,1284,0
european-seas,2019-10-20,18.681772,12740,11456,1284,0
european-seas,2019-10-21,18.613686,12740,11456,1284,0
european-seas,2019-10-22,18.570637,12740,11456,1284,0
european-seas,2019-10-23,18.491013,12740,11456,1284,0
european-seas,2019-10-24,18.38167,12740,11456,1284,0
european-seas,2019-10-25,18.281,12740,11456,1284,0
european-seas,2019-10-26,18.19054,12740,11456,1284,0
european-seas,2019-10-27,18.127367,12740,11456,1284,0
european-seas,2019-10-28,18.063559,12740,11456,1284,0
european-seas,2019-10-29,17.985142,12740,11456,1284,0
european-seas,2019-10-30,17.888935,12740,11456,1284,0
european-seas,2019-10-31,17.785244,12740,11456,1284,0
european-seas,2019-11-01,17.745043,12740,11456,1284,0
european-seas,2019-11-02,17.626867,12740,11456,1284,0
european-seas,2019-11-03,17.511425,12740,11456,1284,0
european-seas,2019-11-04,17.419605,12740,11456,1284,0
european-seas,2019-11-05,17.338652,12740,11456,1284,0
european-seas,2019-11-06,17.23508,12740,11456,1284,0
european-seas,2019-11-07,17.118055,12740,11456,1284,0
european-seas,2019-11-08,17.027372,12740,11456,1284,0
european-seas,2019-11-09,16.910494,12740,11456,1284,0
european-seas,2019-11-10,16.80984,12740,11456,1284,0
european-seas,2019-11-11,16.723248,12740,11456,1284,0
european-seas,2019-11-12,16.535292,12740,11456,1284,0
european-seas,2019-11-13,16.409801,12740,11452,1284,4
european-seas,2019-11-14,16.286953,12740,11452,1284,4
european-seas,2019-11-15,16.199247,12740,11452,1284,4
european-seas,2019-11-16,16.122585,12740,11452,1284,4
european-seas,2019-11-17,16.017427,12740,11452,1284,4
european-seas,2019-11-18,15.942926,12740,11452,1284,4
european-seas,2019-11-19,15.887353,12740,11452,1284,4
european-seas,2019-11-20,15.83673,12740,11452,1284,4
european-seas,2019-11-21,15.732077,12740,11452,1284,4
european-seas,2019-11-22,15.628545,12740,11452,1284,4
european-seas,2019-11-23,15.533037,12740,11452,1284,4
european-seas,2019-11-24,15.4895935,12740,11452,1284,4
european-seas,2019-11-25,15.448045,12740,11444,1284,12
european-seas,2019-11-26,15.371434,12740,11452,1284,4
european-seas,2019-11-27,15.344694,12740,11444,1284,12
european-seas,2019-11-28,15.318235,12740,11444,1284,12
european-seas,2019-11-29,15.27548,12740,11444,1284,12
european-seas,2019-11-30,15.216029,12740,11452,1284,4
european-seas,2019-12-01,15.1296835,12740,11452,1284,4
european-seas,2019-12-02,15.031524,12740,11452,1284,4
european-seas,2019-12-03,14.944102,12740,11452,1284,4
european-seas,2019-12-04,14.798762,12740,11452,1284,4
european-seas,2019-12-05,14.726682,12740,11444,1284,12
european-seas,2019-12-06,14.6809,12740,11440,1284,16
european-seas,2019-12-07,14.654706,12740,11440,1284,16
european-seas,2019-12-08,14.618194,12740,11440,1284,16
european-seas,2019-12-09,14.557407,12740,11440,1284,16
european-seas,2019-12-10,14.4906845,12740,11440,1284,16
european-seas,2019-12-11,14.42584,12740,11440,1284,16
european-seas,2019-12-12,14.351541,12740,11440,1284,16
european-seas,2019-12-13,14.289279,12740,11440,1284,16
european-seas,2019-12-14,14.191857,12740,11440,1284,16
european-seas,2019-12-15,14.108138,12740,11440,1284,16
european-seas,2019-12-16,14.081325,12740,11436,1284,20
european-seas,2019-12-17,14.034801,12740,11436,1284,20
european-seas,2019-12-18,13.98465,12740,11436,1284,20
european-seas,2019-12-19,13.945837,12740,11432,1284,24
european-seas,2019-12-20,13.938081,12740,11432,1284,24
european-seas,2019-12-21,13.901365,12740,11432,1284,24
european-seas,2019-12-22,13.853696,12740,11428,1284,28
european-seas,2019-12-23,13.789722,12740,11424,1284,32
european-seas,2019-12-24,13.745858,12740,11424,1284,32
european-seas,2019-12-25,13.689767,12740,11424,1284,32
european-seas,2019-12-26,13.603373,12740,11424,1284,32
european-seas,2019-12-27,13.524687,12740,11424,1284,32
european-seas,2019-12-28,13.489437,12740,11424,1284,32
european-seas,2019-12-29,13.474151,12740,11420,1284,36
european-seas,2019-12-30,13.40907,12740,11420,1284,36
european-seas,2019-12-31,13.34159,12740,11420,1284,36
european-seas,2020-01-01,13.306524,12740,11424,1284,32
european-seas,2020-01-02,13.2367525,12740,11432,1284,24
european-seas,2020-01-03,13.21352,12740,11423,1284,33
european-seas,2020-01-04,13.229464,12740,11415,1284,41
european-seas,2020-01-05,13.202114,12740,11415,1284,41
european-seas,2020-01-06,13.09252,12740,11415,1284,41
european-seas,2020-01-07,13.03707,12740,11407,1284,49
european-seas,2020-01-08,12.972236,12740,11407,1284,49
european-seas,2020-01-09,12.9583645,12740,11401,1284,55
european-seas,2020-01-10,12.919863,12740,11405,1284,51
european-seas,2020-01-11,12.872345,12740,11407,1284,49
european-seas,2020-01-12,12.793524,12740,11407,1284,49
european-seas,2020-01-13,12.748951,12740,11411,1284,45
european-seas,2020-01-14,12.721678,12740,11413,1284,43
european-seas,2020-01-15,12.727808,12740,11392,1284,64
european-seas,2020-01-16,12.71132,12740,11384,1284,72
european-seas,2020-01-17,12.670607,12740,11380,1284,76
european-seas,2020-01-18,12.636137,12740,11373,1284,83
european-seas,2020-01-19,12.614598,12740,11377,1284,79
european-seas,2020-01-20,12.558901,12740,11379,1284,77
european-seas,2020-01-21,12.489681,12740,11367,1284,89
european-seas,2020-01-22,12.418341,12740,11378,1284,78
european-seas,2020-01-23,12.375734,12740,11374,1284,82
european-seas,2020-01-24,12.328572,12740,11374,1284,82
european-seas,2020-01-25,12.339223,12740,11378,1284,78
european-seas,2020-01-26,12.35283,12740,11374,1284,82
european-seas,2020-01-27,12.340893,12740,11369,1284,87
european-seas,2020-01-28,12.337293,12740,11365,1284,91
european-seas,2020-01-29,12.33642,12740,11349,1284,107
european-seas,2020-01-30,12.365126,12740,11349,1284,107
european-seas,2020-01-31,12.409673,12740,11342,1284,114
european-seas,2020-02-01,12.44909,12740,11342,1284,114
european-seas,2020-02-02,12.4670515,12740,11340,1284,116
european-seas,2020-02-03,12.441662,12740,11340,1284,116
european-seas,2020-02-04,12.397386,12740,11340,1284,116
european-seas,2020-02-05,12.315691,12740,11340,1284,116
european-seas,2020-02-06,12.244504,12740,11339,1284,117
european-seas,2020-02-07,12.203604,12740,11320,1284,136
european-seas,2020-02-08,12.145512,12740,11320,1284,136
european-seas,2020-02-09,12.169486,12740,11320,1284,136
european-seas,2020-02-10,12.232522,12740,11314,1284,142
european-seas,2020-02-11,12.264039,12740,11308,1284,148
european-seas,2020-02-12,12.229789,12740,11306,1284,150
european-seas,2020-02-13,12.20264,12740,11306,1284,150
european-seas,2020-02-14,12.203003,12740,11310,1284,146
european-seas,2020-02-15,12.221632,12740,11298,1284,158
european-seas,2020-02-16,12.242148,12740,11286,1284,170
european-seas,2020-02-17,12.250225,12740,11282,1284,174
european-seas,2020-02-18,12.22275,12740,11285,1284,171
european-seas,2020-02-19,12.218376,12740,11275,1284,181
european-seas,2020-02-20,12.211353,12740,11271,1284,185
european-seas,2020-02-21,12.207488,12740,11270,1284,186
european-seas,2020-02-22,12.204225,12740,11260,1284,196
european-seas,2020-02-23,12.226582,12740,11250,1284,206
european-seas,2020-02-24,12.232014,12740,11264,1284,192
european-seas,2020-02-25,12.174582,12740,11274,1284,182
european-seas,2020-02-26,12.108642,12740,11270,1284,186
european-seas,2020-02-27,12.089959,12740,11266,1284,190
european-seas,2020-02-28,12.0949955,12740,11268,1284,188
european-seas,2020-02-29,12.105198,12740,11264,1284,192
european-seas,2020-03-01,12.146425,12740,11263,1284,193
european-seas,2020-03-02,12.154323,12740,11253,1284,203
european-seas,2020-03-03,12.159367,12740,11245,1284,211
european-seas,2020-03-04,12.156801,12740,11237,1284,219
european-seas,2020-03-05,12.126352,12740,11233,1284,223
european-seas,2020-03-06,12.113155,12740,11225,1284,231
european-seas,2020-03-07,12.133955,12740,11225,1284,231
european-seas,2020-03-08,12.162438,12740,11215,1284,241
european-seas,2020-03-09,12.153801,12740,11216,1284,240
european-seas,2020-03-10,12.246881,12740,11219,1284,237
european-seas,2020-03-11,12.295436,12740,11227,1284,229
european-seas,2020-03-12,12.292987,12740,11231,1284,225
european-seas,2020-03-13,12.303867,12740,11239,1284,217
european-seas,2020-03-14,12.353062,12740,11223,1284,233
european-seas,2020-03-15,12.340136,12740,11227,1284,229
european-seas,2020-03-16,12.299541,12740,11235,1284,221
european-seas,2020-03-17,12.215509,12740,11253,1284,203
european-seas,2020-03-18,12.13945,12740,11257,1284,199
european-seas,2020-03-19,12.152918,12740,11251,1284,205
european-seas,2020-03-20,12.17489,12740,11253,1284,203
european-seas,2020-03-21,12.183761,12740,11263,1284,193
european-seas,2020-03-22,12.140416,12740,11281,1284,175
european-seas,2020-03-23,12.093809,12740,11294,1284,162
european-seas,2020-03-24,12.114357,12740,11290,1284,166
european-seas,2020-03-25,12.157068,12740,11286,1284,170
european-seas,2020-03-26,12.171691,12740,11284,1284,172
european-seas,2020-03-27,12.197902,12740,11285,1284,171
european-seas,2020-03-28,12.2116165,12740,11289,1284,167
european-seas,2020-03-29,12.218798,12740,11295,1284,161
european-seas,2020-03-30,12.214855,12740,11295,1284,161
european-seas,2020-03-31,12.207035,12740,11293,1284,163
european-seas,2020-04-01,12.1497755,12740,11309,1284,147
european-seas,2020-04-02,12.17087,12740,11309,1284,147
european-seas,2020-04-03,12.252622,12740,11298,1284,158
european-seas,2020-04-04,12.314601,12740,11282,1284,174
european-seas,2020-04-05,12.438956,12740,11276,1284,180
european-seas,2020-04-06,12.566161,12740,11275,1284,181
european-seas,2020-04-07,12.647637,12740,11287,1284,169
european-seas,2020-04-08,12.715692,12740,11295,1284,161
european-seas,2020-04-09,12.789287,12740,11293,1284,163
european-seas,2020-04-10,12.88921,12740,11314,1284,142
european-seas,2020-04-11,13.01638,12740,11318,1284,138
european-seas,2020-04-12,13.036262,12740,11318,1284,138
european-seas,2020-04-13,12.9924965,12740,11316,1284,140
european-seas,2020-04-14,12.957612,12740,11330,1284,126
european-seas,2020-04-15,12.929306,12740,11329,1284,127
european-seas,2020-04-16,12.99704,12740,11337,1284,119
european-seas,2020-04-17,13.199131,12740,11329,1284,127
european-seas,2020-04-18,13.401701,12740,11333,1284,123
european-seas,2020-04-19,13.5198765,12740,11333,1284,123
european-seas,2020-04-20,13.516533,12740,11327,1284,129
european-seas,2020-04-21,13.51757,12740,11341,1284,115
european-seas,2020-04-22,13.624292,12740,11359,1284,97
european-seas,2020-04-23,13.695967,12740,11372,1284,84
european-seas,2020-04-24,13.765316,12740,11372,1284,84
european-seas,2020-04-25,13.814096,12740,11386,1284,70
european-seas,2020-04-26,13.883225,12740,11386,1284,70
european-seas,2020-04-27,14.055612,12740,11390,1284,66
european-seas,2020-04-28,14.085241,12740,11392,1284,64
european-seas,2020-04-29,14.082944,12740,11396,1284,60
european-seas,2020-04-30,14.129328,12740,11400,1284,56
european-seas,2020-05-01,14.329383,12740,11404,1284,52
european-seas,2020-05-02,14.5163765,12740,11404,1284,52
european-seas,2020-05-03,14.629162,12740,11404,1284,52
european-seas,2020-05-04,14.633106,12740,11404,1284,52
european-seas,2020-05-05,14.736559,12740,11404,1284,52
european-seas,2020-05-06,14.820274,12740,11404,1284,52
european-seas,2020-05-07,14.808921,12740,11404,1284,52
european-seas,2020-05-08,14.9082985,12740,11408,1284,48
european-seas,2020-05-09,14.986996,12740,11408,1284,48
european-seas,2020-05-10,14.943162,12740,11408,1284,48
european-seas,2020-05-11,14.914598,12740,11408,1284,48
european-seas,2020-05-12,14.947032,12740,11408,1284,48
european-seas,2020-05-13,15.0011,12740,11408,1284,48
european-seas,2020-05-14,15.1383095,12740,11408,1284,48
european-seas,2020-05-15,15.278224,12740,11408,1284,48
european-seas,2020-05-16,15.400982,12740,11421,1284,35
european-seas,2020-05-17,15.613044,12740,11421,1284,35
european-seas,2020-05-18,15.865206,12740,11432,1284,24
european-seas,2020-05-19,16.103603,12740,11432,1284,24
european-seas,2020-05-20,16.232805,12740,11432,1284,24
european-seas,2020-05-21,16.244354,12740,11432,1284,24
european-seas,2020-05-22,16.11413,12740,11432,1284,24
european-seas,2020-05-23,16.078964,12740,11436,1284,20
european-seas,2020-05-24,16.156796,12740,11440,1284,16
european-seas,2020-05-25,16.288807,12740,11448,1284,8
european-seas,2020-05-26,16.454922,12740,11448,1284,8
european-seas,2020-05-27,16.519428,12740,11448,1284,8
european-seas,2020-05-28,16.58349,12740,11448,1284,8
european-seas,2020-05-29,16.732811,12740,11448,1284,8
european-seas,2020-05-30,16.85315,12740,11452,1284,4
european-seas,2020-05-31,17.032223,12740,11456,1284,0
european-seas,2020-06-01,17.220331,12740,11456,1284,0
european-seas,2020-06-02,17.389635,12740,11456,1284,0
european-seas,2020-06-03,17.491764,12740,11456,1284,0
european-seas,2020-06-04,17.460283,12740,11456,1284,0
european-seas,2020-06-05,17.230593,12740,11456,1284,0
european-seas,2020-06-06,17.154968,12740,11456,1284,0
european-seas,2020-06-07,17.171751,12740,11456,1284,0
european-seas,2020-06-08,17.315985,12740,11456,1284,0
european-seas,2020-06-09,17.466978,12740,11456,1284,0
european-seas,2020-06-10,17.544144,12740,11456,1284,0
european-seas,2020-06-11,17.607298,12740,11456,1284,0
european-seas,2020-06-12,17.666199,12740,11456,1284,0
european-seas,2020-06-13,17.855055,12740,11456,1284,0
european-seas,2020-06-14,18.072605,12740,11456,1284,0
european-seas,2020-06-15,18.237724,12740,11456,1284,0
european-seas,2020-06-16,18.46037,12740,11456,1284,0
european-seas,2020-06-17,18.559954,12740,11456,1284,0
european-seas,2020-06-18,18.576395,12740,11456,1284,0
european-seas,2020-06-19,18.609669,12740,11456,1284,0
european-seas,2020-06-20,18.701765,12740,11456,1284,0
european-seas,2020-06-21,18.828293,12740,11456,1284,0
european-seas,2020-06-22,18.961287,12740,11456,1284,0
european-seas,2020-06-23,19.237688,12740,11456,1284,0
european-seas,2020-06-24,19.487926,12740,11456,1284,0
european-seas,2020-06-25,19.652113,12740,11456,1284,0
european-seas,2020-06-26,19.764738,12740,11456,1284,0
european-seas,2020-06-27,19.900389,12740,11456,1284,0
european-seas,2020-06-28,20.053,12740,11456,1284,0
european-seas,2020-06-29,20.162745,12740,11456,1284,0
european-seas,2020-06-30,20.226639,12740,11456,1284,0
european-seas,2020-07-01,20.279953,12740,11456,1284,0
european-seas,2020-07-02,20.412054,12740,11456,1284,0
european-seas,2020-07-03,20.463491,12740,11456,1284,0
european-seas,2020-07-04,20.47994,12740,11456,1284,0
european-seas,2020-07-05,20.45763,12740,11456,1284,0
european-seas,2020-07-06,20.452383,12740,11456,1284,0
european-seas,2020-07-07,20.408518,12740,11456,1284,0
european-seas,2020-07-08,20.385235,12740,11456,1284,0
european-seas,2020-07-09,20.30709,12740,11456,1284,0
european-seas,2020-07-10,20.310177,12740,11456,1284,0
european-seas,2020-07-11,20.365751,12740,11456,1284,0
european-seas,2020-07-12,20.450619,12740,11456,1284,0
european-seas,2020-07-13,20.509914,12740,11456,1284,0
european-seas,2020-07-14,20.545732,12740,11456,1284,0
european-seas,2020-07-15,20.639002,12740,11456,1284,0
european-seas,2020-07-16,20.768362,12740,11456,1284,0
european-seas,2020-07-17,20.825462,12740,11456,1284,0
european-seas,2020-07-18,20.871382,12740,11456,1284,0
european-seas,2020-07-19,20.94762,12740,11456,1284,0
european-seas,2020-07-20,21.017952,12740,11456,1284,0
european-seas,2020-07-21,21.044912,12740,11456,1284,0
european-seas,2020-07-22,21.090853,12740,11456,1284,0
european-seas,2020-07-23,21.155155,12740,11456,1284,0
european-seas,2020-07-24,21.222546,12740,11456,1284,0
european-seas,2020-07-25,21.294613,12740,11456,1284,0
european-seas,2020-07-26,21.367939,12740,11456,1284,0
european-seas,2020-07-27,21.423952,12740,11456,1284,0
european-seas,2020-07-28,21.415598,12740,11456,1284,0
european-seas,2020-07-29,21.469244,12740,11456,1284,0
european-seas,2020-07-30,21.579784,12740,11456,1284,0
european-seas,2020-07-31,21.689932,12740,11456,1284,0
european-seas,2020-08-01,21.773829,12740,11456,1284,0
european-seas,2020-08-02,21.791319,12740,11456,1284,0
european-seas,2020-08-03,21.799086,12740,11456,1284,0
european-seas,2020-08-04,21.729704,12740,11456,1284,0
european-seas,2020-08-05,21.736586,12740,11456,1284,0
european-seas,2020-08-06,21.87816,12740,11456,1284,0
european-seas,2020-08-07,21.975533,12740,11456,1284,0
european-seas,2020-08-08,22.070078,12740,11456,1284,0
european-seas,2020-08-09,22.149591,12740,11456,1284,0
european-seas,2020-08-10,22.22611,12740,11456,1284,0
european-seas,2020-08-11,22.327507,12740,11456,1284,0
european-seas,2020-08-12,22.411089,12740,11456,1284,0
european-seas,2020-08-13,22.401537,12740,11456,1284,0
european-seas,2020-08-14,22.4229,12740,11456,1284,0
european-seas,2020-08-15,22.481844,12740,11456,1284,0
european-seas,2020-08-16,22.526,12740,11456,1284,0
european-seas,2020-08-17,22.523481,12740,11456,1284,0
european-seas,2020-08-18,22.555899,12740,11456,1284,0
european-seas,2020-08-19,22.567278,12740,11456,1284,0
european-seas,2020-08-20,22.484451,12740,11456,1284,0
european-seas,2020-08-21,22.401476,12740,11456,1284,0
european-seas,2020-08-22,22.339838,12740,11456,1284,0
european-seas,2020-08-23,22.264088,12740,11456,1284,0
european-seas,2020-08-24,22.223623,12740,11456,1284,0
european-seas,2020-08-25,22.216488,12740,11456,1284,0
european-seas,2020-08-26,22.2315,12740,11456,1284,0
european-seas,2020-08-27,22.23512,12740,11456,1284,0
european-seas,2020-08-28,22.253508,12740,11456,1284,0
european-seas,2020-08-29,22.140074,12740,11456,1284,0
european-seas,2020-08-30,22.08223,12740,11456,1284,0
european-seas,2020-08-31,22.00562,12740,11456,1284,0
european-seas,2020-09-01,21.978464,12740,11456,1284,0
european-seas,2020-09-02,22.009958,12740,11456,1284,0
european-seas,2020-09-03,21.990784,12740,11456,1284,0
european-seas,2020-09-04,21.922009,12740,11456,1284,0
european-seas,2020-09-05,21.792006,12740,11456,1284,0
european-seas,2020-09-06,21.702448,12740,11456,1284,0
european-seas,2020-09-07,21.6879,12740,11456,1284,0
european-seas,2020-09-08,21.66188,12740,11456,1284,0
european-seas,2020-09-09,21.627474,12740,11456,1284,0
european-seas,2020-09-10,21.602976,12740,11456,1284,0
european-seas,2020-09-11,21.590729,12740,11456,1284,0
european-seas,2020-09-12,21.57424,12740,11456,1284,0
european-seas,2020-09-13,21.624386,12740,11456,1284,0
european-seas,2020-09-14,21.63044,12740,11456,1284,0
european-seas,2020-09-15,21.629694,12740,11456,1284,0
european-seas,2020-09-16,21.591162,12740,11456,1284,0
european-seas,2020-09-17,21.495972,12740,11456,1284,0
european-seas,2020-09-18,21.421919,12740,11456,1284,0
european-seas,2020-09-19,21.311483,12740,11456,1284,0
european-seas,2020-09-20,21.194468,12740,11456,1284,0
european-seas,2020-09-21,21.104513,12740,11456,1284,0
european-seas,2020-09-22,21.042057,12740,11456,1284,0
european-seas,2020-09-23,21.005512,12740,11456,1284,0
european-seas,2020-09-24,20.960316,12740,11456,1284,0
european-seas,2020-09-25,20.825897,12740,11456,1284,0
european-seas,2020-09-26,20.596113,12740,11456,1284,0
european-seas,2020-09-27,20.460506,12740,11456,1284,0
european-seas,2020-09-28,20.358189,12740,11456,1284,0
european-seas,2020-09-29,20.294891,12740,11456,1284,0
european-seas,2020-09-30,20.216316,12740,11456,1284,0
european-seas,2020-10-01,20.102549,12740,11456,1284,0
european-seas,2020-10-02,19.963608,12740,11456,1284,0
european-seas,2020-10-03,19.826588,12740,11456,1284,0
european-seas,2020-10-04,19.729809,12740,11456,1284,0
european-seas,2020-10-05,19.691324,12740,11456,1284,0
european-seas,2020-10-06,19.680698,12740,11456,1284,0
european-seas,2020-10-07,19.631,12740,11456,1284,0
european-seas,2020-10-08,19.597502,12740,11456,1284,0
european-seas,2020-10-09,19.545393,12740,11456,1284,0
european-seas,2020-10-10,19.387665,12740,11456,1284,0
european-seas,2020-10-11,19.299385,12740,11456,1284,0
european-seas,2020-10-12,19.239355,12740,11456,1284,0
european-seas,2020-10-13,19.10794,12740,11456,1284,0
european-seas,2020-10-14,18.992369,12740,11456,1284,0
european-seas,2020-10-15,18.862984,12740,11456,1284,0
european-seas,2020-10-16,18.773088,12740,11456,1284,0
european-seas,2020-10-17,18.711847,12740,11456,1284,0
european-seas,2020-10-18,18.683672,12740,11456,1284,0
european-seas,2020-10-19,18.636118,12740,11456,1284,0
european-seas,2020-10-20,18.56081,12740,11456,1284,0
european-seas,2020-10-21,18.479527,12740,11456,1284,0
european-seas,2020-10-22,18.41169,12740,11456,1284,0
european-seas,2020-10-23,18.355076,12740,11456,1284,0
european-seas,2020-10-24,18.250921,12740,11456,1284,0
european-seas,2020-10-25,18.154793,12740,11456,1284,0
european-seas,2020-10-26,18.066267,12740,11456,1284,0
european-seas,2020-10-27,17.940546,12740,11456,1284,0
european-seas,2020-10-28,17.857115,12740,11456,1284,0
european-seas,2020-10-29,17.765806,12740,11456,1284,0
european-seas,2020-10-30,17.697517,12740,11456,1284,0
european-seas,2020-10-31,17.653025,12740,11456,1284,0
european-seas,2020-11-01,17.555698,12740,11456,1284,0
european-seas,2020-11-02,17.470673,12740,11456,1284,0
european-seas,2020-11-03,17.418404,12740,11456,1284,0
european-seas,2020-11-04,17.357492,12740,11456,1284,0
european-seas,2020-11-05,17.280138,12740,11456,1284,0
european-seas,2020-11-06,17.177774,12740,11456,1284,0
european-seas,2020-11-07,17.074345,12740,11456,1284,0
european-seas,2020-11-08,16.977528,12740,11456,1284,0
european-seas,2020-11-09,16.903357,12740,11456,1284,0
european-seas,2020-11-10,16.859371,12740,11456,1284,0
european-seas,2020-11-11,16.802364,12740,11456,1284,0
european-seas,2020-11-12,16.75867,12740,11456,1284,0
european-seas,2020-11-13,16.736195,12740,11456,1284,0
european-seas,2020-11-14,16.692547,12740,11456,1284,0
european-seas,2020-11-15,16.650349,12740,11456,1284,0
european-seas,2020-11-16,16.60251,12740,11456,1284,0
european-seas,2020-11-17,16.546732,12740,11456,1284,0
european-seas,2020-11-18,16.490509,12740,11456,1284,0
european-seas,2020-11-19,16.445633,12740,11456,1284,0
european-seas,2020-11-20,16.363419,12740,11456,1284,0
european-seas,2020-11-21,16.2417,12740,11456,1284,0
european-seas,2020-11-22,16.142319,12740,11456,1284,0
european-seas,2020-11-23,16.057835,12740,11456,1284,0
european-seas,2020-11-24,15.973465,12740,11456,1284,0
european-seas,2020-11-25,15.911285,12740,11456,1284,0
european-seas,2020-11-26,15.837478,12740,11456,1284,0
european-seas,2020-11-27,15.769318,12740,11456,1284,0
european-seas,2020-11-28,15.673203,12740,11456,1284,0
european-seas,2020-11-29,15.610198,12740,11456,1284,0
european-seas,2020-11-30,15.543616,12740,11456,1284,0
european-seas,2020-12-01,15.481607,12740,11456,1284,0
european-seas,2020-12-02,15.399636,12740,11456,1284,0
european-seas,2020-12-03,15.308266,12740,11456,1284,0
european-seas,2020-12-04,15.191589,12740,11456,1284,0
european-seas,2020-12-05,15.075708,12740,11456,1284,0
european-seas,2020-12-06,14.966661,12740,11456,1284,0
european-seas,2020-12-07,14.86976,12740,11456,1284,0
european-seas,2020-12-08,14.792708,12740,11456,1284,0
european-seas,2020-12-09,14.734298,12740,11456,1284,0
european-seas,2020-12-10,14.653687,12740,11456,1284,0
european-seas,2020-12-11,14.559043,12740,11456,1284,0
european-seas,2020-12-12,14.493557,12740,11456,1284,0
european-seas,2020-12-13,14.422296,12740,11456,1284,0
european-seas,2020-12-14,14.36139,12740,11456,1284,0
european-seas,2020-12-15,14.294752,12740,11456,1284,0
european-seas,2020-12-16,14.207389,12740,11456,1284,0
european-seas,2020-12-17,14.172374,12740,11456,1284,0
european-seas,2020-12-18,14.156447,12740,11456,1284,0
european-seas,2020-12-19,14.12518,12740,11456,1284,0
european-seas,2020-12-20,14.095283,12740,11444,1284,12
european-seas,2020-12-21,14.076023,12740,11444,1284,12
european-seas,2020-12-22,14.054754,12740,11444,1284,12
european-seas,2020-12-23,13.999868,12740,11444,1284,12
european-seas,2020-12-24,13.954864,12740,11448,1284,8
european-seas,2020-12-25,13.897596,12740,11448,1284,8
european-seas,2020-12-26,13.798955,12740,11448,1284,8
european-seas,2020-12-27,13.694721,12740,11448,1284,8
european-seas,2020-12-28,13.652349,12740,11448,1284,8
european-seas,2020-12-29,13.575257,12740,11448,1284,8
european-seas,2020-12-30,13.516134,12740,11444,1284,12
european-seas,2020-12-31,13.491804,12740,11436,1284,20
european-seas,2021-01-01,13.449163,12740,11436,1284,20
european-seas,2021-01-02,13.405714,12740,11436,1284,20
european-seas,2021-01-03,13.35414,12740,11432,1284,24
european-seas,2021-01-04,13.306744,12740,11432,1284,24
european-seas,2021-01-05,13.258991,12740,11422,1284,34
european-seas,2021-01-06,13.217191,12740,11410,1284,46
european-seas,2021-01-07,13.186699,12740,11404,1284,52
european-seas,2021-01-08,13.155845,12740,11404,1284,52
european-seas,2021-01-09,13.153667,12740,11397,1284,59
european-seas,2021-01-10,13.088213,12740,11397,1284,59
european-seas,2021-01-11,12.98902,12740,11393,1284,63
european-seas,2021-01-12,12.986309,12740,11388,1284,68
european-seas,2021-01-13,12.965268,12740,11388,1284,68
european-seas,2021-01-14,12.9287815,12740,11380,1284,76
european-seas,2021-01-15,12.8716545,12740,11361,1284,95
european-seas,2021-01-16,12.826491,12740,11337,1284,119
european-seas,2021-01-17,12.789951,12740,11317,1284,139
european-seas,2021-01-18,12.761601,12740,11317,1284,139
european-seas,2021-01-19,12.726373,12740,11309,1284,147
european-seas,2021-01-20,12.673236,12740,11296,1284,160
european-seas,2021-01-21,12.655731,12740,11300,1284,156
european-seas,2021-01-22,12.642261,12740,11297,1284,159
european-seas,2021-01-23,12.589871,12740,11285,1284,171
european-seas,2021-01-24,12.5306,12740,11275,1284,181
european-seas,2021-01-25,12.472697,12740,11275,1284,181
european-seas,2021-01-26,12.443316,12740,11275,1284,181
european-seas,2021-01-27,12.4378605,12740,11271,1284,185
european-seas,2021-01-28,12.430744,12740,11266,1284,190
european-seas,2021-01-29,12.41257,12740,11267,1284,189
european-seas,2021-01-30,12.382498,12740,11267,1284,189
european-seas,2021-01-31,12.374111,12740,11261,1284,195
european-seas,2021-02-01,12.3745,12740,11257,1284,199
european-seas,2021-02-02,12.399948,12740,11226,1284,230
european-seas,2021-02-03,12.395411,12740,11224,1284,232
european-seas,2021-02-04,12.402829,12740,11224,1284,232
european-seas,2021-02-05,12.421053,12740,11220,1284,236
european-seas,2021-02-06,12.418821,12740,11189,1284,267
european-seas,2021-02-07,12.3520775,12740,11157,1284,299
european-seas,2021-02-08,12.305408,12740,11145,1284,311
european-seas,2021-02-09,12.250924,12740,11128,1284,328
european-seas,2021-02-10,12.1978655,12740,11121,1284,335
european-seas,2021-02-11,12.205037,12740,11108,1284,348
european-seas,2021-02-12,12.173385,12740,11093,1284,363
european-seas,2021-02-13,12.150161,12740,11073,1284,383
european-seas,2021-02-14,12.116033,12740,11052,1284,404
european-seas,2021-02-15,12.0893755,12740,11055,1284,401
european-seas,2021-02-16,12.081803,12740,11044,1284,412
european-seas,2021-02-17,12.04401,12740,11038,1284,418
european-seas,2021-02-18,12.026366,12740,11044,1284,412
european-seas,2021-02-19,12.027454,12740,11027,1284,429
european-seas,2021-02-20,12.067385,12740,11016,1284,440
european-seas,2021-02-21,12.120685,12740,10994,1284,462
european-seas,2021-02-22,12.152993,12740,10976,1284,480
european-seas,2021-02-23,12.196053,12740,10969,1284,487
european-seas,2021-02-24,12.271474,12740,10970,1284,486
european-seas,2021-02-25,12.258742,12740,10967,1284,489
european-seas,2021-02-26,12.241179,12740,10996,1284,460
european-seas,2021-02-27,12.231879,12740,11016,1284,440
european-seas,2021-02-28,12.2252245,12740,11020,1284,436
european-seas,2021-03-01,12.228802,12740,11032,1284,424
european-seas,2021-03-02,12.217475,12740,11055,1284,401
european-seas,2021-03-03,12.180373,12740,11075,1284,381
european-seas,2021-03-04,12.137907,12740,11084,1284,372
european-seas,2021-03-05,12.088774,12740,11089,1284,367
european-seas,2021-03-06,12.032336,12740,11091,1284,365
european-seas,2021-03-07,12.000564,12740,11087,1284,369
european-seas,2021-03-08,12.001164,12740,11087,1284,369
european-seas,2021-03-09,12.008722,12740,11093,1284,363
european-seas,2021-03-10,12.077068,12740,11094,1284,362
european-seas,2021-03-11,12.170392,12740,11082,1284,374
european-seas,2021-03-12,12.205829,12740,11062,1284,394
european-seas,2021-03-13,12.207684,12740,11064,1284,392
european-seas,2021-03-14,12.222735,12740,11063,1284,393
european-seas,2021-03-15,12.267469,12740,11063,1284,393
european-seas,2021-03-16,12.303737,12740,11057,1284,399
european-seas,2021-03-17,12.292645,12740,11061,1284,395
european-seas,2021-03-18,12.239723,12740,11081,1284,375
european-seas,2021-03-19,12.212569,12740,11095,1284,361
european-seas,2021-03-20,12.183466,12740,11115,1284,341
european-seas,2021-03-21,12.203522,12740,11117,1284,339
european-seas,2021-03-22,12.218592,12740,11141,1284,315
european-seas,2021-03-23,12.250345,12740,11132,1284,324
european-seas,2021-03-24,12.264681,12740,11120,1284,336
european-seas,2021-03-25,12.273629,12740,11110,1284,346
european-seas,2021-03-26,12.320228,12740,11104,1284,352
european-seas,2021-03-27,12.344803,12740,11115,1284,341
european-seas,2021-03-28,12.415492,12740,11111,1284,345
european-seas,2021-03-29,12.513263,12740,11107,1284,349
european-seas,2021-03-30,12.587369,12740,11104,1284,352
european-seas,2021-03-31,12.624404,12740,11119,1284,337
european-seas,2021-04-01,12.644562,12740,11121,1284,335
european-seas,2021-04-02,12.648992,12740,11129,1284,327
european-seas,2021-04-03,12.62646,12740,11129,1284,327
european-seas,2021-04-04,12.592017,12740,11142,1284,314
european-seas,2021-04-05,12.626092,12740,11150,1284,306
european-seas,2021-04-06,12.649497,12740,11166,1284,290
european-seas,2021-04-07,12.636734,12740,11176,1284,280
european-seas,2021-04-08,12.617164,12740,11180,1284,276
european-seas,2021-04-09,12.591184,12740,11180,1284,276
european-seas,2021-04-10,12.55756,12740,11187,1284,269
european-seas,2021-04-11,12.526748,12740,11189,1284,267
european-seas,2021-04-12,12.563823,12740,11213,1284,243
european-seas,2021-04-13,12.642711,12740,11205,1284,251
european-seas,2021-04-14,12.712302,12740,11219,1284,237
european-seas,2021-04-15,12.744568,12740,11213,1284,243
european-seas,2021-04-16,12.755144,12740,11216,1284,240
european-seas,2021-04-17,12.759645,12740,11222,1284,234
european-seas,2021-04-18,12.860604,12740,11224,1284,232
european-seas,2021-04-19,12.967132,12740,11247,1284,209
european-seas,2021-04-20,13.03712,12740,11273,1284,183
european-seas,2021-04-21,13.0889845,12740,11288,1284,168
european-seas,2021-04-22,13.153919,12740,11288,1284,168
european-seas,2021-04-23,13.180637,12740,11311,1284,145
european-seas,2021-04-24,13.240884,12740,11342,1284,114
european-seas,2021-04-25,13.346098,12740,11341,1284,115
european-seas,2021-04-26,13.40827,12740,11322,1284,134
european-seas,2021-04-27,13.430591,12740,11322,1284,134
european-seas,2021-04-28,13.556878,12740,11325,1284,131
european-seas,2021-04-29,13.729142,12740,11325,1284,131
european-seas,2021-04-30,13.832903,12740,11357,1284,99
european-seas,2021-05-01,13.930075,12740,11381,1284,75
european-seas,2021-05-02,14.191243,12740,11388,1284,68
european-seas,2021-05-03,14.183682,12740,11392,1284,64
european-seas,2021-05-04,14.146705,12740,11400,1284,56
european-seas,2021-05-05,14.144181,12740,11405,1284,51
european-seas,2021-05-06,14.268634,12740,11405,1284,51
european-seas,2021-05-07,14.421072,12740,11405,1284,51
european-seas,2021-05-08,14.50963,12740,11405,1284,51
european-seas,2021-05-09,14.473953,12740,11405,1284,51
european-seas,2021-05-10,14.475436,12740,11405,1284,51
european-seas,2021-05-11,14.558075,12740,11405,1284,51
european-seas,2021-05-12,14.653576,12740,11405,1284,51
european-seas,2021-05-13,14.770455,12740,11405,1284,51
european-seas,2021-05-14,14.896965,12740,11405,1284,51
european-seas,2021-05-15,15.020281,12740,11409,1284,47
european-seas,2021-05-16,15.127582,12740,11413,1284,43
european-seas,2021-05-17,15.216076,12740,11421,1284,35
european-seas,2021-05-18,15.321716,12740,11421,1284,35
european-seas,2021-05-19,15.416879,12740,11437,1284,19
european-seas,2021-05-20,15.412409,12740,11441,1284,15
european-seas,2021-05-21,15.341295,12740,11449,1284,7
european-seas,2021-05-22,15.319199,12740,11452,1284,4
european-seas,2021-05-23,15.349038,12740,11452,1284,4
european-seas,2021-05-24,15.4489355,12740,11452,1284,4
european-seas,2021-05-25,15.521843,12740,11456,1284,0
european-seas,2021-05-26,15.607541,12740,11456,1284,0
european-seas,2021-05-27,15.759619,12740,11456,1284,0
european-seas,2021-05-28,15.981235,12740,11456,1284,0
european-seas,2021-05-29,16.176521,12740,11456,1284,0
european-seas,2021-05-30,16.368473,12740,11456,1284,0
european-seas,2021-05-31,16.539717,12740,11456,1284,0
european-seas,2021-06-01,16.639002,12740,11456,1284,0
european-seas,2021-06-02,16.771275,12740,11456,1284,0
european-seas,2021-06-03,16.92879,12740,11456,1284,0
european-seas,2021-06-04,17.097176,12740,11456,1284,0
european-seas,2021-06-05,17.229164,12740,11456,1284,0
european-seas,2021-06-06,17.469055,12740,11456,1284,0
european-seas,2021-06-07,17.714714,12740,11456,1284,0
european-seas,2021-06-08,17.859606,12740,11456,1284,0
european-seas,2021-06-09,18.060236,12740,11456,1284,0
european-seas,2021-06-10,18.276209,12740,11456,1284,0
european-seas,2021-06-11,18.467196,12740,11456,1284,0
european-seas,2021-06-12,18.610903,12740,11456,1284,0
european-seas,2021-06-13,18.640848,12740,11456,1284,0
european-seas,2021-06-14,18.664425,12740,11456,1284,0
european-seas,2021-06-15,18.610321,12740,11456,1284,0
european-seas,2021-06-16,18.66085,12740,11456,1284,0
european-seas,2021-06-17,18.720291,12740,11456,1284,0
european-seas,2021-06-18,18.701365,12740,11456,1284,0
european-seas,2021-06-19,18.74905,12740,11456,1284,0
european-seas,2021-06-20,18.836887,12740,11456,1284,0
european-seas,2021-06-21,18.93617,12740,11456,1284,0
european-seas,2021-06-22,19.024717,12740,11456,1284,0
european-seas,2021-06-23,19.219975,12740,11456,1284,0
european-seas,2021-06-24,19.436895,12740,11456,1284,0
european-seas,2021-06-25,19.603119,12740,11456,1284,0
european-seas,2021-06-26,19.7503,12740,11456,1284,0
european-seas,2021-06-27,19.922575,12740,11456,1284,0
european-seas,2021-06-28,20.073805,12740,11456,1284,0
european-seas,2021-06-29,20.181688,12740,11456,1284,0
european-seas,2021-06-30,20.315693,12740,11456,1284,0
european-seas,2021-07-01,20.459526,12740,11456,1284,0
european-seas,2021-07-02,20.586197,12740,11456,1284,0
european-seas,2021-07-03,20.701193,12740,11456,1284,0
european-seas,2021-07-04,20.750666,12740,11456,1284,0
european-seas,2021-07-05,20.76267,12740,11456,1284,0
european-seas,2021-07-06,20.768856,12740,11456,1284,0
european-seas,2021-07-07,20.804348,12740,11456,1284,0
european-seas,2021-07-08,20.859148,12740,11456,1284,0
european-seas,2021-07-09,20.85604,12740,11456,1284,0
european-seas,2021-07-10,20.90015,12740,11456,1284,0
european-seas,2021-07-11,20.989887,12740,11456,1284,0
european-seas,2021-07-12,21.036245,12740,11456,1284,0
european-seas,2021-07-13,21.077812,12740,11456,1284,0
european-seas,2021-07-14,21.132013,12740,11456,1284,0
european-seas,2021-07-15,21.223246,12740,11456,1284,0
european-seas,2021-07-16,21.31212,12740,11456,1284,0
european-seas,2021-07-17,21.379852,12740,11456,1284,0
european-seas,2021-07-18,21.488918,12740,11456,1284,0
european-seas,2021-07-19,21.649971,12740,11456,1284,0
european-seas,2021-07-20,21.84129,12740,11456,1284,0
european-seas,2021-07-21,21.912748,12740,11456,1284,0
european-seas,2021-07-22,21.892405,12740,11456,1284,0
european-seas,2021-07-23,21.772066,12740,11456,1284,0
european-seas,2021-07-24,21.739952,12740,11456,1284,0
european-seas,2021-07-25,21.751535,12740,11456,1284,0
european-seas,2021-07-26,21.767035,12740,11456,1284,0
european-seas,2021-07-27,21.85124,12740,11456,1284,0
european-seas,2021-07-28,21.957373,12740,11456,1284,0
european-seas,2021-07-29,22.02976,12740,11456,1284,0
european-seas,2021-07-30,22.088154,12740,11456,1284,0
european-seas,2021-07-31,22.107529,12740,11456,1284,0
european-seas,2021-08-01,22.114042,12740,11456,1284,0
european-seas,2021-08-02,22.14928,12740,11456,1284,0
european-seas,2021-08-03,22.184769,12740,11456,1284,0
european-seas,2021-08-04,22.261251,12740,11456,1284,0
european-seas,2021-08-05,22.25244,12740,11456,1284,0
european-seas,2021-08-06,22.227373,12740,11456,1284,0
european-seas,2021-08-07,22.199028,12740,11456,1284,0
european-seas,2021-08-08,22.107168,12740,11456,1284,0
european-seas,2021-08-09,22.035568,12740,11456,1284,0
european-seas,2021-08-10,22.085129,12740,11456,1284,0
european-seas,2021-08-11,22.219328,12740,11456,1284,0
european-seas,2021-08-12,22.310417,12740,11456,1284,0
european-seas,2021-08-13,22.375992,12740,11456,1284,0
european-seas,2021-08-14,22.427786,12740,11456,1284,0
european-seas,2021-08-15,22.404022,12740,11456,1284,0
european-seas,2021-08-16,22.307858,12740,11456,1284,0
european-seas,2021-08-17,22.168423,12740,11456,1284,0
european-seas,2021-08-18,22.004675,12740,11456,1284,0
european-seas,2021-08-19,21.94104,12740,11456,1284,0
european-seas,2021-08-20,21.945448,12740,11456,1284,0
european-seas,2021-08-21,21.961815,12740,11456,1284,0
european-seas,2021-08-22,21.996405,12740,11456,1284,0
european-seas,2021-08-23,22.029379,12740,11456,1284,0
european-seas,2021-08-24,22.017365,12740,11456,1284,0
european-seas,2021-08-25,21.982183,12740,11456,1284,0
european-seas,2021-08-26,21.95465,12740,11456,1284,0
european-seas,2021-08-27,21.991318,12740,11456,1284,0
european-seas,2021-08-28,22.02805,12740,11456,1284,0
european-seas,2021-08-29,22.003525,12740,11456,1284,0
european-seas,2021-08-30,21.967318,12740,11456,1284,0
european-seas,2021-08-31,21.907347,12740,11456,1284,0
european-seas,2021-09-01,21.836546,12740,11456,1284,0
european-seas,2021-09-02,21.754433,12740,11456,1284,0
european-seas,2021-09-03,21.567833,12740,11456,1284,0
european-seas,2021-09-04,21.556736,12740,11456,1284,0
european-seas,2021-09-05,21.601187,12740,11456,1284,0
european-seas,2021-09-06,21.68107,12740,11456,1284,0
european-seas,2021-09-07,21.708418,12740,11456,1284,0
european-seas,2021-09-08,21.679012,12740,11456,1284,0
european-seas,2021-09-09,21.62576,12740,11456,1284,0
european-seas,2021-09-10,21.573801,12740,11456,1284,0
european-seas,2021-09-11,21.536833,12740,11456,1284,0
european-seas,2021-09-12,21.482656,12740,11456,1284,0
european-seas,2021-09-13,21.45244,12740,11456,1284,0
european-seas,2021-09-14,21.379057,12740,11456,1284,0
european-seas,2021-09-15,21.341028,12740,11456,1284,0
european-seas,2021-09-16,21.266325,12740,11456,1284,0
european-seas,2021-09-17,21.19179,12740,11456,1284,0
european-seas,2021-09-18,21.179852,12740,11456,1284,0
european-seas,2021-09-19,21.177334,12740,11456,1284,0
european-seas,2021-09-20,21.160583,12740,11456,1284,0
european-seas,2021-09-21,21.10776,12740,11456,1284,0
european-seas,2021-09-22,20.991577,12740,11456,1284,0
european-seas,2021-09-23,20.808104,12740,11456,1284,0
european-seas,2021-09-24,20.607578,12740,11456,1284,0
european-seas,2021-09-25,20.484385,12740,11456,1284,0
european-seas,2021-09-26,20.429106,12740,11456,1284,0
european-seas,2021-09-27,20.388346,12740,11456,1284,0
european-seas,2021-09-28,20.358099,12740,11456,1284,0
european-seas,2021-09-29,20.308895,12740,11456,1284,0
european-seas,2021-09-30,20.228724,12740,11456,1284,0
european-seas,2021-10-01,20.174484,12740,11456,1284,0
european-seas,2021-10-02,20.068432,12740,11456,1284,0
european-seas,2021-10-03,19.942533,12740,11456,1284,0
european-seas,2021-10-04,19.828323,12740,11456,1284,0
european-seas,2021-10-05,19.716248,12740,11456,1284,0
european-seas,2021-10-06,19.649311,12740,11456,1284,0
european-seas,2021-10-07,19.550539,12740,11456,1284,0
european-seas,2021-10-08,19.489323,12740,11456,1284,0
european-seas,2021-10-09,19.41761,12740,11456,1284,0
european-seas,2021-10-10,19.360498,12740,11456,1284,0
european-seas,2021-10-11,19.269053,12740,11456,1284,0
european-seas,2021-10-12,19.184074,12740,11456,1284,0
european-seas,2021-10-13,19.091257,12740,11456,1284,0
european-seas,2021-10-14,18.956577,12740,11456,1284,0
european-seas,2021-10-15,18.796095,12740,11456,1284,0
european-seas,2021-10-16,18.694181,12740,11456,1284,0
european-seas,2021-10-17,18.643778,12740,11456,1284,0
european-seas,2021-10-18,18.601372,12740,11456,1284,0
european-seas,2021-10-19,18.58957,12740,11456,1284,0
european-seas,2021-10-20,18.515732,12740,11456,1284,0
european-seas,2021-10-21,18.386705,12740,11456,1284,0
european-seas,2021-10-22,18.235641,12740,11456,1284,0
european-seas,2021-10-23,18.129164,12740,11456,1284,0
european-seas,2021-10-24,18.041504,12740,11456,1284,0
european-seas,2021-10-25,17.93734,12740,11456,1284,0
european-seas,2021-10-26,17.845818,12740,11456,1284,0
european-seas,2021-10-27,17.783064,12740,11456,1284,0
european-seas,2021-10-28,17.743536,12740,11456,1284,0
european-seas,2021-10-29,17.697369,12740,11456,1284,0
european-seas,2021-10-30,17.62746,12740,11456,1284,0
european-seas,2021-10-31,17.586712,12740,11456,1284,0
european-seas,2021-11-01,17.51267,12740,11456,1284,0
european-seas,2021-11-02,17.42897,12740,11456,1284,0
european-seas,2021-11-03,17.363306,12740,11456,1284,0
european-seas,2021-11-04,17.299736,12740,11456,1284,0
european-seas,2021-11-05,17.229383,12740,11456,1284,0
european-seas,2021-11-06,17.140293,12740,11456,1284,0
european-seas,2021-11-07,17.05045,12740,11456,1284,0
european-seas,2021-11-08,16.990345,12740,11456,1284,0
european-seas,2021-11-09,16.935326,12740,11456,1284,0
european-seas,2021-11-10,16.815155,12740,11456,1284,0
european-seas,2021-11-11,16.686813,12740,11456,1284,0
european-seas,2021-11-12,16.595007,12740,11456,1284,0
european-seas,2021-11-13,16.510544,12740,11456,1284,0
european-seas,2021-11-14,16.442253,12740,11456,1284,0
european-seas,2021-11-15,16.377102,12740,11456,1284,0
european-seas,2021-11-16,16.304365,12740,11456,1284,0
european-seas,2021-11-17,16.239742,12740,11456,1284,0
european-seas,2021-11-18,16.183838,12740,11456,1284,0
european-seas,2021-11-19,16.1439,12740,11456,1284,0
european-seas,2021-11-20,16.07699,12740,11456,1284,0
european-seas,2021-11-21,16.01007,12740,11456,1284,0
european-seas,2021-11-22,15.943872,12740,11456,1284,0
european-seas,2021-11-23,15.858503,12740,11456,1284,0
european-seas,2021-11-24,15.767572,12740,11456,1284,0
european-seas,2021-11-25,15.674153,12740,11456,1284,0
european-seas,2021-11-26,15.567632,12740,11456,1284,0
european-seas,2021-11-27,15.455336,12740,11456,1284,0
european-seas,2021-11-28,15.350425,12740,11456,1284,0
european-seas,2021-11-29,15.212472,12740,11456,1284,0
european-seas,2021-11-30,15.095376,12740,11456,1284,0
european-seas,2021-12-01,14.975401,12740,11456,1284,0
european-seas,2021-12-02,14.872172,12740,11456,1284,0
european-seas,2021-12-03,14.769353,12740,11456,1284,0
european-seas,2021-12-04,14.659629,12740,11456,1284,0
european-seas,2021-12-05,14.555541,12740,11456,1284,0
european-seas,2021-12-06,14.461967,12740,11456,1284,0
european-seas,2021-12-07,14.373424,12740,11448,1284,8
european-seas,2021-12-08,14.279782,12740,11432,1284,24
european-seas,2021-12-09,14.161017,12740,11432,1284,24
european-seas,2021-12-10,14.082862,12740,11432,1284,24
european-seas,2021-12-11,14.017525,12740,11432,1284,24
european-seas,2021-12-12,13.960383,12740,11420,1284,36
european-seas,2021-12-13,13.929921,12740,11417,1284,39
european-seas,2021-12-14,13.87683,12740,11417,1284,39
european-seas,2021-12-15,13.8416395,12740,11417,1284,39
european-seas,2021-12-16,13.805942,12740,11421,1284,35
european-seas,2021-12-17,13.751187,12740,11417,1284,39
european-seas,2021-12-18,13.714507,12740,11417,1284,39
european-seas,2021-12-19,13.657598,12740,11413,1284,43
european-seas,2021-12-20,13.585408,12740,11409,1284,47
european-seas,2021-12-21,13.522922,12740,11401,1284,55
european-seas,2021-12-22,13.470424,12740,11388,1284,68
european-seas,2021-12-23,13.405511,12740,11384,1284,72
european-seas,2021-12-24,13.361826,12740,11380,1284,76
european-seas,2021-12-25,13.328968,12740,11357,1284,99
european-seas,2021-12-26,13.2971,12740,11343,1284,113
european-seas,2021-12-27,13.3026705,12740,11313,1284,143
european-seas,2021-12-28,13.286174,12740,11313,1284,143
european-seas,2021-12-29,13.284857,12740,11307,1284,149
european-seas,2021-12-30,13.305532,12740,11286,1284,170
european-seas,2021-12-31,13.2925,12740,11282,1284,174
european-seas,2022-01-01,13.271019,12740,11286,1284,170
european-seas,2022-01-02,13.245518,12740,11282,1284,174
european-seas,2022-01-03,13.238863,12740,11268,1284,188
european-seas,2022-01-04,13.221865,12740,11260,1284,196
european-seas,2022-01-05,13.191386,12740,11256,1284,200
european-seas,2022-01-06,13.138626,12740,11254,1284,202
european-seas,2022-01-07,13.080523,12740,11257,1284,199
european-seas,2022-01-08,13.027585,12740,11259,1284,197
european-seas,2022-01-09,12.975074,12740,11248,1284,208
european-seas,2022-01-10,12.943963,12740,11211,1284,245
european-seas,2022-01-11,12.918934,12740,11202,1284,254
european-seas,2022-01-12,12.899877,12740,11188,1284,268
european-seas,2022-01-13,12.864396,12740,11176,1284,280
european-seas,2022-01-14,12.815063,12740,11184,1284,272
european-seas,2022-01-15,12.773085,12740,11180,1284,276
european-seas,2022-01-16,12.739429,12740,11192,1284,264
european-seas,2022-01-17,12.735469,12740,11190,1284,266
european-seas,2022-01-18,12.684175,12740,11200,1284,256
european-seas,2022-01-19,12.617196,12740,11200,1284,256
european-seas,2022-01-20,12.603622,12740,11190,1284,266
european-seas,2022-01-21,12.595906,12740,11169,1284,287
european-seas,2022-01-22,12.553395,12740,11169,1284,287
european-seas,2022-01-23,12.490482,12740,11169,1284,287
european-seas,2022-01-24,12.471562,12740,11157,1284,299
european-seas,2022-01-25,12.442792,12740,11157,1284,299
european-seas,2022-01-26,12.408867,12740,11165,1284,291
european-seas,2022-01-27,12.389528,12740,11165,1284,291
european-seas,2022-01-28,12.379381,12740,11165,1284,291
european-seas,2022-01-29,12.394771,12740,11161,1284,295
european-seas,2022-01-30,12.389971,12740,11157,1284,299
european-seas,2022-01-31,12.372003,12740,11157,1284,299
european-seas,2022-02-01,12.344102,12740,11147,1284,309
european-seas,2022-02-02,12.330175,12740,11144,1284,312
european-seas,2022-02-03,12.311348,12740,11139,1284,317
european-seas,2022-02-04,12.29255,12740,11137,1284,319
european-seas,2022-02-05,12.271146,12740,11134,1284,322
european-seas,2022-02-06,12.252607,12740,11136,1284,320
european-seas,2022-02-07,12.26657,12740,11136,1284,320
european-seas,2022-02-08,12.272071,12740,11135,1284,321
european-seas,2022-02-09,12.245538,12740,11137,1284,319
european-seas,2022-02-10,12.215111,12740,11142,1284,314
european-seas,2022-02-11,12.192644,12740,11150,1284,306
european-seas,2022-02-12,12.175406,12740,11165,1284,291
european-seas,2022-02-13,12.143447,12740,11171,1284,285
european-seas,2022-02-14,12.123389,12740,11166,1284,290
european-seas,2022-02-15,12.110209,12740,11150,1284,306
european-seas,2022-02-16,12.114902,12740,11146,1284,310
european-seas,2022-02-17,12.134313,12740,11146,1284,310
european-seas,2022-02-18,12.165234,12740,11121,1284,335
european-seas,2022-02-19,12.159257,12740,11134,1284,322
european-seas,2022-02-20,12.156175,12740,11130,1284,326
european-seas,2022-02-21,12.157923,12740,11141,1284,315
european-seas,2022-02-22,12.158503,12740,11149,1284,307
european-seas,2022-02-23,12.129248,12740,11156,1284,300
european-seas,2022-02-24,12.100403,12740,11146,1284,310
european-seas,2022-02-25,12.078007,12740,11172,1284,284
european-seas,2022-02-26,12.093883,12740,11150,1284,306
european-seas,2022-02-27,12.090344,12740,11145,1284,311
european-seas,2022-02-28,12.062322,12740,11157,1284,299
european-seas,2022-03-01,12.041115,12740,11166,1284,290
european-seas,2022-03-02,12.033627,12740,11179,1284,277
european-seas,2022-03-03,12.022764,12740,11182,1284,274
european-seas,2022-03-04,12.00649,12740,11179,1284,277
european-seas,2022-03-05,11.987381,12740,11190,1284,266
european-seas,2022-03-06,11.99255,12740,11187,1284,269
european-seas,2022-03-07,11.992279,12740,11174,1284,282
european-seas,2022-03-08,11.965869,12740,11175,1284,281
european-seas,2022-03-09,11.961478,12740,11172,1284,284
european-seas,2022-03-10,11.952268,12740,11179,1284,277
european-seas,2022-03-11,11.933988,12740,11164,1284,292
european-seas,2022-03-12,11.899326,12740,11163,1284,293
european-seas,2022-03-13,11.856715,12740,11181,1284,275
european-seas,2022-03-14,11.857852,12740,11198,1284,258
european-seas,2022-03-15,11.874397,12740,11208,1284,248
european-seas,2022-03-16,11.876221,12740,11212,1284,244
european-seas,2022-03-17,11.855862,12740,11219,1284,237
european-seas,2022-03-18,11.856417,12740,11219,1284,237
european-seas,2022-03-19,11.8381605,12740,11219,1284,237
european-seas,2022-03-20,11.878579,12740,11211,1284,245
european-seas,2022-03-21,11.916015,12740,11202,1284,254
european-seas,2022-03-22,11.963452,12740,11214,1284,242
european-seas,2022-03-23,12.038401,12740,11205,1284,251
european-seas,2022-03-24,12.108269,12740,11206,1284,250
european-seas,2022-03-25,12.15183,12740,11194,1284,262
european-seas,2022-03-26,12.144905,12740,11190,1284,266
european-seas,2022-03-27,12.141033,12740,11201,1284,255
european-seas,2022-03-28,12.135861,12740,11189,1284,267
european-seas,2022-03-29,12.157465,12740,11173,1284,283
european-seas,2022-03-30,12.202384,12740,11168,1284,288
european-seas,2022-03-31,12.211451,12740,11169,1284,287
european-seas,2022-04-01,12.209048,12740,11187,1284,269
european-seas,2022-04-02,12.207935,12740,11201,1284,255
european-seas,2022-04-03,12.196888,12740,11212,1284,244
european-seas,2022-04-04,12.156088,12740,11245,1284,211
european-seas,2022-04-05,12.160992,12740,11243,1284,213
european-seas,2022-04-06,12.236645,12740,11221,1284,235
european-seas,2022-04-07,12.311534,12740,11219,1284,237
european-seas,2022-04-08,12.42823,12740,11215,1284,241
european-seas,2022-04-09,12.526598,12740,11201,1284,255
european-seas,2022-04-10,12.559857,12740,11188,1284,268
european-seas,2022-04-11,12.567571,12740,11188,1284,268
european-seas,2022-04-12,12.577257,12740,11188,1284,268
european-seas,2022-04-13,12.618093,12740,11187,1284,269
european-seas,2022-04-14,12.691537,12740,11187,1284,269
european-seas,2022-04-15,12.728583,12740,11201,1284,255
european-seas,2022-04-16,12.783284,12740,11219,1284,237
european-seas,2022-04-17,12.864943,12740,11227,1284,229
european-seas,2022-04-18,12.928712,12740,11227,1284,229
european-seas,2022-04-19,12.979972,12740,11255,1284,201
european-seas,2022-04-20,13.019158,12740,11262,1284,194
european-seas,2022-04-21,13.025851,12740,11262,1284,194
european-seas,2022-04-22,13.062624,12740,11264,1284,192
european-seas,2022-04-23,13.1323185,12740,11274,1284,182
european-seas,2022-04-24,13.262568,12740,11276,1284,180
european-seas,2022-04-25,13.424416,12740,11280,1284,176
european-seas,2022-04-26,13.583263,12740,11288,1284,168
european-seas,2022-04-27,13.726917,12740,11296,1284,160
european-seas,2022-04-28,13.867155,12740,11307,1284,149
european-seas,2022-04-29,13.931416,12740,11311,1284,145
european-seas,2022-04-30,13.985283,12740,11317,1284,139
european-seas,2022-05-01,14.076607,12740,11325,1284,131
european-seas,2022-05-02,14.140543,12740,11321,1284,135
european-seas,2022-05-03,14.20983,12740,11325,1284,131
european-seas,2022-05-04,14.268478,12740,11332,1284,124
european-seas,2022-05-05,14.295096,12740,11338,1284,118
european-seas,2022-05-06,14.278421,12740,11342,1284,114
european-seas,2022-05-07,14.310132,12740,11349,1284,107
european-seas,2022-05-08,14.41735,12740,11363,1284,93
european-seas,2022-05-09,14.560356,12740,11367,1284,89
european-seas,2022-05-10,14.745907,12740,11377,1284,79
european-seas,2022-05-11,14.906147,12740,11376,1284,80
european-seas,2022-05-12,15.062291,12740,11388,1284,68
european-seas,2022-05-13,15.234125,12740,11392,1284,64
european-seas,2022-05-14,15.46901,12740,11392,1284,64
european-seas,2022-05-15,15.691138,12740,11392,1284,64
european-seas,2022-05-16,15.901187,12740,11400,1284,56
european-seas,2022-05-17,16.11733,12740,11404,1284,52
european-seas,2022-05-18,16.184898,12740,11413,1284,43
european-seas,2022-05-19,16.060825,12740,11413,1284,43
european-seas,2022-05-20,15.996548,12740,11421,1284,35
european-seas,2022-05-21,16.060507,12740,11421,1284,35
european-seas,2022-05-22,16.177002,12740,11421,1284,35
european-seas,2022-05-23,16.286287,12740,11421,1284,35
european-seas,2022-05-24,16.384077,12740,11421,1284,35
european-seas,2022-05-25,16.474892,12740,11425,1284,31
european-seas,2022-05-26,16.60176,12740,11429,1284,27
european-seas,2022-05-27,16.765457,12740,11429,1284,27
european-seas,2022-05-28,16.918638,12740,11432,1284,24
european-seas,2022-05-29,16.996204,12740,11448,1284,8
european-seas,2022-05-30,17.137743,12740,11452,1284,4
european-seas,2022-05-31,17.336504,12740,11452,1284,4
european-seas,2022-06-01,17.548937,12740,11452,1284,4
european-seas,2022-06-02,17.720795,12740,11452,1284,4
european-seas,2022-06-03,17.874546,12740,11452,1284,4
european-seas,2022-06-04,18.04102,12740,11452,1284,4
european-seas,2022-06-05,18.227362,12740,11456,1284,0
european-seas,2022-06-06,18.345781,12740,11456,1284,0
european-seas,2022-06-07,18.438372,12740,11456,1284,0
european-seas,2022-06-08,18.512949,12740,11456,1284,0
european-seas,2022-06-09,18.587154,12740,11456,1284,0
european-seas,2022-06-10,18.565765,12740,11456,1284,0
european-seas,2022-06-11,18.514883,12740,11456,1284,0
european-seas,2022-06-12,18.511658,12740,11456,1284,0
european-seas,2022-06-13,18.587425,12740,11456,1284,0
european-seas,2022-06-14,18.78617,12740,11456,1284,0
european-seas,2022-06-15,18.987392,12740,11456,1284,0
european-seas,2022-06-16,19.15244,12740,11456,1284,0
european-seas,2022-06-17,19.287851,12740,11456,1284,0
european-seas,2022-06-18,19.339483,12740,11456,1284,0
european-seas,2022-06-19,19.297682,12740,11456,1284,0
european-seas,2022-06-20,19.316217,12740,11456,1284,0
european-seas,2022-06-21,19.35075,12740,11456,1284,0
european-seas,2022-06-22,19.418213,12740,11456,1284,0
european-seas,2022-06-23,19.587038,12740,11456,1284,0
european-seas,2022-06-24,19.739132,12740,11456,1284,0
european-seas,2022-06-25,19.87307,12740,11456,1284,0
european-seas,2022-06-26,19.999384,12740,11456,1284,0
european-seas,2022-06-27,20.123924,12740,11456,1284,0
european-seas,2022-06-28,20.216976,12740,11456,1284,0
european-seas,2022-06-29,20.317917,12740,11456,1284,0
european-seas,2022-06-30,20.464277,12740,11456,1284,0
european-seas,2022-07-01,20.59268,12740,11456,1284,0
european-seas,2022-07-02,20.652584,12740,11456,1284,0
european-seas,2022-07-03,20.719395,12740,11456,1284,0
european-seas,2022-07-04,20.77204,12740,11456,1284,0
european-seas,2022-07-05,20.8132,12740,11456,1284,0
european-seas,2022-07-06,20.844234,12740,11456,1284,0
european-seas,2022-07-07,20.880789,12740,11456,1284,0
european-seas,2022-07-08,20.910904,12740,11456,1284,0
european-seas,2022-07-09,20.919542,12740,11456,1284,0
european-seas,2022-07-10,20.907347,12740,11456,1284,0
european-seas,2022-07-11,20.96721,12740,11456,1284,0
european-seas,2022-07-12,21.115585,12740,11456,1284,0
european-seas,2022-07-13,21.166254,12740,11456,1284,0
european-seas,2022-07-14,21.187008,12740,11456,1284,0
european-seas,2022-07-15,21.230816,12740,11456,1284,0
european-seas,2022-07-16,21.299332,12740,11456,1284,0
european-seas,2022-07-17,21.413544,12740,11456,1284,0
european-seas,2022-07-18,21.510677,12740,11456,1284,0
european-seas,2022-07-19,21.536575,12740,11456,1284,0
european-seas,2022-07-20,21.55921,12740,11456,1284,0
european-seas,2022-07-21,21.590183,12740,11456,1284,0
european-seas,2022-07-22,21.694843,12740,11456,1284,0
european-seas,2022-07-23,21.785168,12740,11456,1284,0
european-seas,2022-07-24,21.858118,12740,11456,1284,0
european-seas,2022-07-25,21.9172,12740,11456,1284,0
european-seas,2022-07-26,21.968285,12740,11456,1284,0
european-seas,2022-07-27,21.984676,12740,11456,1284,0
european-seas,2022-07-28,22.017231,12740,11456,1284,0
european-seas,2022-07-29,22.079428,12740,11456,1284,0
european-seas,2022-07-30,22.121,12740,11456,1284,0
european-seas,2022-07-31,22.14091,12740,11456,1284,0
european-seas,2022-08-01,22.181974,12740,11456,1284,0
european-seas,2022-08-02,22.220917,12740,11456,1284,0
european-seas,2022-08-03,22.268082,12740,11456,1284,0
european-seas,2022-08-04,22.293663,12740,11456,1284,0
european-seas,2022-08-05,22.290165,12740,11456,1284,0
european-seas,2022-08-06,22.253624,12740,11456,1284,0
european-seas,2022-08-07,22.248419,12740,11456,1284,0
european-seas,2022-08-08,22.315697,12740,11456,1284,0
european-seas,2022-08-09,22.389,12740,11456,1284,0
european-seas,2022-08-10,22.431917,12740,11456,1284,0
european-seas,2022-08-11,22.492935,12740,11456,1284,0
european-seas,2022-08-12,22.585493,12740,11456,1284,0
european-seas,2022-08-13,22.633253,12740,11456,1284,0
european-seas,2022-08-14,22.647268,12740,11456,1284,0
european-seas,2022-08-15,22.63224,12740,11456,1284,0
european-seas,2022-08-16,22.606287,12740,11456,1284,0
european-seas,2022-08-17,22.589933,12740,11456,1284,0
european-seas,2022-08-18,22.58431,12740,11456,1284,0
european-seas,2022-08-19,22.579584,12740,11456,1284,0
european-seas,2022-08-20,22.552156,12740,11456,1284,0
european-seas,2022-08-21,22.53645,12740,11456,1284,0
european-seas,2022-08-22,22.552923,12740,11456,1284,0
european-seas,2022-08-23,22.587015,12740,11456,1284,0
european-seas,2022-08-24,22.572268,12740,11456,1284,0
european-seas,2022-08-25,22.519413,12740,11456,1284,0
european-seas,2022-08-26,22.487944,12740,11456,1284,0
european-seas,2022-08-27,22.51512,12740,11456,1284,0
european-seas,2022-08-28,22.553122,12740,11456,1284,0
european-seas,2022-08-29,22.581902,12740,11456,1284,0
european-seas,2022-08-30,22.579706,12740,11456,1284,0
european-seas,2022-08-31,22.584059,12740,11456,1284,0
european-seas,2022-09-01,22.562027,12740,11456,1284,0
european-seas,2022-09-02,22.509726,12740,11456,1284,0
european-seas,2022-09-03,22.428396,12740,11456,1284,0
european-seas,2022-09-04,22.311522,12740,11456,1284,0
european-seas,2022-09-05,22.192219,12740,11456,1284,0
european-seas,2022-09-06,22.062298,12740,11456,1284,0
european-seas,2022-09-07,21.962133,12740,11456,1284,0
european-seas,2022-09-08,21.914644,12740,11456,1284,0
european-seas,2022-09-09,21.916513,12740,11456,1284,0
european-seas,2022-09-10,21.944628,12740,11456,1284,0
european-seas,2022-09-11,21.958124,12740,11456,1284,0
european-seas,2022-09-12,21.930552,12740,11456,1284,0
european-seas,2022-09-13,21.86397,12740,11456,1284,0
european-seas,2022-09-14,21.784483,12740,11456,1284,0
european-seas,2022-09-15,21.709354,12740,11456,1284,0
european-seas,2022-09-16,21.614607,12740,11456,1284,0
european-seas,2022-09-17,21.511633,12740,11456,1284,0
european-seas,2022-09-18,21.384737,12740,11456,1284,0
european-seas,2022-09-19,21.242674,12740,11456,1284,0
european-seas,2022-09-20,21.129318,12740,11456,1284,0
european-seas,2022-09-21,21.037691,12740,11456,1284,0
european-seas,2022-09-22,20.916372,12740,11456,1284,0
european-seas,2022-09-23,20.752068,12740,11456,1284,0
european-seas,2022-09-24,20.591377,12740,11456,1284,0
european-seas,2022-09-25,20.456041,12740,11456,1284,0
european-seas,2022-09-26,20.362286,12740,11456,1284,0
european-seas,2022-09-27,20.289808,12740,11456,1284,0
european-seas,2022-09-28,20.18899,12740,11456,1284,0
european-seas,2022-09-29,20.09494,12740,11456,1284,0
european-seas,2022-09-30,20.034845,12740,11456,1284,0
european-seas,2022-10-01,19.99528,12740,11456,1284,0
european-seas,2022-10-02,19.910507,12740,11456,1284,0
european-seas,2022-10-03,19.806334,12740,11456,1284,0
european-seas,2022-10-04,19.710863,12740,11456,1284,0
european-seas,2022-10-05,19.630255,12740,11456,1284,0
european-seas,2022-10-06,19.537737,12740,11456,1284,0
european-seas,2022-10-07,19.447763,12740,11456,1284,0
european-seas,2022-10-08,19.382214,12740,11456,1284,0
european-seas,2022-10-09,19.321,12740,11456,1284,0
european-seas,2022-10-10,19.255703,12740,11456,1284,0
european-seas,2022-10-11,19.187216,12740,11456,1284,0
european-seas,2022-10-12,19.116138,12740,11456,1284,0
european-seas,2022-10-13,19.04647,12740,11456,1284,0
european-seas,2022-10-14,18.980549,12740,11456,1284,0
european-seas,2022-10-15,18.901808,12740,11456,1284,0
european-seas,2022-10-16,18.82247,12740,11456,1284,0
european-seas,2022-10-17,18.754349,12740,11456,1284,0
european-seas,2022-10-18,18.699682,12740,11456,1284,0
european-seas,2022-10-19,18.65028,12740,11456,1284,0
european-seas,2022-10-20,18.60408,12740,11456,1284,0
european-seas,2022-10-21,18.53873,12740,11456,1284,0
european-seas,2022-10-22,18.475069,12740,11456,1284,0
european-seas,2022-10-23,18.436832,12740,11456,1284,0
european-seas,2022-10-24,18.401217,12740,11456,1284,0
european-seas,2022-10-25,18.3724,12740,11456,1284,0
european-seas,2022-10-26,18.347895,12740,11456,1284,0
european-seas,2022-10-27,18.328129,12740,11456,1284,0
european-seas,2022-10-28,18.30864,12740,11456,1284,0
european-seas,2022-10-29,18.266632,12740,11456,1284,0
european-seas,2022-10-30,18.23063,12740,11456,1284,0
european-seas,2022-10-31,18.179428,12740,11456,1284,0
european-seas,2022-11-01,18.126825,12740,11456,1284,0
european-seas,2022-11-02,18.053482,12740,11456,1284,0
european-seas,2022-11-03,17.982235,12740,11456,1284,0
european-seas,2022-11-04,17.899597,12740,11456,1284,0
european-seas,2022-11-05,17.796284,12740,11456,1284,0
european-seas,2022-11-06,17.682146,12740,11456,1284,0
european-seas,2022-11-07,17.59881,12740,11456,1284,0
european-seas,2022-11-08,17.44769,12740,11456,1284,0
european-seas,2022-11-09,17.333916,12740,11456,1284,0
european-seas,2022-11-10,17.305632,12740,11456,1284,0
european-seas,2022-11-11,17.270712,12740,11456,1284,0
european-seas,2022-11-12,17.22572,12740,11456,1284,0
european-seas,2022-11-13,17.17777,12740,11456,1284,0
european-seas,2022-11-14,17.099598,12740,11456,1284,0
european-seas,2022-11-15,17.000847,12740,11456,1284,0
european-seas,2022-11-16,16.909723,12740,11456,1284,0
european-seas,2022-11-17,16.808084,12740,11456,1284,0
european-seas,2022-11-18,16.698454,12740,11456,1284,0
european-seas,2022-11-19,16.583427,12740,11456,1284,0
european-seas,2022-11-20,16.437725,12740,11456,1284,0
european-seas,2022-11-21,16.322939,12740,11456,1284,0
european-seas,2022-11-22,16.17363,12740,11456,1284,0
european-seas,2022-11-23,16.028603,12740,11456,1284,0
european-seas,2022-11-24,15.918442,12740,11456,1284,0
european-seas,2022-11-25,15.852457,12740,11456,1284,0
european-seas,2022-11-26,15.7859535,12740,11456,1284,0
european-seas,2022-11-27,15.691034,12740,11456,1284,0
european-seas,2022-11-28,15.616832,12740,11456,1284,0
european-seas,2022-11-29,15.554751,12740,11456,1284,0
european-seas,2022-11-30,15.507427,12740,11456,1284,0
european-seas,2022-12-01,15.454641,12740,11456,1284,0
european-seas,2022-12-02,15.406682,12740,11456,1284,0
european-seas,2022-12-03,15.365139,12740,11456,1284,0
european-seas,2022-12-04,15.267895,12740,11456,1284,0
european-seas,2022-12-05,15.196134,12740,11456,1284,0
european-seas,2022-12-06,15.139385,12740,11456,1284,0
european-seas,2022-12-07,15.074532,12740,11456,1284,0
european-seas,2022-12-08,15.016676,12740,11456,1284,0
european-seas,2022-12-09,14.974673,12740,11456,1284,0
european-seas,2022-12-10,14.941748,12740,11456,1284,0
european-seas,2022-12-11,14.893344,12740,11456,1284,0
european-seas,2022-12-12,14.81614,12740,11456,1284,0
european-seas,2022-12-13,14.754805,12740,11456,1284,0
european-seas,2022-12-14,14.699364,12740,11456,1284,0
european-seas,2022-12-15,14.634616,12740,11456,1284,0
european-seas,2022-12-16,14.571618,12740,11456,1284,0
european-seas,2022-12-17,14.532088,12740,11456,1284,0
european-seas,2022-12-18,14.504619,12740,11448,1284,8
european-seas,2022-12-19,14.471579,12740,11448,1284,8
european-seas,2022-12-20,14.430399,12740,11448,1284,8
european-seas,2022-12-21,14.389925,12740,11435,1284,21
european-seas,2022-12-22,14.339642,12740,11431,1284,25
european-seas,2022-12-23,14.291674,12740,11419,1284,37
european-seas,2022-12-24,14.258842,12740,11403,1284,53
european-seas,2022-12-25,14.24595,12740,11399,1284,57
european-seas,2022-12-26,14.21581,12740,11395,1284,61
european-seas,2022-12-27,14.191364,12740,11386,1284,70
european-seas,2022-12-28,14.171342,12740,11379,1284,77
european-seas,2022-12-29,14.190707,12740,11350,1284,106
european-seas,2022-12-30,14.201441,12740,11342,1284,114
european-seas,2022-12-31,14.206809,12740,11322,1284,134
european-seas,2023-01-01,14.218455,12740,11310,1284,146
european-seas,2023-01-02,14.182819,12740,11318,1284,138
european-seas,2023-01-03,14.146729,12740,11322,1284,134
european-seas,2023-01-04,14.0893955,12740,11325,1284,131
european-seas,2023-01-05,14.041712,12740,11331,1284,125
european-seas,2023-01-06,13.999157,12740,11341,1284,115
european-seas,2023-01-07,13.9421015,12740,11337,1284,119
european-seas,2023-01-08,13.892887,12740,11321,1284,135
european-seas,2023-01-09,13.862132,12740,11269,1284,187
european-seas,2023-01-10,13.824632,12740,11239,1284,217
european-seas,2023-01-11,13.772952,12740,11239,1284,217
european-seas,2023-01-12,13.716128,12740,11235,1284,221
european-seas,2023-01-13,13.659428,12740,11227,1284,229
european-seas,2023-01-14,13.610681,12740,11231,1284,225
european-seas,2023-01-15,13.598791,12740,11197,1284,259
european-seas,2023-01-16,13.552184,12740,11182,1284,274
european-seas,2023-01-17,13.470582,12740,11210,1284,246
european-seas,2023-01-18,13.4145,12740,11199,1284,257
european-seas,2023-01-19,13.331157,12740,11231,1284,225
european-seas,2023-01-20,13.269578,12740,11220,1284,236
european-seas,2023-01-21,13.226967,12740,11224,1284,232
european-seas,2023-01-22,13.201516,12740,11221,1284,235
european-seas,2023-01-23,13.138122,12740,11222,1284,234
european-seas,2023-01-24,13.107934,12740,11206,1284,250
european-seas,2023-01-25,13.073691,12740,11201,1284,255
european-seas,2023-01-26,13.0544195,12740,11189,1284,267
european-seas,2023-01-27,13.009296,12740,11190,1284,266
european-seas,2023-01-28,12.971955,12740,11181,1284,275
european-seas,2023-01-29,12.9068,12740,11191,1284,265
european-seas,2023-01-30,12.8917675,12740,11187,1284,269
european-seas,2023-01-31,12.82031,12740,11197,1284,259
european-seas,2023-02-01,12.745433,12740,11192,1284,264
european-seas,2023-02-02,12.699387,12740,11185,1284,271
european-seas,2023-02-03,12.662032,12740,11185,1284,271
european-seas,2023-02-04,12.648106,12740,11177,1284,279
european-seas,2023-02-05,12.617896,12740,11174,1284,282
european-seas,2023-02-06,12.562634,12740,11178,1284,278
european-seas,2023-02-07,12.500437,12740,11169,1284,287
european-seas,2023-02-08,12.401583,12740,11172,1284,284
european-seas,2023-02-09,12.311412,12740,11168,1284,288
european-seas,2023-02-10,12.262025,12740,11166,1284,290
european-seas,2023-02-11,12.217814,12740,11172,1284,284
european-seas,2023-02-12,12.221672,12740,11176,1284,280
european-seas,2023-02-13,12.252399,12740,11176,1284,280
european-seas,2023-02-14,12.223617,12740,11177,1284,279
european-seas,2023-02-15,12.186698,12740,11177,1284,279
european-seas,2023-02-16,12.158339,12740,11173,1284,283
european-seas,2023-02-17,12.206248,12740,11177,1284,279
european-seas,2023-02-18,12.299515,12740,11158,1284,298
european-seas,2023-02-19,12.33748,12740,11151,1284,305
european-seas,2023-02-20,12.357586,12740,11159,1284,297
european-seas,2023-02-21,12.400317,12740,11155,1284,301
european-seas,2023-02-22,12.38054,12740,11159,1284,297
european-seas,2023-02-23,12.349705,12740,11155,1284,301
european-seas,2023-02-24,12.333805,12740,11159,1284,297
european-seas,2023-02-25,12.325292,12740,11160,1284,296
european-seas,2023-02-26,12.2955065,12740,11156,1284,300
european-seas,2023-02-27,12.271607,12740,11158,1284,298
european-seas,2023-02-28,12.2802305,12740,11150,1284,306
european-seas,2023-03-01,12.304766,12740,11152,1284,304
european-seas,2023-03-02,12.32773,12740,11156,1284,300
european-seas,2023-03-03,12.324592,12740,11163,1284,293
european-seas,2023-03-04,12.303877,12740,11160,1284,296
european-seas,2023-03-05,12.26179,12740,11160,1284,296
european-seas,2023-03-06,12.237429,12740,11157,1284,299
european-seas,2023-03-07,12.242349,12740,11170,1284,286
european-seas,2023-03-08,12.272884,12740,11168,1284,288
european-seas,2023-03-09,12.311503,12740,11154,1284,302
european-seas,2023-03-10,12.355647,12740,11158,1284,298
european-seas,2023-03-11,12.368346,12740,11166,1284,290
european-seas,2023-03-12,12.353538,12740,11172,1284,284
european-seas,2023-03-13,12.365275,12740,11170,1284,286
european-seas,2023-03-14,12.371725,12740,11158,1284,298
european-seas,2023-03-15,12.366041,12740,11164,1284,292
european-seas,2023-03-16,12.370508,12740,11168,1284,288
european-seas,2023-03-17,12.384844,12740,11164,1284,292
european-seas,2023-03-18,12.426889,12740,11153,1284,303
european-seas,2023-03-19,12.47529,12740,11143,1284,313
european-seas,2023-03-20,12.494498,12740,11151,1284,305
european-seas,2023-03-21,12.501702,12740,11157,1284,299
european-seas,2023-03-22,12.5541935,12740,11158,1284,298
european-seas,2023-03-23,12.647209,12740,11158,1284,298
european-seas,2023-03-24,12.760128,12740,11147,1284,309
european-seas,2023-03-25,12.832705,12740,11152,1284,304
european-seas,2023-03-26,12.88701,12740,11154,1284,302
european-seas,2023-03-27,12.856295,12740,11155,1284,301
european-seas,2023-03-28,12.796395,12740,11154,1284,302
european-seas,2023-03-29,12.757591,12740,11152,1284,304
european-seas,2023-03-30,12.7754545,12740,11152,1284,304
european-seas,2023-03-31,12.834025,12740,11155,1284,301
european-seas,2023-04-01,12.889225,12740,11176,1284,280
european-seas,2023-04-02,12.907531,12740,11169,1284,287
european-seas,2023-04-03,12.845961,12740,11183,1284,273
european-seas,2023-04-04,12.79537,12740,11187,1284,269
european-seas,2023-04-05,12.788459,12740,11183,1284,273
european-seas,2023-04-06,12.80299,12740,11183,1284,273
european-seas,2023-04-07,12.845147,12740,11181,1284,275
european-seas,2023-04-08,12.898215,12740,11183,1284,273
european-seas,2023-04-09,12.941543,12740,11191,1284,265
european-seas,2023-04-10,12.966021,12740,11187,1284,269
european-seas,2023-04-11,13.006775,12740,11194,1284,262
european-seas,2023-04-12,13.064387,12740,11188,1284,268
european-seas,2023-04-13,13.051084,12740,11192,1284,264
european-seas,2023-04-14,13.036652,12740,11193,1284,263
european-seas,2023-04-15,13.067944,12740,11190,1284,266
european-seas,2023-04-16,13.162194,12740,11183,1284,273
european-seas,2023-04-17,13.273152,12740,11208,1284,248
european-seas,2023-04-18,13.349836,12740,11229,1284,227
european-seas,2023-04-19,13.402747,12740,11247,1284,209
european-seas,2023-04-20,13.435663,12740,11254,1284,202
european-seas,2023-04-21,13.48605,12740,11268,1284,188
european-seas,2023-04-22,13.572663,12740,11280,1284,176
european-seas,2023-04-23,13.66054,12740,11280,1284,176
european-seas,2023-04-24,13.764657,12740,11280,1284,176
european-seas,2023-04-25,13.870566,12740,11278,1284,178
european-seas,2023-04-26,13.976635,12740,11276,1284,180
european-seas,2023-04-27,14.044764,12740,11276,1284,180
european-seas,2023-04-28,14.125095,12740,11283,1284,173
european-seas,2023-04-29,14.224106,12740,11287,1284,169
european-seas,2023-04-30,14.288313,12740,11293,1284,163
european-seas,2023-05-01,14.302623,12740,11307,1284,149
european-seas,2023-05-02,14.365758,12740,11307,1284,149
european-seas,2023-05-03,14.422567,12740,11317,1284,139
european-seas,2023-05-04,14.476752,12740,11317,1284,139
european-seas,2023-05-05,14.556524,12740,11319,1284,137
european-seas,2023-05-06,14.66517,12740,11327,1284,129
european-seas,2023-05-07,14.768805,12740,11342,1284,114
european-seas,2023-05-08,14.864208,12740,11342,1284,114
european-seas,2023-05-09,14.857729,12740,11346,1284,110
european-seas,2023-05-10,14.834852,12740,11366,1284,90
european-seas,2023-05-11,14.883285,12740,11378,1284,78
european-seas,2023-05-12,14.948856,12740,11384,1284,72
european-seas,2023-05-13,15.029909,12740,11384,1284,72
european-seas,2023-05-14,15.086456,12740,11388,1284,68
european-seas,2023-05-15,15.131622,12740,11400,1284,56
european-seas,2023-05-16,15.1872635,12740,11400,1284,56
european-seas,2023-05-17,15.180537,12740,11400,1284,56
european-seas,2023-05-18,15.207912,12740,11404,1284,52
european-seas,2023-05-19,15.22828,12740,11412,1284,44
european-seas,2023-05-20,15.272813,12740,11408,1284,48
european-seas,2023-05-21,15.36083,12740,11417,1284,39
european-seas,2023-05-22,15.482605,12740,11417,1284,39
european-seas,2023-05-23,15.657394,12740,11417,1284,39
european-seas,2023-05-24,15.892985,12740,11425,1284,31
european-seas,2023-05-25,16.049704,12740,11433,1284,23
european-seas,2023-05-26,16.149439,12740,11445,1284,11
european-seas,2023-05-27,16.2994,12740,11456,1284,0
european-seas,2023-05-28,16.458881,12740,11456,1284,0
european-seas,2023-05-29,16.65073,12740,11456,1284,0
european-seas,2023-05-30,16.854633,12740,11456,1284,0
european-seas,2023-05-31,16.990131,12740,11456,1284,0
european-seas,2023-06-01,17.096497,12740,11456,1284,0
european-seas,2023-06-02,17.245169,12740,11456,1284,0
european-seas,2023-06-03,17.377283,12740,11456,1284,0
european-seas,2023-06-04,17.499212,12740,11456,1284,0
european-seas,2023-06-05,17.60123,12740,11456,1284,0
european-seas,2023-06-06,17.713938,12740,11456,1284,0
european-seas,2023-06-07,17.837605,12740,11456,1284,0
european-seas,2023-06-08,17.97649,12740,11456,1284,0
european-seas,2023-06-09,18.107906,12740,11456,1284,0
european-seas,2023-06-10,18.254883,12740,11456,1284,0
european-seas,2023-06-11,18.432383,12740,11456,1284,0
european-seas,2023-06-12,18.618118,12740,11456,1284,0
european-seas,2023-06-13,18.812063,12740,11456,1284,0
european-seas,2023-06-14,18.967262,12740,11456,1284,0
european-seas,2023-06-15,19.12072,12740,11456,1284,0
european-seas,2023-06-16,19.248043,12740,11456,1284,0
european-seas,2023-06-17,19.385311,12740,11456,1284,0
european-seas,2023-06-18,19.512815,12740,11456,1284,0
european-seas,2023-06-19,19.64816,12740,11456,1284,0
european-seas,2023-06-20,19.7973,12740,11456,1284,0
european-seas,2023-06-21,19.975857,12740,11456,1284,0
european-seas,2023-06-22,20.174938,12740,11456,1284,0
european-seas,2023-06-23,20.330593,12740,11456,1284,0
european-seas,2023-06-24,20.458042,12740,11456,1284,0
european-seas,2023-06-25,20.54739,12740,11456,1284,0
european-seas,2023-06-26,20.590921,12740,11456,1284,0
european-seas,2023-06-27,20.636158,12740,11456,1284,0
european-seas,2023-06-28,20.718132,12740,11456,1284,0
european-seas,2023-06-29,20.771667,12740,11456,1284,0
european-seas,2023-06-30,20.795422,12740,11456,1284,0
european-seas,2023-07-01,20.756205,12740,11456,1284,0
european-seas,2023-07-02,20.7262,12740,11456,1284,0
european-seas,2023-07-03,20.753555,12740,11456,1284,0
european-seas,2023-07-04,20.82136,12740,11456,1284,0
european-seas,2023-07-05,20.934877,12740,11456,1284,0
european-seas,2023-07-06,21.027998,12740,11456,1284,0
european-seas,2023-07-07,21.08551,12740,11456,1284,0
european-seas,2023-07-08,21.124681,12740,11456,1284,0
european-seas,2023-07-09,21.210619,12740,11456,1284,0
european-seas,2023-07-10,21.365335,12740,11456,1284,0
european-seas,2023-07-11,21.510366,12740,11456,1284,0
european-seas,2023-07-12,21.626692,12740,11456,1284,0
european-seas,2023-07-13,21.74173,12740,11456,1284,0
european-seas,2023-07-14,21.83397,12740,11456,1284,0
european-seas,2023-07-15,21.900473,12740,11456,1284,0
european-seas,2023-07-16,21.971777,12740,11456,1284,0
european-seas,2023-07-17,22.066805,12740,11456,1284,0
european-seas,2023-07-18,22.14899,12740,11456,1284,0
european-seas,2023-07-19,22.268492,12740,11456,1284,0
european-seas,2023-07-20,22.354683,12740,11456,1284,0
european-seas,2023-07-21,22.426363,12740,11456,1284,0
european-seas,2023-07-22,22.503378,12740,11456,1284,0
european-seas,2023-07-23,22.566631,12740,11456,1284,0
european-seas,2023-07-24,22.561932,12740,11456,1284,0
european-seas,2023-07-25,22.485416,12740,11456,1284,0
european-seas,2023-07-26,22.330952,12740,11456,1284,0
european-seas,2023-07-27,22.21194,12740,11456,1284,0
european-seas,2023-07-28,22.1558,12740,11456,1284,0
european-seas,2023-07-29,22.163658,12740,11456,1284,0
european-seas,2023-07-30,22.266611,12740,11456,1284,0
european-seas,2023-07-31,22.371563,12740,11456,1284,0
european-seas,2023-08-01,22.424423,12740,11456,1284,0
european-seas,2023-08-02,22.450876,12740,11456,1284,0
european-seas,2023-08-03,22.47217,12740,11456,1284,0
european-seas,2023-08-04,22.42931,12740,11456,1284,0
european-seas,2023-08-05,22.293438,12740,11456,1284,0
european-seas,2023-08-06,22.16799,12740,11456,1284,0
european-seas,2023-08-07,22.074087,12740,11456,1284,0
european-seas,2023-08-08,21.938332,12740,11456,1284,0
european-seas,2023-08-09,21.83366,12740,11456,1284,0
european-seas,2023-08-10,21.859106,12740,11456,1284,0
european-seas,2023-08-11,21.896324,12740,11456,1284,0
european-seas,2023-08-12,21.92871,12740,11456,1284,0
european-seas,2023-08-13,21.976725,12740,11456,1284,0
european-seas,2023-08-14,22.048872,12740,11456,1284,0
european-seas,2023-08-15,22.113562,12740,11456,1284,0
european-seas,2023-08-16,22.173376,12740,11456,1284,0
european-seas,2023-08-17,22.23913,12740,11456,1284,0
european-seas,2023-08-18,22.318428,12740,11456,1284,0
european-seas,2023-08-19,22.44002,12740,11456,1284,0
european-seas,2023-08-20,22.54461,12740,11456,1284,0
european-seas,2023-08-21,22.630892,12740,11456,1284,0
european-seas,2023-08-22,22.734367,12740,11456,1284,0
european-seas,2023-08-23,22.819817,12740,11456,1284,0
european-seas,2023-08-24,22.856743,12740,11456,1284,0
european-seas,2023-08-25,22.868483,12740,11456,1284,0
european-seas,2023-08-26,22.850874,12740,11456,1284,0
european-seas,2023-08-27,22.738523,12740,11456,1284,0
european-seas,2023-08-28,22.522058,12740,11456,1284,0
european-seas,2023-08-29,22.288681,12740,11456,1284,0
european-seas,2023-08-30,22.127123,12740,11456,1284,0
european-seas,2023-08-31,22.06904,12740,11456,1284,0
european-seas,2023-09-01,22.083344,12740,11456,1284,0
european-seas,2023-09-02,22.09815,12740,11456,1284,0
european-seas,2023-09-03,22.074953,12740,11456,1284,0
european-seas,2023-09-04,22.05596,12740,11456,1284,0
european-seas,2023-09-05,22.031113,12740,11456,1284,0
european-seas,2023-09-06,22.03838,12740,11456,1284,0
european-seas,2023-09-07,22.082752,12740,11456,1284,0
european-seas,2023-09-08,22.125183,12740,11456,1284,0
european-seas,2023-09-09,22.133192,12740,11456,1284,0
european-seas,2023-09-10,22.109833,12740,11456,1284,0
european-seas,2023-09-11,22.068245,12740,11456,1284,0
european-seas,2023-09-12,22.015978,12740,11456,1284,0
european-seas,2023-09-13,21.949791,12740,11456,1284,0
european-seas,2023-09-14,21.884502,12740,11456,1284,0
european-seas,2023-09-15,21.832102,12740,11456,1284,0
european-seas,2023-09-16,21.761908,12740,11456,1284,0
european-seas,2023-09-17,21.667599,12740,11456,1284,0
european-seas,2023-09-18,21.583136,12740,11456,1284,0
european-seas,2023-09-19,21.501688,12740,11456,1284,0
european-seas,2023-09-20,21.44362,12740,11456,1284,0
european-seas,2023-09-21,21.405394,12740,11456,1284,0
european-seas,2023-09-22,21.373571,12740,11456,1284,0
european-seas,2023-09-23,21.339037,12740,11456,1284,0
european-seas,2023-09-24,21.269384,12740,11456,1284,0
european-seas,2023-09-25,21.178509,12740,11456,1284,0
european-seas,2023-09-26,21.079533,12740,11456,1284,0
european-seas,2023-09-27,21.016428,12740,11456,1284,0
european-seas,2023-09-28,20.97656,12740,11456,1284,0
european-seas,2023-09-29,20.941525,12740,11456,1284,0
european-seas,2023-09-30,20.910885,12740,11456,1284,0
european-seas,2023-10-01,20.860992,12740,11456,1284,0
european-seas,2023-10-02,20.78321,12740,11456,1284,0
european-seas,2023-10-03,20.685844,12740,11456,1284,0
european-seas,2023-10-04,20.592806,12740,11456,1284,0
european-seas,2023-10-05,20.539558,12740,11456,1284,0
european-seas,2023-10-06,20.49579,12740,11456,1284,0
european-seas,2023-10-07,20.456886,12740,11456,1284,0
european-seas,2023-10-08,20.418482,12740,11456,1284,0
european-seas,2023-10-09,20.366177,12740,11456,1284,0
european-seas,2023-10-10,20.280691,12740,11456,1284,0
european-seas,2023-10-11,20.194412,12740,11456,1284,0
european-seas,2023-10-12,20.114212,12740,11456,1284,0
european-seas,2023-10-13,20.047457,12740,11456,1284,0
european-seas,2023-10-14,19.971838,12740,11456,1284,0
european-seas,2023-10-15,19.873428,12740,11456,1284,0
european-seas,2023-10-16,19.750319,12740,11456,1284,0
european-seas,2023-10-17,19.625637,12740,11456,1284,0
european-seas,2023-10-18,19.51228,12740,11456,1284,0
european-seas,2023-10-19,19.400608,12740,11456,1284,0
european-seas,2023-10-20,19.258064,12740,11456,1284,0
european-seas,2023-10-21,19.13233,12740,11456,1284,0
european-seas,2023-10-22,18.98518,12740,11456,1284,0
european-seas,2023-10-23,18.87475,12740,11456,1284,0
european-seas,2023-10-24,18.824005,12740,11456,1284,0
european-seas,2023-10-25,18.775713,12740,11456,1284,0
european-seas,2023-10-26,18.718254,12740,11456,1284,0
european-seas,2023-10-27,18.639427,12740,11456,1284,0
european-seas,2023-10-28,18.591135,12740,11456,1284,0
european-seas,2023-10-29,18.537752,12740,11456,1284,0
european-seas,2023-10-30,18.463224,12740,11456,1284,0
european-seas,2023-10-31,18.379751,12740,11456,1284,0
european-seas,2023-11-01,18.292337,12740,11456,1284,0
european-seas,2023-11-02,18.16543,12740,11456,1284,0
european-seas,2023-11-03,18.030014,12740,11456,1284,0
european-seas,2023-11-04,17.89208,12740,11456,1284,0
european-seas,2023-11-05,17.748875,12740,11456,1284,0
european-seas,2023-11-06,17.632998,12740,11456,1284,0
european-seas,2023-11-07,17.539864,12740,11456,1284,0
european-seas,2023-11-08,17.473183,12740,11456,1284,0
european-seas,2023-11-09,17.385902,12740,11456,1284,0
european-seas,2023-11-10,17.297392,12740,11456,1284,0
european-seas,2023-11-11,17.224974,12740,11456,1284,0
european-seas,2023-11-12,17.162663,12740,11456,1284,0
european-seas,2023-11-13,17.111155,12740,11456,1284,0
european-seas,2023-11-14,17.076414,12740,11456,1284,0
european-seas,2023-11-15,17.021345,12740,11456,1284,0
european-seas,2023-11-16,16.930021,12740,11456,1284,0
european-seas,2023-11-17,16.855871,12740,11456,1284,0
european-seas,2023-11-18,16.760519,12740,11456,1284,0
european-seas,2023-11-19,16.610182,12740,11456,1284,0
european-seas,2023-11-20,16.465797,12740,11456,1284,0
european-seas,2023-11-21,16.346048,12740,11456,1284,0
european-seas,2023-11-22,16.245415,12740,11456,1284,0
european-seas,2023-11-23,16.13809,12740,11456,1284,0
european-seas,2023-11-24,16.039106,12740,11456,1284,0
european-seas,2023-11-25,15.942713,12740,11456,1284,0
european-seas,2023-11-26,15.828437,12740,11456,1284,0
european-seas,2023-11-27,15.689513,12740,11456,1284,0
european-seas,2023-11-28,15.562452,12740,11456,1284,0
european-seas,2023-11-29,15.424608,12740,11456,1284,0
european-seas,2023-11-30,15.315621,12740,11456,1284,0
european-seas,2023-12-01,15.249085,12740,11456,1284,0
european-seas,2023-12-02,15.197813,12740,11436,1284,20
european-seas,2023-12-03,15.104672,12740,11436,1284,20
european-seas,2023-12-04,15.005456,12740,11436,1284,20
european-seas,2023-12-05,14.922254,12740,11436,1284,20
european-seas,2023-12-06,14.863544,12740,11436,1284,20
european-seas,2023-12-07,14.810812,12740,11408,1284,48
european-seas,2023-12-08,14.752762,12740,11408,1284,48
european-seas,2023-12-09,14.66039,12740,11400,1284,56
european-seas,2023-12-10,14.565978,12740,11400,1284,56
european-seas,2023-12-11,14.534992,12740,11393,1284,63
european-seas,2023-12-12,14.498597,12740,11393,1284,63
european-seas,2023-12-13,14.451198,12740,11389,1284,67
european-seas,2023-12-14,14.406191,12740,11380,1284,76
european-seas,2023-12-15,14.352297,12740,11372,1284,84
european-seas,2023-12-16,14.348092,12740,11361,1284,95
european-seas,2023-12-17,14.338307,12740,11349,1284,107
european-seas,2023-12-18,14.296905,12740,11341,1284,115
european-seas,2023-12-19,14.26006,12740,11334,1284,122
european-seas,2023-12-20,14.23468,12740,11334,1284,122
european-seas,2023-12-21,14.186199,12740,11338,1284,118
european-seas,2023-12-22,14.156982,12740,11342,1284,114
european-seas,2023-12-23,14.121907,12740,11338,1284,118
european-seas,2023-12-24,14.10403,12740,11326,1284,130
european-seas,2023-12-25,14.062632,12740,11314,1284,142
european-seas,2023-12-26,14.026906,12740,11310,1284,146
european-seas,2023-12-27,13.990649,12740,11306,1284,150
european-seas,2023-12-28,13.929755,12740,11304,1284,152
european-seas,2023-12-29,13.870521,12740,11297,1284,159
european-seas,2023-12-30,13.80482,12740,11293,1284,163
european-seas,2023-12-31,13.762584,12740,11276,1284,180
european-seas,2024-01-01,13.7396145,12740,11259,1284,197
european-seas,2024-01-02,13.738638,12740,11247,1284,209
european-seas,2024-01-03,13.728798,12740,11247,1284,209
european-seas,2024-01-04,13.732194,12740,11221,1284,235
european-seas,2024-01-05,13.701688,12740,11215,1284,241
european-seas,2024-01-06,13.637277,12740,11211,1284,245
european-seas,2024-01-07,13.572295,12740,11207,1284,249
european-seas,2024-01-08,13.4902315,12740,11199,1284,257
european-seas,2024-01-09,13.438599,12740,11173,1284,283
european-seas,2024-01-10,13.382929,12740,11181,1284,275
european-seas,2024-01-11,13.380504,12740,11146,1284,310
european-seas,2024-01-12,13.370898,12740,11117,1284,339
european-seas,2024-01-13,13.334277,12740,11108,1284,348
european-seas,2024-01-14,13.307835,12740,11104,1284,352
european-seas,2024-01-15,13.274173,12740,11106,1284,350
european-seas,2024-01-16,13.258697,12740,11100,1284,356
european-seas,2024-01-17,13.256156,12740,11098,1284,358
european-seas,2024-01-18,13.248905,12740,11091,1284,365
european-seas,2024-01-19,13.201256,12740,11088,1284,368
european-seas,2024-01-20,13.13304,12740,11080,1284,376
european-seas,2024-01-21,13.089924,12740,11066,1284,390
european-seas,2024-01-22,13.072806,12740,11059,1284,397
european-seas,2024-01-23,13.058143,12740,11052,1284,404
european-seas,2024-01-24,13.055111,12740,11055,1284,401
european-seas,2024-01-25,13.070926,12740,11055,1284,401
european-seas,2024-01-26,13.041201,12740,11056,1284,400
european-seas,2024-01-27,13.0151005,12740,11059,1284,397
european-seas,2024-01-28,12.98338,12740,11057,1284,399
european-seas,2024-01-29,12.934591,12740,11072,1284,384
european-seas,2024-01-30,12.87967,12740,11090,1284,366
european-seas,2024-01-31,12.835781,12740,11094,1284,362
european-seas,2024-02-01,12.774504,12740,11117,1284,339
european-seas,2024-02-02,12.762675,12740,11125,1284,331
european-seas,2024-02-03,12.748487,12740,11125,1284,331
european-seas,2024-02-04,12.762486,12740,11125,1284,331
european-seas,2024-02-05,12.768547,12740,11126,1284,330
european-seas,2024-02-06,12.750214,12740,11115,1284,341
european-seas,2024-02-07,12.73135,12740,11113,1284,343
european-seas,2024-02-08,12.725522,12740,11108,1284,348
european-seas,2024-02-09,12.720147,12740,11091,1284,365
european-seas,2024-02-10,12.669436,12740,11087,1284,369
european-seas,2024-02-11,12.636474,12740,11065,1284,391
european-seas,2024-02-12,12.651971,12740,11042,1284,414
european-seas,2024-02-13,12.683108,12740,11014,1284,442
european-seas,2024-02-14,12.685813,12740,11010,1284,446
european-seas,2024-02-15,12.671336,12740,11006,1284,450
european-seas,2024-02-16,12.667458,12740,10999,1284,457
european-seas,2024-02-17,12.675496,12740,10985,1284,471
european-seas,2024-02-18,12.687029,12740,10993,1284,463
european-seas,2024-02-19,12.706613,12740,10997,1284,459
european-seas,2024-02-20,12.722202,12740,11019,1284,437
european-seas,2024-02-21,12.759278,12740,11020,1284,436
european-seas,2024-02-22,12.785783,12740,11004,1284,452
european-seas,2024-02-23,12.778685,12740,11013,1284,443
european-seas,2024-02-24,12.761222,12740,11021,1284,435
european-seas,2024-02-25,12.730802,12740,11025,1284,431
european-seas,2024-02-26,12.6765375,12740,11037,1284,419
european-seas,2024-02-27,12.603975,12740,11057,1284,399
european-seas,2024-02-28,12.566475,12740,11073,1284,383
european-seas,2024-02-29,12.55633,12740,11077,1284,379
european-seas,2024-03-01,12.531426,12740,11085,1284,371
european-seas,2024-03-02,12.504791,12740,11085,1284,371
european-seas,2024-03-03,12.52032,12740,11077,1284,379
european-seas,2024-03-04,12.553549,12740,11088,1284,368
european-seas,2024-03-05,12.583887,12740,11084,1284,372
european-seas,2024-03-06,12.601137,12740,11081,1284,375
european-seas,2024-03-07,12.597358,12740,11103,1284,353
european-seas,2024-03-08,12.554062,12740,11127,1284,329
european-seas,2024-03-09,12.523155,12740,11135,1284,321
european-seas,2024-03-10,12.4968815,12740,11140,1284,316
european-seas,2024-03-11,12.505429,12740,11109,1284,347
european-seas,2024-03-12,12.544578,12740,11097,1284,359
european-seas,2024-03-13,12.593293,12740,11077,1284,379
european-seas,2024-03-14,12.646464,12740,11060,1284,396
european-seas,2024-03-15,12.700277,12740,11061,1284,395
european-seas,2024-03-16,12.765056,12740,11053,1284,403
european-seas,2024-03-17,12.8401,12740,11012,1284,444
european-seas,2024-03-18,12.895936,12740,11031,1284,425
european-seas,2024-03-19,12.946927,12740,11030,1284,426
european-seas,2024-03-20,12.950833,12740,11042,1284,414
european-seas,2024-03-21,12.951272,12740,11042,1284,414
european-seas,2024-03-22,12.950417,12740,11051,1284,405
european-seas,2024-03-23,12.94031,12740,11079,1284,377
european-seas,2024-03-24,12.913602,12740,11087,1284,369
european-seas,2024-03-25,12.85248,12740,11114,1284,342
european-seas,2024-03-26,12.752296,12740,11129,1284,327
european-seas,2024-03-27,12.749914,12740,11133,1284,323
european-seas,2024-03-28,12.787425,12740,11157,1284,299
european-seas,2024-03-29,12.85979,12740,11147,1284,309
european-seas,2024-03-30,12.950798,12740,11136,1284,320
european-seas,2024-03-31,13.0654125,12740,11126,1284,330
european-seas,2024-04-01,13.1693125,12740,11120,1284,336
european-seas,2024-04-02,13.261419,12740,11131,1284,325
european-seas,2024-04-03,13.351435,12740,11122,1284,334
european-seas,2024-04-04,13.424645,12740,11116,1284,340
european-seas,2024-04-05,13.515009,12740,11124,1284,332
european-seas,2024-04-06,13.60007,12740,11128,1284,328
european-seas,2024-04-07,13.665468,12740,11124,1284,332
european-seas,2024-04-08,13.705936,12740,11128,1284,328
european-seas,2024-04-09,13.71409,12740,11132,1284,324
european-seas,2024-04-10,13.7332,12740,11132,1284,324
european-seas,2024-04-11,13.773745,12740,11142,1284,314
european-seas,2024-04-12,13.837351,12740,11169,1284,287
european-seas,2024-04-13,13.967549,12740,11177,1284,279
european-seas,2024-04-14,14.127,12740,11176,1284,280
european-seas,2024-04-15,14.184003,12740,11180,1284,276
european-seas,2024-04-16,14.207457,12740,11164,1284,292
european-seas,2024-04-17,14.112502,12740,11176,1284,280
european-seas,2024-04-18,14.057921,12740,11172,1284,284
european-seas,2024-04-19,14.041849,12740,11195,1284,261
european-seas,2024-04-20,14.041828,12740,11158,1284,298
european-seas,2024-04-21,13.978063,12740,11181,1284,275
european-seas,2024-04-22,13.938127,12740,11213,1284,243
european-seas,2024-04-23,13.933722,12740,11219,1284,237
european-seas,2024-04-24,13.920459,12740,11257,1284,199
european-seas,2024-04-25,13.932337,12740,11257,1284,199
european-seas,2024-04-26,13.968017,12740,11260,1284,196
european-seas,2024-04-27,14.030589,12740,11256,1284,200
european-seas,2024-04-28,14.086713,12740,11248,1284,208
european-seas,2024-04-29,14.143176,12740,11287,1284,169
european-seas,2024-04-30,14.237008,12740,11277,1284,179
european-seas,2024-05-01,14.279862,12740,11299,1284,157
european-seas,2024-05-02,14.377307,12740,11289,1284,167
european-seas,2024-05-03,14.486752,12740,11303,1284,153
european-seas,2024-05-04,14.547579,12740,11311,1284,145
european-seas,2024-05-05,14.623033,12740,11315,1284,141
european-seas,2024-05-06,14.690393,12740,11319,1284,137
european-seas,2024-05-07,14.788247,12740,11321,1284,135
european-seas,2024-05-08,14.888614,12740,11325,1284,131
european-seas,2024-05-09,14.975547,12740,11332,1284,124
european-seas,2024-05-10,15.101691,12740,11338,1284,118
european-seas,2024-05-11,15.2485695,12740,11344,1284,112
european-seas,2024-05-12,15.367833,12740,11348,1284,108
european-seas,2024-05-13,15.437649,12740,11348,1284,108
european-seas,2024-05-14,15.502846,12740,11348,1284,108
european-seas,2024-05-15,15.578576,12740,11348,1284,108
european-seas,2024-05-16,15.694258,12740,11348,1284,108
european-seas,2024-05-17,15.829862,12740,11355,1284,101
european-seas,2024-05-18,16.009895,12740,11359,1284,97
european-seas,2024-05-19,16.226158,12740,11363,1284,93
european-seas,2024-05-20,16.405636,12740,11363,1284,93
european-seas,2024-05-21,16.525702,12740,11380,1284,76
european-seas,2024-05-22,16.603533,12740,11389,1284,67
european-seas,2024-05-23,16.663452,12740,11405,1284,51
european-seas,2024-05-24,16.696154,12740,11409,1284,47
european-seas,2024-05-25,16.732859,12740,11417,1284,39
european-seas,2024-05-26,16.811537,12740,11428,1284,28
european-seas,2024-05-27,16.939135,12740,11432,1284,24
european-seas,2024-05-28,17.110525,12740,11444,1284,12
european-seas,2024-05-29,17.254356,12740,11456,1284,0
european-seas,2024-05-30,17.382393,12740,11456,1284,0
european-seas,2024-05-31,17.5141,12740,11456,1284,0
european-seas,2024-06-01,17.620516,12740,11456,1284,0
european-seas,2024-06-02,17.711782,12740,11456,1284,0
european-seas,2024-06-03,17.910488,12740,11456,1284,0
european-seas,2024-06-04,18.154829,12740,11456,1284,0
european-seas,2024-06-05,18.299786,12740,11456,1284,0
european-seas,2024-06-06,18.41163,12740,11456,1284,0
european-seas,2024-06-07,18.508408,12740,11456,1284,0
european-seas,2024-06-08,18.584312,12740,11456,1284,0
european-seas,2024-06-09,18.591223,12740,11456,1284,0
european-seas,2024-06-10,18.589952,12740,11456,1284,0
european-seas,2024-06-11,18.629808,12740,11456,1284,0
european-seas,2024-06-12,18.728533,12740,11456,1284,0
european-seas,2024-06-13,18.823528,12740,11456,1284,0
european-seas,2024-06-14,18.849615,12740,11456,1284,0
european-seas,2024-06-15,18.79387,12740,11456,1284,0
european-seas,2024-06-16,18.794283,12740,11456,1284,0
european-seas,2024-06-17,18.909576,12740,11456,1284,0
european-seas,2024-06-18,19.040009,12740,11456,1284,0
european-seas,2024-06-19,19.159224,12740,11456,1284,0
european-seas,2024-06-20,19.26098,12740,11456,1284,0
european-seas,2024-06-21,19.324434,12740,11456,1284,0
european-seas,2024-06-22,19.445261,12740,11456,1284,0
european-seas,2024-06-23,19.562735,12740,11456,1284,0
european-seas,2024-06-24,19.682213,12740,11456,1284,0
european-seas,2024-06-25,19.804272,12740,11456,1284,0
european-seas,2024-06-26,19.894833,12740,11456,1284,0
european-seas,2024-06-27,19.952492,12740,11456,1284,0
european-seas,2024-06-28,19.961525,12740,11456,1284,0
european-seas,2024-06-29,20.015894,12740,11456,1284,0
european-seas,2024-06-30,20.104195,12740,11456,1284,0
european-seas,2024-07-01,20.156832,12740,11456,1284,0
european-seas,2024-07-02,20.191303,12740,11456,1284,0
european-seas,2024-07-03,20.232733,12740,11456,1284,0
european-seas,2024-07-04,20.238222,12740,11456,1284,0
european-seas,2024-07-05,20.251083,12740,11456,1284,0
european-seas,2024-07-06,20.210396,12740,11456,1284,0
european-seas,2024-07-07,20.252268,12740,11456,1284,0
european-seas,2024-07-08,20.383823,12740,11456,1284,0
european-seas,2024-07-09,20.587156,12740,11456,1284,0
european-seas,2024-07-10,20.850086,12740,11456,1284,0
european-seas,2024-07-11,21.085459,12740,11456,1284,0
european-seas,2024-07-12,21.230116,12740,11456,1284,0
european-seas,2024-07-13,21.328747,12740,11456,1284,0
european-seas,2024-07-14,21.403164,12740,11456,1284,0
european-seas,2024-07-15,21.52324,12740,11456,1284,0
european-seas,2024-07-16,21.64288,12740,11456,1284,0
european-seas,2024-07-17,21.775314,12740,11456,1284,0
european-seas,2024-07-18,21.939081,12740,11456,1284,0
european-seas,2024-07-19,22.0474,12740,11456,1284,0
european-seas,2024-07-20,22.148487,12740,11456,1284,0
european-seas,2024-07-21,22.204985,12740,11456,1284,0
european-seas,2024-07-22,22.217176,12740,11456,1284,0
european-seas,2024-07-23,22.223661,12740,11456,1284,0
european-seas,2024-07-24,22.26576,12740,11456,1284,0
european-seas,2024-07-25,22.31256,12740,11456,1284,0
european-seas,2024-07-26,22.369482,12740,11456,1284,0
european-seas,2024-07-27,22.42257,12740,11456,1284,0
european-seas,2024-07-28,22.51234,12740,11456,1284,0
european-seas,2024-07-29,22.589203,12740,11456,1284,0
european-seas,2024-07-30,22.64106,12740,11456,1284,0
european-seas,2024-07-31,22.677902,12740,11456,1284,0
european-seas,2024-08-01,22.706003,12740,11456,1284,0
european-seas,2024-08-02,22.717981,12740,11456,1284,0
european-seas,2024-08-03,22.71305,12740,11456,1284,0
european-seas,2024-08-04,22.739592,12740,11456,1284,0
european-seas,2024-08-05,22.79695,12740,11456,1284,0
european-seas,2024-08-06,22.855452,12740,11456,1284,0
european-seas,2024-08-07,22.895315,12740,11456,1284,0
european-seas,2024-08-08,22.893242,12740,11456,1284,0
european-seas,2024-08-09,22.902403,12740,11456,1284,0
european-seas,2024-08-10,22.92015,12740,11456,1284,0
european-seas,2024-08-11,22.939907,12740,11456,1284,0
european-seas,2024-08-12,22.963331,12740,11456,1284,0
european-seas,2024-08-13,22.952497,12740,11456,1284,0
european-seas,2024-08-14,22.922115,12740,11456,1284,0
european-seas,2024-08-15,22.899006,12740,11456,1284,0
european-seas,2024-08-16,22.877644,12740,11456,1284,0
european-seas,2024-08-17,22.838934,12740,11456,1284,0
european-seas,2024-08-18,22.798841,12740,11456,1284,0
european-seas,2024-08-19,22.798452,12740,11456,1284,0
european-seas,2024-08-20,22.783915,12740,11456,1284,0
european-seas,2024-08-21,22.705742,12740,11456,1284,0
european-seas,2024-08-22,22.644663,12740,11456,1284,0
european-seas,2024-08-23,22.653597,12740,11456,1284,0
european-seas,2024-08-24,22.654593,12740,11456,1284,0
european-seas,2024-08-25,22.597563,12740,11456,1284,0
european-seas,2024-08-26,22.549068,12740,11456,1284,0
european-seas,2024-08-27,22.53982,12740,11456,1284,0
european-seas,2024-08-28,22.55235,12740,11456,1284,0
european-seas,2024-08-29,22.546247,12740,11456,1284,0
european-seas,2024-08-30,22.528406,12740,11456,1284,0
european-seas,2024-08-31,22.508198,12740,11456,1284,0
european-seas,2024-09-01,22.505138,12740,11456,1284,0
european-seas,2024-09-02,22.47317,12740,11456,1284,0
european-seas,2024-09-03,22.438208,12740,11456,1284,0
european-seas,2024-09-04,22.41591,12740,11456,1284,0
european-seas,2024-09-05,22.383675,12740,11456,1284,0
european-seas,2024-09-06,22.338318,12740,11456,1284,0
european-seas,2024-09-07,22.302639,12740,11456,1284,0
european-seas,2024-09-08,22.232426,12740,11456,1284,0
european-seas,2024-09-09,22.086166,12740,11456,1284,0
european-seas,2024-09-10,21.88085,12740,11456,1284,0
european-seas,2024-09-11,21.730755,12740,11456,1284,0
european-seas,2024-09-12,21.58576,12740,11456,1284,0
european-seas,2024-09-13,21.42778,12740,11456,1284,0
european-seas,2024-09-14,21.266165,12740,11456,1284,0
european-seas,2024-09-15,21.109835,12740,11456,1284,0
european-seas,2024-09-16,20.994968,12740,11456,1284,0
european-seas,2024-09-17,20.910555,12740,11456,1284,0
european-seas,2024-09-18,20.840628,12740,11456,1284,0
european-seas,2024-09-19,20.777637,12740,11456,1284,0
european-seas,2024-09-20,20.750425,12740,11456,1284,0
european-seas,2024-09-21,20.702715,12740,11456,1284,0
european-seas,2024-09-22,20.649313,12740,11456,1284,0
european-seas,2024-09-23,20.596777,12740,11456,1284,0
european-seas,2024-09-24,20.551006,12740,11456,1284,0
european-seas,2024-09-25,20.525097,12740,11456,1284,0
european-seas,2024-09-26,20.518473,12740,11456,1284,0
european-seas,2024-09-27,20.488455,12740,11456,1284,0
european-seas,2024-09-28,20.382524,12740,11456,1284,0
european-seas,2024-09-29,20.244665,12740,11456,1284,0
european-seas,2024-09-30,20.112528,12740,11456,1284,0
european-seas,2024-10-01,19.978321,12740,11456,1284,0
european-seas,2024-10-02,19.891489,12740,11456,1284,0
european-seas,2024-10-03,19.833672,12740,11456,1284,0
european-seas,2024-10-04,19.797407,12740,11456,1284,0
european-seas,2024-10-05,19.782784,12740,11456,1284,0
european-seas,2024-10-06,19.748863,12740,11456,1284,0
european-seas,2024-10-07,19.689848,12740,11456,1284,0
european-seas,2024-10-08,19.622196,12740,11456,1284,0
european-seas,2024-10-09,19.540388,12740,11456,1284,0
european-seas,2024-10-10,19.477676,12740,11456,1284,0
european-seas,2024-10-11,19.417786,12740,11456,1284,0
european-seas,2024-10-12,19.351185,12740,11456,1284,0
european-seas,2024-10-13,19.274605,12740,11456,1284,0
european-seas,2024-10-14,19.20566,12740,11456,1284,0
european-seas,2024-10-15,19.172014,12740,11456,1284,0
european-seas,2024-10-16,19.153332,12740,11456,1284,0
european-seas,2024-10-17,19.127552,12740,11456,1284,0
european-seas,2024-10-18,19.045162,12740,11456,1284,0
european-seas,2024-10-19,18.968119,12740,11456,1284,0
european-seas,2024-10-20,18.862902,12740,11456,1284,0
european-seas,2024-10-21,18.753105,12740,11456,1284,0
european-seas,2024-10-22,18.646336,12740,11456,1284,0
european-seas,2024-10-23,18.563889,12740,11456,1284,0
european-seas,2024-10-24,18.485374,12740,11456,1284,0
european-seas,2024-10-25,18.379839,12740,11456,1284,0
european-seas,2024-10-26,18.258524,12740,11456,1284,0
european-seas,2024-10-27,18.181084,12740,11456,1284,0
european-seas,2024-10-28,18.108393,12740,11456,1284,0
european-seas,2024-10-29,18.037527,12740,11456,1284,0
european-seas,2024-10-30,17.985348,12740,11456,1284,0
european-seas,2024-10-31,17.9422,12740,11456,1284,0
european-seas,2024-11-01,17.908283,12740,11456,1284,0
european-seas,2024-11-02,17.843836,12740,11456,1284,0
european-seas,2024-11-03,17.742098,12740,11456,1284,0
european-seas,2024-11-04,17.65482,12740,11456,1284,0
european-seas,2024-11-05,17.575127,12740,11456,1284,0
european-seas,2024-11-06,17.489738,12740,11456,1284,0
european-seas,2024-11-07,17.42292,12740,11456,1284,0
european-seas,2024-11-08,17.394444,12740,11456,1284,0
european-seas,2024-11-09,17.369192,12740,11456,1284,0
european-seas,2024-11-10,17.342752,12740,11456,1284,0
european-seas,2024-11-11,17.303022,12740,11456,1284,0
european-seas,2024-11-12,17.246582,12740,11456,1284,0
european-seas,2024-11-13,17.170788,12740,11456,1284,0
european-seas,2024-11-14,17.078917,12740,11456,1284,0
european-seas,2024-11-15,17.001991,12740,11456,1284,0
european-seas,2024-11-16,16.9211,12740,11456,1284,0
european-seas,2024-11-17,16.837595,12740,11456,1284,0
european-seas,2024-11-18,16.760965,12740,11456,1284,0
european-seas,2024-11-19,16.682013,12740,11456,1284,0
european-seas,2024-11-20,16.62347,12740,11456,1284,0
european-seas,2024-11-21,16.55368,12740,11456,1284,0
european-seas,2024-11-22,16.474155,12740,11456,1284,0
european-seas,2024-11-23,16.377003,12740,11456,1284,0
european-seas,2024-11-24,16.20938,12740,11456,1284,0
european-seas,2024-11-25,16.072908,12740,11456,1284,0
european-seas,2024-11-26,15.965374,12740,11456,1284,0
european-seas,2024-11-27,15.880816,12740,11456,1284,0
european-seas,2024-11-28,15.806742,12740,11456,1284,0
european-seas,2024-11-29,15.756883,12740,11456,1284,0
european-seas,2024-11-30,15.72684,12740,11456,1284,0
european-seas,2024-12-01,15.676293,12740,11456,1284,0
european-seas,2024-12-02,15.617665,12740,11456,1284,0
european-seas,2024-12-03,15.549517,12740,11456,1284,0
european-seas,2024-12-04,15.468331,12740,11456,1284,0
european-seas,2024-12-05,15.405288,12740,11456,1284,0
european-seas,2024-12-06,15.312226,12740,11456,1284,0
european-seas,2024-12-07,15.225358,12740,11456,1284,0
european-seas,2024-12-08,15.140296,12740,11456,1284,0
european-seas,2024-12-09,15.043548,12740,11456,1284,0
european-seas,2024-12-10,14.951456,12740,11456,1284,0
european-seas,2024-12-11,14.862789,12740,11456,1284,0
european-seas,2024-12-12,14.804738,12740,11456,1284,0
european-seas,2024-12-13,14.753896,12740,11456,1284,0
european-seas,2024-12-14,14.712262,12740,11456,1284,0
european-seas,2024-12-15,14.644308,12740,11456,1284,0
european-seas,2024-12-16,14.578045,12740,11456,1284,0
european-seas,2024-12-17,14.522007,12740,11448,1284,8
european-seas,2024-12-18,14.479929,12740,11448,1284,8
european-seas,2024-12-19,14.449395,12740,11448,1284,8
european-seas,2024-12-20,14.383299,12740,11448,1284,8
european-seas,2024-12-21,14.296159,12740,11448,1284,8
european-seas,2024-12-22,14.230339,12740,11423,1284,33
european-seas,2024-12-23,14.148804,12740,11409,1284,47
european-seas,2024-12-24,14.038296,12740,11394,1284,62
european-seas,2024-12-25,13.95709,12740,11372,1284,84
european-seas,2024-12-26,13.867568,12740,11360,1284,96
european-seas,2024-12-27,13.813789,12740,11360,1284,96
european-seas,2024-12-28,13.796408,12740,11360,1284,96
european-seas,2024-12-29,13.754563,12740,11364,1284,92
european-seas,2024-12-30,13.72701,12740,11354,1284,102
european-seas,2024-12-31,13.708545,12740,11360,1284,96
european-seas,2025-01-01,13.714476,12740,11357,1284,99
european-seas,2025-01-02,13.735421,12740,11361,1284,95
european-seas,2025-01-03,13.728268,12740,11357,1284,99
european-seas,2025-01-04,13.672333,12740,11363,1284,93
european-seas,2025-01-05,13.6465845,12740,11339,1284,117
european-seas,2025-01-06,13.601077,12740,11343,1284,113
european-seas,2025-01-07,13.585145,12740,11328,1284,128
european-seas,2025-01-08,13.554726,12740,11301,1284,155
european-seas,2025-01-09,13.533204,12740,11284,1284,172
european-seas,2025-01-10,13.516103,12740,11269,1284,187
european-seas,2025-01-11,13.498396,12740,11254,1284,202
european-seas,2025-01-12,13.476895,12740,11246,1284,210
european-seas,2025-01-13,13.430182,12740,11246,1284,210
european-seas,2025-01-14,13.368111,12740,11238,1284,218
european-seas,2025-01-15,13.325427,12740,11254,1284,202
european-seas,2025-01-16,13.30963,12740,11237,1284,219
european-seas,2025-01-17,13.265831,12740,11241,1284,215
european-seas,2025-01-18,13.225061,12740,11245,1284,211
european-seas,2025-01-19,13.196423,12740,11251,1284,205
european-seas,2025-01-20,13.178791,12740,11241,1284,215
european-seas,2025-01-21,13.153541,12740,11241,1284,215
european-seas,2025-01-22,13.135561,12740,11222,1284,234
european-seas,2025-01-23,13.1261215,12740,11219,1284,237
european-seas,2025-01-24,13.116334,12740,11204,1284,252
european-seas,2025-01-25,13.10461,12740,11203,1284,253
european-seas,2025-01-26,13.088118,12740,11197,1284,259
european-seas,2025-01-27,13.068684,12740,11204,1284,252
european-seas,2025-01-28,13.058858,12740,11200,1284,256
european-seas,2025-01-29,13.04317,12740,11199,1284,257
european-seas,2025-01-30,13.0437,12740,11173,1284,283
european-seas,2025-01-31,13.008663,12740,11169,1284,287
european-seas,2025-02-01,12.97046,12740,11185,1284,271
european-seas,2025-02-02,12.920942,12740,11171,1284,285
european-seas,2025-02-03,12.863798,12740,11159,1284,297
european-seas,2025-02-04,12.842631,12740,11157,1284,299
european-seas,2025-02-05,12.84114,12740,11157,1284,299
european-seas,2025-02-06,12.839622,12740,11163,1284,293
european-seas,2025-02-07,12.812033,12740,11173,1284,283
european-seas,2025-02-08,12.776253,12740,11172,1284,284
european-seas,2025-02-09,12.749344,12740,11170,1284,286
european-seas,2025-02-10,12.729665,12740,11186,1284,270
european-seas,2025-02-11,12.719856,12740,11193,1284,263
european-seas,2025-02-12,12.677113,12740,11213,1284,243
european-seas,2025-02-13,12.671589,12740,11213,1284,243
european-seas,2025-02-14,12.683039,12740,11209,1284,247
european-seas,2025-02-15,12.661869,12740,11199,1284,257
european-seas,2025-02-16,12.645586,12740,11182,1284,274
european-seas,2025-02-17,12.637615,12740,11157,1284,299
european-seas,2025-02-18,12.680563,12740,11133,1284,323
european-seas,2025-02-19,12.700808,12740,11135,1284,321
european-seas,2025-02-20,12.700594,12740,11129,1284,327
european-seas,2025-02-21,12.705538,12740,11125,1284,331
european-seas,2025-02-22,12.70528,12740,11118,1284,338
european-seas,2025-02-23,12.68598,12740,11110,1284,346
european-seas,2025-02-24,12.714423,12740,11028,1284,428
european-seas,2025-02-25,12.703365,12740,11016,1284,440
european-seas,2025-02-26,12.689628,12740,11009,1284,447
european-seas,2025-02-27,12.66815,12740,11013,1284,443
european-seas,2025-02-28,12.656548,12740,11025,1284,431
european-seas,2025-03-01,12.612852,12740,11075,1284,381
european-seas,2025-03-02,12.567516,12740,11102,1284,354
european-seas,2025-03-03,12.517639,12740,11139,1284,317
european-seas,2025-03-04,12.491483,12740,11152,1284,304
european-seas,2025-03-05,12.4706955,12740,11164,1284,292
european-seas,2025-03-06,12.489205,12740,11161,1284,295
european-seas,2025-03-07,12.529824,12740,11154,1284,302
european-seas,2025-03-08,12.576469,12740,11139,1284,317
european-seas,2025-03-09,12.630034,12740,11139,1284,317
european-seas,2025-03-10,12.669836,12740,11118,1284,338
european-seas,2025-03-11,12.672284,12740,11115,1284,341
european-seas,2025-03-12,12.665144,12740,11149,1284,307
european-seas,2025-03-13,12.698075,12740,11167,1284,289
european-seas,2025-03-14,12.722101,12740,11228,1284,228
european-seas,2025-03-15,12.6761,12740,11362,1284,94
european-seas,2025-03-16,12.695719,12740,11362,1284,94
european-seas,2025-03-17,12.678901,12740,11372,1284,84
european-seas,2025-03-18,12.650367,12740,11393,1284,63
european-seas,2025-03-19,12.615946,12740,11385,1284,71
european-seas,2025-03-20,12.577077,12740,11397,1284,59
european-seas,2025-03-21,12.567811,12740,11405,1284,51
european-seas,2025-03-22,12.600244,12740,11405,1284,51
european-seas,2025-03-23,12.617232,12740,11413,1284,43
european-seas,2025-03-24,12.626269,12740,11413,1284,43
european-seas,2025-03-25,12.676559,12740,11413,1284,43
european-seas,2025-03-26,12.711668,12740,11413,1284,43
european-seas,2025-03-27,12.764198,12740,11413,1284,43
european-seas,2025-03-28,12.782574,12740,11413,1284,43
european-seas,2025-03-29,12.797777,12740,11413,1284,43
european-seas,2025-03-30,12.820691,12740,11416,1284,40
european-seas,2025-03-31,12.862882,12740,11416,1284,40
european-seas,2025-04-01,12.901027,12740,11416,1284,40
european-seas,2025-04-02,12.955105,12740,11416,1284,40
european-seas,2025-04-03,13.01841,12740,11416,1284,40
european-seas,2025-04-04,13.068007,12740,11416,1284,40
european-seas,2025-04-05,13.124541,12740,11416,1284,40
european-seas,2025-04-06,13.176606,12740,11416,1284,40
european-seas,2025-04-07,13.184451,12740,11416,1284,40
european-seas,2025-04-08,13.17199,12740,11416,1284,40
european-seas,2025-04-09,13.176125,12740,11416,1284,40
european-seas,2025-04-10,13.197668,12740,11416,1284,40
european-seas,2025-04-11,13.228184,12740,11416,1284,40
european-seas,2025-04-12,13.25944,12740,11416,1284,40
european-seas,2025-04-13,13.277405,12740,11416,1284,40
european-seas,2025-04-14,13.275598,12740,11416,1284,40
european-seas,2025-04-15,13.265445,12740,11416,1284,40
european-seas,2025-04-16,13.306628,12740,11416,1284,40
european-seas,2025-04-17,13.361816,12740,11416,1284,40
european-seas,2025-04-18,13.444541,12740,11420,1284,36
european-seas,2025-04-19,13.529722,12740,11420,1284,36
european-seas,2025-04-20,13.618202,12740,11420,1284,36
european-seas,2025-04-21,13.6761265,12740,11424,1284,32
european-seas,2025-04-22,13.735016,12740,11424,1284,32
european-seas,2025-04-23,13.835239,12740,11424,1284,32
european-seas,2025-04-24,13.933045,12740,11424,1284,32
european-seas,2025-04-25,14.030943,12740,11420,1284,36
european-seas,2025-04-26,14.133931,12740,11420,1284,36
european-seas,2025-04-27,14.206592,12740,11420,1284,36
european-seas,2025-04-28,14.243878,12740,11420,1284,36
european-seas,2025-04-29,14.305674,12740,11420,1284,36
european-seas,2025-04-30,14.41483,12740,11424,1284,32
european-seas,2025-05-01,14.535573,12740,11420,1284,36
european-seas,2025-05-02,14.660297,12740,11424,1284,32
european-seas,2025-05-03,14.777139,12740,11424,1284,32
european-seas,2025-05-04,14.820292,12740,11424,1284,32
european-seas,2025-05-05,14.863711,12740,11428,1284,28
european-seas,2025-05-06,14.937184,12740,11432,1284,24
european-seas,2025-05-07,15.068178,12740,11440,1284,16
european-seas,2025-05-08,15.235045,12740,11440,1284,16
european-seas,2025-05-09,15.372599,12740,11436,1284,20
european-seas,2025-05-10,15.473029,12740,11440,1284,16
european-seas,2025-05-11,15.550156,12740,11452,1284,4
european-seas,2025-05-12,15.632559,12740,11452,1284,4
european-seas,2025-05-13,15.697673,12740,11452,1284,4
european-seas,2025-05-14,15.783907,12740,11456,1284,0
european-seas,2025-05-15,15.843661,12740,11456,1284,0
european-seas,2025-05-16,15.860188,12740,11456,1284,0
european-seas,2025-05-17,15.908667,12740,11456,1284,0
european-seas,2025-05-18,16.016413,12740,11456,1284,0
european-seas,2025-05-19,16.167974,12740,11456,1284,0
european-seas,2025-05-20,16.293783,12740,11456,1284,0
european-seas,2025-05-21,16.401812,12740,11456,1284,0
european-seas,2025-05-22,16.495478,12740,11456,1284,0
european-seas,2025-05-23,16.511759,12740,11456,1284,0
european-seas,2025-05-24,16.540512,12740,11456,1284,0
european-seas,2025-05-25,16.54119,12740,11456,1284,0
european-seas,2025-05-26,16.545094,12740,11456,1284,0
european-seas,2025-05-27,16.573992,12740,11456,1284,0
european-seas,2025-05-28,16.665773,12740,11456,1284,0
european-seas,2025-05-29,16.832865,12740,11456,1284,0
european-seas,2025-05-30,16.989048,12740,11456,1284,0
european-seas,2025-05-31,17.107578,12740,11456,1284,0
european-seas,2025-06-01,17.22243,12740,11456,1284,0
european-seas,2025-06-02,17.30369,12740,11456,1284,0
european-seas,2025-06-03,17.343477,12740,11456,1284,0
european-seas,2025-06-04,17.463192,12740,11456,1284,0
european-seas,2025-06-05,17.655903,12740,11456,1284,0
european-seas,2025-06-06,17.871996,12740,11456,1284,0
european-seas,2025-06-07,18.041903,12740,11456,1284,0
european-seas,2025-06-08,18.183481,12740,11456,1284,0
european-seas,2025-06-09,18.36825,12740,11456,1284,0
european-seas,2025-06-10,18.510944,12740,11456,1284,0
european-seas,2025-06-11,18.671387,12740,11456,1284,0
european-seas,2025-06-12,18.830547,12740,11456,1284,0
european-seas,2025-06-13,18.985783,12740,11456,1284,0
european-seas,2025-06-14,19.140654,12740,11456,1284,0
european-seas,2025-06-15,19.270962,12740,11456,1284,0
european-seas,2025-06-16,19.358309,12740,11456,1284,0
european-seas,2025-06-17,19.497906,12740,11456,1284,0
european-seas,2025-06-18,19.664965,12740,11456,1284,0
european-seas,2025-06-19,19.838156,12740,11456,1284,0
european-seas,2025-06-20,19.994339,12740,11456,1284,0
european-seas,2025-06-21,20.092604,12740,11456,1284,0
european-seas,2025-06-22,20.16088,12740,11456,1284,0
european-seas,2025-06-23,20.221565,12740,11456,1284,0
european-seas,2025-06-24,20.319115,12740,11456,1284,0
european-seas,2025-06-25,20.475872,12740,11456,1284,0
european-seas,2025-06-26,20.643364,12740,11456,1284,0
european-seas,2025-06-27,20.783636,12740,11456,1284,0
european-seas,2025-06-28,20.88006,12740,11456,1284,0
european-seas,2025-06-29,20.9242,12740,11456,1284,0
european-seas,2025-06-30,21.004032,12740,11456,1284,0
european-seas,2025-07-01,21.117306,12740,11456,1284,0
european-seas,2025-07-02,21.203716,12740,11456,1284,0
european-seas,2025-07-03,21.241266,12740,11456,1284,0
european-seas,2025-07-04,21.267813,12740,11456,1284,0
european-seas,2025-07-05,21.341372,12740,11456,1284,0
european-seas,2025-07-06,21.417828,12740,11456,1284,0
european-seas,2025-07-07,21.443478,12740,11456,1284,0
european-seas,2025-07-08,21.405632,12740,11456,1284,0
european-seas,2025-07-09,21.368345,12740,11456,1284,0
european-seas,2025-07-10,21.32933,12740,11456,1284,0
european-seas,2025-07-11,21.353241,12740,11456,1284,0
european-seas,2025-07-12,21.436075,12740,11456,1284,0
european-seas,2025-07-13,21.519789,12740,11456,1284,0
european-seas,2025-07-14,21.619999,12740,11456,1284,0
european-seas,2025-07-15,21.725569,12740,11456,1284,0
european-seas,2025-07-16,21.873547,12740,11456,1284,0
european-seas,2025-07-17,22.047827,12740,11456,1284,0
european-seas,2025-07-18,22.178387,12740,11456,1284,0
european-seas,2025-07-19,22.282635,12740,11456,1284,0
european-seas,2025-07-20,22.35858,12740,11456,1284,0
european-seas,2025-07-21,22.414322,12740,11456,1284,0
european-seas,2025-07-22,22.51729,12740,11456,1284,0
european-seas,2025-07-23,22.661005,12740,11456,1284,0
european-seas,2025-07-24,22.7789,12740,11456,1284,0
european-seas,2025-07-25,22.835802,12740,11456,1284,0
european-seas,2025-07-26,22.824034,12740,11456,1284,0
european-seas,2025-07-27,22.764109,12740,11456,1284,0
european-seas,2025-07-28,22.684055,12740,11456,1284,0
european-seas,2025-07-29,22.540045,12740,11456,1284,0
european-seas,2025-07-30,22.462254,12740,11456,1284,0
european-seas,2025-07-31,22.378345,12740,11456,1284,0
european-seas,2025-08-01,22.279568,12740,11456,1284,0
european-seas,2025-08-02,22.22176,12740,11456,1284,0
european-seas,2025-08-03,22.184458,12740,11456,1284,0
european-seas,2025-08-04,22.178156,12740,11456,1284,0
european-seas,2025-08-05,22.11814,12740,11456,1284,0
european-seas,2025-08-06,22.045088,12740,11456,1284,0
european-seas,2025-08-07,22.002266,12740,11456,1284,0
european-seas,2025-08-08,21.998947,12740,11456,1284,0
european-seas,2025-08-09,22.04184,12740,11456,1284,0
european-seas,2025-08-10,22.08963,12740,11456,1284,0
european-seas,2025-08-11,22.176388,12740,11456,1284,0
european-seas,2025-08-12,22.278913,12740,11456,1284,0
european-seas,2025-08-13,22.392012,12740,11456,1284,0
european-seas,2025-08-14,22.483313,12740,11456,1284,0
european-seas,2025-08-15,22.52347,12740,11456,1284,0
european-seas,2025-08-16,22.4982,12740,11456,1284,0
european-seas,2025-08-17,22.450357,12740,11456,1284,0
european-seas,2025-08-18,22.465527,12740,11456,1284,0
european-seas,2025-08-19,22.4541,12740,11456,1284,0
european-seas,2025-08-20,22.39638,12740,11456,1284,0
european-seas,2025-08-21,22.343275,12740,11456,1284,0
european-seas,2025-08-22,22.338285,12740,11456,1284,0
european-seas,2025-08-23,22.323742,12740,11456,1284,0
european-seas,2025-08-24,22.353273,12740,11456,1284,0
european-seas,2025-08-25,22.381931,12740,11456,1284,0
european-seas,2025-08-26,22.309263,12740,11456,1284,0
european-seas,2025-08-27,22.215536,12740,11456,1284,0
european-seas,2025-08-28,22.125364,12740,11456,1284,0
european-seas,2025-08-29,22.059954,12740,11456,1284,0
european-seas,2025-08-30,21.997345,12740,11456,1284,0
european-seas,2025-08-31,21.997948,12740,11456,1284,0
european-seas,2025-09-01,22.008696,12740,11456,1284,0
european-seas,2025-09-02,21.975552,12740,11456,1284,0
european-seas,2025-09-03,21.930859,12740,11456,1284,0
european-seas,2025-09-04,21.90339,12740,11456,1284,0
european-seas,2025-09-05,21.869898,12740,11456,1284,0
european-seas,2025-09-06,21.826302,12740,11456,1284,0
european-seas,2025-09-07,21.781065,12740,11456,1284,0
european-seas,2025-09-08,21.735868,12740,11456,1284,0
european-seas,2025-09-09,21.688309,12740,11456,1284,0
european-seas,2025-09-10,21.65682,12740,11456,1284,0
european-seas,2025-09-11,21.626839,12740,11456,1284,0
european-seas,2025-09-12,21.549374,12740,11456,1284,0
european-seas,2025-09-13,21.48429,12740,11456,1284,0
european-seas,2025-09-14,21.431686,12740,11456,1284,0
european-seas,2025-09-15,21.407753,12740,11456,1284,0
european-seas,2025-09-16,21.38564,12740,11456,1284,0
european-seas,2025-09-17,21.346436,12740,11456,1284,0
european-seas,2025-09-18,21.299227,12740,11456,1284,0
european-seas,2025-09-19,21.19255,12740,11456,1284,0
european-seas,2025-09-20,21.08869,12740,11456,1284,0
european-seas,2025-09-21,20.974808,12740,11456,1284,0
european-seas,2025-09-22,20.861135,12740,11456,1284,0
european-seas,2025-09-23,20.752733,12740,11456,1284,0
european-seas,2025-09-24,20.649393,12740,11456,1284,0
european-seas,2025-09-25,20.55096,12740,11456,1284,0
european-seas,2025-09-26,20.462118,12740,11456,1284,0
european-seas,2025-09-27,20.38216,12740,11456,1284,0
european-seas,2025-09-28,20.3071,12740,11456,1284,0
european-seas,2025-09-29,20.234842,12740,11456,1284,0
european-seas,2025-09-30,20.171665,12740,11456,1284,0
european-seas,2025-10-01,20.111753,12740,11456,1284,0
european-seas,2025-10-02,20.060894,12740,11456,1284,0
european-seas,2025-10-03,19.95882,12740,11456,1284,0
european-seas,2025-10-04,19.827026,12740,11456,1284,0
european-seas,2025-10-05,19.704134,12740,11456,1284,0
european-seas,2025-10-06,19.619265,12740,11456,1284,0
european-seas,2025-10-07,19.529848,12740,11456,1284,0
european-seas,2025-10-08,19.436281,12740,11456,1284,0
european-seas,2025-10-09,19.349947,12740,11456,1284,0
european-seas,2025-10-10,19.286533,12740,11456,1284,0
european-seas,2025-10-11,19.225206,12740,11456,1284,0
european-seas,2025-10-12,19.142557,12740,11456,1284,0
european-seas,2025-10-13,19.07595,12740,11456,1284,0
european-seas,2025-10-14,19.019363,12740,11456,1284,0
european-seas,2025-10-15,18.973934,12740,11456,1284,0
european-seas,2025-10-16,18.910885,12740,11456,1284,0
european-seas,2025-10-17,18.836767,12740,11456,1284,0
european-seas,2025-10-18,18.773617,12740,11456,1284,0
european-seas,2025-10-19,18.714027,12740,11456,1284,0
european-seas,2025-10-20,18.682623,12740,11456,1284,0
european-seas,2025-10-21,18.660093,12740,11456,1284,0
european-seas,2025-10-22,18.63215,12740,11456,1284,0
european-seas,2025-10-23,18.577066,12740,11456,1284,0
european-seas,2025-10-24,18.523703,12740,11456,1284,0
european-seas,2025-10-25,18.457361,12740,11456,1284,0
european-seas,2025-10-26,18.369747,12740,11456,1284,0
european-seas,2025-10-27,18.268063,12740,11456,1284,0
european-seas,2025-10-28,18.177103,12740,11456,1284,0
european-seas,2025-10-29,18.10736,12740,11456,1284,0
european-seas,2025-10-30,18.021818,12740,11456,1284,0
european-seas,2025-10-31,17.951899,12740,11456,1284,0
european-seas,2025-11-01,17.917587,12740,11456,1284,0
european-seas,2025-11-02,17.884968,12740,11456,1284,0
european-seas,2025-11-03,17.867731,12740,11456,1284,0
european-seas,2025-11-04,17.841848,12740,11456,1284,0
european-seas,2025-11-05,17.788006,12740,11456,1284,0
european-seas,2025-11-06,17.710958,12740,11456,1284,0
european-seas,2025-11-07,17.628735,12740,11456,1284,0
european-seas,2025-11-08,17.554619,12740,11456,1284,0
european-seas,2025-11-09,17.475832,12740,11456,1284,0
european-seas,2025-11-10,17.405088,12740,11456,1284,0
european-seas,2025-11-11,17.338907,12740,11456,1284,0
european-seas,2025-11-12,17.27664,12740,11456,1284,0
european-seas,2025-11-13,17.202297,12740,11456,1284,0
european-seas,2025-11-14,17.131111,12740,11456,1284,0
european-seas,2025-11-15,17.038713,12740,11456,1284,0
european-seas,2025-11-16,16.970028,12740,11456,1284,0
european-seas,2025-11-17,16.900274,12740,11456,1284,0
european-seas,2025-11-18,16.800407,12740,11456,1284,0
european-seas,2025-11-19,16.680864,12740,11456,1284,0
european-seas,2025-11-20,16.570158,12740,11456,1284,0
european-seas,2025-11-21,16.469324,12740,11456,1284,0
european-seas,2025-11-22,16.359167,12740,11456,1284,0
european-seas,2025-11-23,16.268051,12740,11456,1284,0
european-seas,2025-11-24,16.181028,12740,11456,1284,0
european-seas,2025-11-25,16.071468,12740,11456,1284,0
european-seas,2025-11-26,15.958393,12740,11456,1284,0
european-seas,2025-11-27,15.855099,12740,11456,1284,0
european-seas,2025-11-28,15.767665,12740,11456,1284,0
european-seas,2025-11-29,15.685864,12740,11456,1284,0
european-seas,2025-11-30,15.621306,12740,11456,1284,0
european-seas,2025-12-01,15.559802,12740,11456,1284,0
european-seas,2025-12-02,15.49868,12740,11456,1284,0
european-seas,2025-12-03,15.422037,12740,11456,1284,0
european-seas,2025-12-04,15.337857,12740,11456,1284,0
european-seas,2025-12-05,15.26264,12740,11456,1284,0
european-seas,2025-12-06,15.184059,12740,11456,1284,0
european-seas,2025-12-07,15.099273,12740,11456,1284,0
european-seas,2025-12-08,15.030223,12740,11456,1284,0
european-seas,2025-12-09,14.990534,12740,11456,1284,0
european-seas,2025-12-10,14.950478,12740,11456,1284,0
european-seas,2025-12-11,14.914497,12740,11456,1284,0
european-seas,2025-12-12,14.874303,12740,11456,1284,0
european-seas,2025-12-13,14.833473,12740,11456,1284,0
european-seas,2025-12-14,14.785992,12740,11456,1284,0
european-seas,2025-12-15,14.724962,12740,11456,1284,0
european-seas,2025-12-16,14.68537,12740,11456,1284,0
european-seas,2025-12-17,14.6463785,12740,11456,1284,0
european-seas,2025-12-18,14.602152,12740,11456,1284,0
european-seas,2025-12-19,14.589713,12740,11456,1284,0
european-seas,2025-12-20,14.55877,12740,11456,1284,0
european-seas,2025-12-21,14.504584,12740,11456,1284,0
european-seas,2025-12-22,14.452,12740,11456,1284,0
european-seas,2025-12-23,14.386151,12740,11456,1284,0
european-seas,2025-12-24,14.295226,12740,11456,1284,0
european-seas,2025-12-25,14.212408,12740,11456,1284,0
european-seas,2025-12-26,14.159755,12740,11456,1284,0
european-seas,2025-12-27,14.10526,12740,11456,1284,0
european-seas,2025-12-28,14.028553,12740,11456,1284,0
european-seas,2025-12-29,13.935819,12740,11456,1284,0
european-seas,2025-12-30,13.8667965,12740,11456,1284,0
european-seas,2025-12-31,13.777159,12740,11456,1284,0
european-seas,2026-01-01,13.658158,12740,11456,1284,0
european-seas,2026-01-02,13.564796,12740,11456,1284,0
european-seas,2026-01-03,13.513099,12740,11456,1284,0
european-seas,2026-01-04,13.460039,12740,11440,1284,16
european-seas,2026-01-05,13.371897,12740,11436,1284,20
european-seas,2026-01-06,13.329887,12740,11436,1284,20
european-seas,2026-01-07,13.314167,12740,11428,1284,28
european-seas,2026-01-08,13.281266,12740,11418,1284,38
european-seas,2026-01-09,13.241595,12740,11414,1284,42
european-seas,2026-01-10,13.177274,12740,11417,1284,39
european-seas,2026-01-11,13.136538,12740,11401,1284,55
european-seas,2026-01-12,13.094127,12740,11397,1284,59
european-seas,2026-01-13,13.071808,12740,11379,1284,77
european-seas,2026-01-14,13.0286,12740,11379,1284,77
european-seas,2026-01-15,12.964586,12740,11387,1284,69
european-seas,2026-01-16,12.923317,12740,11371,1284,85
european-seas,2026-01-17,12.884075,12740,11371,1284,85
european-seas,2026-01-18,12.856394,12740,11371,1284,85
european-seas,2026-01-19,12.808267,12740,11383,1284,73
european-seas,2026-01-20,12.720785,12740,11402,1284,54
european-seas,2026-01-21,12.638456,12740,11414,1284,42
european-seas,2026-01-22,12.582344,12740,11411,1284,45
european-seas,2026-01-23,12.545153,12740,11411,1284,45
european-seas,2026-01-24,12.521784,12740,11411,1284,45
european-seas,2026-01-25,12.508034,12740,11411,1284,45
european-seas,2026-01-26,12.516162,12740,11383,1284,73
european-seas,2026-01-27,12.52602,12740,11330,1284,126
european-seas,2026-01-28,12.513152,12740,11313,1284,143
european-seas,2026-01-29,12.492341,12740,11291,1284,165
european-seas,2026-01-30,12.442872,12740,11291,1284,165
european-seas,2026-01-31,12.400502,12740,11286,1284,170
european-seas,2026-02-01,12.367959,12740,11270,1284,186
european-seas,2026-02-02,12.341669,12740,11264,1284,192
european-seas,2026-02-03,12.344362,12740,11264,1284,192
european-seas,2026-02-04,12.349355,12740,11252,1284,204
european-seas,2026-02-05,12.377651,12740,11218,1284,238
european-seas,2026-02-06,12.389418,12740,11204,1284,252
european-seas,2026-02-07,12.389066,12740,11187,1284,269
european-seas,2026-02-08,12.358396,12740,11181,1284,275
european-seas,2026-02-09,12.355754,12740,11150,1284,306
european-seas,2026-02-10,12.3457985,12740,11158,1284,298
european-seas,2026-02-11,12.3539095,12740,11152,1284,304
european-seas,2026-02-12,12.365039,12740,11136,1284,320
european-seas,2026-02-13,12.339929,12740,11136,1284,320
european-seas,2026-02-14,12.30976,12740,11136,1284,320
european-seas,2026-02-15,12.295157,12740,11136,1284,320
european-seas,2026-02-16,12.295196,12740,11135,1284,321
european-seas,2026-02-17,12.27141,12740,11123,1284,333
european-seas,2026-02-18,12.232,12740,11123,1284,333
european-seas,2026-02-19,12.212125,12740,11107,1284,349
european-seas,2026-02-20,12.183473,12740,11100,1284,356
european-seas,2026-02-21,12.203173,12740,11072,1284,384
european-seas,2026-02-22,12.239866,12740,11073,1284,383
european-seas,2026-02-23,12.239177,12740,11091,1284,365
european-seas,2026-02-24,12.227877,12740,11112,1284,344
european-seas,2026-02-25,12.228453,12740,11132,1284,324
european-seas,2026-02-26,12.2574,12740,11112,1284,344
european-seas,2026-02-27,12.212898,12740,11132,1284,324
european-seas,2026-02-28,12.202214,12740,11139,1284,317
european-seas,2026-03-01,12.19384,12740,11168,1284,288
european-seas,2026-03-02,12.216401,12740,11172,1284,284
european-seas,2026-03-03,12.182678,12740,11210,1284,246
european-seas,2026-03-04,12.184925,12740,11211,1284,245
european-seas,2026-03-05,12.195462,12740,11211,1284,245
european-seas,2026-03-06,12.2261715,12740,11215,1284,241
european-seas,2026-03-07,12.248157,12740,11214,1284,242
european-seas,2026-03-08,12.268024,12740,11206,1284,250
european-seas,2026-03-09,12.310143,12740,11206,1284,250
european-seas,2026-03-10,12.351821,12740,11194,1284,262
european-seas,2026-03-11,12.364702,12740,11194,1284,262
european-seas,2026-03-12,12.379697,12740,11194,1284,262
european-seas,2026-03-13,12.392925,12740,11194,1284,262
european-seas,2026-03-14,12.385131,12740,11204,1284,252
european-seas,2026-03-15,12.335392,12740,11223,1284,233
european-seas,2026-03-16,12.313939,12740,11238,1284,218
european-seas,2026-03-17,12.329403,12740,11254,1284,202
european-seas,2026-03-18,12.324635,12740,11278,1284,178
european-seas,2026-03-19,12.310975,12740,11278,1284,178
european-seas,2026-03-20,12.324933,12740,11286,1284,170
european-seas,2026-03-21,12.345328,12740,11298,1284,158
european-seas,2026-03-22,12.400514,12740,11302,1284,154
european-seas,2026-03-23,12.423645,12740,11314,1284,142
european-seas,2026-03-24,12.458506,12740,11318,1284,138
european-seas,2026-03-25,12.440816,12740,11338,1284,118
european-seas,2026-03-26,12.403079,12740,11338,1284,118
european-seas,2026-03-27,12.346534,12740,11338,1284,118
european-seas,2026-03-28,12.315215,12740,11344,1284,112
european-seas,2026-03-29,12.294469,12740,11354,1284,102
european-seas,2026-03-30,12.285691,12740,11380,1284,76
european-seas,2026-03-31,12.293969,12740,11404,1284,52
european-seas,2026-04-01,12.332386,12740,11406,1284,50
european-seas,2026-04-02,12.311452,12740,11406,1284,50
european-seas,2026-04-03,12.330512,12740,11412,1284,44
european-seas,2026-04-04,12.418828,12740,11412,1284,44
european-seas,2026-04-05,12.523554,12740,11412,1284,44
european-seas,2026-04-06,12.655787,12740,11410,1284,46
european-seas,2026-04-07,12.78734,12740,11410,1284,46
european-seas,2026-04-08,12.867451,12740,11410,1284,46
european-seas,2026-04-09,12.915203,12740,11410,1284,46
european-seas,2026-04-10,12.951766,12740,11416,1284,40
european-seas,2026-04-11,13.028417,12740,11416,1284,40
european-seas,2026-04-12,13.03573,12740,11416,1284,40
european-seas,2026-04-13,12.933204,12740,11416,1284,40
european-seas,2026-04-14,12.961569,12740,11412,1284,44
european-seas,2026-04-15,13.0124445,12740,11416,1284,40
european-seas,2026-04-16,13.107681,12740,11416,1284,40
european-seas,2026-04-17,13.217095,12740,11416,1284,40
european-seas,2026-04-18,13.353366,12740,11416,1284,40
european-seas,2026-04-19,13.518138,12740,11412,1284,44
european-seas,2026-04-20,13.672428,12740,11416,1284,40
european-seas,2026-04-21,13.792354,12740,11416,1284,40
european-seas,2026-04-22,13.887139,12740,11416,1284,40
european-seas,2026-04-23,13.837538,12740,11416,1284,40
european-seas,2026-04-24,13.873028,12740,11416,1284,40
european-seas,2026-04-25,13.937359,12740,11416,1284,40
european-seas,2026-04-26,14.047661,12740,11416,1284,40
european-seas,2026-04-27,14.124109,12740,11416,1284,40
european-seas,2026-04-28,14.195296,12740,11436,1284,20
european-seas,2026-04-29,14.321283,12740,11456,1284,0
european-seas,2026-04-30,14.469452,12740,11456,1284,0
european-seas,2026-05-01,14.595311,12740,11456,1284,0
european-seas,2026-05-02,14.551119,12740,11456,1284,0
european-seas,2026-05-03,14.499538,12740,11456,1284,0
european-seas,2026-05-04,14.500836,12740,11456,1284,0
european-seas,2026-05-05,14.5174465,12740,11456,1284,0
european-seas,2026-05-06,14.577583,12740,11456,1284,0
european-seas,2026-05-07,14.659991,12740,11456,1284,0
european-seas,2026-05-08,14.735903,12740,11456,1284,0
european-seas,2026-05-09,14.829035,12740,11456,1284,0
european-seas,2026-05-10,14.927492,12740,11456,1284,0
european-seas,2026-05-11,15.0019455,12740,11456,1284,0
european-seas,2026-05-12,15.044993,12740,11456,1284,0
european-seas,2026-05-13,15.0754385,12740,11456,1284,0
european-seas,2026-05-14,15.04757,12740,11456,1284,0
european-seas,2026-05-15,14.989295,12740,11456,1284,0
european-seas,2026-05-16,14.944021,12740,11456,1284,0
european-seas,2026-05-17,14.953048,12740,11456,1284,0
european-seas,2026-05-18,15.022192,12740,11456,1284,0
european-seas,2026-05-19,15.150235,12740,11456,1284,0
european-seas,2026-05-20,15.318151,12740,11456,1284,0
european-seas,2026-05-21,15.508752,12740,11456,1284,0
european-seas,2026-05-22,15.736952,12740,11456,1284,0
european-seas,2026-05-23,15.982149,12740,11456,1284,0
european-seas,2026-05-24,16.294085,12740,11456,1284,0
european-seas,2026-05-25,16.633707,12740,11456,1284,0
european-seas,2026-05-26,16.948603,12740,11456,1284,0
european-seas,2026-05-27,17.197906,12740,11456,1284,0
european-seas,2026-05-28,17.334682,12740,11456,1284,0
european-seas,2026-05-29,17.430145,12740,11456,1284,0
european-seas,2026-05-30,17.55678,12740,11456,1284,0
european-seas,2026-05-31,17.755596,12740,11456,1284,0
european-seas,2026-06-01,17.9085,12740,11456,1284,0
european-seas,2026-06-02,17.99114,12740,11456,1284,0
european-seas,2026-06-03,18.027758,12740,11456,1284,0
european-seas,2026-06-04,18.069355,12740,11456,1284,0
european-seas,2026-06-05,18.162,12740,11456,1284,0
european-seas,2026-06-06,18.236267,12740,11456,1284,0
european-seas,2026-06-07,18.373005,12740,11456,1284,0
european-seas,2026-06-08,18.554161,12740,11456,1284,0
european-seas,2026-06-09,18.743132,12740,11456,1284,0
european-seas,2026-06-10,18.821434,12740,11456,1284,0
european-seas,2026-06-11,18.830078,12740,11456,1284,0
european-seas,2026-06-12,18.832088,12740,11456,1284,0
european-seas,2026-06-13,18.84034,12740,11456,1284,0
european-seas,2026-06-14,18.880424,12740,11456,1284,0
european-seas,2026-06-15,18.962992,12740,11456,1284,0
european-seas,2026-06-16,19.111546,12740,11456,1284,0
european-seas,2026-06-17,19.255587,12740,11456,1284,0
european-seas,2026-06-18,19.413538,12740,11456,1284,0
european-seas,2026-06-19,19.614197,12740,11456,1284,0
european-seas,2026-06-20,19.891665,12740,11456,1284,0
european-seas,2026-06-21,20.14131,12740,11456,1284,0
european-seas,2026-06-22,20.362852,12740,11456,1284,0
european-seas,2026-06-23,20.636,12740,11456,1284,0
european-seas,2026-06-24,20.900528,12740,11456,1284,0
european-seas,2026-06-25,21.088884,12740,11456,1284,0
european-seas,2026-06-26,21.246742,12740,11456,1284,0
european-seas,2026-06-27,21.384771,12740,11456,1284,0
european-seas,2026-06-28,21.494883,12740,11456,1284,0
european-seas,2026-06-29,21.583967,12740,11456,1284,0
european-seas,2026-06-30,21.627584,12740,11456,1284,0
european-seas,2026-07-01,21.644417,12740,11456,1284,0
european-seas,2026-07-02,21.556107,12740,11456,1284,0
european-seas,2026-07-03,21.43883,12740,11456,1284,0
european-seas,2026-07-04,21.370207,12740,11456,1284,0
european-seas,2026-07-05,21.35285,12740,11456,1284,0
european-seas,2026-07-06,21.393616,12740,11456,1284,0
european-seas,2026-07-07,21.475334,12740,11456,1284,0
european-seas,2026-07-08,21.578463,12740,11456,1284,0
european-seas,2026-07-09,21.703327,12740,11456,1284,0
european-seas,2026-07-10,21.86152,12740,11456,1284,0
european-seas,2026-07-11,22.00379,12740,11456,1284,0
european-seas,2026-07-12,22.04392,12740,11456,1284,0
european-seas,2026-07-13,22.093185,12740,11456,1284,0
european-seas,2026-07-14,22.185963,12740,11456,1284,0
european-seas,2026-07-15,22.374863,12740,11456,1284,0
european-seas,2026-07-16,22.569326,12740,11456,1284,0
european-seas,2026-07-17,22.66294,12740,11456,1284,0
european-seas,2026-07-18,22.686678,12740,11456,1284,0
european-seas,2026-07-19,22.72614,12740,11456,1284,0
european-seas,2026-07-20,22.78791,12740,11456,1284,0
european-seas,2026-07-21,22.808,12740,11456,1284,0
european-seas,2026-07-22,22.78113,12740,11456,1284,0
european-seas,2026-07-23,22.748882,12740,11456,1284,0
european-seas,2026-07-24,22.708254,12740,11456,1284,0
european-seas,2026-07-25,22.574398,12740,11456,1284,0
european-seas,2026-07-26,22.394932,12740,11456,1284,0
european-seas,2026-07-27,22.33483,12740,11456,1284,0
european-seas,2026-07-28,22.395407,12740,11456,1284,0
european-seas,2026-07-29,22.500248,12740,11456,1284,0
european-seas,2026-07-30,22.56349,12740,11456,1284,0
european-seas,2026-07-31,22.622496,12740,11456,1284,0
european-seas,2026-08-01,22.703875,12740,11456,1284,0
european-seas,2026-08-02,22.814484,12740,11456,1284,0
european-seas,2026-08-03,22.920628,12740,11456,1284,0
european-seas,2026-08-04,22.988455,12740,11456,1284,0
european-seas,2026-08-05,23.039328,12740,11456,1284,0
european-seas,2026-08-06,23.068268,12740,11456,1284,0
european-seas,2026-08-07,23.07943,12740,11456,1284,0
european-seas,2026-08-08,23.110405,12740,11456,1284,0
european-seas,2026-08-09,23.152994,12740,11456,1284,0
european-seas,2026-08-10,23.202143,12740,11456,1284,0
european-seas,2026-08-11,23.294342,12740,11456,1284,0
european-seas,2026-08-12,23.419775,12740,11456,1284,0
european-seas,2026-08-13,23.468636,12740,11456,1284,0
european-seas,2026-08-14,23.435839,12740,11456,1284,0
european-seas,2026-08-15,23.345884,12740,11456,1284,0
european-seas,2026-08-16,23.253931,12740,11456,1284,0
european-seas,2026-08-17,23.196615,12740,11456,1284,0
european-seas,2026-08-18,23.17027,12740,11456,1284,0
european-seas,2026-08-19,23.163277,12740,11456,1284,0
european-seas,2026-08-20,23.150774,12740,11456,1284,0
european-seas,2026-08-21,23.10676,12740,11456,1284,0
european-seas,2026-08-22,23.081305,12740,11456,1284,0
european-seas,2026-08-23,23.085638,12740,11456,1284,0
european-seas,2026-08-24,23.101143,12740,11456,1284,0
european-seas,2026-08-25,23.128057,12740,11456,1284,0
european-seas,2026-08-26,23.12791,12740,11456,1284,0
european-seas,2026-08-27,23.106466,12740,11456,1284,0
european-seas,2026-08-28,23.02904,12740,11456,1284,0
european-seas,2026-08-29,22.9387,12740,11456,1284,0
european-seas,2026-08-30,22.882296,12740,11456,1284,0
european-seas,2026-08-31,22.86548,12740,11456,1284,0
